timestamp_ms,dt_s,x,y,z,roll,pitch,yaw,x_d,y_d,z_d,yaw_d,err_x_w,err_y_w,err_z_w,err_yaw,vel_est_x_w,vel_est_y_w,vel_est_z_w,vel_est_x_b,vel_est_y_b,vel_est_z_b,cmd_vx,cmd_vy,cmd_vz,cmd_yaw_rate,p_x_b,p_y_b,p_z_b,i_x_b,i_y_b,i_z_b,d_x_b,d_y_b,d_z_b,dob_x_b,dob_y_b,dob_z_b,yaw_aligned,wp_index
1776700087249.000,0.083333,0.167953,-1.513751,0.809292,0.017522,-0.014162,0.205337,0.000000,0.000000,2.000000,0.000000,-0.167953,1.513751,1.190708,-0.205337,0.000000,0.000000,0.000000,0.000000,0.000000,0.000000,0.000000,0.000000,0.680000,-0.427024,0.096919,1.018884,1.405035,0.000000,0.000000,0.052540,-0.000000,-0.000000,-0.000000,0.000000,0.000000,0.000000,0,0
1776700087353.000,0.104000,0.168696,-1.513865,0.807046,0.022489,-0.021828,0.208545,0.000000,0.000000,2.000000,0.000000,-0.168696,1.513865,1.192954,-0.208545,0.003999,-0.000614,-0.012098,0.003785,-0.001429,-0.012098,0.000000,0.000000,0.680000,-0.444793,0.099715,1.018746,1.407686,0.000000,0.000000,0.108639,-0.001908,0.000720,0.011614,0.000000,0.000000,0.000000,0,0
1776700087455.000,0.102000,0.168754,-1.515063,0.802983,0.004543,-0.019304,0.202756,0.000000,0.000000,2.000000,0.000000,-0.168754,1.515063,1.197017,-0.202756,0.002075,-0.006844,-0.027629,0.000654,-0.007122,-0.027629,0.000000,0.000000,0.680000,-0.423715,0.093940,1.020102,1.412480,0.000000,0.000000,0.156091,-0.000330,0.003589,0.026524,0.000000,0.000000,0.000000,0,0
1776700087556.000,0.101000,0.168476,-1.516554,0.798176,0.011014,-0.017721,0.204642,0.000000,0.000000,2.000000,0.000000,-0.168476,1.516554,1.201824,-0.204642,-0.000628,-0.011279,-0.038807,-0.002907,-0.010916,-0.038807,0.000000,0.000000,0.680000,-0.443605,0.096249,1.020866,1.418152,0.000000,0.000000,0.196739,0.001465,0.005502,0.037254,0.000000,0.000000,0.000000,0,0
1776700087629.000,0.073000,0.167662,-1.518674,0.793307,0.003218,-0.016078,0.203852,0.000000,0.000000,2.000000,0.000000,-0.167662,1.518674,1.206693,-0.203852,-0.006518,-0.021230,-0.054426,-0.010681,-0.019470,-0.054426,0.000000,0.000000,0.680000,-0.439805,0.096267,1.022227,1.423898,0.000000,0.000000,0.223705,0.005383,0.009813,0.052249,0.000000,0.000000,0.000000,0,0
1776700087733.000,0.104000,0.165993,-1.521596,0.789401,0.004370,-0.003583,0.204760,0.000000,0.000000,2.000000,0.000000,-0.165993,1.521596,1.210599,-0.204760,-0.011856,-0.025074,-0.044980,-0.016706,-0.022139,-0.044980,0.000000,0.000000,0.680000,-0.447617,0.098693,1.023833,1.428507,0.000000,0.000000,0.256023,0.008420,0.011158,0.043181,0.000000,0.000000,0.000000,0,0
1776700087833.000,0.100000,0.165027,-1.524355,0.785482,-0.004461,-0.010281,0.205955,0.000000,0.000000,2.000000,0.000000,-0.165027,1.524355,1.214518,-0.205955,-0.010628,-0.026483,-0.041737,-0.015819,-0.023750,-0.041737,0.000000,0.000000,0.680000,-0.452869,0.100931,1.025397,1.433131,0.000000,0.000000,0.283082,0.007973,0.011970,0.040067,0.000000,0.000000,0.000000,0,0
1776700087933.000,0.100000,0.164345,-1.526971,0.782065,-0.003953,-0.007409,0.209375,0.000000,0.000000,2.000000,0.000000,-0.164345,1.526971,1.217935,-0.209375,-0.008496,-0.026299,-0.037499,-0.013776,-0.023959,-0.037499,0.000000,0.000000,0.680000,-0.465428,0.105251,1.026669,1.437163,0.000000,0.000000,0.306548,0.006943,0.012075,0.035999,0.000000,0.000000,0.000000,0,0
1776700088032.000,0.099000,0.163522,-1.529257,0.779660,0.006867,-0.023961,0.207690,0.000000,0.000000,2.000000,0.000000,-0.163522,1.529257,1.220340,-0.207690,-0.008389,-0.024503,-0.030106,-0.013262,-0.022247,-0.030106,0.000000,0.000000,0.680000,-0.455341,0.104378,1.028235,1.440001,0.000000,0.000000,0.326729,0.006684,0.011212,0.028901,0.000000,0.000000,0.000000,0,0
1776700088133.000,0.101000,0.163192,-1.531077,0.778605,0.012311,-0.014122,0.209303,0.000000,0.000000,2.000000,0.000000,-0.163192,1.531077,1.221395,-0.209303,-0.005522,-0.020875,-0.019093,-0.009739,-0.019272,-0.019093,0.000000,0.000000,0.680000,-0.465273,0.106508,1.029215,1.441246,0.000000,0.000000,0.344408,0.004909,0.009713,0.018330,0.000000,0.000000,0.000000,0,0
1776700088232.000,0.099000,0.163387,-1.532550,0.777909,0.005038,-0.018283,0.207401,0.000000,0.000000,2.000000,0.000000,-0.163387,1.532550,1.222091,-0.207401,-0.001325,-0.017519,-0.012341,-0.004904,-0.016871,-0.012341,0.000000,0.000000,0.680000,-0.456777,0.104626,1.030412,1.442068,0.000000,0.000000,0.348000,0.002472,0.008503,0.011848,0.000000,0.000000,0.000000,0,0
1776700088333.000,0.101000,0.164020,-1.533925,0.778016,-0.001163,-0.011398,0.204654,0.000000,0.000000,2.000000,0.000000,-0.164020,1.533925,1.221984,-0.204654,0.002925,-0.015330,-0.004838,-0.000251,-0.015604,-0.004838,0.000000,0.000000,0.680000,-0.450615,0.101565,1.031686,1.441941,0.000000,0.000000,0.348000,0.000127,0.007865,0.004644,0.000000,0.000000,0.000000,0,0
1776700088432.000,0.099000,0.164962,-1.535334,0.777281,0.007557,-0.023950,0.211576,0.000000,0.000000,2.000000,0.000000,-0.164962,1.535334,1.222719,-0.211576,0.006616,-0.014716,-0.006285,0.003378,-0.015777,-0.006285,0.000000,0.000000,0.680000,-0.481198,0.108284,1.032018,1.442809,0.000000,0.000000,0.348000,-0.001702,0.007952,0.006034,0.000000,0.000000,0.000000,0,0
1776700088532.000,0.100000,0.166050,-1.536607,0.777741,-0.005100,-0.016042,0.202817,0.000000,0.000000,2.000000,0.000000,-0.166050,1.536607,1.222259,-0.202817,0.009005,-0.013605,-0.000188,0.006080,-0.015140,-0.000188,0.000000,0.000000,0.680000,-0.438440,0.098697,1.033912,1.442266,0.000000,0.000000,0.348000,-0.003065,0.007631,0.000181,0.000000,0.000000,0.000000,0,0
1776700088633.000,0.101000,0.167672,-1.537798,0.777693,-0.014865,-0.035512,0.207299,0.000000,0.000000,2.000000,0.000000,-0.167672,1.537798,1.222307,-0.207299,0.012955,-0.012586,-0.000350,0.010087,-0.014982,-0.000350,0.000000,0.000000,0.680000,-0.469218,0.102428,1.034466,1.442322,0.000000,0.000000,0.348000,-0.005084,0.007551,0.000336,0.000000,0.000000,0.000000,0,0
1776700088733.000,0.100000,0.168285,-1.538448,0.778349,0.006273,-0.017458,0.203078,0.000000,0.000000,2.000000,0.000000,-0.168285,1.538448,1.221651,-0.203078,0.009134,-0.009181,0.003522,0.007095,-0.010834,0.003522,0.000000,0.000000,0.680000,-0.446961,0.097746,1.035400,1.441548,0.000000,0.000000,0.348000,-0.003576,0.005461,-0.003381,0.000000,0.000000,0.000000,0,0
1776700088833.000,0.100000,0.169210,-1.539297,0.780290,0.010419,-0.026596,0.185677,0.000000,0.000000,2.000000,0.000000,-0.169210,1.539297,1.219710,-0.185677,0.009198,-0.008794,0.012420,0.007417,-0.010341,0.012420,0.000000,0.000000,0.680000,-0.389805,0.079210,1.037620,1.439257,0.000000,0.000000,0.348000,-0.003738,0.005212,-0.011923,0.000000,0.000000,0.000000,0,0
1776700088933.000,0.100000,0.170282,-1.540182,0.785347,-0.007045,-0.014957,0.161813,0.000000,0.000000,2.000000,0.000000,-0.170282,1.540182,1.214653,-0.161813,0.010046,-0.008826,0.033782,0.008493,-0.010330,0.033782,0.050125,0.680000,0.680000,-0.329397,0.053812,1.039918,1.433290,0.000592,0.011449,0.348000,-0.004280,0.005206,-0.032431,0.000000,0.000000,0.000000,1,0
1776700089033.000,0.100000,0.171077,-1.540913,0.793406,-0.013642,-0.022610,0.144586,0.000000,0.000000,2.000000,0.000000,-0.171077,1.540913,1.206594,-0.144586,0.008876,-0.007974,0.059993,0.007634,-0.009169,0.059993,0.032436,0.680000,0.680000,-0.303174,0.035433,1.041253,1.423781,0.000852,0.020381,0.348000,-0.003848,0.004621,-0.057593,0.000000,0.000000,0.000000,1,0
1776700089133.000,0.100000,0.172483,-1.540503,0.803244,-0.031286,-0.016764,0.127610,0.000000,0.000000,2.000000,0.000000,-0.172483,1.540503,1.196756,-0.127610,0.011779,-0.001211,0.081491,0.011529,-0.002700,0.081491,0.011816,0.680000,0.680000,-0.266936,0.016779,1.041551,1.412172,0.000848,0.027340,0.348000,-0.005811,0.001361,-0.078232,0.000000,0.000000,0.000000,1,0
1776700089233.000,0.100000,0.174577,-1.538048,0.815640,-0.048389,-0.016525,0.111116,0.000000,0.000000,2.000000,0.000000,-0.174577,1.538048,1.184360,-0.111116,0.016909,0.013210,0.105275,0.018270,0.011254,0.105275,-0.010552,0.680000,0.680000,-0.231828,-0.001982,1.040203,1.397544,0.000639,0.032745,0.348000,-0.009208,-0.005672,-0.101064,0.000000,0.000000,0.000000,1,0
1776700089332.000,0.099000,0.176645,-1.531709,0.829045,-0.062871,-0.012497,0.102149,0.000000,0.000000,2.000000,0.000000,-0.176645,1.531709,1.170955,-0.102149,0.019136,0.041671,0.122145,0.023286,0.039503,0.122145,-0.024507,0.680000,0.680000,-0.223361,-0.013126,1.036048,1.381727,0.000355,0.036886,0.348000,-0.011736,-0.019909,-0.117259,0.000000,0.000000,0.000000,1,0
1776700089433.000,0.101000,0.179712,-1.521238,0.843417,-0.054688,-0.018675,0.095673,0.000000,0.000000,2.000000,0.000000,-0.179712,1.521238,1.156583,-0.095673,0.025424,0.076391,0.133430,0.032605,0.073613,0.133430,-0.038966,0.680000,0.680000,-0.212431,-0.022559,1.029134,1.364768,0.000026,0.040071,0.348000,-0.016433,-0.037101,-0.128093,0.000000,0.000000,0.000000,1,0
1776700089535.000,0.102000,0.183161,-1.506072,0.858744,-0.049655,-0.017978,0.087700,0.000000,0.000000,2.000000,0.000000,-0.183161,1.506072,1.141256,-0.087700,0.030121,0.116878,0.142856,0.040243,0.113790,0.142856,-0.054607,0.680000,0.680000,-0.192001,-0.033965,1.018971,1.346683,-0.000360,0.042437,0.348000,-0.020282,-0.057350,-0.137142,0.000000,0.000000,0.000000,1,0
1776700089639.000,0.104000,0.186973,-1.485928,0.873769,-0.049124,-0.024530,0.079232,0.000000,0.000000,2.000000,0.000000,-0.186973,1.485928,1.126231,-0.079232,0.033783,0.159897,0.143765,0.046333,0.156721,0.143765,-0.070371,0.680000,0.680000,-0.172290,-0.046218,1.005356,1.328952,-0.000801,0.044118,0.348000,-0.023352,-0.078987,-0.138014,0.000000,0.000000,0.000000,1,0
1776700089737.000,0.098000,0.190458,-1.462335,0.888602,-0.038210,-0.028485,0.075568,0.000000,0.000000,2.000000,0.000000,-0.190458,1.462335,1.111398,-0.075568,0.034778,0.205170,0.148012,0.050168,0.201959,0.148012,-0.079925,0.680000,0.680000,-0.170304,-0.053434,0.989547,1.311450,-0.001207,0.045262,0.348000,-0.025285,-0.101787,-0.142091,0.000000,0.000000,0.000000,1,0
1776700089833.000,0.096000,0.193512,-1.436491,0.902743,-0.041488,-0.024895,0.070367,0.000000,0.000000,2.000000,0.000000,-0.193512,1.436491,1.097257,-0.070367,0.033116,0.241034,0.147620,0.049981,0.238109,0.147620,-0.088647,0.680000,0.680000,-0.155567,-0.061847,0.972076,1.294763,-0.001609,0.045982,0.348000,-0.025191,-0.120007,-0.141715,0.000000,0.000000,0.000000,1,0
1776700089936.000,0.103000,0.196704,-1.404793,0.918660,-0.042770,-0.025910,0.067584,0.000000,0.000000,2.000000,0.000000,-0.196704,1.404793,1.081340,-0.067584,0.031929,0.278389,0.151487,0.050656,0.275597,0.151487,-0.095673,0.680000,0.680000,-0.152863,-0.068132,0.950793,1.275982,-0.002011,0.046245,0.348000,-0.025531,-0.138901,-0.145428,0.000000,0.000000,0.000000,1,0
1776700090036.000,0.100000,0.198996,-1.371553,0.934589,-0.035830,-0.028715,0.069253,0.000000,0.000000,2.000000,0.000000,-0.198996,1.371553,1.065411,-0.069253,0.026882,0.308636,0.155858,0.048175,0.306036,0.155858,-0.096239,0.680000,0.680000,-0.162284,-0.069626,0.928728,1.257185,-0.002333,0.046241,0.348000,-0.024280,-0.154242,-0.149624,0.000000,0.000000,0.000000,1,0
1776700090136.000,0.100000,0.201022,-1.335303,0.951941,-0.025413,-0.035553,0.066529,0.000000,0.000000,2.000000,0.000000,-0.201022,1.335303,1.048059,-0.066529,0.023171,0.338799,0.165747,0.045643,0.336509,0.165747,-0.100781,0.680000,0.680000,-0.148759,-0.075134,0.904319,1.236710,-0.002644,0.045969,0.348000,-0.023004,-0.169600,-0.159117,0.000000,0.000000,0.000000,1,0
1776700090237.000,0.101000,0.202523,-1.296965,0.970203,-0.029505,-0.037592,0.062846,0.000000,0.000000,2.000000,0.000000,-0.202523,1.296965,1.029797,-0.062846,0.018520,0.361642,0.174185,0.041196,0.359765,0.174185,-0.104805,0.680000,0.680000,-0.138849,-0.081089,0.878387,1.215161,-0.002953,0.045454,0.348000,-0.020763,-0.181322,-0.167218,0.000000,0.000000,0.000000,1,0
1776700090337.000,0.100000,0.203144,-1.256782,0.989046,-0.026833,-0.033160,0.058911,0.000000,0.000000,2.000000,0.000000,-0.203144,1.256782,1.010954,-0.058911,0.011629,0.384146,0.182165,0.034226,0.382795,0.182165,-0.107054,0.680000,0.680000,-0.129475,-0.086551,0.851130,1.192925,-0.003253,0.044771,0.348000,-0.017250,-0.192929,-0.174879,0.000000,0.000000,0.000000,1,0
1776700090437.000,0.100000,0.202812,-1.214967,1.009136,-0.024479,-0.035000,0.056824,0.000000,0.000000,2.000000,0.000000,-0.202812,1.214967,0.990864,-0.056824,0.003254,0.403186,0.192653,0.026147,0.402351,0.192653,-0.106399,0.664023,0.680000,-0.127388,-0.089700,0.822881,1.169220,-0.003521,0.043927,0.348000,-0.013178,-0.202785,-0.184947,0.000000,0.000000,0.000000,1,0
1776700090536.000,0.099000,0.201493,-1.172116,1.029989,-0.023956,-0.030387,0.057411,0.000000,0.000000,2.000000,0.000000,-0.201493,1.172116,0.970011,-0.057411,-0.006027,0.419793,0.202725,0.018070,0.419447,0.202725,-0.102824,0.625706,0.680000,-0.132279,-0.089985,0.794134,1.144613,-0.003732,0.042974,0.348000,-0.009107,-0.211401,-0.194616,0.000000,0.000000,0.000000,1,0
1776700090637.000,0.101000,0.199595,-1.128312,1.050693,-0.021720,-0.029356,0.052630,0.000000,0.000000,2.000000,0.000000,-0.199595,1.128312,0.949307,-0.052630,-0.013178,0.427585,0.203991,0.009333,0.427686,0.203991,-0.102702,0.590539,0.680000,-0.113286,-0.094055,0.764232,1.120183,-0.003943,0.041861,0.348000,-0.004704,-0.215554,-0.195831,0.000000,0.000000,0.000000,1,0
1776700090737.000,0.100000,0.197138,-1.083933,1.070853,-0.022242,-0.027145,0.050895,0.000000,0.000000,2.000000,0.000000,-0.197138,1.083933,0.929147,-0.050895,-0.019554,0.436657,0.202652,0.002686,0.437087,0.202652,-0.100723,0.554593,0.680000,-0.113924,-0.095250,0.734199,1.096394,-0.004119,0.040685,0.347510,-0.001353,-0.220292,-0.194546,0.000000,0.000000,0.000000,1,0
1776700090837.000,0.100000,0.194178,-1.038800,1.089831,-0.029269,-0.024951,0.048291,0.000000,0.000000,2.000000,0.000000,-0.194178,1.038800,0.910169,-0.048291,-0.025183,0.444875,0.195448,-0.003678,0.445572,0.195448,-0.099056,0.518422,0.680000,-0.106618,-0.096638,0.703559,1.073999,-0.004272,0.039432,0.346108,0.001854,-0.224568,-0.187630,0.000000,0.000000,0.000000,1,0
1776700090937.000,0.100000,0.191789,-1.005829,1.102722,-0.021252,-0.023721,0.045856,0.000000,0.000000,2.000000,0.000000,-0.191789,1.005829,0.897278,-0.045856,-0.024458,0.380384,0.158182,-0.006995,0.381105,0.158182,-0.098641,0.527246,0.680000,-0.101334,-0.097763,0.681114,1.058789,-0.004403,0.038208,0.344235,0.003526,-0.192077,-0.151855,0.000000,0.000000,0.000000,1,0
1776700091041.000,0.104000,0.187911,-0.957475,1.120510,-0.018752,-0.023286,0.043891,0.000000,0.000000,2.000000,0.000000,-0.187911,0.957475,0.879490,-0.043891,-0.031642,0.427734,0.165385,-0.012844,0.428711,0.165385,-0.095955,0.469085,0.680000,-0.097630,-0.097923,0.648344,1.037798,-0.004505,0.036810,0.341467,0.006473,-0.216070,-0.158770,0.000000,0.000000,0.000000,1,0
1776700091140.000,0.099000,0.183793,-0.908530,1.136719,-0.021355,-0.028329,0.039403,0.000000,0.000000,2.000000,0.000000,-0.183793,0.908530,0.863281,-0.039403,-0.037216,0.465067,0.164454,-0.018867,0.466172,0.164454,-0.094457,0.415431,0.680000,-0.083625,-0.099362,0.614923,1.018672,-0.004603,0.035459,0.338547,0.009509,-0.234951,-0.157876,0.000000,0.000000,0.000000,1,0
1776700091246.000,0.106000,0.179254,-0.860967,1.152275,-0.028356,-0.021703,0.035325,0.000000,0.000000,2.000000,0.000000,-0.179254,0.860967,0.847725,-0.035325,-0.040355,0.455903,0.154542,-0.024228,0.457043,0.154542,-0.092420,0.386014,0.680000,-0.075706,-0.099950,0.582463,1.000316,-0.004681,0.033901,0.334769,0.012211,-0.230350,-0.148360,0.000000,0.000000,0.000000,1,0
1776700091346.000,0.100000,0.174319,-0.810880,1.168075,-0.028305,-0.018402,0.033532,0.000000,0.000000,2.000000,0.000000,-0.174319,0.810880,0.831925,-0.033532,-0.045391,0.481087,0.156483,-0.029236,0.482339,0.156483,-0.088806,0.337875,0.680000,-0.074758,-0.098808,0.548532,0.981671,-0.004733,0.032441,0.331101,0.014735,-0.243099,-0.150224,0.000000,0.000000,0.000000,1,0
1776700091448.000,0.102000,0.169558,-0.762102,1.182494,-0.026844,-0.021544,0.030339,0.000000,0.000000,2.000000,0.000000,-0.169558,0.762102,0.817506,-0.030339,-0.046115,0.479480,0.148015,-0.031549,0.480658,0.148015,-0.087221,0.303999,0.680000,-0.065492,-0.098355,0.515353,0.964657,-0.004767,0.030898,0.327061,0.015901,-0.242252,-0.142094,0.000000,0.000000,0.000000,1,0
1776700091554.000,0.106000,0.164585,-0.710873,1.197840,-0.024246,-0.017433,0.028548,0.000000,0.000000,2.000000,0.000000,-0.164585,0.710873,0.802160,-0.028548,-0.046563,0.481610,0.146198,-0.032797,0.482743,0.146198,-0.085162,0.266598,0.680000,-0.063566,-0.096920,0.480669,0.946549,-0.004771,0.029231,0.322499,0.016530,-0.243303,-0.140350,0.000000,0.000000,0.000000,1,0
1776700091652.000,0.098000,0.159255,-0.661120,1.212354,-0.027424,-0.023788,0.027155,0.000000,0.000000,2.000000,0.000000,-0.159255,0.661120,0.787646,-0.027155,-0.050943,0.496215,0.147265,-0.037451,0.497415,0.147265,-0.080806,0.224044,0.680000,-0.060681,-0.094917,0.447014,0.929422,-0.004764,0.027727,0.318394,0.018875,-0.250697,-0.141374,0.000000,0.000000,0.000000,1,0
1776700091755.000,0.103000,0.153264,-0.608977,1.227349,-0.025831,-0.020051,0.026288,0.000000,0.000000,2.000000,0.000000,-0.153264,0.608977,0.772651,-0.026288,-0.054986,0.501827,0.146324,-0.041776,0.503099,0.146324,-0.075866,0.184304,0.680000,-0.059401,-0.092201,0.411799,0.911728,-0.004720,0.026067,0.313728,0.021055,-0.253562,-0.140472,0.000000,0.000000,0.000000,1,0
1776700091863.000,0.108000,0.146741,-0.556842,1.242934,-0.011969,-0.024204,0.028343,0.000000,0.000000,2.000000,0.000000,-0.146741,0.556842,0.757066,-0.028343,-0.058021,0.491133,0.145193,-0.044079,0.492580,0.145193,-0.070378,0.152873,0.680000,-0.067706,-0.087966,0.376842,0.893338,-0.004629,0.024291,0.308528,0.022216,-0.248260,-0.139385,0.000000,0.000000,0.000000,1,0
1776700091960.000,0.097000,0.140406,-0.507395,1.257907,-0.005404,-0.014059,0.025814,0.000000,0.000000,2.000000,0.000000,-0.140406,0.507395,0.742093,-0.025814,-0.062101,0.501569,0.150324,-0.049134,0.503005,0.150324,-0.065309,0.112531,0.680000,-0.055017,-0.085520,0.343291,0.875670,-0.004552,0.022754,0.304092,0.024764,-0.253514,-0.144311,0.000000,0.000000,0.000000,1,0
1776700092063.000,0.103000,0.134228,-0.457677,1.273845,0.007801,-0.010023,0.027928,0.000000,0.000000,2.000000,0.000000,-0.134228,0.457677,0.726155,-0.027928,-0.060910,0.491002,0.152799,-0.047175,0.492511,0.152799,-0.062238,0.082809,0.680000,-0.066621,-0.081578,0.309958,0.856863,-0.004437,0.021077,0.299011,0.023776,-0.248226,-0.146687,0.000000,0.000000,0.000000,1,0
1776700092164.000,0.101000,0.127814,-0.403337,1.292507,0.010695,-0.012600,0.028271,0.000000,0.000000,2.000000,0.000000,-0.127814,0.403337,0.707493,-0.028271,-0.062364,0.517329,0.170704,-0.047715,0.518885,0.170704,-0.058461,0.031251,0.680000,-0.064453,-0.078195,0.273362,0.834841,-0.004314,0.019406,0.293822,0.024048,-0.261518,-0.163876,0.000000,0.000000,0.000000,1,0
1776700092268.000,0.104000,0.123905,-0.367288,1.305631,0.015487,-0.010765,0.025902,0.000000,0.000000,2.000000,0.000000,-0.123905,0.367288,0.694369,-0.025902,-0.048488,0.421736,0.145778,-0.037549,0.422851,0.145778,-0.062117,0.053559,0.680000,-0.055209,-0.076844,0.248891,0.819355,-0.004198,0.017785,0.288452,0.018925,-0.213117,-0.139947,0.000000,0.000000,0.000000,1,0
1776700092341.000,0.073000,0.120136,-0.327425,1.321671,0.017355,-0.010696,0.023314,0.000000,0.000000,2.000000,0.000000,-0.120136,0.327425,0.678329,-0.023314,-0.050254,0.491364,0.187184,-0.038786,0.492402,0.187184,-0.060179,-0.009593,0.680000,-0.047709,-0.075580,0.221852,0.800429,-0.004147,0.016726,0.285164,0.019548,-0.248171,-0.179697,0.000000,0.000000,0.000000,1,0
1776700092441.000,0.100000,0.116953,-0.290527,1.337681,0.029220,-0.011874,0.026761,0.000000,0.000000,2.000000,0.000000,-0.116953,0.290527,0.662319,-0.026761,-0.039934,0.422830,0.172017,-0.028606,0.423747,0.172017,-0.062960,-0.001103,0.680000,-0.065873,-0.073340,0.197267,0.781537,-0.004037,0.015198,0.279647,0.014417,-0.213568,-0.165137,0.000000,0.000000,0.000000,1,0
1776700092541.000,0.100000,0.114384,-0.256788,1.353879,0.028412,-0.012614,0.025490,0.000000,0.000000,2.000000,0.000000,-0.114384,0.256788,0.646121,-0.025490,-0.031956,0.374981,0.166397,-0.022389,0.375673,0.166397,-0.065101,-0.001118,0.680000,-0.055599,-0.072443,0.174465,0.762423,-0.003942,0.013757,0.274062,0.011284,-0.189339,-0.159741,0.000000,0.000000,0.000000,1,0
1776700092641.000,0.100000,0.112620,-0.226593,1.370481,0.025829,-0.008255,0.025334,0.000000,0.000000,2.000000,0.000000,-0.112620,0.226593,0.629519,-0.025334,-0.023939,0.334088,0.166186,-0.015469,0.334587,0.166186,-0.067863,-0.002083,0.680000,-0.056959,-0.071799,0.154138,0.742833,-0.003860,0.012411,0.268397,0.007796,-0.168632,-0.159539,0.000000,0.000000,0.000000,1,0
1776700092741.000,0.100000,0.111493,-0.199576,1.387370,0.022187,-0.009496,0.025246,0.000000,0.000000,2.000000,0.000000,-0.111493,0.199576,0.612630,-0.025246,-0.016844,0.298293,0.167700,-0.009309,0.298623,0.167700,-0.070616,-0.003380,0.680000,-0.056798,-0.071514,0.135964,0.722904,-0.003794,0.011163,0.262649,0.004692,-0.150506,-0.160992,0.000000,0.000000,0.000000,1,0
1776700092850.000,0.109000,0.110833,-0.177217,1.403325,0.029485,-0.015640,0.026332,0.000000,0.000000,2.000000,0.000000,-0.110833,0.177217,0.596675,-0.026332,-0.010802,0.246121,0.155758,-0.004318,0.246320,0.155758,-0.072868,0.006784,0.680000,-0.060713,-0.071319,0.121009,0.704077,-0.003726,0.009920,0.256169,0.002176,-0.124145,-0.149528,0.000000,0.000000,0.000000,1,0
1776700092941.000,0.091000,0.110377,-0.153766,1.422372,0.024263,-0.016482,0.026027,0.000000,0.000000,2.000000,0.000000,-0.110377,0.153766,0.577628,-0.026027,-0.007561,0.252604,0.185746,-0.000984,0.252715,0.185746,-0.074663,-0.013163,0.680000,-0.057935,-0.071459,0.105226,0.681601,-0.003700,0.008980,0.250998,0.000496,-0.127368,-0.178316,0.000000,0.000000,0.000000,1,0
1776700093041.000,0.100000,0.110147,-0.134615,1.439967,0.020023,-0.017039,0.025563,0.000000,0.000000,2.000000,0.000000,-0.110147,0.134615,0.560033,-0.025563,-0.004615,0.218391,0.180263,0.000968,0.218437,0.180263,-0.075841,-0.009759,0.680000,-0.056725,-0.071682,0.092324,0.660839,-0.003671,0.008010,0.244958,-0.000488,-0.110092,-0.173052,0.000000,0.000000,0.000000,1,0
1776700093141.000,0.100000,0.109531,-0.117497,1.457825,0.022222,-0.020803,0.025091,0.000000,0.000000,2.000000,0.000000,-0.109531,0.117497,0.542175,-0.025091,-0.005477,0.191956,0.179319,-0.000660,0.192033,0.179319,-0.074916,-0.008877,0.680000,-0.055693,-0.071601,0.080780,0.639767,-0.003647,0.007127,0.238836,0.000332,-0.096784,-0.172146,0.000000,0.000000,0.000000,1,0
1776700093241.000,0.100000,0.108552,-0.102310,1.476110,0.015145,-0.019524,0.025104,0.000000,0.000000,2.000000,0.000000,-0.108552,0.102310,0.523890,-0.025104,-0.007893,0.169507,0.181298,-0.003636,0.169652,0.181298,-0.072990,-0.008615,0.676767,-0.056450,-0.071198,0.070562,0.618190,-0.003624,0.006328,0.232623,0.001833,-0.085505,-0.174046,0.000000,0.000000,0.000000,1,0
1776700093341.000,0.100000,0.107431,-0.088732,1.494097,0.018391,-0.022597,0.025257,0.000000,0.000000,2.000000,0.000000,-0.107431,0.088732,0.505903,-0.025257,-0.009751,0.150619,0.180499,-0.005945,0.150818,0.180499,-0.071269,-0.008976,0.650033,-0.056953,-0.070665,0.061432,0.596965,-0.003601,0.005604,0.226347,0.002996,-0.076012,-0.173279,0.000000,0.000000,0.000000,1,0
1776700093442.000,0.101000,0.105707,-0.076800,1.511837,0.012932,-0.023137,0.026380,0.000000,0.000000,2.000000,0.000000,-0.105707,0.076800,0.488163,-0.026380,-0.013850,0.132428,0.177776,-0.010352,0.132748,0.177776,-0.068001,-0.008492,0.625319,-0.060804,-0.069649,0.053466,0.576033,-0.003570,0.004947,0.219950,0.005218,-0.066905,-0.170665,0.000000,0.000000,0.000000,1,0
1776700093541.000,0.099000,0.103614,-0.066154,1.529689,0.013045,-0.020308,0.023158,0.000000,0.000000,2.000000,0.000000,-0.103614,0.066154,0.470311,-0.023158,-0.017931,0.118493,0.179205,-0.015183,0.118876,0.179205,-0.064465,-0.009493,0.596609,-0.047114,-0.068581,0.046056,0.554967,-0.003536,0.004366,0.213678,0.007652,-0.059914,-0.172037,0.000000,0.000000,0.000000,1,0
1776700093641.000,0.100000,0.101210,-0.056703,1.547291,0.015365,-0.020921,0.027136,1.000000,1.000000,3.000000,-1.500000,0.898790,1.056703,1.452709,-1.527136,-1.687890,-1.627863,-1.601150,-1.731437,-1.581467,-1.601150,0.000000,0.000000,0.680000,-1.745330,0.623032,0.693455,1.714197,-0.002754,0.003400,0.258936,0.872644,0.797059,1.537104,0.000000,0.000000,0.000000,0,0
1776700093744.000,0.103000,0.098591,-0.047792,1.565382,0.007936,-0.013209,0.012940,1.000000,1.000000,3.000000,-1.500000,0.901409,1.047792,1.434618,-1.512940,-0.756911,-0.667816,-0.606143,-0.765489,-0.657965,-0.606143,0.000000,0.000000,0.680000,-1.745330,0.614807,0.696219,1.692849,-0.002129,0.002628,0.297835,0.385806,0.331615,0.581897,0.000000,0.000000,0.000000,0,0
1776700093846.000,0.102000,0.096291,-0.039846,1.582836,0.006568,-0.014704,-0.019055,1.000000,1.000000,3.000000,-1.500000,0.903709,1.039846,1.417164,-1.480945,-0.345666,-0.250213,-0.170881,-0.340836,-0.256753,-0.170881,0.000000,0.000000,0.680000,-1.745330,0.593867,0.710221,1.672254,-0.001650,0.002037,0.330007,0.171781,0.129404,0.164046,0.000000,0.000000,0.000000,0,0
1776700093945.000,0.099000,0.094148,-0.032630,1.599889,0.007232,-0.016868,-0.046113,1.000000,1.000000,3.000000,-1.500000,0.905852,1.032630,1.400111,-1.453887,-0.164219,-0.069273,0.021273,-0.160851,-0.076769,0.021273,0.000000,0.000000,0.680000,-1.745330,0.576098,0.721250,1.652131,-0.001288,0.001590,0.348000,0.081069,0.038692,-0.020422,0.000000,0.000000,0.000000,0,0
1776700094042.000,0.097000,0.092124,-0.026203,1.616266,0.001321,-0.020013,-0.075043,1.000000,1.000000,3.000000,-1.500000,0.907876,1.026203,1.383734,-1.424957,-0.083937,0.006620,0.103907,-0.084198,0.000308,0.103907,0.000000,0.000000,0.680000,-1.745330,0.556674,0.733408,1.632807,-0.001011,0.001248,0.348000,0.042436,-0.000155,-0.099751,0.000000,0.000000,0.000000,0,0
1776700094145.000,0.103000,0.090340,-0.019557,1.634489,-0.001573,-0.010607,-0.107904,1.000000,1.000000,3.000000,-1.500000,0.909660,1.019557,1.365511,-1.392096,-0.046634,0.039050,0.144797,-0.050568,0.033801,0.144797,0.000000,0.000000,0.680000,-1.745330,0.533950,0.746990,1.611303,-0.000781,0.000964,0.348000,0.025486,-0.017036,-0.139005,0.000000,0.000000,0.000000,0,0
1776700094246.000,0.101000,0.089127,-0.013404,1.652203,-0.000582,-0.007531,-0.135052,1.000000,1.000000,3.000000,-1.500000,0.910873,1.013404,1.347797,-1.364948,-0.027244,0.051295,0.161928,-0.033903,0.047159,0.161928,0.000000,0.000000,0.680000,-1.745330,0.514841,0.757222,1.590400,-0.000607,0.000749,0.348000,0.017087,-0.023768,-0.155451,0.000000,0.000000,0.000000,0,0
1776700094345.000,0.099000,0.089052,-0.007488,1.669856,0.000273,0.000556,-0.165425,1.000000,1.000000,3.000000,-1.500000,0.910948,1.007488,1.330144,-1.334575,-0.012412,0.056033,0.171101,-0.021470,0.053224,0.171101,0.000000,0.000000,0.680000,-1.745330,0.492312,0.768595,1.569571,-0.000474,0.000585,0.348000,0.010821,-0.026825,-0.164257,0.000000,0.000000,0.000000,0,0
1776700094446.000,0.101000,0.089880,-0.001843,1.687545,-0.001192,-0.002527,-0.196632,1.000000,1.000000,3.000000,-1.500000,0.910120,1.001843,1.312455,-1.303368,-0.000873,0.055958,0.173364,-0.011789,0.054710,0.173364,0.000000,0.000000,0.680000,-1.745330,0.468286,0.779752,1.548697,-0.000368,0.000454,0.348000,0.005941,-0.027574,-0.166429,0.000000,0.000000,0.000000,0,0
1776700094545.000,0.099000,0.091927,0.003479,1.705499,-0.006420,-0.002775,-0.225545,1.000000,1.000000,3.000000,-1.500000,0.908073,0.996521,1.294501,-1.274455,0.011197,0.054722,0.177838,-0.001324,0.055840,0.177838,0.000000,0.000000,0.680000,-1.745330,0.445008,0.789170,1.527511,-0.000287,0.000355,0.348000,0.000667,-0.028143,-0.170725,0.000000,0.000000,0.000000,0,0
1776700094645.000,0.100000,0.094560,0.008578,1.723232,-0.003274,-0.012332,-0.251796,1.000000,1.000000,3.000000,-1.500000,0.905440,0.991422,1.276768,-1.248204,0.019671,0.052635,0.177554,0.005937,0.055876,0.177554,0.000000,0.000000,0.680000,-1.745330,0.423281,0.796820,1.506586,-0.000224,0.000276,0.348000,-0.002992,-0.028161,-0.170451,0.000000,0.000000,0.000000,0,0
1776700094744.000,0.099000,0.097747,0.013381,1.740851,-0.005876,-0.012089,-0.284605,1.000000,1.000000,3.000000,-1.500000,0.902253,0.986619,1.259149,-1.215395,0.026685,0.050328,0.177787,0.011480,0.055796,0.177787,0.000000,0.000000,0.680000,-1.745330,0.395766,0.806576,1.485796,-0.000175,0.000216,0.348000,-0.005786,-0.028121,-0.170675,0.000000,0.000000,0.000000,0,0
1776700094845.000,0.101000,0.101074,0.018301,1.758039,-0.006375,-0.018393,-0.311238,1.000000,1.000000,3.000000,-1.500000,0.898926,0.981699,1.241961,-1.188762,0.030189,0.049420,0.173527,0.013604,0.056291,0.173527,0.000000,0.000000,0.680000,-1.745330,0.373030,0.812998,1.465514,-0.000136,0.000168,0.348000,-0.006856,-0.028371,-0.166586,0.000000,0.000000,0.000000,0,0
1776700094945.000,0.100000,0.104086,0.022948,1.775126,-0.009092,-0.014259,-0.342625,1.000000,1.000000,3.000000,-1.500000,0.895914,0.977052,1.224874,-1.157375,0.030147,0.047767,0.172040,0.012347,0.055119,0.172040,0.000000,0.000000,0.680000,-1.745330,0.346476,0.820683,1.445351,-0.000106,0.000131,0.348000,-0.006223,-0.027780,-0.165158,0.000000,0.000000,0.000000,0,0
1776700095045.000,0.100000,0.106977,0.027490,1.791782,-0.007015,-0.012490,-0.372783,1.000000,1.000000,3.000000,-1.500000,0.893023,0.972510,1.208218,-1.127217,0.029458,0.046458,0.168972,0.010514,0.053996,0.168972,0.000000,0.000000,0.680000,-1.745330,0.320874,0.827206,1.425697,-0.000082,0.000102,0.348000,-0.005299,-0.027214,-0.162213,0.000000,0.000000,0.000000,0,0
1776700095146.000,0.101000,0.110053,0.031520,1.808239,-0.005682,-0.010286,-0.401125,1.000000,1.000000,3.000000,-1.500000,0.889947,0.968480,1.191761,-1.098875,0.030016,0.042785,0.165590,0.010928,0.051108,0.165590,0.000000,0.000000,0.680000,-1.745330,0.296458,0.832667,1.406279,-0.000064,0.000079,0.348000,-0.005508,-0.025759,-0.158966,0.000000,0.000000,0.000000,0,0
1776700095245.000,0.099000,0.113381,0.035246,1.824737,-0.003514,-0.010540,-0.433126,1.000000,1.000000,3.000000,-1.500000,0.886619,0.964754,1.175263,-1.066874,0.032032,0.039901,0.166186,0.012327,0.049661,0.166186,0.000000,0.000000,0.680000,-1.745330,0.268685,0.838515,1.386810,-0.000050,0.000062,0.348000,-0.006213,-0.025029,-0.159538,0.000000,0.000000,0.000000,0,0
1776700095345.000,0.100000,0.116712,0.038507,1.840985,-0.010131,-0.010001,-0.462339,1.000000,1.000000,3.000000,-1.500000,0.883288,0.961493,1.159015,-1.037661,0.032745,0.035818,0.164108,0.013331,0.046663,0.164108,0.000000,0.000000,0.680000,-1.745330,0.243054,0.843045,1.367638,-0.000039,0.000048,0.348000,-0.006719,-0.023518,-0.157543,0.000000,0.000000,0.000000,0,0
1776700095449.000,0.104000,0.120397,0.041393,1.858087,-0.011450,-0.009653,-0.492944,1.000000,1.000000,3.000000,-1.500000,0.879603,0.958607,1.141913,-1.007056,0.034250,0.031302,0.164299,0.015360,0.043783,0.164299,0.000000,0.000000,0.680000,-1.745330,0.215878,0.847207,1.347457,-0.000030,0.000037,0.348000,-0.007741,-0.022067,-0.157727,0.000000,0.000000,0.000000,0,0
1776700095545.000,0.096000,0.122833,0.042966,1.869325,-0.010427,-0.011396,-0.512968,1.000000,1.000000,3.000000,-1.500000,0.877167,0.957034,1.130675,-0.987032,0.029282,0.022947,0.137846,0.014252,0.034365,0.137846,0.000000,0.000000,0.680000,-1.745330,0.197964,0.849636,1.334196,-0.000024,0.000029,0.348000,-0.007183,-0.017320,-0.132332,0.000000,0.000000,0.000000,0,0
1776700095759.000,0.214000,0.127203,0.045669,1.891483,-0.012188,-0.013065,-0.554244,1.000000,1.000000,3.000000,-1.500000,0.872797,0.954331,1.108517,-0.945756,0.024320,0.017169,0.118636,0.011643,0.027398,0.118636,0.000000,0.000000,0.680000,-1.745330,0.161194,0.853991,1.308050,-0.000014,0.000017,0.348000,-0.005868,-0.013809,-0.113890,0.000000,0.000000,0.000000,0,0
1776700095765.000,0.006000,0.130589,0.047413,1.909625,-0.016648,-0.010724,-0.588905,1.000000,1.000000,3.000000,-1.500000,0.869411,0.952587,1.090375,-0.911095,0.326680,0.170371,1.732200,0.177018,0.323127,1.732200,0.000000,0.000000,-0.028269,-0.887240,0.130263,0.856826,1.286642,-0.000014,0.000017,0.348000,-0.089217,-0.162856,-1.662912,0.000000,0.000000,0.000000,0,0
1776700095865.000,0.100000,0.133423,0.048743,1.925775,-0.015558,-0.009256,-0.618127,1.000000,1.000000,3.000000,-1.500000,0.866577,0.951257,1.074225,-0.881873,0.159608,0.082410,0.852606,0.082317,0.159656,0.852606,0.000000,0.000000,0.680000,-1.745330,0.104139,0.858434,1.267586,-0.000011,0.000013,0.348000,-0.041488,-0.080467,-0.818502,0.000000,0.000000,0.000000,0,0
1776700095993.000,0.128000,0.133813,0.048825,1.927524,-0.012529,-0.006927,-0.620352,1.000000,1.000000,3.000000,-1.500000,0.866187,0.951175,1.072476,-0.879648,0.071938,0.036620,0.382801,0.037246,0.071616,0.382801,0.000000,0.000000,0.680000,-1.745330,0.102046,0.858466,1.265521,-0.000008,0.000010,0.348000,-0.018772,-0.036094,-0.367489,0.000000,0.000000,0.000000,0,0
1776700096065.000,0.072000,0.139321,0.050231,1.951483,-0.014230,-0.005573,-0.677140,1.000000,1.000000,3.000000,-1.500000,0.860679,0.949769,1.048517,-0.822860,0.074488,0.027045,0.354780,0.041109,0.067750,0.354780,0.000000,0.000000,0.680000,-1.537617,0.050865,0.859819,1.237250,-0.000006,0.000008,0.348000,-0.020719,-0.034146,-0.340589,0.000000,0.000000,0.000000,0,0
1776700096214.000,0.149000,0.142228,0.050425,1.964198,-0.012689,-0.007180,-0.702846,1.000000,1.000000,3.000000,-1.500000,0.857772,0.949575,1.035802,-0.797154,0.043699,0.012629,0.203888,0.025179,0.037883,0.203888,0.000000,0.000000,0.680000,-1.626481,0.027342,0.859480,1.222247,-0.000004,0.000005,0.348000,-0.012690,-0.019093,-0.195733,0.000000,0.000000,0.000000,0,0
1776700096280.000,0.066000,0.144908,0.050415,1.975081,-0.015323,-0.005202,-0.725167,1.000000,1.000000,3.000000,-1.500000,0.855092,0.949585,1.024919,-0.774833,0.041974,0.005474,0.182058,0.027782,0.031936,0.182058,0.000000,0.000000,0.680000,-1.570574,0.006800,0.858686,1.209404,-0.000004,0.000005,0.348000,-0.014002,-0.016096,-0.174776,0.000000,0.000000,0.000000,0,0
1776700096496.000,0.216000,0.145253,0.050415,1.976363,-0.017772,-0.005352,-0.726566,1.000000,1.000000,3.000000,-1.500000,0.854747,0.949585,1.023637,-0.773434,0.019361,0.002409,0.083428,0.012871,0.014663,0.083428,0.000000,0.000000,0.680000,-1.653607,0.005425,0.858541,1.207892,-0.000002,0.000003,0.347640,-0.006487,-0.007390,-0.080091,0.000000,0.000000,0.000000,0,0
1776700096498.000,0.002000,0.149247,0.050015,1.993070,-0.012581,-0.004886,-0.759452,1.000000,1.000000,3.000000,-1.500000,0.850753,0.949985,1.006930,-0.740548,1.127065,-0.111090,1.716708,0.893851,0.695447,1.716708,0.000000,0.000000,-0.112059,0.012427,-0.024938,0.856602,1.188177,-0.000002,0.000003,0.347803,-0.450501,-0.350505,-1.648040,0.000000,0.000000,0.000000,0,0
1776700096636.000,0.138000,0.158496,0.047991,2.035550,-0.021944,-0.007741,-0.821209,1.000000,1.000000,3.000000,-1.500000,0.841504,0.952009,0.964450,-0.678791,0.533439,-0.057092,0.927734,0.405241,0.351563,0.927734,0.000000,0.000000,0.595122,-1.395519,-0.082988,0.849807,1.138051,-0.000002,0.000002,0.347696,-0.204242,-0.177188,-0.890625,0.000000,0.000000,0.000000,0,0
1776700096701.000,0.065000,0.161388,0.046943,2.049003,-0.020326,-0.006597,-0.823219,1.000000,1.000000,3.000000,-1.500000,0.838612,0.953057,0.950997,-0.676781,0.259632,-0.034155,0.524110,0.201561,0.167178,0.524110,0.000000,0.000000,0.680000,-1.458051,-0.086535,0.848693,1.122176,-0.000001,0.000002,0.348000,-0.101587,-0.084257,-0.503145,0.000000,0.000000,0.000000,0,0
1776700096833.000,0.132000,0.163271,0.046406,2.054553,-0.021708,-0.010490,-0.838529,1.000000,1.000000,3.000000,-1.500000,0.836729,0.953594,0.945447,-0.661471,0.122225,-0.017305,0.254154,0.094583,0.079325,0.254154,0.000000,0.000000,0.680000,-1.413059,-0.100631,0.846569,1.115627,-0.000001,0.000001,0.346917,-0.047670,-0.039980,-0.243988,0.000000,0.000000,0.000000,0,0
1776700096901.000,0.068000,0.167622,0.044940,2.068708,-0.016607,-0.017823,-0.878654,1.000000,1.000000,3.000000,-1.500000,0.832378,0.955060,0.931292,-0.621346,0.089608,-0.019685,0.228397,0.072342,0.056425,0.228397,0.000000,0.000000,0.680000,-1.254949,-0.137134,0.840228,1.098924,-0.000001,0.000001,0.347589,-0.036460,-0.028438,-0.219261,0.000000,0.000000,0.000000,0,0
1776700097009.000,0.108000,0.169039,0.044340,2.074619,-0.019822,-0.010989,-0.894904,1.000000,1.000000,3.000000,-1.500000,0.830961,0.955660,0.925381,-0.605096,0.046779,-0.011774,0.131141,0.038450,0.029129,0.131141,0.000000,0.000000,0.680000,-1.291973,-0.151679,0.837398,1.091950,-0.000001,0.000001,0.346600,-0.019379,-0.014681,-0.125895,0.000000,0.000000,0.000000,0,0
1776700097101.000,0.092000,0.172395,0.042622,2.091267,-0.018061,-0.006820,-0.938022,1.000000,1.000000,3.000000,-1.500000,0.827605,0.957378,0.908733,-0.561978,0.041010,-0.015640,0.159041,0.036865,0.023821,0.159041,0.000000,0.000000,0.680000,-1.152668,-0.189899,0.828946,1.072305,-0.000000,0.000001,0.345619,-0.018580,-0.012006,-0.152679,0.000000,0.000000,0.000000,0,0
1776700097201.000,0.100000,0.174424,0.041137,2.104122,-0.020085,-0.006943,-0.965979,1.000000,1.000000,3.000000,-1.500000,0.825576,0.958863,0.895878,-0.534021,0.029405,-0.015196,0.141965,0.029220,0.015548,0.141965,0.000000,0.000000,0.680000,-1.125610,-0.214593,0.822760,1.057136,-0.000000,0.000000,0.343743,-0.014727,-0.007836,-0.136287,0.000000,0.000000,0.000000,0,0
1776700097301.000,0.100000,0.176283,0.039639,2.118130,-0.026377,-0.006111,-0.996284,1.000000,1.000000,3.000000,-1.500000,0.823717,0.960361,0.881870,-0.503716,0.023350,-0.015074,0.140907,0.025343,0.011409,0.140907,0.000000,0.000000,0.680000,-1.059729,-0.240948,0.815378,1.040607,-0.000000,0.000000,0.341404,-0.012773,-0.005750,-0.135271,0.000000,0.000000,0.000000,0,0
1776700097401.000,0.100000,0.177774,0.038142,2.132751,-0.025089,-0.004607,-1.025006,1.000000,1.000000,3.000000,-1.500000,0.822226,0.961858,0.867249,-0.474994,0.018624,-0.015015,0.143879,0.022501,0.008124,0.143879,0.000000,0.000000,0.680000,-1.003381,-0.265645,0.807788,1.023354,-0.000000,0.000000,0.338636,-0.011341,-0.004094,-0.138124,0.000000,0.000000,0.000000,0,0
1776700097600.000,0.199000,0.178682,0.037061,2.142971,-0.030284,0.000131,-1.046814,1.000000,1.000000,3.000000,-1.500000,0.821318,0.962939,0.857029,-0.453186,0.010750,-0.009650,0.092066,0.013733,0.004479,0.092066,0.000000,0.000000,0.680000,-0.987099,-0.284130,0.801638,1.011294,-0.000000,0.000000,0.327165,-0.006922,-0.002258,-0.088383,0.000000,0.000000,0.000000,0,0
1776700097605.000,0.005000,0.180639,0.035062,2.164421,-0.024880,0.005833,-1.086473,1.000000,1.000000,3.000000,-1.500000,0.819361,0.964938,0.835579,-0.413527,0.223845,-0.228099,1.720509,0.306090,0.091896,1.720509,0.000000,0.000000,-0.338496,0.345775,-0.317492,0.789204,0.985984,-0.000000,0.000000,0.327209,-0.154270,-0.046315,-1.651689,0.000000,0.000000,0.000000,0,0
1776700097705.000,0.100000,0.182079,0.033539,2.180659,-0.029922,0.007246,-1.101846,1.000000,1.000000,3.000000,-1.500000,0.817921,0.966461,0.819341,-0.398154,0.106558,-0.108895,0.847957,0.145298,0.045839,0.847957,0.000000,0.000000,0.476728,-0.867208,-0.330937,0.783830,0.966823,-0.000000,0.000000,0.323944,-0.073230,-0.023103,-0.814039,0.000000,0.000000,0.000000,0,0
1776700097828.000,0.123000,0.182156,0.033480,2.181765,-0.029931,0.008014,-1.102107,1.000000,1.000000,3.000000,-1.500000,0.817844,0.966520,0.818235,-0.397893,0.047234,-0.048179,0.378139,0.064320,0.020377,0.378139,0.000000,0.000000,0.680000,-0.890516,-0.331200,0.783715,0.965517,-0.000000,0.000000,0.319578,-0.032417,-0.010270,-0.363013,0.000000,0.000000,0.000000,0,0
1776700097904.000,0.076000,0.185048,0.030802,2.199582,-0.032967,0.004081,-1.130426,1.000000,1.000000,3.000000,-1.500000,0.814952,0.969198,0.800418,-0.369574,0.042096,-0.040935,0.297660,0.054974,0.020630,0.297660,0.000000,0.000000,0.680000,-0.772717,-0.355715,0.773032,0.944494,-0.000000,0.000000,0.317713,-0.027707,-0.010398,-0.285753,0.000000,0.000000,0.000000,0,0
1776700098005.000,0.101000,0.186709,0.029667,2.210134,-0.034425,-0.001353,-1.160094,1.000000,1.000000,3.000000,-1.500000,0.813291,0.970333,0.789866,-0.339906,0.027734,-0.024302,0.189479,0.033354,0.015725,0.189479,0.000000,0.000000,0.680000,-0.722635,-0.379634,0.761421,0.932042,-0.000000,0.000000,0.314185,-0.016810,-0.007925,-0.181900,0.000000,0.000000,0.000000,0,0
1776700098145.000,0.140000,0.187861,0.029001,2.221048,-0.034460,0.003040,-1.189673,1.000000,1.000000,3.000000,-1.500000,0.812139,0.970999,0.778952,-0.310327,0.016808,-0.013358,0.127026,0.018651,0.010633,0.127026,0.000000,0.000000,0.680000,-0.671198,-0.402690,0.749309,0.919163,-0.000000,0.000000,0.307711,-0.009400,-0.005359,-0.121945,0.000000,0.000000,0.000000,0,0
1776700098206.000,0.061000,0.188609,0.028542,2.231884,-0.030705,-0.001432,-1.215174,1.000000,1.000000,3.000000,-1.500000,0.811391,0.971458,0.768116,-0.284826,0.014266,-0.010091,0.155371,0.014427,0.009860,0.155371,0.000000,0.000000,0.680000,-0.584391,-0.422129,0.738433,0.906377,-0.000000,0.000000,0.306460,-0.007271,-0.004969,-0.149156,0.000000,0.000000,0.000000,0,0
1776700098307.000,0.101000,0.189290,0.028321,2.246489,-0.028473,0.004620,-1.246787,1.000000,1.000000,3.000000,-1.500000,0.810710,0.971679,0.753511,-0.253213,0.010054,-0.005664,0.149338,0.008570,0.007727,0.149338,0.000000,0.000000,0.680000,-0.532844,-0.445545,0.724335,0.889144,-0.000000,0.000000,0.302621,-0.004319,-0.003894,-0.143365,0.000000,0.000000,0.000000,0,0
1776700098453.000,0.146000,0.189779,0.028049,2.261574,-0.025644,0.001946,-1.276863,1.000000,1.000000,3.000000,-1.500000,0.810221,0.971951,0.738426,-0.223137,0.006297,-0.003536,0.123573,0.005209,0.005003,0.123573,0.000000,0.000000,0.680000,-0.482360,-0.467395,0.710348,0.871342,-0.000000,0.000000,0.295066,-0.002625,-0.002521,-0.118630,0.000000,0.000000,0.000000,0,0
1776700098517.000,0.064000,0.190278,0.027524,2.278480,-0.027111,0.007053,-1.307780,1.000000,1.000000,3.000000,-1.500000,0.809722,0.972476,0.721520,-0.192220,0.007144,-0.006149,0.202296,0.007795,0.005299,0.202296,0.000000,0.000000,0.680000,-0.372237,-0.489558,0.695327,0.851394,-0.000000,0.000000,0.293227,-0.003929,-0.002671,-0.194204,0.000000,0.000000,0.000000,0,0
1776700098631.000,0.114000,0.190786,0.026519,2.298842,-0.026242,0.005926,-1.338345,1.000000,1.000000,3.000000,-1.500000,0.809214,0.973481,0.701158,-0.161655,0.005639,-0.007643,0.189032,0.008737,0.003726,0.189032,-0.521915,0.680000,0.680000,-0.338827,-0.511315,0.679865,0.827367,-0.006197,0.008240,0.287559,-0.004403,-0.001878,-0.181470,0.000000,0.000000,0.000000,1,0
1776700098718.000,0.087000,0.191118,0.025733,2.313305,-0.031166,0.005539,-1.353419,1.000000,1.000000,3.000000,-1.500000,0.808882,0.974267,0.686695,-0.146581,0.004615,-0.008421,0.176270,0.009218,0.002690,0.176270,-0.536866,0.680000,0.680000,-0.319562,-0.522068,0.671977,0.810300,-0.010151,0.013278,0.283838,-0.004646,-0.001356,-0.169219,0.000000,0.000000,0.000000,1,0
1776700098843.000,0.125000,0.192584,0.026459,2.333109,-0.058700,0.025203,-1.372521,1.000000,1.000000,3.000000,-1.500000,0.807416,0.973541,0.666891,-0.127479,0.008601,-0.000454,0.166280,0.002139,0.008343,0.166280,-0.549940,0.674873,0.680000,-0.278538,-0.534524,0.660820,0.786932,-0.014338,0.018258,0.276775,-0.001078,-0.004205,-0.159629,0.000000,0.000000,0.000000,1,0
1776700098923.000,0.080000,0.195284,0.029726,2.346274,-0.090349,0.048929,-1.380446,1.000000,1.000000,3.000000,-1.500000,0.804716,0.970274,0.653726,-0.119554,0.022678,0.022670,0.165319,-0.017970,0.026558,0.165319,-0.545595,0.661989,0.680000,-0.268154,-0.537932,0.654367,0.771397,-0.016720,0.021007,0.273308,0.009057,-0.013385,-0.158706,0.000000,0.000000,0.000000,1,0
1776700099026.000,0.103000,0.202241,0.038749,2.362568,-0.111859,0.063202,-1.390078,1.000000,1.000000,3.000000,-1.500000,0.797759,0.961251,0.637432,-0.109922,0.047805,0.059033,0.161328,-0.049479,0.057637,0.161328,-0.533139,0.637898,0.680000,-0.245922,-0.539085,0.643466,0.752170,-0.018992,0.023481,0.267936,0.024937,-0.029049,-0.154875,0.000000,0.000000,0.000000,1,0
1776700099135.000,0.109000,0.213594,0.054379,2.378238,-0.117171,0.066202,-1.398820,1.000000,1.000000,3.000000,-1.500000,0.786406,0.945621,0.621762,-0.101180,0.079360,0.106276,0.151491,-0.091127,0.096377,0.151491,-0.510466,0.606107,0.680000,-0.226893,-0.535647,0.629415,0.733680,-0.020747,0.025265,0.262052,0.045928,-0.048574,-0.145431,0.000000,0.000000,0.000000,1,0
1776700099290.000,0.155000,0.233860,0.082279,2.397097,-0.113600,0.069208,-1.413392,1.000000,1.000000,3.000000,-1.500000,0.766140,0.917721,0.602903,-0.086608,0.108139,0.147559,0.134793,-0.128783,0.129933,0.134793,-0.485414,0.565816,0.680000,-0.190334,-0.528380,0.605153,0.711426,-0.021940,0.026149,0.252128,0.064907,-0.065486,-0.129401,0.000000,0.000000,0.000000,1,0
1776700099331.000,0.041000,0.253480,0.108858,2.410865,-0.113449,0.063971,-1.421802,1.000000,1.000000,3.000000,-1.500000,0.746520,0.891142,0.589135,-0.078198,0.315560,0.427957,0.247365,-0.376373,0.375591,0.247365,-0.350564,0.422363,0.680000,-0.154365,-0.517745,0.584998,0.695179,-0.022511,0.026662,0.250717,0.189692,-0.189298,-0.237470,0.000000,0.000000,0.000000,1,0
1776700099443.000,0.112000,0.279847,0.144670,2.426395,-0.111450,0.063924,-1.429475,1.000000,1.000000,3.000000,-1.500000,0.720153,0.855330,0.573605,-0.070525,0.270679,0.367364,0.186491,-0.325576,0.319724,0.186491,-0.359805,0.425789,0.680000,-0.157751,-0.500887,0.560077,0.676853,-0.023008,0.026853,0.244530,0.164090,-0.161141,-0.179031,0.000000,0.000000,0.000000,1,0
1776700099509.000,0.066000,0.310240,0.185733,2.441283,-0.107680,0.062023,-1.433547,1.000000,1.000000,3.000000,-1.500000,0.689760,0.814267,0.558717,-0.066453,0.376982,0.510048,0.208377,-0.453673,0.443221,0.208377,-0.273267,0.337635,0.680000,-0.149125,-0.478624,0.534025,0.659286,-0.023295,0.026993,0.241521,0.228651,-0.223383,-0.200042,0.000000,0.000000,0.000000,1,0
1776700099609.000,0.100000,0.344703,0.231179,2.455773,-0.104775,0.057989,-1.438025,1.000000,1.000000,3.000000,-1.500000,0.655297,0.768821,0.544227,-0.061975,0.358865,0.478919,0.172829,-0.427197,0.419106,0.172829,-0.261636,0.320230,0.680000,-0.140653,-0.453805,0.504878,0.642188,-0.023138,0.026581,0.235984,0.215307,-0.211230,-0.165916,0.000000,0.000000,0.000000,1,0
1776700099710.000,0.101000,0.382782,0.280372,2.469892,-0.094647,0.056795,-1.446048,1.000000,1.000000,3.000000,-1.500000,0.617218,0.719628,0.530108,-0.053952,0.369031,0.483476,0.154326,-0.433803,0.426320,0.154326,-0.232313,0.282735,0.680000,-0.116735,-0.428224,0.471718,0.625528,-0.022725,0.025882,0.230418,0.218637,-0.214865,-0.148153,0.000000,0.000000,0.000000,1,0
1776700099809.000,0.099000,0.418997,0.325919,2.482227,-0.089360,0.051906,-1.450426,1.000000,1.000000,3.000000,-1.500000,0.581003,0.674081,0.517773,-0.049574,0.367226,0.470370,0.137681,-0.422870,0.421051,0.137681,-0.211839,0.254830,0.680000,-0.111698,-0.402822,0.442003,0.610972,-0.022144,0.025037,0.225131,0.213127,-0.212210,-0.132174,0.000000,0.000000,0.000000,1,0
1776700099909.000,0.100000,0.468321,0.386064,2.497962,-0.077264,0.048612,-1.452113,1.000000,1.000000,3.000000,-1.500000,0.531679,0.613936,0.502038,-0.047887,0.437792,0.543775,0.148697,-0.488113,0.499098,0.148697,-0.142640,0.176022,0.669354,-0.111156,-0.367358,0.403625,0.592404,-0.021290,0.023943,0.219699,0.246009,-0.251545,-0.142749,0.000000,0.000000,0.000000,1,0
1776700100012.000,0.103000,0.484660,0.405502,2.503193,-0.069941,0.049923,-1.454259,1.000000,1.000000,3.000000,-1.500000,0.515340,0.594498,0.496807,-0.045741,0.281463,0.344942,0.093863,-0.309876,0.319662,0.093863,-0.220819,0.252204,0.680000,-0.104813,-0.356526,0.390412,0.586233,-0.020470,0.022902,0.214555,0.156177,-0.161109,-0.090108,0.000000,0.000000,0.000000,1,0
1776700100109.000,0.097000,0.560793,0.493677,2.525971,-0.049779,0.023835,-1.460849,1.000000,1.000000,3.000000,-1.500000,0.439207,0.506323,0.474029,-0.039151,0.563375,0.660828,0.172803,-0.595021,0.632484,0.172803,-0.025271,0.033456,0.602818,-0.082545,-0.305809,0.330699,0.559354,-0.019353,0.021528,0.209355,0.299890,-0.318772,-0.165891,0.000000,0.000000,0.000000,1,0
1776700100226.000,0.117000,0.596290,0.533449,2.535660,-0.049566,0.016970,-1.460018,1.000000,1.000000,3.000000,-1.500000,0.403710,0.466551,0.464340,-0.039982,0.417787,0.481126,0.122410,-0.431989,0.468416,0.122410,-0.081807,0.088034,0.633414,-0.095065,-0.281609,0.304291,0.547921,-0.017921,0.019825,0.203006,0.217723,-0.236082,-0.117513,0.000000,0.000000,0.000000,1,0
1776700100309.000,0.083000,0.652177,0.594905,2.551370,-0.030540,0.002750,-1.461436,1.000000,1.000000,3.000000,-1.500000,0.347823,0.405095,0.448630,-0.038564,0.560892,0.626337,0.159851,-0.561378,0.625901,0.159851,0.020948,-0.034793,0.574896,-0.087597,-0.245087,0.262052,0.529384,-0.016900,0.018609,0.198968,0.282935,-0.315454,-0.153457,0.000000,0.000000,0.000000,1,0
1776700100431.000,0.122000,0.684532,0.629893,2.560438,-0.019312,-0.012401,-1.462726,1.000000,1.000000,3.000000,-1.500000,0.315468,0.370107,0.439562,-0.037274,0.395308,0.436190,0.111961,-0.391007,0.440050,0.111961,-0.042638,0.032536,0.603690,-0.085049,-0.224395,0.237584,0.518683,-0.015310,0.016738,0.192490,0.197068,-0.221785,-0.107482,0.000000,0.000000,0.000000,1,0
1776700100509.000,0.078000,0.733246,0.682089,2.573674,-0.016508,-0.020433,-1.464576,1.000000,1.000000,3.000000,-1.500000,0.266754,0.317911,0.426326,-0.035424,0.523678,0.566664,0.144292,-0.507950,0.580804,0.144292,0.048227,-0.076232,0.553529,-0.078656,-0.193427,0.200898,0.503064,-0.014353,0.015595,0.188985,0.256007,-0.292725,-0.138521,0.000000,0.000000,0.000000,1,0
1776700100610.000,0.101000,0.768312,0.719629,2.583416,-0.020941,-0.015688,-1.465382,1.000000,1.000000,3.000000,-1.500000,0.231688,0.280371,0.416584,-0.034618,0.424846,0.457474,0.117502,-0.410232,0.470623,0.117502,0.022729,-0.048487,0.562880,-0.078923,-0.170982,0.174654,0.491569,-0.013047,0.014052,0.184113,0.206757,-0.237194,-0.112802,0.000000,0.000000,0.000000,1,0
1776700100710.000,0.100000,0.799286,0.753088,2.593674,-0.018701,-0.024864,-1.463627,1.000000,1.000000,3.000000,-1.500000,0.200714,0.246912,0.406326,-0.036373,0.360386,0.388659,0.109145,-0.347881,0.399891,0.109145,0.012968,-0.037075,0.554137,-0.086182,-0.150546,0.151854,0.479465,-0.011818,0.012616,0.179451,0.175332,-0.201545,-0.104779,0.000000,0.000000,0.000000,1,0
1776700100809.000,0.099000,0.826204,0.783122,2.604138,-0.016004,-0.028394,-1.466872,1.000000,1.000000,3.000000,-1.500000,0.173796,0.216878,0.395862,-0.033128,0.310833,0.340903,0.107213,-0.306819,0.344520,0.107213,0.011118,-0.031074,0.539149,-0.071023,-0.132840,0.131279,0.467117,-0.010679,0.011284,0.174956,0.154637,-0.173638,-0.102925,0.000000,0.000000,0.000000,1,0
1776700100910.000,0.101000,0.849121,0.809602,2.615794,-0.015956,-0.026647,-1.466615,-1.000000,-1.000000,3.000000,-1.500000,-1.849121,-1.809602,0.384206,-0.033385,1.816766,1.829997,0.111803,-1.631145,1.997222,0.111803,0.680000,-0.680000,0.516402,-0.076831,1.080237,-1.362332,0.453363,0.003686,-0.006345,0.170370,0.822097,-1.006600,-0.107331,0.000000,0.000000,0.000000,1,0
1776700101009.000,0.099000,0.868103,0.832946,2.628557,-0.016564,-0.026268,-1.466643,-1.000000,-1.000000,3.000000,-1.500000,-1.868103,-1.832946,0.371443,-0.033357,0.906753,0.937247,0.121387,-0.837898,0.999280,0.121387,0.680000,-0.680000,0.487650,-0.076025,1.094551,-1.376620,0.438303,0.014838,-0.019996,0.165878,0.422300,-0.503637,-0.116531,0.000000,0.000000,0.000000,1,0
1776700101110.000,0.101000,0.882020,0.851791,2.643187,0.012175,-0.045902,-1.468443,-1.000000,-1.000000,3.000000,-1.500000,-1.882020,-1.851791,0.356813,-0.031557,0.476132,0.516876,0.134529,-0.465523,0.526451,0.134529,0.680000,-0.680000,0.453033,-0.069216,1.108669,-1.385245,0.421039,0.023825,-0.030899,0.161142,0.234623,-0.265331,-0.129148,0.000000,0.000000,0.000000,1,0
1776700101209.000,0.099000,0.890370,0.865001,2.658693,0.041836,-0.068993,-1.469127,-1.000000,-1.000000,3.000000,-1.500000,-1.890370,-1.865001,0.341307,-0.030873,0.256731,0.302147,0.146904,-0.274530,0.286072,0.146904,0.680000,-0.680000,0.418094,-0.069291,1.117877,-1.390970,0.402742,0.030816,-0.039324,0.156380,0.138363,-0.144180,-0.141028,0.000000,0.000000,0.000000,1,0
1776700101314.000,0.105000,0.891714,0.871356,2.675120,0.054961,-0.072674,-1.469021,-1.000000,-1.000000,3.000000,-1.500000,-1.891714,-1.871356,0.324880,-0.030979,0.120132,0.166837,0.152245,-0.153768,0.136461,0.152245,0.680000,-0.680000,0.388280,-0.070533,1.121887,-1.392420,0.383359,0.036510,-0.046142,0.151077,0.077499,-0.068776,-0.146155,0.000000,0.000000,0.000000,1,0
1776700101415.000,0.101000,0.885559,0.869302,2.691372,0.056244,-0.071298,-1.467748,-1.000000,-1.000000,3.000000,-1.500000,-1.885559,-1.869302,0.308628,-0.032252,0.018732,0.062021,0.157099,-0.059765,0.025012,0.157099,0.680000,-0.680000,0.359277,-0.074863,1.119166,-1.389592,0.364181,0.040777,-0.051259,0.145912,0.030122,-0.012606,-0.150816,0.000000,0.000000,0.000000,1,0
1776700101513.000,0.098000,0.872535,0.859103,2.708584,0.055249,-0.059134,-1.467491,-1.000000,-1.000000,3.000000,-1.500000,-1.872535,-1.859103,0.291416,-0.032509,-0.066185,-0.030990,0.167476,0.024000,-0.069028,0.167476,0.680000,-0.680000,0.323852,-0.073693,1.112895,-1.380466,0.343871,0.043984,-0.055090,0.140757,-0.012096,0.034790,-0.160777,0.000000,0.000000,0.000000,1,0
1776700101612.000,0.099000,0.863376,0.851138,2.717972,0.051481,-0.058740,-1.468652,-1.000000,-1.000000,3.000000,-1.500000,-1.863376,-1.851138,0.282028,-0.031348,-0.080926,-0.058689,0.126794,0.050131,-0.086489,0.126794,0.680000,-0.680000,0.346845,-0.068895,1.109800,-1.372505,0.332793,0.046467,-0.057000,0.135773,-0.025266,0.043590,-0.121722,0.000000,0.000000,0.000000,1,0
1776700101713.000,0.101000,0.829763,0.817991,2.745622,0.041722,-0.049658,-1.463975,-1.000000,-1.000000,3.000000,-1.500000,-1.829763,-1.817991,0.254378,-0.036025,-0.221981,-0.209608,0.209100,0.184746,-0.243063,0.209100,0.680000,-0.680000,0.229364,-0.087828,1.083628,-1.352847,0.300166,0.048118,-0.057000,0.129934,-0.093112,0.122504,-0.200736,0.000000,0.000000,0.000000,1,0
1776700101813.000,0.100000,0.801965,0.788697,2.765084,0.037658,-0.046025,-1.467504,-1.000000,-1.000000,3.000000,-1.500000,-1.801965,-1.788697,0.234916,-0.032496,-0.253338,-0.256278,0.200987,0.228791,-0.278412,0.200987,0.680000,-0.680000,0.208221,-0.067462,1.070742,-1.328403,0.277201,0.049263,-0.057000,0.123967,-0.115311,0.140320,-0.192948,0.000000,0.000000,0.000000,1,0
1776700101913.000,0.100000,0.770344,0.754701,2.782659,0.026780,-0.048082,-1.467245,-1.000000,-1.000000,3.000000,-1.500000,-1.770344,-1.754701,0.217341,-0.032755,-0.288548,-0.303140,0.186855,0.271690,-0.318337,0.186855,0.680000,-0.680000,0.195006,-0.074006,1.049870,-1.305184,0.256463,0.049925,-0.057000,0.117924,-0.136932,0.160442,-0.179381,0.000000,0.000000,0.000000,1,0
1776700102013.000,0.100000,0.735610,0.717292,2.798563,0.024919,-0.041383,-1.466974,-1.000000,-1.000000,3.000000,-1.500000,-1.735610,-1.717292,0.201437,-0.033026,-0.321471,-0.342871,0.171278,0.307708,-0.355274,0.171278,0.680000,-0.680000,0.185170,-0.074549,1.026932,-1.279648,0.237696,0.050188,-0.057000,0.111900,-0.155085,0.179058,-0.164426,0.000000,0.000000,0.000000,1,0
1776700102113.000,0.100000,0.697949,0.676967,2.812562,0.018041,-0.043126,-1.467461,-1.000000,-1.000000,3.000000,-1.500000,-1.697949,-1.676967,0.187438,-0.032539,-0.352346,-0.376682,0.153761,0.338327,-0.389322,0.153761,0.680000,-0.680000,0.179559,-0.072295,1.003212,-1.251179,0.221176,0.050132,-0.057000,0.105993,-0.170517,0.196218,-0.147611,0.000000,0.000000,0.000000,1,0
1776700102213.000,0.100000,0.661182,0.637990,2.824307,0.020712,-0.027845,-1.469565,-1.000000,-1.000000,3.000000,-1.500000,-1.661182,-1.637990,0.175693,-0.030435,-0.360929,-0.384014,0.133423,0.345573,-0.397889,0.133423,0.680000,-0.680000,0.179535,-0.065283,0.982281,-1.221837,0.207318,0.049857,-0.057000,0.100303,-0.174169,0.200536,-0.128086,0.000000,0.000000,0.000000,1,0
1776700102313.000,0.100000,0.616333,0.590578,2.836205,0.013407,-0.023059,-1.468747,-1.000000,-1.000000,3.000000,-1.500000,-1.616333,-1.590578,0.163795,-0.031253,-0.409962,-0.434472,0.125338,0.390448,-0.452090,0.125338,0.680000,-0.680000,0.167744,-0.071580,0.952656,-1.189414,0.193278,0.049318,-0.057000,0.094790,-0.196786,0.227853,-0.120324,0.000000,0.000000,0.000000,1,0
1776700102413.000,0.100000,0.573599,0.545503,2.845295,0.012827,-0.026887,-1.465481,-1.000000,-1.000000,3.000000,-1.500000,-1.573599,-1.545503,0.154705,-0.034519,-0.419697,-0.443586,0.106054,0.397010,-0.464001,0.106054,0.680000,-0.680000,0.170316,-0.082251,0.921664,-1.160775,0.182551,0.048556,-0.057000,0.089576,-0.200093,0.233857,-0.101812,0.000000,0.000000,0.000000,1,0
1776700102513.000,0.100000,0.530351,0.499350,2.853618,0.011199,-0.018224,-1.465879,-1.000000,-1.000000,3.000000,-1.500000,-1.530351,-1.499350,0.146382,-0.034121,-0.426856,-0.453638,0.093269,0.406441,-0.472016,0.093269,0.680000,-0.680000,0.167851,-0.075612,0.894324,-1.128257,0.172731,0.047662,-0.056814,0.084658,-0.204846,0.237896,-0.089538,0.000000,0.000000,0.000000,1,0
1776700102613.000,0.100000,0.486281,0.452399,2.860531,0.009666,-0.023717,-1.466963,-1.000000,-1.000000,3.000000,-1.500000,-1.486281,-1.452399,0.139469,-0.033037,-0.434606,-0.462526,0.079751,0.414990,-0.480205,0.079751,0.680000,-0.680000,0.168081,-0.072286,0.867235,-1.094562,0.164574,0.046667,-0.056297,0.080069,-0.209155,0.242023,-0.076561,0.000000,0.000000,0.000000,1,0
1776700102713.000,0.100000,0.454325,0.418010,2.865201,0.008312,-0.026218,-1.466628,-1.000000,-1.000000,3.000000,-1.500000,-1.454325,-1.418010,0.134799,-0.033372,-0.370181,-0.396087,0.061243,0.355448,-0.409360,0.061243,0.680000,-0.680000,0.176146,-0.075251,0.846117,-1.071092,0.159063,0.045660,-0.055637,0.075877,-0.179146,0.206317,-0.058794,0.000000,0.000000,0.000000,1,0
1776700102815.000,0.102000,0.407416,0.368238,2.871303,0.006742,-0.019760,-1.467547,-1.000000,-1.000000,3.000000,-1.500000,-1.407416,-1.368238,0.128697,-0.032453,-0.420420,-0.447536,0.060449,0.401822,-0.464306,0.060449,0.659076,-0.680000,0.165702,-0.071359,0.817081,-1.035511,0.151862,0.044513,-0.054685,0.071871,-0.202518,0.234010,-0.058031,0.000000,0.000000,0.000000,1,0
1776700102917.000,0.102000,0.361499,0.319937,2.876433,0.007599,-0.027968,-1.467100,-1.000000,-1.000000,3.000000,-1.500000,-1.361499,-1.319937,0.123567,-0.032900,-0.437079,-0.462099,0.054765,0.414374,-0.482563,0.054765,0.621978,-0.680000,0.161399,-0.074410,0.787529,-1.001826,0.145808,0.043294,-0.053571,0.068164,-0.208845,0.243212,-0.052574,0.000000,0.000000,0.000000,1,0
1776700103020.000,0.103000,0.312956,0.269485,2.881689,0.009586,-0.025460,-1.466877,-1.000000,-1.000000,3.000000,-1.500000,-1.312956,-1.269485,0.118311,-0.033123,-0.456237,-0.477627,0.052671,0.427723,-0.503321,0.052671,0.583380,-0.680000,0.153713,-0.074513,0.756968,-0.966040,0.139607,0.041985,-0.052282,0.064671,-0.215573,0.253674,-0.050564,0.000000,0.000000,0.000000,1,0
1776700103123.000,0.103000,0.263471,0.218556,2.886917,0.011192,-0.026371,-1.465888,-1.000000,-1.000000,3.000000,-1.500000,-1.263471,-1.218556,0.113083,-0.034112,-0.469786,-0.487052,0.051601,0.435180,-0.518206,0.051601,0.546746,-0.680000,0.145302,-0.077766,0.725458,-0.930134,0.133437,0.040619,-0.050882,0.061401,-0.219331,0.261176,-0.049537,0.000000,0.000000,0.000000,1,0
1776700103225.000,0.102000,0.215165,0.169370,2.892084,0.010008,-0.019769,-1.463876,-1.000000,-1.000000,3.000000,-1.500000,-1.215165,-1.169370,0.107916,-0.036124,-0.471916,-0.484344,0.051067,0.431217,-0.520909,0.051067,0.516085,-0.680000,0.136675,-0.083609,0.694185,-0.895788,0.127341,0.039233,-0.049439,0.058357,-0.217333,0.262538,-0.049024,0.000000,0.000000,0.000000,1,0
1776700103327.000,0.102000,0.164483,0.117398,2.897278,0.009656,-0.026243,-1.463445,-1.000000,-1.000000,3.000000,-1.500000,-1.164483,-1.117398,0.102722,-0.036555,-0.485899,-0.498447,0.050988,0.443516,-0.536509,0.050988,0.477000,-0.635986,0.127737,-0.082110,0.662724,-0.858482,0.121212,0.037808,-0.047904,0.055473,-0.223532,0.270400,-0.048948,0.000000,0.000000,0.000000,1,0
1776700103428.000,0.101000,0.113088,0.065016,2.901861,0.007260,-0.026310,-1.462315,-1.000000,-1.000000,3.000000,-1.500000,-1.113088,-1.065016,0.098139,-0.037685,-0.498759,-0.509752,0.047845,0.452756,-0.551017,0.047845,0.438675,-0.589694,0.122659,-0.085658,0.630499,-0.821085,0.115804,0.036365,-0.046322,0.052786,-0.228189,0.277713,-0.045931,0.000000,0.000000,0.000000,1,0
1776700103532.000,0.104000,0.063205,0.014017,2.905724,0.005556,-0.020289,-1.464180,-1.000000,-1.000000,3.000000,-1.500000,-1.063205,-1.014017,0.094276,-0.035820,-0.488053,-0.498897,0.041852,0.444128,-0.538371,0.041852,0.412538,-0.556183,0.121262,-0.077202,0.601521,-0.782929,0.111246,0.034858,-0.044592,0.050194,-0.223841,0.271339,-0.040178,0.000000,0.000000,0.000000,1,0
1776700103635.000,0.103000,0.011002,-0.039325,2.908954,0.005167,-0.021530,-1.463678,-1.000000,-1.000000,3.000000,-1.500000,-1.011002,-0.960675,0.091046,-0.036322,-0.498563,-0.509531,0.035975,0.453307,-0.550182,0.035975,0.374122,-0.510078,0.120729,-0.081927,0.569237,-0.744520,0.107435,0.033352,-0.042849,0.047830,-0.228467,0.277292,-0.034536,0.000000,0.000000,0.000000,1,0
1776700103737.000,0.102000,-0.039343,-0.091251,2.911657,0.004758,-0.025200,-1.462112,-1.000000,-1.000000,3.000000,-1.500000,-0.960657,-0.908749,0.088343,-0.037888,-0.495774,-0.509279,0.030669,0.452497,-0.548090,0.030669,0.340839,-0.472871,0.120487,-0.086901,0.537052,-0.707993,0.104245,0.031846,-0.041115,0.045684,-0.228059,0.276238,-0.029442,0.000000,0.000000,0.000000,1,0
1776700103839.000,0.102000,-0.091943,-0.145505,2.914869,0.004160,-0.018284,-1.465454,-1.000000,-1.000000,3.000000,-1.500000,-0.908057,-0.854495,0.085131,-0.034546,-0.506926,-0.521947,0.031132,0.465751,-0.558997,0.031132,0.302478,-0.424791,0.114242,-0.072308,0.506875,-0.667209,0.100455,0.030342,-0.039316,0.043674,-0.234739,0.281735,-0.029886,0.000000,0.000000,0.000000,1,0
1776700103940.000,0.101000,-0.144697,-0.200097,2.918373,0.002904,-0.026364,-1.464436,-1.000000,-1.000000,3.000000,-1.500000,-0.855303,-0.799903,0.081627,-0.035564,-0.515544,-0.532343,0.033126,0.474605,-0.569144,0.033126,0.263103,-0.379247,0.106304,-0.081250,0.473481,-0.628580,0.096320,0.028823,-0.037515,0.041785,-0.239201,0.286849,-0.031801,0.000000,0.000000,0.000000,1,0
1776700104044.000,0.104000,-0.195466,-0.253268,2.922431,0.009187,-0.023662,-1.465145,-1.000000,-1.000000,3.000000,-1.500000,-0.804534,-0.746732,0.077569,-0.034855,-0.500210,-0.520537,0.036426,0.464885,-0.552314,0.036426,0.234925,-0.347805,0.096453,-0.077066,0.441992,-0.590550,0.091531,0.027235,-0.035621,0.039891,-0.234302,0.278366,-0.034969,0.000000,0.000000,0.000000,1,0
1776700104116.000,0.072000,-0.246180,-0.306723,2.926836,0.008051,-0.022512,-1.464534,-1.000000,-1.000000,3.000000,-1.500000,-0.753820,-0.693277,0.073164,-0.035466,-0.614537,-0.644798,0.050287,0.575981,-0.679460,0.050287,0.145462,-0.245130,0.076703,-0.080798,0.409527,-0.553122,0.086334,0.026230,-0.034456,0.038644,-0.290295,0.342448,-0.048275,0.000000,0.000000,0.000000,1,0
1776700104217.000,0.101000,-0.296931,-0.360380,2.931549,-0.000461,-0.021620,-1.465429,-1.000000,-1.000000,3.000000,-1.500000,-0.703069,-0.639620,0.068451,-0.034571,-0.551784,-0.581219,0.048257,0.519963,-0.609852,0.048257,0.140256,-0.240163,0.071223,-0.076153,0.377751,-0.515048,0.080773,0.024567,-0.032480,0.036776,-0.262061,0.307365,-0.046326,0.000000,0.000000,0.000000,1,0
1776700104316.000,0.099000,-0.347363,-0.412907,2.935493,-0.020868,-0.015541,-1.467705,-1.000000,-1.000000,3.000000,-1.500000,-0.652637,-0.587093,0.064507,-0.032295,-0.528058,-0.552857,0.043545,0.495580,-0.582149,0.043545,0.120502,-0.214010,0.069320,-0.069126,0.347299,-0.476844,0.076118,0.022976,-0.030569,0.035004,-0.249772,0.293403,-0.041803,0.000000,0.000000,0.000000,1,0
1776700104417.000,0.101000,-0.397350,-0.463435,2.938707,-0.040492,-0.003863,-1.469846,-1.000000,-1.000000,3.000000,-1.500000,-0.602650,-0.536565,0.061293,-0.030154,-0.509502,-0.523411,0.036979,0.469399,-0.559656,0.036979,0.102721,-0.185811,0.070101,-0.064859,0.317923,-0.439257,0.072326,0.021375,-0.028620,0.033275,-0.236577,0.282067,-0.035500,0.000000,0.000000,0.000000,1,0
1776700104516.000,0.099000,-0.446030,-0.510606,2.940286,-0.047275,0.008560,-1.468866,-1.000000,-1.000000,3.000000,-1.500000,-0.553970,-0.489394,0.059714,-0.031134,-0.499545,-0.497127,0.025206,0.443716,-0.547537,0.025206,0.085503,-0.154599,0.078005,-0.071752,0.289286,-0.403800,0.070462,0.019850,-0.026758,0.031741,-0.223633,0.275959,-0.024198,0.000000,0.000000,0.000000,1,0
1776700104616.000,0.100000,-0.492660,-0.553330,2.940844,-0.057283,0.012665,-1.467900,-1.000000,-1.000000,3.000000,-1.500000,-0.507340,-0.446670,0.059156,-0.032100,-0.480927,-0.457990,0.014215,0.406170,-0.525426,0.014215,0.077207,-0.130058,0.086532,-0.073649,0.263556,-0.369960,0.069804,0.018361,-0.024912,0.030375,-0.204709,0.264815,-0.013646,0.000000,0.000000,0.000000,1,0
1776700104717.000,0.101000,-0.536687,-0.591350,2.940769,-0.057800,0.028237,-1.469898,-1.000000,-1.000000,3.000000,-1.500000,-0.463313,-0.408650,0.059231,-0.030102,-0.455719,-0.412321,0.005836,0.364321,-0.494933,0.005836,0.075184,-0.111073,0.093479,-0.064732,0.241855,-0.337424,0.069893,0.016946,-0.023096,0.029189,-0.183618,0.249446,-0.005603,0.000000,0.000000,0.000000,1,0
1776700104817.000,0.100000,-0.577525,-0.624504,2.939275,-0.061069,0.022076,-1.467075,-1.000000,-1.000000,3.000000,-1.500000,-0.422475,-0.375496,0.060725,-0.032925,-0.429208,-0.367081,-0.005797,0.320670,-0.464907,-0.005797,0.075603,-0.095573,0.105480,-0.078211,0.221583,-0.308503,0.071655,0.015637,-0.021384,0.028259,-0.161618,0.234313,0.005565,0.000000,0.000000,0.000000,1,0
1776700104917.000,0.100000,-0.614646,-0.652974,2.936952,-0.063291,0.028884,-1.467536,-1.000000,-1.000000,3.000000,-1.500000,-0.385354,-0.347026,0.063048,-0.032464,-0.396727,-0.320947,-0.015561,0.278344,-0.427696,-0.015561,0.079420,-0.085812,0.116914,-0.072007,0.205267,-0.281617,0.074397,0.014438,-0.019754,0.027579,-0.140285,0.215559,0.014938,0.000000,0.000000,0.000000,1,0
1776700105017.000,0.100000,-0.648154,-0.676723,2.933763,-0.063672,0.033811,-1.470458,-1.000000,-1.000000,3.000000,-1.500000,-0.351846,-0.323277,0.066237,-0.029542,-0.362207,-0.274213,-0.024704,0.236551,-0.387853,-0.024704,0.086607,-0.079749,0.129034,-0.061972,0.192465,-0.257013,0.078160,0.013364,-0.018214,0.027158,-0.119222,0.195478,0.023716,0.000000,0.000000,0.000000,1,0
1776700105121.000,0.104000,-0.678995,-0.696969,2.930459,-0.059374,0.030010,-1.471475,0.000000,0.000000,1.000000,-3.100000,0.678995,0.696969,-1.930459,-1.628525,-1.839371,-1.800654,1.669130,1.609392,-2.008855,1.669130,0.000000,0.000000,-0.680000,-1.745330,-0.420811,0.500478,-2.277942,0.010304,-0.014044,-0.079826,-0.811134,1.012463,-1.602365,0.000000,0.000000,0.000000,0,0
1776700105221.000,0.100000,-0.704435,-0.712420,2.927314,-0.057096,0.031840,-1.482557,0.000000,0.000000,1.000000,-3.100000,0.704435,0.712420,-1.927314,-1.617443,-0.951785,-0.878813,0.716802,0.791518,-1.025527,0.716802,0.000000,0.000000,-0.680000,-1.745330,-0.435167,0.513728,-2.274230,0.008025,-0.010938,-0.168238,-0.398925,0.516866,-0.688129,0.000000,0.000000,0.000000,0,0
1776700105322.000,0.101000,-0.726457,-0.724497,2.921115,-0.056958,0.029839,-1.512239,0.000000,0.000000,1.000000,-3.100000,0.726457,0.724497,-1.921115,-1.587761,-0.540889,-0.453638,0.281027,0.421205,-0.566510,0.281027,0.000000,0.000000,-0.680000,-1.745330,-0.457457,0.515835,-2.266916,0.006234,-0.008497,-0.244640,-0.212288,0.285521,-0.269786,0.000000,0.000000,0.000000,0,0
1776700105421.000,0.099000,-0.745438,-0.733670,2.910740,-0.055110,0.029073,-1.542671,0.000000,0.000000,1.000000,-3.100000,0.745438,0.733670,-1.910740,-1.557329,-0.345356,-0.251491,0.064961,0.241679,-0.352292,0.064961,0.000000,0.000000,-0.680000,-1.745330,-0.478744,0.514601,-2.254673,0.004867,-0.006634,-0.308715,-0.121806,0.177555,-0.062362,0.000000,0.000000,0.000000,0,0
1776700105521.000,0.100000,-0.761756,-0.739852,2.897587,-0.055248,0.028688,-1.573253,0.000000,0.000000,1.000000,-3.100000,0.761756,0.739852,-1.897587,-1.526747,-0.243339,-0.145275,-0.045074,0.145873,-0.242981,-0.045074,0.000000,0.000000,-0.680000,-1.745330,-0.498437,0.510677,-2.239152,0.003791,-0.005167,-0.348000,-0.073520,0.122463,0.043271,0.000000,0.000000,0.000000,0,0
1776700105621.000,0.100000,-0.775804,-0.744110,2.882211,-0.048413,0.027241,-1.601329,0.000000,0.000000,1.000000,-3.100000,0.775804,0.744110,-1.882211,-1.498671,-0.185737,-0.087764,-0.105934,0.093394,-0.182971,-0.105934,0.000000,0.000000,-0.680000,-1.745330,-0.515724,0.505832,-2.221010,0.002952,-0.004024,-0.348000,-0.047070,0.092218,0.101696,0.000000,0.000000,0.000000,0,0
1776700105721.000,0.100000,-0.787657,-0.746225,2.865562,-0.046452,0.020781,-1.628648,0.000000,0.000000,1.000000,-3.100000,0.787657,0.746225,-1.865562,-1.471352,-0.148103,-0.050462,-0.139846,0.058941,-0.144937,-0.139846,0.000000,0.000000,-0.680000,-1.745330,-0.531229,0.499426,-2.201364,0.002299,-0.003134,-0.348000,-0.029706,0.073048,0.134252,0.000000,0.000000,0.000000,0,0
1776700105828.000,0.107000,-0.797043,-0.746985,2.848985,-0.048620,0.018339,-1.658156,0.000000,0.000000,1.000000,-3.100000,0.797043,0.746985,-1.848985,-1.441844,-0.114287,-0.026179,-0.148291,0.036051,-0.111567,-0.148291,0.000000,0.000000,-0.680000,-1.745330,-0.546791,0.489774,-2.181803,0.001760,-0.002398,-0.348000,-0.018170,0.056230,0.142359,0.000000,0.000000,0.000000,0,0
1776700105921.000,0.093000,-0.804879,-0.746237,2.829618,-0.058666,0.028076,-1.687711,0.000000,0.000000,1.000000,-3.100000,0.804879,0.746237,-1.829618,-1.412289,-0.097472,-0.007014,-0.181865,0.018336,-0.095988,-0.181865,0.000000,0.000000,-0.680000,-1.745330,-0.561140,0.478690,-2.158950,0.001395,-0.001901,-0.348000,-0.009241,0.048378,0.174591,0.000000,0.000000,0.000000,0,0
1776700106021.000,0.100000,-0.808845,-0.743407,2.809808,-0.066259,0.059680,-1.717394,0.000000,0.000000,1.000000,-3.100000,0.808845,0.743407,-1.809808,-1.382606,-0.065099,0.012762,-0.190957,-0.003116,-0.066265,-0.190957,0.000000,0.000000,-0.680000,-1.745330,-0.573608,0.464740,-2.135574,0.001086,-0.001480,-0.348000,0.001571,0.033397,0.183318,0.000000,0.000000,0.000000,0,0
1776700106120.000,0.099000,-0.810362,-0.739535,2.791020,-0.038481,0.043969,-1.750374,0.000000,0.000000,1.000000,-3.100000,0.810362,0.739535,-1.791020,-1.349626,-0.037224,0.027513,-0.190298,-0.020422,-0.041540,-0.190298,0.000000,0.000000,-0.680000,-1.745330,-0.586243,0.447041,-2.113404,0.000848,-0.001156,-0.348000,0.010293,0.020936,0.182687,0.000000,0.000000,0.000000,0,0
1776700106220.000,0.100000,-0.809004,-0.734589,2.772586,-0.028645,0.030771,-1.781990,0.000000,0.000000,1.000000,-3.100000,0.809004,0.734589,-1.772586,-1.318010,-0.008773,0.039803,-0.186963,-0.037080,-0.016922,-0.186963,0.000000,0.000000,-0.680000,-1.745330,-0.596640,0.428091,-2.091651,0.000660,-0.000900,-0.348000,0.018688,0.008528,0.179484,0.000000,0.000000,0.000000,0,0
1776700106321.000,0.101000,-0.806238,-0.729564,2.753516,-0.026691,0.024053,-1.813284,0.000000,0.000000,1.000000,-3.100000,0.806238,0.729564,-1.753516,-1.286716,0.011477,0.045378,-0.187995,-0.046806,0.000245,-0.187995,0.000000,0.000000,-0.680000,-1.745330,-0.606018,0.408219,-2.069149,0.000513,-0.000699,-0.348000,0.023590,-0.000124,0.180475,0.000000,0.000000,0.000000,0,0
1776700106421.000,0.100000,-0.803173,-0.724566,2.733851,-0.033833,0.018101,-1.842680,0.000000,0.000000,1.000000,-3.100000,0.803173,0.724566,-1.733851,-1.257320,0.022213,0.047953,-0.192847,-0.052157,0.008519,-0.192847,0.000000,0.000000,-0.680000,-1.745330,-0.613966,0.389149,-2.045944,0.000400,-0.000545,-0.348000,0.026287,-0.004294,0.185133,0.000000,0.000000,0.000000,0,0
1776700106522.000,0.101000,-0.799913,-0.719928,2.713803,-0.026466,0.025147,-1.872392,0.000000,0.000000,1.000000,-3.100000,0.799913,0.719928,-1.713803,-1.227608,0.027850,0.046815,-0.196009,-0.052975,0.012687,-0.196009,0.000000,0.000000,-0.680000,-1.745330,-0.621629,0.369571,-2.022287,0.000310,-0.000423,-0.348000,0.026699,-0.006394,0.188168,0.000000,0.000000,0.000000,0,0
1776700106625.000,0.103000,-0.796779,-0.715573,2.693298,-0.027142,0.021502,-1.904466,0.000000,0.000000,1.000000,-3.100000,0.796779,0.715573,-1.693298,-1.195534,0.029292,0.044277,-0.197728,-0.051429,0.013175,-0.197728,0.000000,0.000000,-0.680000,-1.745330,-0.629706,0.348415,-1.998091,0.000240,-0.000327,-0.348000,0.025920,-0.006640,0.189819,0.000000,0.000000,0.000000,0,0
1776700106725.000,0.100000,-0.793823,-0.712209,2.674255,-0.015217,0.025457,-1.934290,0.000000,0.000000,1.000000,-3.100000,0.793823,0.712209,-1.674255,-1.165710,0.029443,0.038319,-0.193642,-0.046284,0.013895,-0.193642,0.000000,0.000000,-0.680000,-1.745330,-0.636996,0.328429,-1.975620,0.000187,-0.000255,-0.348000,0.023327,-0.007003,0.185896,0.000000,0.000000,0.000000,0,0
1776700106825.000,0.100000,-0.791233,-0.709956,2.656331,-0.013510,0.021422,-1.965534,0.000000,0.000000,1.000000,-3.100000,0.791233,0.709956,-1.656331,-1.134466,0.027460,0.029477,-0.185576,-0.037770,0.014013,-0.185576,0.000000,0.000000,-0.680000,-1.745330,-0.644878,0.307345,-1.954470,0.000146,-0.000198,-0.348000,0.019036,-0.007062,0.178153,0.000000,0.000000,0.000000,0,0
1776700106925.000,0.100000,-0.789472,-0.709532,2.639193,-0.011094,0.020391,-1.994588,0.000000,0.000000,1.000000,-3.100000,0.789472,0.709532,-1.639193,-1.105412,0.021944,0.015348,-0.177626,-0.023014,0.013692,-0.177626,0.000000,0.000000,-0.680000,-1.745330,-0.652788,0.287521,-1.934247,0.000113,-0.000154,-0.348000,0.011599,-0.006901,0.170521,0.000000,0.000000,0.000000,0,0
1776700107025.000,0.100000,-0.788215,-0.710789,2.622495,-0.010529,0.019647,-2.023446,0.000000,0.000000,1.000000,-3.100000,0.788215,0.710789,-1.622495,-1.076554,0.016691,-0.000285,-0.171662,-0.007043,0.015134,-0.171662,0.000000,0.000000,-0.680000,-1.745330,-0.661202,0.267437,-1.914544,0.000088,-0.000120,-0.348000,0.003550,-0.007628,0.164796,0.000000,0.000000,0.000000,0,0
1776700107125.000,0.100000,-0.787648,-0.713789,2.606375,-0.010125,0.023827,-2.054094,0.000000,0.000000,1.000000,-3.100000,0.787648,0.713789,-1.606375,-1.045906,0.010522,-0.016929,-0.165805,0.010101,0.017184,-0.165805,0.000000,0.000000,-0.680000,-1.745330,-0.670695,0.245776,-1.895522,0.000069,-0.000094,-0.348000,-0.005091,-0.008661,0.159173,0.000000,0.000000,0.000000,0,0
1776700107225.000,0.100000,-0.787327,-0.718177,2.590267,-0.020744,0.025125,-2.083815,0.000000,0.000000,1.000000,-3.100000,0.787327,0.718177,-1.590267,-1.016185,0.006424,-0.032019,-0.163156,0.024744,0.021312,-0.163156,0.000000,0.000000,-0.680000,-1.745330,-0.680166,0.224102,-1.876515,0.000054,-0.000073,-0.348000,-0.012471,-0.010741,0.156630,0.000000,0.000000,0.000000,0,0
1776700107325.000,0.100000,-0.787645,-0.723109,2.574421,-0.028110,0.023851,-2.112960,0.000000,0.000000,1.000000,-3.100000,0.787645,0.723109,-1.574421,-0.987040,0.001050,-0.041711,-0.160529,0.035188,0.022422,-0.160529,0.000000,0.000000,-0.680000,-1.745330,-0.689357,0.202658,-1.857816,0.000042,-0.000057,-0.348000,-0.017735,-0.011301,0.154108,0.000000,0.000000,0.000000,0,0
1776700107423.000,0.098000,-0.788082,-0.726993,2.563046,-0.030619,0.020864,-2.133857,0.000000,0.000000,1.000000,-3.100000,0.788082,0.726993,-1.563046,-0.966143,-0.002035,-0.040545,-0.135629,0.035372,0.019921,-0.135629,0.000000,0.000000,-0.680000,-1.745330,-0.695805,0.187065,-1.844395,0.000033,-0.000044,-0.348000,-0.017827,-0.010040,0.130204,0.000000,0.000000,0.000000,0,0
1776700107524.000,0.101000,-0.789212,-0.732586,2.546774,-0.028667,0.019788,-2.163792,0.000000,0.000000,1.000000,-3.100000,0.789212,0.732586,-1.546774,-0.936208,-0.007165,-0.048847,-0.149900,0.044512,0.021356,-0.149900,0.000000,0.000000,-0.680000,-1.745330,-0.704633,0.164685,-1.825193,0.000025,-0.000035,-0.348000,-0.022434,-0.010764,0.143904,0.000000,0.000000,0.000000,0,0
1776700107628.000,0.104000,-0.790739,-0.737789,2.530779,-0.031555,0.023987,-2.191549,0.000000,0.000000,1.000000,-3.100000,0.790739,0.737789,-1.530779,-0.908451,-0.011375,-0.049510,-0.152080,0.046889,0.019545,-0.152080,0.000000,0.000000,-0.680000,-1.745330,-0.712373,0.143867,-1.806320,0.000020,-0.000027,-0.348000,-0.023632,-0.009851,0.145997,0.000000,0.000000,0.000000,0,0
1776700107730.000,0.102000,-0.792995,-0.742869,2.514438,-0.024467,0.028395,-2.220453,0.000000,0.000000,1.000000,-3.100000,0.792995,0.742869,-1.514438,-0.879547,-0.017388,-0.049676,-0.156635,0.050075,0.016203,-0.156635,0.000000,0.000000,-0.680000,-1.745330,-0.719869,0.122361,-1.787036,0.000015,-0.000021,-0.348000,-0.025238,-0.008167,0.150370,0.000000,0.000000,0.000000,0,0
1776700107833.000,0.103000,-0.795210,-0.747567,2.498606,-0.030885,0.027447,-2.247175,0.000000,0.000000,1.000000,-3.100000,0.795210,0.747567,-1.498606,-0.852825,-0.019695,-0.047403,-0.154992,0.049295,0.014314,-0.154992,0.000000,0.000000,-0.680000,-1.702371,-0.726275,0.102267,-1.768355,0.000012,-0.000016,-0.348000,-0.024845,-0.007214,0.148792,0.000000,0.000000,0.000000,0,0
1776700107936.000,0.103000,-0.797557,-0.752141,2.481997,-0.026793,0.036698,-2.277343,0.000000,0.000000,1.000000,-3.100000,0.797557,0.752141,-1.481997,-0.822657,-0.021424,-0.045726,-0.158502,0.048688,0.013391,-0.158502,0.000000,0.000000,-0.680000,-1.664956,-0.732391,0.079517,-1.748756,0.000009,-0.000012,-0.348000,-0.024539,-0.006749,0.152162,0.000000,0.000000,0.000000,0,0
1776700108036.000,0.100000,-0.799697,-0.756023,2.466384,-0.030096,0.034971,-2.305254,0.000000,0.000000,1.000000,-3.100000,0.799697,0.756023,-1.466384,-0.794746,-0.021412,-0.041859,-0.157170,0.045417,0.012161,-0.157170,0.000000,0.000000,-0.680000,-1.632674,-0.737225,0.058366,-1.730333,0.000007,-0.000010,-0.348000,-0.022890,-0.006129,0.150883,0.000000,0.000000,0.000000,0,0
1776700108142.000,0.106000,-0.802264,-0.760330,2.447137,-0.028403,0.035031,-2.342469,0.000000,0.000000,1.000000,-3.100000,0.802264,0.760330,-1.447137,-0.757531,-0.022985,-0.041169,-0.170838,0.045536,0.012234,-0.170838,0.000000,0.000000,-0.680000,-1.562961,-0.742164,0.030115,-1.707622,0.000005,-0.000007,-0.348000,-0.022950,-0.006166,0.164004,0.000000,0.000000,0.000000,0,0
1776700108243.000,0.101000,-0.803577,-0.762392,2.435614,-0.031787,0.034272,-2.363991,0.000000,0.000000,1.000000,-3.100000,0.803577,0.762392,-1.435614,-0.736009,-0.017389,-0.029545,-0.139061,0.033120,0.008854,-0.139061,0.000000,0.000000,-0.680000,-1.550323,-0.744240,0.013768,-1.694024,0.000004,-0.000006,-0.348000,-0.016692,-0.004463,0.133499,0.000000,0.000000,0.000000,0,0
1776700108345.000,0.102000,-0.805794,-0.765269,2.416325,-0.028896,0.032509,-2.402375,0.000000,0.000000,1.000000,-3.100000,0.805794,0.765269,-1.416325,-0.697625,-0.019827,-0.028797,-0.167082,0.034053,0.007923,-0.167082,0.000000,0.000000,-0.680000,-1.445520,-0.746624,-0.015227,-1.671264,0.000003,-0.000004,-0.348000,-0.017163,-0.003993,0.160399,0.000000,0.000000,0.000000,0,0
1776700108448.000,0.103000,-0.806980,-0.766707,2.404045,-0.029406,0.035433,-2.426320,0.000000,0.000000,1.000000,-3.100000,0.806980,0.766707,-1.404045,-0.673680,-0.015169,-0.020491,-0.140284,0.024890,0.005521,-0.140284,0.000000,0.000000,-0.680000,-1.419447,-0.747281,-0.033306,-1.656773,0.000003,-0.000003,-0.348000,-0.012544,-0.002782,0.134672,0.000000,0.000000,0.000000,0,0
1776700108548.000,0.100000,-0.808632,-0.768227,2.389098,-0.030114,0.035982,-2.452687,0.000000,0.000000,1.000000,-3.100000,0.808632,0.768227,-1.389098,-0.647313,-0.015924,-0.017529,-0.145429,0.023436,0.003408,-0.145429,0.000000,0.000000,-0.680000,-1.360406,-0.747649,-0.053078,-1.639135,0.000002,-0.000003,-0.348000,-0.011812,-0.001718,0.139612,0.000000,0.000000,0.000000,0,0
1776700108658.000,0.110000,-0.810102,-0.769272,2.373448,-0.030849,0.036334,-2.484025,0.000000,0.000000,1.000000,-3.100000,0.810102,0.769272,-1.373448,-0.615975,-0.014492,-0.013033,-0.143659,0.019435,0.001458,-0.143659,0.000000,0.000000,-0.680000,-1.292766,-0.746830,-0.076430,-1.620669,0.000001,-0.000002,-0.348000,-0.009795,-0.000735,0.137913,0.000000,0.000000,0.000000,0,0
1776700108760.000,0.102000,-0.811591,-0.770129,2.358458,-0.019806,0.036573,-2.513540,0.000000,0.000000,1.000000,-3.100000,0.811591,0.770129,-1.358458,-0.586460,-0.014550,-0.010437,-0.145507,0.017906,-0.000104,-0.145507,0.000000,0.000000,-0.680000,-1.231546,-0.745397,-0.098314,-1.602981,0.000001,-0.000002,-0.348000,-0.009025,0.000053,0.139687,0.000000,0.000000,0.000000,0,0
1776700108825.000,0.065000,-0.813103,-0.770704,2.341740,-0.027003,0.038265,-2.541347,0.000000,0.000000,1.000000,-3.100000,0.813103,0.770704,-1.341740,-0.558653,-0.019433,-0.009550,-0.208059,0.021431,-0.003096,-0.208059,0.000000,0.000000,-0.680000,-1.152388,-0.743433,-0.118746,-1.583253,0.000001,-0.000001,-0.348000,-0.010801,0.001560,0.199737,0.000000,0.000000,0.000000,0,0
1776700108925.000,0.100000,-0.814481,-0.771214,2.325358,-0.026170,0.037164,-2.570954,0.000000,0.000000,1.000000,-3.100000,0.814481,0.771214,-1.325358,-0.529046,-0.016268,-0.007058,-0.183284,0.017503,-0.002848,-0.183284,0.000000,0.000000,-0.680000,-1.112775,-0.740556,-0.140489,-1.563923,0.000001,-0.000001,-0.348000,-0.008822,0.001436,0.175953,0.000000,0.000000,0.000000,0,0
1776700109028.000,0.103000,-0.816031,-0.771588,2.307322,-0.024707,0.037599,-2.601656,0.000000,0.000000,1.000000,-3.100000,0.816031,0.771588,-1.307322,-0.498344,-0.015583,-0.005138,-0.178706,0.016007,-0.003604,-0.178706,0.000000,0.000000,-0.680000,-1.049511,-0.736917,-0.162837,-1.542640,0.000001,-0.000001,-0.348000,-0.008068,0.001816,0.171558,0.000000,0.000000,0.000000,0,0
1776700109129.000,0.101000,-0.817557,-0.772167,2.289618,-0.027668,0.037866,-2.630561,0.000000,0.000000,1.000000,-3.100000,0.817557,0.772167,-1.289618,-0.469439,-0.015319,-0.005468,-0.176793,0.016036,-0.002722,-0.176793,0.000000,0.000000,-0.680000,-0.992161,-0.732988,-0.183904,-1.521749,0.000000,-0.000001,-0.348000,-0.008082,0.001372,0.169722,0.000000,0.000000,0.000000,0,0
1776700109225.000,0.096000,-0.819197,-0.772723,2.272812,-0.017628,0.039470,-2.663011,0.000000,0.000000,1.000000,-3.100000,0.819197,0.772723,-1.272812,-0.436989,-0.016307,-0.005652,-0.175824,0.017078,-0.002493,-0.175824,0.000000,0.000000,-0.680000,-0.917344,-0.727786,-0.207413,-1.501918,0.000000,-0.000000,-0.348000,-0.008607,0.001256,0.168791,0.000000,0.000000,0.000000,0,0
1776700109330.000,0.105000,-0.820809,-0.773809,2.254656,-0.017308,0.042326,-2.695362,0.000000,0.000000,1.000000,-3.100000,0.820809,0.773809,-1.254656,-0.404638,-0.015772,-0.008276,-0.174195,0.017799,0.000658,-0.174195,0.000000,0.000000,-0.680000,-0.855812,-0.721988,-0.231035,-1.480494,0.000000,-0.000000,-0.348000,-0.008971,-0.000332,0.167227,0.000000,0.000000,0.000000,0,0
1776700109429.000,0.099000,-0.822143,-0.775305,2.237318,-0.019709,0.047006,-2.721774,0.000000,0.000000,1.000000,-3.100000,0.822143,0.775305,-1.237318,-0.378226,-0.014483,-0.012104,-0.174718,0.018159,0.005149,-0.174718,0.000000,0.000000,-0.680000,-0.807598,-0.716863,-0.250574,-1.460035,0.000000,-0.000000,-0.348000,-0.009152,-0.002595,0.167730,0.000000,0.000000,0.000000,0,0
1776700109529.000,0.100000,-0.823208,-0.776940,2.220073,-0.018475,0.046596,-2.754870,0.000000,0.000000,1.000000,-3.100000,0.823208,0.776940,-1.220073,-0.345130,-0.012340,-0.014483,-0.173444,0.016892,0.008759,-0.173444,0.000000,0.000000,-0.680000,-0.727771,-0.709257,-0.274906,-1.439687,0.000000,-0.000000,-0.348000,-0.008513,-0.004415,0.166506,0.000000,0.000000,0.000000,0,0
1776700109629.000,0.100000,-0.824070,-0.778627,2.203422,-0.018222,0.043970,-2.787137,0.000000,0.000000,1.000000,-3.100000,0.824070,0.778627,-1.203422,-0.312863,-0.010255,-0.015818,-0.169563,0.015107,0.011275,-0.169563,0.000000,0.000000,-0.680000,-0.660438,-0.700955,-0.298506,-1.420038,0.000000,-0.000000,-0.348000,-0.007614,-0.005683,0.162781,0.000000,0.000000,0.000000,0,0
1776700109730.000,0.101000,-0.824881,-0.780320,2.187385,-0.018899,0.040259,-2.818296,0.000000,0.000000,1.000000,-3.100000,0.824881,0.780320,-1.187385,-0.281704,-0.009006,-0.016350,-0.163528,0.013734,0.012642,-0.163528,0.000000,0.000000,-0.680000,-0.595661,-0.692193,-0.321105,-1.401114,0.000000,-0.000000,-0.348000,-0.006922,-0.006371,0.156987,0.000000,0.000000,0.000000,0,0
1776700109829.000,0.099000,-0.825629,-0.781620,2.171267,-0.021092,0.042834,-2.847759,0.000000,0.000000,1.000000,-3.100000,0.825629,0.781620,-1.171267,-0.252241,-0.008196,-0.014549,-0.163123,0.012059,0.011552,-0.163123,0.000000,0.000000,-0.680000,-0.533480,-0.683168,-0.342048,-1.382095,0.000000,-0.000000,-0.348000,-0.006078,-0.005822,0.156598,0.000000,0.000000,0.000000,0,0
1776700109929.000,0.100000,-0.826741,-0.782695,2.155928,-0.017915,0.042825,-2.879598,0.000000,0.000000,1.000000,-3.100000,0.826741,0.782695,-1.155928,-0.220402,-0.009835,-0.012419,-0.157675,0.012716,0.009448,-0.157675,0.000000,0.000000,-0.680000,-0.460864,-0.672842,-0.364125,-1.363994,0.000000,-0.000000,-0.348000,-0.006409,-0.004762,0.151368,0.000000,0.000000,0.000000,0,0
1776700110028.000,0.099000,-0.827823,-0.783581,2.140886,-0.016168,0.043861,-2.908514,0.000000,0.000000,1.000000,-3.100000,0.827823,0.783581,-1.140886,-0.191486,-0.010445,-0.010477,-0.154458,0.012583,0.007781,-0.154458,0.000000,0.000000,-0.680000,-0.401552,-0.662878,-0.383838,-1.346246,0.000000,-0.000000,-0.348000,-0.006342,-0.003922,0.148280,0.000000,0.000000,0.000000,0,0
1776700110129.000,0.101000,-0.828725,-0.783910,2.126557,-0.019692,0.048020,-2.933035,0.000000,0.000000,1.000000,-3.100000,0.828725,0.783910,-1.126557,-0.166965,-0.009596,-0.006434,-0.147411,0.010720,0.004307,-0.147411,-0.666562,-0.406675,-0.680000,-0.354764,-0.653906,-0.400066,-1.329337,-0.007253,-0.004438,-0.348000,-0.005403,-0.002171,0.141515,0.000000,0.000000,0.000000,1,0
1776700110229.000,0.100000,-0.829365,-0.783903,2.112933,-0.009681,0.050272,-2.954219,0.000000,0.000000,1.000000,-3.100000,0.829365,0.783903,-1.112933,-0.145781,-0.007811,-0.002790,-0.141153,0.008194,0.001286,-0.141153,-0.662595,-0.422402,-0.680000,-0.311996,-0.645707,-0.413743,-1.313261,-0.012758,-0.008011,-0.348000,-0.004130,-0.000648,0.135507,0.000000,0.000000,0.000000,1,0
1776700110329.000,0.100000,-0.827999,-0.781517,2.099070,-0.052985,0.078701,-2.967372,0.000000,0.000000,1.000000,-3.100000,0.827999,0.781517,-1.099070,-0.132628,0.004213,0.012132,-0.139744,-0.006252,-0.011218,-0.139744,-0.652848,-0.425998,-0.680000,-0.293914,-0.639027,-0.420780,-1.296902,-0.016971,-0.010872,-0.348000,0.003151,0.005654,0.134154,0.000000,0.000000,0.000000,1,0
1776700110429.000,0.100000,-0.823592,-0.775460,2.085408,-0.085606,0.104805,-2.977944,0.000000,0.000000,1.000000,-3.100000,0.823592,0.775460,-1.085408,-0.122056,0.026532,0.039261,-0.137994,-0.032574,-0.034413,-0.137994,-0.634705,-0.419768,-0.680000,-0.272764,-0.630958,-0.423978,-1.280781,-0.020164,-0.013135,-0.348000,0.016417,0.017344,0.132475,0.000000,0.000000,0.000000,1,0
1776700110633.000,0.204000,-0.814417,-0.763590,2.071163,-0.093289,0.110840,-2.989993,0.000000,0.000000,1.000000,-3.100000,0.814417,0.763590,-1.071163,-0.110007,0.036861,0.049858,-0.099821,-0.043967,-0.043720,-0.099821,-0.619165,-0.417802,-0.680000,-0.248572,-0.618504,-0.424596,-1.263972,-0.022820,-0.015241,-0.348000,0.022160,0.022035,0.095828,0.000000,0.000000,0.000000,1,0
1776700110640.000,0.007000,-0.799268,-0.744718,2.057175,-0.101370,0.118801,-2.999981,0.000000,0.000000,1.000000,-3.100000,0.799268,0.744718,-1.057175,-0.100019,1.228151,1.531686,-1.162939,-1.432038,-1.343013,-1.162939,0.096373,0.241861,-0.479045,-0.009110,-0.602365,-0.419634,-1.247467,-0.023010,-0.015384,-0.348000,0.721747,0.676879,1.116422,0.000000,0.000000,0.000000,1,0
1776700110814.000,0.174000,-0.790949,-0.734322,2.051112,-0.095655,0.113482,-3.009036,0.000000,0.000000,1.000000,-3.100000,0.790949,0.734322,-1.051112,-0.090964,0.567162,0.707402,-0.531208,-0.655683,-0.626235,-0.531208,-0.285931,-0.119890,-0.680000,-0.205684,-0.592075,-0.418885,-1.240312,-0.024320,-0.016627,-0.348000,0.330464,0.315622,0.509959,0.000000,0.000000,0.000000,1,0
1776700110837.000,0.023000,-0.755374,-0.691616,2.030217,-0.030612,0.074200,-3.016992,0.000000,0.000000,1.000000,-3.100000,0.755374,0.691616,-1.030217,-0.083008,1.115716,1.351054,-0.742468,-1.274974,-1.201920,-0.742468,0.056466,0.190770,-0.680000,-0.141883,-0.561437,-0.398077,-1.215657,-0.024685,-0.016920,-0.348000,0.642587,0.605768,0.712770,0.000000,0.000000,0.000000,1,0
1776700110956.000,0.119000,-0.745399,-0.680107,2.024754,-0.007490,0.063199,-3.018906,0.000000,0.000000,1.000000,-3.100000,0.745399,0.680107,-1.024754,-0.081094,0.537857,0.648622,-0.352397,-0.613192,-0.577924,-0.352397,-0.269268,-0.118489,-0.680000,-0.188193,-0.553074,-0.392296,-1.209209,-0.025243,-0.017467,-0.348000,0.309049,0.291274,0.338302,0.000000,0.000000,0.000000,1,0
1776700111154.000,0.198000,-0.734020,-0.667382,2.018674,0.004583,0.057474,-3.019017,0.000000,0.000000,1.000000,-3.100000,0.734020,0.667382,-1.018674,-0.080983,0.268840,0.321385,-0.172249,-0.306118,-0.286103,-0.172249,-0.414788,-0.257823,-0.680000,-0.186963,-0.544396,-0.384805,-1.202036,-0.024676,-0.017213,-0.348000,0.154283,0.144196,0.165359,0.000000,0.000000,0.000000,1,0
1776700111156.000,0.002000,-0.681489,-0.615712,1.989555,0.009383,0.064570,-3.033411,0.000000,0.000000,1.000000,-3.100000,0.681489,0.615712,-0.989555,-0.066589,1.798289,1.821409,-1.755790,-1.984436,-1.616599,-1.755790,0.475505,0.435643,0.169883,0.993966,-0.499957,-0.361893,-1.167675,-0.024694,-0.017229,-0.348000,1.000156,0.814766,1.685558,0.000000,0.000000,0.000000,1,0
1776700111272.000,0.116000,-0.661090,-0.600013,1.978099,-0.009766,0.081992,-3.036916,0.000000,0.000000,1.000000,-3.100000,0.661090,0.600013,-0.978099,-0.063084,0.889728,0.877212,-0.827852,-0.976514,-0.779447,-0.827852,-0.016202,0.021015,-0.680000,-0.143583,-0.483950,-0.354584,-1.154157,-0.024416,-0.017243,-0.348000,0.492163,0.392841,0.794738,0.000000,0.000000,0.000000,1,0
1776700111356.000,0.084000,-0.622908,-0.575042,1.960883,0.007207,0.051590,-3.018539,0.000000,0.000000,1.000000,-3.100000,0.622908,0.575042,-0.960883,-0.081461,0.646025,0.552444,-0.479026,-0.708949,-0.468971,-0.479026,-0.129797,-0.112939,-0.680000,-0.220573,-0.462861,-0.332126,-1.133842,-0.024246,-0.017174,-0.348000,0.357310,0.236362,0.459865,0.000000,0.000000,0.000000,1,0
1776700111530.000,0.174000,-0.607732,-0.566634,1.955710,0.012708,0.036025,-3.019963,0.000000,0.000000,1.000000,-3.100000,0.607732,0.566634,-0.955710,-0.080037,0.333094,0.270136,-0.227422,-0.363408,-0.227726,-0.227422,-0.291304,-0.229985,-0.680000,-0.180012,-0.451579,-0.328414,-1.127737,-0.022884,-0.016345,-0.344913,0.183158,0.114774,0.218326,0.000000,0.000000,0.000000,1,0
1776700111557.000,0.027000,-0.574254,-0.549988,1.940020,-0.002438,0.040991,-3.033760,0.000000,0.000000,1.000000,-3.100000,0.574254,0.549988,-0.940020,-0.066240,0.840926,0.464102,-0.425486,-0.885990,-0.370903,-0.425486,0.000204,-0.155419,-0.680000,-0.071078,-0.423434,-0.325914,-1.109223,-0.022901,-0.016441,-0.345847,0.446539,0.186935,0.408467,0.000000,0.000000,0.000000,1,0
1776700111657.000,0.100000,-0.552696,-0.540207,1.926392,-0.010699,0.048704,-3.037131,0.000000,0.000000,1.000000,-3.100000,0.552696,0.540207,-0.926392,-0.062869,0.490730,0.258982,-0.263529,-0.515059,-0.206401,-0.263529,-0.169968,-0.234639,-0.680000,-0.139609,-0.407240,-0.322312,-1.093143,-0.022319,-0.016353,-0.345515,0.259590,0.104026,0.252988,0.000000,0.000000,0.000000,1,0
1776700111758.000,0.101000,-0.532963,-0.530528,1.911948,-0.027163,0.050324,-3.036412,0.000000,0.000000,1.000000,-3.100000,0.532963,0.530528,-0.911948,-0.063588,0.325329,0.167618,-0.196038,-0.341129,-0.132536,-0.196038,-0.243377,-0.266364,-0.680000,-0.146870,-0.393601,-0.316943,-1.076099,-0.021704,-0.016219,-0.344436,0.171929,0.066798,0.188197,0.000000,0.000000,0.000000,1,0
1776700111858.000,0.100000,-0.514017,-0.520141,1.896302,-0.044376,0.057756,-3.039449,0.000000,0.000000,1.000000,-3.100000,0.514017,0.520141,-0.896302,-0.060551,0.249243,0.131917,-0.173873,-0.261395,-0.105815,-0.173873,-0.268596,-0.275233,-0.680000,-0.133941,-0.379260,-0.312492,-1.057637,-0.021079,-0.016072,-0.342747,0.131743,0.053331,0.166918,0.000000,0.000000,0.000000,1,0
1776700112038.000,0.180000,-0.503661,-0.513424,1.887226,-0.043424,0.056521,-3.044185,0.000000,0.000000,1.000000,-3.100000,0.503661,0.513424,-0.887226,-0.055815,0.141885,0.078942,-0.104742,-0.148890,-0.064769,-0.104742,-0.314821,-0.293110,-0.680000,-0.123391,-0.370411,-0.310468,-1.046927,-0.019451,-0.015285,-0.334793,0.075041,0.032644,0.100552,0.000000,0.000000,0.000000,1,0
1776700112061.000,0.023000,-0.475708,-0.491416,1.861495,-0.056404,0.079077,-3.048956,0.000000,0.000000,1.000000,-3.100000,0.475708,0.491416,-0.861495,-0.051044,0.743030,0.570576,-0.672568,-0.792624,-0.499396,-0.672568,0.031195,-0.062898,-0.680000,-0.084507,-0.348853,-0.299244,-1.016565,-0.019435,-0.015350,-0.334925,0.399483,0.251696,0.645666,0.000000,0.000000,0.000000,1,0
1776700112171.000,0.110000,-0.465908,-0.482686,1.852931,-0.063898,0.085684,-3.049883,0.000000,0.000000,1.000000,-3.100000,0.465908,0.482686,-0.852931,-0.050117,0.376824,0.295497,-0.339529,-0.402302,-0.259745,-0.339529,-0.157515,-0.178553,-0.680000,-0.113728,-0.341480,-0.294329,-1.006459,-0.018795,-0.015136,-0.331712,0.202760,0.130912,0.325948,0.000000,0.000000,0.000000,1,0
1776700112261.000,0.090000,-0.433781,-0.450761,1.826681,-0.044308,0.064596,-3.049326,0.000000,0.000000,1.000000,-3.100000,0.433781,0.450761,-0.826681,-0.050674,0.365705,0.328661,-0.312726,-0.394431,-0.293569,-0.312726,-0.137618,-0.141685,-0.680000,-0.116776,-0.318170,-0.274765,-0.975484,-0.018241,-0.014878,-0.328825,0.198793,0.147959,0.300217,0.000000,0.000000,0.000000,1,0
1776700112359.000,0.098000,-0.422188,-0.438505,1.818128,-0.035101,0.058522,-3.052016,0.000000,0.000000,1.000000,-3.100000,0.422188,0.438505,-0.818128,-0.047984,0.227159,0.214647,-0.186476,-0.245450,-0.193466,-0.186476,-0.202854,-0.185160,-0.680000,-0.105387,-0.308933,-0.268114,-0.965391,-0.017627,-0.014552,-0.325402,0.123707,0.097507,0.179017,0.000000,0.000000,0.000000,1,0
1776700112461.000,0.102000,-0.389553,-0.402411,1.793955,-0.026655,0.054168,-3.056553,0.000000,0.000000,1.000000,-3.100000,0.389553,0.402411,-0.793955,-0.043447,0.279120,0.292608,-0.214765,-0.302965,-0.267843,-0.214765,-0.147939,-0.126254,-0.680000,-0.092771,-0.283802,-0.247208,-0.936867,-0.016831,-0.014039,-0.320934,0.152694,0.134993,0.206174,0.000000,0.000000,0.000000,1,0
1776700112602.000,0.141000,-0.375428,-0.386596,1.783824,-0.028635,0.064391,-3.058647,0.000000,0.000000,1.000000,-3.100000,0.375428,0.386596,-0.783824,-0.041353,0.178912,0.191559,-0.134733,-0.194167,-0.176077,-0.134733,-0.190739,-0.162457,-0.680000,-0.092407,-0.272944,-0.237997,-0.924912,-0.015655,-0.013203,-0.313425,0.097860,0.088743,0.129344,0.000000,0.000000,0.000000,1,0
1776700112661.000,0.059000,-0.345595,-0.352868,1.762732,-0.027992,0.069391,-3.063804,0.000000,0.000000,1.000000,-3.100000,0.345595,0.352868,-0.762732,-0.036196,0.361887,0.404413,-0.259471,-0.392220,-0.375068,-0.259471,-0.067593,-0.042293,-0.680000,-0.069909,-0.249964,-0.218363,-0.900024,-0.015307,-0.012964,-0.311592,0.197679,0.189034,0.249093,0.000000,0.000000,0.000000,1,0
1776700112786.000,0.125000,-0.340393,-0.346899,1.758984,-0.025330,0.069322,-3.063914,0.000000,0.000000,1.000000,-3.100000,0.340393,0.346899,-0.758984,-0.036086,0.182534,0.204683,-0.130960,-0.197867,-0.189901,-0.130960,-0.160801,-0.131212,-0.680000,-0.082861,-0.246144,-0.214662,-0.895601,-0.014381,-0.012260,-0.305511,0.099725,0.095710,0.125721,0.000000,0.000000,0.000000,1,0
1776700112860.000,0.074000,-0.301409,-0.304129,1.732360,-0.009410,0.058157,-3.072102,0.000000,0.000000,1.000000,-3.100000,0.301409,0.304129,-0.732360,-0.027898,0.375329,0.413730,-0.259104,-0.403150,-0.386670,-0.259104,-0.026893,-0.006775,-0.680000,-0.048017,-0.216249,-0.189817,-0.864185,-0.013833,-0.011840,-0.302514,0.203188,0.194882,0.248740,0.000000,0.000000,0.000000,1,0
1776700112971.000,0.111000,-0.280801,-0.282298,1.717489,-0.004427,0.054047,-3.072399,0.000000,0.000000,1.000000,-3.100000,0.280801,0.282298,-0.717489,-0.027601,0.269113,0.292179,-0.189031,-0.288670,-0.272874,-0.189031,-0.068748,-0.049741,-0.680000,-0.064017,-0.201363,-0.176204,-0.846637,-0.012875,-0.011066,-0.296571,0.145489,0.137528,0.181470,0.000000,0.000000,0.000000,1,0
1776700113094.000,0.123000,-0.262495,-0.263951,1.703815,-0.003096,0.051034,-3.074891,0.000000,0.000000,1.000000,-3.100000,0.262495,0.263951,-0.703815,-0.025109,0.201753,0.212087,-0.145426,-0.215441,-0.198168,-0.145426,-0.091113,-0.075596,-0.680000,-0.055393,-0.187827,-0.165224,-0.830502,-0.011868,-0.010249,-0.289795,0.108582,0.099877,0.139609,0.000000,0.000000,0.000000,1,0
1776700113185.000,0.091000,-0.241180,-0.243873,1.686925,0.001518,0.044849,-3.074263,0.000000,0.000000,1.000000,-3.100000,0.241180,0.243873,-0.686925,-0.025737,0.219939,0.216875,-0.167927,-0.234032,-0.201586,-0.167927,-0.066003,-0.060735,-0.680000,-0.060657,-0.172732,-0.152607,-0.810572,-0.011223,-0.009727,-0.285540,0.117952,0.101599,0.161210,0.000000,0.000000,0.000000,1,0
1776700113259.000,0.074000,-0.226161,-0.230531,1.674588,-0.003654,0.049373,-3.075095,0.000000,0.000000,1.000000,-3.100000,0.226161,0.230531,-0.674588,-0.024905,0.210432,0.196391,-0.167253,-0.223017,-0.181974,-0.167253,-0.060273,-0.062101,-0.680000,-0.055778,-0.161938,-0.144476,-0.796013,-0.010736,-0.009340,-0.282345,0.112401,0.091715,0.160563,0.000000,0.000000,0.000000,1,0
1776700113364.000,0.105000,-0.203835,-0.212514,1.655576,-0.009683,0.055135,-3.074779,0.000000,0.000000,1.000000,-3.100000,0.203835,0.212514,-0.655576,-0.025221,0.211661,0.182506,-0.174986,-0.223374,-0.167968,-0.174986,-0.043552,-0.057396,-0.680000,-0.058375,-0.146206,-0.133345,-0.773580,-0.009926,-0.008706,-0.276484,0.112580,0.084656,0.167987,0.000000,0.000000,0.000000,1,0
1776700113480.000,0.116000,-0.185941,-0.199347,1.639683,-0.004380,0.047502,-3.077067,0.000000,0.000000,1.000000,-3.100000,0.185941,0.199347,-0.639683,-0.022933,0.179519,0.143864,-0.153720,-0.188422,-0.131989,-0.153720,-0.047429,-0.067159,-0.680000,-0.049651,-0.133330,-0.125626,-0.754826,-0.009063,-0.008056,-0.269740,0.094965,0.066523,0.147571,0.000000,0.000000,0.000000,1,0
1776700113568.000,0.088000,-0.172900,-0.190286,1.626739,-0.004291,0.046938,-3.076172,0.000000,0.000000,1.000000,-3.100000,0.172900,0.190286,-0.626739,-0.023828,0.161971,0.120967,-0.150006,-0.169533,-0.110119,-0.150006,-0.047370,-0.072166,-0.680000,-0.056072,-0.124300,-0.120003,-0.739552,-0.008515,-0.007663,-0.265384,0.085444,0.055500,0.144006,0.000000,0.000000,0.000000,1,0
1776700113693.000,0.125000,-0.152643,-0.177320,1.604113,-0.012085,0.043241,-3.075308,0.000000,0.000000,1.000000,-3.100000,0.152643,0.177320,-0.604113,-0.024692,0.162019,0.111312,-0.167368,-0.169036,-0.100336,-0.167368,-0.032704,-0.068590,-0.680000,-0.057093,-0.110244,-0.112103,-0.712853,-0.007655,-0.007056,-0.257573,0.085194,0.050569,0.160673,0.000000,0.000000,0.000000,1,0
1776700113778.000,0.085000,-0.146290,-0.173414,1.596233,-0.008031,0.040895,-3.076104,0.000000,0.000000,1.000000,-3.100000,0.146290,0.173414,-0.596233,-0.023896,0.113143,0.074710,-0.125560,-0.117790,-0.067145,-0.125560,-0.053573,-0.082782,-0.680000,-0.052737,-0.105723,-0.109851,-0.703554,-0.007216,-0.006772,-0.253508,0.059366,0.033841,0.120537,0.000000,0.000000,0.000000,1,0
1776700113892.000,0.114000,-0.125125,-0.160228,1.566701,-0.017371,0.044305,-3.076987,0.000000,0.000000,1.000000,-3.100000,0.125125,0.160228,-0.566701,-0.023013,0.153752,0.097647,-0.200313,-0.159736,-0.087516,-0.200313,-0.016882,-0.064241,-0.680000,-0.050995,-0.090860,-0.102020,-0.668707,-0.006528,-0.006329,-0.246332,0.080507,0.044108,0.192301,0.000000,0.000000,0.000000,1,0
1776700113977.000,0.085000,-0.116097,-0.154446,1.553810,-0.023738,0.050810,-3.075031,0.000000,0.000000,1.000000,-3.100000,0.116097,0.154446,-0.553810,-0.024969,0.127134,0.081059,-0.173069,-0.132244,-0.072424,-0.173069,-0.024198,-0.067940,-0.680000,-0.059886,-0.084747,-0.098368,-0.653495,-0.006102,-0.006073,-0.241707,0.066651,0.036502,0.166147,0.000000,0.000000,0.000000,1,0
1776700114079.000,0.102000,-0.103817,-0.146548,1.535855,-0.013182,0.049327,-3.076553,0.000000,0.000000,1.000000,-3.100000,0.103817,0.146548,-0.535855,-0.023447,0.123354,0.079024,-0.174724,-0.128229,-0.070840,-0.174724,-0.016969,-0.063788,-0.680000,-0.050589,-0.076018,-0.093738,-0.632309,-0.005578,-0.005754,-0.235558,0.064627,0.035703,0.167735,0.000000,0.000000,0.000000,1,0
1776700114179.000,0.100000,-0.092241,-0.139040,1.517729,-0.011433,0.042884,-3.077207,0.000000,0.000000,1.000000,-3.100000,0.092241,0.139040,-0.517729,-0.022793,0.119102,0.076815,-0.178384,-0.123798,-0.068992,-0.178384,-0.010566,-0.059945,-0.669155,-0.050485,-0.067869,-0.089253,-0.610920,-0.005091,-0.005464,-0.229483,0.062394,0.034772,0.171249,0.000000,0.000000,0.000000,1,0
1776700114287.000,0.108000,-0.081874,-0.132483,1.498756,-0.009783,0.045961,-3.076748,0.000000,0.000000,1.000000,-3.100000,0.081874,0.132483,-0.498756,-0.023252,0.106161,0.067802,-0.176870,-0.110331,-0.060780,-0.176870,-0.009659,-0.059808,-0.641385,-0.053067,-0.060673,-0.085276,-0.588532,-0.004594,-0.005165,-0.222648,0.055607,0.030633,0.169795,0.000000,0.000000,0.000000,1,0
1776700114387.000,0.100000,-0.071940,-0.126578,1.477911,-0.012071,0.046257,-3.074548,0.000000,0.000000,1.000000,-3.100000,0.071940,0.126578,-0.477911,-0.025452,0.102341,0.062896,-0.194556,-0.106325,-0.055898,-0.194556,-0.004517,-0.058379,-0.593476,-0.060437,-0.053934,-0.081631,-0.563934,-0.004171,-0.004921,-0.216315,0.053588,0.028173,0.186774,0.000000,0.000000,0.000000,1,0
1776700114490.000,0.103000,-0.063167,-0.121789,1.456603,-0.009591,0.047086,-3.076912,1.000000,1.000000,2.000000,3.100000,1.063167,1.121789,0.543397,-0.106274,-1.634970,-1.652326,-1.765605,1.738350,1.543193,-1.765605,-0.680000,-0.680000,0.680000,-0.351009,-0.761680,-0.706087,0.641208,-0.011797,-0.011751,-0.156574,-0.876129,-0.777769,1.694980,0.000000,0.000000,0.000000,1,0
1776700114592.000,0.102000,-0.054774,-0.117882,1.433908,-0.011683,0.049226,-3.079649,1.000000,1.000000,2.000000,3.100000,1.054774,1.117882,0.566092,-0.103536,-0.673306,-0.705573,-0.901466,0.715692,0.662540,-0.901466,-0.680000,-0.680000,0.680000,-0.217769,-0.753952,-0.705898,0.667988,-0.017567,-0.016994,-0.104631,-0.360709,-0.333920,0.865407,0.000000,0.000000,0.000000,1,0
1776700114691.000,0.099000,-0.046500,-0.114272,1.415392,-0.032864,0.067022,-3.095263,1.000000,1.000000,2.000000,3.100000,1.046500,1.114272,0.584608,-0.087922,-0.249455,-0.290031,-0.501381,0.262619,0.278167,-0.501381,-0.680000,-0.680000,0.680000,-0.166055,-0.737172,-0.715418,0.689837,-0.021770,-0.021085,-0.060258,-0.132360,-0.140196,0.481326,0.000000,0.000000,0.000000,1,0
1776700114765.000,0.074000,-0.036169,-0.108972,1.404247,-0.058285,0.093445,-3.103143,1.000000,1.000000,2.000000,3.100000,1.036169,1.108972,0.595753,-0.080043,-0.031580,-0.087503,-0.304949,0.034920,0.086224,-0.304949,-0.680000,-0.680000,0.680000,-0.158727,-0.724438,-0.717912,0.702988,-0.024392,-0.023766,-0.030255,-0.017600,-0.043457,0.292751,0.000000,0.000000,0.000000,1,0
1776700114865.000,0.100000,-0.022270,-0.100540,1.399588,-0.064424,0.101549,-3.112097,1.000000,1.000000,2.000000,3.100000,1.022270,1.100540,0.600412,-0.071088,0.063940,0.008717,-0.160268,-0.064169,-0.006828,-0.160268,-0.680000,-0.680000,0.680000,-0.143407,-0.708477,-0.718982,0.708486,-0.026797,-0.026425,0.004966,0.032341,0.003441,0.153858,0.000000,0.000000,0.000000,1,0
1776700114965.000,0.100000,-0.004077,-0.087990,1.400566,-0.070558,0.105215,-3.112934,1.000000,1.000000,2.000000,3.100000,1.004077,1.087990,0.599434,-0.070252,0.130016,0.074118,-0.065044,-0.132086,-0.070362,-0.065044,-0.657367,-0.680000,0.680000,-0.154922,-0.695413,-0.711494,0.707332,-0.028526,-0.028413,0.035230,0.066571,0.035462,0.062442,0.000000,0.000000,0.000000,1,0
1776700115064.000,0.099000,0.018575,-0.071118,1.406105,-0.069273,0.104144,-3.115685,1.000000,1.000000,2.000000,3.100000,0.981425,1.071118,0.593895,-0.067501,0.185339,0.128046,0.002714,-0.188594,-0.123202,0.002714,-0.612570,-0.670231,0.680000,-0.146277,-0.677943,-0.702465,0.700796,-0.029679,-0.029859,0.060778,0.095051,0.062094,-0.002606,0.000000,0.000000,0.000000,1,0
1776700115165.000,0.101000,0.045188,-0.050266,1.415563,-0.068565,0.098935,-3.117923,1.000000,1.000000,2.000000,3.100000,0.954812,1.050266,0.584437,-0.065262,0.229109,0.171959,0.053635,-0.233114,-0.166488,0.053635,-0.571025,-0.637339,0.680000,-0.142591,-0.658157,-0.690395,0.689635,-0.030357,-0.030854,0.082671,0.117490,0.083910,-0.051490,0.000000,0.000000,0.000000,1,0
1776700115265.000,0.100000,0.075339,-0.025995,1.427843,-0.061088,0.097790,-3.122457,1.000000,1.000000,2.000000,3.100000,0.924661,1.025995,0.572157,-0.060728,0.269650,0.211576,0.092367,-0.273649,-0.206378,0.092367,-0.527159,-0.604927,0.680000,-0.129438,-0.634451,-0.677453,0.675145,-0.030627,-0.031488,0.100704,0.137919,0.104014,-0.088672,0.000000,0.000000,0.000000,1,0
1776700115365.000,0.100000,0.108664,0.001407,1.442211,-0.058794,0.096945,-3.126506,1.000000,1.000000,2.000000,3.100000,0.891336,0.998593,0.557789,-0.056679,0.305265,0.246545,0.121100,-0.308950,-0.241912,0.121100,-0.483880,-0.571830,0.657418,-0.121651,-0.609033,-0.661942,0.658192,-0.030558,-0.031811,0.115482,0.155711,0.121923,-0.116256,0.000000,0.000000,0.000000,1,0
1776700115467.000,0.102000,0.144561,0.031423,1.457980,-0.056382,0.097761,-3.124777,1.000000,1.000000,2.000000,3.100000,0.855439,0.968577,0.542020,-0.058408,0.331398,0.273275,0.139859,-0.335947,-0.267664,0.139859,-0.446626,-0.538038,0.632883,-0.134224,-0.585718,-0.641126,0.639584,-0.030225,-0.031815,0.127564,0.169317,0.134903,-0.134265,0.000000,0.000000,0.000000,1,0
1776700115566.000,0.099000,0.183096,0.063949,1.474550,-0.054954,0.097958,-3.124445,1.000000,1.000000,2.000000,3.100000,0.816904,0.936051,0.525450,-0.058741,0.363791,0.304229,0.155271,-0.368954,-0.297946,0.155271,-0.403425,-0.500965,0.607836,-0.132619,-0.559665,-0.619520,0.620031,-0.029713,-0.031609,0.136865,0.185953,0.150165,-0.149060,0.000000,0.000000,0.000000,1,0
1776700115665.000,0.099000,0.223852,0.098798,1.491118,-0.053824,0.093588,-3.120502,1.000000,1.000000,2.000000,3.100000,0.776148,0.901202,0.508882,-0.062683,0.390608,0.330983,0.162038,-0.397501,-0.322672,0.162038,-0.362923,-0.463022,0.588957,-0.146578,-0.534227,-0.594474,0.600480,-0.029036,-0.031174,0.144034,0.200340,0.162627,-0.155556,0.000000,0.000000,0.000000,1,0
1776700115766.000,0.101000,0.266402,0.135698,1.507172,-0.056826,0.097810,-3.119937,1.000000,1.000000,2.000000,3.100000,0.733598,0.864302,0.492828,-0.063248,0.407787,0.350228,0.160308,-0.415275,-0.341316,0.160308,-0.324304,-0.428517,0.577093,-0.142311,-0.505439,-0.570000,0.581537,-0.028163,-0.030541,0.149452,0.209299,0.172023,-0.153896,0.000000,0.000000,0.000000,1,0
1776700115865.000,0.099000,0.310726,0.174526,1.522750,-0.049626,0.094590,-3.119695,1.000000,1.000000,2.000000,3.100000,0.689274,0.825474,0.477250,-0.063490,0.430149,0.373735,0.158652,-0.438229,-0.364227,0.158652,-0.281541,-0.390667,0.564113,-0.142356,-0.475227,-0.544443,0.563155,-0.027181,-0.029794,0.153264,0.220867,0.183571,-0.152306,0.000000,0.000000,0.000000,1,0
1776700115965.000,0.100000,0.356190,0.215130,1.538196,-0.052697,0.094142,-3.118652,1.000000,1.000000,2.000000,3.100000,0.643810,0.784870,0.461804,-0.064533,0.443867,0.391824,0.156304,-0.452738,-0.381539,0.156304,-0.242509,-0.353973,0.550641,-0.145853,-0.444625,-0.517370,0.544929,-0.026064,-0.028900,0.155764,0.228180,0.192296,-0.150052,0.000000,0.000000,0.000000,1,0
1776700116065.000,0.100000,0.402865,0.257229,1.552902,-0.046018,0.092715,-3.120387,1.000000,1.000000,2.000000,3.100000,0.597135,0.742771,0.447098,-0.062798,0.456680,0.408158,0.151129,-0.465232,-0.398382,0.151129,-0.202124,-0.317644,0.539649,-0.137854,-0.411768,-0.490521,0.527575,-0.024832,-0.027908,0.157157,0.234477,0.200785,-0.145084,0.000000,0.000000,0.000000,1,0
1776700116165.000,0.100000,0.450080,0.300571,1.566702,-0.045880,0.090990,-3.121141,1.000000,1.000000,2.000000,3.100000,0.549920,0.699429,0.433298,-0.062044,0.465345,0.422306,0.143776,-0.473884,-0.412701,0.143776,-0.163756,-0.281184,0.530910,-0.137855,-0.379081,-0.462360,0.511292,-0.023513,-0.026825,0.157643,0.238838,0.208001,-0.138025,0.000000,0.000000,0.000000,1,0
1776700116269.000,0.104000,0.499679,0.347057,1.580805,-0.039825,0.078734,-3.123130,1.000000,1.000000,2.000000,3.100000,0.500321,0.652943,0.419195,-0.060055,0.471819,0.436123,0.139201,-0.479790,-0.427339,0.139201,-0.124477,-0.242703,0.518269,-0.131825,-0.344259,-0.432496,0.494650,-0.022032,-0.025586,0.157252,0.241814,0.215379,-0.133633,0.000000,0.000000,0.000000,1,0
1776700116366.000,0.097000,0.545369,0.390532,1.593990,-0.039494,0.072741,-3.123274,1.000000,1.000000,2.000000,3.100000,0.454631,0.609468,0.406010,-0.059912,0.471383,0.442879,0.137365,-0.479416,-0.434170,0.137365,-0.091993,-0.209498,0.503611,-0.134289,-0.312963,-0.403898,0.479092,-0.020655,-0.024423,0.156389,0.241626,0.218822,-0.131870,0.000000,0.000000,0.000000,1,0
1776700116468.000,0.102000,0.591514,0.436122,1.608623,-0.025488,0.057059,-3.124159,1.000000,1.000000,2.000000,3.100000,0.408486,0.563878,0.391377,-0.059027,0.460751,0.445165,0.140780,-0.468441,-0.437065,0.140780,-0.064119,-0.176908,0.481432,-0.131225,-0.281067,-0.374083,0.461825,-0.019147,-0.023105,0.154756,0.236094,0.220281,-0.135149,0.000000,0.000000,0.000000,1,0
1776700116570.000,0.102000,0.637264,0.482444,1.624530,-0.011949,0.046291,-3.127864,1.000000,1.000000,2.000000,3.100000,0.362736,0.517556,0.375470,-0.055321,0.453905,0.450195,0.149278,-0.460043,-0.443921,0.149278,-0.034263,-0.142435,0.452267,-0.118994,-0.248510,-0.344418,0.443054,-0.017614,-0.021753,0.152519,0.231862,0.223736,-0.143307,0.000000,0.000000,0.000000,1,0
1776700116669.000,0.099000,0.678210,0.525718,1.639797,-0.004206,0.037029,-3.127101,1.000000,1.000000,2.000000,3.100000,0.321790,0.474282,0.360203,-0.056085,0.431336,0.442867,0.152040,-0.437709,-0.436570,0.152040,-0.016399,-0.115951,0.428996,-0.127472,-0.220839,-0.315550,0.425039,-0.016165,-0.020432,0.149915,0.220605,0.220031,-0.145959,0.000000,0.000000,0.000000,1,0
1776700116769.000,0.100000,0.715122,0.566244,1.655222,0.004563,0.030441,-3.128866,1.000000,1.000000,2.000000,3.100000,0.284878,0.433756,0.344778,-0.054320,0.396495,0.421802,0.153276,-0.401831,-0.416722,0.153276,-0.007347,-0.098091,0.406532,-0.119622,-0.195132,-0.289024,0.406838,-0.014738,-0.019095,0.146838,0.202523,0.210028,-0.147145,0.000000,0.000000,0.000000,1,0
1776700116870.000,0.101000,0.747591,0.603795,1.671086,0.007751,0.027785,-3.129358,1.000000,1.000000,2.000000,3.100000,0.252409,0.396205,0.328914,-0.053827,0.354480,0.393799,0.155403,-0.359271,-0.389432,0.155403,-0.005158,-0.085645,0.382257,-0.120492,-0.172864,-0.264155,0.388118,-0.013367,-0.017764,0.143326,0.181073,0.196274,-0.149186,0.000000,0.000000,0.000000,1,0
1776700116969.000,0.099000,0.775688,0.638091,1.686803,0.013260,0.026769,-3.130312,1.000000,1.000000,2.000000,3.100000,0.224312,0.361909,0.313197,-0.052873,0.314906,0.367269,0.157278,-0.319028,-0.363694,0.157278,-0.004794,-0.074693,0.358170,-0.117615,-0.153471,-0.241487,0.369573,-0.012113,-0.016508,0.139583,0.160790,0.183302,-0.150987,0.000000,0.000000,0.000000,1,0
1776700117069.000,0.100000,0.799563,0.668677,1.702141,0.012606,0.032782,-3.131683,1.000000,1.000000,2.000000,3.100000,0.200437,0.331323,0.297859,-0.051502,0.272261,0.332878,0.155095,-0.275546,-0.330164,0.155095,-0.008959,-0.070194,0.338105,-0.113974,-0.136893,-0.221304,0.351474,-0.010941,-0.015293,0.135523,0.138875,0.166403,-0.148891,0.000000,0.000000,0.000000,1,0
1776700117170.000,0.101000,0.820095,0.695807,1.717353,0.011116,0.038294,-3.133541,-1.000000,-1.000000,3.000000,1.500000,-1.820095,-1.695807,1.282647,-1.649645,1.799795,1.826466,-1.611758,-1.814443,-1.811915,-1.611758,0.000000,0.000000,0.680000,-1.745330,1.232240,1.129697,1.513524,-0.008499,-0.011880,0.183272,0.914479,0.913205,1.547288,0.000000,0.000000,0.000000,0,0
1776700117269.000,0.099000,0.837760,0.719125,1.732644,0.014510,0.035529,3.135995,-1.000000,-1.000000,3.000000,1.500000,-1.837760,-1.719125,1.267356,-1.635995,0.891833,0.935544,-0.622680,-0.886583,-0.940521,-0.622680,0.000000,0.000000,0.680000,-1.745330,1.228489,1.162146,1.495481,-0.006636,-0.009276,0.222872,0.446838,0.474023,0.597773,0.000000,0.000000,0.000000,0,0
1776700117370.000,0.101000,0.853260,0.738830,1.747691,0.015054,0.041328,3.106140,-1.000000,-1.000000,3.000000,1.500000,-1.853260,-1.738830,1.252309,-1.606140,0.478350,0.520897,-0.190550,-0.459586,-0.537525,-0.190550,0.000000,0.000000,0.680000,-1.745330,1.203190,1.211903,1.477725,-0.005155,-0.007206,0.256762,0.231631,0.270912,0.182928,0.000000,0.000000,0.000000,0,0
1776700117469.000,0.099000,0.867075,0.755392,1.762891,0.009361,0.046904,3.078936,-1.000000,-1.000000,3.000000,1.500000,-1.867075,-1.755392,1.237109,-1.578936,0.288618,0.322877,0.002139,-0.267834,-0.340316,0.002139,0.000000,0.000000,0.680000,-1.745330,1.178349,1.255871,1.459789,-0.004025,-0.005626,0.284672,0.134988,0.171519,-0.002054,0.000000,0.000000,0.000000,0,0
1776700117569.000,0.100000,0.879501,0.769150,1.778312,0.004803,0.050383,3.051337,-1.000000,-1.000000,3.000000,1.500000,-1.879501,-1.769150,1.221688,-1.551337,0.196576,0.219110,0.087298,-0.176026,-0.235937,0.087298,0.000000,0.000000,0.680000,-1.745330,1.150727,1.297870,1.441592,-0.003135,-0.004381,0.308111,0.088717,0.118912,-0.083806,0.000000,0.000000,0.000000,0,0
1776700117669.000,0.100000,0.890848,0.780461,1.794235,0.005360,0.046696,3.023943,-1.000000,-1.000000,3.000000,1.500000,-1.890848,-1.780461,1.205765,-1.523943,0.150040,0.159754,0.127581,-0.130251,-0.176261,0.127581,0.000000,0.000000,0.680000,-1.745330,1.121427,1.337346,1.422803,-0.002441,-0.003412,0.327462,0.065647,0.088836,-0.122478,0.000000,0.000000,0.000000,0,0
1776700117769.000,0.100000,0.901295,0.789749,1.810254,0.014362,0.040992,2.991710,-1.000000,-1.000000,3.000000,1.500000,-1.901295,-1.789749,1.189746,-1.491710,0.124520,0.122305,0.145844,-0.104861,-0.139528,0.145844,0.000000,0.000000,0.680000,-1.745330,1.083754,1.380012,1.403900,-0.001901,-0.002657,0.343290,0.052850,0.070322,-0.140010,0.000000,0.000000,0.000000,0,0
1776700117870.000,0.101000,0.907049,0.793200,1.821627,0.044888,0.020784,2.971243,-1.000000,-1.000000,3.000000,1.500000,-1.907049,-1.793200,1.178373,-1.471243,0.086690,0.072947,0.127228,-0.073068,-0.086587,0.127228,0.000000,0.000000,0.680000,-1.745330,1.058702,1.404843,1.390480,-0.001477,-0.002064,0.348000,0.036826,0.043640,-0.122139,0.000000,0.000000,0.000000,0,0
1776700117971.000,0.101000,0.914068,0.796293,1.838601,0.037235,0.022143,2.939304,-1.000000,-1.000000,3.000000,1.500000,-1.914068,-1.796293,1.161399,-1.439304,0.077061,0.049244,0.150095,-0.065596,-0.063722,0.150095,0.000000,0.000000,0.680000,-1.745330,1.017504,1.440918,1.370450,-0.001147,-0.001604,0.348000,0.033061,0.032116,-0.144092,0.000000,0.000000,0.000000,0,0
1776700118073.000,0.102000,0.918427,0.795596,1.854850,0.016002,0.031066,2.909467,-1.000000,-1.000000,3.000000,1.500000,-1.918427,-1.795596,1.145150,-1.409467,0.057839,0.017842,0.155252,-0.052183,-0.030669,0.155252,0.000000,0.000000,0.680000,-1.745330,0.977023,1.470850,1.351277,-0.000889,-0.001243,0.348000,0.026300,0.015457,-0.149041,0.000000,0.000000,0.000000,0,0
1776700118175.000,0.102000,0.921123,0.792093,1.871562,0.001648,0.045148,2.880643,-1.000000,-1.000000,3.000000,1.500000,-1.921123,-1.792093,1.128438,-1.380643,0.040254,-0.011381,0.160061,-0.041827,0.000611,0.160061,0.000000,0.000000,0.680000,-1.745330,0.936585,1.496590,1.331557,-0.000689,-0.000963,0.348000,0.021081,-0.000308,-0.153658,0.000000,0.000000,0.000000,0,0
1776700118278.000,0.103000,0.922972,0.787812,1.887561,-0.002039,0.049716,2.853393,-1.000000,-1.000000,3.000000,1.500000,-1.922972,-1.787812,1.112439,-1.353393,0.027763,-0.028282,0.157414,-0.034657,0.019225,0.157414,0.000000,0.000000,0.680000,-1.745330,0.897470,1.519148,1.312678,-0.000533,-0.000744,0.348000,0.017467,-0.009689,-0.151117,0.000000,0.000000,0.000000,0,0
1776700118382.000,0.104000,0.924655,0.782910,1.903950,0.005865,0.046465,2.819335,-1.000000,-1.000000,3.000000,1.500000,-1.924655,-1.782910,1.096050,-1.319335,0.021277,-0.038842,0.157510,-0.032483,0.030104,0.157510,0.000000,0.000000,0.680000,-1.745330,0.847335,1.546061,1.293339,-0.000411,-0.000574,0.348000,0.016372,-0.015172,-0.151209,0.000000,0.000000,0.000000,0,0
1776700118483.000,0.101000,0.926156,0.777557,1.920604,0.005091,0.047384,2.788716,-1.000000,-1.000000,3.000000,1.500000,-1.926156,-1.777557,1.079396,-1.288716,0.017684,-0.046770,0.161644,-0.032758,0.037777,0.161644,0.000000,0.000000,0.680000,-1.745330,0.801796,1.568250,1.273687,-0.000319,-0.000446,0.348000,0.016510,-0.019040,-0.155179,0.000000,0.000000,0.000000,0,0
1776700118583.000,0.100000,0.927286,0.772899,1.933917,0.007581,0.047965,2.758758,-1.000000,-1.000000,3.000000,1.500000,-1.927286,-1.772899,1.066083,-1.258758,0.014110,-0.046664,0.145677,-0.030520,0.038015,0.145677,0.000000,0.000000,0.680000,-1.745330,0.756337,1.588943,1.257977,-0.000248,-0.000347,0.348000,0.015382,-0.019159,-0.139850,0.000000,0.000000,0.000000,0,0
1776700118688.000,0.105000,0.928159,0.767559,1.948424,0.006764,0.044257,2.726199,-1.000000,-1.000000,3.000000,1.500000,-1.928159,-1.767559,1.051576,-1.226199,0.010866,-0.049011,0.141464,-0.029721,0.040458,0.141464,0.000000,0.000000,0.680000,-1.745330,0.706194,1.609676,1.240860,-0.000191,-0.000267,0.348000,0.014979,-0.020391,-0.135805,0.000000,0.000000,0.000000,0,0
1776700118791.000,0.103000,0.928699,0.762625,1.961929,0.007314,0.040669,2.696671,-1.000000,-1.000000,3.000000,1.500000,-1.928699,-1.762625,1.038071,-1.196671,0.007712,-0.048388,0.135674,-0.027787,0.040358,0.135674,0.000000,0.000000,0.680000,-1.745330,0.660117,1.626987,1.224923,-0.000148,-0.000206,0.348000,0.014005,-0.020341,-0.130247,0.000000,0.000000,0.000000,0,0
1776700118894.000,0.103000,0.928689,0.757780,1.975710,0.004320,0.038945,2.663894,-1.000000,-1.000000,3.000000,1.500000,-1.928689,-1.757780,1.024290,-1.163894,0.003343,-0.047637,0.134618,-0.024869,0.040767,0.134618,0.000000,0.000000,0.680000,-1.745330,0.607936,1.644851,1.208663,-0.000114,-0.000160,0.348000,0.012534,-0.020547,-0.129234,0.000000,0.000000,0.000000,0,0
1776700118996.000,0.102000,0.927466,0.753941,1.989179,0.001229,0.033333,2.634151,-1.000000,-1.000000,3.000000,1.500000,-1.927466,-1.753941,1.010821,-1.134151,-0.005245,-0.042033,0.133179,-0.015841,0.039285,0.133179,0.000000,0.000000,0.680000,-1.745330,0.559287,1.659549,1.192769,-0.000088,-0.000124,0.348000,0.007984,-0.019800,-0.127852,0.000000,0.000000,0.000000,0,0
1776700119095.000,0.099000,0.924999,0.750658,2.003371,-0.002609,0.027017,2.601545,-1.000000,-1.000000,3.000000,1.500000,-1.924999,-1.750658,0.996629,-1.101545,-0.016263,-0.037065,0.138879,-0.005109,0.040152,0.138879,0.000000,0.000000,0.680000,-1.745330,0.504601,1.674155,1.176022,-0.000069,-0.000097,0.348000,0.002575,-0.020237,-0.133323,0.000000,0.000000,0.000000,0,0
1776700119200.000,0.105000,0.921228,0.748511,2.017683,0.002053,0.034719,2.569480,-1.000000,-1.000000,3.000000,1.500000,-1.921228,-1.748511,0.982317,-1.069480,-0.027269,-0.027762,0.137440,0.007896,0.038105,0.137440,0.000000,0.000000,0.680000,-1.745330,0.449319,1.686886,1.159134,-0.000053,-0.000074,0.348000,-0.003980,-0.019205,-0.131942,0.000000,0.000000,0.000000,0,0
1776700119305.000,0.105000,0.917221,0.747411,2.029488,0.001846,0.035001,2.543384,-1.000000,-1.000000,3.000000,1.500000,-1.917221,-1.747411,0.970512,-1.043384,-0.033368,-0.018082,0.123430,0.017390,0.033734,0.123430,0.000000,0.000000,0.680000,-1.745330,0.403341,1.695909,1.145205,-0.000041,-0.000057,0.348000,-0.008765,-0.017002,-0.118493,0.000000,0.000000,0.000000,0,0
1776700119373.000,0.068000,0.910502,0.746976,2.045988,0.005728,0.037274,2.507847,-1.000000,-1.000000,3.000000,1.500000,-1.910502,-1.746976,0.954012,-1.007847,-0.070017,-0.011541,0.190195,0.049586,0.050762,0.190195,0.000000,0.000000,0.680000,-1.745330,0.339366,1.706259,1.125734,-0.000034,-0.000048,0.348000,-0.024992,-0.025584,-0.182587,0.000000,0.000000,0.000000,0,0
1776700119473.000,0.100000,0.904136,0.747005,2.060803,0.006765,0.040475,2.477586,-1.000000,-1.000000,3.000000,1.500000,-1.904136,-1.747005,0.939197,-0.977586,-0.066452,-0.004914,0.166647,0.049305,0.044823,0.166647,0.000000,0.000000,0.680000,-1.745330,0.284204,1.713125,1.108253,-0.000027,-0.000038,0.348000,-0.024850,-0.022591,-0.159981,0.000000,0.000000,0.000000,0,0
1776700119574.000,0.101000,0.897539,0.747802,2.075932,0.007290,0.044787,2.446671,-1.000000,-1.000000,3.000000,1.500000,-1.897539,-1.747802,0.924068,-0.946671,-0.065821,0.002256,0.157209,0.052002,0.040414,0.157209,0.000000,0.000000,0.680000,-1.745330,0.227368,1.718664,1.090401,-0.000021,-0.000029,0.347204,-0.026209,-0.020369,-0.150920,0.000000,0.000000,0.000000,0,0
1776700119674.000,0.100000,0.890722,0.748820,2.091658,0.011910,0.044588,2.415775,-1.000000,-1.000000,3.000000,1.500000,-1.890722,-1.748820,0.908342,-0.915775,-0.067135,0.006694,0.157241,0.054657,0.039553,0.157241,0.000000,0.000000,0.680000,-1.745330,0.170288,1.722338,1.071843,-0.000016,-0.000023,0.345750,-0.027547,-0.019935,-0.150952,0.000000,0.000000,0.000000,0,0
1776700119773.000,0.099000,0.883914,0.750113,2.107883,0.013626,0.040000,2.385354,-1.000000,-1.000000,3.000000,1.500000,-1.883914,-1.750113,0.892117,-0.885354,-0.068046,0.010262,0.160962,0.056540,0.039228,0.160962,0.000000,0.000000,0.680000,-1.745330,0.113897,1.724214,1.052698,-0.000013,-0.000018,0.343715,-0.028496,-0.019771,-0.154523,0.000000,0.000000,0.000000,0,0
1776700119873.000,0.100000,0.877410,0.751556,2.124132,0.018358,0.039553,2.354530,-1.000000,-1.000000,3.000000,1.500000,-1.877410,-1.751556,0.875868,-0.854530,-0.066367,0.012594,0.161818,0.055770,0.038116,0.161818,0.000000,0.000000,0.680000,-1.697063,0.056932,1.724494,1.033524,-0.000010,-0.000014,0.341070,-0.028108,-0.019210,-0.155346,0.000000,0.000000,0.000000,0,0
1776700119974.000,0.101000,0.871076,0.753097,2.140247,0.015160,0.050390,2.328116,-1.000000,-1.000000,3.000000,1.500000,-1.871076,-1.753097,0.859753,-0.828116,-0.064320,0.014085,0.160552,0.054422,0.037064,0.160552,0.000000,0.000000,0.680000,-1.680079,0.007690,1.723014,1.014508,-0.000008,-0.000011,0.337899,-0.027429,-0.018680,-0.154130,0.000000,0.000000,0.000000,0,0
1776700120073.000,0.099000,0.865239,0.754603,2.156384,0.020998,0.044923,2.295728,-1.000000,-1.000000,3.000000,1.500000,-1.865239,-1.754603,0.843616,-0.795728,-0.061319,0.014718,0.161920,0.051677,0.036141,0.161920,0.000000,0.000000,0.680000,-1.625968,-0.051467,1.720094,0.995467,-0.000006,-0.000008,0.334464,-0.026045,-0.018215,-0.155443,0.000000,0.000000,0.000000,0,0
1776700120173.000,0.100000,0.860048,0.755703,2.172544,0.019763,0.048176,2.265561,-1.000000,-1.000000,3.000000,1.500000,-1.860048,-1.755703,0.827456,-0.765561,-0.056047,0.012635,0.161740,0.045588,0.034966,0.161740,0.000000,0.000000,0.680000,-1.585994,-0.106127,1.715553,0.976398,-0.000005,-0.000007,0.330608,-0.022976,-0.017623,-0.155271,0.000000,0.000000,0.000000,0,0
1776700120278.000,0.105000,0.855316,0.756717,2.189060,0.024514,0.052054,2.235573,-1.000000,-1.000000,3.000000,1.500000,-1.855316,-1.756717,0.810940,-0.735573,-0.049898,0.010970,0.159250,0.039415,0.032505,0.159250,0.000000,0.000000,0.680000,-1.537828,-0.160016,1.709518,0.956910,-0.000004,-0.000005,0.326075,-0.019865,-0.016383,-0.152880,0.000000,0.000000,0.000000,0,0
1776700120377.000,0.099000,0.851613,0.757262,2.205098,0.020645,0.045950,2.203265,-1.000000,-1.000000,3.000000,1.500000,-1.851613,-1.757262,0.794902,-0.703265,-0.042905,0.007909,0.160795,0.031742,0.029930,0.160795,0.000000,0.000000,0.680000,-1.465079,-0.216920,1.701666,0.937984,-0.000003,-0.000004,0.321778,-0.015998,-0.015085,-0.154363,0.000000,0.000000,0.000000,0,0
1776700120477.000,0.100000,0.848470,0.757632,2.221058,0.021089,0.048061,2.174781,-1.000000,-1.000000,3.000000,1.500000,-1.848470,-1.757632,0.778942,-0.674781,-0.036479,0.005549,0.160125,0.025284,0.026874,0.160125,0.000000,0.000000,0.680000,-1.413327,-0.266700,1.693200,0.919151,-0.000002,-0.000003,0.317183,-0.012743,-0.013545,-0.153720,0.000000,0.000000,0.000000,0,0
1776700120577.000,0.100000,0.845972,0.757724,2.236597,0.022041,0.043490,2.142812,-1.000000,-1.000000,3.000000,1.500000,-1.845972,-1.757724,0.763403,-0.642812,-0.030035,0.002959,0.157470,0.018747,0.023652,0.157470,0.000000,0.000000,0.680000,-1.342213,-0.321645,1.682433,0.900816,-0.000002,-0.000002,0.312426,-0.009449,-0.011921,-0.151171,0.000000,0.000000,0.000000,0,0
1776700120677.000,0.100000,0.843578,0.757558,2.252287,0.025730,0.049082,2.114336,-1.000000,-1.000000,3.000000,1.500000,-1.843578,-1.757558,0.747713,-0.614336,-0.026622,0.000370,0.157153,0.014085,0.022594,0.157153,0.000000,0.000000,0.680000,-1.289426,-0.370154,1.671158,0.882301,-0.000001,-0.000002,0.307521,-0.007099,-0.011387,-0.150867,0.000000,0.000000,0.000000,0,0
1776700120778.000,0.101000,0.841758,0.757084,2.268018,0.023354,0.045650,2.082606,-1.000000,-1.000000,3.000000,1.500000,-1.841758,-1.757084,0.731982,-0.582606,-0.021807,-0.002464,0.156370,0.008532,0.020219,0.156370,0.000000,0.000000,0.680000,-1.219677,-0.423306,1.657351,0.863738,-0.000001,-0.000001,0.302412,-0.004300,-0.010191,-0.150116,0.000000,0.000000,0.000000,0,0
1776700120877.000,0.099000,0.840310,0.756238,2.283476,0.025577,0.046683,2.051957,-1.000000,-1.000000,3.000000,1.500000,-1.840310,-1.756238,0.716524,-0.551957,-0.017788,-0.005867,0.156241,0.003031,0.018483,0.156241,0.000000,0.000000,0.680000,-1.157578,-0.473842,1.642475,0.845498,-0.000001,-0.000001,0.297367,-0.001528,-0.009316,-0.149992,0.000000,0.000000,0.000000,0,0
1776700120978.000,0.101000,0.839184,0.755066,2.299076,0.025692,0.040062,2.021613,-1.000000,-1.000000,3.000000,1.500000,-1.839184,-1.755066,0.700924,-0.521613,-0.014066,-0.009083,0.155241,-0.002047,0.016618,0.155241,0.000000,0.000000,0.680000,-1.096837,-0.523075,1.626319,0.827090,-0.000001,-0.000001,0.292067,0.001032,-0.008376,-0.149032,0.000000,0.000000,0.000000,0,0
1776700121075.000,0.097000,0.838437,0.753794,2.314375,0.025990,0.048733,1.994458,-1.000000,-1.000000,3.000000,1.500000,-1.838437,-1.753794,0.685625,-0.494458,-0.010504,-0.011337,0.156628,-0.006016,0.014236,0.156628,0.000000,0.000000,0.680000,-1.044445,-0.566468,1.610708,0.809038,-0.000000,-0.000001,0.287018,0.003032,-0.007175,-0.150363,0.000000,0.000000,0.000000,0,0
1776700121178.000,0.103000,0.837542,0.752211,2.331336,0.025079,0.039998,1.963726,-1.000000,-1.000000,3.000000,1.500000,-1.837542,-1.752211,0.668664,-0.463726,-0.009485,-0.013600,0.161133,-0.008932,0.013969,0.161133,0.000000,0.000000,0.680000,-0.978501,-0.614939,1.591579,0.789024,-0.000000,-0.000001,0.281337,0.004502,-0.007040,-0.154687,0.000000,0.000000,0.000000,0,0
1776700121279.000,0.101000,0.836587,0.750769,2.347644,0.024240,0.036463,1.933905,-1.000000,-1.000000,3.000000,1.500000,-1.836587,-1.750769,0.652356,-0.433905,-0.009469,-0.013980,0.161322,-0.009705,0.013817,0.161322,0.000000,0.000000,0.680000,-0.917865,-0.661443,1.571592,0.769780,-0.000000,-0.000000,0.275762,0.004891,-0.006964,-0.154869,0.000000,0.000000,0.000000,0,0
1776700121378.000,0.099000,0.835513,0.749522,2.364060,0.023245,0.038986,1.904396,-1.000000,-1.000000,3.000000,1.500000,-1.835513,-1.749522,0.635940,-0.404396,-0.010242,-0.013204,0.163839,-0.009122,0.014001,0.163839,0.000000,0.000000,0.680000,-0.856922,-0.706969,1.550436,0.750409,-0.000000,-0.000000,0.270268,0.004598,-0.007056,-0.157286,0.000000,0.000000,0.000000,0,0
1776700121477.000,0.099000,0.833887,0.748750,2.380678,0.023279,0.035807,1.875865,-1.000000,-1.000000,3.000000,1.500000,-1.833887,-1.748750,0.619322,-0.375865,-0.013705,-0.010174,0.166085,-0.005588,0.016128,0.166085,0.000000,0.000000,0.680000,-0.799254,-0.750744,1.528439,0.730801,-0.000000,-0.000000,0.264682,0.002816,-0.008129,-0.159442,0.000000,0.000000,0.000000,0,0
1776700121578.000,0.101000,0.832119,0.748195,2.397137,0.020779,0.036833,1.844562,-1.000000,-1.000000,3.000000,1.500000,-1.832119,-1.748195,0.602863,-0.344562,-0.015833,-0.007555,0.164337,-0.002993,0.017286,0.164337,0.000000,0.000000,0.680000,-0.729857,-0.798177,1.502948,0.711378,-0.000000,-0.000000,0.258870,0.001508,-0.008712,-0.157764,0.000000,0.000000,0.000000,0,0
1776700121677.000,0.099000,0.830098,0.748261,2.413747,0.019277,0.036137,1.813990,-1.000000,-1.000000,3.000000,1.500000,-1.830098,-1.748261,0.586253,-0.313990,-0.018397,-0.002950,0.166264,0.001567,0.018566,0.166264,0.000000,0.000000,0.680000,-0.664948,-0.844114,1.476541,0.691779,-0.000000,-0.000000,0.253164,-0.000790,-0.009357,-0.159613,0.000000,0.000000,0.000000,0,0
1776700121777.000,0.100000,0.828097,0.748825,2.430214,0.020355,0.033901,1.785980,-1.000000,-1.000000,3.000000,1.500000,-1.828097,-1.748825,0.569786,-0.285980,-0.019302,0.001859,0.165370,0.005938,0.018460,0.165370,0.000000,0.000000,0.680000,-0.609141,-0.885793,1.451088,0.672348,-0.000000,-0.000000,0.247325,-0.002993,-0.009304,-0.158755,0.000000,0.000000,0.000000,0,0
1776700121877.000,0.100000,0.825793,0.749866,2.446519,0.024683,0.030203,1.753827,-1.000000,-1.000000,3.000000,1.500000,-1.825793,-1.749866,0.553481,-0.253827,-0.021397,0.006647,0.164076,0.010431,0.019830,0.164076,0.000000,0.000000,0.680000,-0.533054,-0.932954,1.420466,0.653107,-0.000000,-0.000000,0.241458,-0.005257,-0.009994,-0.157513,0.000000,0.000000,0.000000,0,0
1776700121977.000,0.100000,0.823477,0.751035,2.463236,0.025365,0.037525,1.727020,-1.000000,-1.000000,3.000000,1.500000,-1.823477,-1.751035,0.536764,-0.227020,-0.022384,0.009475,0.165805,0.012842,0.020637,0.165805,0.000000,0.000000,0.680000,-0.482831,-0.971711,1.393534,0.633382,-0.000000,-0.000000,0.235545,-0.006473,-0.010401,-0.159173,0.000000,0.000000,0.000000,0,0
1776700122077.000,0.100000,0.821377,0.752408,2.480624,0.024722,0.034920,1.698922,-1.000000,-1.000000,3.000000,1.500000,-1.821377,-1.752408,0.519376,-0.198922,-0.021606,0.011853,0.170330,0.014516,0.019914,0.170330,0.000000,0.000000,0.678903,-0.419068,-1.011573,1.364403,0.612863,-0.000000,-0.000000,0.229557,-0.007316,-0.010037,-0.163517,0.000000,0.000000,0.000000,0,0
1776700122178.000,0.101000,0.819660,0.753860,2.497911,0.027117,0.037705,1.674671,-1.000000,-1.000000,3.000000,1.500000,-1.819660,-1.753860,0.502089,-0.174671,-0.019026,0.013267,0.170790,0.015169,0.017548,0.170790,0.000000,0.000000,0.651941,-0.371664,-1.045450,1.338427,0.592465,-0.000000,-0.000000,0.223435,-0.007645,-0.008844,-0.163959,0.000000,0.000000,0.000000,0,0
1776700122277.000,0.099000,0.818262,0.755297,2.515336,0.030612,0.029413,1.652294,-1.000000,-1.000000,3.000000,1.500000,-1.818262,-1.755297,0.484664,-0.152294,-0.016285,0.013970,0.173717,0.015249,0.015093,0.173717,-0.680000,0.680000,0.622552,-0.323896,-1.076175,1.313842,0.571903,-0.011759,0.014356,0.217417,-0.007685,-0.007607,-0.166768,0.000000,0.000000,0.000000,1,0
1776700122381.000,0.104000,0.817043,0.756415,2.533464,0.034736,0.026225,1.637312,-1.000000,-1.000000,3.000000,1.500000,-1.817043,-1.756415,0.466536,-0.137312,-0.013728,0.012163,0.174044,0.013048,0.012889,0.174044,-0.680000,0.680000,0.594351,-0.302181,-1.096542,1.296803,0.550513,-0.021498,0.025770,0.210920,-0.006576,-0.006496,-0.167082,0.000000,0.000000,0.000000,1,0
1776700122481.000,0.100000,0.814285,0.755470,2.550214,0.063726,-0.000218,1.625592,-1.000000,-1.000000,3.000000,1.500000,-1.814285,-1.755470,0.449786,-0.125592,-0.021483,0.000063,0.170383,0.001240,0.021448,0.170383,-0.680000,0.680000,0.571948,-0.278844,-1.111132,1.281979,0.530747,-0.028976,0.034184,0.204768,-0.000625,-0.010810,-0.163568,0.000000,0.000000,0.000000,1,0
1776700122578.000,0.097000,0.810458,0.752873,2.561803,0.083372,-0.019375,1.617202,-1.000000,-1.000000,3.000000,1.500000,-1.810458,-1.752873,0.438197,-0.117202,-0.031546,-0.014969,0.141875,-0.013490,0.032207,0.141875,-0.680000,0.680000,0.579963,-0.263414,-1.120224,1.269962,0.517072,-0.034790,0.040488,0.199090,0.006799,-0.016232,-0.136200,0.000000,0.000000,0.000000,1,0
1776700122681.000,0.103000,0.801015,0.744908,2.578535,0.096612,-0.037046,1.605544,-1.000000,-1.000000,3.000000,1.500000,-1.801015,-1.744908,0.421465,-0.105544,-0.065223,-0.049889,0.153391,-0.047593,0.066916,0.153391,-0.680000,0.680000,0.542981,-0.232074,-1.129824,1.250288,0.497329,-0.039609,0.045369,0.192907,0.023987,-0.033726,-0.147255,0.000000,0.000000,0.000000,1,0
1776700122784.000,0.103000,0.786763,0.731584,2.594571,0.100542,-0.040771,1.595046,-1.000000,-1.000000,3.000000,1.500000,-1.786763,-1.731584,0.405429,-0.095046,-0.106185,-0.094392,0.154678,-0.091789,0.108442,0.154678,-0.680000,0.680000,0.516676,-0.209403,-1.134169,1.228566,0.478407,-0.043382,0.048897,0.186760,0.046262,-0.054655,-0.148491,0.000000,0.000000,0.000000,1,0
1776700122883.000,0.099000,0.766129,0.711793,2.611311,0.097077,-0.037693,1.586187,-1.000000,-1.000000,3.000000,1.500000,-1.766129,-1.711793,0.388689,-0.086187,-0.163435,-0.153483,0.162754,-0.150950,0.165778,0.162754,-0.680000,0.680000,0.483297,-0.190628,-1.131923,1.204402,0.458652,-0.046239,0.051337,0.180889,0.076079,-0.083552,-0.156244,0.000000,0.000000,0.000000,1,0
1776700122988.000,0.105000,0.741110,0.687509,2.627434,0.094308,-0.034853,1.578881,-1.000000,-1.000000,3.000000,1.500000,-1.741110,-1.687509,0.372566,-0.078881,-0.205347,-0.197049,0.157600,-0.195382,0.206934,0.157600,-0.680000,0.680000,0.462913,-0.176303,-1.124510,1.179156,0.439628,-0.048402,0.052947,0.174581,0.098473,-0.104295,-0.151296,0.000000,0.000000,0.000000,1,0
1776700123091.000,0.103000,0.710022,0.657416,2.643955,0.093191,-0.035788,1.573841,-1.000000,-1.000000,3.000000,1.500000,-1.710022,-1.657416,0.356045,-0.073841,-0.259378,-0.250313,0.159164,-0.249522,0.260139,0.159164,-0.680000,0.680000,0.435778,-0.167083,-1.110280,1.152520,0.420134,-0.049910,0.053899,0.168442,0.125759,-0.131110,-0.152797,0.000000,0.000000,0.000000,1,0
1776700123193.000,0.102000,0.675870,0.624185,2.659435,0.094342,-0.032698,1.569352,-1.000000,-1.000000,3.000000,1.500000,-1.675870,-1.624185,0.340565,-0.069352,-0.301624,-0.292582,0.155024,-0.293017,0.301201,0.155024,-0.680000,0.680000,0.415474,-0.156748,-1.093078,1.124607,0.401866,-0.050891,0.054334,0.162431,0.147681,-0.151805,-0.148823,0.000000,0.000000,0.000000,1,0
1776700123296.000,0.103000,0.636178,0.585964,2.674784,0.093587,-0.031194,1.562908,-1.000000,-1.000000,3.000000,1.500000,-1.636178,-1.585964,0.325216,-0.062908,-0.348514,-0.336538,0.151660,-0.339277,0.345849,0.151660,-0.680000,0.680000,0.394561,-0.138760,-1.074408,1.091071,0.383755,-0.051430,0.054279,0.156399,0.170996,-0.174308,-0.145593,0.000000,0.000000,0.000000,1,0
1776700123396.000,0.100000,0.592582,0.544218,2.689017,0.090443,-0.027918,1.558003,-1.000000,-1.000000,3.000000,1.500000,-1.592582,-1.544218,0.310983,-0.058003,-0.397488,-0.381854,0.146436,-0.386907,0.392570,0.146436,-0.680000,0.680000,0.377055,-0.129271,-1.051321,1.056852,0.366960,-0.051629,0.053909,0.150674,0.195001,-0.197855,-0.140579,0.000000,0.000000,0.000000,1,0
1776700123501.000,0.105000,0.547567,0.500981,2.702328,0.088408,-0.029017,1.554542,-1.000000,-1.000000,3.000000,1.500000,-1.547567,-1.500981,0.297672,-0.054542,-0.414975,-0.398615,0.135421,-0.405308,0.408441,0.135421,-0.680000,0.680000,0.365987,-0.123248,-1.025429,1.023433,0.351254,-0.051416,0.053147,0.144737,0.204275,-0.205854,-0.130004,0.000000,0.000000,0.000000,1,0
1776700123603.000,0.102000,0.497904,0.453760,2.716297,0.087880,-0.027544,1.551906,-1.000000,-1.000000,3.000000,1.500000,-1.497904,-1.453760,0.283703,-0.051906,-0.455249,-0.434640,0.136281,-0.443162,0.446958,0.136281,-0.680000,0.680000,0.343043,-0.117715,-0.995766,0.987959,0.334769,-0.050970,0.052224,0.139103,0.223354,-0.225267,-0.130830,0.000000,0.000000,0.000000,1,0
1776700123705.000,0.102000,0.447797,0.405782,2.729955,0.084724,-0.027573,1.550673,-1.000000,-1.000000,3.000000,1.500000,-1.447797,-1.405782,0.270045,-0.050673,-0.475406,-0.454655,0.134947,-0.464129,0.466161,0.134947,-0.680000,0.680000,0.322654,-0.116306,-0.964071,0.953713,0.318653,-0.050270,0.051126,0.133550,0.233921,-0.234945,-0.129549,0.000000,0.000000,0.000000,1,0
1776700123808.000,0.103000,0.393598,0.354156,2.744223,0.078949,-0.026005,1.547934,-1.000000,-1.000000,3.000000,1.500000,-1.393598,-1.354156,0.255777,-0.047934,-0.503851,-0.480730,0.136951,-0.492123,0.492730,0.136951,-0.680000,0.680000,0.298320,-0.107385,-0.931164,0.915450,0.301817,-0.049338,0.049823,0.127976,0.248030,-0.248336,-0.131473,0.000000,0.000000,0.000000,1,0
1776700123891.000,0.083000,0.339718,0.302967,2.757381,0.078691,-0.027031,1.548557,-1.000000,-1.000000,3.000000,1.500000,-1.339718,-1.302967,0.242619,-0.048557,-0.585220,-0.556897,0.149034,-0.569773,0.572691,0.149034,-0.656862,0.640844,0.266881,-0.113506,-0.895398,0.880597,0.286291,-0.048631,0.048883,0.123663,0.287166,-0.288636,-0.143072,0.000000,0.000000,0.000000,1,0
1776700123981.000,0.090000,0.284321,0.250762,2.770139,0.078733,-0.020227,1.547607,-1.000000,-1.000000,3.000000,1.500000,-1.284321,-1.250762,0.229861,-0.047607,-0.602190,-0.569863,0.144961,-0.583673,0.588815,0.144961,-0.613699,0.594182,0.250965,-0.108070,-0.860298,0.843343,0.271236,-0.047573,0.047602,0.118891,0.294171,-0.296763,-0.139162,0.000000,0.000000,0.000000,1,0
1776700124081.000,0.100000,0.227868,0.197845,2.782477,0.071588,-0.023863,1.544701,-1.000000,-1.000000,3.000000,1.500000,-1.227868,-1.197845,0.217523,-0.044701,-0.581104,-0.547076,0.132874,-0.562052,0.566631,0.132874,-0.589079,0.564184,0.242683,-0.098483,-0.826207,0.803843,0.256677,-0.046146,0.045923,0.113564,0.283274,-0.285582,-0.127559,0.000000,0.000000,0.000000,1,0
1776700124181.000,0.100000,0.170553,0.144112,2.793882,0.072659,-0.018980,1.543348,-1.000000,-1.000000,3.000000,1.500000,-1.170553,-1.144112,0.206118,-0.043348,-0.576646,-0.541614,0.122333,-0.557236,0.561564,0.122333,-0.553933,0.526376,0.234170,-0.097603,-0.790142,0.765215,0.243219,-0.044638,0.044190,0.108390,0.280847,-0.283028,-0.117439,0.000000,0.000000,0.000000,1,0
1776700124281.000,0.100000,0.112687,0.089916,2.804810,0.073557,-0.015845,1.541371,-1.000000,-1.000000,3.000000,1.500000,-1.112687,-1.089916,0.195190,-0.041371,-0.577775,-0.541808,0.115025,-0.558572,0.561584,0.115025,-0.515652,0.485222,0.223272,-0.091997,-0.754106,0.725854,0.230324,-0.043067,0.042406,0.103372,0.281520,-0.283038,-0.110424,0.000000,0.000000,0.000000,1,0
1776700124382.000,0.101000,0.054162,0.035333,2.814463,0.071494,-0.017584,1.538903,-1.000000,-1.000000,3.000000,1.500000,-1.054162,-1.035333,0.185537,-0.038903,-0.578719,-0.541037,0.104129,-0.559216,0.561173,0.104129,-0.477555,0.443571,0.217473,-0.085646,-0.717979,0.685850,0.218934,-0.041421,0.040551,0.098503,0.281845,-0.282831,-0.099964,0.000000,0.000000,0.000000,1,0
1776700124482.000,0.100000,-0.004768,-0.019484,2.822806,0.066599,-0.013117,1.538057,-1.000000,-1.000000,3.000000,1.500000,-0.995232,-0.980516,0.177194,-0.038057,-0.584642,-0.545032,0.092539,-0.563877,0.566488,0.092539,-0.436001,0.400063,0.214184,-0.086000,-0.680445,0.646869,0.209089,-0.039750,0.038703,0.093933,0.284194,-0.285510,-0.088838,0.000000,0.000000,0.000000,1,0
1776700124582.000,0.100000,-0.064134,-0.074403,2.830363,0.067122,-0.012179,1.537384,-1.000000,-1.000000,3.000000,1.500000,-0.935866,-0.925597,0.169637,-0.037384,-0.589692,-0.547361,0.083034,-0.566755,0.571078,0.083034,-0.395051,0.356783,0.210069,-0.084490,-0.642663,0.607772,0.200172,-0.038033,0.036834,0.089609,0.285645,-0.287823,-0.079713,0.000000,0.000000,0.000000,1,0
1776700124685.000,0.103000,-0.126148,-0.131410,2.837617,0.062975,-0.012657,1.535848,-1.000000,-1.000000,3.000000,1.500000,-0.873852,-0.868590,0.162383,-0.035848,-0.596627,-0.550779,0.075974,-0.571289,0.577017,0.075974,-0.352120,0.310506,0.204057,-0.079631,-0.603855,0.566475,0.191613,-0.036195,0.034848,0.085380,0.287930,-0.290817,-0.072935,0.000000,0.000000,0.000000,1,0
1776700124785.000,0.100000,-0.186046,-0.186136,2.844703,0.068762,-0.017095,1.535213,-1.000000,-1.000000,3.000000,1.500000,-0.813954,-0.813864,0.155297,-0.035213,-0.597946,-0.548810,0.073114,-0.569735,0.578043,0.073114,-0.313304,0.268783,0.194568,-0.079363,-0.566029,0.527174,0.183250,-0.034421,0.032943,0.081507,0.287147,-0.291334,-0.070190,0.000000,0.000000,0.000000,1,0
1776700124885.000,0.100000,-0.246210,-0.240851,2.852966,0.069574,-0.014543,1.536958,-1.000000,-1.000000,3.000000,1.500000,-0.753790,-0.759149,0.147034,-0.036958,-0.600017,-0.547879,0.078443,-0.567865,0.581138,0.078443,-0.273398,0.227144,0.175941,-0.086535,-0.526993,0.488997,0.173500,-0.032609,0.031040,0.077747,0.286204,-0.292893,-0.075305,0.000000,0.000000,0.000000,1,0
1776700124985.000,0.100000,-0.306333,-0.295511,2.862479,0.066141,-0.011721,1.535601,-1.000000,-1.000000,3.000000,1.500000,-0.693667,-0.704489,0.137521,-0.035601,-0.600692,-0.547163,0.087785,-0.567961,0.581067,0.087785,-0.234059,0.185459,0.152021,-0.078568,-0.489526,0.449197,0.162275,-0.030786,0.029120,0.074019,0.286252,-0.292858,-0.084274,0.000000,0.000000,0.000000,1,0
1776700125086.000,0.101000,-0.365823,-0.349798,2.873025,0.064276,0.004754,1.536063,-1.000000,-1.000000,3.000000,1.500000,-0.634177,-0.650202,0.126975,-0.036063,-0.594152,-0.541748,0.097100,-0.562054,0.574981,0.097100,-0.197120,0.148124,0.126841,-0.082251,-0.451471,0.410737,0.149830,-0.028924,0.027178,0.070226,0.283275,-0.289790,-0.093216,0.000000,0.000000,0.000000,1,0
1776700125185.000,0.099000,-0.423840,-0.403325,2.884181,0.049777,0.011879,1.533995,-1.000000,-1.000000,3.000000,1.500000,-0.576160,-0.596675,0.115819,-0.033995,-0.589601,-0.541150,0.105828,-0.562477,0.569292,0.105828,-0.158568,0.110528,0.101537,-0.073731,-0.414939,0.372165,0.136666,-0.027116,0.025286,0.066465,0.283488,-0.286923,-0.101595,0.000000,0.000000,0.000000,1,0
1776700125285.000,0.100000,-0.479125,-0.454797,2.894777,0.041068,0.025815,1.534570,-1.000000,-1.000000,3.000000,1.500000,-0.520875,-0.545203,0.105223,-0.034570,-0.569022,-0.526347,0.105900,-0.546611,0.549585,0.105900,-0.128610,0.082935,0.085141,-0.079022,-0.378814,0.336529,0.124164,-0.025289,0.023398,0.062641,0.275492,-0.276991,-0.101664,0.000000,0.000000,0.000000,1,0
1776700125385.000,0.100000,-0.531167,-0.503953,2.905054,0.028843,0.037962,1.533292,-1.000000,-1.000000,3.000000,1.500000,-0.468833,-0.496047,0.094946,-0.033292,-0.541807,-0.506867,0.104147,-0.526826,0.522421,0.104147,-0.102895,0.060586,0.070874,-0.073273,-0.344922,0.302335,0.112037,-0.023493,0.021551,0.058819,0.265520,-0.263300,-0.099981,0.000000,0.000000,0.000000,1,0
1776700125485.000,0.100000,-0.579032,-0.549780,2.914355,0.020548,0.041314,1.534750,-1.000000,-1.000000,3.000000,1.500000,-0.420968,-0.450220,0.085645,-0.034750,-0.506435,-0.479653,0.097911,-0.497593,0.488820,0.097911,-0.083497,0.045215,0.062116,-0.080551,-0.312546,0.271804,0.101061,-0.021737,0.019776,0.055049,0.250787,-0.246365,-0.093995,0.000000,0.000000,0.000000,1,0
1776700125585.000,0.100000,-0.622426,-0.591763,2.922901,0.016221,0.053918,1.534539,-1.000000,-1.000000,3.000000,1.500000,-0.377574,-0.408237,0.077099,-0.034539,-0.465839,-0.446151,0.090941,-0.462744,0.449360,0.090941,-0.070178,0.035225,0.055036,-0.077373,-0.283352,0.243619,0.090977,-0.020049,0.018084,0.051363,0.233223,-0.226478,-0.087303,0.000000,0.000000,0.000000,1,0
1776700125761.000,0.176000,-0.646195,-0.614999,2.927649,0.015460,0.051539,1.537717,-1.000000,-1.000000,3.000000,1.500000,-0.353805,-0.385001,0.072351,-0.037717,-0.280598,-0.270238,0.055122,-0.279371,0.271507,0.055122,-0.142821,0.107548,0.077770,-0.087025,-0.266443,0.229070,0.085374,-0.017182,0.015317,0.045313,0.140803,-0.136840,-0.052917,0.000000,0.000000,0.000000,1,0
1776700125786.000,0.025000,-0.694628,-0.663693,2.937731,0.010587,0.056505,1.539214,-1.000000,-1.000000,3.000000,1.500000,-0.305372,-0.336307,0.062269,-0.039214,-1.208372,-1.209669,0.250080,-1.247222,1.169571,0.250080,0.379323,-0.376446,-0.122055,-0.096844,-0.232365,0.197971,0.073478,-0.016912,0.015047,0.044545,0.628600,-0.589464,-0.240077,0.000000,0.000000,0.000000,1,0
