time,command,measured,model,cross1,cross2,yaw
0.0,0.0,0.0,0.012942874077725718,0.0,-0.04072115570306778,0.0
0.001,0.0,0.0,0.012942874077725718,0.0,-0.0807088166475296,0.0
0.002,0.0,0.0,0.012942874077725718,0.0,-0.11952421814203262,0.0
0.003,0.0,0.0,0.012942874077725718,0.0,-0.15681280195713043,0.0
0.004,0.0,0.0,0.012942874077725718,0.0,-0.19229675829410553,0.0
0.005,0.0,0.0,0.012942874077725718,0.0,-0.2257671058177948,0.0
0.006,0.0,0.0,0.012942874077725718,0.0,-0.25707584619522095,0.0
0.007,0.0,0.0,0.012942874077725718,0.0,-0.28612813353538513,0.0
0.008,0.0,0.0,0.012942874077725718,0.0,-0.3128749132156372,0.0
0.009000000000000001,0.0,0.0,0.012942874077725718,0.0,-0.3373059332370758,0.0
0.01,0.0,0.0,0.012942874077725718,0.0,-0.35944312810897827,0.0
0.011,0.0,0.0,0.012942874077725718,0.0,-0.3793348968029022,0.0
0.012,0.0,0.0,0.012942874077725718,0.0,-0.3970506191253662,0.0
0.013000000000000001,0.0,0.0,0.012942874077725718,0.0,-0.41267597675323486,0.0
0.014,0.0,0.0,0.012942874077725718,0.0,-0.42630884051322937,0.0
0.015,0.0,0.0,0.012942874077725718,0.0,-0.4380556046962738,0.0
0.016,0.0,0.0,0.012942874077725718,0.0,-0.44802817702293396,0.0
0.017,0.0,0.0,0.012942874077725718,0.0,-0.45634129643440247,0.0
0.018000000000000002,0.0,0.0,0.012942874077725718,0.0,-0.4631105363368988,0.0
0.019,0.0,0.0,0.012942874077725718,0.0,-0.4684503674507141,0.0
0.02,0.0,0.0,0.012942874077725718,0.0,-0.4724729359149933,0.0
0.021,0.0,0.0,0.012942874077725718,0.0,-0.4752868413925171,0.0
0.022,0.0,0.0,0.012942874077725718,0.0,-0.47699642181396484,0.0
0.023,0.0,0.0,0.012942874077725718,0.0,-0.47770100831985474,0.0
0.024,0.0,0.0,0.012942874077725718,0.0,-0.4774947762489319,0.0
0.025,0.0,0.0,0.012942874077725718,0.0,-0.47646620869636536,0.0
0.026000000000000002,0.0,0.0,0.012942874077725718,0.0,-0.4746982157230377,0.0
0.027,0.0,0.0,0.012942874077725718,0.0,-0.47226810455322266,0.0
0.028,0.0,0.0,0.012942874077725718,0.0,-0.4692475199699402,0.0
0.029,0.0,0.0,0.012942874077725718,0.0,-0.46570271253585815,0.0
0.03,0.0,0.0,0.012942874077725718,0.0,-0.46169477701187134,0.0
0.031,0.0,0.0,0.012942874077725718,0.0,-0.4572798013687134,0.0
0.032,0.0,0.0,0.012942874077725718,0.0,-0.4525090754032135,0.0
0.033,0.0,0.0,0.012942874077725718,0.0,-0.4474295675754547,0.0
0.034,0.0,0.0,0.012942874077725718,0.0,-0.4420839548110962,0.0
0.035,0.0,0.0,0.012942874077725718,0.0,-0.4365110993385315,0.0
0.036000000000000004,0.0,0.0,0.012942874077725718,0.0,-0.4307461977005005,0.0
0.037,0.0,0.0,0.012942874077725718,0.0,-0.4248211085796356,0.0
0.038,0.0,0.0,0.012942874077725718,0.0,-0.418764591217041,0.0
0.039,0.0,0.0,0.012942874077725718,0.0,-0.41260260343551636,0.0
0.04,0.0,0.0,0.012942874077725718,0.0,-0.4063584506511688,0.0
0.041,0.0,0.0,0.012942874077725718,0.0,-0.4000530540943146,0.0
0.042,0.0,0.0,0.012942874077725718,0.0,-0.3937051296234131,0.0
0.043000000000000003,0.0,0.0,0.012942874077725718,0.0,-0.38733145594596863,0.0
0.044,0.0,0.0,0.012942874077725718,0.0,-0.3809469938278198,0.0
0.045,0.0,0.0,0.012942874077725718,0.0,-0.3745650053024292,0.0
0.046,0.0,0.0,0.012942874077725718,0.0,-0.3681972920894623,0.0
0.047,0.0,0.0,0.012942874077725718,0.0,-0.36185431480407715,0.0
0.048,0.0,0.0,0.012942874077725718,0.0,-0.3555452525615692,0.0
0.049,0.0,0.0,0.012942874077725718,0.0,-0.3492782413959503,0.0
0.05,0.0,0.0,0.012942874077725718,0.0,-0.3430604040622711,0.0
0.051000000000000004,0.0,0.0,0.012942874077725718,0.0,-0.33689790964126587,0.0
0.052000000000000005,0.0,0.0,0.012942874077725718,0.0,-0.33079615235328674,0.0
0.053,0.0,0.0,0.012942874077725718,0.0,-0.3247598111629486,0.0
0.054,0.0,0.0,0.012942874077725718,0.0,-0.31879284977912903,0.0
0.055,0.0,0.0,0.012942874077725718,0.0,-0.312898725271225,0.0
0.056,0.0,0.0,0.012942874077725718,0.0,-0.30708029866218567,0.0
0.057,0.0,0.0,0.012942874077725718,0.0,-0.30133992433547974,0.0
0.058,0.0,0.0,0.012942874077725718,0.0,-0.29567965865135193,0.0
0.059000000000000004,0.0,0.0,0.012942874077725718,0.0,-0.290101021528244,0.0
0.06,0.0,0.0,0.012942874077725718,0.0,-0.28460532426834106,0.0
0.061,0.0,0.0,0.012942874077725718,0.0,-0.2791934907436371,0.0
0.062,0.0,0.0,0.012942874077725718,0.0,-0.2738661766052246,0.0
0.063,0.0,0.0,0.012942874077725718,0.0,-0.26862385869026184,0.0
0.064,0.0,0.0,0.012942874077725718,0.0,-0.2634667456150055,0.0
0.065,0.0,0.0,0.012942874077725718,0.0,-0.25839489698410034,0.0
0.066,0.0,0.0,0.012942874077725718,0.0,-0.25340813398361206,0.0
0.067,0.0,0.0,0.012942874077725718,0.0,-0.24850623309612274,0.0
0.068,0.0,0.0,0.012942874077725718,0.0,-0.24368873238563538,0.0
0.069,0.0,0.0,0.012942874077725718,0.0,-0.23895512521266937,0.0
0.07,0.0,0.0,0.012942874077725718,0.0,-0.23430480062961578,0.0
0.07100000000000001,0.0,0.0,0.012942874077725718,0.0,-0.2297370284795761,0.0
0.07200000000000001,0.0,0.0,0.012942874077725718,0.0,-0.22525103390216827,0.0
0.073,0.0,0.0,0.012942874077725718,0.0,-0.22084593772888184,0.0
0.074,0.0,0.0,0.012942874077725718,0.0,-0.21652086079120636,0.0
0.075,0.0,0.0,0.012942874077725718,0.0,-0.21227481961250305,0.0
0.076,0.0,0.0,0.012942874077725718,0.0,-0.20810683071613312,0.0
0.077,0.0,0.0,0.012942874077725718,0.0,-0.2040158361196518,0.0
0.078,0.0,0.0,0.012942874077725718,0.0,-0.2000008076429367,0.0
0.079,0.0,0.0,0.012942874077725718,0.0,-0.1960606426000595,0.0
0.08,0.0,0.0,0.012942874077725718,0.0,-0.19219423830509186,0.0
0.081,0.0,0.0,0.012942874077725718,0.0,-0.1884004920721054,0.0
0.082,0.0,0.0,0.012942874077725718,0.0,-0.18467824161052704,0.0
0.083,0.0,0.0,0.012942874077725718,0.0,-0.1810263991355896,0.0
0.084,0.0,0.0,0.012942874077725718,0.0,-0.17744380235671997,0.0
0.085,0.0,0.0,0.012942874077725718,0.0,-0.17392930388450623,0.0
0.08600000000000001,0.0,0.0,0.012942874077725718,0.0,-0.17048180103302002,0.0
0.08700000000000001,0.0,0.0,0.012942874077725718,0.0,-0.16710011661052704,0.0
0.088,0.0,0.0,0.012942874077725718,0.0,-0.16378316283226013,0.0
0.089,0.0,0.0,0.012942874077725718,0.0,-0.16052977740764618,0.0
0.09,0.0,0.0,0.012942874077725718,0.0,-0.15733888745307922,0.0
0.091,0.0,0.0,0.012942874077725718,0.0,-0.15420936048030853,0.0
0.092,0.0,0.0,0.012942874077725718,0.0,-0.15114009380340576,0.0
0.093,0.0,0.0,0.012942874077725718,0.0,-0.14813002943992615,0.0
0.094,0.0,0.0,0.012942874077725718,0.0,-0.14517807960510254,0.0
0.095,0.0,0.0,0.012942874077725718,0.0,-0.14228320121765137,0.0
0.096,0.0,0.0,0.012942874077725718,0.0,-0.13944432139396667,0.0
0.097,0.0,0.0,0.012942874077725718,0.0,-0.13666042685508728,0.0
0.098,0.0,0.0,0.012942874077725718,0.0,-0.1339304894208908,0.0
0.099,0.0,0.0,0.012942874077725718,0.0,-0.13125351071357727,0.0
0.1,0.0,0.0,0.012942874077725718,0.0,-0.12862850725650787,0.0
0.101,0.0,0.0,0.012942874077725718,0.0,-0.12605449557304382,0.0
0.10200000000000001,0.0,0.0,0.012942874077725718,0.0,-0.12353051453828812,0.0
0.10300000000000001,0.0,0.0,0.012942874077725718,0.0,-0.12105562537908554,0.0
0.10400000000000001,0.0,0.0,0.012942874077725718,0.0,-0.11862889677286148,0.0
0.105,0.0,0.0,0.012942874077725718,0.0,-0.11624941974878311,0.0
0.106,0.0,0.0,0.012942874077725718,0.0,-0.11391628533601761,0.0
0.107,0.0,0.0,0.012942874077725718,0.0,-0.11162861436605453,0.0
0.108,0.0,0.0,0.012942874077725718,0.0,-0.10938553512096405,0.0
0.109,0.0,0.0,0.012942874077725718,0.0,-0.1071861982345581,0.0
0.11,0.0,0.0,0.012942874077725718,0.0,-0.10502976179122925,0.0
0.111,0.0,0.0,0.012942874077725718,0.0,-0.10291540622711182,0.0
0.112,0.0,0.0,0.012942874077725718,0.0,-0.10084231942892075,0.0
0.113,0.0,0.0,0.012942874077725718,0.0,-0.09880970418453217,0.0
0.114,0.0,0.0,0.012942874077725718,0.0,-0.096816785633564,0.0
0.115,0.0,0.0,0.012942874077725718,0.0,-0.09486278891563416,0.0
0.116,0.0,0.0,0.012942874077725718,0.0,-0.09294696897268295,0.0
0.117,0.0,0.0,0.012942874077725718,0.0,-0.0910685807466507,0.0
0.11800000000000001,0.0,0.0,0.012942874077725718,0.0,-0.08922690153121948,0.0
0.11900000000000001,0.0,0.0,0.012942874077725718,0.0,-0.0874212235212326,0.0
0.12,0.0,0.0,0.012942874077725718,0.0,-0.08565084636211395,0.0
0.121,0.0,0.0,0.012942874077725718,0.0,-0.08391508460044861,0.0
0.122,0.0,0.0,0.012942874077725718,0.0,-0.08221326768398285,0.0
0.123,0.0,0.0,0.012942874077725718,0.0,-0.08054473251104355,0.0
0.124,0.0,0.0,0.012942874077725718,0.0,-0.07890883088111877,0.0
0.125,0.0,0.0,0.012942874077725718,0.0,-0.07730493694543839,0.0
0.126,0.0,0.0,0.012942874077725718,0.0,-0.07573241740465164,0.0
0.127,0.0,0.0,0.012942874077725718,0.0,-0.0741906687617302,0.0
0.128,0.0,0.0,0.012942874077725718,0.0,-0.0726790800690651,0.0
0.129,0.0,0.0,0.012942874077725718,0.0,-0.07119707763195038,0.0
0.13,0.0,0.0,0.012942874077725718,0.0,-0.06974408030509949,0.0
0.131,0.0,0.0,0.012942874077725718,0.0,-0.06831951439380646,0.0
0.132,0.0,0.0,0.012942874077725718,0.0,-0.06692283600568771,0.0
0.133,0.0,0.0,0.012942874077725718,0.0,-0.06555350124835968,0.0
0.134,0.0,0.0,0.012942874077725718,0.0,-0.06421096622943878,0.0
0.135,0.0,0.0,0.012942874077725718,0.0,-0.06289471685886383,0.0
0.136,0.0,0.0,0.012942874077725718,0.0,-0.06160423532128334,0.0
0.137,0.0,0.0,0.012942874077725718,0.0,-0.06033901870250702,0.0
0.138,0.0,0.0,0.012942874077725718,0.0,-0.05909857898950577,0.0
0.139,0.0,0.0,0.012942874077725718,0.0,-0.05788242444396019,0.0
0.14,0.0,0.0,0.012942874077725718,0.0,-0.05669008567929268,0.0
0.14100000000000001,0.0,0.0,0.012942874077725718,0.0,-0.05552109330892563,0.0
0.14200000000000002,0.0,0.0,0.012942874077725718,0.0,-0.054374996572732925,0.0
0.14300000000000002,0.0,0.0,0.012942874077725718,0.0,-0.05325134098529816,0.0
0.14400000000000002,0.0,0.0,0.012942874077725718,0.0,-0.0521496944129467,0.0
0.145,0.0,0.0,0.012942874077725718,0.0,-0.05106962472200394,0.0
0.146,0.0,0.0,0.012942874077725718,0.0,-0.05001070722937584,0.0
0.147,0.0,0.0,0.012942874077725718,0.0,-0.04897252842783928,0.0
0.148,0.0,0.0,0.012942874077725718,0.0,-0.04795468971133232,0.0
0.149,0.0,0.0,0.012942874077725718,0.0,-0.046956781297922134,0.0
0.15,0.0,0.0,0.012942874077725718,0.0,-0.045978426933288574,0.0
0.151,0.0,0.0,0.012942874077725718,0.0,-0.045019231736660004,0.0
0.152,0.0,0.0,0.012942874077725718,0.0,-0.044078826904296875,0.0
0.153,0.0,0.0,0.012942874077725718,0.0,-0.04315684735774994,0.0
0.154,0.0,0.0,0.012942874077725718,0.0,-0.042252928018569946,0.0
0.155,0.0,0.0,0.012942874077725718,0.0,-0.04136671498417854,0.0
0.156,0.0,0.0,0.012942874077725718,0.0,-0.04049786552786827,0.0
0.157,0.0,0.0,0.012942874077725718,0.0,-0.03964604064822197,0.0
0.158,0.0,0.0,0.012942874077725718,0.0,-0.03881090134382248,0.0
0.159,0.0,0.0,0.012942874077725718,0.0,-0.037992123514413834,0.0
0.16,0.0,0.0,0.012942874077725718,0.0,-0.037189386785030365,0.0
0.161,0.0,0.0,0.012942874077725718,0.0,-0.0364023819565773,0.0
0.162,0.0,0.0,0.012942874077725718,0.0,-0.03563079610466957,0.0
0.163,0.0,0.0,0.012942874077725718,0.0,-0.034874327480793,0.0
0.164,0.0,0.0,0.012942874077725718,0.0,-0.03413268178701401,0.0
0.165,0.0,0.0,0.012942874077725718,0.0,-0.033405568450689316,0.0
0.166,0.0,0.0,0.012942874077725718,0.0,-0.03269270062446594,0.0
0.167,0.0,0.0,0.012942874077725718,0.0,-0.0319938026368618,0.0
0.168,0.0,0.0,0.012942874077725718,0.0,-0.031308602541685104,0.0
0.169,0.0,0.0,0.012942874077725718,0.0,-0.030636828392744064,0.0
0.17,0.0,0.0,0.012942874077725718,0.0,-0.02997821755707264,0.0
0.171,0.0,0.0,0.012942874077725718,0.0,-0.029332512989640236,0.0
0.17200000000000001,0.0,0.0,0.012942874077725718,0.0,-0.028699463233351707,0.0
0.17300000000000001,0.0,0.0,0.012942874077725718,0.0,-0.028078818693757057,0.0
0.17400000000000002,0.0,0.0,0.012942874077725718,0.0,-0.027470337226986885,0.0
0.17500000000000002,0.0,0.0,0.012942874077725718,0.0,-0.02687378227710724,0.0
0.176,0.0,0.0,0.012942874077725718,0.0,-0.026288917288184166,0.0
0.177,0.0,0.0,0.012942874077725718,0.0,-0.02571551501750946,0.0
0.178,0.0,0.0,0.012942874077725718,0.0,-0.025153351947665215,0.0
0.179,0.0,0.0,0.012942874077725718,0.0,-0.02460220456123352,0.0
0.18,0.0,0.0,0.012942874077725718,0.0,-0.024061862379312515,0.0
0.181,0.0,0.0,0.012942874077725718,0.0,-0.023532109335064888,0.0
0.182,0.0,0.0,0.012942874077725718,0.0,-0.023012738674879074,0.0
0.183,0.0,0.0,0.012942874077725718,0.0,-0.022503549233078957,0.0
0.184,0.0,0.0,0.012942874077725718,0.0,-0.02200433984398842,0.0
0.185,0.0,0.0,0.012942874077725718,0.0,-0.02151491492986679,0.0
0.186,0.0,0.0,0.012942874077725718,0.0,-0.02103508450090885,0.0
0.187,0.0,0.0,0.012942874077725718,0.0,-0.02056465856730938,0.0
0.188,0.0,0.0,0.012942874077725718,0.0,-0.02010345458984375,0.0
0.189,0.0,0.0,0.012942874077725718,0.0,-0.019651291891932487,0.0
0.19,0.0,0.0,0.012942874077725718,0.0,-0.019207991659641266,0.0
0.191,0.0,0.0,0.012942874077725718,0.0,-0.018773382529616356,0.0
0.192,0.0,0.0,0.012942874077725718,0.0,-0.01834729313850403,0.0
0.193,0.0,0.0,0.012942874077725718,0.0,-0.017929555848240852,0.0
0.194,0.0,0.0,0.012942874077725718,0.0,-0.017520008608698845,0.0
0.195,0.0,0.0,0.012942874077725718,0.0,-0.017118489369750023,0.0
0.196,0.0,0.0,0.012942874077725718,0.0,-0.016724843531847,0.0
0.197,0.0,0.0,0.012942874077725718,0.0,-0.01633891463279724,0.0
0.198,0.0,0.0,0.012942874077725718,0.0,-0.01596055179834366,0.0
0.199,0.0,0.0,0.012942874077725718,0.0,-0.015589606016874313,0.0
0.2,0.0,0.0,0.012942874077725718,0.0,-0.015225933864712715,0.0
0.201,0.0,0.0,0.012942874077725718,0.0,-0.014869391918182373,0.0
0.202,0.0,0.0,0.012942874077725718,0.0,-0.01451984141021967,0.0
0.203,0.0,0.0,0.012942874077725718,0.0,-0.014177143573760986,0.0
0.20400000000000001,0.0,0.0,0.012942874077725718,0.0,-0.013841165229678154,0.0
0.20500000000000002,0.0,0.0,0.012942874077725718,0.0,-0.013511775992810726,0.0
0.20600000000000002,0.0,0.0,0.012942874077725718,0.0,-0.013188844546675682,0.0
0.20700000000000002,0.0,0.0,0.012942874077725718,0.0,-0.012872245162725449,0.0
0.20800000000000002,0.0,0.0,0.012942874077725718,0.0,-0.012561853975057602,0.0
0.209,0.0,0.0,0.012942874077725718,0.0,-0.012257549911737442,0.0
0.21,0.0,0.0,0.012942874077725718,0.0,-0.011959212832152843,0.0
0.211,0.0,0.0,0.012942874077725718,0.0,-0.01166672632098198,0.0
0.212,0.0,0.0,0.012942874077725718,0.0,-0.011379975825548172,0.0
0.213,0.0,0.0,0.012942874077725718,0.0,-0.011098848655819893,0.0
0.214,0.0,0.0,0.012942874077725718,0.0,-0.010823233984410763,0.0
0.215,0.0,0.0,0.012942874077725718,0.0,-0.010553025640547276,0.0
0.216,0.0,0.0,0.012942874077725718,0.0,-0.01028811652213335,0.0
0.217,0.0,0.0,0.012942874077725718,0.0,-0.01002840232104063,0.0
0.218,0.0,0.0,0.012942874077725718,0.0,-0.009773782454431057,0.0
0.219,0.0,0.0,0.012942874077725718,0.0,-0.009524156339466572,0.0
0.22,0.0,0.0,0.012942874077725718,0.0,-0.00927942618727684,0.0
0.221,0.0,0.0,0.012942874077725718,0.0,-0.009039497002959251,0.0
0.222,0.0,0.0,0.012942874077725718,0.0,-0.00880427286028862,0.0
0.223,0.0,0.0,0.012942874077725718,0.0,-0.008573663420975208,0.0
0.224,0.0,0.0,0.012942874077725718,0.0,-0.008347577415406704,0.0
0.225,0.0,0.0,0.012942874077725718,0.0,-0.008125926367938519,0.0
0.226,0.0,0.0,0.012942874077725718,0.0,-0.007908623665571213,0.0
0.227,0.0,0.0,0.012942874077725718,0.0,-0.007695583626627922,0.0
0.228,0.0,0.0,0.012942874077725718,0.0,-0.007486722897738218,0.0
0.229,0.0,0.0,0.012942874077725718,0.0,-0.007281959522515535,0.0
0.23,0.0,0.0,0.012942874077725718,0.0,-0.007081213407218456,0.0
0.231,0.0,0.0,0.012942874077725718,0.0,-0.006884405389428139,0.0
0.232,0.0,0.0,0.012942874077725718,0.0,-0.006691459100693464,0.0
0.233,0.0,0.0,0.012942874077725718,0.0,-0.0065022981725633144,0.0
0.234,0.0,0.0,0.012942874077725718,0.0,-0.006316849030554295,0.0
0.23500000000000001,0.0,0.0,0.012942874077725718,0.0,-0.00613503810018301,0.0
0.23600000000000002,0.0,0.0,0.012942874077725718,0.0,-0.0059567950665950775,0.0
0.23700000000000002,0.0,0.0,0.012942874077725718,0.0,-0.005782049614936113,0.0
0.23800000000000002,0.0,0.0,0.012942874077725718,0.0,-0.005610732827335596,0.0
0.23900000000000002,0.0,0.0,0.012942874077725718,0.0,-0.005442778114229441,0.0
0.24,0.0,0.0,0.012942874077725718,0.0,-0.0052781193517148495,0.0
0.241,0.0,0.0,0.012942874077725718,0.0,-0.005116691812872887,0.0
0.242,0.0,0.0,0.012942874077725718,0.0,-0.004958432633429766,0.0
0.243,0.0,0.0,0.012942874077725718,0.0,-0.004803279414772987,0.0
0.244,0.0,0.0,0.012942874077725718,0.0,-0.004651171155273914,0.0
0.245,0.0,0.0,0.012942874077725718,0.0,-0.004502048250287771,0.0
0.246,0.0,0.0,0.012942874077725718,0.0,-0.0043558524921536446,0.0
0.247,0.0,0.0,0.012942874077725718,0.0,-0.004212526138871908,0.0
0.248,0.0,0.0,0.012942874077725718,0.0,-0.004072013311088085,0.0
0.249,0.0,0.0,0.012942874077725718,0.0,-0.003934259060770273,0.0
0.25,0.0,0.0,0.012942874077725718,0.0,-0.0037992086727172136,0.0
0.251,0.0,0.0,0.012942874077725718,0.0,-0.0036668095272034407,0.0
0.252,0.0,0.0,0.012942874077725718,0.0,-0.0035370097029954195,0.0
0.253,0.0,0.0,0.012942874077725718,0.0,-0.00340975821018219,0.0
0.254,0.0,0.0,0.012942874077725718,0.0,-0.0032850049901753664,0.0
0.255,0.0,0.0,0.012942874077725718,0.0,-0.0031627013813704252,0.0
0.256,0.0,0.0,0.012942874077725718,0.0,-0.00304279918782413,0.0
0.257,0.0,0.0,0.012942874077725718,0.0,-0.002925251144915819,0.0
0.258,0.0,0.0,0.012942874077725718,0.0,-0.0028100116178393364,0.0
0.259,0.0,0.0,0.012942874077725718,0.0,-0.0026970352046191692,0.0
0.26,0.0,0.0,0.012942874077725718,0.0,-0.002586277201771736,0.0
0.261,0.0,0.0,0.012942874077725718,0.0,-0.002477694535627961,0.0
0.262,0.0,0.0,0.012942874077725718,0.0,-0.002371244365349412,0.0
0.263,0.0,0.0,0.012942874077725718,0.0,-0.002266885247081518,0.0
0.264,0.0,0.0,0.012942874077725718,0.0,-0.0021645757369697094,0.0
0.265,0.0,0.0,0.012942874077725718,0.0,-0.002064275788143277,0.0
0.266,0.0,0.0,0.012942874077725718,0.0,-0.0019659462850540876,0.0
0.267,0.0,0.0,0.012942874077725718,0.0,-0.0018695484613999724,0.0
0.268,0.0,0.0,0.012942874077725718,0.0,-0.001775044365786016,0.0
0.269,0.0,0.0,0.012942874077725718,0.0,-0.0016823969781398773,0.0
0.27,0.0,0.0,0.012942874077725718,0.0,-0.0015915698604658246,0.0
0.271,0.0,0.0,0.012942874077725718,0.0,-0.0015025275060907006,0.0
0.272,0.0,0.0,0.012942874077725718,0.0,-0.0014152347575873137,0.0
0.273,0.0,0.0,0.012942874077725718,0.0,-0.0013296573888510466,0.0
0.274,0.0,0.0,0.012942874077725718,0.0,-0.0012457617558538914,0.0
0.275,0.0,0.0,0.012942874077725718,0.0,-0.001163514913059771,0.0
0.276,0.0,0.0,0.012942874077725718,0.0,-0.0010828847298398614,0.0
0.277,0.0,0.0,0.012942874077725718,0.0,-0.00100383919198066,0.0
0.278,0.0,0.0,0.012942874077725718,0.0,-0.0009263475658372045,0.0
0.279,0.0,0.0,0.012942874077725718,0.0,-0.0008503791759721935,0.0
0.28,0.0,0.0,0.012942874077725718,0.0,-0.0007759042782709002,0.0
0.281,0.0,0.0,0.012942874077725718,0.0,-0.0007028935942798853,0.0
0.28200000000000003,0.0,0.0,0.012942874077725718,0.0,-0.0006313184276223183,0.0
0.28300000000000003,0.0,0.0,0.012942874077725718,0.0,-0.0005611506057903171,0.0
0.28400000000000003,0.0,0.0,0.012942874077725718,0.0,-0.0004923625965602696,0.0
0.28500000000000003,0.0,0.0,0.012942874077725718,0.0,-0.0004249273333698511,0.0
0.28600000000000003,0.0,0.0,0.012942874077725718,0.0,-0.000358818331733346,0.0
0.28700000000000003,0.0,0.0,0.012942874077725718,0.0,-0.00029400960193015635,0.0
0.28800000000000003,0.0,0.0,0.012942874077725718,0.0,-0.00023047563445288688,0.0
0.289,0.0,0.0,0.012942874077725718,0.0,-0.0001681914582150057,0.0
0.29,0.0,0.0,0.012942874077725718,0.0,-0.00010713258961914107,0.0
0.291,0.0,0.0,0.012942874077725718,0.0,-4.7275014367187396e-05,0.0
0.292,0.0,0.0,0.012942874077725718,0.0,1.1404814358684234e-05,0.0
0.293,0.0,0.0,0.012942874077725718,0.0,6.89299704390578e-05,0.0
0.294,0.0,0.0,0.012942874077725718,0.0,0.00012532308755908161,0.0
0.295,0.0,0.0,0.012942874077725718,0.0,0.0001806063373805955,0.0
0.296,0.0,0.0,0.012942874077725718,0.0,0.0002348014822928235,0.0
0.297,0.0,0.0,0.012942874077725718,0.0,0.00028792984085157514,0.0
0.298,0.0,0.0,0.012942874077725718,0.0,0.00034001230960711837,0.0
0.299,0.0,0.0,0.012942874077725718,0.0,0.00039106939220800996,0.0
0.3,0.0,0.0,0.012942874077725718,0.0,0.00044112117029726505,0.0
0.301,0.0,0.0,0.012942874077725718,0.0,0.0004901873762719333,0.0
0.302,0.0,0.0,0.012942874077725718,0.0,0.0005382872768677771,0.0
0.303,0.0,0.0,0.012942874077725718,0.0,0.0005854398477822542,0.0
0.304,0.0,0.0,0.012942874077725718,0.0,0.0006316635990515351,0.0
0.305,0.0,0.0,0.012942874077725718,0.0,0.0006769768078811467,0.0
0.306,0.0,0.0,0.012942874077725718,0.0,0.0007213972276076674,0.0
0.307,0.0,0.0,0.012942874077725718,0.0,0.0007649424369446933,0.0
0.308,0.0,0.0,0.012942874077725718,0.0,0.0008076296071521938,0.0
0.309,0.0,0.0,0.012942874077725718,0.0,0.000849475443828851,0.0
0.31,0.0,0.0,0.012942874077725718,0.0,0.0008904965361580253,0.0
0.311,0.0,0.0,0.012942874077725718,0.0,0.0009307089494541287,0.0
0.312,0.0,0.0,0.012942874077725718,0.0,0.0009701286326162517,0.0
0.313,0.0,0.0,0.012942874077725718,0.0,0.0010087710106745362,0.0
0.314,0.0,0.0,0.012942874077725718,0.0,0.0010466515086591244,0.0
0.315,0.0,0.0,0.012942874077725718,0.0,0.0010837848531082273,0.0
0.316,0.0,0.0,0.012942874077725718,0.0,0.001120185712352395,0.0
0.317,0.0,0.0,0.012942874077725718,0.0,0.0011558685218915343,0.0
0.318,0.0,0.0,0.012942874077725718,0.0,0.0011908473679795861,0.0
0.319,0.0,0.0,0.012942874077725718,0.0,0.001225135987624526,0.0
0.32,0.0,0.0,0.012942874077725718,0.0,0.001258747885003686,0.0
0.321,0.0,0.0,0.012942874077725718,0.0,0.001291696447879076,0.0
0.322,0.0,0.0,0.012942874077725718,0.0,0.0013239944819360971,0.0
0.323,0.0,0.0,0.012942874077725718,0.0,0.0013556549092754722,0.0
0.324,0.0,0.0,0.012942874077725718,0.0,0.0013866901863366365,0.0
0.325,0.0,0.0,0.012942874077725718,0.0,0.0014171125367283821,0.0
0.326,0.0,0.0,0.012942874077725718,0.0,0.001446933951228857,0.0
0.327,0.0,0.0,0.012942874077725718,0.0,0.0014761661877855659,0.0
0.328,0.0,0.0,0.012942874077725718,0.0,0.0015048208879306912,0.0
0.329,0.0,0.0,0.012942874077725718,0.0,0.0015329092275351286,0.0
0.33,0.0,0.0,0.012942874077725718,0.0,0.0015604424988850951,0.0
0.331,0.0,0.0,0.012942874077725718,0.0,0.0015874315286055207,0.0
0.332,0.0,0.0,0.012942874077725718,0.0,0.0016138867940753698,0.0
0.333,0.0,0.0,0.012942874077725718,0.0,0.0016398190055042505,0.0
0.334,0.0,0.0,0.012942874077725718,0.0,0.0016652382910251617,0.0
0.335,0.0,0.0,0.012942874077725718,0.0,0.0016901546623557806,0.0
0.336,0.0,0.0,0.012942874077725718,0.0,0.0017145780147984624,0.0
0.337,0.0,0.0,0.012942874077725718,0.0,0.0017385181272402406,0.0
0.338,0.0,0.0,0.012942874077725718,0.0,0.0017619841964915395,0.0
0.339,0.0,0.0,0.012942874077725718,0.0,0.0017849858850240707,0.0
0.34,0.0,0.0,0.012942874077725718,0.0,0.0018075320404022932,0.0
0.341,0.0,0.0,0.012942874077725718,0.0,0.0018296315101906657,0.0
0.342,0.0,0.0,0.012942874077725718,0.0,0.0018512933747842908,0.0
0.343,0.0,0.0,0.012942874077725718,0.0,0.0018725258996710181,0.0
0.34400000000000003,0.0,0.0,0.012942874077725718,0.0,0.001893337699584663,0.0
0.34500000000000003,0.0,0.0,0.012942874077725718,0.0,0.0019137368071824312,0.0
0.34600000000000003,0.0,0.0,0.012942874077725718,0.0,0.0019337316043674946,0.0
0.34700000000000003,0.0,0.0,0.012942874077725718,0.0,0.0019533298909664154,0.0
0.34800000000000003,0.0,0.0,0.012942874077725718,0.0,0.0019725391175597906,0.0
0.34900000000000003,0.0,0.0,0.012942874077725718,0.0,0.001991367433220148,0.0
0.35000000000000003,0.0,0.0,0.012942874077725718,0.0,0.002009822055697441,0.0
0.35100000000000003,0.0,0.0,0.012942874077725718,0.0,0.002027910202741623,0.0
0.352,0.0,0.0,0.012942874077725718,0.0,0.0020456393249332905,0.0
0.353,0.0,0.0,0.012942874077725718,0.0,0.0020630161743611097,0.0
0.354,0.0,0.0,0.012942874077725718,0.0,0.002080047968775034,0.0
0.355,0.0,0.0,0.012942874077725718,0.0,0.002096740994602442,0.0
0.356,0.0,0.0,0.012942874077725718,0.0,0.0021131024695932865,0.0
0.357,0.0,0.0,0.012942874077725718,0.0,0.002129138447344303,0.0
0.358,0.0,0.0,0.012942874077725718,0.0,0.0021448556799441576,0.0
0.359,0.0,0.0,0.012942874077725718,0.0,0.0021602599881589413,0.0
0.36,0.0,0.0,0.012942874077725718,0.0,0.002175357658416033,0.0
0.361,0.0,0.0,0.012942874077725718,0.0,0.002190154977142811,0.0
0.362,0.0,0.0,0.012942874077725718,0.0,0.002204657532274723,0.0
0.363,0.0,0.0,0.012942874077725718,0.0,0.002218871144577861,0.0
0.364,0.0,0.0,0.012942874077725718,0.0,0.0022328016348183155,0.0
0.365,0.0,0.0,0.012942874077725718,0.0,0.002246454358100891,0.0
0.366,0.0,0.0,0.012942874077725718,0.0,0.0022598349023610353,0.0
0.367,0.0,0.0,0.012942874077725718,0.0,0.0022729483898729086,0.0
0.368,0.0,0.0,0.012942874077725718,0.0,0.0022858004085719585,0.0
0.369,0.0,0.0,0.012942874077725718,0.0,0.0022983956150710583,0.0
0.37,0.0,0.0,0.012942874077725718,0.0,0.0023107395973056555,0.0
0.371,0.0,0.0,0.012942874077725718,0.0,0.0023228367790579796,0.0
0.372,0.0,0.0,0.012942874077725718,0.0,0.002334692282602191,0.0
0.373,0.0,0.0,0.012942874077725718,0.0,0.0023463107645511627,0.0
0.374,0.0,0.0,0.012942874077725718,0.0,0.002357696881517768,0.0
0.375,0.0,0.0,0.012942874077725718,0.0,0.0023688552901148796,0.0
0.376,0.0,0.0,0.012942874077725718,0.0,0.0023797901812940836,0.0
0.377,0.0,0.0,0.012942874077725718,0.0,0.0023905059788376093,0.0
0.378,0.0,0.0,0.012942874077725718,0.0,0.0024010073393583298,0.0
0.379,0.0,0.0,0.012942874077725718,0.0,0.002411298220977187,0.0
0.38,0.0,0.0,0.012942874077725718,0.0,0.0024213825818151236,0.0
0.381,0.0,0.0,0.012942874077725718,0.0,0.0024312648456543684,0.0
0.382,0.0,0.0,0.012942874077725718,0.0,0.00244094873778522,0.0
0.383,0.0,0.0,0.012942874077725718,0.0,0.0024504379834979773,0.0
0.384,0.0,0.0,0.012942874077725718,0.0,0.0024597367737442255,0.0
0.385,0.0,0.0,0.012942874077725718,0.0,0.0024688486009836197,0.0
0.386,0.0,0.0,0.012942874077725718,0.0,0.0024777771905064583,0.0
0.387,0.0,0.0,0.012942874077725718,0.0,0.002486526034772396,0.0
0.388,0.0,0.0,0.012942874077725718,0.0,0.0024950988590717316,0.0
0.389,0.0,0.0,0.012942874077725718,0.0,0.002503498923033476,0.0
0.39,0.0,0.0,0.012942874077725718,0.0,0.0025117299519479275,0.0
0.391,0.0,0.0,0.012942874077725718,0.0,0.00251979473978281,0.0
0.392,0.0,0.0,0.012942874077725718,0.0,0.002527696778997779,0.0
0.393,0.0,0.0,0.012942874077725718,0.0,0.0025354395620524883,0.0
0.394,0.0,0.0,0.012942874077725718,0.0,0.0025430256500840187,0.0
0.395,0.0,0.0,0.012942874077725718,0.0,0.002550458535552025,0.0
0.396,0.0,0.0,0.012942874077725718,0.0,0.0025577412452548742,0.0
0.397,0.0,0.0,0.012942874077725718,0.0,0.002564876340329647,0.0
0.398,0.0,0.0,0.012942874077725718,0.0,0.0025718670804053545,0.0
0.399,0.0,0.0,0.012942874077725718,0.0,0.0025787160266190767,0.0
0.4,0.0,0.0,0.012942874077725718,0.0,0.0025854262057691813,0.0
0.401,0.0,0.0,0.012942874077725718,0.0,0.0025920001789927483,0.0
0.402,0.0,0.0,0.012942874077725718,0.0,0.0025984407402575016,0.0
0.403,0.0,0.0,0.012942874077725718,0.0,0.002604750217869878,0.0
0.404,0.0,0.0,0.012942874077725718,0.0,0.0026109316386282444,0.0
0.405,0.0,0.0,0.012942874077725718,0.0,0.0026169870980083942,0.0
0.406,0.0,0.0,0.012942874077725718,0.0,0.0026229191571474075,0.0
0.40700000000000003,0.0,0.0,0.012942874077725718,0.0,0.0026287303771823645,0.0
0.40800000000000003,0.0,0.0,0.012942874077725718,0.0,0.0026344230864197016,0.0
0.40900000000000003,0.0,0.0,0.012942874077725718,0.0,0.0026399996131658554,0.0
0.41000000000000003,0.0,0.0,0.012942874077725718,0.0,0.002645462052896619,0.0
0.41100000000000003,0.0,0.0,0.012942874077725718,0.0,0.002650812966749072,0.0
0.41200000000000003,0.0,0.0,0.012942874077725718,0.0,0.0026560542173683643,0.0
0.41300000000000003,0.0,0.0,0.012942874077725718,0.0,0.002661188365891576,0.0
0.41400000000000003,0.0,0.0,0.012942874077725718,0.0,0.002666217042133212,0.0
0.41500000000000004,0.0,0.0,0.012942874077725718,0.0,0.002671142341569066,0.0
0.41600000000000004,0.0,0.0,0.012942874077725718,0.0,0.0026759665925055742,0.0
0.417,0.0,0.0,0.012942874077725718,0.0,0.0026806918904185295,0.0
0.418,0.0,0.0,0.012942874077725718,0.0,0.002685319632291794,0.0
0.419,0.0,0.0,0.012942874077725718,0.0,0.0026898521464318037,0.0
0.42,0.0,0.0,0.012942874077725718,0.0,0.0026942910626530647,0.0
0.421,0.0,0.0,0.012942874077725718,0.0,0.0026986384764313698,0.0
0.422,0.0,0.0,0.012942874077725718,0.0,0.0027028960175812244,0.0
0.423,0.0,0.0,0.012942874077725718,0.0,0.002707065548747778,0.0
0.424,0.0,0.0,0.012942874077725718,0.0,0.002711148699745536,0.0
0.425,0.0,0.0,0.012942874077725718,0.0,0.0027151471003890038,0.0
0.426,0.0,0.0,0.012942874077725718,0.0,0.0027190623804926872,0.0
0.427,0.0,0.0,0.012942874077725718,0.0,0.0027228964027017355,0.0
0.428,0.0,0.0,0.012942874077725718,0.0,0.002726650796830654,0.0
0.429,0.0,0.0,0.012942874077725718,0.0,0.0027303267270326614,0.0
0.43,0.0,0.0,0.012942874077725718,0.0,0.0027339260559529066,0.0
0.431,0.0,0.0,0.012942874077725718,0.0,0.0027374501805752516,0.0
0.432,0.0,0.0,0.012942874077725718,0.0,0.002740900730714202,0.0
0.433,0.0,0.0,0.012942874077725718,0.0,0.002744278870522976,0.0
0.434,0.0,0.0,0.012942874077725718,0.0,0.002747586229816079,0.0
0.435,0.0,0.0,0.012942874077725718,0.0,0.00275082397274673,0.0
0.436,0.0,0.0,0.012942874077725718,0.0,0.0027539939619600773,0.0
0.437,0.0,0.0,0.012942874077725718,0.0,0.0027570968959480524,0.0
0.438,0.0,0.0,0.012942874077725718,0.0,0.002760134404525161,0.0
0.439,0.0,0.0,0.012942874077725718,0.0,0.0027631078846752644,0.0
0.44,0.0,0.0,0.012942874077725718,0.0,0.0027660182677209377,0.0
0.441,0.0,0.0,0.012942874077725718,0.0,0.0027688671834766865,0.0
0.442,0.0,0.0,0.012942874077725718,0.0,0.0027716555632650852,0.0
0.443,0.0,0.0,0.012942874077725718,0.0,0.0027743845712393522,0.0
0.444,0.0,0.0,0.012942874077725718,0.0,0.0027770553715527058,0.0
0.445,0.0,0.0,0.012942874077725718,0.0,0.0027796693611890078,0.0
0.446,0.0,0.0,0.012942874077725718,0.0,0.002782227471470833,0.0
0.447,0.0,0.0,0.012942874077725718,0.0,0.0027847308665513992,0.0
0.448,0.0,0.0,0.012942874077725718,0.0,0.0027871804777532816,0.0
0.449,0.0,0.0,0.012942874077725718,0.0,0.002789577469229698,0.0
0.45,0.0,0.0,0.012942874077725718,0.0,0.0027919227723032236,0.0
0.451,0.0,0.0,0.012942874077725718,0.0,0.002794217551127076,0.0
0.452,0.0,0.0,0.012942874077725718,0.0,0.0027964627370238304,0.0
0.453,0.0,0.0,0.012942874077725718,0.0,0.002798659261316061,0.0
0.454,0.0,0.0,0.012942874077725718,0.0,0.0028008080553263426,0.0
0.455,0.0,0.0,0.012942874077725718,0.0,0.0028029100503772497,0.0
0.456,0.0,0.0,0.012942874077725718,0.0,0.0028049664106220007,0.0
0.457,0.0,0.0,0.012942874077725718,0.0,0.0028069778345525265,0.0
0.458,0.0,0.0,0.012942874077725718,0.0,0.002808945020660758,0.0
0.459,0.0,0.0,0.012942874077725718,0.0,0.0028108691330999136,0.0
0.46,0.0,0.0,0.012942874077725718,0.0,0.002812750870361924,0.0
0.461,0.0,0.0,0.012942874077725718,0.0,0.0028145911637693644,0.0
0.462,0.0,0.0,0.012942874077725718,0.0,0.002816390711814165,0.0
0.463,0.0,0.0,0.012942874077725718,0.0,0.002818150445818901,0.0
0.464,0.0,0.0,0.012942874077725718,0.0,0.002819871064275503,0.0
0.465,0.0,0.0,0.012942874077725718,0.0,0.0028215530328452587,0.0
0.466,0.0,0.0,0.012942874077725718,0.0,0.0028231977485120296,0.0
0.467,0.0,0.0,0.012942874077725718,0.0,0.0028248054441064596,0.0
0.468,0.0,0.0,0.012942874077725718,0.0,0.0028263770509511232,0.0
0.46900000000000003,0.0,0.0,0.012942874077725718,0.0,0.0028279132675379515,0.0
0.47000000000000003,0.0,0.0,0.012942874077725718,0.0,0.0028294147923588753,0.0
0.47100000000000003,0.0,0.0,0.012942874077725718,0.0,0.002830882091075182,0.0
0.47200000000000003,0.0,0.0,0.012942874077725718,0.0,0.002832316095009446,0.0
0.47300000000000003,0.0,0.0,0.012942874077725718,0.0,0.002833717502653599,0.0
0.47400000000000003,0.0,0.0,0.012942874077725718,0.0,0.002835086779668927,0.0
0.47500000000000003,0.0,0.0,0.012942874077725718,0.0,0.0028364243917167187,0.0
0.47600000000000003,0.0,0.0,0.012942874077725718,0.0,0.002837731270119548,0.0
0.47700000000000004,0.0,0.0,0.012942874077725718,0.0,0.002839007880538702,0.0
0.47800000000000004,0.0,0.0,0.012942874077725718,0.0,0.002840254921466112,0.0
0.47900000000000004,0.0,0.0,0.012942874077725718,0.0,0.002841473091393709,0.0
0.48,0.0,0.0,0.012942874077725718,0.0,0.002842662390321493,0.0
0.481,0.0,0.0,0.012942874077725718,0.0,0.0028438239824026823,0.0
0.482,0.0,0.0,0.012942874077725718,0.0,0.0028449581004679203,0.0
0.483,0.0,0.0,0.012942874077725718,0.0,0.002846065443009138,0.0
0.484,0.0,0.0,0.012942874077725718,0.0,0.002847146475687623,0.0
0.485,0.0,0.0,0.012942874077725718,0.0,0.0028482016641646624,0.0
0.486,0.0,0.0,0.012942874077725718,0.0,0.0028492314741015434,0.0
0.487,0.0,0.0,0.012942874077725718,0.0,0.002850236603990197,0.0
0.488,0.0,0.0,0.012942874077725718,0.0,0.0028512172866612673,0.0
0.489,0.0,0.0,0.012942874077725718,0.0,0.0028521742206066847,0.0
0.49,0.0,0.0,0.012942874077725718,0.0,0.0028531078714877367,0.0
0.491,0.0,0.0,0.012942874077725718,0.0,0.002854018472135067,0.0
0.492,0.0,0.0,0.012942874077725718,0.0,0.0028549067210406065,0.0
0.493,0.0,0.0,0.012942874077725718,0.0,0.002855772851034999,0.0
0.494,0.0,0.0,0.012942874077725718,0.0,0.0028566173277795315,0.0
0.495,0.0,0.0,0.012942874077725718,0.0,0.0028574406169354916,0.0
0.496,0.0,0.0,0.012942874077725718,0.0,0.00285824341699481,0.0
0.497,0.0,0.0,0.012942874077725718,0.0,0.002859025727957487,0.0
0.498,0.0,0.0,0.012942874077725718,0.0,0.00285978801548481,0.0
0.499,0.0,0.0,0.012942874077725718,0.0,0.0028605307452380657,0.0
0.5,0.3,0.0,0.012942874077725718,0.0,0.0026612801011651754,1.5844238544733962e-20
0.501,0.3,1.6012405467336066e-05,0.012942874077725718,-3.805102623807825e-25,0.0017365793464705348,3.1685586386142985e-20
0.502,0.3,4.8069210606627166e-05,0.012942874077725718,-2.1933530023962536e-24,0.0009133247076533735,6.336829523434555e-20
0.503,0.3,9.538070298731327e-05,0.012942874077725718,-6.325908731125313e-24,0.00018615199951454997,9.504526325737429e-20
0.504,0.3,0.00015682957018725574,0.012942874077725718,-1.327563762204673e-23,-0.00045404498814605176,1.2671652899613875e-19
0.505,0.3,0.00023104892170522362,0.012942874077725718,-2.348642125412137e-23,-0.0010155997006222606,1.5838213668931747e-19
0.506,0.3,0.00031650648452341557,0.012942874077725718,-3.734367182209126e-23,-0.0015061695594340563,1.9004213395636035e-19
0.507,0.3,0.00041159402462653816,0.012942874077725718,-6.169407247227241e-23,-0.0019328102935105562,2.3754085916601503e-19
0.508,0.3,0.0005147167248651385,0.012942874077725718,-9.348552667325196e-23,-0.002302017528563738,2.8503131621862935e-19
0.509,0.3,0.0006243773968890309,0.012942874077725718,-1.4293139763226464e-22,-0.002619743114337325,3.4835787212614454e-19
0.51,0.3,0.0007392513798549771,0.012942874077725718,-2.0398533156805554e-22,-0.002891399199143052,4.116735683840331e-19
0.511,0.3,0.0008582479204051197,0.012942874077725718,-2.769060811684244e-22,-0.0031218596268445253,4.749784683843752e-19
0.512,0.3,0.0009805555455386639,0.012942874077725718,-3.4636209056419015e-22,-0.003315472975373268,5.224283070783667e-19
0.513,0.3,0.0011056694202125072,0.012942874077725718,-4.416433107823276e-22,-0.0034760888665914536,5.857144309456966e-19
0.514,0.3,0.0012334007769823074,0.012942874077725718,-5.103080358921715e-22,-0.0036071022041141987,6.173131739011478e-19
0.515,0.3,0.001363867544569075,0.012942874077725718,-1.437697096401702e-20,-0.0037115116138011217,6.331003661210079e-19
0.516,0.3,0.0014974690275266767,0.012942874077725718,-5.12403848223678e-20,-0.003791985334828496,6.331158822454534e-19
0.517,0.3,0.001634845626540482,0.012942874077725718,-1.202675503459324e-19,-0.0038509275764226913,6.015687048056726e-19
0.518,0.3,0.001776828314177692,0.012942874077725718,-2.260238453564529e-19,-0.0038905355613678694,5.385405645419133e-19
0.519,0.3,0.0019243787974119186,0.012942874077725718,-3.823558370995408e-19,-0.003912842366844416,4.75812061388423e-19
0.52,0.3,0.0020785268861800432,0.012942874077725718,-5.891989408639317e-19,-0.003919745329767466,4.134472246274882e-19
0.521,0.3,0.0022403059992939234,0.012942874077725718,-8.465177171302564e-19,-0.003913014195859432,3.672713204228367e-19
0.522,0.3,0.002410692861303687,0.012942874077725718,-1.1264152670956168e-18,-0.0038942883256822824,2.896242637075648e-19
0.523,0.3,0.0025905536022037268,0.012942874077725718,-1.405855489579812e-18,-0.0038650683127343655,2.2794308133280373e-19
0.524,0.3,0.0027805971913039684,0.012942874077725718,-1.68026087047055e-18,-0.00382670178078115,1.979753309847018e-19
0.525,0.3,0.002981342375278473,0.012942874077725718,-1.9357358094527058e-18,-0.0037803782615810633,1.8375307056924383e-19
0.526,0.3,0.0031930950935930014,0.012942874077725718,-2.1629147608358007e-18,-0.0037271296605467796,1.3760722636624114e-19
0.527,0.3,0.0034159403294324875,0.012942874077725718,-2.3432690856938e-18,-0.0036678409669548273,4.356267870237175e-20
0.528,0.3,0.003649745136499405,0.012942874077725718,-2.4629656358478265e-18,-0.0036032695788890123,-9.837735366819936e-20
0.529,0.3,0.003894174937158823,0.012942874077725718,-2.5360052703459526e-18,-0.003534071147441864,-2.7225807357363264e-19
0.53,0.3,0.00414871983230114,0.012942874077725718,-2.5763162631374993e-18,-0.003460825653746724,-4.7797107729249075e-19
0.531,0.3,0.004412728827446699,0.012942874077725718,-2.5977365186898662e-18,-0.0033840611577033997,-7.312612668963641e-19
0.532,0.3,0.0046854508109390736,0.012942874077725718,-2.6142096137937066e-18,-0.003304273122921586,-1.0162201166740857e-18
0.533,0.3,0.0049660783261060715,0.012942874077725718,-2.6304202858482146e-18,-0.003221933962777257,-1.316953903519011e-18
0.534,0.3,0.0052537922747433186,0.012942874077725718,-2.6602331158955446e-18,-0.0031374958343803883,-1.633437929122822e-18
0.535,0.3,0.005547807086259127,0.012942874077725718,-2.70369380566454e-18,-0.0030513866804540157,-1.9498353443611602e-18
0.536,0.3,0.0058474065735936165,0.012942874077725718,-2.7607756785804462e-18,-0.0029640020802617073,-2.2661535379592144e-18
0.537,0.3,0.0061519816517829895,0.012942874077725718,-2.8315469770437988e-18,-0.002875697333365679,-2.5665651608546485e-18
0.538,0.3,0.006461051758378744,0.012942874077725718,-2.9069463510343855e-18,-0.002786780009046197,-2.819400372216191e-18
0.539,0.3,0.006774284411221743,0.012942874077725718,-2.9822725195407613e-18,-0.0026975078508257866,-3.040530134438239e-18
0.54,0.3,0.007091503590345383,0.012942874077725718,-3.0434479025130392e-18,-0.0026080897077918053,-3.261660420193953e-18
0.541,0.3,0.007412687409669161,0.012942874077725718,-3.0906160157874974e-18,-0.0025186939164996147,-3.4669485857507533e-18
0.542,0.3,0.007737958338111639,0.012942874077725718,-3.1191905564578355e-18,-0.002429456450045109,-3.656424749736889e-18
0.543,0.3,0.008067568764090538,0.012942874077725718,-3.1153404442967074e-18,-0.00234049279242754,-3.830136214948735e-18
0.544,0.3,0.008401875384151936,0.012942874077725718,-3.0700210796913053e-18,-0.0022519086487591267,-3.972290975578044e-18
0.545,0.3,0.00874131079763174,0.012942874077725718,-2.9740898421262336e-18,-0.0021638066973537207,-4.0829475284837836e-18
0.546,0.3,0.00908635463565588,0.012942874077725718,-2.8229060415699167e-18,-0.0020762919448316097,-4.178016487017586e-18
0.547,0.3,0.00943750236183405,0.012942874077725718,-2.6073394652161475e-18,-0.0019894717261195183,-4.257574358685625e-18
0.548,0.3,0.0097952326759696,0.012942874077725718,-2.3182778914370417e-18,-0.0019034527940675616,-4.321645654318834e-18
0.549,0.3,0.01015998050570488,0.012942874077725718,-1.9700865523405017e-18,-0.0018183361971750855,-4.33849704045441e-18
0.55,0.3,0.010532112792134285,0.012942874077725718,-1.5766507084839955e-18,-0.0017342122737318277,-4.3239378666278365e-18
0.551,0.3,0.010911908932030201,0.012942874077725718,-1.1428962204152765e-18,-0.0016511549474671483,-4.262069550083868e-18
0.552,0.3,0.01129954680800438,0.012942874077725718,-6.819459466609805e-19,-0.0015692199813202024,-4.2320194234401486e-18
0.553,0.3,0.01169509720057249,0.012942874077725718,-2.1325067743377388e-19,-0.0014884436968713999,-4.154444506243927e-18
0.554,0.3,0.012098523788154125,0.012942874077725718,2.5000166581465135e-19,-0.001408845535479486,-4.092657741796049e-18
0.555,0.3,0.012509685009717941,0.012942874077725718,7.032135356915431e-19,-0.001330432016402483,-4.0466098347766736e-18
0.556,0.3,0.01292834710329771,0.012942874077725718,1.14200193477553e-18,-0.001253201742656529,-4.032082438765762e-18
0.557,0.3,0.01335420086979866,0.012942874077725718,1.5519220406741461e-18,-0.00117715063970536,-4.001496388278248e-18
0.558,0.3,0.013786877505481243,0.012942874077725718,1.9332282114257513e-18,-0.001102275913581252,-3.970693166629561e-18
0.559,0.3,0.014225972816348076,0.012942874077725718,2.2815752672726045e-18,-0.00102857849560678,-3.955510320546454e-18
0.56,0.3,0.014671065844595432,0.012942874077725718,2.592656388957872e-18,-0.0009560634498484433,-3.9718085311875146e-18
0.561,0.3,0.015121742151677608,0.012942874077725718,2.871933656861394e-18,-0.0008847395074553788,-4.067147617794965e-18
0.562,0.3,0.015577617101371288,0.012942874077725718,3.119086538495807e-18,-0.0008146162726916373,-4.2098599320063565e-18
0.5630000000000001,0.3,0.016038348898291588,0.012942874077725718,3.3434975367541463e-18,-0.0007457019528374076,-4.399993126131828e-18
0.5640000000000001,0.3,0.016503652557730675,0.012942874077725718,3.558896195443567e-18,-0.0006780007970519364,-4.62175059142608e-18
0.5650000000000001,0.3,0.01697331666946411,0.012942874077725718,3.779491202741046e-18,-0.0006115112919360399,-4.891024667596665e-18
0.5660000000000001,0.3,0.017447201535105705,0.012942874077725718,4.0181133707182e-18,-0.0005462259869091213,-5.144455567332065e-18
0.5670000000000001,0.3,0.017925243824720383,0.012942874077725718,4.274987692501642e-18,-0.0004821318725589663,-5.3979020060390524e-18
0.5680000000000001,0.3,0.018407458439469337,0.012942874077725718,4.550080667276565e-18,-0.00041921218507923186,-5.651375849460626e-18
0.5690000000000001,0.3,0.01889391988515854,0.012942874077725718,4.84335879422816e-18,-0.000357448443537578,-5.904889338402868e-18
0.5700000000000001,0.3,0.01938476599752903,0.012942874077725718,5.154785263819168e-18,-0.00029682263266295195,-6.158454142709431e-18
0.5710000000000001,0.3,0.019880173727869987,0.012942874077725718,5.4843269888250874e-18,-0.00023731909459456801,-6.412080435724626e-18
0.5720000000000001,0.3,0.020380353555083275,0.012942874077725718,5.832272241689393e-18,-0.0001789253146853298,-6.681621690929065e-18
0.5730000000000001,0.3,0.020885523408651352,0.012942874077725718,6.197949765344998e-18,-0.00012163223436800763,-6.935388816639556e-18
0.5740000000000001,0.3,0.021395906805992126,0.012942874077725718,6.5813008299684106e-18,-6.543334893649444e-05,-7.173385839025003e-18
0.5750000000000001,0.3,0.021911708638072014,0.012942874077725718,6.981572287611902e-18,-1.0323426067770924e-05,-7.36390364529828e-18
0.5760000000000001,0.3,0.02243310585618019,0.012942874077725718,7.390117619332455e-18,4.3703130359062925e-05,-7.53859804750313e-18
0.577,0.3,0.022960232570767403,0.012942874077725718,7.796920081502358e-18,9.665383549872786e-05,-7.665722457570475e-18
0.578,0.3,0.02349318005144596,0.012942874077725718,8.188031754632744e-18,0.00014853924221824855,-7.745215111286198e-18
0.579,0.3,0.024031987413764,0.012942874077725718,8.549151513113181e-18,0.0001993734622374177,-7.761178122579866e-18
0.58,0.3,0.024576639756560326,0.012942874077725718,8.8721564433284e-18,0.00024917401606217027,-7.761121901898602e-18
0.581,0.3,0.025127070024609566,0.012942874077725718,9.151273651783394e-18,0.0002979612036142498,-7.69752433954198e-18
0.582,0.3,0.025683162733912468,0.012942874077725718,9.40076207787735e-18,0.0003457568527664989,-7.586311993765068e-18
0.583,0.3,0.026244763284921646,0.012942874077725718,9.644131021799639e-18,0.00039258331526070833,-7.443406554893033e-18
0.584,0.3,0.026811683550477028,0.012942874077725718,9.89605714915879e-18,0.0004384622152429074,-7.30052655878913e-18
0.585,0.3,0.0273837111890316,0.012942874077725718,1.0156524743523162e-17,0.0004834136925637722,-7.157667684248846e-18
0.586,0.3,0.027960624545812607,0.012942874077725718,1.0425513125377443e-17,0.00052745605353266,-7.014827309847979e-18
0.587,0.3,0.02854219824075699,0.012942874077725718,1.0703005751109383e-17,0.0005706057418137789,-6.87200465994548e-18
0.588,0.3,0.029128218069672585,0.012942874077725718,1.0988985249926116e-17,0.0006128779496066272,-6.729200837850925e-18
0.589,0.3,0.029718486592173576,0.012942874077725718,1.1284374755391252e-17,0.0006542869377881289,-6.618096997350279e-18
0.59,0.3,0.030312834307551384,0.012942874077725718,1.1580447512042357e-17,0.0006948467344045639,-6.55450481321591e-18
0.591,0.3,0.030911123380064964,0.012942874077725718,1.186489093646158e-17,0.000734571716748178,-6.585942469422662e-18
0.592,0.3,0.03151324763894081,0.012942874077725718,1.2136403873545373e-17,0.0007734767277725041,-6.664843093022686e-18
0.593,0.3,0.03211914747953415,0.012942874077725718,1.2380725729533323e-17,0.0008115772507153451,-6.775332885200458e-18
0.594,0.3,0.03272879123687744,0.012942874077725718,1.2592826419120495e-17,0.0008488889434374869,-6.901558762256637e-18
0.595,0.3,0.033342186361551285,0.012942874077725718,1.2774385946130984e-17,0.0008854274055920541,-7.091080312701962e-18
0.596,0.3,0.033959366381168365,0.012942874077725718,1.2938917133051457e-17,0.0009212075965479016,-7.328055372588291e-18
0.597,0.3,0.034580398350954056,0.012942874077725718,1.3082469365276359e-17,0.0009562434861436486,-7.628301572315877e-18
0.598,0.3,0.035205353051424026,0.012942874077725718,1.3195404334308224e-17,0.000990547938272357,-7.975966913652552e-18
0.599,0.3,0.03583432361483574,0.012942874077725718,1.3290607859729402e-17,0.0010241324780508876,-8.33936941639397e-18
0.6,0.3,0.036467403173446655,0.012942874077725718,1.3368148597530736e-17,0.0010570076992735267,-8.718511459637288e-18
0.601,0.3,0.03710466995835304,0.012942874077725718,1.3432715834604787e-17,0.0010891834972426295,-9.113410606866383e-18
0.602,0.3,0.03774620592594147,0.012942874077725718,1.3493613698481554e-17,0.001120669418014586,-9.52407783864147e-18
0.603,0.3,0.038392066955566406,0.012942874077725718,1.354905878776037e-17,0.001151475589722395,-9.902992215786241e-18
0.604,0.3,0.039042286574840546,0.012942874077725718,1.3612247114753296e-17,0.0011816126061603427,-1.0234357197315599e-17
0.605,0.3,0.03969688341021538,0.012942874077725718,1.3697566659035078e-17,0.0012110916431993246,-1.0534071986489851e-17
0.606,0.3,0.04035583510994911,0.012942874077725718,1.3819417807889652e-17,0.0012399251572787762,-1.0818031643512446e-17
0.607,0.3,0.04101910442113876,0.012942874077725718,1.3992213356310142e-17,0.0012681263033300638,-1.1102118478418984e-17
0.608,0.3,0.04168663173913956,0.012942874077725718,1.4225101094690772e-17,0.0012957087019458413,-1.1386347395478414e-17
0.609,0.3,0.04235832393169403,0.012942874077725718,1.45219133508095e-17,0.0013226863229647279,-1.165487649669299e-17
0.61,0.3,0.04303408041596413,0.012942874077725718,1.4885067146416205e-17,0.0013490727869793773,-1.1860149411417936e-17
0.611,0.3,0.04371378570795059,0.012942874077725718,1.5307137708332612e-17,0.0013748817145824432,-1.2049678847635303e-17
0.612,0.3,0.04439730942249298,0.012942874077725718,1.5780136126202685e-17,0.0014001260278746486,-1.2255139102376656e-17
0.613,0.3,0.045084528625011444,0.012942874077725718,1.6303284850250622e-17,0.0014248178340494633,-1.2460673900691452e-17
0.614,0.3,0.045775316655635834,0.012942874077725718,1.6876484618802918e-17,0.0014489688910543919,-1.2666272126528195e-17
0.615,0.3,0.0464695543050766,0.012942874077725718,1.7492806967048828e-17,0.0014725903747603297,-1.2824377701016743e-17
0.616,0.3,0.047167133539915085,0.012942874077725718,1.8148188783819492e-17,0.0014956928789615631,-1.2950821561409974e-17
0.617,0.3,0.04786796495318413,0.012942874077725718,1.8827866549542064e-17,0.0015182867646217346,-1.302972880896565e-17
0.618,0.3,0.04857197403907776,0.012942874077725718,1.951781955283377e-17,0.001540382276289165,-1.306108933641341e-17
0.619,0.3,0.049279097467660904,0.012942874077725718,2.021329812261733e-17,0.0015619891928508878,-1.3044882358538929e-17
0.62,0.3,0.04998930171132088,0.012942874077725718,2.0890294168794004e-17,0.00158311752602458,-1.2965222289406294e-17
0.621,0.3,0.05070256441831589,0.012942874077725718,2.1533422131970308e-17,0.0016037763562053442,-1.2885479789873497e-17
0.622,0.3,0.05141888186335564,0.012942874077725718,2.212861994173284e-17,0.0016239747637882829,-1.2710557756429182e-17
0.623,0.3,0.05213825777173042,0.012942874077725718,2.2672795596951874e-17,0.001643721479922533,-1.247213322101722e-17
0.624,0.3,0.05286071449518204,0.012942874077725718,2.314195920550215e-17,0.001663024304434657,-1.215433922410629e-17
0.625,0.3,0.05358627438545227,0.012942874077725718,2.353862539644583e-17,0.0016818911535665393,-1.1804747737096383e-17
0.626,0.3,0.05431496351957321,0.012942874077725718,2.387845269877854e-17,0.0017003290122374892,-1.1455111758322661e-17
0.627,0.3,0.05504681542515755,0.012942874077725718,2.4191016128121502e-17,0.0017183449817821383,-1.1137179653803733e-17
0.628,0.3,0.05578184500336647,0.012942874077725718,2.4486772901778612e-17,0.0017359459307044744,-1.0787597406760174e-17
0.629,0.3,0.056520070880651474,0.012942874077725718,2.4787754148184607e-17,0.0017531384946778417,-1.0469814623681065e-17
0.63,0.3,0.057261500507593155,0.012942874077725718,2.5118937413116138e-17,0.001769930007867515,-1.0215575091514231e-17
0.631,0.3,0.058006126433610916,0.012942874077725718,2.5497981348289987e-17,0.0017863275716081262,-1.0009060964906913e-17
0.632,0.3,0.058753930032253265,0.012942874077725718,2.5936896616200424e-17,0.0018023386364802718,-9.818576652550216e-18
0.633,0.3,0.059504877775907516,0.012942874077725718,2.6433818751746755e-17,0.0018179711187258363,-9.691650567785933e-18
0.634,0.3,0.06025893613696098,0.012942874077725718,2.6984959267723487e-17,0.0018332329345867038,-9.564880514666268e-18
0.635,0.3,0.06101604178547859,0.012942874077725718,2.7597733011141545e-17,0.0018481322331354022,-9.485790546142129e-18
0.636,0.3,0.06177613139152527,0.012942874077725718,2.8256314362521564e-17,0.0018626772798597813,-9.42265240414188e-18
0.637,0.3,0.06253913789987564,0.012942874077725718,2.8962624035245893e-17,0.0018768759910017252,-9.407118379520318e-18
0.638,0.3,0.06330498307943344,0.012942874077725718,2.968695962787898e-17,0.0018907362828031182,-9.407406731055224e-18
0.639,0.3,0.0640735849738121,0.012942874077725718,3.039798092137241e-17,0.0019042659550905228,-9.439295406855945e-18
0.64,0.3,0.06484486907720566,0.012942874077725718,3.107063757805563e-17,0.0019174724584445357,-9.471053548059778e-18
0.641,0.3,0.06561876088380814,0.012942874077725718,3.169829230069352e-17,0.0019303628941997886,-9.470979525417237e-18
0.642,0.3,0.06639518588781357,0.012942874077725718,3.227846023872596e-17,0.001942944247275591,-9.470775204442091e-18
0.643,0.3,0.06717408448457718,0.012942874077725718,3.281120756660196e-17,0.001955223036929965,-9.47044658134155e-18
0.644,0.3,0.0679553896188736,0.012942874077725718,3.32977188069587e-17,0.0019672056660056114,-9.485847370539704e-18
0.645,0.3,0.06873906403779984,0.012942874077725718,3.3740310065511324e-17,0.0019788984209299088,-9.548691687719918e-18
0.646,0.3,0.06952506303787231,0.012942874077725718,3.415082656863159e-17,0.0019903071224689484,-9.62732538133957e-18
0.647,0.3,0.07031336426734924,0.012942874077725718,3.455376278861842e-17,0.002001437358558178,-9.674244717733019e-18
0.648,0.3,0.07110393792390823,0.012942874077725718,3.495942539590423e-17,0.002012294949963689,-9.705325418974305e-18
0.649,0.3,0.07189676910638809,0.012942874077725718,3.537358480244218e-17,0.002022884553298354,-9.673052166978348e-18
0.65,0.3,0.07269185781478882,0.012942874077725718,3.581339011669172e-17,0.0020332117564976215,-9.624996616210505e-18
0.651,0.3,0.07348919659852982,0.012942874077725718,3.6278755311869155e-17,0.0020432807505130768,-9.56115192922683e-18
0.652,0.3,0.07428877800703049,0.012942874077725718,3.67591586505828e-17,0.0020530964247882366,-9.465652217830155e-18
0.653,0.3,0.07509060949087143,0.012942874077725718,3.7245256300633264e-17,0.0020626632031053305,-9.338476877344064e-18
0.654,0.3,0.07589467614889145,0.012942874077725718,3.772549751194685e-17,0.002071985276415944,-9.211306693793217e-18
0.655,0.3,0.07670097798109055,0.012942874077725718,3.8196487535289644e-17,0.002081067068502307,-9.09998371294567e-18
0.656,0.3,0.07750950753688812,0.012942874077725718,3.865828592766575e-17,0.002089913235977292,-9.004503736321993e-18
0.657,0.3,0.07832024246454239,0.012942874077725718,3.910970816643799e-17,0.0020985279697924852,-8.909013911230999e-18
0.658,0.3,0.07913316786289215,0.012942874077725718,3.955076748649616e-17,0.0021069159265607595,-8.813512526414825e-18
0.659,0.3,0.07994825392961502,0.012942874077725718,3.9981493666342325e-17,0.0021150819957256317,-8.717997987144715e-18
0.66,0.3,0.08076547086238861,0.012942874077725718,4.0401903249588726e-17,0.0021230303682386875,-8.622468922632403e-18
0.661,0.3,0.08158477395772934,0.012942874077725718,4.0810719069369583e-17,0.002130766399204731,-8.511075600058203e-18
0.662,0.3,0.08240611851215363,0.012942874077725718,4.12079278907951e-17,0.002138294745236635,-8.383819906603028e-18
0.663,0.3,0.08322945982217789,0.012942874077725718,4.1596133678433584e-17,0.0021456200629472733,-8.27240156032855e-18
0.664,0.3,0.08405473828315735,0.012942874077725718,4.197408573519886e-17,0.002152747241780162,-8.160969263514032e-18
0.665,0.3,0.08488191664218903,0.012942874077725718,4.234312740240572e-17,0.002159680938348174,-8.065372234932059e-18
0.666,0.3,0.08571092784404755,0.012942874077725718,4.2701974895743475e-17,0.0021664255764335394,-7.96975981169522e-18
0.667,0.3,0.08654171973466873,0.012942874077725718,4.3052014569918765e-17,0.002172985812649131,-7.889981880470526e-18
0.668,0.3,0.0873742550611496,0.012942874077725718,4.3391916318506605e-17,0.002179365837946534,-7.810188215981434e-18
0.669,0.3,0.08820846676826477,0.012942874077725718,4.3723096274715686e-17,0.002185569843277335,-7.746229104436122e-18
0.67,0.3,0.08904433250427246,0.012942874077725718,4.404420447978632e-17,0.0021916015539318323,-7.682254468750592e-18
0.671,0.3,0.0898817926645279,0.012942874077725718,4.4356696771596604e-17,0.0021974649280309677,-7.634114709917779e-18
0.672,0.3,0.09072082489728928,0.012942874077725718,4.4659176869272545e-17,0.00220316369086504,-7.585959613329491e-18
0.673,0.3,0.09156139940023422,0.012942874077725718,4.4951671242593745e-17,0.0022087013348937035,-7.537790424671957e-18
0.674,0.3,0.09240347892045975,0.012942874077725718,4.523419643517246e-17,0.0022140811197459698,-7.489608221168177e-18
0.675,0.3,0.09324705600738525,0.012942874077725718,4.550677891678828e-17,0.0022193060722202063,-7.44141389002089e-18
0.676,0.3,0.09409209340810776,0.012942874077725718,4.5767936379783523e-17,0.002224379451945424,-7.37735899303717e-18
0.677,0.3,0.09493859112262726,0.012942874077725718,4.601916105798323e-17,0.0022293042857199907,-7.313295734012097e-18
0.678,0.3,0.09578651934862137,0.012942874077725718,4.6261988198604295e-17,0.00223408336751163,-7.265073534325087e-18
0.679,0.3,0.09663587808609009,0.012942874077725718,4.649494211143393e-17,0.002238719491288066,-7.216840691262327e-18
0.68,0.3,0.09748664498329163,0.012942874077725718,4.671959113091353e-17,0.0022432152181863785,-7.184446363263453e-18
0.681,0.3,0.09833879768848419,0.012942874077725718,4.6935988196602303e-17,0.0022475733421742916,-7.16788778361762e-18
0.682,0.3,0.09919232875108719,0.012942874077725718,4.71410528878991e-17,0.002251796890050173,-7.135463569112647e-18
0.683,0.3,0.10004721581935883,0.012942874077725718,4.733793510857652e-17,0.0022558881901204586,-7.118874668248806e-18
0.684,0.3,0.10090342909097672,0.012942874077725718,4.7523494881029316e-17,0.0022598502691835165,-7.086419563356729e-18
0.685,0.3,0.10176095366477966,0.012942874077725718,4.769932370075604e-17,0.0022636859212070704,-7.053950011111139e-18
0.686,0.3,0.10261975228786469,0.012942874077725718,4.786544142009139e-17,0.002267397940158844,-7.021465870662167e-18
0.687,0.3,0.1034797951579094,0.012942874077725718,4.8021861273925165e-17,0.0022709891200065613,-6.988967094167173e-18
0.6880000000000001,0.3,0.104341059923172,0.012942874077725718,4.816860642331452e-17,0.002274462254717946,-6.956453734398048e-18
0.6890000000000001,0.3,0.10520348697900772,0.012942874077725718,4.8304032433201704e-17,0.0022778206039220095,-6.9080764773503376e-18
0.6900000000000001,0.3,0.10606706142425537,0.012942874077725718,4.8429790356089366e-17,0.0022810667287558317,-6.859687687540223e-18
0.6910000000000001,0.3,0.10693173110485077,0.012942874077725718,4.854759411020672e-17,0.0022842036560177803,-6.82713723695152e-18
0.6920000000000001,0.3,0.10779746621847153,0.012942874077725718,4.8654095268434145e-17,0.0022872337140142918,-6.778723862683458e-18
0.6930000000000001,0.3,0.10866421461105347,0.012942874077725718,4.8750977970498806e-17,0.0022901599295437336,-6.730300235301573e-18
0.6940000000000001,0.3,0.1095319539308548,0.012942874077725718,4.883654153306129e-17,0.002292984863743186,-6.666017295875195e-18
0.6950000000000001,0.3,0.11040063202381134,0.012942874077725718,4.891425349724942e-17,0.002295711077749729,-6.617577449048026e-18
0.6960000000000001,0.3,0.1112702265381813,0.012942874077725718,4.8989467375987645e-17,0.0022983408998697996,-6.6325174665785864e-18
0.6970000000000001,0.3,0.1121407002210617,0.012942874077725718,4.903961106472061e-17,0.002300876658409834,-6.631569344132733e-18
0.6980000000000001,0.3,0.11301201581954956,0.012942874077725718,4.906470110706057e-17,0.0023033209145069122,-6.614736634300354e-18
0.6990000000000001,0.3,0.11388415098190308,0.012942874077725718,4.906473088556262e-17,0.00230567529797554,-6.582022794524687e-18
0.7000000000000001,0.3,0.11475708335638046,0.012942874077725718,4.904152350629683e-17,0.0023079421371221542,-6.549280928285134e-18
0.7010000000000001,0.3,0.11563078314065933,0.012942874077725718,4.899513190882241e-17,0.0023101235274225473,-6.516511699691257e-18
0.7020000000000001,0.3,0.1165052279829979,0.012942874077725718,4.892744206493597e-17,0.002312221098691225,-6.499565490662552e-18
0.7030000000000001,0.3,0.11738039553165436,0.012942874077725718,4.884226562290016e-17,0.0023142369464039803,-6.5301493120903966e-18
0.704,0.3,0.11825627088546753,0.012942874077725718,4.8755507611533146e-17,0.0023161727003753185,-6.624124290862002e-18
0.705,0.3,0.11913283169269562,0.012942874077725718,4.867553909863397e-17,0.0023180299904197454,-6.733945971695056e-18
0.706,0.3,0.12001005560159683,0.012942874077725718,4.8613546874806796e-17,0.0023198106791824102,-6.875470659340497e-18
0.707,0.3,0.12088792771100998,0.012942874077725718,4.857037135555398e-17,0.002321516629308462,-7.017002107351426e-18
0.708,0.3,0.12176642566919327,0.012942874077725718,4.8559072068386503e-17,0.002323149237781763,-7.190248678940964e-18
0.709,0.3,0.12264552712440491,0.012942874077725718,4.8582368783158447e-17,0.0023247101344168186,-7.379363392212478e-18
0.71,0.3,0.1235252097249031,0.012942874077725718,4.865337396694e-17,0.002326201181858778,-7.61605733846664e-18
0.711,0.3,0.12440545111894608,0.012942874077725718,4.87860074150792e-17,0.002327624009922147,-7.900338774457532e-18
0.712,0.3,0.12528622150421143,0.012942874077725718,4.899216067606212e-17,0.0023289802484214306,-8.216365181567447e-18
0.713,0.3,0.12616750597953796,0.012942874077725718,4.9281644111953625e-17,0.0023302717600017786,-8.532437216575637e-18
0.714,0.3,0.1270492672920227,0.012942874077725718,4.9654282360463864e-17,0.0023315001744776964,-8.848551893879049e-18
0.715,0.3,0.12793149054050446,0.012942874077725718,5.010586341791371e-17,0.0023326673544943333,-9.133003198131262e-18
0.716,0.3,0.12881411612033844,0.012942874077725718,5.0637661142446505e-17,0.002333774697035551,-9.433332676271217e-18
0.717,0.3,0.12969714403152466,0.012942874077725718,5.123567632937539e-17,0.0023348242975771427,-9.749513506512128e-18
0.718,0.3,0.13058051466941833,0.012942874077725718,5.187260870976367e-17,0.0023358173202723265,-1.0049819633785687e-17
0.719,0.3,0.13146422803401947,0.012942874077725718,5.25407059469105e-17,0.0023367558605968952,-1.038178477081578e-17
0.72,0.3,0.13234823942184448,0.012942874077725718,5.321733307053398e-17,0.0023376410827040672,-1.0713682302788547e-17
0.721,0.3,0.13323251903057098,0.012942874077725718,5.388187673976928e-17,0.0023384748492389917,-1.1029639537951579e-17
0.722,0.3,0.1341170370578766,0.012942874077725718,5.4515450766870596e-17,0.002339258324354887,-1.1361340636860274e-17
0.723,0.3,0.1350017637014389,0.012942874077725718,5.509576428869085e-17,0.0023399931378662586,-1.164537138834466e-17
0.724,0.3,0.13588668406009674,0.012942874077725718,5.561137243427475e-17,0.0023406806867569685,-1.1865876772649537e-17
0.725,0.3,0.13677175343036652,0.012942874077725718,5.603723810084155e-17,0.002341322135180235,-1.1975304282463271e-17
0.726,0.3,0.13765697181224823,0.012942874077725718,5.636179068598286e-17,0.0023419191129505634,-1.195781495690502e-17
0.727,0.3,0.1385422945022583,0.012942874077725718,5.657560694816047e-17,0.002342472318559885,-1.1813425255628226e-17
0.728,0.3,0.13942770659923553,0.012942874077725718,5.667836263257425e-17,0.0023429831489920616,-1.157385933117864e-17
0.729,0.3,0.14031319320201874,0.012942874077725718,5.667682076791245e-17,0.0023434527684003115,-1.1254997033802382e-17
0.73,0.3,0.14119873940944672,0.012942874077725718,5.659616073202118e-17,0.002343882108107209,-1.090441583724482e-17
0.731,0.3,0.1420843005180359,0.012942874077725718,5.6438804509734e-17,0.0023442725650966167,-1.0506281193013486e-17
0.732,0.3,0.14296987652778625,0.012942874077725718,5.622542499891982e-17,0.002344624837860465,-1.0108164622860525e-17
0.733,0.3,0.14385543763637543,0.012942874077725718,5.596765566771359e-17,0.002344940323382616,-9.725928617667287e-18
0.734,0.3,0.1447409689426422,0.012942874077725718,5.567949241207972e-17,0.0023452197201550007,-9.359582244772725e-18
0.735,0.3,0.14562644064426422,0.012942874077725718,5.53679728846698e-17,0.0023454639595001936,-8.993277390933035e-18
0.736,0.3,0.14651185274124146,0.012942874077725718,5.503778554519578e-17,0.0023456744384020567,-8.658717727297226e-18
0.737,0.3,0.14739716053009033,0.012942874077725718,5.469835363519587e-17,0.0023458520881831646,-8.387607824623076e-18
0.738,0.3,0.14828234910964966,0.012942874077725718,5.436374253380592e-17,0.0023459976073354483,-8.179949723774036e-18
0.739,0.3,0.14916740357875824,0.012942874077725718,5.404562210510783e-17,0.0023461123928427696,-8.019894372145605e-18
0.74,0.3,0.1500522941350937,0.012942874077725718,5.375082486096128e-17,0.0023461971431970596,-7.859891688629082e-18
0.741,0.3,0.15093699097633362,0.012942874077725718,5.349094456483182e-17,0.0023462530225515366,-7.715795297386688e-18
0.742,0.3,0.15182149410247803,0.012942874077725718,5.326836018816115e-17,0.0023462811950594187,-7.603455982162976e-18
0.743,0.3,0.15270574390888214,0.012942874077725718,5.3087495492865205e-17,0.002346282359212637,-7.491169958874096e-18
0.744,0.3,0.15358974039554596,0.012942874077725718,5.295313820032944e-17,0.0023462576791644096,-7.410640799489313e-18
0.745,0.3,0.1544734388589859,0.012942874077725718,5.2872077809021695e-17,0.0023462080862373114,-7.346016623693439e-18
0.746,0.3,0.15535683929920197,0.012942874077725718,5.28464120489754e-17,0.0023461345117539167,-7.281444371848621e-18
0.747,0.3,0.15623989701271057,0.012942874077725718,5.287852320035471e-17,0.0023460378870368004,-7.232776508472212e-18
0.748,0.3,0.15712261199951172,0.012942874077725718,5.298255605163428e-17,0.0023459189105778933,-7.231711714198984e-18
0.749,0.3,0.15800492465496063,0.012942874077725718,5.315137699721145e-17,0.0023457787465304136,-7.262386476890353e-18
0.75,0.3,0.1588868498802185,0.012942874077725718,5.338790102156486e-17,0.002345617860555649,-7.37233476642442e-18
0.751,0.3,0.15976832807064056,0.012942874077725718,5.365690346548956e-17,0.002345437416806817,-7.513976110359631e-18
0.752,0.3,0.160649374127388,0.012942874077725718,5.393945181912542e-17,0.0023452381137758493,-7.655597222511246e-18
0.753,0.3,0.16152994334697723,0.012942874077725718,5.4236029155950183e-17,0.002345020417124033,-7.828893219804662e-18
0.754,0.3,0.16241003572940826,0.012942874077725718,5.452768642249148e-17,0.002344785025343299,-8.0021469435771e-18
0.755,0.3,0.1632896065711975,0.012942874077725718,5.4798545059710744e-17,0.0023445331025868654,-8.191197742892911e-18
0.756,0.3,0.16416865587234497,0.012942874077725718,5.503280922663066e-17,0.0023442646488547325,-8.411885891803903e-18
0.757,0.3,0.16504715383052826,0.012942874077725718,5.522139978884785e-17,0.0023439808283001184,-8.664201579935302e-18
0.758,0.3,0.16592508554458618,0.012942874077725718,5.5355264081738534e-17,0.0023436821065843105,-8.948133905754237e-18
0.759,0.3,0.16680243611335754,0.012942874077725718,5.541808679490071e-17,0.002343368949368596,-9.247824310088713e-18
0.76,0.3,0.16767917573451996,0.012942874077725718,5.5407409547553877e-17,0.0023430422879755497,-9.547421112878613e-18
0.761,0.3,0.16855530440807343,0.012942874077725718,5.532336468859604e-17,0.002342702355235815,-9.846927380831594e-18
0.762,0.3,0.16943077743053436,0.012942874077725718,5.5170723395800403e-17,0.0023423500824719667,-1.0146346128147066e-17
0.763,0.3,0.17030559480190277,0.012942874077725718,5.4936115121745663e-17,0.0023419857025146484,-1.0366431225422499e-17
0.764,0.3,0.17117974162101746,0.012942874077725718,5.4642575192130196e-17,0.0023416101466864347,-1.0507209537896036e-17
0.765,0.3,0.17205317318439484,0.012942874077725718,5.431581899783705e-17,0.0023412236478179693,-1.0584557936497041e-17
0.766,0.3,0.1729259043931961,0.012942874077725718,5.398155862102682e-17,0.0023408271372318268,-1.0614348629782574e-17
0.767,0.3,0.1737978756427765,0.012942874077725718,5.366643258614617e-17,0.002340421313419938,-1.0644147584069864e-17
0.768,0.3,0.17466910183429718,0.012942874077725718,5.337223091204066e-17,0.0023400061763823032,-1.065810451646879e-17
0.769,0.3,0.1755395382642746,0.012942874077725718,5.3098884115538835e-17,0.0023395828902721405,-1.0656223633361619e-17
0.77,0.3,0.17640918493270874,0.012942874077725718,5.2855544122937985e-17,0.0023391516879200935,-1.0638508945854792e-17
0.771,0.3,0.17727799713611603,0.012942874077725718,5.263366781287166e-17,0.0023387132678180933,-1.0557407514767656e-17
0.772,0.3,0.17814597487449646,0.012942874077725718,5.242379223913226e-17,0.002338268095627427,-1.0412926158599059e-17
0.773,0.3,0.17901310324668884,0.012942874077725718,5.2223922242082294e-17,0.0023378166370093822,-1.0220926731540406e-17
0.774,0.3,0.1798793375492096,0.012942874077725718,5.2043150191014956e-17,0.0023373595904558897,-9.981419334420636e-18
0.775,0.3,0.18074467778205872,0.012942874077725718,5.189164379001974e-17,0.002336897188797593,-9.726111148284037e-18
0.776,0.3,0.18160909414291382,0.012942874077725718,5.1752555024380176e-17,0.0023364301305264235,-9.439149737969374e-18
0.777,0.3,0.1824725717306137,0.012942874077725718,5.16211557297149e-17,0.002335958881303668,-9.120536579060586e-18
0.778,0.3,0.1833350956439972,0.012942874077725718,5.1483476479839127e-17,0.002335483906790614,-8.770271836480231e-18
0.779,0.3,0.18419663608074188,0.012942874077725718,5.132849261154874e-17,0.0023350052069872618,-8.404209501383269e-18
0.78,0.3,0.18505719304084778,0.012942874077725718,5.116499540039396e-17,0.0023345237132161856,-8.069907712693698e-18
0.781,0.3,0.1859167367219925,0.012942874077725718,5.099811998361751e-17,0.002334039658308029,-7.719810693479934e-18
0.782,0.3,0.18677525222301483,0.012942874077725718,5.0842616645902443e-17,0.0023335532750934362,-7.433178809859047e-18
0.783,0.3,0.1876327246427536,0.012942874077725718,5.071713996442305e-17,0.002333065029233694,-7.210006871482583e-18
0.784,0.3,0.1884891390800476,0.012942874077725718,5.06313348651217e-17,0.00233257538639009,-7.002734128457611e-18
0.785,0.3,0.18934448063373566,0.012942874077725718,5.059878365365651e-17,0.0023320845793932676,-6.858913271030042e-18
0.786,0.3,0.19019871950149536,0.012942874077725718,5.062900552451675e-17,0.0023315928410738707,-6.730981525648545e-18
0.787,0.3,0.19105184078216553,0.012942874077725718,5.07233636713519e-17,0.00233110086992383,-6.650634622810204e-18
0.788,0.3,0.19190384447574615,0.012942874077725718,5.0864963757331176e-17,0.0023306086659431458,-6.60200975257502e-18
0.789,0.3,0.19275471568107605,0.012942874077725718,5.104457113809604e-17,0.002330116694793105,-6.5850986494622206e-18
0.79,0.3,0.19360440969467163,0.012942874077725718,5.1256021663721745e-17,0.002329625189304352,-6.6157443567411925e-18
0.791,0.3,0.1944529414176941,0.012942874077725718,5.1490160099188555e-17,0.002329134615138173,-6.693936097164645e-18
0.792,0.3,0.19530028104782104,0.012942874077725718,5.1733205615491336e-17,0.0023286452051252127,-6.8196629983409334e-18
0.793,0.3,0.1961463987827301,0.012942874077725718,5.197143694062906e-17,0.002328157192096114,-6.992914663456678e-18
0.794,0.3,0.19699129462242126,0.012942874077725718,5.218488262589224e-17,0.0023276712745428085,-7.181979533245917e-18
0.795,0.3,0.19783495366573334,0.012942874077725718,5.23675274138664e-17,0.002327187452465296,-7.402704792285589e-18
0.796,0.3,0.19867734611034393,0.012942874077725718,5.2502526598557505e-17,0.0023267059586942196,-7.639234040711526e-18
0.797,0.3,0.19951845705509186,0.012942874077725718,5.258684939020116e-17,0.0023262272588908672,-7.87571475578245e-18
0.798,0.3,0.2003582864999771,0.012942874077725718,5.262377142402308e-17,0.0023257515858858824,-8.127999119339066e-18
0.799,0.3,0.2011967897415161,0.012942874077725718,5.2607052449482155e-17,0.0023252794053405523,-8.36438439762565e-18
0.8,0.3,0.20203398168087006,0.012942874077725718,5.255061557064889e-17,0.002324810717254877,-8.584875234457437e-18
0.801,0.3,0.20286983251571655,0.012942874077725718,5.245267407740016e-17,0.002324345987290144,-8.757773870645564e-18
0.802,0.3,0.20370431244373322,0.012942874077725718,5.2327041885965605e-17,0.002323885215446353,-8.883090024280697e-18
0.803,0.3,0.20453743636608124,0.012942874077725718,5.2190729138461766e-17,0.0023234288673847914,-8.976684195224387e-18
0.804,0.3,0.20536915957927704,0.012942874077725718,5.205238814409595e-17,0.0023229774087667465,-8.991009700194743e-18
0.805,0.3,0.20619948208332062,0.012942874077725718,5.192700741556761e-17,0.0023225306067615747,-8.910228890324029e-18
0.806,0.3,0.2070283740758896,0.012942874077725718,5.181562258300367e-17,0.0023220886941999197,-8.718506186184085e-18
0.807,0.3,0.20785585045814514,0.012942874077725718,5.173042297991071e-17,0.0023216523695737123,-8.431710825332269e-18
0.808,0.3,0.2086818665266037,0.012942874077725718,5.1699502968613475e-17,0.002321221400052309,-8.0974111674709e-18
0.809,0.3,0.20950642228126526,0.012942874077725718,5.174310862178482e-17,0.0023207960184663534,-7.747315914090345e-18
0.81,0.3,0.21032950282096863,0.012942874077725718,5.185310048219722e-17,0.002320376457646489,-7.365575175579633e-18
0.811,0.3,0.2111510932445526,0.012942874077725718,5.203849812724996e-17,0.00231996295042336,-6.952192695186614e-18
0.812,0.3,0.21197117865085602,0.012942874077725718,5.2288988269065715e-17,0.0023195557296276093,-6.45961897680018e-18
0.8130000000000001,0.3,0.21278974413871765,0.012942874077725718,5.2610953433250955e-17,0.002319155028089881,-5.919567874468591e-18
0.8140000000000001,0.3,0.21360677480697632,0.012942874077725718,5.300719610772101e-17,0.0023187606129795313,-5.411301596921394e-18
0.8150000000000001,0.3,0.21442227065563202,0.012942874077725718,5.3455786080075865e-17,0.0023183731827884912,-4.918963387364088e-18
0.8160000000000001,0.3,0.21523618698120117,0.012942874077725718,5.393476997685837e-17,0.002317992504686117,-4.42669965780293e-18
0.8170000000000001,0.3,0.21604855358600616,0.012942874077725718,5.4432451464207025e-17,0.0023176188115030527,-3.966213603393066e-18
0.8180000000000001,0.3,0.21685931086540222,0.012942874077725718,5.492687055121977e-17,0.0023172523360699415,-3.585054867605123e-18
0.8190000000000001,0.3,0.21766847372055054,0.012942874077725718,5.5399769707416337e-17,0.0023168933112174273,-3.2832115240610154e-18
0.8200000000000001,0.3,0.21847602725028992,0.012942874077725718,5.585141363059274e-17,0.0023165419697761536,-3.0606716775752185e-18
0.8210000000000001,0.3,0.21928194165229797,0.012942874077725718,5.62751749496812e-17,0.002316198078915477,-2.9491261767191832e-18
0.8220000000000001,0.3,0.2200862318277359,0.012942874077725718,5.666214989256821e-17,0.0023158618714660406,-2.9485585800352788e-18
0.8230000000000001,0.3,0.22088885307312012,0.012942874077725718,5.699650291360705e-17,0.0023155338130891323,-3.027250606861402e-18
0.8240000000000001,0.3,0.22168980538845062,0.012942874077725718,5.726581306871961e-17,0.002315213903784752,-3.1693400080795325e-18
0.8250000000000001,0.3,0.22248907387256622,0.012942874077725718,5.746329747688297e-17,0.0023149021435528994,-3.3431159468876167e-18
0.8260000000000001,0.3,0.22328665852546692,0.012942874077725718,5.75916825253961e-17,0.002314598998054862,-3.5802767304688435e-18
0.8270000000000001,0.3,0.22408251464366913,0.012942874077725718,5.765588497582002e-17,0.0023143040016293526,-3.8808132749458975e-18
0.8280000000000001,0.3,0.22487667202949524,0.012942874077725718,5.764088984567566e-17,0.002314017852768302,-4.197163020858832e-18
0.8290000000000001,0.3,0.22566908597946167,0.012942874077725718,5.756328045188348e-17,0.0023137403186410666,-4.561025594701807e-18
0.8300000000000001,0.3,0.22645975649356842,0.012942874077725718,5.742436704853378e-17,0.00231347163207829,-4.95654203692264e-18
0.8310000000000001,0.3,0.2272486537694931,0.012942874077725718,5.722277982453215e-17,0.0023132117930799723,-5.3361538123348165e-18
0.8320000000000001,0.3,0.2280357927083969,0.012942874077725718,5.696321716575791e-17,0.002312961034476757,-5.69986132382983e-18
0.833,0.3,0.22882115840911865,0.012942874077725718,5.66698261286527e-17,0.0023127193562686443,-6.0318110980285505e-18
0.834,0.3,0.22960472106933594,0.012942874077725718,5.63703271899044e-17,0.0023124869912862778,-6.332002585146454e-18
0.835,0.3,0.23038646578788757,0.012942874077725718,5.609600762900222e-17,0.0023122639395296574,-6.616284439719861e-18
0.836,0.3,0.23116640746593475,0.012942874077725718,5.588004731467688e-17,0.0023120499681681395,-6.868798729885777e-18
0.837,0.3,0.2319445163011551,0.012942874077725718,5.575187402440056e-17,0.002311845775693655,-7.057840531497659e-18
0.838,0.3,0.2327207773923874,0.012942874077725718,5.572960632231063e-17,0.0023116508964449167,-7.183413280117426e-18
0.839,0.3,0.23349519073963165,0.012942874077725718,5.582485120676244e-17,0.0023114655632525682,-7.197969393671002e-18
0.84,0.3,0.23426775634288788,0.012942874077725718,5.604822305937626e-17,0.0023112897761166096,-7.14907988009889e-18
0.841,0.3,0.23503842949867249,0.012942874077725718,5.638544143405697e-17,0.002311124000698328,-7.036754367901914e-18
0.842,0.3,0.23580722510814667,0.012942874077725718,5.684071502576126e-17,0.0023109677713364363,-6.861003979318512e-18
0.843,0.3,0.23657411336898804,0.012942874077725718,5.739804947016479e-17,0.002310821320861578,-6.653546098805814e-18
0.844,0.3,0.2373391091823578,0.012942874077725718,5.803030000828602e-17,0.002310684649273753,-6.398540532815268e-18
0.845,0.3,0.23810218274593353,0.012942874077725718,5.872162447703334e-17,0.002310558222234249,-6.1277038837324056e-18
0.846,0.3,0.23886331915855408,0.012942874077725718,5.945173379034204e-17,0.0023104415740817785,-5.8727480830234565e-18
0.847,0.3,0.23962251842021942,0.012942874077725718,6.019370818235721e-17,0.002310334937646985,-5.617826801249383e-18
0.848,0.3,0.24037978053092957,0.012942874077725718,6.092439983081715e-17,0.0023102383129298687,-5.362946309556731e-18
0.849,0.3,0.24113506078720093,0.012942874077725718,6.163380315903243e-17,0.002310151932761073,-5.1239634445665315e-18
0.85,0.3,0.2418883889913559,0.012942874077725718,6.229970340447232e-17,0.0023100757971405983,-4.885030166371797e-18
0.851,0.3,0.2426397204399109,0.012942874077725718,6.291677352399198e-17,0.0023100099060684443,-4.662003208874902e-18
0.852,0.3,0.2433890700340271,0.012942874077725718,6.346668981266213e-17,0.0023099540267139673,-4.4548895455099794e-18
0.853,0.3,0.24413642287254333,0.012942874077725718,6.391031008389677e-17,0.002309908624738455,-4.216141354955304e-18
0.854,0.3,0.2448817491531372,0.012942874077725718,6.42508768856971e-17,0.002309873467311263,-3.977468282963112e-18
0.855,0.3,0.2456250637769699,0.012942874077725718,6.449639732639264e-17,0.002309848554432392,-3.770570086590755e-18
0.856,0.3,0.24636633694171906,0.012942874077725718,6.465389913246764e-17,0.0023098341189324856,-3.54788188127514e-18
0.857,0.3,0.24710558354854584,0.012942874077725718,6.475444459028468e-17,0.0023098299279809,-3.3410996971024363e-18
0.858,0.3,0.24784277379512787,0.012942874077725718,6.481343249412706e-17,0.002309836447238922,-3.1185121568580345e-18
0.859,0.3,0.24857789278030396,0.012942874077725718,6.485658485232273e-17,0.002309853211045265,-2.9276680458639475e-18
0.86,0.3,0.2493109554052353,0.012942874077725718,6.488667437428496e-17,0.002309880219399929,-2.7051518505549784e-18
0.861,0.3,0.2500419318675995,0.012942874077725718,6.492148875190609e-17,0.002309917937964201,-2.4668146191297087e-18
0.862,0.3,0.25077083706855774,0.012942874077725718,6.497416361331347e-17,0.0023099659010767937,-2.2285023814014868e-18
0.863,0.3,0.25149762630462646,0.012942874077725718,6.507176430814982e-17,0.0023100245743989944,-2.006054937908368e-18
0.864,0.3,0.25222232937812805,0.012942874077725718,6.522935214100853e-17,0.002310093492269516,-1.7677618675316773e-18
0.865,0.3,0.2529448866844177,0.012942874077725718,6.545877895570623e-17,0.002310172887519002,-1.5611805677285152e-18
0.866,0.3,0.25366535782814026,0.012942874077725718,6.575820510256063e-17,0.0023102627601474524,-1.4338605616570985e-18
0.867,0.3,0.2543836832046509,0.012942874077725718,6.612366011463146e-17,0.002310363110154867,-1.3699346669260075e-18
0.868,0.3,0.2550998628139496,0.012942874077725718,6.65563351320008e-17,0.0023104739375412464,-1.3376864230072599e-18
0.869,0.3,0.2558138966560364,0.012942874077725718,6.706078957420503e-17,0.0023105950094759464,-1.3371095966043388e-18
0.87,0.3,0.25652578473091125,0.012942874077725718,6.763640140142353e-17,0.0023107267916202545,-1.3840534030841682e-18
0.871,0.3,0.25723549723625183,0.012942874077725718,6.826526380775575e-17,0.0023108688183128834,-1.4626654606589083e-18
0.872,0.3,0.2579430341720581,0.012942874077725718,6.892526790978936e-17,0.0023110213223844767,-1.5412493024986387e-18
0.873,0.3,0.2586483955383301,0.012942874077725718,6.958866676105689e-17,0.0023111843038350344,-1.6198169513818642e-18
0.874,0.3,0.25935158133506775,0.012942874077725718,7.023285516977848e-17,0.002311357529833913,-1.6825277159707747e-18
0.875,0.3,0.26005253195762634,0.012942874077725718,7.085584128503912e-17,0.0023115412332117558,-1.7927962251579004e-18
0.876,0.3,0.26075130701065063,0.012942874077725718,7.143565518976939e-17,0.002311735413968563,-1.9189174799161866e-18
0.877,0.3,0.26144787669181824,0.012942874077725718,7.196414419185197e-17,0.0023119396064430475,-2.029188067629211e-18
0.878,0.3,0.26214221119880676,0.012942874077725718,7.24496859765308e-17,0.00231215450912714,-2.155312671485972e-18
0.879,0.3,0.2628343403339386,0.012942874077725718,7.288823066752681e-17,0.0023123794235289097,-2.2814386158154252e-18
0.88,0.3,0.26352420449256897,0.012942874077725718,7.327985767417882e-17,0.0023126148153096437,-2.407566533082367e-18
0.881,0.3,0.26421186327934265,0.012942874077725718,7.362467949305012e-17,0.0023128604516386986,-2.533697090579896e-18
0.882,0.3,0.2648972272872925,0.012942874077725718,7.391856683852286e-17,0.002313116332516074,-2.643980272758308e-18
0.883,0.3,0.2655803859233856,0.012942874077725718,7.416161235482564e-17,0.0023133824579417706,-2.7384194266546906e-18
0.884,0.3,0.2662612497806549,0.012942874077725718,7.436229298887591e-17,0.0023136588279157877,-2.8487190450446272e-18
0.885,0.3,0.26693984866142273,0.012942874077725718,7.45165125422803e-17,0.002313945209607482,-2.95902647288523e-18
0.886,0.3,0.2676161527633667,0.012942874077725718,7.462010202475154e-17,0.002314241835847497,-3.053491730555344e-18
0.887,0.3,0.2682901918888092,0.012942874077725718,7.467739586269941e-17,0.002314548473805189,-3.1479686817528227e-18
0.888,0.3,0.26896193623542786,0.012942874077725718,7.46756753270253e-17,0.0023148651234805584,-3.1949018630640464e-18
0.889,0.3,0.26963138580322266,0.012942874077725718,7.463310530398087e-17,0.0023151917848736048,-3.210144513188732e-18
0.89,0.3,0.2702985405921936,0.012942874077725718,7.455425183054741e-17,0.0023155284579843283,-3.1936964530362715e-18
0.891,0.3,0.2709633708000183,0.012942874077725718,7.44573062627562e-17,0.002315875142812729,-3.1614093532794686e-18
0.892,0.3,0.27162590622901917,0.012942874077725718,7.434224213082762e-17,0.002316231606528163,-3.1132860809639984e-18
0.893,0.3,0.2722861170768738,0.012942874077725718,7.420907266965149e-17,0.002316598081961274,-3.04932950002057e-18
0.894,0.3,0.27294397354125977,0.012942874077725718,7.406210583585796e-17,0.002316974336281419,-2.9853929619916476e-18
0.895,0.3,0.2735995054244995,0.012942874077725718,7.389704690770668e-17,0.002317360369488597,-2.9056261575681655e-18
0.896,0.3,0.274252712726593,0.012942874077725718,7.371386941541804e-17,0.002317755948752165,-2.810028808005926e-18
0.897,0.3,0.2749035656452179,0.012942874077725718,7.351748350310815e-17,0.0023181613069027662,-2.682748518649443e-18
0.898,0.3,0.27555206418037415,0.012942874077725718,7.332116376524727e-17,0.002318576443940401,-2.5554899888876903e-18
0.899,0.3,0.27619820833206177,0.012942874077725718,7.312492343672518e-17,0.0023190011270344257,-2.4282532179918714e-18
0.9,0.3,0.27684199810028076,0.012942874077725718,7.292876251754191e-17,0.0023194351233541965,-2.301038205441711e-18
0.901,0.3,0.27748343348503113,0.012942874077725718,7.273708160855622e-17,0.002319878898561001,-2.1896953507112637e-18
0.902,0.3,0.2781224548816681,0.012942874077725718,7.254550657868894e-17,0.0023203319869935513,-2.078371567924605e-18
0.903,0.3,0.2787591218948364,0.012942874077725718,7.234959050496698e-17,0.0023207946214824915,-1.9512164803089746e-18
0.904,0.3,0.27939340472221375,0.012942874077725718,7.215820738100181e-17,0.0023212663363665342,-1.8399301561414346e-18
0.905,0.3,0.28002530336380005,0.012942874077725718,7.198057530753972e-17,0.0023217475973069668,-1.7445047745968843e-18
0.906,0.3,0.28065478801727295,0.012942874077725718,7.182137281812532e-17,0.002322237938642502,-1.6649324006680248e-18
0.907,0.3,0.28128188848495483,0.012942874077725718,7.169871185945106e-17,0.002322737593203783,-1.6329056300047772e-18
0.908,0.3,0.2819066047668457,0.012942874077725718,7.162175097525912e-17,0.0023232463281601667,-1.6642594831869447e-18
0.909,0.3,0.2825288772583008,0.012942874077725718,7.159096000413745e-17,0.002323764143511653,-1.711426680248611e-18
0.91,0.3,0.28314876556396484,0.012942874077725718,7.160629924141663e-17,0.0023242910392582417,-1.7744005850681085e-18
0.911,0.3,0.2837662100791931,0.012942874077725718,7.169042020099082e-17,0.002324827015399933,-1.9007305760079823e-18
0.912,0.3,0.284381240606308,0.012942874077725718,7.182499917793075e-17,0.0023253716062754393,-2.0745622579008677e-18
0.913,0.3,0.28499385714530945,0.012942874077725718,7.197830552393888e-17,0.002325925277546048,-2.2007893156419796e-18
0.914,0.3,0.2856040298938751,0.012942874077725718,7.217273267255824e-17,0.002326487796381116,-2.3745299165843656e-18
0.915,0.3,0.286211758852005,0.012942874077725718,7.23717126232691e-17,0.002327058929949999,-2.53238943615728e-18
0.916,0.3,0.2868170738220215,0.012942874077725718,7.255670991290536e-17,0.002327638678252697,-2.674385189620889e-18
0.917,0.3,0.2874199151992798,0.012942874077725718,7.27274664611159e-17,0.0023282270412892103,-2.863933650724338e-18
0.918,0.3,0.2880203425884247,0.012942874077725718,7.285198692180719e-17,0.002328824019059539,-3.037635628569123e-18
0.919,0.3,0.2886182963848114,0.012942874077725718,7.292567217077341e-17,0.0023294296115636826,-3.211348151485356e-18
0.92,0.3,0.28921377658843994,0.012942874077725718,7.294404219781699e-17,0.002330043353140354,-3.369221584497822e-18
0.921,0.3,0.2898068428039551,0.012942874077725718,7.290717641227673e-17,0.002330665709450841,-3.5112591268478705e-18
0.922,0.3,0.29039740562438965,0.012942874077725718,7.281513437115673e-17,0.0023312962148338556,-3.637463969574098e-18
0.923,0.3,0.2909855246543884,0.012942874077725718,7.266798224890599e-17,0.002331935102120042,-3.7478392988561156e-18
0.924,0.3,0.29157117009162903,0.012942874077725718,7.247042504884873e-17,0.0023325819056481123,-3.858238380279369e-18
0.925,0.3,0.29215434193611145,0.012942874077725718,7.222719424408873e-17,0.0023332370910793543,-3.984511749750813e-18
0.926,0.3,0.2927350401878357,0.012942874077725718,7.193841556607912e-17,0.0023339001927524805,-4.126657161923522e-18
0.927,0.3,0.29331326484680176,0.012942874077725718,7.15949238536328e-17,0.002334571210667491,-4.2529703430962356e-18
0.928,0.3,0.29388898611068726,0.012942874077725718,7.119673234163958e-17,0.0023352501448243856,-4.347596581793337e-18
0.929,0.3,0.2944622337818146,0.012942874077725718,7.077174679524453e-17,0.0023359369952231646,-4.4580778765983955e-18
0.93,0.3,0.29503297805786133,0.012942874077725718,7.033385061384876e-17,0.002336631529033184,-4.56854589991924e-18
0.931,0.3,0.2956012487411499,0.012942874077725718,6.989686102240434e-17,0.0023373339790850878,-4.663136774874492e-18
0.932,0.3,0.2961670160293579,0.012942874077725718,6.947928701429778e-17,0.0023380438797175884,-4.757691080779626e-18
0.933,0.3,0.29673027992248535,0.012942874077725718,6.908085727428813e-17,0.0023387614637613297,-4.804646686552291e-18
0.934,0.3,0.2972910702228546,0.012942874077725718,6.87388081648301e-17,0.002339486498385668,-4.883246912241682e-18
0.935,0.3,0.2978493273258209,0.012942874077725718,6.845742117277427e-17,0.002340218983590603,-4.945923946537214e-18
0.936,0.3,0.29840508103370667,0.012942874077725718,6.825526484851121e-17,0.0023409586865454912,-5.024375637733113e-18
0.937,0.3,0.29895833134651184,0.012942874077725718,6.81179661017172e-17,0.0023417058400809765,-5.0710551465722316e-18
0.9380000000000001,0.3,0.29950907826423645,0.012942874077725718,6.803150256664826e-17,0.002342460211366415,-5.085979692936713e-18
0.9390000000000001,0.3,0.3000572919845581,0.012942874077725718,6.798658996810908e-17,0.002343221800401807,-5.085012395166752e-18
0.9400000000000001,0.3,0.3006030321121216,0.012942874077725718,6.796419653456605e-17,0.0023439903743565083,-5.020606100107596e-18
0.9410000000000001,0.3,0.3011462092399597,0.012942874077725718,6.797352051443075e-17,0.0023447659332305193,-4.908616957994972e-18
0.9420000000000001,0.3,0.3016868829727173,0.012942874077725718,6.802859750833698e-17,0.00234554847702384,-4.780756555172433e-18
0.9430000000000001,0.3,0.3022250235080719,0.012942874077725718,6.811066044254714e-17,0.0023463380057364702,-4.621185887706877e-18
0.9440000000000001,0.3,0.30276066064834595,0.012942874077725718,6.822455328672834e-17,0.002347134053707123,-4.4616160248909706e-18
0.9450000000000001,0.3,0.30329376459121704,0.012942874077725718,6.835136338335517e-17,0.002347937086597085,-4.270364201445634e-18
0.9460000000000001,0.3,0.3038243353366852,0.012942874077725718,6.847773672861857e-17,0.002348746871575713,-4.09500632887464e-18
0.9470000000000001,0.3,0.30435240268707275,0.012942874077725718,6.858041300369355e-17,0.00234956294298172,-3.919698632717668e-18
0.9480000000000001,0.3,0.304877907037735,0.012942874077725718,6.86497902960296e-17,0.0023503857664763927,-3.712750439098006e-18
0.9490000000000001,0.3,0.30540087819099426,0.012942874077725718,6.869640357790819e-17,0.002351214876398444,-3.569280717625665e-18
0.9500000000000001,0.3,0.3059213161468506,0.012942874077725718,6.869204929916371e-17,0.002352050505578518,-3.4417364074237314e-18
0.9510000000000001,0.3,0.30643925070762634,0.012942874077725718,6.863685980869417e-17,0.0023528921883553267,-3.3301173619642807e-18
0.9520000000000001,0.3,0.30695462226867676,0.012942874077725718,6.853609597519541e-17,0.0023537403903901577,-3.2661183935815616e-18
0.9530000000000001,0.3,0.3074674606323242,0.012942874077725718,6.837478252085777e-17,0.00235459441319108,-3.1704704352460725e-18
0.9540000000000001,0.3,0.30797773599624634,0.012942874077725718,6.819100284108319e-17,0.002355454722419381,-3.106562298185432e-18
0.9550000000000001,0.3,0.3084855079650879,0.012942874077725718,6.799382945283015e-17,0.002356321085244417,-3.058530296769646e-18
0.9560000000000001,0.3,0.3089907169342041,0.012942874077725718,6.779772809065098e-17,0.0023571932688355446,-3.058062148266284e-18
0.9570000000000001,0.3,0.30949339270591736,0.012942874077725718,6.761173156683475e-17,0.002358071506023407,-3.0892868532138168e-18
0.9580000000000001,0.3,0.3099935054779053,0.012942874077725718,6.744976960289687e-17,0.002358955331146717,-3.1521855647230353e-18
0.9590000000000001,0.3,0.31049108505249023,0.012942874077725718,6.731092899144107e-17,0.0023598449770361185,-3.199197392397188e-18
0.96,0.3,0.31098613142967224,0.012942874077725718,6.720499693347508e-17,0.0023607402108609676,-3.2620171910001054e-18
0.961,0.3,0.3114786148071289,0.012942874077725718,6.714087389238997e-17,0.0023616410326212645,-3.324783518155284e-18
0.962,0.3,0.3119685649871826,0.012942874077725718,6.713294619339926e-17,0.002362547442317009,-3.419188310943201e-18
0.963,0.3,0.312455952167511,0.012942874077725718,6.718548208846373e-17,0.0023634592071175575,-3.529367293555502e-18
0.964,0.3,0.3129408061504364,0.012942874077725718,6.73175464363415e-17,0.00236437632702291,-3.6870049503644354e-18
0.965,0.3,0.3134230971336365,0.012942874077725718,6.753796029108482e-17,0.002365298569202423,-3.876240989945372e-18
0.966,0.3,0.3139028549194336,0.012942874077725718,6.784234290416964e-17,0.00236622616648674,-4.112930423191326e-18
0.967,0.3,0.31438004970550537,0.012942874077725718,6.821678440641524e-17,0.0023671588860452175,-4.3970807996446084e-18
0.968,0.3,0.3148547112941742,0.012942874077725718,6.861280539648113e-17,0.0023680967278778553,-4.633603488698026e-18
0.969,0.3,0.3153268098831177,0.012942874077725718,6.902142600163742e-17,0.0023690396919846535,-4.8383696976461276e-18
0.97,0.3,0.3157963454723358,0.012942874077725718,6.940869211210005e-17,0.0023699873127043247,-4.947994311423315e-18
0.971,0.3,0.316263347864151,0.012942874077725718,6.977943446264632e-17,0.0023709398228675127,-4.978342957125808e-18
0.972,0.3,0.31672778725624084,0.012942874077725718,7.014359907296156e-17,0.0023718972224742174,-4.961132481293216e-18
0.973,0.3,0.31718969345092773,0.012942874077725718,7.049186858062599e-17,0.002372859278693795,-4.8963827051791705e-18
0.974,0.3,0.3176490366458893,0.012942874077725718,7.080024151298576e-17,0.0023738257586956024,-4.75241259441367e-18
0.975,0.3,0.3181058168411255,0.012942874077725718,7.106907521206549e-17,0.0023747968953102827,-4.5450968494287976e-18
0.976,0.3,0.31856006383895874,0.012942874077725718,7.12798606844787e-17,0.002375772688537836,-4.274465315369787e-18
0.977,0.3,0.31901174783706665,0.012942874077725718,7.140905306126969e-17,0.002376752672716975,-3.924696353842264e-18
0.978,0.3,0.3194608986377716,0.012942874077725718,7.145800891864302e-17,0.0023777373135089874,-3.5433562813627955e-18
0.979,0.3,0.3199075162410736,0.012942874077725718,7.14263444447945e-17,0.0023787259124219418,-3.1145921739173392e-18
0.98,0.3,0.3203515410423279,0.012942874077725718,7.134325580662477e-17,0.002379718702286482,-2.6859505406073536e-18
0.981,0.3,0.3207930624485016,0.012942874077725718,7.121851035280687e-17,0.0023807156831026077,-2.273264135585703e-18
0.982,0.3,0.32123199105262756,0.012942874077725718,7.109523397175687e-17,0.0023817168548703194,-1.9240420655288236e-18
0.983,0.3,0.321668416261673,0.012942874077725718,7.099468189649492e-17,0.0023827217519283295,-1.5748362304506138e-18
0.984,0.3,0.32210227847099304,0.012942874077725718,7.095888151958363e-17,0.0023837308399379253,-1.2414691875313418e-18
0.985,0.3,0.32253357768058777,0.012942874077725718,7.101181446134212e-17,0.0023847436532378197,-9.556193254573156e-19
0.986,0.3,0.32296234369277954,0.012942874077725718,7.117697926861181e-17,0.0023857601918280125,-7.3310556278819255e-19
0.987,0.3,0.32338857650756836,0.012942874077725718,7.146711452282601e-17,0.00238678022287786,-5.421991279083155e-19
0.988,0.3,0.3238122761249542,0.012942874077725718,7.189075672790627e-17,0.00238780421204865,-3.670353378006361e-19
0.989,0.3,0.32423341274261475,0.012942874077725718,7.246256352430702e-17,0.0023888316936790943,-2.3930174314899814e-19
0.99,0.3,0.3246520161628723,0.012942874077725718,7.319670286156009e-17,0.00238986243493855,-1.7484597935048264e-19
0.991,0.3,0.32506808638572693,0.012942874077725718,7.406989456850576e-17,0.002390896901488304,-1.736785541369417e-19
0.992,0.3,0.3254815936088562,0.012942874077725718,7.506349730285956e-17,0.0023919346276670694,-2.358101137899145e-19
0.993,0.3,0.3258925974369049,0.012942874077725718,7.615947852726782e-17,0.0023929753806442022,-3.7710047502685598e-19
0.994,0.3,0.32630103826522827,0.012942874077725718,7.733927630878485e-17,0.00239401962608099,-5.975553280122979e-19
0.995,0.3,0.3267069458961487,0.012942874077725718,7.858442797613847e-17,0.002395066898316145,-8.971855029247015e-19
0.996,0.3,0.3271103501319885,0.012942874077725718,7.984650045010248e-17,0.002396117430180311,-1.2126111180145176e-18
0.997,0.3,0.327511191368103,0.012942874077725718,8.110294147845623e-17,0.0023971707560122013,-1.55971278624465e-18
0.998,0.3,0.3279094994068146,0.012942874077725718,8.230649588716578e-17,0.002398227108642459,-1.906822015069232e-18
0.999,0.3,0.32830530405044556,0.012942874077725718,8.341915969016801e-17,0.0023992862552404404,-2.2222635452359646e-18
1.0,0.3,0.3286985754966736,0.012942874077725718,8.442718845440473e-17,0.0024003481958061457,-2.5060480482470023e-18
1.0010000000000001,0.3,0.32908931374549866,0.012942874077725718,8.533013219362272e-17,0.002401412930339575,-2.7423275249093736e-18
1.002,0.3,0.32947754859924316,0.012942874077725718,8.611707212373627e-17,0.002402480226010084,-2.883566472590111e-18
1.0030000000000001,0.3,0.3298632502555847,0.012942874077725718,8.680498199091497e-17,0.0024035500828176737,-3.009032983924009e-18
1.004,0.3,0.3302464187145233,0.012942874077725718,8.737371829288193e-17,0.002404622733592987,-3.071191215224414e-18
1.0050000000000001,0.3,0.33062708377838135,0.012942874077725718,8.779841928914625e-17,0.0024056974798440933,-3.022506075332081e-18
1.006,0.3,0.3310052156448364,0.012942874077725718,8.809368306315828e-17,0.0024067750200629234,-2.8788306982913926e-18
1.0070000000000001,0.3,0.3313808739185333,0.012942874077725718,8.828856019803087e-17,0.0024078546557575464,-2.671861675213598e-18
1.008,0.3,0.33175399899482727,0.012942874077725718,8.839175263380809e-17,0.0024089363869279623,-2.385741333889718e-18
1.0090000000000001,0.3,0.33212459087371826,0.012942874077725718,8.84106057343294e-17,0.0024100206792354584,-1.9729197838492658e-18
1.01,0.3,0.3324927091598511,0.012942874077725718,8.837536784023464e-17,0.0024111068341881037,-1.4967986038782149e-18
1.0110000000000001,0.3,0.33285829424858093,0.012942874077725718,8.830980881360613e-17,0.0024121953174471855,-9.732198053376998e-19
1.012,0.3,0.3332214057445526,0.012942874077725718,8.821189709885946e-17,0.0024132856633514166,-3.546229676091231e-19
1.0130000000000001,0.3,0.33358198404312134,0.012942874077725718,8.81251159264353e-17,0.002414377871900797,3.114523907004088e-19
1.014,0.3,0.3339400887489319,0.012942874077725718,8.805262843499605e-17,0.0024154719430953264,1.0567130799296768e-18
1.0150000000000001,0.3,0.33429569005966187,0.012942874077725718,8.803394738804215e-17,0.002416568109765649,1.8177764607939227e-18
1.016,0.3,0.33464881777763367,0.012942874077725718,8.809134048766353e-17,0.002417665673419833,2.61051637599098e-18
1.0170000000000001,0.3,0.3349994421005249,0.012942874077725718,8.827424004726635e-17,0.0024187650997191668,3.3557050086207637e-18
1.018,0.3,0.33534756302833557,0.012942874077725718,8.861227236766982e-17,0.002419866155833006,4.005812694676929e-18
1.0190000000000001,0.3,0.33569321036338806,0.012942874077725718,8.909997805683109e-17,0.0024209688417613506,4.576699459367026e-18
1.02,0.3,0.3360363841056824,0.012942874077725718,8.973329400358129e-17,0.0024220729246735573,5.052520476696967e-18
1.0210000000000001,0.3,0.3363770544528961,0.012942874077725718,9.050281681871692e-17,0.002423178404569626,5.4332821232599984e-18
1.022,0.3,0.3367152810096741,0.012942874077725718,9.139922913981819e-17,0.0024242852814495564,5.7189830452907255e-18
1.0230000000000001,0.3,0.33705100417137146,0.012942874077725718,9.23993302050642e-17,0.0024253935553133488,5.909614305239676e-18
1.024,0.3,0.33738425374031067,0.012942874077725718,9.349066598315236e-17,0.0024265029933303595,5.973472397039765e-18
1.025,0.3,0.3377150595188141,0.012942874077725718,9.46440998641861e-17,0.002427613828331232,5.942260690807593e-18
1.026,0.3,0.3380433917045593,0.012942874077725718,9.585578711267828e-17,0.0024287255946546793,5.800126725662449e-18
1.027,0.3,0.3383692502975464,0.012942874077725718,9.707661967002284e-17,0.002429838525131345,5.610455029582475e-18
1.028,0.3,0.33869266510009766,0.012942874077725718,9.826744873218888e-17,0.002430952386930585,5.420783504725958e-18
1.029,0.3,0.33901360630989075,0.012942874077725718,9.941836136671557e-17,0.0024320671800523996,5.246957911766083e-18
1.03,0.3,0.33933210372924805,0.012942874077725718,1.0054555046127423e-16,0.002433182904496789,5.041425209338458e-18
1.031,0.3,0.33964815735816956,0.012942874077725718,1.0162371090656564e-16,0.002434299560263753,4.851730666428681e-18
1.032,0.3,0.3399617671966553,0.012942874077725718,1.0266368869478161e-16,0.002435416914522648,4.646174827191038e-18
1.033,0.3,0.3402729332447052,0.012942874077725718,1.0366558308759564e-16,0.0024365349672734737,4.424760322389824e-18
1.034,0.3,0.34058165550231934,0.012942874077725718,1.0461871352893844e-16,0.0024376537185162306,4.219186365545521e-18
1.035,0.3,0.3408879339694977,0.012942874077725718,1.0553395248078141e-16,0.0024387731682509184,3.997753588721271e-18
1.036,0.3,0.34119176864624023,0.012942874077725718,1.0640056644749607e-16,0.0024398930836468935,3.7921611372681e-18
1.037,0.3,0.3414931893348694,0.012942874077725718,1.0722406114323956e-16,0.002441013464704156,3.586557952924379e-18
1.038,0.3,0.34179219603538513,0.012942874077725718,1.079936699851589e-16,0.0024421343114227057,3.412648160418879e-18
1.039,0.3,0.3420887589454651,0.012942874077725718,1.0872873576469802e-16,0.0024432556238025427,3.2545857837446997e-18
1.04,0.3,0.34238290786743164,0.012942874077725718,1.0941845219433454e-16,0.0024443771690130234,3.1440721347649563e-18
1.041,0.3,0.3426746428012848,0.012942874077725718,1.1008753543077153e-16,0.0024454991798847914,3.049410386587414e-18
1.042,0.3,0.3429639935493469,0.012942874077725718,1.107360251786784e-16,0.0024466211907565594,2.9706029387843305e-18
1.043,0.3,0.34325090050697327,0.012942874077725718,1.1137317262602595e-16,0.002447743434458971,2.9076522325503715e-18
1.044,0.3,0.3435354232788086,0.012942874077725718,1.1198805237128356e-16,0.0024488656781613827,2.892259470313788e-18
1.045,0.3,0.3438175320625305,0.012942874077725718,1.125999675012258e-16,0.002449988154694438,2.9085838613004262e-18
1.046,0.3,0.3440972566604614,0.012942874077725718,1.1323910679948837e-16,0.0024511106312274933,2.9090833755221004e-18
1.047,0.3,0.34437456727027893,0.012942874077725718,1.1388903253293863e-16,0.002452232874929905,2.9413075663715026e-18
1.048,0.3,0.3446495234966278,0.012942874077725718,1.1455976351315583e-16,0.0024533553514629602,2.9894080460294168e-18
1.049,0.3,0.3449220657348633,0.012942874077725718,1.152503997676335e-16,0.0024544773623347282,3.069240514787426e-18
1.05,0.3,0.3451922535896301,0.012942874077725718,1.1598019806103189e-16,0.0024555993732064962,3.1649617713992883e-18
1.051,0.3,0.34546002745628357,0.012942874077725718,1.1674266006245877e-16,0.002456720918416977,3.3082755000965503e-18
1.052,0.3,0.34572547674179077,0.012942874077725718,1.1755157652708662e-16,0.0024578424636274576,3.499188965529432e-18
1.053,0.3,0.34598851203918457,0.012942874077725718,1.1844250960381034e-16,0.002458963543176651,3.6743098847464945e-18
1.054,0.3,0.34624922275543213,0.012942874077725718,1.194153534135115e-16,0.002460084157064557,3.83364086157093e-18
1.055,0.3,0.34650754928588867,0.012942874077725718,1.2048097380071662e-16,0.002461204305291176,3.945481001687179e-18
1.056,0.3,0.3467635214328766,0.012942874077725718,1.2162538148690618e-16,0.0024623239878565073,4.009822861169216e-18
1.057,0.3,0.3470171391963959,0.012942874077725718,1.2281809652086884e-16,0.002463442971929908,4.0742054071556165e-18
1.058,0.3,0.3472684323787689,0.012942874077725718,1.240608791429481e-16,0.002464561490342021,4.106914676010631e-18
1.059,0.3,0.34751737117767334,0.012942874077725718,1.2533602107059046e-16,0.002465679310262203,4.092084959298091e-18
1.06,0.3,0.34776395559310913,0.012942874077725718,1.266250596325237e-16,0.002466796664521098,4.029695908462825e-18
1.061,0.3,0.34800824522972107,0.012942874077725718,1.2787367884100514e-16,0.0024679130874574184,3.983116042133988e-18
1.062,0.3,0.3482501804828644,0.012942874077725718,1.290478253245772e-16,0.002469028579071164,3.984017734490553e-18
1.063,0.3,0.34848979115486145,0.012942874077725718,1.3013920080733477e-16,0.0024701436050236225,4.0165345948350425e-18
1.064,0.3,0.3487270772457123,0.012942874077725718,1.3112122963055773e-16,0.0024712574668228626,4.144049872685801e-18
1.065,0.3,0.34896206855773926,0.012942874077725718,1.3199953662241143e-16,0.002472370397299528,4.35069430012211e-18
1.066,0.3,0.34919473528862,0.012942874077725718,1.3278710520979052e-16,0.0024734826292842627,4.573065790498712e-18
1.067,0.3,0.3494250774383545,0.012942874077725718,1.3349243219194714e-16,0.0024745934642851353,4.827024890008902e-18
1.068,0.3,0.3496531546115875,0.012942874077725718,1.3413501256155793e-16,0.002475703600794077,5.096731311915361e-18
1.069,0.3,0.3498789072036743,0.012942874077725718,1.347241769159325e-16,0.0024768123403191566,5.382195323386475e-18
1.07,0.3,0.35010236501693726,0.012942874077725718,1.352905243202904e-16,0.0024779201485216618,5.6358942266257705e-18
1.071,0.3,0.35032355785369873,0.012942874077725718,1.358396266632378e-16,0.002479026559740305,5.921242346675109e-18
1.072,0.3,0.35054245591163635,0.012942874077725718,1.3639836400596023e-16,0.0024801320396363735,6.174853808710078e-18
1.073,0.3,0.3507590889930725,0.012942874077725718,1.3696943626597703e-16,0.0024812358897179365,6.428452563774586e-18
1.074,0.3,0.3509734272956848,0.012942874077725718,1.3758608948646797e-16,0.0024823385756462812,6.666214115376216e-18
1.075,0.3,0.35118553042411804,0.012942874077725718,1.382621276574953e-16,0.0024834400974214077,6.888153955377193e-18
1.076,0.3,0.3513953387737274,0.012942874077725718,1.3900669608791144e-16,0.0024845399893820286,7.094272199395575e-18
1.077,0.3,0.3516029119491577,0.012942874077725718,1.3980581873408667e-16,0.0024856384843587875,7.284555979585733e-18
1.078,0.3,0.35180822014808655,0.012942874077725718,1.4066227492287917e-16,0.002486735349521041,7.411447160306635e-18
1.079,0.3,0.3520112633705139,0.012942874077725718,1.4154640526624525e-16,0.0024878308176994324,7.50663370346225e-18
1.08,0.3,0.3522121012210846,0.012942874077725718,1.4244436606945321e-16,0.002488924888893962,7.570110686823621e-18
1.081,0.3,0.3524106740951538,0.012942874077725718,1.4336266889828508e-16,0.002490017097443342,7.570178190606296e-18
1.082,0.3,0.35260704159736633,0.012942874077725718,1.4425961061497838e-16,0.002491107676178217,7.586077029954402e-18
1.083,0.3,0.3528011441230774,0.012942874077725718,1.4514078957791887e-16,0.0024921968579292297,7.60195700396302e-18
1.084,0.3,0.35299304127693176,0.012942874077725718,1.4600620578710655e-16,0.0024932839442044497,7.617812906555247e-18
1.085,0.3,0.35318273305892944,0.012942874077725718,1.468634957739565e-16,0.0024943696334958076,7.586089454763837e-18
1.086,0.3,0.35337021946907043,0.012942874077725718,1.476932439551309e-16,0.0024954532273113728,7.522629515522993e-18
1.087,0.3,0.35355547070503235,0.012942874077725718,1.4847513477478542e-16,0.0024965351913124323,7.45912839303779e-18
1.088,0.3,0.35373854637145996,0.012942874077725718,1.4920363604898333e-16,0.002497615059837699,7.411433547653277e-18
1.089,0.3,0.3539194166660309,0.012942874077725718,1.4988442554544917e-16,0.00249869329854846,7.363694917290576e-18
1.09,0.3,0.3540981113910675,0.012942874077725718,1.505120240198054e-16,0.002499769441783428,7.331759973234359e-18
1.091,0.3,0.35427460074424744,0.012942874077725718,1.5108649764650103e-16,0.002500843722373247,7.315626082918718e-18
1.092,0.3,0.35444891452789307,0.012942874077725718,1.5161917549120558e-16,0.002501915907487273,7.283595767478303e-18
1.093,0.3,0.3546210825443268,0.012942874077725718,1.5211013696325785e-16,0.0025029859971255064,7.235671813440818e-18
1.094,0.3,0.3547910451889038,0.012942874077725718,1.5255950117666606e-16,0.0025040539912879467,7.171857036428363e-18
1.095,0.3,0.3549588620662689,0.012942874077725718,1.529673740105486e-16,0.002505119889974594,7.092154179119251e-18
1.096,0.3,0.3551245331764221,0.012942874077725718,1.5332259845280338e-16,0.0025061836931854486,7.028263278590883e-18
1.097,0.3,0.355288028717041,0.012942874077725718,1.5361862323297896e-16,0.0025072454009205103,7.011886526359658e-18
1.098,0.3,0.355449378490448,0.012942874077725718,1.538749698135316e-16,0.0025083047803491354,7.0271811952791e-18
1.099,0.3,0.35560861229896545,0.012942874077725718,1.5410091585221167e-16,0.002509361831471324,7.074149506649881e-18
1.1,0.3,0.355765700340271,0.012942874077725718,1.543011332651189e-16,0.0025104167871177197,7.152796215871962e-18
1.101,0.3,0.3559206426143646,0.012942874077725718,1.5448949221676458e-16,0.002511469181627035,7.263128550749616e-18
1.102,0.3,0.3560734987258911,0.012942874077725718,1.5466952642272553e-16,0.0025125194806605577,7.421000957512368e-18
1.103,0.3,0.3562242090702057,0.012942874077725718,1.548720334715683e-16,0.002513567218557,7.578871130968026e-18
1.104,0.3,0.35637280344963074,0.012942874077725718,1.5509696042373373e-16,0.002514612628147006,7.736738985790749e-18
1.105,0.3,0.35651931166648865,0.012942874077725718,1.5534991887249734e-16,0.0025156557094305754,7.878757237745703e-18
1.106,0.3,0.35666370391845703,0.012942874077725718,1.5563084264341015e-16,0.0025166962295770645,8.004928555111552e-18
1.107,0.3,0.3568060100078583,0.012942874077725718,1.5592837620102303e-16,0.0025177341885864735,8.146949950832974e-18
1.108,0.3,0.3569462299346924,0.012942874077725718,1.5624251954533597e-16,0.002518769819289446,8.304818657668942e-18
1.109,0.3,0.35708436369895935,0.012942874077725718,1.565845223326797e-16,0.0025198026560246944,8.446837573659212e-18
1.11,0.3,0.35722044110298157,0.012942874077725718,1.5694868032555003e-16,0.0025208331644535065,8.588856488228381e-18
1.111,0.3,0.35735440254211426,0.012942874077725718,1.5732926281666323e-16,0.0025218608789145947,8.74672249391341e-18
1.112,0.3,0.3574863374233246,0.012942874077725718,1.5772628304090908e-16,0.0025228860322386026,8.920432754663813e-18
1.113,0.3,0.3576161861419678,0.012942874077725718,1.5813960864938958e-16,0.0025239083915948868,9.109984537612134e-18
1.114,0.3,0.3577440083026886,0.012942874077725718,1.5856925287699452e-16,0.0025249281898140907,9.315375026058071e-18
1.115,0.3,0.3578697741031647,0.012942874077725718,1.5902081408210967e-16,0.002525945194065571,9.520754389691422e-18
1.116,0.3,0.3579935133457184,0.012942874077725718,1.5949426579495542e-16,0.0025269596371799707,9.726122542322495e-18
1.117,0.3,0.35811519622802734,0.012942874077725718,1.5998955507597257e-16,0.002527971053496003,9.931479429274876e-18
1.118,0.3,0.35823485255241394,0.012942874077725718,1.6050662898560192e-16,0.0025289796758443117,1.0136824942295643e-17
1.119,0.3,0.3583524823188782,0.012942874077725718,1.6105115205667823e-16,0.00252998573705554,1.0326304534635382e-17
1.12,0.3,0.35846811532974243,0.012942874077725718,1.6161486571796577e-16,0.002530988771468401,1.0484058971424752e-17
1.121,0.3,0.3585817217826843,0.012942874077725718,1.6218965698201662e-16,0.002531989011913538,1.0594234308772266e-17
1.122,0.3,0.35869333148002625,0.012942874077725718,1.6274920165301689e-16,0.0025329862255603075,1.0704374699326237e-17
1.123,0.3,0.3588029444217682,0.012942874077725718,1.6330494791064431e-16,0.002533980645239353,1.0782778825767069e-17
1.124,0.3,0.35891056060791016,0.012942874077725718,1.638430917648366e-16,0.0025349720381200314,1.0829439841359537e-17
1.125,0.3,0.35901618003845215,0.012942874077725718,1.6434302649217386e-16,0.002535960404202342,1.08760497720394e-17
1.1260000000000001,0.3,0.35911983251571655,0.012942874077725718,1.648116474702423e-16,0.002536945976316929,1.0890905010845998e-17
1.127,0.3,0.35922151803970337,0.012942874077725718,1.6521810417091616e-16,0.0025379282888025045,1.0921544561682911e-17
1.1280000000000001,0.3,0.3593212366104126,0.012942874077725718,1.6557957548115693e-16,0.0025389078073203564,1.092041780102824e-17
1.129,0.3,0.35941898822784424,0.012942874077725718,1.658709415801226e-16,0.002539884066209197,1.0919216807402513e-17
1.1300000000000001,0.3,0.3595148026943207,0.012942874077725718,1.6609803905421537e-16,0.002540857531130314,1.0902094906229794e-17
1.131,0.3,0.35960865020751953,0.012942874077725718,1.6625530924971885e-16,0.002541827503591776,1.0884901919627405e-17
1.1320000000000001,0.3,0.3597005605697632,0.012942874077725718,1.6633150251030233e-16,0.002542794682085514,1.0899339095954914e-17
1.133,0.3,0.35979053378105164,0.012942874077725718,1.6634628588220988e-16,0.002543758600950241,1.0929568965706195e-17
1.1340000000000001,0.3,0.3598785698413849,0.012942874077725718,1.6631932641168555e-16,0.002544719260185957,1.0959754279959696e-17
1.135,0.3,0.3599646985530853,0.012942874077725718,1.6626567216843291e-16,0.0025456768926233053,1.0974062871278505e-17
1.1360000000000001,0.3,0.36004889011383057,0.012942874077725718,1.6621522076851208e-16,0.0025466312654316425,1.0940815993006792e-17
1.137,0.3,0.3601312041282654,0.012942874077725718,1.66166979595188e-16,0.0025475823786109686,1.0875875839352418e-17
1.1380000000000001,0.3,0.3602116107940674,0.012942874077725718,1.6610731671196576e-16,0.002548530464991927,1.0842654300320329e-17
1.139,0.3,0.3602901101112366,0.012942874077725718,1.6608676292810505e-16,0.002549475058913231,1.0777787674754644e-17
1.1400000000000001,0.3,0.36036670207977295,0.012942874077725718,1.661330453377386e-16,0.0025504163932055235,1.0681300432382363e-17
1.141,0.3,0.3604414463043213,0.012942874077725718,1.662437948955921e-16,0.002551354467868805,1.0584896048302792e-17
1.1420000000000001,0.3,0.3605142831802368,0.012942874077725718,1.664246628996105e-16,0.0025522892829030752,1.0472727551410608e-17
1.143,0.3,0.3605852723121643,0.012942874077725718,1.6665832487904449e-16,0.0025532208383083344,1.0392335171956476e-17
1.1440000000000001,0.3,0.36065438389778137,0.012942874077725718,1.6694576021573931e-16,0.0025541489012539387,1.032786178034535e-17
1.145,0.3,0.3607216477394104,0.012942874077725718,1.6728227052381569e-16,0.002555073471739888,1.0279299662203247e-17
1.1460000000000001,0.3,0.360787034034729,0.012942874077725718,1.6765736053566153e-16,0.00255599501542747,1.0262483091870201e-17
1.147,0.3,0.36085060238838196,0.012942874077725718,1.6807996380189242e-16,0.0025569128338247538,1.0214003095255512e-17
1.1480000000000001,0.3,0.3609123229980469,0.012942874077725718,1.6853155147678717e-16,0.002557827392593026,1.0133846036164344e-17
1.149,0.3,0.36097222566604614,0.012942874077725718,1.689764555323325e-16,0.0025587386917322874,1.0069545419743655e-17
1.1500000000000001,0.3,0.3610302805900574,0.012942874077725718,1.6943869729351693e-16,0.00255964626558125,9.941855865235016e-18
1.151,0.3,0.36108654737472534,0.012942874077725718,1.6987575305941034e-16,0.002560550579801202,9.83000960062739e-18
1.1520000000000001,0.3,0.36114099621772766,0.012942874077725718,1.7028423469822373e-16,0.0025614514015614986,9.718145653946622e-18
1.153,0.3,0.36119362711906433,0.012942874077725718,1.7063885033554766e-16,0.002562348498031497,9.637936253537112e-18
1.154,0.3,0.36124446988105774,0.012942874077725718,1.709234401709353e-16,0.002563242334872484,9.557668935867034e-18
1.155,0.3,0.3612934947013855,0.012942874077725718,1.7112668837360694e-16,0.0025641326792538166,9.50903717153089e-18
1.156,0.3,0.3613407611846924,0.012942874077725718,1.7124874052735036e-16,0.002565019531175494,9.492042818296339e-18
1.157,0.3,0.361386239528656,0.012942874077725718,1.7129215096589714e-16,0.0025659026578068733,9.538380874103132e-18
1.158,0.3,0.36142995953559875,0.012942874077725718,1.712569461590269e-16,0.0025667822919785976,9.648040759853216e-18
1.159,0.3,0.36147192120552063,0.012942874077725718,1.7116624745922167e-16,0.002567658433690667,9.757623403093325e-18
1.16,0.3,0.36151209473609924,0.012942874077725718,1.709982702378693e-16,0.002568530850112438,9.914668663719646e-18
1.161,0.3,0.36155053973197937,0.012942874077725718,1.7076354946725126e-16,0.0025693997740745544,1.0103329086049629e-17
1.162,0.3,0.361587256193161,0.012942874077725718,1.7046564533272396e-16,0.002570265205577016,1.0339455233755014e-17
1.163,0.3,0.3616222143173218,0.012942874077725718,1.7012537631594415e-16,0.002571126911789179,1.0591350787341157e-17
1.164,0.3,0.36165544390678406,0.012942874077725718,1.6972560323461972e-16,0.0025719848927110434,1.0906559579288153e-17
1.165,0.3,0.36168694496154785,0.012942874077725718,1.6928027566260077e-16,0.002572839381173253,1.128508469387773e-17
1.166,0.3,0.36171671748161316,0.012942874077725718,1.688204558862499e-16,0.002573690377175808,1.1679385144096782e-17
1.167,0.3,0.36174482107162476,0.012942874077725718,1.6833361046492568e-16,0.0025745374150574207,1.2137006778998646e-17
1.168,0.3,0.36177119612693787,0.012942874077725718,1.678392740959742e-16,0.0025753809604793787,1.2642103732502702e-17
1.169,0.3,0.3617958724498749,0.012942874077725718,1.6734673767203562e-16,0.002576220780611038,1.3194679213503778e-17
1.17,0.3,0.3618188500404358,0.012942874077725718,1.6688697083524394e-16,0.0025770568754523993,1.3747197067282523e-17
1.171,0.3,0.361840158700943,0.012942874077725718,1.664634146569474e-16,0.0025778894778341055,1.4315514859364547e-17
1.172,0.3,0.3618597984313965,0.012942874077725718,1.660955905996022e-16,0.0025787181220948696,1.4883790045746555e-17
1.173,0.3,0.36187776923179626,0.012942874077725718,1.657833530794206e-16,0.002579543273895979,1.5452022392840447e-17
1.174,0.3,0.36189407110214233,0.012942874077725718,1.655323798641271e-16,0.002580364467576146,1.6004360788493384e-17
1.175,0.3,0.3619087040424347,0.012942874077725718,1.6534474883142048e-16,0.0025811821687966585,1.6509103761081567e-17
1.176,0.3,0.3619216978549957,0.012942874077725718,1.6522375546886112e-16,0.0025819961447268724,1.6918706726699657e-17
1.177,0.3,0.3619330823421478,0.012942874077725718,1.651612206145521e-16,0.0025828061625361443,1.7217330497994475e-17
1.178,0.3,0.3619427978992462,0.012942874077725718,1.6512952305347908e-16,0.0025836124550551176,1.7468368175432843e-17
1.179,0.3,0.3619508743286133,0.012942874077725718,1.65115904351874e-16,0.002584415255114436,1.7655968171630664e-17
1.18,0.3,0.3619573712348938,0.012942874077725718,1.651111530264355e-16,0.0025852140970528126,1.778014352800366e-17
1.181,0.3,0.361962229013443,0.012942874077725718,1.6512913924167486e-16,0.0025860092137008905,1.7840918330884135e-17
1.182,0.3,0.36196547746658325,0.012942874077725718,1.6520662952145882e-16,0.0025868003722280264,1.7774918093603995e-17
1.183,0.3,0.36196714639663696,0.012942874077725718,1.6532978017105572e-16,0.0025875880382955074,1.758215556037987e-17
1.184,0.3,0.36196720600128174,0.012942874077725718,1.6547099644523077e-16,0.0025883717462420464,1.7326039645820057e-17
1.185,0.3,0.36196568608283997,0.012942874077725718,1.6566820953815321e-16,0.002589151728898287,1.6927349729442577e-17
1.186,0.3,0.36196255683898926,0.012942874077725718,1.6589494967022135e-16,0.002589927753433585,1.643364885515227e-17
1.187,0.3,0.3619579076766968,0.012942874077725718,1.6614324943777507e-16,0.0025907002855092287,1.589250714199319e-17
1.188,0.3,0.36195164918899536,0.012942874077725718,1.6643619048862705e-16,0.00259146885946393,1.530394995001987e-17
1.189,0.3,0.3619438707828522,0.012942874077725718,1.667817799311068e-16,0.0025922334752976894,1.468384867415069e-17
1.19,0.3,0.36193451285362244,0.012942874077725718,1.6719161152867987e-16,0.0025929943658411503,1.406391167904436e-17
1.191,0.3,0.36192360520362854,0.012942874077725718,1.6766553969755846e-16,0.0025937515310943127,1.344414073744692e-17
1.192,0.3,0.36191117763519287,0.012942874077725718,1.6819083247375413e-16,0.002594504738226533,1.287207409843806e-17
1.193,0.3,0.36189723014831543,0.012942874077725718,1.687627517667182e-16,0.0025952542200684547,1.234769904907684e-17
1.194,0.3,0.3618817627429962,0.012942874077725718,1.6937657272079174e-16,0.0025959997437894344,1.1871000773867181e-17
1.195,0.3,0.36186474561691284,0.012942874077725718,1.7002864250638975e-16,0.0025967415422201157,1.1426111936285899e-17
1.196,0.3,0.3618462383747101,0.012942874077725718,1.7069470157050724e-16,0.0025974793825298548,1.102885392976681e-17
1.197,0.3,0.36182624101638794,0.012942874077725718,1.713630502705603e-16,0.0025982134975492954,1.0647513544182611e-17
1.198,0.3,0.361804723739624,0.012942874077725718,1.7200613356598352e-16,0.0025989438872784376,1.0345462098556691e-17
1.199,0.3,0.3617817461490631,0.012942874077725718,1.7260548878550474e-16,0.002599670086055994,1.012266925484043e-17
1.2,0.3,0.3617572784423828,0.012942874077725718,1.731541543770887e-16,0.0026003927923738956,9.94741262619005e-18
1.201,0.3,0.36173132061958313,0.012942874077725718,1.7363370737413265e-16,0.0026011113077402115,9.819667575323021e-18
1.202,0.3,0.36170390248298645,0.012942874077725718,1.7403156139643596e-16,0.0026018263306468725,9.72356766771507e-18
1.203,0.3,0.36167505383491516,0.012942874077725718,1.743271229554685e-16,0.002602537162601948,9.690787631985025e-18
1.204,0.3,0.3616447150707245,0.012942874077725718,1.7451357608298286e-16,0.0026032442692667246,9.689614607078366e-18
1.205,0.3,0.3616129457950592,0.012942874077725718,1.745922442679591e-16,0.002603947650641203,9.704193474205823e-18
1.206,0.3,0.3615797460079193,0.012942874077725718,1.7456439805981812e-16,0.002604647073894739,9.718673960460195e-18
1.207,0.3,0.3615450859069824,0.012942874077725718,1.744531985157114e-16,0.0026053425390273333,9.669678521992816e-18
1.208,0.3,0.3615090250968933,0.012942874077725718,1.7426695714643385e-16,0.0026060340460389853,9.573080926521394e-18
1.209,0.3,0.3614715337753296,0.012942874077725718,1.7405186371739046e-16,0.0026067220605909824,9.365532062168487e-18
1.21,0.3,0.36143264174461365,0.012942874077725718,1.738277705632825e-16,0.002607405884191394,9.094615683655253e-18
1.211,0.3,0.3613923490047455,0.012942874077725718,1.7361785197615124e-16,0.002608085982501507,8.760360958244809e-18
1.212,0.3,0.3613506555557251,0.012942874077725718,1.7342905627314213e-16,0.0026087621226906776,8.394484883876047e-18
1.213,0.3,0.3613075911998749,0.012942874077725718,1.7329245897550758e-16,0.00260943453758955,7.949468829104445e-18
1.214,0.3,0.36126312613487244,0.012942874077725718,1.7322071263789718e-16,0.0026101029943674803,7.441184154623625e-18
1.215,0.3,0.3612172603607178,0.012942874077725718,1.7320005297491805e-16,0.002610767725855112,6.933029374421721e-18
1.216,0.3,0.36117005348205566,0.012942874077725718,1.7323611804962537e-16,0.0026114284992218018,6.409158186066562e-18
1.217,0.3,0.3611215054988861,0.012942874077725718,1.733288152177905e-16,0.0026120853144675493,5.8695729837231726e-18
1.218,0.3,0.3610715866088867,0.012942874077725718,1.734722549534521e-16,0.0026127384044229984,5.330122141161231e-18
1.219,0.3,0.3610202968120575,0.012942874077725718,1.7366069331443658e-16,0.0026133875362575054,4.806647349002665e-18
1.22,0.3,0.3609676957130432,0.012942874077725718,1.7387333828886682e-16,0.002614032942801714,4.330827657797457e-18
1.221,0.3,0.3609137535095215,0.012942874077725718,1.7408479212321497e-16,0.0026146743912249804,3.934330938320246e-18
1.222,0.3,0.3608584702014923,0.012942874077725718,1.7427765093739293e-16,0.0026153121143579483,3.6012800020101354e-18
1.223,0.3,0.36080190539360046,0.012942874077725718,1.7442778752729376e-16,0.002615945879369974,3.347490444096736e-18
1.224,0.3,0.36074399948120117,0.012942874077725718,1.74518949448242e-16,0.002616575686261058,3.141235651015206e-18
1.225,0.3,0.3606847822666168,0.012942874077725718,1.7452241698936983e-16,0.002617201767861843,2.9983342889756767e-18
1.226,0.3,0.3606242835521698,0.012942874077725718,1.744095366142584e-16,0.00261782412417233,2.93460448432999e-18
1.227,0.3,0.3605625033378601,0.012942874077725718,1.7417347911977046e-16,0.0026184425223618746,2.918328005265157e-18
1.228,0.3,0.36049941182136536,0.012942874077725718,1.7381769881214405e-16,0.002619056962430477,2.9019539545517147e-18
1.229,0.3,0.3604350686073303,0.012942874077725718,1.7333107838394645e-16,0.002619667910039425,2.9171690370980432e-18
1.23,0.3,0.3603694438934326,0.012942874077725718,1.72699972663793e-16,0.002620274666696787,2.9639666827410523e-18
1.231,0.3,0.36030256748199463,0.012942874077725718,1.7195104995463238e-16,0.0026208776980638504,2.9948160929240197e-18
1.232,0.3,0.36023440957069397,0.012942874077725718,1.7109725397868985e-16,0.0026214770041406155,3.0255873945840495e-18
1.233,0.3,0.3601650297641754,0.012942874077725718,1.7017687327215925e-16,0.0026220723520964384,3.0404561228006868e-18
1.234,0.3,0.3600943982601166,0.012942874077725718,1.69202772147927e-16,0.002622663974761963,3.055288161992655e-18
1.235,0.3,0.36002251505851746,0.012942874077725718,1.6818676936258527e-16,0.002623251872137189,3.1018018195773356e-18
1.236,0.3,0.3599494397640228,0.012942874077725718,1.6717044893988832e-16,0.002623835811391473,3.1800143251881194e-18
1.237,0.3,0.3598751127719879,0.012942874077725718,1.6617908951935576e-16,0.0026244160253554583,3.2582490852917713e-18
1.238,0.3,0.3597995936870575,0.012942874077725718,1.652438592664686e-16,0.0026249922811985016,3.3523703463511796e-18
1.239,0.3,0.3597228527069092,0.012942874077725718,1.6437387702029964e-16,0.0026255648117512465,3.4623880271863125e-18
1.24,0.3,0.35964491963386536,0.012942874077725718,1.6358641431203896e-16,0.002626133617013693,3.604157746633201e-18
1.241,0.3,0.3595658242702484,0.012942874077725718,1.6290191904642888e-16,0.002626698696985841,3.745985659685997e-18
1.242,0.3,0.3594855070114136,0.012942874077725718,1.6232588370273675e-16,0.0026272598188370466,3.872019869932913e-18
1.243,0.3,0.3594040274620056,0.012942874077725718,1.6184422635821447e-16,0.002627817215397954,3.9822570400555944e-18
1.244,0.3,0.35932135581970215,0.012942874077725718,1.6146818343430296e-16,0.002628370886668563,4.045002316432541e-18
1.245,0.3,0.35923752188682556,0.012942874077725718,1.6116662647019063e-16,0.0026289208326488733,4.107791508487825e-18
1.246,0.3,0.35915255546569824,0.012942874077725718,1.609415274644578e-16,0.0026294670533388853,4.138927251265261e-18
1.247,0.3,0.3590664267539978,0.012942874077725718,1.6077111502338208e-16,0.002630009315907955,4.18594280405819e-18
1.248,0.3,0.35897913575172424,0.012942874077725718,1.606310634195095e-16,0.0026305480860173702,4.264664764131254e-18
1.249,0.3,0.35889074206352234,0.012942874077725718,1.6050963330558671e-16,0.002631082898005843,4.343379989301903e-18
1.25,0.3,0.3588011860847473,0.012942874077725718,1.603769270655536e-16,0.0026316139847040176,4.453763861546022e-18
1.2510000000000001,0.3,0.35871052742004395,0.012942874077725718,1.602268963547712e-16,0.0026321413461118937,4.548265007803592e-18
1.252,0.3,0.35861876606941223,0.012942874077725718,1.600709761180274e-16,0.002632664982229471,4.595189501815798e-18
1.2530000000000001,0.3,0.3585258722305298,0.012942874077725718,1.5989534913037014e-16,0.002633185125887394,4.594545570851127e-18
1.254,0.3,0.358431875705719,0.012942874077725718,1.5970254325575138e-16,0.0026337013114243746,4.578038121137366e-18
1.2550000000000001,0.3,0.35833680629730225,0.012942874077725718,1.5950398020406925e-16,0.0026342137716710567,4.5139838157683065e-18
1.256,0.3,0.35824063420295715,0.012942874077725718,1.5931349043516563e-16,0.0026347225066274405,4.402401252395685e-18
1.2570000000000001,0.3,0.3581433594226837,0.012942874077725718,1.5914498381822123e-16,0.0026352277491241693,4.243308899143567e-18
1.258,0.3,0.3580450415611267,0.012942874077725718,1.5899523104012463e-16,0.0026357292663306,4.084258685285801e-18
1.2590000000000001,0.3,0.35794565081596375,0.012942874077725718,1.5888015367330625e-16,0.002636226825416088,3.893562577665842e-18
1.26,0.3,0.3578451871871948,0.012942874077725718,1.5879866645680243e-16,0.0026367208920419216,3.687073162143115e-18
1.2610000000000001,0.3,0.35774368047714233,0.012942874077725718,1.5873936091560483e-16,0.0026372114662081003,3.4964842675326064e-18
1.262,0.3,0.3576411306858063,0.012942874077725718,1.5870218411015425e-16,0.002637698082253337,3.321793042662547e-18
1.2630000000000001,0.3,0.35753753781318665,0.012942874077725718,1.58698412166561e-16,0.0026381812058389187,3.1313053348883072e-18
1.264,0.3,0.35743293166160583,0.012942874077725718,1.587280053801557e-16,0.002638660604134202,2.9250236483908568e-18
1.2650000000000001,0.3,0.35732728242874146,0.012942874077725718,1.5878521980876477e-16,0.0026391365099698305,2.7187961343962265e-18
1.266,0.3,0.3572205901145935,0.012942874077725718,1.5886432474510444e-16,0.0026396086905151606,2.5284682414332084e-18
1.2670000000000001,0.3,0.35711291432380676,0.012942874077725718,1.5897660955017484e-16,0.002640077145770192,2.3223458507322894e-18
1.268,0.3,0.35700422525405884,0.012942874077725718,1.590994160926369e-16,0.002640542108565569,2.1638089735427814e-18
1.2690000000000001,0.3,0.3568945527076721,0.012942874077725718,1.5921879479864056e-16,0.002641003578901291,2.052836201163279e-18
1.27,0.3,0.3567838668823242,0.012942874077725718,1.5932301955582225e-16,0.0026414613239467144,1.9577150931873633e-18
1.2710000000000001,0.3,0.3566722273826599,0.012942874077725718,1.5938691760378074e-16,0.0026419153437018394,1.910122768973549e-18
1.272,0.3,0.3565595746040344,0.012942874077725718,1.5939209244569287e-16,0.0026423658709973097,1.910039966182717e-18
1.2730000000000001,0.3,0.35644596815109253,0.012942874077725718,1.5933044432900052e-16,0.002642812905833125,1.9416019510069425e-18
1.274,0.3,0.35633137822151184,0.012942874077725718,1.5917232710054978e-16,0.002643256215378642,2.036480354680961e-18
1.2750000000000001,0.3,0.35621586441993713,0.012942874077725718,1.588948708707648e-16,0.0026436960324645042,2.19465047137985e-18
1.276,0.3,0.35609936714172363,0.012942874077725718,1.5847974531727139e-16,0.0026441323570907116,2.4160893961015375e-18
1.2770000000000001,0.3,0.3559819459915161,0.012942874077725718,1.5790880540615258e-16,0.002644565189257264,2.700779199840279e-18
1.278,0.3,0.3558635711669922,0.012942874077725718,1.5718898621966404e-16,0.0026449942961335182,3.0170173010128316e-18
1.2790000000000001,0.3,0.35574430227279663,0.012942874077725718,1.5632616404887733e-16,0.002645420143380761,3.348958420537851e-18
1.28,0.3,0.35562407970428467,0.012942874077725718,1.5534578958687948e-16,0.0026458422653377056,3.664915883720494e-18
1.281,0.3,0.3555029332637787,0.012942874077725718,1.5423581908395172e-16,0.0026462608948349953,4.0124423587678605e-18
1.282,0.3,0.3553808927536011,0.012942874077725718,1.5302317230594898e-16,0.00264667603187263,4.4073974694603245e-18
1.283,0.3,0.35525795817375183,0.012942874077725718,1.5173112942403096e-16,0.00264708767645061,4.849789227519535e-18
1.284,0.3,0.35513409972190857,0.012942874077725718,1.5040543021734937e-16,0.002647496061399579,5.276246441421981e-18
1.285,0.3,0.35500937700271606,0.012942874077725718,1.4907284886797134e-16,0.0026479007210582495,5.702640679930586e-18
1.286,0.3,0.35488376021385193,0.012942874077725718,1.4775908753189012e-16,0.002648301888257265,6.160682876446046e-18
1.287,0.3,0.35475724935531616,0.012942874077725718,1.4651529905818599e-16,0.0026486997958272696,6.571150638396939e-18
1.288,0.3,0.35462990403175354,0.012942874077725718,1.4532250461488452e-16,0.002649094210937619,7.013289870688854e-18
1.289,0.3,0.3545016646385193,0.012942874077725718,1.4423738923500276e-16,0.002649485133588314,7.392036929431899e-18
1.29,0.3,0.3543725907802582,0.012942874077725718,1.4329965758794324e-16,0.002649872563779354,7.659876065158111e-18
1.291,0.3,0.3542426526546478,0.012942874077725718,1.4251830939877055e-16,0.0026502565015107393,7.816831318462089e-18
1.292,0.3,0.3541118800640106,0.012942874077725718,1.4189108150132874e-16,0.0026506371796131134,7.89461314957363e-18
1.293,0.3,0.35398027300834656,0.012942874077725718,1.4143549688971414e-16,0.0026510145980864763,7.829844824429568e-18
1.294,0.3,0.35384780168533325,0.012942874077725718,1.4111595371036245e-16,0.0026513885241001844,7.670066884782096e-18
1.295,0.3,0.35371455550193787,0.012942874077725718,1.4088503135311725e-16,0.0026517589576542377,7.431109379012047e-18
1.296,0.3,0.3535804748535156,0.012942874077725718,1.4068720945526397e-16,0.00265212613157928,7.112950244214734e-18
1.297,0.3,0.35344555974006653,0.012942874077725718,1.404614090003717e-16,0.0026524898130446672,6.731417766244257e-18
1.298,0.3,0.35330986976623535,0.012942874077725718,1.4016613860891476e-16,0.0026528502348810434,6.2865027245864086e-18
1.299,0.3,0.3531733751296997,0.012942874077725718,1.397672390303172e-16,0.0026532073970884085,5.809895745728867e-18
1.3,0.3,0.3530360758304596,0.012942874077725718,1.3926234121930462e-16,0.0026535610668361187,5.269903392596452e-18
1.301,0.3,0.3528980016708374,0.012942874077725718,1.3861534039650035e-16,0.0026539117097854614,4.729914638437722e-18
1.302,0.3,0.35275915265083313,0.012942874077725718,1.3782102201532283e-16,0.0026542586274445057,4.205777194202781e-18
1.303,0.3,0.35261955857276917,0.012942874077725718,1.3687305979844726e-16,0.0026546025183051825,3.729187176981208e-18
1.304,0.3,0.35247915983200073,0.012942874077725718,1.357958324128868e-16,0.002654943149536848,3.2843017603679406e-18
1.305,0.3,0.3523380160331726,0.012942874077725718,1.3458667964579148e-16,0.002655280288308859,2.918668049236528e-18
1.306,0.3,0.3521961271762848,0.012942874077725718,1.3328837666099765e-16,0.002655614400282502,2.6164445460824434e-18
1.307,0.3,0.3520534932613373,0.012942874077725718,1.3192510360217146e-16,0.0026559450197964907,2.3617866254058187e-18
1.308,0.3,0.3519101142883301,0.012942874077725718,1.3049876629344422e-16,0.0026562726125121117,2.2022379474860708e-18
1.309,0.3,0.3517659902572632,0.012942874077725718,1.2905289428737093e-16,0.0026565969455987215,2.106106937490376e-18
1.31,0.3,0.35162118077278137,0.012942874077725718,1.275893139987441e-16,0.0026569177862256765,2.1209341234339132e-18
1.311,0.3,0.3514755964279175,0.012942874077725718,1.2614031855867782e-16,0.002657235600054264,2.2467209566470707e-18
1.312,0.3,0.35132935643196106,0.012942874077725718,1.2477066628296761e-16,0.0026575501542538404,2.404237767931936e-18
1.313,0.3,0.35118237137794495,0.012942874077725718,1.2348753048188556e-16,0.0026578616816550493,2.6251814242159027e-18
1.314,0.3,0.3510347008705139,0.012942874077725718,1.2233048347593618e-16,0.002658169949427247,2.8620125128255062e-18
1.315,0.3,0.3508863151073456,0.012942874077725718,1.212872300524945e-16,0.0026584749575704336,3.1622609861305198e-18
1.316,0.3,0.3507372736930847,0.012942874077725718,1.2035477912646553e-16,0.002658776706084609,3.49421671577367e-18
1.317,0.3,0.35058751702308655,0.012942874077725718,1.195246206637073e-16,0.002659075427800417,3.8420137597216166e-18
1.318,0.3,0.35043710470199585,0.012942874077725718,1.1875961756343867e-16,0.0026593711227178574,4.205630556730659e-18
1.319,0.3,0.3502860367298126,0.012942874077725718,1.1804857310888808e-16,0.0026596635580062866,4.5375071292490634e-18
1.32,0.3,0.3501342833042145,0.012942874077725718,1.1735076354413835e-16,0.0026599527336657047,4.821783862236963e-18
1.321,0.3,0.3499819040298462,0.012942874077725718,1.1662644449511752e-16,0.0026602388825267553,5.105991996006678e-18
1.322,0.3,0.349828839302063,0.012942874077725718,1.1585811943750886e-16,0.0026605220045894384,5.374277418271706e-18
1.323,0.3,0.34967514872550964,0.012942874077725718,1.1505878503309682e-16,0.002660802099853754,5.5632554367948084e-18
1.324,0.3,0.34952083230018616,0.012942874077725718,1.142147299360477e-16,0.0026610789354890585,5.672932165420888e-18
1.325,0.3,0.34936586022377014,0.012942874077725718,1.13317682340236e-16,0.002661352977156639,5.687476101879693e-18
1.326,0.3,0.349210262298584,0.012942874077725718,1.1237608610535464e-16,0.0026616237591952085,5.622755392183378e-18
1.327,0.3,0.3490540683269501,0.012942874077725718,1.1138823393061931e-16,0.0026618915144354105,5.510481944995377e-18
1.328,0.3,0.348897248506546,0.012942874077725718,1.103616167636573e-16,0.0026621560100466013,5.38236837927126e-18
1.329,0.3,0.3487398326396942,0.012942874077725718,1.0931762218638677e-16,0.0026624177116900682,5.270123025353898e-18
1.33,0.3,0.34858182072639465,0.012942874077725718,1.0827381951501836e-16,0.0026626763865351677,5.189598356770585e-18
1.331,0.3,0.34842318296432495,0.012942874077725718,1.0725510357726745e-16,0.0026629320345818996,5.10910810791731e-18
1.332,0.3,0.3482639789581299,0.012942874077725718,1.0629002203043448e-16,0.0026631848886609077,5.012816535042595e-18
1.333,0.3,0.34810420870780945,0.012942874077725718,1.0539786472640419e-16,0.0026634344831109047,4.884887904462903e-18
1.334,0.3,0.34794384241104126,0.012942874077725718,1.045868042096286e-16,0.002663681283593178,4.741183230468768e-18
1.335,0.3,0.3477829098701477,0.012942874077725718,1.0389542680132207e-16,0.0026639250572770834,4.5500248420590965e-18
1.336,0.3,0.3476214110851288,0.012942874077725718,1.0332632653988559e-16,0.0026641658041626215,4.343114198565851e-18
1.337,0.3,0.3474593758583069,0.012942874077725718,1.0287927843219253e-16,0.002664403524249792,4.12045325502588e-18
1.338,0.3,0.3472967743873596,0.012942874077725718,1.0255401778044688e-16,0.002664638450369239,3.882043958338638e-18
1.339,0.3,0.3471336364746094,0.012942874077725718,1.0235583854056898e-16,0.0026648705825209618,3.6120418297218276e-18
1.34,0.3,0.34696993231773376,0.012942874077725718,1.0227985703822231e-16,0.002665099687874317,3.3104457002973015e-18
1.341,0.3,0.34680572152137756,0.012942874077725718,1.0231836395009787e-16,0.0026653259992599487,2.9455616617839797e-18
1.342,0.3,0.3466409742832184,0.012942874077725718,1.0243530743637817e-16,0.002665549283847213,2.58076828101911e-18
1.343,0.3,0.3464757204055786,0.012942874077725718,1.0257164003621671e-16,0.002665769774466753,2.2794313926890832e-18
1.344,0.3,0.34630993008613586,0.012942874077725718,1.0270970640661916e-16,0.0026659872382879257,2.0256858310142427e-18
1.345,0.3,0.3461436331272125,0.012942874077725718,1.0284112886234159e-16,0.0026662019081413746,1.8036658758758422e-18
1.346,0.3,0.3459768295288086,0.012942874077725718,1.0293994716703962e-16,0.0026664137840270996,1.581657873295967e-18
1.347,0.3,0.34580954909324646,0.012942874077725718,1.029692823002832e-16,0.002666622865945101,1.3596521130569348e-18
1.348,0.3,0.34564176201820374,0.012942874077725718,1.0289179202049924e-16,0.002666829153895378,1.232717150245984e-18
1.349,0.3,0.3454734981060028,0.012942874077725718,1.0269843689795374e-16,0.0026670326478779316,1.2008330728015974e-18
1.35,0.3,0.3453047573566437,0.012942874077725718,1.0238568321706989e-16,0.0026672333478927612,1.2481326386943422e-18
1.351,0.3,0.34513550996780396,0.012942874077725718,1.0194073283941027e-16,0.002667431253939867,1.358756823229928e-18
1.352,0.3,0.3449658453464508,0.012942874077725718,1.0137770739239237e-16,0.0026676261331886053,1.5327031628708724e-18
1.353,0.3,0.34479567408561707,0.012942874077725718,1.0071531439274971e-16,0.0026678184513002634,1.769967932310871e-18
1.354,0.3,0.3446250855922699,0.012942874077725718,9.997934202325923e-17,0.0026680082082748413,2.0230095562440927e-18
1.355,0.3,0.3444540202617645,0.012942874077725718,9.915734287006323e-17,0.0026681949384510517,2.3552129469136545e-18
1.356,0.3,0.34428250789642334,0.012942874077725718,9.828432321668497e-17,0.002668379107490182,2.7190389420762997e-18
1.357,0.3,0.3441105782985687,0.012942874077725718,9.737255180596982e-17,0.0026685602497309446,3.1461822256040263e-18
1.358,0.3,0.3439382016658783,0.012942874077725718,9.645148950261447e-17,0.002668739063665271,3.604952151158861e-18
1.359,0.3,0.34376537799835205,0.012942874077725718,9.554339739126396e-17,0.002668915083631873,4.111198847011766e-18
1.36,0.3,0.34359216690063477,0.012942874077725718,9.468305014487e-17,0.0026690883096307516,4.617382630328379e-18
1.361,0.3,0.34341850876808167,0.012942874077725718,9.388667373832845e-17,0.0026692587416619062,5.075970672085377e-18
1.362,0.3,0.3432444632053375,0.012942874077725718,9.316255983009953e-17,0.0026694268453866243,5.502820924886058e-18
1.363,0.3,0.34307000041007996,0.012942874077725718,9.253069310378252e-17,0.0026695921551436186,5.866248948256765e-18
1.364,0.3,0.34289515018463135,0.012942874077725718,9.198083637211647e-17,0.002669754670932889,6.18210820706295e-18
1.365,0.3,0.3427199125289917,0.012942874077725718,9.150820522243837e-17,0.002669914625585079,6.450408302700844e-18
1.366,0.3,0.3425442576408386,0.012942874077725718,9.113196377517985e-17,0.002670072019100189,6.655312634211837e-18
1.367,0.3,0.3423682451248169,0.012942874077725718,9.083180309194151e-17,0.002670226851478219,6.828518880377908e-18
1.368,0.3,0.3421918451786041,0.012942874077725718,9.05975455424665e-17,0.002670378889888525,6.985873298081924e-18
1.369,0.3,0.3420150876045227,0.012942874077725718,9.04152283180149e-17,0.0026705285999923944,7.127375353722035e-18
1.37,0.3,0.34183794260025024,0.012942874077725718,9.029555844443563e-17,0.00267067551612854,7.221334234891837e-18
1.371,0.3,0.3416604697704315,0.012942874077725718,9.020834713809294e-17,0.0026708198711276054,7.315288450487059e-18
1.372,0.3,0.34148260951042175,0.012942874077725718,9.014427041912214e-17,0.0026709618978202343,7.409235021032795e-18
1.373,0.3,0.3413044214248657,0.012942874077725718,9.008246348375217e-17,0.0026711011305451393,7.55070369178748e-18
1.374,0.3,0.34112587571144104,0.012942874077725718,9.002142417199066e-17,0.002671237802132964,7.676296523481955e-18
1.375,0.3,0.3409470021724701,0.012942874077725718,8.992728440083723e-17,0.0026713721454143524,7.817699205551516e-18
1.3760000000000001,0.3,0.3407677710056305,0.012942874077725718,8.978624679767448e-17,0.0026715039275586605,7.97490196092611e-18
1.377,0.3,0.340588241815567,0.012942874077725718,8.956990267154492e-17,0.0026716331485658884,8.163741232352187e-18
1.3780000000000001,0.3,0.3404083847999573,0.012942874077725718,8.928536577571647e-17,0.002671759808436036,8.336669446600611e-18
1.379,0.3,0.34022819995880127,0.012942874077725718,8.8905067834734e-17,0.0026718841399997473,8.493680820089072e-18
1.3800000000000001,0.3,0.3400477170944214,0.012942874077725718,8.8410698378558e-17,0.0026720059104263783,8.634769773544038e-18
1.381,0.3,0.3398669362068176,0.012942874077725718,8.778019484589048e-17,0.0026721253525465727,8.744087537801546e-18
1.3820000000000001,0.3,0.3396858274936676,0.012942874077725718,8.70207305470035e-17,0.002672242233529687,8.774103139456786e-18
1.383,0.3,0.3395044505596161,0.012942874077725718,8.611105024887688e-17,0.002672356553375721,8.788210480371125e-18
1.3840000000000001,0.3,0.3393227756023407,0.012942874077725718,8.507909280388023e-17,0.0026724685449153185,8.691342305048258e-18
1.385,0.3,0.33914080262184143,0.012942874077725718,8.391897530349705e-17,0.0026725782081484795,8.515210972630912e-18
1.3860000000000001,0.3,0.3389585614204407,0.012942874077725718,8.264556052897372e-17,0.0026726853102445602,8.243988090427226e-18
1.387,0.3,0.3387760519981384,0.012942874077725718,8.126908566757118e-17,0.0026727900840342045,7.861847811658578e-18
1.3880000000000001,0.3,0.3385932743549347,0.012942874077725718,7.97828803348298e-17,0.002672892529517412,7.416349889212028e-18
1.389,0.3,0.33841022849082947,0.012942874077725718,7.820563881259329e-17,0.0026729926466941833,6.907513113801989e-18
1.3900000000000001,0.3,0.33822691440582275,0.012942874077725718,7.654457411580311e-17,0.0026730902027338743,6.3828898150838544e-18
1.391,0.3,0.33804336190223694,0.012942874077725718,7.479836275547916e-17,0.0026731854304671288,5.874179921335029e-18
1.3920000000000001,0.3,0.33785954117774963,0.012942874077725718,7.300023753991139e-17,0.0026732783298939466,5.365548145499274e-18
1.393,0.3,0.3376755118370056,0.012942874077725718,7.118116149378888e-17,0.0026733691338449717,4.888697001247181e-18
1.3940000000000001,0.3,0.3374912142753601,0.012942874077725718,6.93688683286893e-17,0.0026734573766589165,4.443631411706183e-18
1.395,0.3,0.3373067080974579,0.012942874077725718,6.760637143646541e-17,0.0026735432911664248,3.9986644518564666e-18
1.3960000000000001,0.3,0.33712196350097656,0.012942874077725718,6.588534607143248e-17,0.00267362711019814,3.633027507439418e-18
1.397,0.3,0.33693698048591614,0.012942874077725718,6.422948930377893e-17,0.0026737083680927753,3.3308687913545765e-18
1.3980000000000001,0.3,0.3367518186569214,0.012942874077725718,6.267777788396825e-17,0.0026737875305116177,3.0446464985312758e-18
1.399,0.3,0.33656641840934753,0.012942874077725718,6.122397817890426e-17,0.0026738643646240234,2.8060474427946863e-18
1.4000000000000001,0.3,0.33638080954551697,0.012942874077725718,5.986323298403002e-17,0.0026739388704299927,2.615060056593441e-18
1.401,0.3,0.3361949920654297,0.012942874077725718,5.85868668290811e-17,0.0026740110479295254,2.4558269467344977e-18
1.4020000000000001,0.3,0.3360089957714081,0.012942874077725718,5.738545647251928e-17,0.002674081129953265,2.328338575853565e-18
1.403,0.3,0.33582282066345215,0.012942874077725718,5.623967897523533e-17,0.002674149116501212,2.248429808219207e-18
1.4040000000000001,0.3,0.3356364369392395,0.012942874077725718,5.514621568861168e-17,0.002674214541912079,2.184397726178087e-18
1.405,0.3,0.33544987440109253,0.012942874077725718,5.409109387774109e-17,0.0026742781046777964,2.1362357976442047e-18
1.4060000000000001,0.3,0.33526313304901123,0.012942874077725718,5.3059705533005873e-17,0.0026743391063064337,2.119782626549602e-18
1.407,0.3,0.3350762128829956,0.012942874077725718,5.2027519786160154e-17,0.0026743982452899218,2.1667171997906776e-18
1.408,0.3,0.33488914370536804,0.012942874077725718,5.098736332693187e-17,0.0026744550559669733,2.2294893820713938e-18
1.409,0.3,0.33470189571380615,0.012942874077725718,4.9918728693574616e-17,0.0026745095383375883,2.3556275381928907e-18
1.41,0.3,0.3345144987106323,0.012942874077725718,4.879857725166756e-17,0.002674562158063054,2.5451149251752285e-18
1.411,0.3,0.33432695269584656,0.012942874077725718,4.76191401208976e-17,0.0026746124494820833,2.7662461692107688e-18
1.412,0.3,0.33413922786712646,0.012942874077725718,4.6377254162602335e-17,0.0026746606454253197,2.9873240827834464e-18
1.413,0.3,0.3339513838291168,0.012942874077725718,4.5078345681600116e-17,0.002674706745892763,3.1925053655307144e-18
1.414,0.3,0.3337634205818176,0.012942874077725718,4.374233649576367e-17,0.00267475051805377,3.3501061754482433e-18
1.415,0.3,0.3335753083229065,0.012942874077725718,4.236729761990452e-17,0.0026747924275696278,3.507674537483938e-18
1.416,0.3,0.3333870470523834,0.012942874077725718,4.0982352429029436e-17,0.002674832008779049,3.6335257982802936e-18
1.417,0.3,0.3331986963748932,0.012942874077725718,3.96059834467453e-17,0.002674869727343321,3.727668640680366e-18
1.418,0.3,0.333010196685791,0.012942874077725718,3.821641266188482e-17,0.0026749051176011562,3.869336825663881e-18
1.419,0.3,0.3328216075897217,0.012942874077725718,3.6847961452424045e-17,0.0026749386452138424,4.010992989265089e-18
1.42,0.3,0.3326328694820404,0.012942874077725718,3.551840758408796e-17,0.0026749700773507357,4.168485771163691e-18
1.421,0.3,0.33244407176971436,0.012942874077725718,3.424281567019239e-17,0.002674999414011836,4.310122878843839e-18
1.422,0.3,0.33225515484809875,0.012942874077725718,3.301582888909043e-17,0.0026750266551971436,4.451751679328059e-18
1.423,0.3,0.3320661187171936,0.012942874077725718,3.184261215652687e-17,0.002675051800906658,4.577526910996716e-18
1.424,0.3,0.3318770229816437,0.012942874077725718,3.070201611859995e-17,0.0026750750839710236,4.7508299889433966e-18
1.425,0.3,0.3316878378391266,0.012942874077725718,2.9584746573947025e-17,0.002675096271559596,4.971649662213242e-18
1.426,0.3,0.33149856328964233,0.012942874077725718,2.848740546461173e-17,0.0026751153636723757,5.208284746353117e-18
1.427,0.3,0.3313091993331909,0.012942874077725718,2.7395465844676403e-17,0.002675132593140006,5.4765745928311444e-18
1.428,0.3,0.3311197757720947,0.012942874077725718,2.6295065821435885e-17,0.0026751477271318436,5.776510957397437e-18
1.429,0.3,0.33093026280403137,0.012942874077725718,2.517698233106021e-17,0.002675160998478532,6.108086805168806e-18
1.43,0.3,0.33074072003364563,0.012942874077725718,2.4047114825678102e-17,0.0026751721743494272,6.439606282783929e-18
1.431,0.3,0.3305510878562927,0.012942874077725718,2.290024875870803e-17,0.0026751814875751734,6.7869144467048565e-18
1.432,0.3,0.33036139607429504,0.012942874077725718,2.1741653270651957e-17,0.0026751889381557703,7.134163737160066e-18
1.433,0.3,0.330171674489975,0.012942874077725718,2.0581812048593378e-17,0.0026751942932605743,7.449663618824372e-18
1.434,0.3,0.32998189330101013,0.012942874077725718,1.9421343823630485e-17,0.002675197785720229,7.717572220888484e-18
1.435,0.3,0.3297920823097229,0.012942874077725718,1.8251616138890673e-17,0.002675199182704091,7.922049368943875e-18
1.436,0.3,0.3296022415161133,0.012942874077725718,1.7037915532787542e-17,0.0026751987170428038,8.126483814103577e-18
1.437,0.3,0.3294123411178589,0.012942874077725718,1.578614145744982e-17,0.0026751963887363672,8.299184142414452e-18
1.438,0.3,0.3292224109172821,0.012942874077725718,1.4476707930333476e-17,0.0026751921977847815,8.471844992121243e-18
1.439,0.3,0.3290324807167053,0.012942874077725718,1.3114936204319065e-17,0.0026751861441880465,8.628621648255573e-18
1.44,0.3,0.32884252071380615,0.012942874077725718,1.1695725056568972e-17,0.0026751782279461622,8.785362032726016e-18
1.441,0.3,0.3286525309085846,0.012942874077725718,1.0219189465188342e-17,0.0026751684490591288,8.942066467725204e-18
1.442,0.3,0.32846254110336304,0.012942874077725718,8.685438618018031e-18,0.0026751565746963024,9.098735287916184e-18
1.443,0.3,0.3282725512981415,0.012942874077725718,7.104990943727264e-18,0.0026751430705189705,9.223680215918177e-18
1.444,0.3,0.32808253169059753,0.012942874077725718,5.50219326287562e-18,0.0026751277036964893,9.28521970339771e-18
1.445,0.3,0.327892541885376,0.012942874077725718,3.885746274736239e-18,0.002675110474228859,9.299213019000402e-18
1.446,0.3,0.32770252227783203,0.012942874077725718,2.284537814636463e-18,0.0026750913821160793,9.233981943270747e-18
1.447,0.3,0.3275125324726105,0.012942874077725718,7.066325833559544e-19,0.0026750704273581505,9.12123411163563e-18
1.448,0.3,0.3273225724697113,0.012942874077725718,-8.249246842274424e-19,0.0026750476099550724,8.960981991093967e-18
1.449,0.3,0.32713261246681213,0.012942874077725718,-2.2871335073986546e-18,0.0026750231627374887,8.75323742798566e-18
1.45,0.3,0.32694265246391296,0.012942874077725718,-3.661657256531336e-18,0.002674996852874756,8.498011745027539e-18
1.451,0.3,0.32675275206565857,0.012942874077725718,-4.925018477889701e-18,0.0026749686803668737,8.179468871935658e-18
1.452,0.3,0.3265628516674042,0.012942874077725718,-6.097577188275976e-18,0.002674938878044486,7.8451521282433e-18
1.453,0.3,0.32637301087379456,0.012942874077725718,-7.198536799200886e-18,0.002674907213076949,7.510907516110379e-18
1.454,0.3,0.3261831998825073,0.012942874077725718,-8.217702723205021e-18,0.0026748739182949066,7.145043313571576e-18
1.455,0.3,0.3259934186935425,0.012942874077725718,-9.174255210741955e-18,0.002674838760867715,6.76340737455986e-18
1.456,0.3,0.3258036971092224,0.012942874077725718,-1.0093041113051555e-17,0.002674801740795374,6.413535838253792e-18
1.457,0.3,0.3256140351295471,0.012942874077725718,-1.0983910496868103e-17,0.0026747630909085274,6.111266898654769e-18
1.458,0.3,0.3254244029521942,0.012942874077725718,-1.1861316689034738e-17,0.0026747228112071753,5.872434520740503e-18
1.459,0.3,0.3252348303794861,0.012942874077725718,-1.2738066926975618e-17,0.002674680668860674,5.66533398604064e-18
1.46,0.3,0.32504531741142273,0.012942874077725718,-1.364240281116453e-17,0.002674636896699667,5.50580179320517e-18
1.461,0.3,0.32485589385032654,0.012942874077725718,-1.4593275876615674e-17,0.0026745914947241545,5.409672326079664e-18
1.462,0.3,0.3246665298938751,0.012942874077725718,-1.5598775122539208e-17,0.0026745442301034927,5.345241630257533e-18
1.463,0.3,0.3244772255420685,0.012942874077725718,-1.6692167271630177e-17,0.0026744953356683254,5.344191999759693e-18
1.464,0.3,0.324288010597229,0.012942874077725718,-1.790306869854043e-17,0.0026744448114186525,5.469891297237585e-18
1.465,0.3,0.3240988552570343,0.012942874077725718,-1.9239969585077208e-17,0.002674392657354474,5.706472232900029e-18
1.466,0.3,0.32390978932380676,0.012942874077725718,-2.070723909923602e-17,0.0026743386406451464,6.053916032741221e-18
1.467,0.3,0.3237208425998688,0.012942874077725718,-2.230411127176964e-17,0.0026742832269519567,6.496358189151329e-18
1.468,0.3,0.32353195548057556,0.012942874077725718,-2.4044179988864764e-17,0.002674225950613618,7.033782180288741e-18
1.469,0.3,0.3233431875705719,0.012942874077725718,-2.5922047069843872e-17,0.002674167277291417,7.650329516776596e-18
1.47,0.3,0.323154479265213,0.012942874077725718,-2.791434797112479e-17,0.002674106741324067,8.345990485607183e-18
1.471,0.3,0.32296591997146606,0.012942874077725718,-2.9981915690703136e-17,0.0026740445755422115,9.057375816894506e-18
1.472,0.3,0.3227774500846863,0.012942874077725718,-3.2081551548268937e-17,0.002673981012776494,9.73695238902734e-18
1.473,0.3,0.32258906960487366,0.012942874077725718,-3.417574786612659e-17,0.0026739155873656273,1.0368884985602537e-17
1.474,0.3,0.322400838136673,0.012942874077725718,-3.622659991988646e-17,0.0026738487649708986,1.0921496824888126e-17
1.475,0.3,0.32221269607543945,0.012942874077725718,-3.8198204762241304e-17,0.0026737803127616644,1.1426495596316963e-17
1.476,0.3,0.32202470302581787,0.012942874077725718,-4.0052336722723816e-17,0.0026737102307379246,1.1836356243050838e-17
1.477,0.3,0.32183679938316345,0.012942874077725718,-4.177487417391649e-17,0.002673638518899679,1.2135250720582492e-17
1.478,0.3,0.32164904475212097,0.012942874077725718,-4.336752110788119e-17,0.002673565177246928,1.2370733345766074e-17
1.479,0.3,0.32146143913269043,0.012942874077725718,-4.483100544355696e-17,0.0026734904386103153,1.2558659722463846e-17
1.48,0.3,0.32127395272254944,0.012942874077725718,-4.616095966730952e-17,0.002673414070159197,1.2699036360306907e-17
1.481,0.3,0.321086585521698,0.012942874077725718,-4.7355779048750514e-17,0.0026733363047242165,1.2728487693443886e-17
1.482,0.3,0.3208993971347809,0.012942874077725718,-4.845820897321424e-17,0.002673256676644087,1.2678718215097577e-17
1.483,0.3,0.3207123279571533,0.012942874077725718,-4.9496155205845777e-17,0.002673175884410739,1.2549737812124862e-17
1.484,0.3,0.3205254077911377,0.012942874077725718,-5.049282181718847e-17,0.002673093229532242,1.234155693564667e-17
1.485,0.3,0.3203386664390564,0.012942874077725718,-5.148661314872193e-17,0.0026730094105005264,1.2101721857600405e-17
1.486,0.3,0.32015207409858704,0.012942874077725718,-5.248168826456607e-17,0.002672923728823662,1.1814391587997683e-17
1.487,0.3,0.3199656307697296,0.012942874077725718,-5.3496986292025906e-17,0.002672836882993579,1.1495417870380146e-17
1.488,0.3,0.31977933645248413,0.012942874077725718,-5.455181362659843e-17,0.002672748174518347,1.1176495608302424e-17
1.489,0.3,0.319593220949173,0.012942874077725718,-5.563598271185943e-17,0.0026726583018898964,1.0825934317361738e-17
1.49,0.3,0.31940728425979614,0.012942874077725718,-5.677339575878925e-17,0.0026725667994469404,1.0475428676901355e-17
1.491,0.3,0.31922152638435364,0.012942874077725718,-5.796902246850809e-17,0.0026724739000201225,1.0140823856298738e-17
1.492,0.3,0.31903591752052307,0.012942874077725718,-5.921767476421404e-17,0.002672379370778799,9.806272444091656e-18
1.493,0.3,0.3188505172729492,0.012942874077725718,-6.05243157295824e-17,0.0026722834445536137,9.48761969639697e-18
1.494,0.3,0.3186652958393097,0.012942874077725718,-6.18938621261742e-17,0.0026721861213445663,9.200708739388483e-18
1.495,0.3,0.3184802532196045,0.012942874077725718,-6.329721043131736e-17,0.002672087401151657,8.898001080668136e-18
1.496,0.3,0.3182953894138336,0.012942874077725718,-6.472086105741503e-17,0.0026719870511442423,8.59534657254646e-18
1.497,0.3,0.31811073422431946,0.012942874077725718,-6.61320179475407e-17,0.002671885536983609,8.276901730707374e-18
1.498,0.3,0.3179262578487396,0.012942874077725718,-6.754623871465525e-17,0.0026717823930084705,8.006049971344356e-18
1.499,0.3,0.3177419900894165,0.012942874077725718,-6.893498893634808e-17,0.00267167785204947,7.751094543352562e-18
1.5,0.3,0.3175579309463501,0.012942874077725718,-7.028907036420759e-17,0.0026715719141066074,7.512033187049223e-18
1.5010000000000001,0.3,0.3173740804195404,0.012942874077725718,-7.161398871239092e-17,0.002671464579179883,7.320553725817759e-18
1.502,0.3,0.3171904385089874,0.012942874077725718,-7.288590132692186e-17,0.0026713558472692966,7.14495878876728e-18
1.5030000000000001,0.3,0.31700700521469116,0.012942874077725718,-7.410531775105773e-17,0.0026712457183748484,7.001091141249943e-18
1.504,0.3,0.3168237805366516,0.012942874077725718,-7.525346429361604e-17,0.002671134192496538,6.873101271615371e-18
1.5050000000000001,0.3,0.3166407644748688,0.012942874077725718,-7.63166428436529e-17,0.0026710215024650097,6.760986198414382e-18
1.506,0.3,0.31645798683166504,0.012942874077725718,-7.731386532036722e-17,0.0026709071826189756,6.680587261021137e-18
1.5070000000000001,0.3,0.316275417804718,0.012942874077725718,-7.826492450145619e-17,0.0026707914657890797,6.679433559000928e-18
1.508,0.3,0.3160930871963501,0.012942874077725718,-7.916491024280369e-17,0.0026706745848059654,6.741666793607393e-18
1.5090000000000001,0.3,0.3159109950065613,0.012942874077725718,-8.00043132760878e-17,0.0026705563068389893,6.851431549362804e-18
1.51,0.3,0.3157291114330292,0.012942874077725718,-8.075898654486688e-17,0.002670436631888151,6.961184817829027e-18
1.5110000000000001,0.3,0.31554749608039856,0.012942874077725718,-8.14487228268381e-17,0.002670315559953451,7.118460629842106e-18
1.512,0.3,0.31536608934402466,0.012942874077725718,-8.208750478307604e-17,0.0026701930910348892,7.323249920988214e-18
1.5130000000000001,0.3,0.31518492102622986,0.012942874077725718,-8.267431332706606e-17,0.002670069457963109,7.528008523706816e-18
1.514,0.3,0.31500402092933655,0.012942874077725718,-8.322697585536989e-17,0.002669944427907467,7.701045379582542e-18
1.5150000000000001,0.3,0.31482335925102234,0.012942874077725718,-8.375977943152755e-17,0.0026698182336986065,7.858210277101482e-18
1.516,0.3,0.31464293599128723,0.012942874077725718,-8.428736184365877e-17,0.0026696904096752405,8.03119551138421e-18
1.5170000000000001,0.3,0.3144627809524536,0.012942874077725718,-8.480935251484913e-17,0.0026695616543293,8.204152691949403e-18
1.518,0.3,0.3142828941345215,0.012942874077725718,-8.535846809268633e-17,0.0026694312691688538,8.392925526872992e-18
1.5190000000000001,0.3,0.31410324573516846,0.012942874077725718,-8.596234302707455e-17,0.0026692997198551893,8.597510590800228e-18
1.52,0.3,0.3139238655567169,0.012942874077725718,-8.662978513717623e-17,0.0026691670063883066,8.802060242811277e-18
1.5210000000000001,0.3,0.31374475359916687,0.012942874077725718,-8.736064222175869e-17,0.002669032895937562,9.006574727604466e-18
1.522,0.3,0.3135658800601959,0.012942874077725718,-8.813491636233282e-17,0.002668897621333599,9.14767419679376e-18
1.5230000000000001,0.3,0.31338730454444885,0.012942874077725718,-8.899120049755792e-17,0.0026687609497457743,9.304594079421384e-18
1.524,0.3,0.31320899724960327,0.012942874077725718,-8.99392818284417e-17,0.002668623114004731,9.509022137957657e-18
1.5250000000000001,0.3,0.3130309581756592,0.012942874077725718,-9.096510490201566e-17,0.002668483881279826,9.760951170965313e-18
1.526,0.3,0.31285321712493896,0.012942874077725718,-9.203978457128945e-17,0.002668343484401703,1.0012839244981705e-17
1.5270000000000001,0.3,0.31267574429512024,0.012942874077725718,-9.314048403391171e-17,0.0026682019233703613,1.0280531942639463e-17
1.528,0.3,0.312498539686203,0.012942874077725718,-9.425790577979735e-17,0.0026680591981858015,1.0564027022594458e-17
1.5290000000000001,0.3,0.31232163310050964,0.012942874077725718,-9.538311625833078e-17,0.0026679150760173798,1.0879167083067944e-17
1.53,0.3,0.31214502453804016,0.012942874077725718,-9.650160341284538e-17,0.002667769556865096,1.119425726380912e-17
1.5310000000000001,0.3,0.31196868419647217,0.012942874077725718,-9.758070353531266e-17,0.002667623106390238,1.1493452861208213e-17
1.532,0.3,0.31179267168045044,0.012942874077725718,-9.861589029342072e-17,0.0026674754917621613,1.1776756740951409e-17
1.5330000000000001,0.3,0.3116169273853302,0.012942874077725718,-9.95795358547103e-17,0.0026673264801502228,1.2044171574867536e-17
1.534,0.3,0.31144148111343384,0.012942874077725718,-1.004671800613185e-16,0.002667176304385066,1.2295699878903964e-17
1.5350000000000001,0.3,0.31126633286476135,0.012942874077725718,-1.0126445644036651e-16,0.002667024964466691,1.2499654245955562e-17
1.536,0.3,0.31109151244163513,0.012942874077725718,-1.0196263658203067e-16,0.0026668724603950977,1.267188737058279e-17
1.537,0.3,0.3109169900417328,0.012942874077725718,-1.0254743342277096e-16,0.0026667185593396425,1.278071431069202e-17
1.538,0.3,0.3107427656650543,0.012942874077725718,-1.0302924296852595e-16,0.0026665637269616127,1.2873680146735005e-17
1.539,0.3,0.3105688691139221,0.012942874077725718,-1.0341748846083384e-16,0.0026664077304303646,1.2950787151297512e-17
1.54,0.3,0.3103952705860138,0.012942874077725718,-1.0371205078568642e-16,0.0026662503369152546,1.299619266733494e-17
1.541,0.3,0.31022197008132935,0.012942874077725718,-1.0391283068141019e-16,0.00266609201207757,1.2994056717745707e-17
1.542,0.3,0.31004902720451355,0.012942874077725718,-1.0402893375218813e-16,0.002665932523086667,1.2928542005157532e-17
1.543,0.3,0.30987638235092163,0.012942874077725718,-1.0408883486342677e-16,0.002665771869942546,1.2831348796153242e-17
1.544,0.3,0.309704065322876,0.012942874077725718,-1.0409177300896256e-16,0.002665609819814563,1.265494742146438e-17
1.545,0.3,0.3095320761203766,0.012942874077725718,-1.0407075600395881e-16,0.002665446838364005,1.2431041005028088e-17
1.546,0.3,0.30936041474342346,0.012942874077725718,-1.0404919636847323e-16,0.002665282692760229,1.2175482583925811e-17
1.547,0.3,0.3091890811920166,0.012942874077725718,-1.0407874987739853e-16,0.0026651176158338785,1.1935812644674183e-17
1.548,0.3,0.309018075466156,0.012942874077725718,-1.0416743687395401e-16,0.002664951141923666,1.1648649121374152e-17
1.549,0.3,0.3088473975658417,0.012942874077725718,-1.0434367266654211e-16,0.002664783503860235,1.1361535153135179e-17
1.55,0.3,0.308677077293396,0.012942874077725718,-1.0461216887593192e-16,0.00266461493447423,1.1090315992266533e-17
1.551,0.3,0.3085070848464966,0.012942874077725718,-1.0497275344855604e-16,0.002664445200935006,1.0834989230432395e-17
1.552,0.3,0.30833742022514343,0.012942874077725718,-1.054401634342077e-16,0.002664274303242564,1.0658932149575293e-17
1.553,0.3,0.30816811323165894,0.012942874077725718,-1.0597617647114206e-16,0.0026641024742275476,1.0498751518355323e-17
1.554,0.3,0.3079991638660431,0.012942874077725718,-1.0655323751879376e-16,0.002663929481059313,1.037028914763745e-17
1.555,0.3,0.3078305423259735,0.012942874077725718,-1.071389078622609e-16,0.0026637553237378597,1.027353909075368e-17
1.556,0.3,0.3076622784137726,0.012942874077725718,-1.0769599084375822e-16,0.002663580235093832,1.0192650646468462e-17
1.557,0.3,0.3074943721294403,0.012942874077725718,-1.0822967454008763e-16,0.0026634037494659424,1.0159310610543937e-17
1.558,0.3,0.3073267936706543,0.012942874077725718,-1.0870714965943284e-16,0.002663226565346122,1.0141820608211712e-17
1.559,0.3,0.3071596026420593,0.012942874077725718,-1.0912878677870827e-16,0.0026630479842424393,1.0156022512716611e-17
1.56,0.3,0.306992769241333,0.012942874077725718,-1.0947113367318681e-16,0.002662868704646826,1.0170220652994254e-17
1.561,0.3,0.30682626366615295,0.012942874077725718,-1.0972945225231977e-16,0.0026626880280673504,1.016856996107615e-17
1.562,0.3,0.30666014552116394,0.012942874077725718,-1.0990345796597643e-16,0.0026625064201653004,1.0119383322716606e-17
1.563,0.3,0.3064943850040436,0.012942874077725718,-1.10016861119235e-16,0.0026623238809406757,1.005435883309268e-17
1.564,0.3,0.30632901191711426,0.012942874077725718,-1.1008365760805988e-16,0.002662140177562833,9.973499477476241e-18
1.565,0.3,0.3061639666557312,0.012942874077725718,-1.101323289153025e-16,0.0026619555428624153,9.924343342973838e-18
1.566,0.3,0.3059993088245392,0.012942874077725718,-1.1017146448444361e-16,0.0026617697440087795,9.8593509599762e-18
1.567,0.3,0.3058350384235382,0.012942874077725718,-1.1021977183221671e-16,0.002661583013832569,9.794370584295702e-18
1.568,0.3,0.3056711256504059,0.012942874077725718,-1.1030056421700599e-16,0.0026613951195031404,9.74524771033827e-18
1.569,0.3,0.3055076003074646,0.012942874077725718,-1.1041839444090294e-16,0.002661206293851137,9.711980301952054e-18
1.57,0.3,0.30534446239471436,0.012942874077725718,-1.1058197767884143e-16,0.0026610165368765593,9.662876337502952e-18
1.571,0.3,0.30518168210983276,0.012942874077725718,-1.1079123452148264e-16,0.002660825615748763,9.59793871126765e-18
1.572,0.3,0.3050192892551422,0.012942874077725718,-1.1104584733147136e-16,0.0026606337632983923,9.501325279247732e-18
1.573,0.3,0.3048572838306427,0.012942874077725718,-1.113459484577056e-16,0.002660440979525447,9.388885974032435e-18
1.574,0.3,0.30469563603401184,0.012942874077725718,-1.1167757509144546e-16,0.0026602470315992832,9.26062272574628e-18
1.575,0.3,0.3045344054698944,0.012942874077725718,-1.1201257662208454e-16,0.0026600523851811886,9.084847253227762e-18
1.576,0.3,0.304373562335968,0.012942874077725718,-1.1234708846180098e-16,0.0026598565746098757,8.924946297828147e-18
1.577,0.3,0.30421310663223267,0.012942874077725718,-1.126673066205325e-16,0.0026596595998853445,8.78091600879612e-18
1.578,0.3,0.30405303835868835,0.012942874077725718,-1.1293586900437133e-16,0.0026594619266688824,8.621062122565625e-18
1.579,0.3,0.30389338731765747,0.012942874077725718,-1.1313482910274748e-16,0.002659263089299202,8.47707552177699e-18
1.58,0.3,0.30373409390449524,0.012942874077725718,-1.13246041881744e-16,0.0026590635534375906,8.364797137630946e-18
1.581,0.3,0.30357521772384644,0.012942874077725718,-1.1324621393531142e-16,0.002658862853422761,8.252531040933074e-18
1.582,0.3,0.30341675877571106,0.012942874077725718,-1.1313072628690922e-16,0.0026586612220853567,8.1244319323252e-18
1.583,0.3,0.30325865745544434,0.012942874077725718,-1.1289984363433342e-16,0.002658458659425378,7.980502130829459e-18
1.584,0.3,0.3031010031700134,0.012942874077725718,-1.1255856876592874e-16,0.0026582549326121807,7.836588916764446e-18
1.585,0.3,0.30294373631477356,0.012942874077725718,-1.1209274034960828e-16,0.0026580505073070526,7.645157556913227e-18
1.586,0.3,0.30278685688972473,0.012942874077725718,-1.1152603560322575e-16,0.00265784515067935,7.437906563948262e-18
1.587,0.3,0.3026304244995117,0.012942874077725718,-1.1085333924187312e-16,0.0026576388627290726,7.15145958978942e-18
1.588,0.3,0.30247434973716736,0.012942874077725718,-1.1009811010772241e-16,0.0026574316434562206,6.8016759558718404e-18
1.589,0.3,0.3023187220096588,0.012942874077725718,-1.0929334939849202e-16,0.0026572232600301504,6.436102623067117e-18
1.59,0.3,0.3021635115146637,0.012942874077725718,-1.0846207920499053e-16,0.0026570141781121492,6.038898755701717e-18
1.591,0.3,0.3020086884498596,0.012942874077725718,-1.0762778483916954e-16,0.0026568041648715734,5.64176041806339e-18
1.592,0.3,0.30185431241989136,0.012942874077725718,-1.0681403763976438e-16,0.002656593220308423,5.292223380076411e-18
1.593,0.3,0.30170032382011414,0.012942874077725718,-1.060203412984075e-16,0.002656381344422698,4.942746321882971e-18
1.594,0.3,0.30154675245285034,0.012942874077725718,-1.0527449570112558e-16,0.0026561685372143984,4.609175376704881e-18
1.595,0.3,0.30139362812042236,0.012942874077725718,-1.0458583144522823e-16,0.002655954798683524,4.307353740259369e-18
1.596,0.3,0.3012409210205078,0.012942874077725718,-1.0396807311143893e-16,0.002655740361660719,4.037277241402678e-18
1.597,0.3,0.3010886013507843,0.012942874077725718,-1.0343031968649576e-16,0.0026555247604846954,3.798941343006822e-18
1.598,0.3,0.3009367287158966,0.012942874077725718,-1.02972286620268e-16,0.002655308460816741,3.5764963587415215e-18
1.599,0.3,0.3007853031158447,0.012942874077725718,-1.0260318539605703e-16,0.002655091229826212,3.385784422310982e-18
1.6,0.3,0.3006342649459839,0.012942874077725718,-1.0231375159100228e-16,0.002654873300343752,3.2426437756958866e-18
1.601,0.3,0.30048370361328125,0.012942874077725718,-1.0207597356084024e-16,0.0026546542067080736,3.1312197907042435e-18
1.602,0.3,0.30033352971076965,0.012942874077725718,-1.018522509836467e-16,0.0026544344145804644,2.9881256937968495e-18
1.603,0.3,0.30018380284309387,0.012942874077725718,-1.0163359736924688e-16,0.0026542136911302805,2.845055045721777e-18
1.604,0.3,0.3000344932079315,0.012942874077725718,-1.01401523576589e-16,0.002653992036357522,2.7020058892738564e-18
1.605,0.3,0.299885630607605,0.012942874077725718,-1.0112347177676297e-16,0.0026537696830928326,2.527286237350872e-18
1.606,0.3,0.29973721504211426,0.012942874077725718,-1.0079053488893283e-16,0.0026535463985055685,2.3525898753382617e-18
1.607,0.3,0.29958921670913696,0.012942874077725718,-1.0039360069147068e-16,0.00265332218259573,2.177916204617685e-18
1.608,0.3,0.2994416654109955,0.012942874077725718,-9.993278168093984e-17,0.0026530970353633165,2.0032650560444975e-18
1.609,0.3,0.2992945611476898,0.012942874077725718,-9.940821682368322e-17,0.002652871422469616,1.8286362713191382e-18
1.61,0.3,0.2991478741168976,0.012942874077725718,-9.882476332425771e-17,0.002652644645422697,1.6698746737406024e-18
1.611,0.3,0.29900166392326355,0.012942874077725718,-9.818254691411644e-17,0.0026524171698838472,1.5269779195159916e-18
1.612,0.3,0.29885587096214294,0.012942874077725718,-9.7486179952355e-17,0.002652188763022423,1.3840989852627385e-18
1.613,0.3,0.29871052503585815,0.012942874077725718,-9.674512538518099e-17,0.0026519596576690674,1.2570839103874946e-18
1.614,0.3,0.2985656261444092,0.012942874077725718,-9.596848881677741e-17,0.0026517296209931374,1.1142412164654217e-18
1.615,0.3,0.298421174287796,0.012942874077725718,-9.517041172689644e-17,0.0026514988858252764,9.872651673981785e-19
1.616,0.3,0.2982771396636963,0.012942874077725718,-9.437391620634668e-17,0.0026512672193348408,8.603111042407707e-19
1.617,0.3,0.29813358187675476,0.012942874077725718,-9.36067094969262e-17,0.002651034854352474,7.333813050218572e-19
1.618,0.3,0.29799047112464905,0.012942874077725718,-9.287787073303838e-17,0.002650801558047533,5.906326823190491e-19
1.619,0.3,0.29784783720970154,0.012942874077725718,-9.222941407235601e-17,0.002650567563250661,5.112947197139719e-19
1.62,0.3,0.29770562052726746,0.012942874077725718,-9.168915925324047e-17,0.002650332869961858,5.428927557054247e-19
1.621,0.3,0.2975638508796692,0.012942874077725718,-9.123805465182345e-17,0.00265009724535048,6.220279785888745e-19
1.622,0.3,0.2974225580692291,0.012942874077725718,-9.086199849302215e-17,0.0026498606894165277,7.3284763783914805e-19
1.623,0.3,0.2972817122936249,0.012942874077725718,-9.057006991123993e-17,0.0026496234349906445,8.753463504584082e-19
1.624,0.3,0.29714134335517883,0.012942874077725718,-9.034825315817771e-17,0.00264938548207283,1.049517358345274e-18
1.625,0.3,0.2970013916492462,0.012942874077725718,-9.016843071045358e-17,0.002649146830663085,1.207819716191008e-18
1.6260000000000001,0.3,0.2968619167804718,0.012942874077725718,-9.003993978282205e-17,0.002648907247930765,1.3819458716067692e-18
1.627,0.3,0.2967229187488556,0.012942874077725718,-8.99439669794312e-17,0.0026486669667065144,1.5243569216907948e-18
1.6280000000000001,0.3,0.2965843677520752,0.012942874077725718,-8.987603890752834e-17,0.0026484259869903326,1.6825906647649415e-18
1.629,0.3,0.2964462637901306,0.012942874077725718,-8.98130275971865e-17,0.0026481840759515762,1.8566422200684737e-18
1.6300000000000001,0.3,0.29630863666534424,0.012942874077725718,-8.974106288389439e-17,0.002647941466420889,2.046507219943338e-18
1.631,0.3,0.2961714565753937,0.012942874077725718,-8.963224561995181e-17,0.0026476981583982706,2.204646561296227e-18
1.6320000000000001,0.3,0.2960347533226013,0.012942874077725718,-8.947739740928189e-17,0.0026474539190530777,2.331064591243474e-18
1.633,0.3,0.29589852690696716,0.012942874077725718,-8.927666383567242e-17,0.0026472092140465975,2.4416112176509733e-18
1.6340000000000001,0.3,0.2957627475261688,0.012942874077725718,-8.901610194271821e-17,0.0026469635777175426,2.4887534255102935e-18
1.635,0.3,0.2956274449825287,0.012942874077725718,-8.867250435115349e-17,0.002646717242896557,2.424966400213339e-18
1.6360000000000001,0.3,0.29549258947372437,0.012942874077725718,-8.825534062463074e-17,0.00264647020958364,2.2661150402390828e-18
1.637,0.3,0.29535821080207825,0.012942874077725718,-8.777385533367588e-17,0.0026462224777787924,1.980527237644486e-18
1.6380000000000001,0.3,0.29522430896759033,0.012942874077725718,-8.722329715285038e-17,0.00264597381465137,1.504846837976552e-18
1.639,0.3,0.2950908839702606,0.012942874077725718,-8.665954378689344e-17,0.0026457246858626604,9.341776904108057e-19
1.6400000000000001,0.3,0.2949579060077667,0.012942874077725718,-8.609656466198985e-17,0.002645474625751376,3.0022752907972775e-19
1.641,0.3,0.2948254346847534,0.012942874077725718,-8.555745466084209e-17,0.002645223867148161,-3.969902311890958e-19
1.6420000000000001,0.3,0.2946934103965759,0.012942874077725718,-8.506063013260804e-17,0.0026449724100530148,-1.1574624167290957e-18
1.643,0.3,0.29456186294555664,0.012942874077725718,-8.463381155397558e-17,0.0026447204872965813,-1.949485177204118e-18
1.6440000000000001,0.3,0.29443079233169556,0.012942874077725718,-8.432321516012927e-17,0.002644467633217573,-2.709670186108898e-18
1.645,0.3,0.2943001985549927,0.012942874077725718,-8.414248612245378e-17,0.002644214080646634,-3.4380218929576882e-18
1.6460000000000001,0.3,0.2941700518131256,0.012942874077725718,-8.4114692853872e-17,0.002643959829583764,-4.039477289804504e-18
1.647,0.3,0.29404041171073914,0.012942874077725718,-8.421183032756533e-17,0.002643704880028963,-4.529906232917793e-18
1.6480000000000001,0.3,0.29391124844551086,0.012942874077725718,-8.441063160726387e-17,0.002643449231982231,-4.877642341593215e-18
1.649,0.3,0.2937825322151184,0.012942874077725718,-8.465539765924076e-17,0.0026431928854435682,-5.1302496404653065e-18
1.6500000000000001,0.3,0.29365432262420654,0.012942874077725718,-8.490905093971892e-17,0.0026429358404129744,-5.303593291754187e-18
1.651,0.3,0.2935265898704529,0.012942874077725718,-8.517646188814507e-17,0.0026426780968904495,-5.286775858947496e-18
1.6520000000000001,0.3,0.2933993339538574,0.012942874077725718,-8.542062575263602e-17,0.0026424198877066374,-5.095678870533742e-18
1.653,0.3,0.29327255487442017,0.012942874077725718,-8.559535276778682e-17,0.0026421607472002506,-4.777869964471104e-18
1.6540000000000001,0.3,0.2931462526321411,0.012942874077725718,-8.56730151011382e-17,0.0026419011410325766,-4.380907890370434e-18
1.655,0.3,0.29302042722702026,0.012942874077725718,-8.563534860476498e-17,0.002641640603542328,-3.9048081294244176e-18
1.6560000000000001,0.3,0.29289510846138,0.012942874077725718,-8.54686816375029e-17,0.002641379600390792,-3.365429834191874e-18
1.657,0.3,0.29277023673057556,0.012942874077725718,-8.516404094406697e-17,0.002641117898747325,-2.7944727911477385e-18
1.6580000000000001,0.3,0.2926458716392517,0.012942874077725718,-8.472163166524911e-17,0.0026408557314425707,-2.2394744439235025e-18
1.659,0.3,0.29252198338508606,0.012942874077725718,-8.41879810561442e-17,0.002640592632815242,-1.637048741322205e-18
1.6600000000000001,0.3,0.2923985719680786,0.012942874077725718,-8.356322146565025e-17,0.002640328835695982,-1.0505810139167748e-18
1.661,0.3,0.29227566719055176,0.012942874077725718,-8.288450984688314e-17,0.002640064572915435,-4.166861781885645e-19
1.6620000000000001,0.3,0.2921532094478607,0.012942874077725718,-8.215657105550177e-17,0.0026397996116429567,2.329409513479277e-19
1.663,0.3,0.29203125834465027,0.012942874077725718,-8.140259923588214e-17,0.0026395341847091913,8.824561980499523e-19
1.6640000000000001,0.3,0.2919098138809204,0.012942874077725718,-8.063646455253552e-17,0.0026392678264528513,1.5160167216878907e-18
1.665,0.3,0.29178881645202637,0.012942874077725718,-7.986746451554703e-17,0.002639001002535224,2.1336262945746284e-18
1.666,0.3,0.2916683256626129,0.012942874077725718,-7.908170249062575e-17,0.0026387334801256657,2.6719081614538457e-18
1.667,0.3,0.29154834151268005,0.012942874077725718,-7.829768747115819e-17,0.0026384652592241764,3.1784099390331246e-18
1.668,0.3,0.291428804397583,0.012942874077725718,-7.747849411459998e-17,0.0026381965726614,3.5739107245995845e-18
1.669,0.3,0.29130977392196655,0.012942874077725718,-7.66287413974916e-17,0.0026379271876066923,3.874274736365222e-18
1.67,0.3,0.2911912500858307,0.012942874077725718,-7.575774006480797e-17,0.0026376573368906975,4.079520093641339e-18
1.671,0.3,0.29107317328453064,0.012942874077725718,-7.488398587504575e-17,0.0026373867876827717,4.18966568817126e-18
1.672,0.3,0.29095563292503357,0.012942874077725718,-7.402132252293665e-17,0.002637115539982915,4.188884221244621e-18
1.673,0.3,0.2908385396003723,0.012942874077725718,-7.318815974019364e-17,0.002636843593791127,4.124729035656122e-18
1.674,0.3,0.29072195291519165,0.012942874077725718,-7.237060089252583e-17,0.002636571181938052,3.981365306761352e-18
1.675,0.3,0.2906058728694916,0.012942874077725718,-7.15777979062305e-17,0.00263629830442369,3.77465135778222e-18
1.676,0.3,0.2904902696609497,0.012942874077725718,-7.080508548265287e-17,0.0026360247284173965,3.50459744756635e-18
1.677,0.3,0.29037514328956604,0.012942874077725718,-7.006160893064531e-17,0.0026357504539191723,3.202903488100123e-18
1.678,0.3,0.29026052355766296,0.012942874077725718,-6.935186149529521e-17,0.0026354757137596607,2.917109136987618e-18
1.679,0.3,0.2901463806629181,0.012942874077725718,-6.868040259613896e-17,0.002635200275108218,2.663056452050891e-18
1.68,0.3,0.2900327444076538,0.012942874077725718,-6.804251399496257e-17,0.0026349243707954884,2.4407393937390783e-18
1.681,0.3,0.2899196147918701,0.012942874077725718,-6.744270878918812e-17,0.0026346477679908276,2.281841237742832e-18
1.682,0.3,0.28980693221092224,0.012942874077725718,-6.685331282424203e-17,0.0026343706995248795,2.1388151402513755e-18
1.683,0.3,0.28969478607177734,0.012942874077725718,-6.62880572982927e-17,0.002634093165397644,2.0591923829425434e-18
1.684,0.3,0.28958311676979065,0.012942874077725718,-6.571470863723014e-17,0.0026338149327784777,1.97958106637843e-18
1.685,0.3,0.28947192430496216,0.012942874077725718,-6.513786596526016e-17,0.0026335360016673803,1.915826213416802e-18
1.686,0.3,0.28936123847961426,0.012942874077725718,-6.455295001051167e-17,0.0026332566048949957,1.85208011275058e-18
1.687,0.3,0.28925105929374695,0.012942874077725718,-6.396456651463535e-17,0.0026329767424613237,1.804187811819809e-18
1.688,0.3,0.28914135694503784,0.012942874077725718,-6.33773013669472e-17,0.002632696181535721,1.787992518624613e-18
1.689,0.3,0.2890321612358093,0.012942874077725718,-6.280041237286292e-17,0.0026324151549488306,1.803490138253934e-18
1.69,0.3,0.288923442363739,0.012942874077725718,-6.223847880425359e-17,0.002632133662700653,1.8506770157593984e-18
1.691,0.3,0.2888152301311493,0.012942874077725718,-6.170077170142472e-17,0.0026318514719605446,1.9137052488757267e-18
1.692,0.3,0.2887074947357178,0.012942874077725718,-6.121026021562568e-17,0.002631568815559149,2.0242643775847932e-18
1.693,0.3,0.28860026597976685,0.012942874077725718,-6.076235184009556e-17,0.002631285460665822,2.13481216667772e-18
1.694,0.3,0.2884935140609741,0.012942874077725718,-6.035698701783028e-17,0.0026310018729418516,2.245348679529499e-18
1.695,0.3,0.288387268781662,0.012942874077725718,-5.999406648715631e-17,0.0026307175867259502,2.355873962992841e-18
1.696,0.3,0.28828153014183044,0.012942874077725718,-5.967809011060595e-17,0.0026304328348487616,2.4822331357572516e-18
1.697,0.3,0.2881762683391571,0.012942874077725718,-5.940438597207951e-17,0.002630147384479642,2.6085785539665263e-18
1.698,0.3,0.28807151317596436,0.012942874077725718,-5.917288127968307e-17,0.002629861468449235,2.7349102645931198e-18
1.699,0.3,0.2879672646522522,0.012942874077725718,-5.897892396965163e-17,0.0026295750867575407,2.8453824287654824e-18
1.7,0.3,0.28786349296569824,0.012942874077725718,-5.88177759514365e-17,0.002629288239404559,2.9558419627117075e-18
1.701,0.3,0.2877601981163025,0.012942874077725718,-5.867566632219989e-17,0.0026290009263902903,3.018752455510553e-18
1.702,0.3,0.2876574397087097,0.012942874077725718,-5.85432711020771e-17,0.0026287129148840904,3.0499652490696082e-18
1.703,0.3,0.28755515813827515,0.012942874077725718,-5.842050426428444e-17,0.0026284244377166033,3.0653298726167338e-18
1.704,0.3,0.2874533534049988,0.012942874077725718,-5.829814770807559e-17,0.002628135494887829,3.0490022238286814e-18
1.705,0.3,0.287352055311203,0.012942874077725718,-5.817602937988316e-17,0.002627846086397767,3.048521524604179e-18
1.706,0.3,0.2872512638568878,0.012942874077725718,-5.804501058829966e-17,0.002627556212246418,3.0321937141903956e-18
1.707,0.3,0.28715094923973083,0.012942874077725718,-5.788218173907983e-17,0.0026272658724337816,2.9683287260385245e-18
1.708,0.3,0.28705114126205444,0.012942874077725718,-5.767828502680795e-17,0.0026269748341292143,2.8727778226375617e-18
1.709,0.3,0.28695181012153625,0.012942874077725718,-5.742875441450276e-17,0.0026266835629940033,2.7455445407747815e-18
1.71,0.3,0.28685298562049866,0.012942874077725718,-5.712439165375265e-17,0.0026263915933668613,2.602477901288127e-18
1.711,0.3,0.28675466775894165,0.012942874077725718,-5.676981572109812e-17,0.0026260993909090757,2.4594264347688918e-18
1.712,0.3,0.28665682673454285,0.012942874077725718,-5.638348267036645e-17,0.002625806489959359,2.3480828454742467e-18
1.713,0.3,0.28655946254730225,0.012942874077725718,-5.598390149494413e-17,0.0026255131233483553,2.268445272598865e-18
1.714,0.3,0.2864626348018646,0.012942874077725718,-5.558051528870407e-17,0.0026252195239067078,2.188822156738772e-18
1.715,0.3,0.2863662838935852,0.012942874077725718,-5.519189591075931e-17,0.0026249252259731293,2.093372357953957e-18
1.716,0.3,0.286270409822464,0.012942874077725718,-5.484554546211601e-17,0.0026246304623782635,2.0137913161666896e-18
1.717,0.3,0.28617504239082336,0.012942874077725718,-5.45506191777939e-17,0.0026243352331221104,1.9500777319032884e-18
1.718,0.3,0.28608018159866333,0.012942874077725718,-5.430711705779299e-17,0.00262403953820467,1.8863848007124695e-18
1.719,0.3,0.2859857976436615,0.012942874077725718,-5.4124075223124806e-17,0.002623743610456586,1.838560729211554e-18
1.72,0.3,0.28589189052581787,0.012942874077725718,-5.403362467750336e-17,0.002623446984216571,1.8224524208126973e-18
1.721,0.3,0.28579849004745483,0.012942874077725718,-5.40404803504202e-17,0.002623150125145912,1.790521171436369e-18
1.722,0.3,0.2857055962085724,0.012942874077725718,-5.414444040980586e-17,0.0026228525675833225,1.7427674934984813e-18
1.723,0.3,0.28561317920684814,0.012942874077725718,-5.4326754325535e-17,0.0026225547771900892,1.695035637497055e-18
1.724,0.3,0.2855212688446045,0.012942874077725718,-5.45779194467306e-17,0.0026222565211355686,1.6631685361411658e-18
1.725,0.3,0.28542983531951904,0.012942874077725718,-5.4884052373991576e-17,0.0026219577994197607,1.6313153710800775e-18
1.726,0.3,0.2853389084339142,0.012942874077725718,-5.523099508395347e-17,0.0026216586120426655,1.6311610206437632e-18
1.727,0.3,0.28524845838546753,0.012942874077725718,-5.558182554279436e-17,0.002621358959004283,1.6468506325599529e-18
1.728,0.3,0.28515851497650146,0.012942874077725718,-5.591364408243633e-17,0.002621058840304613,1.6466886853020262e-18
1.729,0.3,0.2850690484046936,0.012942874077725718,-5.62126202430375e-17,0.0026207584887742996,1.6306746522730947e-18
1.73,0.3,0.28498008847236633,0.012942874077725718,-5.646036414521958e-17,0.002620457438752055,1.5988071099485735e-18
1.731,0.3,0.28489160537719727,0.012942874077725718,-5.663837341304099e-17,0.002620156155899167,1.5669314990225225e-18
1.732,0.3,0.2848036289215088,0.012942874077725718,-5.674680024773444e-17,0.0026198544073849916,1.5350477756298664e-18
1.733,0.3,0.2847161293029785,0.012942874077725718,-5.678577699819794e-17,0.0026195524260401726,1.5031558863605629e-18
1.734,0.3,0.28462910652160645,0.012942874077725718,-5.675542939588459e-17,0.002619249979034066,1.4712557867446293e-18
1.735,0.3,0.28454259037971497,0.012942874077725718,-5.665138992716012e-17,0.002618946833536029,1.423502321588166e-18
1.736,0.3,0.2844565510749817,0.012942874077725718,-5.647832389067933e-17,0.0026186436880379915,1.3757436487471195e-18
1.737,0.3,0.284371018409729,0.012942874077725718,-5.62454758569681e-17,0.0026183398440480232,1.3438257419702265e-18
1.738,0.3,0.2842859625816345,0.012942874077725718,-5.595309067148776e-17,0.0026180357672274113,1.3119021809187321e-18
1.739,0.3,0.28420138359069824,0.012942874077725718,-5.56105121664377e-17,0.002617731224745512,1.2799756687622843e-18
1.74,0.3,0.28411731123924255,0.012942874077725718,-5.5218316059524254e-17,0.002617426449432969,1.1846689230880829e-18
1.741,0.3,0.28403371572494507,0.012942874077725718,-5.4794941860962463e-17,0.002617120975628495,1.0418403706295774e-18
1.742,0.3,0.2839505970478058,0.012942874077725718,-5.436777917519518e-17,0.0026168155018240213,8.990369462030249e-19
1.743,0.3,0.2838679850101471,0.012942874077725718,-5.396443929106942e-17,0.0026165093295276165,7.721083625243916e-19
1.744,0.3,0.2837858498096466,0.012942874077725718,-5.3594481107743856e-17,0.002616202924400568,6.1352032642363365e-19
1.745,0.3,0.2837042212486267,0.012942874077725718,-5.3289651817128264e-17,0.002615896053612232,4.866623129275917e-19
1.746,0.3,0.2836230397224426,0.012942874077725718,-5.3063960550076846e-17,0.0026155889499932528,3.598425215158883e-19
1.747,0.3,0.28354236483573914,0.012942874077725718,-5.2940068746651104e-17,0.002615281380712986,2.647544723312657e-19
1.748,0.3,0.28346216678619385,0.012942874077725718,-5.2927290460548385e-17,0.0026149735786020756,1.6970545713904564e-19
1.749,0.3,0.28338244557380676,0.012942874077725718,-5.304362183317539e-17,0.002614665310829878,1.0638810038915726e-19
1.75,0.3,0.28330323100090027,0.012942874077725718,-5.3307154958889886e-17,0.002614356577396393,9.064370046148389e-20
1.7510000000000001,0.3,0.283224493265152,0.012942874077725718,-5.372210515009344e-17,0.002614047611132264,1.3830810697028734e-19
1.752,0.3,0.2831462323665619,0.012942874077725718,-5.427433092703384e-17,0.002613738412037492,2.4936755175274603e-19
1.7530000000000001,0.3,0.28306844830513,0.012942874077725718,-5.4954071558482965e-17,0.0026134285144507885,4.554966597843401e-19
1.754,0.3,0.2829911410808563,0.012942874077725718,-5.572877914169808e-17,0.002613118616864085,7.566721633229057e-19
1.7550000000000001,0.3,0.28291431069374084,0.012942874077725718,-5.656570725058943e-17,0.0026128082536160946,1.184560106912234e-18
1.756,0.3,0.28283798694610596,0.012942874077725718,-5.740523601532665e-17,0.0026124976575374603,1.675750879694834e-18
1.7570000000000001,0.3,0.2827621400356293,0.012942874077725718,-5.821046656314497e-17,0.0026121865957975388,2.230227793020864e-18
1.758,0.3,0.2826867401599884,0.012942874077725718,-5.894045014500057e-17,0.00261187506839633,2.7845931614140273e-18
1.7590000000000001,0.3,0.2826118469238281,0.012942874077725718,-5.956273481110176e-17,0.002611563540995121,3.370531178018142e-18
1.76,0.3,0.28253743052482605,0.012942874077725718,-6.004562961782042e-17,0.002611251315101981,3.940499197621637e-18
1.7610000000000001,0.3,0.2824634909629822,0.012942874077725718,-6.03760055544741e-17,0.0026109390892088413,4.446964402765741e-18
1.762,0.3,0.2823899984359741,0.012942874077725718,-6.056306748691929e-17,0.002610626397654414,4.9216290293573405e-18
1.7630000000000001,0.3,0.28231701254844666,0.012942874077725718,-6.059858993114477e-17,0.0026103134732693434,5.2852754274367755e-18
1.764,0.3,0.2822445034980774,0.012942874077725718,-6.051009484049139e-17,0.0026100000832229853,5.585460800703354e-18
1.7650000000000001,0.3,0.28217247128486633,0.012942874077725718,-6.030289602321421e-17,0.0026096864603459835,5.774662610079827e-18
1.766,0.3,0.2821008861064911,0.012942874077725718,-5.99907379123714e-17,0.002609372604638338,5.884593408224973e-18
1.7670000000000001,0.3,0.28202980756759644,0.012942874077725718,-5.95882582960827e-17,0.0026090582832694054,5.851890967754836e-18
1.768,0.3,0.2819591760635376,0.012942874077725718,-5.913195900041884e-17,0.002608743729069829,5.739962993312296e-18
1.7690000000000001,0.3,0.28188905119895935,0.012942874077725718,-5.864021005242342e-17,0.002608428942039609,5.564671611998696e-18
1.77,0.3,0.2818193733692169,0.012942874077725718,-5.813170573394012e-17,0.0026081139221787453,5.310186510919249e-18
1.7710000000000001,0.3,0.2817501723766327,0.012942874077725718,-5.764280228725188e-17,0.0026077984366565943,5.039904355411273e-18
1.772,0.3,0.28168144822120667,0.012942874077725718,-5.718267149099068e-17,0.0026074827183037996,4.753832056343649e-18
1.7730000000000001,0.3,0.28161317110061646,0.012942874077725718,-5.67835998588257e-17,0.0026071667671203613,4.451978900841669e-18
1.774,0.3,0.28154540061950684,0.012942874077725718,-5.646884770958192e-17,0.0026068503502756357,4.102662908575624e-18
1.7750000000000001,0.3,0.28147807717323303,0.012942874077725718,-5.627027142300999e-17,0.0026065337006002665,3.737585671418175e-18
1.776,0.3,0.28141123056411743,0.012942874077725718,-5.620576457012066e-17,0.002606217050924897,3.388443498658134e-18
1.7770000000000001,0.3,0.28134483098983765,0.012942874077725718,-5.629819042304488e-17,0.0026058999355882406,3.0552375625684822e-18
1.778,0.3,0.28127890825271606,0.012942874077725718,-5.657444889530289e-17,0.0026055823545902967,2.7855007553652695e-18
1.7790000000000001,0.3,0.2812134623527527,0.012942874077725718,-5.702479910800126e-17,0.002605264773592353,2.5950638838113628e-18
1.78,0.3,0.2811484932899475,0.012942874077725718,-5.763028208150028e-17,0.0026049469597637653,2.4997527203670883e-18
1.7810000000000001,0.3,0.28108397126197815,0.012942874077725718,-5.834923438270687e-17,0.0026046286802738905,2.4836981371808714e-18
1.782,0.3,0.2810198962688446,0.012942874077725718,-5.912206592029271e-17,0.002604310167953372,2.483498639869495e-18
1.7830000000000001,0.3,0.28095632791519165,0.012942874077725718,-5.992969860060988e-17,0.00260399142280221,2.54667998707438e-18
1.784,0.3,0.2808931767940521,0.012942874077725718,-6.073068736624703e-17,0.0026036726776510477,2.6573792171217746e-18
1.7850000000000001,0.3,0.2808305323123932,0.012942874077725718,-6.149719262650807e-17,0.0026033534668385983,2.83142553258418e-18
1.786,0.3,0.2807683050632477,0.012942874077725718,-6.21653030985447e-17,0.0026030337903648615,3.0054209072769618e-18
1.7870000000000001,0.3,0.28070658445358276,0.012942874077725718,-6.272118832251504e-17,0.0026027141138911247,3.1952067449909874e-18
1.788,0.3,0.2806452810764313,0.012942874077725718,-6.313326323390935e-17,0.0026023942045867443,3.353242423095881e-18
1.7890000000000001,0.3,0.280584454536438,0.012942874077725718,-6.340608725226404e-17,0.0026020740624517202,3.511223137911592e-18
1.79,0.3,0.2805240750312805,0.012942874077725718,-6.352658430645587e-17,0.0026017536874860525,3.621613795073194e-18
1.7910000000000001,0.3,0.28046417236328125,0.012942874077725718,-6.350410484612913e-17,0.002601433079689741,3.7002675021021255e-18
1.792,0.3,0.2804047167301178,0.012942874077725718,-6.332542721637277e-17,0.0026011120062321424,3.715499641861389e-18
1.793,0.3,0.28034573793411255,0.012942874077725718,-6.30045142259267e-17,0.0026007909327745438,3.6831674019965945e-18
1.794,0.3,0.2802871763706207,0.012942874077725718,-6.253290878020817e-17,0.0026004696264863014,3.555744104264339e-18
1.795,0.3,0.2802290916442871,0.012942874077725718,-6.191995471141657e-17,0.0026001480873674154,3.3490912446978642e-18
1.796,0.3,0.2801714539527893,0.012942874077725718,-6.11747840935145e-17,0.0025998263154178858,3.0949148234702027e-18
1.797,0.3,0.2801142632961273,0.012942874077725718,-6.032959741338742e-17,0.0025995043106377125,2.824916015418616e-18
1.798,0.3,0.28005754947662354,0.012942874077725718,-5.937589787178318e-17,0.0025991820730268955,2.4915647318057823e-18
1.799,0.3,0.2800012528896332,0.012942874077725718,-5.8332545186668e-17,0.002598859602585435,2.0790311545585417e-18
1.8,0.3,0.279945433139801,0.012942874077725718,-5.722720689517054e-17,0.0025985371321439743,1.6031774654241646e-18
1.801,0.3,0.2798900604248047,0.012942874077725718,-5.608270656475237e-17,0.0025982141960412264,1.0957094462369802e-18
1.802,0.3,0.27983513474464417,0.012942874077725718,-5.494032050797988e-17,0.0025978912599384785,5.88329464258744e-19
1.803,0.3,0.27978065609931946,0.012942874077725718,-5.3832368325746756e-17,0.0025975678581744432,8.104323917444194e-20
1.804,0.3,0.2797265946865082,0.012942874077725718,-5.278187872630646e-17,0.002597244456410408,-4.261463786857734e-19
1.805,0.3,0.2796730101108551,0.012942874077725718,-5.1806649327718694e-17,0.002596920821815729,-8.857019107108714e-19
1.806,0.3,0.27961987257003784,0.012942874077725718,-5.0924828472622864e-17,0.0025965971872210503,-1.2817827076652215e-18
1.807,0.3,0.2795671820640564,0.012942874077725718,-5.0141445419143294e-17,0.002596273086965084,-1.6619321175263758e-18
1.808,0.3,0.2795149087905884,0.012942874077725718,-4.946112245254293e-17,0.002595948986709118,-2.0419970578261886e-18
1.809,0.3,0.27946311235427856,0.012942874077725718,-4.888364781458496e-17,0.002595624653622508,-2.421978521967091e-18
1.81,0.3,0.2794117331504822,0.012942874077725718,-4.841286293203408e-17,0.0025953000877052546,-2.7543432565339732e-18
1.811,0.3,0.2793608009815216,0.012942874077725718,-4.803472558681159e-17,0.0025949752889573574,-3.0391020828120525e-18
1.812,0.3,0.27931028604507446,0.012942874077725718,-4.7730783033812655e-17,0.0025946504902094603,-3.2921110214474274e-18
1.813,0.3,0.2792602479457855,0.012942874077725718,-4.747819847068591e-17,0.0025943254586309195,-3.545067719343924e-18
1.814,0.3,0.27921062707901,0.012942874077725718,-4.728551832752026e-17,0.002594000194221735,-3.750438909790523e-18
1.815,0.3,0.2791614532470703,0.012942874077725718,-4.713860112456349e-17,0.0025936749298125505,-3.892391125136956e-18
1.816,0.3,0.27911269664764404,0.012942874077725718,-4.701888823759237e-17,0.0025933494325727224,-3.970938753163384e-18
1.817,0.3,0.2790643870830536,0.012942874077725718,-4.690346676363917e-17,0.0025930237025022507,-4.001941877297069e-18
1.818,0.3,0.27901652455329895,0.012942874077725718,-4.676482798425283e-17,0.0025926977396011353,-4.001257456077411e-18
1.819,0.3,0.27896907925605774,0.012942874077725718,-4.6593591671287003e-17,0.00259237177670002,-3.9530493432743425e-18
1.82,0.3,0.27892208099365234,0.012942874077725718,-4.636232851562943e-17,0.0025920455809682608,-3.873174488913213e-18
1.821,0.3,0.2788754999637604,0.012942874077725718,-4.604846972144721e-17,0.0025917193852365017,-3.793330038440345e-18
1.822,0.3,0.2788293659687042,0.012942874077725718,-4.563451545570117e-17,0.002591392956674099,-3.776895476936048e-18
1.823,0.3,0.2787836492061615,0.012942874077725718,-4.5147742826270865e-17,0.0025910662952810526,-3.77632260400204e-18
1.824,0.3,0.2787383496761322,0.012942874077725718,-4.459732361178828e-17,0.002590739633888006,-3.775762582669083e-18
1.825,0.3,0.2786934971809387,0.012942874077725718,-4.3970343868530236e-17,0.002590412739664316,-3.838593504537822e-18
1.826,0.3,0.27864906191825867,0.012942874077725718,-4.329885519087194e-17,0.002590085845440626,-3.9331081300025726e-18
1.827,0.3,0.27860504388809204,0.012942874077725718,-4.261545842111533e-17,0.0025897587183862925,-4.0751402573321886e-18
1.828,0.3,0.27856147289276123,0.012942874077725718,-4.1956499875375985e-17,0.0025894315913319588,-4.217141039442239e-18
1.829,0.3,0.27851831912994385,0.012942874077725718,-4.134523656375645e-17,0.0025891042314469814,-4.374950978525586e-18
1.83,0.3,0.2784755825996399,0.012942874077725718,-4.08000318958554e-17,0.0025887766387313604,-4.5485641484422396e-18
1.831,0.3,0.27843326330184937,0.012942874077725718,-4.0325786089621596e-17,0.0025884490460157394,-4.76966842855169e-18
1.832,0.3,0.27839136123657227,0.012942874077725718,-3.992172490400169e-17,0.0025881214533001184,-4.990722071776841e-18
1.833,0.3,0.2783498764038086,0.012942874077725718,-3.95786633254739e-17,0.002587793627753854,-5.227572241223884e-18
1.834,0.3,0.27830883860588074,0.012942874077725718,-3.929145629062814e-17,0.0025874655693769455,-5.448529121191002e-18
1.835,0.3,0.2782681882381439,0.012942874077725718,-3.903270096013175e-17,0.002587137743830681,-5.685289641114018e-18
1.836,0.3,0.27822795510292053,0.012942874077725718,-3.8792676307426014e-17,0.002586809452623129,-5.906164442032031e-18
1.837,0.3,0.27818813920021057,0.012942874077725718,-3.8557283866150573e-17,0.0025864813942462206,-6.0953132725676376e-18
1.838,0.3,0.2781487703323364,0.012942874077725718,-3.831750405890615e-17,0.002586152870208025,-6.268589967876172e-18
1.839,0.3,0.2781097888946533,0.012942874077725718,-3.8028007388124843e-17,0.002585824579000473,-6.489382886311524e-18
1.84,0.3,0.27807122468948364,0.012942874077725718,-3.7683625629339416e-17,0.0025854960549622774,-6.7101501976895456e-18
1.841,0.3,0.278033047914505,0.012942874077725718,-3.7280064060809495e-17,0.002585167530924082,-6.946737144219638e-18
1.842,0.3,0.2779953181743622,0.012942874077725718,-3.6830636981674734e-17,0.0025848387740552425,-7.151604357898918e-18
1.843,0.3,0.2779579758644104,0.012942874077725718,-3.634028762327575e-17,0.0025845100171864033,-7.340600944182025e-18
1.844,0.3,0.27792105078697205,0.012942874077725718,-3.580491316977428e-17,0.0025841810274869204,-7.545419606249224e-18
1.845,0.3,0.27788451313972473,0.012942874077725718,-3.5224589721786676e-17,0.002583852270618081,-7.76605581273699e-18
1.846,0.3,0.27784842252731323,0.012942874077725718,-3.4626690340143547e-17,0.002583523280918598,-7.970812656347218e-18
1.847,0.3,0.2778126895427704,0.012942874077725718,-3.403412792781261e-17,0.0025831940583884716,-8.14384514250342e-18
1.848,0.3,0.27777740359306335,0.012942874077725718,-3.3442723568339247e-17,0.002582864835858345,-8.316848671267316e-18
1.849,0.3,0.277742475271225,0.012942874077725718,-3.2852457409388757e-17,0.002582535846158862,-8.489823211306962e-18
1.85,0.3,0.2777079939842224,0.012942874077725718,-3.228095501545342e-17,0.002582206390798092,-8.599385846736324e-18
1.851,0.3,0.2776738703250885,0.012942874077725718,-3.1742258604611936e-17,0.0025818771682679653,-8.661388209901187e-18
1.852,0.3,0.2776401937007904,0.012942874077725718,-3.1259426663619833e-17,0.002581547712907195,-8.67583455969427e-18
1.853,0.3,0.27760687470436096,0.012942874077725718,-3.0846223477869994e-17,0.002581218257546425,-8.642729568437071e-18
1.854,0.3,0.27757397294044495,0.012942874077725718,-3.0516601929934963e-17,0.0025808888021856546,-8.57792325275599e-18
1.855,0.3,0.27754145860671997,0.012942874077725718,-3.0275475472653306e-17,0.0025805591139942408,-8.513110098110492e-18
1.856,0.3,0.27750933170318604,0.012942874077725718,-3.011826483415393e-17,0.0025802296586334705,-8.464135430007273e-18
1.857,0.3,0.2774776220321655,0.012942874077725718,-3.0062390438137195e-17,0.0025798999704420567,-8.367616894585415e-18
1.858,0.3,0.27744629979133606,0.012942874077725718,-3.008941608311053e-17,0.0025795702822506428,-8.239410046651768e-18
1.859,0.3,0.27741536498069763,0.012942874077725718,-3.017677297324103e-17,0.002579240594059229,-8.127057906564916e-18
1.86,0.3,0.27738481760025024,0.012942874077725718,-3.032827937423624e-17,0.0025789106730371714,-7.983024753301939e-18
1.861,0.3,0.2773546576499939,0.012942874077725718,-3.051655560782066e-17,0.0025785809848457575,-7.839009226429077e-18
1.862,0.3,0.2773248851299286,0.012942874077725718,-3.073669483860062e-17,0.0025782510638237,-7.67916696441525e-18
1.863,0.3,0.2772955000400543,0.012942874077725718,-3.097544894188548e-17,0.0025779211428016424,-7.551037873465414e-18
1.864,0.3,0.2772665023803711,0.012942874077725718,-3.12277092502121e-17,0.0025775914546102285,-7.42292791922235e-18
1.865,0.3,0.2772378921508789,0.012942874077725718,-3.148882700853794e-17,0.002577261533588171,-7.294838020119061e-18
1.866,0.3,0.27720966935157776,0.012942874077725718,-3.175855737140168e-17,0.0025769316125661135,-7.150923337696449e-18
1.867,0.3,0.27718183398246765,0.012942874077725718,-3.203249312049964e-17,0.0025766014587134123,-7.007031814578578e-18
1.868,0.3,0.2771543562412262,0.012942874077725718,-3.2315021621800804e-17,0.0025762715376913548,-6.847318152407073e-18
1.869,0.3,0.2771272659301758,0.012942874077725718,-3.2601748891891285e-17,0.0025759416166692972,-6.687630282485363e-18
1.87,0.3,0.2771005630493164,0.012942874077725718,-3.2892648460991483e-17,0.0025756116956472397,-6.527968207769025e-18
1.871,0.3,0.27707424759864807,0.012942874077725718,-3.3174561539916906e-17,0.0025752815417945385,-6.415869206704566e-18
1.872,0.3,0.2770482897758484,0.012942874077725718,-3.3438005330125244e-17,0.002574951620772481,-6.335482763777545e-18
1.873,0.3,0.27702271938323975,0.012942874077725718,-3.366915929794196e-17,0.0025746216997504234,-6.2868062862171495e-18
1.874,0.3,0.27699753642082214,0.012942874077725718,-3.3854202909692525e-17,0.0025742915458977222,-6.269837184005425e-18
1.875,0.3,0.2769727110862732,0.012942874077725718,-3.397497789657017e-17,0.0025739616248756647,-6.300418163166127e-18
1.8760000000000001,0.3,0.2769482433795929,0.012942874077725718,-3.402651124873222e-17,0.0025736314710229635,-6.346852881655861e-18
1.877,0.3,0.27692416310310364,0.012942874077725718,-3.399970067071815e-17,0.002573301550000906,-6.409139553327236e-18
1.8780000000000001,0.3,0.27690044045448303,0.012942874077725718,-3.388590708821046e-17,0.0025729716289788485,-6.5189647782361926e-18
1.879,0.3,0.27687710523605347,0.012942874077725718,-3.3703540232922117e-17,0.002572641707956791,-6.660472589162369e-18
1.8800000000000001,0.3,0.27685412764549255,0.012942874077725718,-3.347972170277752e-17,0.0025723117869347334,-6.7861203728980835e-18
1.881,0.3,0.2768315076828003,0.012942874077725718,-3.3197004604296695e-17,0.002571981633082032,-6.959291578615471e-18
1.8820000000000001,0.3,0.2768092751502991,0.012942874077725718,-3.286886536401936e-17,0.0025716519448906183,-7.148287171892576e-18
1.883,0.3,0.2767874002456665,0.012942874077725718,-3.249539993489657e-17,0.002571322023868561,-7.353103589196449e-18
1.8840000000000001,0.3,0.2767658829689026,0.012942874077725718,-3.210784927430322e-17,0.0025709921028465033,-7.494509330232764e-18
1.885,0.3,0.2767447233200073,0.012942874077725718,-3.172012656014247e-17,0.0025706621818244457,-7.572512291084207e-18
1.8860000000000001,0.3,0.2767239212989807,0.012942874077725718,-3.1332953093908447e-17,0.002570332493633032,-7.634657688157043e-18
1.887,0.3,0.27670347690582275,0.012942874077725718,-3.0950732785182394e-17,0.0025700025726109743,-7.66510195056645e-18
1.8880000000000001,0.3,0.27668339014053345,0.012942874077725718,-3.05826903521555e-17,0.0025696728844195604,-7.663848156855804e-18
1.889,0.3,0.2766636610031128,0.012942874077725718,-3.023391460995619e-17,0.0025693431962281466,-7.66259093870578e-18
1.8900000000000001,0.3,0.2766442894935608,0.012942874077725718,-2.9913130659685677e-17,0.0025690135080367327,-7.629638322322742e-18
1.891,0.3,0.27662527561187744,0.012942874077725718,-2.963414580012869e-17,0.0025686840526759624,-7.564993850192475e-18
1.8920000000000001,0.3,0.27660661935806274,0.012942874077725718,-2.939275133632857e-17,0.0025683543644845486,-7.500353059635726e-18
1.893,0.3,0.2765883207321167,0.012942874077725718,-2.920640739665507e-17,0.0025680249091237783,-7.372333750715721e-18
1.8940000000000001,0.3,0.2765703499317169,0.012942874077725718,-2.907987854143651e-17,0.002567695453763008,-7.196791419025032e-18
1.895,0.3,0.2765527367591858,0.012942874077725718,-2.901284382459521e-17,0.002567365998402238,-6.957889552679648e-18
1.8960000000000001,0.3,0.2765354812145233,0.012942874077725718,-2.900496575644126e-17,0.0025670365430414677,-6.6397938332363074e-18
1.897,0.3,0.2765185534954071,0.012942874077725718,-2.905178087038931e-17,0.002566707320511341,-6.258363699592091e-18
1.8980000000000001,0.3,0.27650198340415955,0.012942874077725718,-2.913960429038529e-17,0.0025663780979812145,-5.8294550766786074e-18
1.899,0.3,0.27648577094078064,0.012942874077725718,-2.9281981926140366e-17,0.002566048875451088,-5.3372305572283474e-18
1.9000000000000001,0.3,0.276469886302948,0.012942874077725718,-2.9473993707371075e-17,0.002565719885751605,-4.76585537504771e-18
1.901,0.3,0.2764543294906616,0.012942874077725718,-2.971165593224736e-17,0.0025653906632214785,-4.162879222741142e-18
1.9020000000000001,0.3,0.2764391303062439,0.012942874077725718,-2.997228730837302e-17,0.0025650616735219955,-3.559999806067148e-18
1.903,0.3,0.27642425894737244,0.012942874077725718,-3.025998072541896e-17,0.0025647329166531563,-2.925529000130786e-18
1.9040000000000001,0.3,0.27640974521636963,0.012942874077725718,-3.0538459350441065e-17,0.0025644039269536734,-2.3070124143732153e-18
1.905,0.3,0.2763955593109131,0.012942874077725718,-3.079779039864379e-17,0.002564075170084834,-1.6569147382480213e-18
1.9060000000000001,0.3,0.2763817012310028,0.012942874077725718,-3.100665019459098e-17,0.0025637466460466385,-1.0386251895352823e-18
1.907,0.3,0.2763682007789612,0.012942874077725718,-3.116002933249301e-17,0.002563418122008443,-4.204481402494896e-19
1.9080000000000001,0.3,0.27635499835014343,0.012942874077725718,-3.123661302232562e-17,0.0025630895979702473,8.670023169552652e-20
1.909,0.3,0.27634215354919434,0.012942874077725718,-3.124112611974771e-17,0.0025627610739320517,4.828393143216701e-19
1.9100000000000001,0.3,0.2763296365737915,0.012942874077725718,-3.117827693680593e-17,0.0025624327827244997,7.679889140776555e-19
1.911,0.3,0.27631744742393494,0.012942874077725718,-3.106614433296824e-17,0.0025621044915169477,9.7385997174994e-19
1.9120000000000001,0.3,0.27630558609962463,0.012942874077725718,-3.092278400664545e-17,0.0025617764331400394,1.1321589760583824e-18
1.913,0.3,0.2762940227985382,0.012942874077725718,-3.077107908230323e-17,0.002561448374763131,1.2587421715631385e-18
1.9140000000000001,0.3,0.27628281712532043,0.012942874077725718,-3.0607386656523883e-17,0.002561120316386223,1.2902346247372247e-18
1.915,0.3,0.2762719392776489,0.012942874077725718,-3.044919001873434e-17,0.002560792490839958,1.2900328193159727e-18
1.9160000000000001,0.3,0.2762613594532013,0.012942874077725718,-3.028722143735156e-17,0.0025604646652936935,1.2581411969283872e-18
1.917,0.3,0.2762511372566223,0.012942874077725718,-3.011272934149472e-17,0.0025601370725780725,1.1628730405571224e-18
1.9180000000000001,0.3,0.2762412130832672,0.012942874077725718,-2.98987145559701e-17,0.002559809712693095,9.567015583719673e-19
1.919,0.3,0.276231586933136,0.012942874077725718,-2.9662713309763823e-17,0.002559482119977474,7.030275667146175e-19
1.92,0.3,0.2762223184108734,0.012942874077725718,-2.943149647622055e-17,0.0025591549929231405,4.652413129301186e-19
1.921,0.3,0.2762133479118347,0.012942874077725718,-2.9200676689371304e-17,0.002558827633038163,2.2749477952164036e-19
1.922,0.3,0.2762047052383423,0.012942874077725718,-2.897025725793853e-17,0.0025585005059838295,-1.0212043457503362e-20
1.923,0.3,0.27619636058807373,0.012942874077725718,-2.8735860742120606e-17,0.0025581736117601395,-2.637245396894128e-19
1.924,0.3,0.27618831396102905,0.012942874077725718,-2.8506238712798336e-17,0.0025578467175364494,-5.013480858631132e-19
1.925,0.3,0.276180624961853,0.012942874077725718,-2.83083738015532e-17,0.002557520056143403,-6.75547555684438e-19
1.926,0.3,0.2761732041835785,0.012942874077725718,-2.8142477766622016e-17,0.0025571933947503567,-8.021797280174331e-19
1.927,0.3,0.2761661112308502,0.012942874077725718,-2.800340223587225e-17,0.002556866966187954,-8.495634056407532e-19
1.928,0.3,0.2761593163013458,0.012942874077725718,-2.7869018473556886e-17,0.002556540770456195,-8.810949680870113e-19
1.929,0.3,0.2761528491973877,0.012942874077725718,-2.7729837063688714e-17,0.002556214574724436,-8.809324756198888e-19
1.93,0.3,0.27614665031433105,0.012942874077725718,-2.759050676131028e-17,0.0025558883789926767,-8.490807939376941e-19
1.931,0.3,0.2761407792568207,0.012942874077725718,-2.7459787409108527e-17,0.0025555624160915613,-7.5385401972815015e-19
1.932,0.3,0.27613523602485657,0.012942874077725718,-2.7337940396157015e-17,0.0025552366860210896,-6.111064902254032e-19
1.933,0.3,0.27612996101379395,0.012942874077725718,-2.7251953317120903e-17,0.0025549111887812614,-3.733087417109509e-19
1.934,0.3,0.2761249840259552,0.012942874077725718,-2.718867565462182e-17,0.0025545854587107897,-8.801401595616797e-20
1.935,0.3,0.27612030506134033,0.012942874077725718,-2.7142978888861942e-17,0.0025542601943016052,2.764597610803872e-19
1.936,0.3,0.27611595392227173,0.012942874077725718,-2.7101987126426264e-17,0.0025539349298924208,6.5671820181919825e-19
1.937,0.3,0.2761118710041046,0.012942874077725718,-2.7065693749869888e-17,0.00255360989831388,1.0527586801017667e-18
1.938,0.3,0.2761080861091614,0.012942874077725718,-2.701660554359854e-17,0.002553285099565983,1.4011973569584836e-18
1.939,0.3,0.276104599237442,0.012942874077725718,-2.696808643758863e-17,0.0025529603008180857,1.7337345482756284e-18
1.94,0.3,0.27610141038894653,0.012942874077725718,-2.6912107816814717e-17,0.002552635734900832,1.971147063863675e-18
1.941,0.3,0.27609848976135254,0.012942874077725718,-2.6866144698897595e-17,0.0025523111689835787,2.176832752978683e-18
1.942,0.3,0.2760958969593048,0.012942874077725718,-2.6826026439188773e-17,0.002551986835896969,2.3191060737979292e-18
1.943,0.3,0.27609357237815857,0.012942874077725718,-2.6791463524473858e-17,0.0025516627356410027,2.4138218134676524e-18
1.944,0.3,0.2760915160179138,0.012942874077725718,-2.6757565662971435e-17,0.00255133886821568,2.476833294079156e-18
1.945,0.3,0.27608975768089294,0.012942874077725718,-2.6729173515626164e-17,0.0025510150007903576,2.4923015453869976e-18
1.946,0.3,0.27608829736709595,0.012942874077725718,-2.671087297175404e-17,0.0025506913661956787,2.4602344736689515e-18
1.947,0.3,0.27608710527420044,0.012942874077725718,-2.669800369578394e-17,0.0025503679644316435,2.3806392090471866e-18
1.948,0.3,0.2760862112045288,0.012942874077725718,-2.6694658577386777e-17,0.0025500445626676083,2.285213715862832e-18
1.949,0.3,0.27608558535575867,0.012942874077725718,-2.6674319860485323e-17,0.0025497216265648603,2.0947331626140862e-18
1.95,0.3,0.2760852575302124,0.012942874077725718,-2.66544774519514e-17,0.0025493986904621124,1.8725962006580356e-18
1.951,0.3,0.2760851979255676,0.012942874077725718,-2.6653335942706078e-17,0.0025490757543593645,1.63465579886285e-18
1.952,0.3,0.27608540654182434,0.012942874077725718,-2.668471586642389e-17,0.002548753283917904,1.3809157079192873e-18
1.953,0.3,0.27608588337898254,0.012942874077725718,-2.675291525356766e-17,0.0025484308134764433,1.1272239488207303e-18
1.954,0.3,0.2760866582393646,0.012942874077725718,-2.686223544332267e-17,0.0025481085758656263,8.894259030600606e-19
1.955,0.3,0.2760876715183258,0.012942874077725718,-2.7003850418552973e-17,0.002547786571085453,6.35828031779083e-19
1.956,0.3,0.27608898282051086,0.012942874077725718,-2.7177695659170793e-17,0.0025474647991359234,3.664329499547433e-19
1.957,0.3,0.2760905623435974,0.012942874077725718,-2.7388069195638954e-17,0.0025471432600170374,9.708941886865711e-20
1.958,0.3,0.27609241008758545,0.012942874077725718,-2.7644139497866995e-17,0.0025468217208981514,-1.72201485511559e-19
1.959,0.3,0.276094526052475,0.012942874077725718,-2.7954803720523535e-17,0.002546500414609909,-4.255940176765243e-19
1.96,0.3,0.276096910238266,0.012942874077725718,-2.8328719135899556e-17,0.0025461793411523104,-6.3139890275749685e-19
1.961,0.3,0.2760995626449585,0.012942874077725718,-2.876213861582019e-17,0.0025458585005253553,-8.53004737640698e-19
1.962,0.3,0.2761024534702301,0.012942874077725718,-2.925931386863396e-17,0.002545537892729044,-1.0745635240012736e-18
1.963,0.3,0.2761056423187256,0.012942874077725718,-2.980260609495879e-17,0.0025452172849327326,-1.3594581422786964e-18
1.964,0.3,0.27610906958580017,0.012942874077725718,-3.038680074821314e-17,0.0025448971427977085,-1.6759887373327353e-18
1.965,0.3,0.27611276507377625,0.012942874077725718,-3.1011557029984643e-17,0.0025445770006626844,-2.0083049876637668e-18
1.966,0.3,0.2761166989803314,0.012942874077725718,-3.16855206320357e-17,0.002544257091358304,-2.3247134455190306e-18
1.967,0.3,0.2761209309101105,0.012942874077725718,-3.239986719159159e-17,0.002543937647715211,-2.6569076546823973e-18
1.968,0.3,0.27612537145614624,0.012942874077725718,-3.315451068186862e-17,0.002543618204072118,-3.0048850910310645e-18
1.969,0.3,0.2761301100254059,0.012942874077725718,-3.3953725972272455e-17,0.0025432987604290247,-3.3527976563640062e-18
1.97,0.3,0.27613508701324463,0.012942874077725718,-3.4810559355424284e-17,0.002542979782447219,-3.6531102382820416e-18
1.971,0.3,0.2761403024196625,0.012942874077725718,-3.571106456619646e-17,0.0025426610372960567,-3.905832947308818e-18
1.972,0.3,0.2761457860469818,0.012942874077725718,-3.6623815358756876e-17,0.0025423425249755383,-4.1743565706992354e-18
1.973,0.3,0.27615150809288025,0.012942874077725718,-3.754879518949327e-17,0.0025420240126550198,-4.458678524885364e-18
1.974,0.3,0.2761574685573578,0.012942874077725718,-3.850345095188562e-17,0.0025417059659957886,-4.695413320452781e-18
1.975,0.3,0.2761636972427368,0.012942874077725718,-3.950600047174479e-17,0.002541388152167201,-4.8687223833549204e-18
1.976,0.3,0.27617016434669495,0.012942874077725718,-4.055200013482015e-17,0.0025410703383386135,-4.994461809149337e-18
1.977,0.3,0.2761768698692322,0.012942874077725718,-4.163262557833697e-17,0.0025407529901713133,-5.1043311542781714e-18
1.978,0.3,0.2761838436126709,0.012942874077725718,-4.2747347406703234e-17,0.002540435642004013,-5.1666432352793e-18
1.979,0.3,0.27619102597236633,0.012942874077725718,-4.390024858342249e-17,0.002540118759498,-5.149715498808991e-18
1.98,0.3,0.27619847655296326,0.012942874077725718,-4.5065041308627813e-17,0.0025398018769919872,-5.148633826615573e-18
1.981,0.3,0.2762061655521393,0.012942874077725718,-4.6246060008728974e-17,0.002539485227316618,-5.147550199670037e-18
1.982,0.3,0.276214063167572,0.012942874077725718,-4.7460787973152896e-17,0.002539169043302536,-5.083082810838117e-18
1.983,0.3,0.27622222900390625,0.012942874077725718,-4.871355962830936e-17,0.002538852859288454,-4.939397414848177e-18
1.984,0.3,0.2762306034564972,0.012942874077725718,-4.999073311153613e-17,0.0025385371409356594,-4.7323544817076825e-18
1.985,0.3,0.27623921632766724,0.012942874077725718,-5.125655767675868e-17,0.0025382214225828648,-4.54119456534576e-18
1.986,0.3,0.27624809741973877,0.012942874077725718,-5.250982894900512e-17,0.0025379061698913574,-4.286690449320799e-18
1.987,0.3,0.27625715732574463,0.012942874077725718,-5.3723623853698085e-17,0.0025375911500304937,-4.016392189796637e-18
1.988,0.3,0.276266485452652,0.012942874077725718,-5.4870317867100745e-17,0.00253727613016963,-3.7303042998001826e-18
1.989,0.3,0.27627602219581604,0.012942874077725718,-5.595004664683356e-17,0.0025369615759700537,-3.4284294150475826e-18
1.99,0.3,0.2762857973575592,0.012942874077725718,-5.69629524679619e-17,0.002536647254601121,-3.110770061000437e-18
1.991,0.3,0.27629581093788147,0.012942874077725718,-5.79004194172254e-17,0.002536333166062832,-2.809019751428491e-18
1.992,0.3,0.27630603313446045,0.012942874077725718,-5.875821894733269e-17,0.0025360193103551865,-2.5390202424662334e-18
1.993,0.3,0.27631649374961853,0.012942874077725718,-5.954593973594448e-17,0.0025357056874781847,-2.316609616280163e-18
1.994,0.3,0.2763271629810333,0.012942874077725718,-6.028195842754927e-17,0.0025353922974318266,-2.1259324407208742e-18
1.995,0.3,0.27633804082870483,0.012942874077725718,-6.097583723002815e-17,0.002535079140216112,-1.982826851871378e-18
1.996,0.3,0.27634915709495544,0.012942874077725718,-6.164146616022712e-17,0.0025347662158310413,-1.8872832299309857e-18
1.997,0.3,0.27636048197746277,0.012942874077725718,-6.229250362442066e-17,0.002534453757107258,-1.823447199066315e-18
1.998,0.3,0.2763720452785492,0.012942874077725718,-6.293797581745293e-17,0.0025341412983834743,-1.7754670001374554e-18
1.999,0.3,0.27638381719589233,0.012942874077725718,-6.357832610813229e-17,0.002533829305320978,-1.775029338963171e-18
2.0,0.3,0.2763957977294922,0.012942874077725718,-6.423181202693898e-17,0.002533517312258482,-1.8062798441973187e-18
2.001,0.3,0.27640798687934875,0.012942874077725718,-6.489398665089993e-17,0.002533205784857273,-1.8850577545348543e-18
2.0020000000000002,0.3,0.27642038464546204,0.012942874077725718,-6.557866720496722e-17,0.0025328947231173515,-2.0113545255125076e-18
2.003,0.3,0.2764330208301544,0.012942874077725718,-6.628117515559626e-17,0.00253258366137743,-2.185163234590546e-18
2.004,0.3,0.27644583582878113,0.012942874077725718,-6.698782562673296e-17,0.002532272832468152,-2.4223215146518923e-18
2.005,0.3,0.27645885944366455,0.012942874077725718,-6.772095249491625e-17,0.0025319624692201614,-2.6752823404270182e-18
2.0060000000000002,0.3,0.2764721214771271,0.012942874077725718,-6.845812262193371e-17,0.002531652105972171,-2.9915808344732816e-18
2.007,0.3,0.2764855623245239,0.012942874077725718,-6.919441924622431e-17,0.0025313422083854675,-3.355361342407826e-18
2.008,0.3,0.2764992117881775,0.012942874077725718,-6.993884209285264e-17,0.002531032543629408,-3.750769805206719e-18
2.009,0.3,0.27651306986808777,0.012942874077725718,-7.068719570175181e-17,0.002530723111703992,-4.209491955021879e-18
2.0100000000000002,0.3,0.27652713656425476,0.012942874077725718,-7.145235762069806e-17,0.002530414145439863,-4.668135630274994e-18
2.011,0.3,0.27654141187667847,0.012942874077725718,-7.222989416160811e-17,0.0025301051791757345,-5.142545740393299e-18
2.012,0.3,0.2765558660030365,0.012942874077725718,-7.303341740864212e-17,0.002529796678572893,-5.6168735830151614e-18
2.013,0.3,0.27657052874565125,0.012942874077725718,-7.386284795246129e-17,0.0025294884108006954,-6.091119163516961e-18
2.0140000000000002,0.3,0.2765853703022003,0.012942874077725718,-7.47225533066999e-17,0.002529180608689785,-6.549437050235406e-18
2.015,0.3,0.2766004502773285,0.012942874077725718,-7.561243420968445e-17,0.0025288728065788746,-6.991829892078738e-18
2.016,0.3,0.2766156792640686,0.012942874077725718,-7.653248404397003e-17,0.0025285654701292515,-7.418301068195147e-18
2.017,0.3,0.27663111686706543,0.012942874077725718,-7.747777281310583e-17,0.0025282581336796284,-7.813008890889165e-18
2.0180000000000002,0.3,0.27664676308631897,0.012942874077725718,-7.844341684275533e-17,0.0025279514957219362,-8.160114721842718e-18
2.019,0.3,0.27666258811950684,0.012942874077725718,-7.941116521988317e-17,0.002527644857764244,-8.475473845467629e-18
2.02,0.3,0.27667859196662903,0.012942874077725718,-8.03584193701544e-17,0.0025273386854678392,-8.790783419628257e-18
2.021,0.3,0.27669480443000793,0.012942874077725718,-8.129396064295187e-17,0.002527032746002078,-9.074353011782922e-18
2.0220000000000002,0.3,0.27671119570732117,0.012942874077725718,-8.221299800816769e-17,0.0025267270393669605,-9.31034242526796e-18
2.023,0.3,0.2767277657985687,0.012942874077725718,-8.312044160991796e-17,0.0025264215655624866,-9.51460475493211e-18
2.024,0.3,0.276744544506073,0.012942874077725718,-8.401607968996588e-17,0.0025261165574193,-9.671300343777149e-18
2.025,0.3,0.2767614722251892,0.012942874077725718,-8.489975342963383e-17,0.002525811782106757,-9.764591630954532e-18
2.0260000000000002,0.3,0.27677860856056213,0.012942874077725718,-8.576734677819375e-17,0.002525507239624858,-9.826179814448778e-18
2.027,0.3,0.2767959237098694,0.012942874077725718,-8.662330004117382e-17,0.0025252029299736023,-9.840224693050138e-18
2.028,0.3,0.27681341767311096,0.012942874077725718,-8.746767939302305e-17,0.002524899085983634,-9.806733287639252e-18
2.029,0.3,0.27683109045028687,0.012942874077725718,-8.830998086717355e-17,0.0025245954748243093,-9.741557268888968e-18
2.0300000000000002,0.3,0.2768489122390747,0.012942874077725718,-8.917286259496436e-17,0.002524292329326272,-9.613009161225362e-18
2.031,0.3,0.27686694264411926,0.012942874077725718,-9.00657875226031e-17,0.0025239891838282347,-9.436943275716652e-18
2.032,0.3,0.27688515186309814,0.012942874077725718,-9.09938179954386e-17,0.0025236867368221283,-9.245057492707966e-18
2.033,0.3,0.27690351009368896,0.012942874077725718,-9.195709297981375e-17,0.002523384289816022,-9.053199436965382e-18
2.0340000000000003,0.3,0.2769220471382141,0.012942874077725718,-9.296018513015475e-17,0.002523082075640559,-8.86136881697596e-18
2.035,0.3,0.2769407629966736,0.012942874077725718,-9.400738916820199e-17,0.0025227803271263838,-8.653719886738e-18
2.036,0.3,0.2769596576690674,0.012942874077725718,-9.510765849690572e-17,0.0025224790442734957,-8.414408703481763e-18
2.037,0.3,0.2769787013530731,0.012942874077725718,-9.626596281738618e-17,0.0025221777614206076,-8.175130534340881e-18
2.0380000000000003,0.3,0.2769979238510132,0.012942874077725718,-9.748240800876176e-17,0.0025218769442290068,-7.951730637785933e-18
2.039,0.3,0.2770173251628876,0.012942874077725718,-9.875688819191406e-17,0.0025215765926986933,-7.744206462697674e-18
2.04,0.3,0.2770368754863739,0.012942874077725718,-1.0009366500135896e-16,0.00252127624116838,-7.536709944455608e-18
2.041,0.3,0.27705657482147217,0.012942874077725718,-1.01501407289916e-16,0.0025209763552993536,-7.297550617542665e-18
2.0420000000000003,0.3,0.27707645297050476,0.012942874077725718,-1.0296195017133353e-16,0.0025206769350916147,-7.058425923780323e-18
2.043,0.3,0.2770965099334717,0.012942874077725718,-1.0447035703171583e-16,0.002520377514883876,-6.8034915235582605e-18
2.044,0.3,0.27711671590805054,0.012942874077725718,-1.0599533397412879e-16,0.0025200785603374243,-6.611979937511034e-18
2.045,0.3,0.27713707089424133,0.012942874077725718,-1.0752668351598086e-16,0.00251978007145226,-6.420500380840488e-18
2.0460000000000003,0.3,0.27715757489204407,0.012942874077725718,-1.0906417404670053e-16,0.0025194818153977394,-6.213208645535891e-18
2.047,0.3,0.27717825770378113,0.012942874077725718,-1.1058492244182212e-16,0.0025191837921738625,-6.005954738922404e-18
2.048,0.3,0.2771990895271301,0.012942874077725718,-1.1207509824150375e-16,0.002518886001780629,-5.798740026593937e-18
2.049,0.3,0.27722007036209106,0.012942874077725718,-1.1352552304966853e-16,0.002518588677048683,-5.591566306450349e-18
2.05,0.3,0.27724120020866394,0.012942874077725718,-1.149088072618736e-16,0.0025182918179780245,-5.400280619695643e-18
2.051,0.3,0.27726250886917114,0.012942874077725718,-1.162204510155867e-16,0.002517994958907366,-5.224880768000998e-18
2.052,0.3,0.2772839367389679,0.012942874077725718,-1.174515736997514e-16,0.002517698798328638,-5.081210149112128e-18
2.053,0.3,0.2773055136203766,0.012942874077725718,-1.1859767545183548e-16,0.0025174026377499104,-4.969264365582802e-18
2.054,0.3,0.2773272693157196,0.012942874077725718,-1.1964949184897831e-16,0.00251710694283247,-4.873193807651561e-18
2.055,0.3,0.2773491442203522,0.012942874077725718,-1.2060669201893488e-16,0.002516811480745673,-4.761305237021198e-18
2.056,0.3,0.27737119793891907,0.012942874077725718,-1.2145633223947994e-16,0.0025165164843201637,-4.681136968380157e-18
2.057,0.3,0.2773933708667755,0.012942874077725718,-1.2220804751038853e-16,0.002516221720725298,-4.6485269083447e-18
2.058,0.3,0.2774156928062439,0.012942874077725718,-1.2289413096277472e-16,0.0025159274227917194,-4.6476171561397104e-18
2.059,0.3,0.27743813395500183,0.012942874077725718,-1.2357424547986072e-16,0.0025156333576887846,-4.6467067768771954e-18
2.06,0.3,0.2774607539176941,0.012942874077725718,-1.2428957803870677e-16,0.0025153395254164934,-4.614101649908767e-18
2.061,0.3,0.2774834930896759,0.012942874077725718,-1.2506314411267656e-16,0.0025150461588054895,-4.5498046569220944e-18
2.062,0.3,0.27750638127326965,0.012942874077725718,-1.259311278904856e-16,0.002514753257855773,-4.4062822496785284e-18
2.063,0.3,0.27752938866615295,0.012942874077725718,-1.269074524762044e-16,0.0025144603569060564,-4.1993910523125775e-18
2.064,0.3,0.2775525450706482,0.012942874077725718,-1.280150671687476e-16,0.002514167921617627,-3.92913948086905e-18
2.065,0.3,0.27757585048675537,0.012942874077725718,-1.292722096462608e-16,0.002513875951990485,-3.595538010665903e-18
2.066,0.3,0.2775992751121521,0.012942874077725718,-1.306559703144987e-16,0.002513584215193987,-3.230288706113651e-18
2.067,0.3,0.27762284874916077,0.012942874077725718,-1.3217091521044262e-16,0.002513292944058776,-2.849241998373284e-18
2.068,0.3,0.277646541595459,0.012942874077725718,-1.3382126626393902e-16,0.0025130019057542086,-2.4365558855517695e-18
2.069,0.3,0.27767035365104675,0.012942874077725718,-1.355884284548177e-16,0.002512711100280285,-2.0080834439108288e-18
2.07,0.3,0.27769431471824646,0.012942874077725718,-1.3743134715491645e-16,0.0025124207604676485,-1.6113656891824757e-18
2.071,0.3,0.2777183949947357,0.012942874077725718,-1.3934520486434774e-16,0.002512130653485656,-1.2463979598444207e-18
2.072,0.3,0.2777426242828369,0.012942874077725718,-1.4133403822450083e-16,0.0025118410121649504,-8.81484392346493e-19
2.073,0.3,0.2777669429779053,0.012942874077725718,-1.4339305620526783e-16,0.0025115516036748886,-5.166260788675717e-19
2.074,0.3,0.27779141068458557,0.012942874077725718,-1.4550386230982555e-16,0.002511262660846114,-1.676694286506182e-19
2.075,0.3,0.2778159976005554,0.012942874077725718,-1.4766616537059836e-16,0.0025109739508479834,1.8123267839255793e-19
2.076,0.3,0.2778407037258148,0.012942874077725718,-1.4984837370563166e-16,0.00251068570651114,4.666961560075307e-19
2.077,0.3,0.27786552906036377,0.012942874077725718,-1.520405082080156e-16,0.00251039769500494,7.362654579522251e-19
2.078,0.3,0.27789047360420227,0.012942874077725718,-1.5419704085683524e-16,0.0025101101491600275,9.42403370717957e-19
2.079,0.3,0.2779155671596527,0.012942874077725718,-1.56290032799721e-16,0.0025098228361457586,1.1009628671942581e-18
2.08,0.3,0.2779407501220703,0.012942874077725718,-1.583005052046985e-16,0.002509535988792777,1.2594855554054343e-18
2.081,0.3,0.27796605229377747,0.012942874077725718,-1.6019648257800884e-16,0.002509249374270439,1.402123840377972e-18
2.082,0.3,0.27799147367477417,0.012942874077725718,-1.619509128048991e-16,0.002508962992578745,1.4971878013252332e-18
2.083,0.3,0.2780170142650604,0.012942874077725718,-1.635589783854818e-16,0.002508677076548338,1.5763757228253452e-18
2.084,0.3,0.27804267406463623,0.012942874077725718,-1.650207587290957e-16,0.0025083916261792183,1.6555357274688701e-18
2.085,0.3,0.2780684232711792,0.012942874077725718,-1.663277305667091e-16,0.0025081064086407423,1.702977503260144e-18
2.086,0.3,0.2780943214893341,0.012942874077725718,-1.675116708687338e-16,0.0025078216567635536,1.7820905381289016e-18
2.087,0.3,0.2781203091144562,0.012942874077725718,-1.685959259807785e-16,0.0025075371377170086,1.8928717724466878e-18
2.088,0.3,0.2781463861465454,0.012942874077725718,-1.6959056765398166e-16,0.002507253084331751,1.9877826434713666e-18
2.089,0.3,0.2781726121902466,0.012942874077725718,-1.7053756372390177e-16,0.002506969263777137,2.050984863466815e-18
2.09,0.3,0.2781989276409149,0.012942874077725718,-1.7149657707376105e-16,0.0025066856760531664,2.1141792711923126e-18
2.091,0.3,0.2782253324985504,0.012942874077725718,-1.7250058904894321e-16,0.0025064025539904833,2.12983236645667e-18
2.092,0.3,0.27825185656547546,0.012942874077725718,-1.7358578383816378e-16,0.0025061198975890875,2.145489792619187e-18
2.093,0.3,0.27827849984169006,0.012942874077725718,-1.7475194968318594e-16,0.0025058374740183353,2.1611514292987977e-18
2.094,0.3,0.2783052325248718,0.012942874077725718,-1.7599900717467088e-16,0.0025055555161088705,2.1768171478621945e-18
2.095,0.3,0.27833205461502075,0.012942874077725718,-1.7731350966458095e-16,0.0025052737910300493,2.144949568128757e-18
2.096,0.3,0.27835899591445923,0.012942874077725718,-1.7867707389098277e-16,0.0025049925316125154,2.0497097602934953e-18
2.097,0.3,0.27838602662086487,0.012942874077725718,-1.800844853072948e-16,0.0025047115050256252,1.9227978683791925e-18
2.098,0.3,0.27841314673423767,0.012942874077725718,-1.81526042739293e-16,0.0025044309441000223,1.795908659029054e-18
2.099,0.3,0.2784403860569,0.012942874077725718,-1.829875583851109e-16,0.0025041508488357067,1.6848852605085471e-18
2.1,0.3,0.27846771478652954,0.012942874077725718,-1.844320671975347e-16,0.002503870753571391,1.5897217317749743e-18
2.101,0.3,0.2784951329231262,0.012942874077725718,-1.858359448982699e-16,0.0025035913567990065,1.557949798640804e-18
2.102,0.3,0.27852267026901245,0.012942874077725718,-1.8716754686580266e-16,0.0025033121928572655,1.542021265007264e-18
2.103,0.3,0.27855026721954346,0.012942874077725718,-1.884223997073803e-16,0.002503033261746168,1.5419333081677643e-18
2.104,0.3,0.278577983379364,0.012942874077725718,-1.8959629472804616e-16,0.002502754796296358,1.5418376897677359e-18
2.105,0.3,0.27860575914382935,0.012942874077725718,-1.9068916575335122e-16,0.0025024767965078354,1.5575798112849994e-18
2.106,0.3,0.27863365411758423,0.012942874077725718,-1.9169675114877961e-16,0.0025021990295499563,1.573311618989508e-18
2.107,0.3,0.2786616086959839,0.012942874077725718,-1.9261484221937467e-16,0.0025019217282533646,1.573188335443398e-18
2.108,0.3,0.2786896824836731,0.012942874077725718,-1.934576135321131e-16,0.0025016446597874165,1.5413685092052486e-18
2.109,0.3,0.27871784567832947,0.012942874077725718,-1.9425235542976424e-16,0.002501367824152112,1.5253956832714152e-18
2.11,0.3,0.2787460684776306,0.012942874077725718,-1.9501779528139631e-16,0.0025010916870087385,1.5094237634863564e-18
2.111,0.3,0.2787743806838989,0.012942874077725718,-1.9578173959048089e-16,0.0025008157826960087,1.4934545114975792e-18
2.112,0.3,0.2788027822971344,0.012942874077725718,-1.9655801881685985e-16,0.0025005401112139225,1.4774886614051995e-18
2.113,0.3,0.27883127331733704,0.012942874077725718,-1.973512519370737e-16,0.0025002649053931236,1.4615274883342151e-18
2.114,0.3,0.27885985374450684,0.012942874077725718,-1.981935070891099e-16,0.0024999899324029684,1.461417635463312e-18
2.115,0.3,0.2788884937763214,0.012942874077725718,-1.990935457700166e-16,0.0024997154250741005,1.5088470100114378e-18
2.116,0.3,0.27891722321510315,0.012942874077725718,-2.0002863043911594e-16,0.00249944138340652,1.5721156161429236e-18
2.117,0.3,0.27894604206085205,0.012942874077725718,-2.0098497034123545e-16,0.002499167574569583,1.6353748202637522e-18
2.118,0.3,0.2789749205112457,0.012942874077725718,-2.0197581360106577e-16,0.0024988942313939333,1.746160789747668e-18
2.119,0.3,0.27900388836860657,0.012942874077725718,-2.029872900540956e-16,0.0024986211210489273,1.904464734511555e-18
2.12,0.3,0.2790329158306122,0.012942874077725718,-2.040057148242709e-16,0.0024983484763652086,2.0944322302918956e-18
2.121,0.3,0.27906203269958496,0.012942874077725718,-2.0501719127730074e-16,0.0024980760645121336,2.316056985187829e-18
2.122,0.3,0.2790912091732025,0.012942874077725718,-2.0600353467459877e-16,0.002497804118320346,2.5534874254041086e-18
2.123,0.3,0.27912047505378723,0.012942874077725718,-2.069601922140735e-16,0.002497532404959202,2.8067206294752018e-18
2.124,0.3,0.2791498005390167,0.012942874077725718,-2.078869786072677e-16,0.0024972613900899887,3.0915990337252057e-18
2.125,0.3,0.2791792154312134,0.012942874077725718,-2.0877477501510863e-16,0.0024969903752207756,3.408116915917368e-18
2.126,0.3,0.2792086899280548,0.012942874077725718,-2.0961460818231126e-16,0.00249671982601285,3.740423258215875e-18
2.1270000000000002,0.3,0.279238224029541,0.012942874077725718,-2.1040217676969035e-16,0.0024964497424662113,4.07266991278873e-18
2.128,0.3,0.2792678475379944,0.012942874077725718,-2.1114199387466798e-16,0.0024961798917502165,4.420702380817363e-18
2.129,0.3,0.27929750084877014,0.012942874077725718,-2.1182957286960166e-16,0.002495910506695509,4.7845175511972455e-18
2.13,0.3,0.27932724356651306,0.012942874077725718,-2.1245133475755572e-16,0.0024956415873020887,5.148266989941256e-18
2.1310000000000002,0.3,0.27935704588890076,0.012942874077725718,-2.1298971683976443e-16,0.0024953726679086685,5.448568863134599e-18
2.132,0.3,0.2793869376182556,0.012942874077725718,-2.1348083713049431e-16,0.0024951044470071793,5.764662265525064e-18
2.133,0.3,0.27941685914993286,0.012942874077725718,-2.1390263306844735e-16,0.0024948364589363337,6.017317268608948e-18
2.134,0.3,0.2794468402862549,0.012942874077725718,-2.142825802848501e-16,0.0024945689365267754,6.23823652260277e-18
2.1350000000000002,0.3,0.27947691082954407,0.012942874077725718,-2.14620917007719e-16,0.0024943016469478607,6.41158039448142e-18
2.136,0.3,0.27950701117515564,0.012942874077725718,-2.1493151340156531e-16,0.0024940348230302334,6.537357914051359e-18
2.137,0.3,0.2795372009277344,0.012942874077725718,-2.1524621261124989e-16,0.0024937682319432497,6.6631146226875694e-18
2.138,0.3,0.2795674204826355,0.012942874077725718,-2.1556071329758745e-16,0.0024935021065175533,6.75715991602699e-18
2.1390000000000002,0.3,0.2795977294445038,0.012942874077725718,-2.1588004471870232e-16,0.0024932364467531443,6.7878091442525045e-18
2.14,0.3,0.27962806820869446,0.012942874077725718,-2.1622722234795818e-16,0.002492971019819379,6.755074031925688e-18
2.141,0.3,0.2796584665775299,0.012942874077725718,-2.1660712985969153e-16,0.002492705825716257,6.6272748453840045e-18
2.142,0.3,0.27968892455101013,0.012942874077725718,-2.1704685907332472e-16,0.0024924410972744226,6.451965215239892e-18
2.1430000000000002,0.3,0.27971944212913513,0.012942874077725718,-2.1756467413678292e-16,0.0024921768344938755,6.2291528191444575e-18
2.144,0.3,0.2797499895095825,0.012942874077725718,-2.1812402028443617e-16,0.0024919130373746157,5.9113074894018245e-18
2.145,0.3,0.2797805964946747,0.012942874077725718,-2.1872419606712505e-16,0.002491649240255356,5.545980956230935e-18
2.146,0.3,0.2798112630844116,0.012942874077725718,-2.193645529752493e-16,0.002491386141628027,5.180716255703619e-18
2.1470000000000002,0.3,0.27984198927879333,0.012942874077725718,-2.1999032503481302e-16,0.0024911232758313417,4.752129035046584e-18
2.148,0.3,0.27987274527549744,0.012942874077725718,-2.205828378163072e-16,0.0024908606428653,4.276073701553644e-18
2.149,0.3,0.2799035608768463,0.012942874077725718,-2.2112753294095092e-16,0.0024905987083911896,3.815939209893288e-18
2.15,0.3,0.2799344062805176,0.012942874077725718,-2.2159738476377084e-16,0.002490336773917079,3.3241852809648862e-18
2.1510000000000002,0.3,0.2799653112888336,0.012942874077725718,-2.2198750961043045e-16,0.0024900755379348993,2.8325072173209876e-18
2.152,0.3,0.27999627590179443,0.012942874077725718,-2.222703392054746e-16,0.0024898143019527197,2.340903954524855e-18
2.153,0.3,0.28002727031707764,0.012942874077725718,-2.2243249307531457e-16,0.002489553764462471,1.8335296925472688e-18
2.154,0.3,0.2800582945346832,0.012942874077725718,-2.224829444752354e-16,0.002489293459802866,1.3420785413616802e-18
2.1550000000000002,0.3,0.2800893783569336,0.012942874077725718,-2.2243993108338265e-16,0.0024890333879739046,9.140856061287526e-19
2.156,0.3,0.28012049198150635,0.012942874077725718,-2.223268257151446e-16,0.002488774014636874,5.495417512102557e-19
2.157,0.3,0.2801516652107239,0.012942874077725718,-2.2216234250469966e-16,0.002488514641299844,2.325919534627359e-19
2.158,0.3,0.2801828384399414,0.012942874077725718,-2.219649705930996e-16,0.0024882557336241007,-2.0925131227647302e-20
2.1590000000000003,0.3,0.2802141010761261,0.012942874077725718,-2.2173993776181578e-16,0.002487997291609645,-2.5855604612837698e-19
2.16,0.3,0.2802453637123108,0.012942874077725718,-2.2150102153113086e-16,0.0024877393152564764,-4.644569055349604e-19
2.161,0.3,0.28027668595314026,0.012942874077725718,-2.2127577694161022e-16,0.0024874815717339516,-6.227861930189951e-19
2.162,0.3,0.2803080379962921,0.012942874077725718,-2.210915472755824e-16,0.0024872240610420704,-7.018594761799748e-19
2.1630000000000003,0.3,0.28033941984176636,0.012942874077725718,-2.2096702019744623e-16,0.0024869670160114765,-7.175345774293287e-19
2.164,0.3,0.280370831489563,0.012942874077725718,-2.2090701320708918e-16,0.00248671043664217,-7.015125656369587e-19
2.165,0.3,0.280402272939682,0.012942874077725718,-2.2091638350906818e-16,0.002486454090103507,-6.854896227598708e-19
2.166,0.3,0.2804337739944458,0.012942874077725718,-2.210039455399906e-16,0.002486197976395488,-6.377749631242589e-19
2.1670000000000003,0.3,0.2804652750492096,0.012942874077725718,-2.2115122339369444e-16,0.0024859425611793995,-5.742200565816399e-19
2.168,0.3,0.28049683570861816,0.012942874077725718,-2.2135792590260409e-16,0.002485687145963311,-4.78982442718598e-19
2.169,0.3,0.28052839636802673,0.012942874077725718,-2.2161457688562214e-16,0.002485432429239154,-3.3622258793376407e-19
2.17,0.3,0.2805600166320801,0.012942874077725718,-2.2189831968806253e-16,0.00248517794534564,-1.7764011531318173e-19
2.1710000000000003,0.3,0.2805916368961334,0.012942874077725718,-2.2221342917933093e-16,0.00248492369428277,2.845303505882538e-20
2.172,0.3,0.28062331676483154,0.012942874077725718,-2.2254149562771436e-16,0.0024846699088811874,2.662027618449804e-19
2.173,0.3,0.28065499663352966,0.012942874077725718,-2.2286890033160775e-16,0.002484416589140892,5.197577897061247e-19
2.174,0.3,0.28068670630455017,0.012942874077725718,-2.231955109421131e-16,0.0024841635022312403,8.049606721608846e-19
2.1750000000000003,0.3,0.28071844577789307,0.012942874077725718,-2.2348514327051486e-16,0.002483910648152232,1.0425773846042592e-18
2.176,0.3,0.28075021505355835,0.012942874077725718,-2.2373297981692554e-16,0.002483658492565155,1.2643064303537731e-18
2.177,0.3,0.280782014131546,0.012942874077725718,-2.2392515041683386e-16,0.002483406336978078,1.470150044515721e-18
2.178,0.3,0.2808138132095337,0.012942874077725718,-2.2405726108682593e-16,0.0024831548798829317,1.6601106988906159e-18
2.179,0.3,0.28084564208984375,0.012942874077725718,-2.241113123767726e-16,0.0024829034227877855,1.7866542640614463e-18
2.18,0.3,0.2808775007724762,0.012942874077725718,-2.2410551549503983e-16,0.0024826526641845703,1.8973283168198967e-18
2.181,0.3,0.28090938925743103,0.012942874077725718,-2.240398969114072e-16,0.0024824021384119987,1.992135657553377e-18
2.182,0.3,0.28094127774238586,0.012942874077725718,-2.2392361516961696e-16,0.002482151845470071,2.086925130589359e-18
2.183,0.3,0.2809731960296631,0.012942874077725718,-2.2378419884045483e-16,0.0024819020181894302,2.213388976567385e-18
2.184,0.3,0.2810051143169403,0.012942874077725718,-2.2363149468193264e-16,0.002481652656570077,2.323985916718134e-18
2.185,0.3,0.2810370624065399,0.012942874077725718,-2.2348371390241636e-16,0.0024814035277813673,2.434565158975176e-18
2.186,0.3,0.2810690104961395,0.012942874077725718,-2.233642293172943e-16,0.0024811546318233013,2.529282197966257e-18
2.187,0.3,0.2811009883880615,0.012942874077725718,-2.2329151683272844e-16,0.0024809062015265226,2.592294842609471e-18
2.188,0.3,0.2811329960823059,0.012942874077725718,-2.2328823458005783e-16,0.0024806582368910313,2.65529995694654e-18
2.189,0.3,0.2811650037765503,0.012942874077725718,-2.233455681226751e-16,0.0024804105050861835,2.6707610039158326e-18
2.19,0.3,0.2811970114707947,0.012942874077725718,-2.2347267600432246e-16,0.002480163238942623,2.622840618850931e-18
2.191,0.3,0.28122904896736145,0.012942874077725718,-2.2368745179601063e-16,0.0024799162056297064,2.559086161662604e-18
2.192,0.3,0.2812610864639282,0.012942874077725718,-2.239805781353198e-16,0.002479669637978077,2.4636538733806587e-18
2.193,0.3,0.281293123960495,0.012942874077725718,-2.243375760528079e-16,0.002479423303157091,2.384084985472544e-18
2.194,0.3,0.28132519125938416,0.012942874077725718,-2.2475338982057096e-16,0.0024791774339973927,2.3520670244311862e-18
2.195,0.3,0.2813572585582733,0.012942874077725718,-2.2517312111571507e-16,0.002478931797668338,2.3042081184455582e-18
2.196,0.3,0.28138935565948486,0.012942874077725718,-2.255823174385777e-16,0.0024786866270005703,2.3038922124316816e-18
2.197,0.3,0.281421422958374,0.012942874077725718,-2.2593539782868473e-16,0.0024784416891634464,2.287727889732324e-18
2.198,0.3,0.28145352005958557,0.012942874077725718,-2.26204992533928e-16,0.00247819721698761,2.239871364548404e-18
2.199,0.3,0.2814856171607971,0.012942874077725718,-2.263547320771348e-16,0.002477952977642417,2.112790202877822e-18
2.2,0.3,0.28151771426200867,0.012942874077725718,-2.263795342606216e-16,0.0024777092039585114,1.9698795885694862e-18
2.201,0.3,0.2815498411655426,0.012942874077725718,-2.2626155845293684e-16,0.0024774656631052494,1.7794505872944976e-18
2.202,0.3,0.28158193826675415,0.012942874077725718,-2.260049074699188e-16,0.0024772225879132748,1.6048934709233477e-18
2.203,0.3,0.2816140651702881,0.012942874077725718,-2.25605557905068e-16,0.0024769799783825874,1.4303601045210988e-18
2.204,0.3,0.281646192073822,0.012942874077725718,-2.2507264183234703e-16,0.0024767373688519,1.2875421138654663e-18
2.205,0.3,0.28167828917503357,0.012942874077725718,-2.244202941140632e-16,0.0024764954578131437,1.1764351694136013e-18
2.206,0.3,0.2817104160785675,0.012942874077725718,-2.2367215226340084e-16,0.002476253779605031,1.065344216405361e-18
2.207,0.3,0.28174254298210144,0.012942874077725718,-2.2287017088102863e-16,0.002476012334227562,9.384252493550865e-19
2.208,0.3,0.2817746698856354,0.012942874077725718,-2.2205156647706655e-16,0.00247577135451138,7.798365102438166e-19
2.209,0.3,0.2818067669868469,0.012942874077725718,-2.2126632723029242e-16,0.002475530607625842,6.688123579399611e-19
2.21,0.3,0.28183889389038086,0.012942874077725718,-2.205421537650594e-16,0.0024752903264015913,6.053456839433436e-19
2.211,0.3,0.2818710207939148,0.012942874077725718,-2.1989760139686827e-16,0.002475050278007984,5.735834421517144e-19
2.212,0.3,0.28190311789512634,0.012942874077725718,-2.1934620941798532e-16,0.0024748106952756643,5.89366369112409e-19
2.213,0.3,0.2819352149963379,0.012942874077725718,-2.1889736136527935e-16,0.002474571345373988,6.209955828933293e-19
2.214,0.3,0.28196731209754944,0.012942874077725718,-2.1854655737621806e-16,0.0024743324611335993,6.367771809513469e-19
2.215,0.3,0.281999409198761,0.012942874077725718,-2.1828915200448136e-16,0.002474093809723854,6.208678718178581e-19
2.216,0.3,0.28203150629997253,0.012942874077725718,-2.1811997040815711e-16,0.002473855623975396,6.049638237816047e-19
2.217,0.3,0.2820636034011841,0.012942874077725718,-2.1802528800652184e-16,0.002473617671057582,5.573734875352538e-19
2.218,0.3,0.28209567070007324,0.012942874077725718,-2.1798682741676058e-16,0.0024733799509704113,4.464103193572903e-19
2.219,0.3,0.2821277379989624,0.012942874077725718,-2.1798126876304422e-16,0.002473142696544528,2.7208428746252875e-19
2.22,0.3,0.2821597754955292,0.012942874077725718,-2.1799470217619208e-16,0.002472905907779932,3.440542991712639e-20
2.221,0.3,0.28219184279441833,0.012942874077725718,-2.1802195281429203e-16,0.0024726693518459797,-2.1907921621507453e-19
2.222,0.3,0.2822238802909851,0.012942874077725718,-2.1804932256640018e-16,0.002472433028742671,-5.04213024788761e-19
2.223,0.3,0.2822558879852295,0.012942874077725718,-2.180807818994568e-16,0.0024721971713006496,-7.576087105840885e-19
2.224,0.3,0.2822878956794739,0.012942874077725718,-2.180933021052084e-16,0.002471961546689272,-9.792720543261337e-19
2.225,0.3,0.28231990337371826,0.012942874077725718,-2.1808198627442868e-16,0.0024717263877391815,-1.1375173845098227e-18
2.226,0.3,0.28235191106796265,0.012942874077725718,-2.1802422921533778e-16,0.0024714914616197348,-1.279892323966521e-18
2.227,0.3,0.28238385915756226,0.012942874077725718,-2.179200838674949e-16,0.0024712570011615753,-1.3905537237297824e-18
2.228,0.3,0.28241583704948425,0.012942874077725718,-2.1778344686519094e-16,0.0024710227735340595,-1.4695064400017418e-18
2.229,0.3,0.28244778513908386,0.012942874077725718,-2.176282810171658e-16,0.002470789011567831,-1.5167553883013708e-18
2.23,0.3,0.2824797034263611,0.012942874077725718,-2.1746400956495766e-16,0.002470555482432246,-1.5481512238856893e-18
2.231,0.3,0.2825116217136383,0.012942874077725718,-2.1729977781741893e-16,0.002470322186127305,-1.5478507083061262e-18
2.232,0.3,0.28254351019859314,0.012942874077725718,-2.171449428416388e-16,0.002470089355483651,-1.531704531558835e-18
2.233,0.3,0.282575398683548,0.012942874077725718,-2.169996899260745e-16,0.002469856757670641,-1.5155609109662703e-18
2.234,0.3,0.2826072573661804,0.012942874077725718,-2.1686841305413988e-16,0.002469624625518918,-1.4835742274051066e-18
2.235,0.3,0.2826390862464905,0.012942874077725718,-2.16742205144999e-16,0.002469392726197839,-1.4674383897265587e-18
2.236,0.3,0.28267091512680054,0.012942874077725718,-2.1662098678931302e-16,0.002469161059707403,-1.4671507578972102e-18
2.237,0.3,0.2827027142047882,0.012942874077725718,-2.1651375771214654e-16,0.002468929858878255,-1.4510174391927436e-18
2.238,0.3,0.2827345132827759,0.012942874077725718,-2.1641595187651827e-16,0.002468699123710394,-1.4348867106544421e-18
2.239,0.3,0.2827662527561188,0.012942874077725718,-2.1632314882923473e-16,0.0024684686213731766,-1.434604222861052e-18
2.24,0.3,0.28279799222946167,0.012942874077725718,-2.1624420271157266e-16,0.002468238351866603,-1.4184760533758257e-18
2.241,0.3,0.2828297019004822,0.012942874077725718,-2.1617021967758592e-16,0.002468008315190673,-1.4181961297372026e-18
2.242,0.3,0.2828614115715027,0.012942874077725718,-2.161011203179357e-16,0.00246777874417603,-1.4337619101642007e-18
2.243,0.3,0.2828930616378784,0.012942874077725718,-2.160231668170087e-16,0.0024675496388226748,-1.4810165937716155e-18
2.244,0.3,0.28292471170425415,0.012942874077725718,-2.1593612094678851e-16,0.0024673205334693193,-1.5282636993281743e-18
2.245,0.3,0.2829563319683075,0.012942874077725718,-2.1584448256980744e-16,0.002467092126607895,-1.5596575986741298e-18
2.246,0.3,0.28298792243003845,0.012942874077725718,-2.1574823845117567e-16,0.0024668637197464705,-1.5752009241527812e-18
2.247,0.3,0.283019483089447,0.012942874077725718,-2.1563844180538783e-16,0.0024666357785463333,-1.606587578878319e-18
2.248,0.3,0.2830510437488556,0.012942874077725718,-2.155241055923983e-16,0.00246640807017684,-1.6221236424826002e-18
2.249,0.3,0.2830825448036194,0.012942874077725718,-2.153962830267017e-16,0.0024661808274686337,-1.6535030328609838e-18
2.25,0.3,0.2831140458583832,0.012942874077725718,-2.1525493440362865e-16,0.002465953817591071,-1.7007230875969169e-18
2.251,0.3,0.2831454873085022,0.012942874077725718,-2.151091256226927e-16,0.002465727273374796,-1.7320898991317525e-18
2.2520000000000002,0.3,0.2831769287586212,0.012942874077725718,-2.149498569588293e-16,0.0024655007291585207,-1.7792973616780592e-18
2.253,0.3,0.28320831060409546,0.012942874077725718,-2.1477714164692822e-16,0.0024652748834341764,-1.8423428394085368e-18
2.254,0.3,0.2832396924495697,0.012942874077725718,-2.1459551925419117e-16,0.002465049037709832,-1.90537803760902e-18
2.255,0.3,0.28327101469039917,0.012942874077725718,-2.1440495007594876e-16,0.0024648236576467752,-1.9684029619872704e-18
2.2560000000000002,0.3,0.28330233693122864,0.012942874077725718,-2.1420550028664997e-16,0.002464598510414362,-2.0314175970760984e-18
2.257,0.3,0.28333359956741333,0.012942874077725718,-2.140016697488271e-16,0.002464373828843236,-2.0785763465128037e-18
2.258,0.3,0.28336483240127563,0.012942874077725718,-2.1378436609318697e-16,0.0024641493801027536,-2.1257275756424122e-18
2.259,0.3,0.28339603543281555,0.012942874077725718,-2.1355781124957605e-16,0.002463925164192915,-2.125334530534097e-18
2.2600000000000002,0.3,0.2834272086620331,0.012942874077725718,-2.1330826740238105e-16,0.0024637014139443636,-2.077405311849911e-18
2.261,0.3,0.2834583520889282,0.012942874077725718,-2.130219040917601e-16,0.002463477896526456,-1.9819480035830173e-18
2.262,0.3,0.283489465713501,0.012942874077725718,-2.1267598377703532e-16,0.002463254611939192,-1.8706619159946425e-18
2.263,0.3,0.28352054953575134,0.012942874077725718,-2.1225695393105066e-16,0.002463031793013215,-1.7593953337611054e-18
2.2640000000000002,0.3,0.28355157375335693,0.012942874077725718,-2.1177388045331969e-16,0.002462809206917882,-1.6164570099395712e-18
2.265,0.3,0.28358256816864014,0.012942874077725718,-2.1120859184014585e-16,0.0024625868536531925,-1.4576979247997324e-18
2.266,0.3,0.28361353278160095,0.012942874077725718,-2.1056562765873083e-16,0.0024623649660497904,-1.2514294862363472e-18
2.267,0.3,0.2836444675922394,0.012942874077725718,-2.098133432875608e-16,0.002462143311277032,-1.0610421712946218e-18
2.2680000000000002,0.3,0.28367534279823303,0.012942874077725718,-2.0896543683757965e-16,0.002461921889334917,-8.389962583752431e-19
2.269,0.3,0.2837061882019043,0.012942874077725718,-2.0802692433202188e-16,0.0024617009330540895,-6.169880249175976e-19
2.27,0.3,0.2837370038032532,0.012942874077725718,-2.070257710930367e-16,0.002461479976773262,-3.9501720710437554e-19
2.271,0.3,0.2837677597999573,0.012942874077725718,-2.059757678757966e-16,0.0024612597189843655,-1.5723791887682514e-19
2.2720000000000002,0.3,0.283798485994339,0.012942874077725718,-2.0490480059311193e-16,0.002461039461195469,9.634745944477813e-20
2.273,0.3,0.2838291823863983,0.012942874077725718,-2.0383147750004273e-16,0.0024608196690678596,3.498908558028239e-19
2.274,0.3,0.28385984897613525,0.012942874077725718,-2.0276964229132066e-16,0.002460600109770894,6.033925026316847e-19
2.275,0.3,0.2838904559612274,0.012942874077725718,-2.0173812821513233e-16,0.002460380783304572,8.093157110042506e-19
2.2760000000000002,0.3,0.2839210033416748,0.012942874077725718,-2.0075980516105361e-16,0.0024601619224995375,9.835142078099232e-19
2.277,0.3,0.2839515209197998,0.012942874077725718,-1.998534137330425e-16,0.0024599432945251465,1.0784565239656674e-18
2.278,0.3,0.2839820086956024,0.012942874077725718,-1.9905533664316155e-16,0.002459724899381399,1.1416928029256757e-18
2.279,0.3,0.28401243686676025,0.012942874077725718,-1.983651900796065e-16,0.002459506969898939,1.189073864896521e-18
2.2800000000000002,0.3,0.2840428352355957,0.012942874077725718,-1.977691832872049e-16,0.0024592892732471228,1.1889109099294256e-18
2.281,0.3,0.28407320380210876,0.012942874077725718,-1.9723958917182394e-16,0.00245907180942595,1.109520380319859e-18
2.282,0.3,0.28410348296165466,0.012942874077725718,-1.9676669332434983e-16,0.002458854578435421,9.984522105813947e-19
2.283,0.3,0.28413376212120056,0.012942874077725718,-1.9633179484549395e-16,0.0024586375802755356,8.557114948193085e-19
2.2840000000000003,0.3,0.2841639816761017,0.012942874077725718,-1.959206926985e-16,0.0024584210477769375,7.288402880346955e-19
2.285,0.3,0.28419414162635803,0.012942874077725718,-1.9552397687671956e-16,0.002458204748108983,6.336814861853537e-19
2.286,0.3,0.2842242419719696,0.012942874077725718,-1.951141188093669e-16,0.002457988914102316,5.385384308298636e-19
2.287,0.3,0.2842543423175812,0.012942874077725718,-1.94672708764729e-16,0.0024577730800956488,4.434110635274819e-19
2.2880000000000003,0.3,0.2842843532562256,0.012942874077725718,-1.9417250933959572e-16,0.002457557711750269,2.8491680173782937e-19
2.289,0.3,0.2843143343925476,0.012942874077725718,-1.93608808913198e-16,0.0024573425762355328,9.475746843124626e-20
2.29,0.3,0.28434425592422485,0.012942874077725718,-1.9299059397571056e-16,0.0024571276735514402,-7.952470859682612e-20
2.291,0.3,0.2843741476535797,0.012942874077725718,-1.9229993125145328e-16,0.002456913236528635,-3.013149262109525e-19
2.2920000000000003,0.3,0.2844039797782898,0.012942874077725718,-1.9153212235454686e-16,0.0024566990323364735,-5.389139657289327e-19
2.293,0.3,0.2844337522983551,0.012942874077725718,-1.906871672849913e-16,0.0024564850609749556,-7.764735176067585e-19
2.294,0.3,0.284463495016098,0.012942874077725718,-1.8978329048604235e-16,0.0024562713224440813,-9.506109715928062e-19
2.295,0.3,0.28449317812919617,0.012942874077725718,-1.8882095517884306e-16,0.0024560578167438507,-1.1088737320432661e-18
2.2960000000000003,0.3,0.28452280163764954,0.012942874077725718,-1.878139256487863e-16,0.0024558447767049074,-1.2195731115560226e-18
2.297,0.3,0.28455236554145813,0.012942874077725718,-1.8678078368115247e-16,0.0024556319694966078,-1.2827169881095808e-18
2.298,0.3,0.28458189964294434,0.012942874077725718,-1.8573997871232394e-16,0.002455419395118952,-1.2824676137875823e-18
2.299,0.3,0.28461137413978577,0.012942874077725718,-1.8470553972548963e-16,0.0024552070535719395,-1.2346811325698288e-18
2.3000000000000003,0.3,0.2846407890319824,0.012942874077725718,-1.837050747007741e-16,0.002454994944855571,-1.1235198203603823e-18
2.301,0.3,0.2846701741218567,0.012942874077725718,-1.827615461719818e-16,0.0024547833018004894,-9.331486196705913e-19
2.302,0.3,0.2846994698047638,0.012942874077725718,-1.8186113691416069e-16,0.0024545718915760517,-6.794263640154171e-19
2.303,0.3,0.2847287356853485,0.012942874077725718,-1.8103119020963928e-16,0.0024543607141822577,-3.1482674983121014e-19
2.3040000000000003,0.3,0.28475794196128845,0.012942874077725718,-1.802718516422054e-16,0.0024541497696191072,1.2894045842606592e-19
2.305,0.3,0.2847870886325836,0.012942874077725718,-1.7960139859467402e-16,0.0024539390578866005,6.677076613842791e-19
2.306,0.3,0.2848162055015564,0.012942874077725718,-1.7902431769468763e-16,0.0024537285789847374,1.301458981389561e-18
2.307,0.3,0.284845232963562,0.012942874077725718,-1.7853146363339383e-16,0.0024535185657441616,1.998487271517881e-18
2.308,0.3,0.28487423062324524,0.012942874077725718,-1.7813216700810223e-16,0.0024533087853342295,2.727090616188504e-18
2.309,0.3,0.2849031388759613,0.012942874077725718,-1.7783557312766522e-16,0.002453099237754941,3.4714180561154236e-18
2.31,0.3,0.284932017326355,0.012942874077725718,-1.776369968410933e-16,0.002452889923006296,4.215621266707301e-18
2.311,0.3,0.2849608361721039,0.012942874077725718,-1.7752268709788336e-16,0.002452680841088295,4.912163302516182e-18
2.312,0.3,0.284989595413208,0.012942874077725718,-1.7748332653561564e-16,0.002452472224831581,5.545206448835938e-18
2.313,0.3,0.28501829504966736,0.012942874077725718,-1.7750014808055252e-16,0.002452263841405511,6.130606937430748e-18
2.314,0.3,0.28504693508148193,0.012942874077725718,-1.775591624541745e-16,0.0024520554579794407,6.6683727271544215e-18
2.315,0.3,0.28507551550865173,0.012942874077725718,-1.7762369577684344e-16,0.002451847540214658,7.095129273361664e-18
2.316,0.3,0.28510403633117676,0.012942874077725718,-1.7765224343414387e-16,0.0024516398552805185,7.395049562999108e-18
2.317,0.3,0.285132497549057,0.012942874077725718,-1.776214723153569e-16,0.002451432403177023,7.599846101114562e-18
2.318,0.3,0.2851608991622925,0.012942874077725718,-1.775358558132352e-16,0.002451225183904171,7.741226091352713e-18
2.319,0.3,0.2851892411708832,0.012942874077725718,-1.7737699743095562e-16,0.0024510184302926064,7.819200193745683e-18
2.32,0.3,0.2852175235748291,0.012942874077725718,-1.771177391746468e-16,0.0024508116766810417,7.770396509399573e-18
2.321,0.3,0.28524574637413025,0.012942874077725718,-1.7676234267882462e-16,0.0024506053887307644,7.65821885009518e-18
2.322,0.3,0.2852739095687866,0.012942874077725718,-1.7627446493609594e-16,0.0024503993336111307,7.419295334211364e-18
2.323,0.3,0.2853020131587982,0.012942874077725718,-1.7565872492300127e-16,0.002450193278491497,7.085338475141713e-18
2.324,0.3,0.28533005714416504,0.012942874077725718,-1.74905924391129e-16,0.0024499876890331507,6.672209841868669e-18
2.325,0.3,0.2853580415248871,0.012942874077725718,-1.7403902587428364e-16,0.002449782332405448,6.243305266701474e-18
2.326,0.3,0.28538593649864197,0.012942874077725718,-1.7304901641251077e-16,0.002449577208608389,5.798627461442929e-18
2.327,0.3,0.28541380167007446,0.012942874077725718,-1.7193171378063334e-16,0.0024493723176419735,5.306487747648066e-18
2.328,0.3,0.2854415774345398,0.012942874077725718,-1.7069663386441817e-16,0.0024491678923368454,4.751048394830197e-18
2.329,0.3,0.28546932339668274,0.012942874077725718,-1.6936689801634732e-16,0.0024489634670317173,4.164011177929571e-18
2.33,0.3,0.2854969799518585,0.012942874077725718,-1.679518103639508e-16,0.002448759274557233,3.561227044832717e-18
2.331,0.3,0.2855245769023895,0.012942874077725718,-1.6646075444409742e-16,0.0024485555477440357,2.9426985282063107e-18
2.332,0.3,0.28555211424827576,0.012942874077725718,-1.6489870657535228e-16,0.0024483518209308386,2.2767369014177637e-18
2.333,0.3,0.2855795621871948,0.012942874077725718,-1.6331131389263852e-16,0.0024481485597789288,1.6742694378832847e-18
2.334,0.3,0.2856069803237915,0.012942874077725718,-1.617261579063011e-16,0.0024479455314576626,1.1669765991184916e-18
2.335,0.3,0.285634309053421,0.012942874077725718,-1.6016193951562863e-16,0.0024477425031363964,7.231510678413043e-19
2.336,0.3,0.28566157817840576,0.012942874077725718,-1.5865999128146914e-16,0.0024475399404764175,3.903189552089697e-19
2.337,0.3,0.2856887876987457,0.012942874077725718,-1.5722041908294105e-16,0.0024473376106470823,1.3677039002291492e-19
2.338,0.3,0.28571590781211853,0.012942874077725718,-1.5585692103098825e-16,0.0024471355136483908,-2.1662261026503174e-20
2.339,0.3,0.28574299812316895,0.012942874077725718,-1.5456032534697873e-16,0.002446933416649699,-1.16686282135237e-19
2.34,0.3,0.2857699990272522,0.012942874077725718,-1.5335809442724925e-16,0.002446731785312295,-1.1662103035845853e-19
2.341,0.3,0.2857969403266907,0.012942874077725718,-1.5223650369107635e-16,0.0024465303868055344,-6.901931383867251e-20
2.342,0.3,0.2858238220214844,0.012942874077725718,-1.5120436757506739e-16,0.0024463292211294174,7.364786022580614e-20
2.343,0.3,0.2858506143093109,0.012942874077725718,-1.5025254077036997e-16,0.002446128288283944,2.7967329659574994e-19
2.344,0.3,0.2858773469924927,0.012942874077725718,-1.493810762165433e-16,0.0024459275882691145,5.173550225980026e-19
2.345,0.3,0.28590402007102966,0.012942874077725718,-1.4859442083656047e-16,0.0024457271210849285,7.866877884735947e-19
2.346,0.3,0.2859306037425995,0.012942874077725718,-1.4786503282474591e-16,0.002445526886731386,1.0401295956690793e-18
2.347,0.3,0.2859571576118469,0.012942874077725718,-1.4717869790945351e-16,0.0024453268852084875,1.3093746280855819e-18
2.348,0.3,0.2859835922718048,0.012942874077725718,-1.4649409676472503e-16,0.0024451271165162325,1.546883752522697e-18
2.349,0.3,0.2860099971294403,0.012942874077725718,-1.4577875097098917e-16,0.002444927580654621,1.7685083145192137e-18
2.35,0.3,0.28603631258010864,0.012942874077725718,-1.449821694236557e-16,0.0024447282776236534,1.9267144862441118e-18
2.351,0.3,0.2860625684261322,0.012942874077725718,-1.4407688972638787e-16,0.0024445289745926857,2.005667366768207e-18
2.352,0.3,0.286088764667511,0.012942874077725718,-1.4308113632244143e-16,0.0024443301372230053,2.068762736725147e-18
2.353,0.3,0.2861148715019226,0.012942874077725718,-1.4199074022152913e-16,0.0024441315326839685,2.084311897819016e-18
2.354,0.3,0.28614091873168945,0.012942874077725718,-1.4081959805794186e-16,0.0024439331609755754,2.0523224694990417e-18
2.355,0.3,0.28616687655448914,0.012942874077725718,-1.3960476752312198e-16,0.002443735022097826,1.9886476695632333e-18
2.356,0.3,0.28619277477264404,0.012942874077725718,-1.3837848880862436e-16,0.00244353711605072,1.9249835148105092e-18
2.357,0.3,0.2862186133861542,0.012942874077725718,-1.3720061008612845e-16,0.0024433392100036144,1.8930206630549085e-18
2.358,0.3,0.28624436259269714,0.012942874077725718,-1.361126095002701e-16,0.002443141769617796,1.908598954591139e-18
2.359,0.3,0.28627005219459534,0.012942874077725718,-1.3511937072538583e-16,0.002442944562062621,1.8766362107574426e-18
2.36,0.3,0.28629565238952637,0.012942874077725718,-1.3425732941309737e-16,0.0024427473545074463,1.8605226223496012e-18
2.361,0.3,0.2863211929798126,0.012942874077725718,-1.335310383654962e-16,0.0024425506126135588,1.828564099632479e-18
2.362,0.3,0.2863466441631317,0.012942874077725718,-1.329583646838135e-16,0.0024423538707196712,1.8441457775903656e-18
2.363,0.3,0.28637203574180603,0.012942874077725718,-1.3253446439838212e-16,0.002442157594487071,1.8914140318564824e-18
2.364,0.3,0.28639736771583557,0.012942874077725718,-1.3225908604629587e-16,0.002441961318254471,1.970363636271624e-18
2.365,0.3,0.28642261028289795,0.012942874077725718,-1.3211355519804574e-16,0.0024417652748525143,2.065143762501659e-18
2.366,0.3,0.28644779324531555,0.012942874077725718,-1.3207485638026806e-16,0.0024415694642812014,2.112369404601383e-18
2.367,0.3,0.286472886800766,0.012942874077725718,-1.3212876208642692e-16,0.002441373886540532,2.1437401988865403e-18
2.368,0.3,0.28649792075157166,0.012942874077725718,-1.3223808227618192e-16,0.0024411785416305065,2.1592593752776996e-18
2.369,0.3,0.28652286529541016,0.012942874077725718,-1.3237940442947538e-16,0.0024409834295511246,2.206466958241268e-18
2.37,0.3,0.2865477502346039,0.012942874077725718,-1.3252048835475243e-16,0.0024407885503023863,2.2536669894227555e-18
2.371,0.3,0.28657254576683044,0.012942874077725718,-1.326151707563877e-16,0.002440593671053648,2.3008602668681457e-18
2.372,0.3,0.28659728169441223,0.012942874077725718,-1.3261735451320484e-16,0.002440399257466197,2.3480474711161527e-18
2.373,0.3,0.28662192821502686,0.012942874077725718,-1.324904319200147e-16,0.002440204843878746,2.3635376603252176e-18
2.374,0.3,0.2866465151309967,0.012942874077725718,-1.322345353257153e-16,0.0024400108959525824,2.3631819278387035e-18
2.375,0.3,0.2866710126399994,0.012942874077725718,-1.3183619161248936e-16,0.0024398169480264187,2.3311374200210348e-18
2.376,0.3,0.2866954207420349,0.012942874077725718,-1.3128198060207883e-16,0.0024396232329308987,2.2198724844242145e-18
2.3770000000000002,0.3,0.28671976923942566,0.012942874077725718,-1.305904840797641e-16,0.0024394297506660223,2.061091378224859e-18
2.378,0.3,0.28674405813217163,0.012942874077725718,-1.2977588984741168e-16,0.0024392365012317896,1.8389558859492578e-18
2.379,0.3,0.28676825761795044,0.012942874077725718,-1.2887544088492116e-16,0.002439043251797557,1.5376302055123384e-18
2.38,0.3,0.2867923676967621,0.012942874077725718,-1.2794445903166007e-16,0.0024388504680246115,1.204663740861895e-18
2.3810000000000002,0.3,0.28681641817092896,0.012942874077725718,-1.2700164518691703e-16,0.002438657684251666,7.925243271940658e-19
2.382,0.3,0.28684040904045105,0.012942874077725718,-1.260792130724673e-16,0.002438465366140008,3.3291576736207047e-19
2.383,0.3,0.2868642807006836,0.012942874077725718,-1.2522323333970763e-16,0.00243827304802835,-1.7415480236742274e-19
2.384,0.3,0.28688809275627136,0.012942874077725718,-1.244476687973779e-16,0.0024380807299166918,-7.920627474661066e-19
2.3850000000000002,0.3,0.28691184520721436,0.012942874077725718,-1.2381206321469216e-16,0.002437888877466321,-1.4415621064924368e-18
2.386,0.3,0.2869355082511902,0.012942874077725718,-1.2334829944118063e-16,0.002437697257846594,-2.106802410723989e-18
2.387,0.3,0.28695908188819885,0.012942874077725718,-1.2307894296395376e-16,0.0024375056382268667,-2.740244444944459e-18
2.388,0.3,0.28698259592056274,0.012942874077725718,-1.2301292733362713e-16,0.0024373142514377832,-3.357739204082334e-18
2.3890000000000002,0.3,0.2870060205459595,0.012942874077725718,-1.2313598533899542e-16,0.0024371230974793434,-3.9592889023040244e-18
2.39,0.3,0.2870293855667114,0.012942874077725718,-1.2341086076526924e-16,0.0024369321763515472,-4.544895379711953e-18
2.391,0.3,0.28705263137817383,0.012942874077725718,-1.237955725420003e-16,0.0024367414880543947,-5.098714564121745e-18
2.392,0.3,0.28707584738731384,0.012942874077725718,-1.2423892811543893e-16,0.002436550799757242,-5.573213559612999e-18
2.3930000000000002,0.3,0.2870989441871643,0.012942874077725718,-1.2468546006242975e-16,0.002436360577121377,-5.968404472741054e-18
2.394,0.3,0.28712198138237,0.012942874077725718,-1.2508430670146812e-16,0.0024361703544855118,-6.2684536850359086e-18
2.395,0.3,0.2871449589729309,0.012942874077725718,-1.2538939738115728e-16,0.0024359803646802902,-6.457530416643871e-18
2.396,0.3,0.28716781735420227,0.012942874077725718,-1.2555482026877808e-16,0.0024357903748750687,-6.551498103988476e-18
2.3970000000000002,0.3,0.28719061613082886,0.012942874077725718,-1.2557612844135745e-16,0.0024356008507311344,-6.502835277894664e-18
2.398,0.3,0.28721335530281067,0.012942874077725718,-1.254398223112985e-16,0.0024354113265872,-6.311565512968825e-18
2.399,0.3,0.28723597526550293,0.012942874077725718,-1.2513262728413102e-16,0.0024352220352739096,-6.025249711383508e-18
2.4,0.3,0.2872585356235504,0.012942874077725718,-1.2470541827624943e-16,0.002435032743960619,-5.564676051405483e-18
2.4010000000000002,0.3,0.2872810363769531,0.012942874077725718,-1.241588173274744e-16,0.0024348439183086157,-4.993256463227775e-18
2.402,0.3,0.2873034179210663,0.012942874077725718,-1.235161178438554e-16,0.0024346550926566124,-4.2951644185833736e-18
2.403,0.3,0.28732576966285706,0.012942874077725718,-1.228191817818325e-16,0.0024344664998352528,-3.470421897792082e-18
2.404,0.3,0.2873480021953583,0.012942874077725718,-1.2209139519168386e-16,0.0024342781398445368,-2.550742101454149e-18
2.4050000000000002,0.3,0.2873701751232147,0.012942874077725718,-1.213699481137498e-16,0.0024340900126844645,-1.5678330741247105e-18
2.406,0.3,0.2873922288417816,0.012942874077725718,-1.2068264705150195e-16,0.002433901885524392,-5.375517252134354e-19
2.407,0.3,0.2874142527580261,0.012942874077725718,-1.2004808702511047e-16,0.0024337139911949635,4.925565563861737e-19
2.408,0.3,0.2874361574649811,0.012942874077725718,-1.1946187405116149e-16,0.0024335260968655348,1.4591088869294336e-18
2.4090000000000003,0.3,0.28745800256729126,0.012942874077725718,-1.1894689125412067e-16,0.0024333386681973934,2.3621154116154e-18
2.41,0.3,0.2874797582626343,0.012942874077725718,-1.1848946699282375e-16,0.002433151239529252,3.1223583579369395e-18
2.411,0.3,0.2875014543533325,0.012942874077725718,-1.1811685190537066e-16,0.0024329640436917543,3.803244113587706e-18
2.412,0.3,0.2875230610370636,0.012942874077725718,-1.1780123948828983e-16,0.0024327770806849003,4.373095201421853e-18
2.4130000000000003,0.3,0.2875445783138275,0.012942874077725718,-1.1750565145947768e-16,0.0024325901176780462,4.800239422281459e-18
2.414,0.3,0.28756600618362427,0.012942874077725718,-1.172160058961861e-16,0.002432403387501836,5.100546351135856e-18
2.415,0.3,0.28758734464645386,0.012942874077725718,-1.1693686883539642e-16,0.002432216890156269,5.27403706583074e-18
2.416,0.3,0.28760862350463867,0.012942874077725718,-1.1667271366986128e-16,0.0024320303928107023,5.33657826816257e-18
2.4170000000000003,0.3,0.2876298129558563,0.012942874077725718,-1.164234609902419e-16,0.002431844361126423,5.272342705640347e-18
2.418,0.3,0.2876509428024292,0.012942874077725718,-1.1619369006840937e-16,0.0024316580966115,5.081351678295046e-18
2.419,0.3,0.2876719534397125,0.012942874077725718,-1.159693057467258e-16,0.002431472297757864,4.779472166905323e-18
2.42,0.3,0.2876929044723511,0.012942874077725718,-1.1575028155541155e-16,0.002431286498904228,4.3667225985605394e-18
2.4210000000000003,0.3,0.28771379590034485,0.012942874077725718,-1.1555481546794282e-16,0.002431100932881236,3.890658380188053e-18
2.422,0.3,0.2877345681190491,0.012942874077725718,-1.1538724852817428e-16,0.0024309155996888876,3.3988270452167478e-18
2.423,0.3,0.2877552807331085,0.012942874077725718,-1.1523843542725354e-16,0.002430730266496539,2.8595401577828047e-18
2.424,0.3,0.2877759039402008,0.012942874077725718,-1.1510812470227438e-16,0.0024305451661348343,2.320342670481458e-18
2.4250000000000003,0.3,0.2877964377403259,0.012942874077725718,-1.1499171061158612e-16,0.0024303600657731295,1.7653889429696647e-18
2.426,0.3,0.2878168821334839,0.012942874077725718,-1.1489374595728024e-16,0.002430175431072712,1.2105272255938061e-18
2.427,0.3,0.28783726692199707,0.012942874077725718,-1.1481413809512814e-16,0.0024299907963722944,6.557575027811015e-19
2.428,0.3,0.2878575623035431,0.012942874077725718,-1.1475287379024e-16,0.002429806161671877,1.0107974384439267e-19
2.4290000000000003,0.3,0.28787776827812195,0.012942874077725718,-1.1471905864679884e-16,0.002429621759802103,-4.2181463538259095e-19
2.43,0.3,0.28789788484573364,0.012942874077725718,-1.1470338853727464e-16,0.002429437590762973,-8.970848128784574e-19
2.431,0.3,0.28791794180870056,0.012942874077725718,-1.1467812313264482e-16,0.0024292536545544863,-1.340583972375588e-18
2.432,0.3,0.2879379093647003,0.012942874077725718,-1.1464786817456008e-16,0.0024290697183459997,-1.7206259219583642e-18
2.433,0.3,0.2879577875137329,0.012942874077725718,-1.1459880643806833e-16,0.002428885782137513,-2.037220790134521e-18
2.434,0.3,0.28797757625579834,0.012942874077725718,-1.1450338288260421e-16,0.002428702311590314,-2.3220699428938015e-18
2.435,0.3,0.287997305393219,0.012942874077725718,-1.1434787292744424e-16,0.0024285188410431147,-2.5751785944113235e-18
2.436,0.3,0.2880169451236725,0.012942874077725718,-1.1414622614643852e-16,0.0024283353704959154,-2.78070672318528e-18
2.437,0.3,0.2880364954471588,0.012942874077725718,-1.1390783931134564e-16,0.0024281523656100035,-2.9545082549206094e-18
2.438,0.3,0.288055956363678,0.012942874077725718,-1.1365576760019868e-16,0.002427969127893448,-3.064897615588162e-18
2.439,0.3,0.28807532787323,0.012942874077725718,-1.1338117010661067e-16,0.0024277863558381796,-3.1911136718567096e-18
2.44,0.3,0.2880946397781372,0.012942874077725718,-1.1308857316289352e-16,0.0024276035837829113,-3.317308160918417e-18
2.441,0.3,0.28811386227607727,0.012942874077725718,-1.127825825106979e-16,0.0024274210445582867,-3.4276355249829134e-18
2.442,0.3,0.28813299536705017,0.012942874077725718,-1.1246792300568273e-16,0.002427238505333662,-3.52209866899046e-18
2.443,0.3,0.2881520688533783,0.012942874077725718,-1.1216753071187287e-16,0.0024270559661090374,-3.569009393084217e-18
2.444,0.3,0.28817102313041687,0.012942874077725718,-1.1189073622657793e-16,0.0024268738925457,-3.584221575916298e-18
2.445,0.3,0.28818991780281067,0.012942874077725718,-1.1164675103309929e-16,0.0024266918189823627,-3.5677407764677706e-18
2.446,0.3,0.2882087230682373,0.012942874077725718,-1.1144019410797744e-16,0.0024265097454190254,-3.535417903242603e-18
2.447,0.3,0.2882274389266968,0.012942874077725718,-1.112708669278654e-16,0.0024263281375169754,-3.4555640996841257e-18
2.448,0.3,0.2882460653781891,0.012942874077725718,-1.1112035976105014e-16,0.0024261462967842817,-3.3598782644659687e-18
2.449,0.3,0.2882646322250366,0.012942874077725718,-1.109840139263218e-16,0.0024259646888822317,-3.2325170848375054e-18
2.45,0.3,0.288283109664917,0.012942874077725718,-1.1083879409798199e-16,0.0024257833138108253,-3.1051768769565917e-18
2.451,0.3,0.2883014976978302,0.012942874077725718,-1.1068474659814501e-16,0.0024256021715700626,-2.9778573640829924e-18
2.452,0.3,0.28831979632377625,0.012942874077725718,-1.1050337566831419e-16,0.0024254210293293,-2.8505579272121357e-18
2.453,0.3,0.2883380353450775,0.012942874077725718,-1.1027168568746053e-16,0.002425239887088537,-2.7232778062853847e-18
2.454,0.3,0.28835615515708923,0.012942874077725718,-1.0996202897079008e-16,0.002425058977678418,-2.5960162955977366e-18
2.455,0.3,0.2883742153644562,0.012942874077725718,-1.0955611490059806e-16,0.0024248783010989428,-2.4687731130022963e-18
2.456,0.3,0.28839218616485596,0.012942874077725718,-1.090404041846182e-16,0.0024246976245194674,-2.3890852838620802e-18
2.457,0.3,0.2884100675582886,0.012942874077725718,-1.0842438623883771e-16,0.002424516947939992,-2.3727906186098672e-18
2.458,0.3,0.2884278893470764,0.012942874077725718,-1.0769444897909642e-16,0.00242433650419116,-2.4515698367922046e-18
2.459,0.3,0.2884456217288971,0.012942874077725718,-1.068737269927662e-16,0.002424156293272972,-2.5778703372006497e-18
2.46,0.3,0.2884632647037506,0.012942874077725718,-1.0594408186337501e-16,0.002423976082354784,-2.8150667856017955e-18
2.461,0.3,0.28848081827163696,0.012942874077725718,-1.0491945654732802e-16,0.0024237961042672396,-3.147295206866475e-18
2.462,0.3,0.28849828243255615,0.012942874077725718,-1.0382745240730492e-16,0.002423616126179695,-3.4794662011193015e-18
2.463,0.3,0.28851568698883057,0.012942874077725718,-1.0265454338592923e-16,0.0024234363809227943,-3.8908082734193115e-18
2.464,0.3,0.28853297233581543,0.012942874077725718,-1.0143762173852081e-16,0.0024232566356658936,-4.31792649726411e-18
2.465,0.3,0.2885501980781555,0.012942874077725718,-1.0021367236462815e-16,0.0024230771232396364,-4.744973740628503e-18
2.466,0.3,0.28856733441352844,0.012942874077725718,-9.901507442214901e-17,0.0024228976108133793,-5.187796730173294e-18
2.467,0.3,0.2885844111442566,0.012942874077725718,-9.789242489479204e-17,0.002422718331217766,-5.5988571484201446e-18
2.468,0.3,0.2886013686656952,0.012942874077725718,-9.68825630983179e-17,0.0024225390516221523,-5.978161277317094e-18
2.469,0.3,0.288618266582489,0.012942874077725718,-9.602212320769534e-17,0.002422359772026539,-6.294023961203715e-18
2.47,0.3,0.2886350750923157,0.012942874077725718,-9.532017112243794e-17,0.0024221809580922127,-6.578147579372987e-18
2.471,0.3,0.28865179419517517,0.012942874077725718,-9.480406335976406e-17,0.002422001911327243,-6.798846590518373e-18
2.472,0.3,0.2886684536933899,0.012942874077725718,-9.448262097372595e-17,0.0024218230973929167,-6.940286059152392e-18
2.473,0.3,0.28868499398231506,0.012942874077725718,-9.436468487071059e-17,0.002421644516289234,-6.970787719377246e-18
2.474,0.3,0.28870147466659546,0.012942874077725718,-9.442685576555008e-17,0.0024214659351855516,-6.906214831228901e-18
2.475,0.3,0.2887178659439087,0.012942874077725718,-9.464102936975231e-17,0.002421287354081869,-6.71489082075373e-18
2.476,0.3,0.28873419761657715,0.012942874077725718,-9.496085048178981e-17,0.0024211090058088303,-6.4126811379980595e-18
2.477,0.3,0.28875041007995605,0.012942874077725718,-9.533545080271302e-17,0.002420930890366435,-6.031294427180047e-18
2.478,0.3,0.2887665629386902,0.012942874077725718,-9.574162957070106e-17,0.00242075277492404,-5.554897014121833e-18
2.479,0.3,0.28878262639045715,0.012942874077725718,-9.611942611751118e-17,0.0024205746594816446,-5.0151943640497774e-18
2.48,0.3,0.28879860043525696,0.012942874077725718,-9.641813758031633e-17,0.002420396776869893,-4.412195475497831e-18
2.481,0.3,0.2888144850730896,0.012942874077725718,-9.658261417331638e-17,0.0024202188942581415,-3.777600854088026e-18
2.482,0.3,0.28883031010627747,0.012942874077725718,-9.658081422830346e-17,0.00242004101164639,-3.1114151619300306e-18
2.483,0.3,0.28884604573249817,0.012942874077725718,-9.639931756701953e-17,0.002419863361865282,-2.4453346373451908e-18
2.484,0.3,0.2888616919517517,0.012942874077725718,-9.603378976305479e-17,0.002419685944914818,-1.7635134809426546e-18
2.485,0.3,0.2888772487640381,0.012942874077725718,-9.546632401050871e-17,0.0024195085279643536,-1.1293371058339395e-18
2.486,0.3,0.2888927161693573,0.012942874077725718,-9.470663471849511e-17,0.0024193311110138893,-5.903354964367477e-19
2.487,0.3,0.28890812397003174,0.012942874077725718,-9.381498034027725e-17,0.0024191539268940687,-9.895736721831362e-20
2.488,0.3,0.288923442363739,0.012942874077725718,-9.281483957036184e-17,0.002418976742774248,2.814214210166585e-19
2.489,0.3,0.2889386713504791,0.012942874077725718,-9.177084499309131e-17,0.002418799791485071,6.142003126663498e-19
2.49,0.3,0.28895384073257446,0.012942874077725718,-9.072467989389344e-17,0.0024186228401958942,8.835400570420139e-19
2.491,0.3,0.28896889090538025,0.012942874077725718,-8.971796138374701e-17,0.0024184458889067173,1.05775862346868e-18
2.492,0.3,0.28898388147354126,0.012942874077725718,-8.879665423493034e-17,0.002418269170448184,1.1685622011231342e-18
2.493,0.3,0.2889987826347351,0.012942874077725718,-8.797440361882813e-17,0.0024180924519896507,1.2159612331778595e-18
2.494,0.3,0.2890136241912842,0.012942874077725718,-8.723262775015998e-17,0.0024179157335311174,1.1524296049471628e-18
2.495,0.3,0.2890283465385437,0.012942874077725718,-8.658480636418805e-17,0.002417739247903228,1.0413682440314352e-18
2.496,0.3,0.28904300928115845,0.012942874077725718,-8.602618151802894e-17,0.002417562762275338,8.510941302407646e-19
2.497,0.3,0.28905758261680603,0.012942874077725718,-8.554261173193044e-17,0.002417386509478092,6.133123693358497e-19
2.498,0.3,0.28907209634780884,0.012942874077725718,-8.512002170058935e-17,0.002417210256680846,3.438769330969849e-19
2.499,0.3,0.2890864908695221,0.012942874077725718,-8.473987596083958e-17,0.002417034236714244,1.1102344404605798e-20
2.5,0.3,0.2891008257865906,0.012942874077725718,-8.438815214693713e-17,0.002416857983916998,-3.6915470815435604e-19
2.501,0.3,0.2891150712966919,0.012942874077725718,-8.405550642668261e-17,0.0024166819639503956,-7.810401674662694e-19
2.5020000000000002,0.3,0.28912925720214844,0.012942874077725718,-8.370967213874154e-17,0.002416506176814437,-1.2720848860415157e-18
2.503,0.3,0.2891433537006378,0.012942874077725718,-8.334583840067131e-17,0.0024163303896784782,-1.7788924027806553e-18
2.504,0.3,0.28915733098983765,0.012942874077725718,-8.295468123260724e-17,0.0024161546025425196,-2.2380769823695717e-18
2.505,0.3,0.2891712784767151,0.012942874077725718,-8.251324471818974e-17,0.0024159790482372046,-2.6813374730090817e-18
2.5060000000000002,0.3,0.289185106754303,0.012942874077725718,-8.202160826675762e-17,0.002415803261101246,-3.0928306765112043e-18
2.507,0.3,0.2891988754272461,0.012942874077725718,-8.147981158298029e-17,0.0024156279396265745,-3.4408703120890993e-18
2.508,0.3,0.28921255469322205,0.012942874077725718,-8.086496492494717e-17,0.0024154523853212595,-3.757157688730416e-18
2.509,0.3,0.28922614455223083,0.012942874077725718,-8.016796268847529e-17,0.002415277063846588,-4.025852499044498e-18
2.5100000000000002,0.3,0.28923967480659485,0.012942874077725718,-7.939826781977225e-17,0.0024151019752025604,-4.262808670600088e-18
2.511,0.3,0.2892531156539917,0.012942874077725718,-7.857444886922863e-17,0.002414926653727889,-4.436340807750525e-18
2.512,0.3,0.2892664670944214,0.012942874077725718,-7.770140936351567e-17,0.0024147515650838614,-4.609842747418597e-18
2.513,0.3,0.2892797291278839,0.012942874077725718,-7.681610773240221e-17,0.0024145764764398336,-4.751624229350397e-18
2.5140000000000002,0.3,0.28929293155670166,0.012942874077725718,-7.595546931843264e-17,0.0024144016206264496,-4.830000126097329e-18
2.515,0.3,0.28930604457855225,0.012942874077725718,-7.514255591708493e-17,0.0024142267648130655,-4.829136085317125e-18
2.516,0.3,0.28931906819343567,0.012942874077725718,-7.439123107542546e-17,0.0024140519089996815,-4.78073715477138e-18
2.517,0.3,0.2893320322036743,0.012942874077725718,-7.371524584395733e-17,0.0024138770531862974,-4.684811661068714e-18
2.5180000000000002,0.3,0.2893449068069458,0.012942874077725718,-7.311913978988221e-17,0.002413702430203557,-4.557213504032025e-18
2.519,0.3,0.2893576920032501,0.012942874077725718,-7.262120353090489e-17,0.0024135278072208166,-4.38210276941701e-18
2.52,0.3,0.28937041759490967,0.012942874077725718,-7.221677176837057e-17,0.00241335341706872,-4.207024344471909e-18
2.521,0.3,0.28938305377960205,0.012942874077725718,-7.19194036468802e-17,0.0024131787940859795,-3.984441659561675e-18
2.5220000000000002,0.3,0.28939560055732727,0.012942874077725718,-7.173357917663139e-17,0.0024130044039338827,-3.74605415852012e-18
2.523,0.3,0.2894080579280853,0.012942874077725718,-7.16775029485452e-17,0.0024128302466124296,-3.44432761248925e-18
2.524,0.3,0.2894204556941986,0.012942874077725718,-7.173250053311262e-17,0.002412655856460333,-3.1109634698183454e-18
2.525,0.3,0.2894327640533447,0.012942874077725718,-7.188458926925907e-17,0.0024124816991388798,-2.761812221572607e-18
2.5260000000000002,0.3,0.28944501280784607,0.012942874077725718,-7.212429959333204e-17,0.0024123075418174267,-2.3810305131592176e-18
2.527,0.3,0.28945717215538025,0.012942874077725718,-7.243764884425693e-17,0.0024121333844959736,-1.984469074530014e-18
2.528,0.3,0.28946924209594727,0.012942874077725718,-7.281991216637483e-17,0.002411959460005164,-1.5879758975657872e-18
2.529,0.3,0.2894812226295471,0.012942874077725718,-7.324335584810808e-17,0.0024117855355143547,-1.2390872836069624e-18
2.5300000000000002,0.3,0.2894931435585022,0.012942874077725718,-7.371234740309094e-17,0.0024116116110235453,-8.744125082763781e-19
2.531,0.3,0.2895049750804901,0.012942874077725718,-7.421297034469784e-17,0.002411437686532736,-5.097994243730379e-19
2.532,0.3,0.28951674699783325,0.012942874077725718,-7.472216287745078e-17,0.00241126399487257,-1.7693841832469755e-19
2.533,0.3,0.28952842950820923,0.012942874077725718,-7.51983674473751e-17,0.0024110903032124043,9.2485541408919e-20
2.5340000000000003,0.3,0.28954002261161804,0.012942874077725718,-7.562770065506973e-17,0.0024109166115522385,3.3017494369168315e-19
2.535,0.3,0.2895515561103821,0.012942874077725718,-7.598258760763458e-17,0.0024107431527227163,5.044445310816169e-19
2.536,0.3,0.28956300020217896,0.012942874077725718,-7.62263147207621e-17,0.0024105694610625505,5.519228865609336e-19
2.537,0.3,0.28957435488700867,0.012942874077725718,-7.635900772590541e-17,0.0024103960022330284,4.884768383110485e-19
2.5380000000000003,0.3,0.2895856499671936,0.012942874077725718,-7.63899906029292e-17,0.00241022277623415,3.4581631456682867e-19
2.539,0.3,0.2895968556404114,0.012942874077725718,-7.630555200599978e-17,0.002410049317404628,1.2395491636282887e-19
2.54,0.3,0.2896080017089844,0.012942874077725718,-7.611502914987167e-17,0.0024098760914057493,-1.1371169250142679e-19
2.541,0.3,0.2896190583705902,0.012942874077725718,-7.581402805113097e-17,0.002409702632576227,-3.988725306519707e-19
2.5420000000000003,0.3,0.2896300256252289,0.012942874077725718,-7.5416683572085e-17,0.0024095294065773487,-7.632116498347253e-19
2.543,0.3,0.2896409332752228,0.012942874077725718,-7.496915900835911e-17,0.002409356413409114,-1.1274885968277163e-18
2.544,0.3,0.2896517515182495,0.012942874077725718,-7.449922115875549e-17,0.0024091831874102354,-1.460012822337355e-18
2.545,0.3,0.28966251015663147,0.012942874077725718,-7.401162134871263e-17,0.0024090101942420006,-1.808326875168869e-18
2.5460000000000003,0.3,0.28967317938804626,0.012942874077725718,-7.353400064557961e-17,0.0024088372010737658,-2.1090461435956645e-18
2.547,0.3,0.2896837592124939,0.012942874077725718,-7.307562347221702e-17,0.002408664207905531,-2.378024477974893e-18
2.548,0.3,0.28969427943229675,0.012942874077725718,-7.263648321117997e-17,0.0024084914475679398,-2.6311130047576248e-18
2.549,0.3,0.28970471024513245,0.012942874077725718,-7.223040370486544e-17,0.002408318454399705,-2.852469092963855e-18
2.5500000000000003,0.3,0.28971508145332336,0.012942874077725718,-7.187114923866631e-17,0.0024081456940621138,-3.026252764565743e-18
2.551,0.3,0.2897253632545471,0.012942874077725718,-7.156788497376967e-17,0.0024079729337245226,-3.1524723443064007e-18
2.552,0.3,0.2897355854511261,0.012942874077725718,-7.1334401665348e-17,0.0024078001733869314,-3.231136162633935e-18
2.553,0.3,0.2897457182407379,0.012942874077725718,-7.118439080690028e-17,0.0024076274130493402,-3.2464066400723335e-18
2.5540000000000003,0.3,0.28975576162338257,0.012942874077725718,-7.110852841856182e-17,0.0024074548855423927,-3.2141398601870816e-18
2.555,0.3,0.28976574540138245,0.012942874077725718,-7.111587378240129e-17,0.002407282358035445,-3.1026524121995017e-18
2.556,0.3,0.28977566957473755,0.012942874077725718,-7.118329892849171e-17,0.0024071098305284977,-2.9594941180533505e-18
2.557,0.3,0.2897854745388031,0.012942874077725718,-7.12969270748769e-17,0.00240693730302155,-2.832207030509704e-18
2.5580000000000003,0.3,0.28979524970054626,0.012942874077725718,-7.145666557732824e-17,0.0024067647755146027,-2.720788168919502e-18
2.559,0.3,0.28980493545532227,0.012942874077725718,-7.163932029146975e-17,0.002406592248007655,-2.6410798625338755e-18
2.56,0.3,0.2898145318031311,0.012942874077725718,-7.182637560647004e-17,0.0024064199533313513,-2.5930763422368158e-18
2.561,0.3,0.28982406854629517,0.012942874077725718,-7.201777196532501e-17,0.0024062476586550474,-2.5450808226104064e-18
2.562,0.3,0.28983351588249207,0.012942874077725718,-7.219044757255668e-17,0.0024060753639787436,-2.5446296754424744e-18
2.563,0.3,0.2898429036140442,0.012942874077725718,-7.233977021673475e-17,0.0024059030693024397,-2.5600234756492366e-18
2.564,0.3,0.28985220193862915,0.012942874077725718,-7.246114077365343e-17,0.002405730774626136,-2.5912594299465142e-18
2.565,0.3,0.28986144065856934,0.012942874077725718,-7.255459233053722e-17,0.0024055587127804756,-2.622489225716662e-18
2.566,0.3,0.28987058997154236,0.012942874077725718,-7.261558532018443e-17,0.0024053864181041718,-2.6695584555840933e-18
2.567,0.3,0.2898796796798706,0.012942874077725718,-7.264418591704407e-17,0.0024052143562585115,-2.7324644736650626e-18
2.568,0.3,0.2898886799812317,0.012942874077725718,-7.264960560441751e-17,0.0024050422944128513,-2.7795136308636025e-18
2.569,0.3,0.289897620677948,0.012942874077725718,-7.264576086893037e-17,0.002404870232567191,-2.794863298786468e-18
2.57,0.3,0.28990647196769714,0.012942874077725718,-7.264190289855342e-17,0.002404698170721531,-2.7785191610784976e-18
2.571,0.3,0.2899152636528015,0.012942874077725718,-7.265192832757756e-17,0.0024045261088758707,-2.7304868934125107e-18
2.572,0.3,0.2899239659309387,0.012942874077725718,-7.269421380049127e-17,0.002404354279860854,-2.6190810086255217e-18
2.573,0.3,0.28993260860443115,0.012942874077725718,-7.276425283731736e-17,0.002404182218015194,-2.507694798114246e-18
2.574,0.3,0.2899411916732788,0.012942874077725718,-7.28849748846358e-17,0.0024040103890001774,-2.3487919040990882e-18
2.575,0.3,0.2899496853351593,0.012942874077725718,-7.306098568409729e-17,0.002403838559985161,-2.1740716582769025e-18
2.576,0.3,0.289958119392395,0.012942874077725718,-7.328300757795142e-17,0.0024036667309701443,-2.0152276989784787e-18
2.577,0.3,0.2899664640426636,0.012942874077725718,-7.352790597882632e-17,0.0024034949019551277,-1.9197937395258107e-18
2.578,0.3,0.28997474908828735,0.012942874077725718,-7.380470708156616e-17,0.002403323072940111,-1.8085307329402293e-18
2.579,0.3,0.28998294472694397,0.012942874077725718,-7.410410675864096e-17,0.0024031512439250946,-1.6497495346641146e-18
2.58,0.3,0.2899910807609558,0.012942874077725718,-7.438460701308014e-17,0.0024029796477407217,-1.5226852608034789e-18
2.581,0.3,0.2899991571903229,0.012942874077725718,-7.464154916367381e-17,0.002402807818725705,-1.3639495214124036e-18
2.582,0.3,0.2900071442127228,0.012942874077725718,-7.482888902880482e-17,0.0024026362225413322,-1.2527748839028532e-18
2.583,0.3,0.2900150418281555,0.012942874077725718,-7.494669278292217e-17,0.0024024646263569593,-1.1416164329822082e-18
2.584,0.3,0.29002290964126587,0.012942874077725718,-7.499048703327318e-17,0.002402292797341943,-1.0463199032438918e-18
2.585,0.3,0.29003068804740906,0.012942874077725718,-7.496507604485555e-17,0.00240212120115757,-9.827284757784728e-19
2.586,0.3,0.2900383770465851,0.012942874077725718,-7.487057893167749e-17,0.0024019498378038406,-9.666827541166005e-19
2.587,0.3,0.2900460362434387,0.012942874077725718,-7.47209849722585e-17,0.0024017782416194677,-9.981752797768718e-19
2.588,0.3,0.2900535762310028,0.012942874077725718,-7.453019741833437e-17,0.002401606645435095,-1.07719851454384e-18
2.589,0.3,0.2900610864162445,0.012942874077725718,-7.43075336323249e-17,0.002401435049250722,-1.2037448473566099e-18
2.59,0.3,0.29006850719451904,0.012942874077725718,-7.407606202715296e-17,0.0024012636858969927,-1.3302697690195384e-18
2.591,0.3,0.2900758683681488,0.012942874077725718,-7.383117024372296e-17,0.0024010920897126198,-1.4726189417102755e-18
2.592,0.3,0.2900831401348114,0.012942874077725718,-7.358672182910129e-17,0.0024009207263588905,-1.5990986467285006e-18
2.593,0.3,0.2900903522968292,0.012942874077725718,-7.333810442419235e-17,0.0024007493630051613,-1.7255571114501501e-18
2.594,0.3,0.29009750485420227,0.012942874077725718,-7.308075199201485e-17,0.0024005777668207884,-1.867839916041342e-18
2.595,0.3,0.29010456800460815,0.012942874077725718,-7.281924380443989e-17,0.002400406403467059,-2.010098997642544e-18
2.596,0.3,0.29011160135269165,0.012942874077725718,-7.255825177756716e-17,0.00240023504011333,-2.1681801719902247e-18
2.597,0.3,0.2901185154914856,0.012942874077725718,-7.229318340463576e-17,0.0024000636767596006,-2.373772257836871e-18
2.598,0.3,0.29012539982795715,0.012942874077725718,-7.205625240742098e-17,0.0023998923134058714,-2.5634852615063885e-18
2.599,0.3,0.29013219475746155,0.012942874077725718,-7.18382340677316e-17,0.002399720950052142,-2.7690129794567673e-18
2.6,0.3,0.29013893008232117,0.012942874077725718,-7.164367457021423e-17,0.002399549586698413,-2.97450719784374e-18
2.601,0.3,0.290145605802536,0.012942874077725718,-7.147252097530965e-17,0.0023993784561753273,-3.179967920844096e-18
2.602,0.3,0.2901521921157837,0.012942874077725718,-7.132933270255428e-17,0.002399207092821598,-3.3695495781471164e-18
2.603,0.3,0.2901587188243866,0.012942874077725718,-7.120946430562799e-17,0.002399035729467869,-3.5591003896192005e-18
2.604,0.3,0.2901651859283447,0.012942874077725718,-7.111746858662229e-17,0.002398864598944783,-3.732774784468069e-18
2.605,0.3,0.2901715636253357,0.012942874077725718,-7.105328598853308e-17,0.002398693235591054,-3.8905754101551735e-18
2.606,0.3,0.2901778817176819,0.012942874077725718,-7.101229091737495e-17,0.0023985221050679684,-4.048350481576022e-18
2.607,0.3,0.2901841402053833,0.012942874077725718,-7.09944238161438e-17,0.002398350741714239,-4.20610000216003e-18
2.608,0.3,0.29019033908843994,0.012942874077725718,-7.101344235278763e-17,0.0023981796111911535,-4.3162870261013975e-18
2.609,0.3,0.2901964783668518,0.012942874077725718,-7.105085076880972e-17,0.0023980082478374243,-4.394764602491586e-18
2.61,0.3,0.2902025282382965,0.012942874077725718,-7.108816654060322e-17,0.0023978371173143387,-4.457383213508695e-18
2.611,0.3,0.29020851850509644,0.012942874077725718,-7.111155920832621e-17,0.002397665986791253,-4.519990766053741e-18
2.612,0.3,0.2902144491672516,0.012942874077725718,-7.111181728867733e-17,0.0023974948562681675,-4.582587037384359e-18
2.613,0.3,0.2902202904224396,0.012942874077725718,-7.109359284542156e-17,0.0023973234929144382,-4.6134805843080945e-18
2.614,0.3,0.2902261018753052,0.012942874077725718,-7.102925804609964e-17,0.0023971523623913527,-4.660213182592091e-18
2.615,0.3,0.2902318239212036,0.012942874077725718,-7.091891215238507e-17,0.002396981231868267,-4.72278219774321e-18
2.616,0.3,0.2902374863624573,0.012942874077725718,-7.077181958713844e-17,0.0023968101013451815,-4.769493847862894e-18
2.617,0.3,0.2902430593967438,0.012942874077725718,-7.056969635009988e-17,0.002396638970822096,-4.8637332927692974e-18
2.618,0.3,0.2902486026287079,0.012942874077725718,-7.033564394141677e-17,0.0023964678402990103,-4.9738016971267465e-18
2.619,0.3,0.29025405645370483,0.012942874077725718,-7.007432104229902e-17,0.0023962967097759247,-5.083850923441938e-18
2.62,0.3,0.2902594804763794,0.012942874077725718,-6.979962428703751e-17,0.002396125579252839,-5.162189991166677e-18
2.621,0.3,0.2902648150920868,0.012942874077725718,-6.951159999774655e-17,0.00239595421589911,-5.224669977654821e-18
2.622,0.3,0.2902700901031494,0.012942874077725718,-6.922870422825341e-17,0.0023957830853760242,-5.239602770022616e-18
2.623,0.3,0.29027530550956726,0.012942874077725718,-6.895104285767651e-17,0.0023956119548529387,-5.2545332303754776e-18
2.624,0.3,0.29028043150901794,0.012942874077725718,-6.869237355396383e-17,0.002395440824329853,-5.2219248744140935e-18
2.625,0.3,0.29028552770614624,0.012942874077725718,-6.846194750508616e-17,0.0023952696938067675,-5.1576316516955834e-18
2.626,0.3,0.2902905344963074,0.012942874077725718,-6.827359517088538e-17,0.0023950987961143255,-5.061659285274609e-18
2.6270000000000002,0.3,0.29029548168182373,0.012942874077725718,-6.814108745419929e-17,0.0023949274327605963,-4.934013430073594e-18
2.628,0.3,0.2903003990650177,0.012942874077725718,-6.806898377456427e-17,0.0023947565350681543,-4.7905450042095795e-18
2.629,0.3,0.2903052270412445,0.012942874077725718,-6.805714516563741e-17,0.002394585171714425,-4.615410779655353e-18
2.63,0.3,0.29030996561050415,0.012942874077725718,-6.809160881867882e-17,0.0023944140411913395,-4.408615586104396e-18
2.6310000000000002,0.3,0.2903146743774414,0.012942874077725718,-6.814006175023972e-17,0.0023942431434988976,-4.23354666797165e-18
2.632,0.3,0.2903193235397339,0.012942874077725718,-6.821163603428271e-17,0.0023940717801451683,-4.0426615938966456e-18
2.633,0.3,0.2903239130973816,0.012942874077725718,-6.826939309337361e-17,0.0023939006496220827,-3.883499185918727e-18
2.634,0.3,0.29032841324806213,0.012942874077725718,-6.829490996090965e-17,0.002393729519098997,-3.7877449196525376e-18
2.6350000000000002,0.3,0.2903328835964203,0.012942874077725718,-6.828356766035032e-17,0.0023935583885759115,-3.72369664450072e-18
2.636,0.3,0.2903372645378113,0.012942874077725718,-6.822615470839424e-17,0.002393387258052826,-3.675503220978371e-18
2.637,0.3,0.2903416156768799,0.012942874077725718,-6.811353903107882e-17,0.0023932161275297403,-3.659007720616713e-18
2.638,0.3,0.2903458774089813,0.012942874077725718,-6.796428256134975e-17,0.0023930449970066547,-3.6583595878225505e-18
2.6390000000000002,0.3,0.290350079536438,0.012942874077725718,-6.778764972206763e-17,0.002392873866483569,-3.657710984341881e-18
2.64,0.3,0.29035425186157227,0.012942874077725718,-6.759298434543185e-17,0.0023927027359604836,-3.688753406957123e-18
2.641,0.3,0.2903583347797394,0.012942874077725718,-6.740330852225099e-17,0.002392531605437398,-3.688099745521806e-18
2.642,0.3,0.2903623580932617,0.012942874077725718,-6.722333387329415e-17,0.0023923602420836687,-3.719138054327891e-18
2.6430000000000002,0.3,0.2903663218021393,0.012942874077725718,-6.707145027793962e-17,0.002392189111560583,-3.75017206133033e-18
2.644,0.3,0.29037022590637207,0.012942874077725718,-6.694760479662818e-17,0.0023920179810374975,-3.781201763371398e-18
2.645,0.3,0.29037410020828247,0.012942874077725718,-6.684715198303974e-17,0.002391846850514412,-3.828072648950151e-18
2.646,0.3,0.2903778851032257,0.012942874077725718,-6.675620843777321e-17,0.0023916754871606827,-3.922473059078152e-18
2.6470000000000002,0.3,0.29038161039352417,0.012942874077725718,-6.666549650307819e-17,0.002391504356637597,-4.080240409608891e-18
2.648,0.3,0.29038527607917786,0.012942874077725718,-6.658416810525198e-17,0.002391332993283868,-4.2379815923302686e-18
2.649,0.3,0.29038888216018677,0.012942874077725718,-6.648916144881659e-17,0.0023911618627607822,-4.443232940883888e-18
2.65,0.3,0.2903924584388733,0.012942874077725718,-6.636202709738964e-17,0.002390990499407053,-4.7118316669392246e-18
2.6510000000000002,0.3,0.29039594531059265,0.012942874077725718,-6.620732447050752e-17,0.0023908193688839674,-4.980384462881298e-18
2.652,0.3,0.29039937257766724,0.012942874077725718,-6.601584870231375e-17,0.002390648005530238,-5.217199716830017e-18
2.653,0.3,0.29040277004241943,0.012942874077725718,-6.577384874230523e-17,0.0023904768750071526,-5.422282587785512e-18
2.654,0.3,0.29040607810020447,0.012942874077725718,-6.549524769455247e-17,0.0023903055116534233,-5.563947246989701e-18
2.6550000000000002,0.3,0.2904093563556671,0.012942874077725718,-6.517554569652318e-17,0.002390134148299694,-5.642204214282142e-18
2.656,0.3,0.290412575006485,0.012942874077725718,-6.481023626824016e-17,0.002389962784945965,-5.672909622597716e-18
2.657,0.3,0.2904157042503357,0.012942874077725718,-6.439483939950583e-17,0.0023897914215922356,-5.671917180548785e-18
2.658,0.3,0.290418803691864,0.012942874077725718,-6.394334436883969e-17,0.0023896200582385063,-5.6392325513034006e-18
2.6590000000000003,0.3,0.29042184352874756,0.012942874077725718,-6.346044294467613e-17,0.0023894489277154207,-5.590706780944537e-18
2.66,0.3,0.29042482376098633,0.012942874077725718,-6.295086660011896e-17,0.002389277331531048,-5.526342867795795e-18
2.661,0.3,0.2904277443885803,0.012942874077725718,-6.242851196945907e-17,0.0023891059681773186,-5.461989717317397e-18
2.662,0.3,0.29043063521385193,0.012942874077725718,-6.192571850592484e-17,0.0023889346048235893,-5.38180225924759e-18
2.6630000000000003,0.3,0.29043343663215637,0.012942874077725718,-6.145629681702345e-17,0.00238876324146986,-5.254092275824993e-18
2.664,0.3,0.2904362082481384,0.012942874077725718,-6.102945838605629e-17,0.002388591878116131,-5.094713547590634e-18
2.665,0.3,0.2904388904571533,0.012942874077725718,-6.065894102863663e-17,0.002388420281931758,-4.871980497075264e-18
2.666,0.3,0.2904415428638458,0.012942874077725718,-6.034471827498489e-17,0.0023882489185780287,-4.6334405824327874e-18
2.6670000000000003,0.3,0.29044413566589355,0.012942874077725718,-6.008671071576225e-17,0.0023880773223936558,-4.379096420624336e-18
2.668,0.3,0.2904466688632965,0.012942874077725718,-5.986638950524753e-17,0.0023879059590399265,-4.1723326667657054e-18
2.669,0.3,0.2904491424560547,0.012942874077725718,-5.967900331800221e-17,0.0023877343628555536,-3.9814495107909315e-18
2.67,0.3,0.2904515862464905,0.012942874077725718,-5.947373017719105e-17,0.0023875627666711807,-3.853980153220015e-18
2.6710000000000003,0.3,0.2904539704322815,0.012942874077725718,-5.924130565995345e-17,0.002387391170486808,-3.758222216890653e-18
2.672,0.3,0.29045629501342773,0.012942874077725718,-5.894023838676375e-17,0.002387219574302435,-3.741706406970498e-18
2.673,0.3,0.2904585599899292,0.012942874077725718,-5.855675083733927e-17,0.0023870482109487057,-3.788573348973886e-18
2.674,0.3,0.2904607653617859,0.012942874077725718,-5.808629682703341e-17,0.002386876381933689,-3.835429786768065e-18
2.6750000000000003,0.3,0.2904629111289978,0.012942874077725718,-5.75198303086673e-17,0.002386704785749316,-3.882275606106662e-18
2.676,0.3,0.29046502709388733,0.012942874077725718,-5.686210922512433e-17,0.0023865331895649433,-3.913265478094278e-18
2.677,0.3,0.2904670834541321,0.012942874077725718,-5.613180138846861e-17,0.0023863615933805704,-3.912556818395144e-18
2.678,0.3,0.29046908020973206,0.012942874077725718,-5.5338287026846495e-17,0.002386189764365554,-3.8801554672408204e-18
2.6790000000000003,0.3,0.29047104716300964,0.012942874077725718,-5.450944212690101e-17,0.002386018168181181,-3.816067195436872e-18
2.68,0.3,0.29047292470932007,0.012942874077725718,-5.3636144540836927e-17,0.0023858463391661644,-3.767834396158755e-18
2.681,0.3,0.2904747724533081,0.012942874077725718,-5.2746190845958475e-17,0.002385674510151148,-3.7354552119961026e-18
2.682,0.3,0.29047656059265137,0.012942874077725718,-5.186270239474774e-17,0.0023855026811361313,-3.7189276346697045e-18
2.6830000000000003,0.3,0.29047831892967224,0.012942874077725718,-5.101793923109428e-17,0.0023853310849517584,-3.6865583834125554e-18
2.684,0.3,0.29048001766204834,0.012942874077725718,-5.022108967724235e-17,0.002385159255936742,-3.638350664491043e-18
2.685,0.3,0.29048165678977966,0.012942874077725718,-4.950898312278525e-17,0.0023849871940910816,-3.5584624286741534e-18
2.686,0.3,0.2904832363128662,0.012942874077725718,-4.890919446062305e-17,0.002384815365076065,-3.446899418064744e-18
2.6870000000000003,0.3,0.29048478603363037,0.012942874077725718,-4.8412316992829795e-17,0.0023846435360610485,-3.351204024795251e-18
2.688,0.3,0.29048627614974976,0.012942874077725718,-4.80504552533399e-17,0.0023844714742153883,-3.2555285440814026e-18
2.689,0.3,0.29048770666122437,0.012942874077725718,-4.7818768581208695e-17,0.0023842996452003717,-3.2074099432934623e-18
2.69,0.3,0.2904890775680542,0.012942874077725718,-4.772623354044361e-17,0.0023841275833547115,-3.222685951133478e-18
2.691,0.3,0.29049041867256165,0.012942874077725718,-4.777252256752208e-17,0.002383955754339695,-3.2855002168187175e-18
2.692,0.3,0.2904917299747467,0.012942874077725718,-4.7957308098921526e-17,0.0023837836924940348,-3.3641533657024546e-18
2.693,0.3,0.2904929518699646,0.012942874077725718,-4.8275650212023784e-17,0.0023836116306483746,-3.4269514549691064e-18
2.694,0.3,0.2904941439628601,0.012942874077725718,-4.872730406136754e-17,0.0023834395688027143,-3.4738966254212894e-18
2.695,0.3,0.29049527645111084,0.012942874077725718,-4.9275079606612404e-17,0.0023832672741264105,-3.5208363640650454e-18
2.696,0.3,0.2904963791370392,0.012942874077725718,-4.9900309035694285e-17,0.0023830952122807503,-3.56776981300201e-18
2.697,0.3,0.29049742221832275,0.012942874077725718,-5.056127928468336e-17,0.00238292315043509,-3.614695838982475e-18
2.698,0.3,0.29049843549728394,0.012942874077725718,-5.12209624406393e-17,0.002382750855758786,-3.645767794017626e-18
2.699,0.3,0.29049935936927795,0.012942874077725718,-5.184701574161128e-17,0.0023825785610824823,-3.645141780095937e-18
2.7,0.3,0.290500283241272,0.012942874077725718,-5.238876279455186e-17,0.002382406499236822,-3.660358873834274e-18
2.701,0.3,0.29050111770629883,0.012942874077725718,-5.281407921319193e-17,0.0023822342045605183,-3.72310702565634e-18
2.702,0.3,0.2905019223690033,0.012942874077725718,-5.311849491350124e-17,0.0023820619098842144,-3.7858413915100275e-18
2.703,0.3,0.2905026972293854,0.012942874077725718,-5.330685717386937e-17,0.002381889382377267,-3.83271645753705e-18
2.704,0.3,0.2905034124851227,0.012942874077725718,-5.336558368863818e-17,0.002381717087700963,-3.911271601430797e-18
2.705,0.3,0.2905040681362152,0.012942874077725718,-5.3294939155603703e-17,0.002381544793024659,-4.037347351387442e-18
2.706,0.3,0.29050469398498535,0.012942874077725718,-5.3118210363370524e-17,0.0023813722655177116,-4.179245014978788e-18
2.707,0.3,0.2905052602291107,0.012942874077725718,-5.2840231355438404e-17,0.002381199738010764,-4.352807764622148e-18
2.708,0.3,0.2905057966709137,0.012942874077725718,-5.2470425373345547e-17,0.0023810274433344603,-4.558030771433665e-18
2.709,0.3,0.2905062735080719,0.012942874077725718,-5.2041257601773434e-17,0.0023808549158275127,-4.763218220135659e-18
2.71,0.3,0.2905066907405853,0.012942874077725718,-5.157131644344736e-17,0.0023806823883205652,-4.968370623814799e-18
2.711,0.3,0.29050710797309875,0.012942874077725718,-5.108835877100215e-17,0.002380509627982974,-5.141797335982955e-18
2.712,0.3,0.290507435798645,0.012942874077725718,-5.0597082970317103e-17,0.0023803371004760265,-5.3151952076106606e-18
2.713,0.3,0.2905077338218689,0.012942874077725718,-5.0120583924094706e-17,0.002380164572969079,-5.488564938332259e-18
2.714,0.3,0.2905080020427704,0.012942874077725718,-4.968655563924323e-17,0.002379991812631488,-5.661906883430995e-18
2.715,0.3,0.2905082106590271,0.012942874077725718,-4.9304120263557916e-17,0.0023798190522938967,-5.8035300619212284e-18
2.716,0.3,0.29050835967063904,0.012942874077725718,-4.8991631280470083e-17,0.0023796462919563055,-5.8817489098643786e-18
2.717,0.3,0.290508508682251,0.012942874077725718,-4.8753615022291625e-17,0.0023794735316187143,-5.9124197197177825e-18
2.718,0.3,0.29050856828689575,0.012942874077725718,-4.858537310314324e-17,0.002379300771281123,-5.927241614890322e-18
2.719,0.3,0.29050859808921814,0.012942874077725718,-4.8491378915777614e-17,0.002379128010943532,-5.9262172905742585e-18
2.72,0.3,0.29050859808921814,0.012942874077725718,-4.846229524544025e-17,0.002378955017775297,-5.941040466823072e-18
2.721,0.3,0.29050853848457336,0.012942874077725718,-4.850719460908963e-17,0.002378782257437706,-5.940017401083104e-18
2.722,0.3,0.2905084490776062,0.012942874077725718,-4.861672655708145e-17,0.002378609264269471,-5.9548418104104305e-18
2.723,0.3,0.29050832986831665,0.012942874077725718,-4.880457596546979e-17,0.0023784362711012363,-5.937974056796265e-18
2.724,0.3,0.2905081510543823,0.012942874077725718,-4.9038277649573174e-17,0.0023782632779330015,-5.905264263059216e-18
2.725,0.3,0.2905079126358032,0.012942874077725718,-4.928544252532647e-17,0.0023780902847647667,-5.872559898587564e-18
2.726,0.3,0.2905076742172241,0.012942874077725718,-4.9532140871214283e-17,0.002377917058765888,-5.792323794043625e-18
2.727,0.3,0.29050734639167786,0.012942874077725718,-4.976454884483963e-17,0.0023777440655976534,-5.6645635494354454e-18
2.728,0.3,0.2905070185661316,0.012942874077725718,-4.996886245614023e-17,0.002377570839598775,-5.48928672579883e-18
2.729,0.3,0.29050663113594055,0.012942874077725718,-5.013591323520654e-17,0.0023773976135998964,-5.25065537880994e-18
2.73,0.3,0.29050618410110474,0.012942874077725718,-5.024273203078919e-17,0.002377224387601018,-4.9803709333014295e-18
2.731,0.3,0.2905057370662689,0.012942874077725718,-5.028025294337459e-17,0.0023770511616021395,-4.6942841655376144e-18
2.732,0.3,0.29050520062446594,0.012942874077725718,-5.022558953977464e-17,0.002376877935603261,-4.471625611593293e-18
2.733,0.3,0.29050466418266296,0.012942874077725718,-5.010656486707316e-17,0.002376704476773739,-4.264848367897448e-18
2.734,0.3,0.2905040681362152,0.012942874077725718,-4.9927923633263756e-17,0.0023765312507748604,-4.089795616411118e-18
2.735,0.3,0.29050344228744507,0.012942874077725718,-4.970822777129212e-17,0.0023763577919453382,-3.9306168762406615e-18
2.736,0.3,0.29050275683403015,0.012942874077725718,-4.9447603012611364e-17,0.002376184333115816,-3.8348464680979005e-18
2.737,0.3,0.29050207138061523,0.012942874077725718,-4.917374998157466e-17,0.002376010874286294,-3.754937426499419e-18
2.738,0.3,0.29050129652023315,0.012942874077725718,-4.888671169157386e-17,0.002375837415456772,-3.706732859807034e-18
2.739,0.3,0.2905005216598511,0.012942874077725718,-4.860034507223045e-17,0.002375663723796606,-3.690227832579468e-18
2.74,0.3,0.2904996871948242,0.012942874077725718,-4.832849381827612e-17,0.002375490264967084,-3.705417376678811e-18
2.741,0.3,0.290498822927475,0.012942874077725718,-4.8098769218557895e-17,0.002375316573306918,-3.70475974960139e-18
2.742,0.3,0.29049792885780334,0.012942874077725718,-4.7901900232770274e-17,0.0023751428816467524,-3.719948722724111e-18
2.743,0.3,0.29049697518348694,0.012942874077725718,-4.7728612511885316e-17,0.0023749691899865866,-3.798518269603149e-18
2.744,0.3,0.29049599170684814,0.012942874077725718,-4.758342246204756e-17,0.002374795498326421,-3.908766516202001e-18
2.745,0.3,0.29049497842788696,0.012942874077725718,-4.746160853632055e-17,0.0023746215738356113,-4.018996929432424e-18
2.746,0.3,0.2904939353466034,0.012942874077725718,-4.734930387891545e-17,0.0023744478821754456,-4.176745966718932e-18
2.747,0.3,0.29049283266067505,0.012942874077725718,-4.7237227523359415e-17,0.002374273957684636,-4.366159945652653e-18
2.748,0.3,0.2904917001724243,0.012942874077725718,-4.712994550663374e-17,0.0023741000331938267,-4.555542342055509e-18
2.749,0.3,0.2904905378818512,0.012942874077725718,-4.703202055699726e-17,0.0023739261087030172,-4.697356273269138e-18
2.75,0.3,0.2904893159866333,0.012942874077725718,-4.6920394187694453e-17,0.002373752184212208,-4.82330048460636e-18
2.751,0.3,0.2904880940914154,0.012942874077725718,-4.6781265717385484e-17,0.0023735780268907547,-4.9492228999817835e-18
2.7520000000000002,0.3,0.29048681259155273,0.012942874077725718,-4.660544020638121e-17,0.0023734041023999453,-5.059277615519459e-18
2.753,0.3,0.2904855012893677,0.012942874077725718,-4.6369918724930214e-17,0.002373229945078492,-5.169312510050569e-18
2.754,0.3,0.29048413038253784,0.012942874077725718,-4.6065582433959704e-17,0.002373055787757039,-5.2793274393384404e-18
2.755,0.3,0.290482759475708,0.012942874077725718,-4.571095687046842e-17,0.002372881630435586,-5.3100947377156205e-18
2.7560000000000002,0.3,0.2904813289642334,0.012942874077725718,-4.5297005913444834e-17,0.0023727072402834892,-5.309164282910936e-18
2.757,0.3,0.2904798686504364,0.012942874077725718,-4.4828457727270297e-17,0.002372533082962036,-5.260695796577846e-18
2.758,0.3,0.290478378534317,0.012942874077725718,-4.430082899302477e-17,0.0023723586928099394,-5.164697215439183e-18
2.759,0.3,0.29047685861587524,0.012942874077725718,-4.3728082519448155e-17,0.0023721843026578426,-4.989485448464707e-18
2.7600000000000002,0.3,0.2904753088951111,0.012942874077725718,-4.310575483995511e-17,0.002372009912505746,-4.750919247404159e-18
2.761,0.3,0.29047369956970215,0.012942874077725718,-4.24293626356256e-17,0.002371835522353649,-4.46485487218241e-18
2.762,0.3,0.2904720902442932,0.012942874077725718,-4.1699084577471933e-17,0.0023716611322015524,-4.178837048988547e-18
2.763,0.3,0.2904704213142395,0.012942874077725718,-4.092424464535881e-17,0.002371486509218812,-3.86117476323411e-18
2.7640000000000002,0.3,0.2904687225818634,0.012942874077725718,-4.011417343659583e-17,0.0023713118862360716,-3.511873486635729e-18
2.765,0.3,0.2904669940471649,0.012942874077725718,-3.927358257195209e-17,0.002371137263253331,-3.1309386997307525e-18
2.766,0.3,0.29046523571014404,0.012942874077725718,-3.8421000897148787e-17,0.0023709626402705908,-2.7025304931039384e-18
2.767,0.3,0.2904634475708008,0.012942874077725718,-3.7551938475820974e-17,0.0023707880172878504,-2.3058848134508366e-18
2.7680000000000002,0.3,0.29046159982681274,0.012942874077725718,-3.6689480264503785e-17,0.0023706131614744663,-1.9093055876407236e-18
2.769,0.3,0.2904597520828247,0.012942874077725718,-3.584285098138841e-17,0.002370438538491726,-1.52863862704437e-18
2.77,0.3,0.2904578447341919,0.012942874077725718,-3.502126541849869e-17,0.002370263682678342,-1.1638813746021815e-18
2.771,0.3,0.2904559373855591,0.012942874077725718,-3.4215462461696484e-17,0.002370088826864958,-8.625680143014241e-19
2.7720000000000002,0.3,0.2904539704322815,0.012942874077725718,-3.343464035939338e-17,0.0023699139710515738,-6.405338447578621e-19
2.773,0.3,0.2904519736766815,0.012942874077725718,-3.2706393856824143e-17,0.002369738882407546,-4.819206238363632e-19
2.774,0.3,0.29044994711875916,0.012942874077725718,-3.2067489477855535e-17,0.002369564026594162,-3.3918149065157363e-19
2.775,0.3,0.2904478907585144,0.012942874077725718,-3.1536184752967825e-17,0.0023693889379501343,-1.8062280216433677e-19
2.7760000000000002,0.3,0.29044583439826965,0.012942874077725718,-3.1107675417163305e-17,0.0023692138493061066,-2.2092660509691754e-20
2.777,0.3,0.2904437184333801,0.012942874077725718,-3.0758730930119035e-17,0.002369038760662079,7.302707346574029e-20
2.778,0.3,0.2904415726661682,0.012942874077725718,-3.049830138606284e-17,0.0023688634391874075,1.9982055996240623e-19
2.779,0.3,0.2904393970966339,0.012942874077725718,-3.027553833837986e-17,0.00236868835054338,2.473642174749959e-19
2.7800000000000002,0.3,0.2904371917247772,0.012942874077725718,-3.008103508914414e-17,0.0023685130290687084,2.6320834378008446e-19
2.781,0.3,0.29043492674827576,0.012942874077725718,-2.9896242940299794e-17,0.002368337707594037,2.632043743055394e-19
2.782,0.3,0.2904326617717743,0.012942874077725718,-2.9679574559370104e-17,0.0023681623861193657,2.315099698079083e-19
2.783,0.3,0.29043036699295044,0.012942874077725718,-2.9426410969814575e-17,0.0023679868318140507,2.1566729563253692e-19
2.7840000000000003,0.3,0.2904280424118042,0.012942874077725718,-2.912760686278082e-17,0.0023678115103393793,2.1567388599778635e-19
2.785,0.3,0.29042568802833557,0.012942874077725718,-2.8787814302033837e-17,0.0023676359560340643,2.790639193970995e-19
2.786,0.3,0.29042330384254456,0.012942874077725718,-2.83886930390321e-17,0.0023674604017287493,3.899815123910561e-19
2.787,0.3,0.29042088985443115,0.012942874077725718,-2.7907350023142593e-17,0.0023672848474234343,5.008822189515007e-19
2.7880000000000003,0.3,0.29041847586631775,0.012942874077725718,-2.733474417027011e-17,0.0023671092931181192,5.8007482455404295e-19
2.789,0.3,0.29041600227355957,0.012942874077725718,-2.6689490352919545e-17,0.0023669335059821606,6.43409893920368e-19
2.79,0.3,0.290413498878479,0.012942874077725718,-2.599018359126109e-17,0.0023667579516768456,7.067353346421858e-19
2.791,0.3,0.29041096568107605,0.012942874077725718,-2.5255369274628184e-17,0.002366582164540887,8.017418407340839e-19
2.7920000000000003,0.3,0.2904084026813507,0.012942874077725718,-2.4512843980325058e-17,0.002366406377404928,9.284236735257818e-19
2.793,0.3,0.29040583968162537,0.012942874077725718,-2.3771913490242935e-17,0.002366230357438326,1.0550840385355804e-18
2.794,0.3,0.29040321707725525,0.012942874077725718,-2.3055682613251645e-17,0.002366054570302367,1.1658770882675329e-18
2.795,0.3,0.29040059447288513,0.012942874077725718,-2.237332809106685e-17,0.002365878550335765,1.2608053045607716e-18
2.7960000000000003,0.3,0.2903979420661926,0.012942874077725718,-2.173399523254094e-17,0.0023657025303691626,1.3557167691130302e-18
2.797,0.3,0.29039523005485535,0.012942874077725718,-2.1128431195341895e-17,0.0023655265104025602,1.3872292749902846e-18
2.798,0.3,0.29039251804351807,0.012942874077725718,-2.0556540026518658e-17,0.002365350490435958,1.3553533294487338e-18
2.799,0.3,0.2903897762298584,0.012942874077725718,-2.002743560206034e-17,0.002365174237638712,1.2759451525765138e-18
2.8000000000000003,0.3,0.29038700461387634,0.012942874077725718,-1.9531760854877738e-17,0.0023649982176721096,1.1648584643567058e-18
2.801,0.3,0.2903842329978943,0.012942874077725718,-1.9069380127350397e-17,0.0023648219648748636,1.0696352715728082e-18
2.802,0.3,0.29038140177726746,0.012942874077725718,-1.8635634738268416e-17,0.0023646457120776176,9.744274198697037e-19
2.803,0.3,0.29037854075431824,0.012942874077725718,-1.8235070872278387e-17,0.002364469226449728,8.950804217091384e-19
2.8040000000000003,0.3,0.290375679731369,0.012942874077725718,-1.7863026539447962e-17,0.002364292973652482,8.157461067056881e-19
2.805,0.3,0.2903727889060974,0.012942874077725718,-1.752865532043565e-17,0.0023641164880245924,7.681156773455044e-19
2.806,0.3,0.2903698682785034,0.012942874077725718,-1.7218035765532188e-17,0.0023639400023967028,7.521840988808629e-19
2.807,0.3,0.29036691784858704,0.012942874077725718,-1.6908082918202443e-17,0.002363763516768813,7.362551497451459e-19
2.8080000000000003,0.3,0.29036393761634827,0.012942874077725718,-1.6603400865735886e-17,0.0023635870311409235,7.361744394510942e-19
2.809,0.3,0.2903609573841095,0.012942874077725718,-1.6299345816173644e-17,0.002363410545513034,7.677849749709149e-19
2.81,0.3,0.29035794734954834,0.012942874077725718,-1.5982115433814658e-17,0.0023632338270545006,7.993905459055012e-19
2.811,0.3,0.2903549075126648,0.012942874077725718,-1.5651699792491576e-17,0.0023630571085959673,8.626823279652145e-19
2.8120000000000003,0.3,0.29035183787345886,0.012942874077725718,-1.529432633500539e-17,0.002362880390137434,9.259640125822914e-19
2.813,0.3,0.29034873843193054,0.012942874077725718,-1.491924128624322e-17,0.002362703438848257,1.0209266103357976e-18
2.814,0.3,0.2903456389904022,0.012942874077725718,-1.4521921622615625e-17,0.0023625267203897238,1.1158737320789182e-18
2.815,0.3,0.2903424799442291,0.012942874077725718,-1.4107004518636576e-17,0.002362349769100547,1.226650801659834e-18
2.816,0.3,0.29033932089805603,0.012942874077725718,-1.3692993177428273e-17,0.00236217281781137,1.369100442782831e-18
2.817,0.3,0.29033616185188293,0.012942874077725718,-1.3298357714888412e-17,0.002361995866522193,1.5590626844469466e-18
2.818,0.3,0.29033294320106506,0.012942874077725718,-1.2936939344206842e-17,0.002361818915233016,1.796529388436323e-18
2.819,0.3,0.2903297245502472,0.012942874077725718,-1.2613348770117935e-17,0.0023616417311131954,2.0498014419921153e-18
2.82,0.3,0.29032647609710693,0.012942874077725718,-1.2322921521147505e-17,0.002361464546993375,2.3030307016638904e-18
2.821,0.3,0.2903231978416443,0.012942874077725718,-1.206559307720777e-17,0.002361287595704198,2.5562171759676597e-18
2.822,0.3,0.29031991958618164,0.012942874077725718,-1.1841294782307892e-17,0.0023611101787537336,2.809360874676645e-18
2.823,0.3,0.2903166115283966,0.012942874077725718,-1.1649964597901926e-17,0.002360932994633913,3.062461820090548e-18
2.824,0.3,0.2903132736682892,0.012942874077725718,-1.1491534695179645e-17,0.002360755577683449,3.3155200210886706e-18
2.825,0.3,0.2903099060058594,0.012942874077725718,-1.1370543814162126e-17,0.002360578393563628,3.5843810153283154e-18
2.826,0.3,0.29030653834342957,0.012942874077725718,-1.128692412603914e-17,0.002360400976613164,3.8690421728418875e-18
2.827,0.3,0.29030314087867737,0.012942874077725718,-1.1240609456361684e-17,0.002360223326832056,4.169500870408179e-18
2.828,0.3,0.2902997136116028,0.012942874077725718,-1.1231535285041977e-17,0.002360045909881592,4.4857544785902075e-18
2.829,0.3,0.2902962863445282,0.012942874077725718,-1.1236634853518367e-17,0.0023598684929311275,4.738572772127276e-18
2.83,0.3,0.2902928292751312,0.012942874077725718,-1.125123210978809e-17,0.0023596908431500196,4.927966443115096e-18
2.831,0.3,0.29028934240341187,0.012942874077725718,-1.1266038642752789e-17,0.0023595131933689117,5.053946214367233e-18
2.832,0.3,0.2902858257293701,0.012942874077725718,-1.1271781757745745e-17,0.00235933531075716,5.1165228410034576e-18
2.833,0.3,0.29028230905532837,0.012942874077725718,-1.1249995474772323e-17,0.0023591576609760523,5.099861510579196e-18
2.834,0.3,0.2902787923812866,0.012942874077725718,-1.1214472203366233e-17,0.0023589797783643007,5.067357643447565e-18
2.835,0.3,0.2902752161026001,0.012942874077725718,-1.115599218841996e-17,0.002358802128583193,5.019013985490121e-18
2.836,0.3,0.2902716398239136,0.012942874077725718,-1.1074578590990653e-17,0.0023586240131407976,4.9706787324909264e-18
2.837,0.3,0.29026806354522705,0.012942874077725718,-1.0965671164361309e-17,0.002358446130529046,4.9065064240736385e-18
2.838,0.3,0.29026445746421814,0.012942874077725718,-1.0824684019215933e-17,0.0023582682479172945,4.84234529454816e-18
2.839,0.3,0.29026082158088684,0.012942874077725718,-1.0647078415533447e-17,0.0023580901324748993,4.762349844463294e-18
2.84,0.3,0.29025715589523315,0.012942874077725718,-1.0423703254197177e-17,0.002357912017032504,4.650677110335746e-18
2.841,0.3,0.29025349020957947,0.012942874077725718,-1.0173084072205861e-17,0.002357733901590109,4.523177820334429e-18
2.842,0.3,0.2902497947216034,0.012942874077725718,-9.895249820880938e-18,0.0023575557861477137,4.395700173246666e-18
2.843,0.3,0.2902460992336273,0.012942874077725718,-9.590252612600998e-18,0.002357377437874675,4.26824415547189e-18
2.844,0.3,0.29024237394332886,0.012942874077725718,-9.262745338311652e-18,0.002357199089601636,4.156655257719588e-18
2.845,0.3,0.2902386486530304,0.012942874077725718,-8.926596508162966e-18,0.0023570209741592407,4.092621741090073e-18
2.846,0.3,0.29023489356040955,0.012942874077725718,-8.581909519731506e-18,0.002356842393055558,4.028599009859133e-18
2.847,0.3,0.2902311086654663,0.012942874077725718,-8.228697607907076e-18,0.0023566640447825193,3.9645869879619724e-18
2.848,0.3,0.29022732377052307,0.012942874077725718,-7.890012642000301e-18,0.002356485463678837,3.9481221086003545e-18
2.849,0.3,0.29022350907325745,0.012942874077725718,-7.565888536416298e-18,0.002356307115405798,3.947505243637303e-18
2.85,0.3,0.2902196943759918,0.012942874077725718,-7.265561589874832e-18,0.0023561285343021154,3.946888126643902e-18
2.851,0.3,0.2902158498764038,0.012942874077725718,-6.993584604467397e-18,0.002355949953198433,3.962116293742095e-18
2.852,0.3,0.2902120053768158,0.012942874077725718,-6.749907949357238e-18,0.0023557711392641068,3.993187038327424e-18
2.853,0.3,0.2902081310749054,0.012942874077725718,-6.557516905815673e-18,0.0023555925581604242,4.087634144093433e-18
2.854,0.3,0.290204256772995,0.012942874077725718,-6.411804077830782e-18,0.002355413744226098,4.182064858545758e-18
2.855,0.3,0.2902003526687622,0.012942874077725718,-6.308079764919695e-18,0.002355234930291772,4.2606336722216554e-18
2.856,0.3,0.29019641876220703,0.012942874077725718,-6.2554483304944776e-18,0.002355055883526802,4.355034282387105e-18
2.857,0.3,0.29019251465797424,0.012942874077725718,-6.2538179575071355e-18,0.002354877069592476,4.465264058818243e-18
2.858,0.3,0.2901885509490967,0.012942874077725718,-6.2893011106535165e-18,0.002354698022827506,4.543783830774276e-18
2.859,0.3,0.2901845872402191,0.012942874077725718,-6.366385658347027e-18,0.00235451920889318,4.62229003291447e-18
2.86,0.3,0.29018062353134155,0.012942874077725718,-6.461960174272935e-18,0.00235434016212821,4.653246284494978e-18
2.861,0.3,0.2901766300201416,0.012942874077725718,-6.571282018389168e-18,0.0023541608825325966,4.684197382287323e-18
2.862,0.3,0.29017260670661926,0.012942874077725718,-6.666615411166517e-18,0.0023539818357676268,4.715143597132966e-18
2.863,0.3,0.2901686131954193,0.012942874077725718,-6.724937021025487e-18,0.0023538025561720133,4.714394058146609e-18
2.864,0.3,0.2901645600795746,0.012942874077725718,-6.7416444150378334e-18,0.0023536232765764,4.7136451730822984e-18
2.865,0.3,0.29016050696372986,0.012942874077725718,-6.712221187059016e-18,0.0023534439969807863,4.697051499654905e-18
2.866,0.3,0.29015645384788513,0.012942874077725718,-6.6136998402008876e-18,0.002353264717385173,4.632924796964139e-18
2.867,0.3,0.2901524007320404,0.012942874077725718,-6.423143896848272e-18,0.0023530852049589157,4.489582050087977e-18
2.868,0.3,0.2901482880115509,0.012942874077725718,-6.154464466952779e-18,0.0023529059253633022,4.330418520538622e-18
2.869,0.3,0.2901442050933838,0.012942874077725718,-5.812448444719253e-18,0.002352726412937045,4.1395911510211e-18
2.87,0.3,0.2901400923728943,0.012942874077725718,-5.4018839651234585e-18,0.002352546900510788,3.885414018170338e-18
2.871,0.3,0.2901359498500824,0.012942874077725718,-4.945922986330141e-18,0.002352367155253887,3.599588571382617e-18
2.872,0.3,0.2901318371295929,0.012942874077725718,-4.449280024240547e-18,0.00235218764282763,3.2662743541870822e-18
2.873,0.3,0.2901276648044586,0.012942874077725718,-3.948893242698537e-18,0.0023520078975707293,2.933015571610187e-18
2.874,0.3,0.29012352228164673,0.012942874077725718,-3.4678848213668078e-18,0.0023518281523138285,2.5839664189436265e-18
2.875,0.3,0.29011934995651245,0.012942874077725718,-3.0246591152843566e-18,0.0023516484070569277,2.2349749989369105e-18
2.876,0.3,0.2901151478290558,0.012942874077725718,-2.6283366178851935e-18,0.0023514684289693832,1.917732313575152e-18
2.8770000000000002,0.3,0.2901109457015991,0.012942874077725718,-2.2926528700359146e-18,0.0023512886837124825,1.6639240592463287e-18
2.878,0.3,0.29010674357414246,0.012942874077725718,-2.0221389603369323e-18,0.002351108705624938,1.4735397014359825e-18
2.879,0.3,0.2901025116443634,0.012942874077725718,-1.802865994453466e-18,0.0023509287275373936,1.33072328781085e-18
2.88,0.3,0.29009827971458435,0.012942874077725718,-1.634691697320157e-18,0.002350748749449849,1.2830035566257857e-18
2.8810000000000002,0.3,0.2900940477848053,0.012942874077725718,-1.5129457038009538e-18,0.002350568538531661,1.330364764813939e-18
2.882,0.3,0.29008978605270386,0.012942874077725718,-1.414536750108556e-18,0.0023503885604441166,1.4411000755958075e-18
2.883,0.3,0.2900855243206024,0.012942874077725718,-1.3302799261187515e-18,0.0023502083495259285,1.5676623335995226e-18
2.884,0.3,0.290081262588501,0.012942874077725718,-1.2601553794968389e-18,0.0023500281386077404,1.710048904264681e-18
2.8850000000000002,0.3,0.29007697105407715,0.012942874077725718,-1.1995467186417363e-18,0.0023498479276895523,1.852411632137502e-18
2.886,0.3,0.2900726795196533,0.012942874077725718,-1.148435642182391e-18,0.0023496674839407206,1.9947505196107376e-18
2.887,0.3,0.2900683879852295,0.012942874077725718,-1.1068030215671377e-18,0.0023494872730225325,2.1370655737883487e-18
2.888,0.3,0.2900640666484833,0.012942874077725718,-1.0746301418346174e-18,0.0023493068292737007,2.279356801251898e-18
2.8890000000000002,0.3,0.29005974531173706,0.012942874077725718,-1.0518984948186242e-18,0.002349126385524869,2.4216242052454503e-18
2.89,0.3,0.29005539417266846,0.012942874077725718,-1.0431854912338734e-18,0.002348945941776037,2.579713312693426e-18
2.891,0.3,0.29005107283592224,0.012942874077725718,-1.0438756700574724e-18,0.002348765265196562,2.737775966202674e-18
2.892,0.3,0.29004672169685364,0.012942874077725718,-1.0493541906519876e-18,0.00234858482144773,2.8799666542270227e-18
2.8930000000000002,0.3,0.29004234075546265,0.012942874077725718,-1.0504120512578664e-18,0.0023484041448682547,2.9745970296450183e-18
2.894,0.3,0.29003798961639404,0.012942874077725718,-1.0423926386167414e-18,0.0023482234682887793,3.037520610243547e-18
2.895,0.3,0.29003360867500305,0.012942874077725718,-1.0252750664181456e-18,0.00234804255887866,3.084588294699288e-18
2.896,0.3,0.2900291979312897,0.012942874077725718,-9.80618376880975e-19,0.002347861882299185,3.0999573171336594e-18
2.8970000000000002,0.3,0.2900248169898987,0.012942874077725718,-8.992243215936399e-19,0.0023476809728890657,3.0836330218741965e-18
2.898,0.3,0.2900204062461853,0.012942874077725718,-7.673396787039509e-19,0.0023475002963095903,3.0039297423862477e-18
2.899,0.3,0.2900159955024719,0.012942874077725718,-5.803678055479507e-19,0.0023473191540688276,2.8925492048076364e-18
2.9,0.3,0.29001158475875854,0.012942874077725718,-3.153552673079054e-19,0.0023471382446587086,2.7178056438800257e-18
2.9010000000000002,0.3,0.2900071442127228,0.012942874077725718,-4.660283872335473e-21,0.0023469573352485895,2.5430916298418264e-18
2.902,0.3,0.2900027334690094,0.012942874077725718,3.562220996216936e-19,0.002346776193007827,2.3525615342732265e-18
2.903,0.3,0.28999826312065125,0.012942874077725718,7.579178847318187e-19,0.002346595050767064,2.1145267770263017e-18
2.904,0.3,0.2899938225746155,0.012942874077725718,1.1726834078636173e-18,0.0023464139085263014,1.8448405740353754e-18
2.9050000000000002,0.3,0.2899893820285797,0.012942874077725718,1.5636557010607874e-18,0.0023462327662855387,1.606890110642715e-18
2.906,0.3,0.28998491168022156,0.012942874077725718,1.9123687843286953e-18,0.0023460513912141323,1.384824396416233e-18
2.907,0.3,0.2899804413318634,0.012942874077725718,2.195828897794745e-18,0.0023458702489733696,1.194486195726279e-18
2.908,0.3,0.28997597098350525,0.012942874077725718,2.4095310090478198e-18,0.0023456888739019632,1.0358701909567223e-18
2.9090000000000003,0.3,0.2899714708328247,0.012942874077725718,2.5535727254002007e-18,0.002345507498830557,8.931255660250358e-19
2.91,0.3,0.28996700048446655,0.012942874077725718,2.628083087027446e-18,0.0023453261237591505,7.6624968414490555e-19
2.911,0.3,0.289962500333786,0.012942874077725718,2.6377865359981525e-18,0.0023451445158571005,6.39394392574917e-19
2.912,0.3,0.28995800018310547,0.012942874077725718,2.591999814346658e-18,0.002344963140785694,4.808687016340717e-19
2.9130000000000003,0.3,0.28995347023010254,0.012942874077725718,2.495490791123718e-18,0.002344781532883644,3.065234576682949e-19
2.914,0.3,0.289948970079422,0.012942874077725718,2.362151137536548e-18,0.002344599924981594,6.882481821616137e-20
2.915,0.3,0.28994444012641907,0.012942874077725718,2.192158077031388e-18,0.0023444180842489004,-1.8467999057350012e-19
2.916,0.3,0.2899399399757385,0.012942874077725718,1.990258385553373e-18,0.0023442364763468504,-4.222970931626694e-19
2.9170000000000003,0.3,0.2899354100227356,0.012942874077725718,1.77045912600517e-18,0.0023440546356141567,-5.806468541392497e-19
2.918,0.3,0.2899308502674103,0.012942874077725718,1.5558468058855571e-18,0.002343872794881463,-6.597422933337878e-19
2.919,0.3,0.28992632031440735,0.012942874077725718,1.3878386686577945e-18,0.002343691186979413,-7.229785847539288e-19
2.92,0.3,0.2899217903614044,0.012942874077725718,1.270953395213106e-18,0.0023435091134160757,-7.703583553647011e-19
2.9210000000000003,0.3,0.2899172306060791,0.012942874077725718,1.2142936946023316e-18,0.002343327272683382,-8.177297564777668e-19
2.922,0.3,0.2899126708507538,0.012942874077725718,1.217741073202723e-18,0.0023431451991200447,-8.650927974059646e-19
2.923,0.3,0.28990811109542847,0.012942874077725718,1.2765829796669889e-18,0.0023429631255567074,-8.966019729819605e-19
2.924,0.3,0.28990355134010315,0.012942874077725718,1.395295495084807e-18,0.0023427812848240137,-9.281054535098298e-19
2.9250000000000003,0.3,0.28989899158477783,0.012942874077725718,1.569166998687075e-18,0.0023425989784300327,-9.437577304802114e-19
2.926,0.3,0.2898944318294525,0.012942874077725718,1.8026734681658944e-18,0.0023424169048666954,-9.5940697083191e-19
2.927,0.3,0.2898898422718048,0.012942874077725718,2.1002909846109424e-18,0.0023422345984727144,-9.908987492294448e-19
2.928,0.3,0.2898852825164795,0.012942874077725718,2.4480457791392076e-18,0.002342052524909377,-1.038230547026639e-18
2.9290000000000003,0.3,0.2898806929588318,0.012942874077725718,2.84117825450606e-18,0.002341870218515396,-1.133090860701313e-18
2.93,0.3,0.2898761034011841,0.012942874077725718,3.2473702573838995e-18,0.002341687912121415,-1.2279353168515272e-18
2.931,0.3,0.2898715138435364,0.012942874077725718,3.65279070754538e-18,0.0023415053728967905,-1.2910729798099952e-18
2.932,0.3,0.28986692428588867,0.012942874077725718,4.0389260621106465e-18,0.0023413230665028095,-1.3383547607820302e-18
2.9330000000000003,0.3,0.28986233472824097,0.012942874077725718,4.3965704212474426e-18,0.002341140527278185,-1.3697833606615e-18
2.934,0.3,0.28985774517059326,0.012942874077725718,4.725720476233318e-18,0.0023409579880535603,-1.4170524817035053e-18
2.935,0.3,0.28985312581062317,0.012942874077725718,5.008067824980331e-18,0.0023407754488289356,-1.4167774549988618e-18
2.936,0.3,0.28984853625297546,0.012942874077725718,5.229827502580285e-18,0.002340592909604311,-1.3689663012673907e-18
2.9370000000000003,0.3,0.28984391689300537,0.012942874077725718,5.3864239594748424e-18,0.0023404101375490427,-1.3053180323502399e-18
2.938,0.3,0.28983932733535767,0.012942874077725718,5.473334172074564e-18,0.002340227598324418,-1.2416808307565805e-18
2.939,0.3,0.2898347079753876,0.012942874077725718,5.499880052292616e-18,0.0023400448262691498,-1.2097456842614018e-18
2.94,0.3,0.2898300886154175,0.012942874077725718,5.480027717591343e-18,0.0023398620542138815,-1.2253527447258023e-18
2.9410000000000003,0.3,0.2898254990577698,0.012942874077725718,5.4139694874631645e-18,0.0023396790493279696,-1.2409574845063583e-18
2.942,0.3,0.2898208796977997,0.012942874077725718,5.292612165434285e-18,0.0023394962772727013,-1.2248688124316295e-18
2.943,0.3,0.2898162603378296,0.012942874077725718,5.134521820353456e-18,0.002339313505217433,-1.1770919037678269e-18
2.944,0.3,0.2898116409778595,0.012942874077725718,4.9582037232944095e-18,0.002339130500331521,-1.113477458072225e-18
2.945,0.3,0.2898070216178894,0.012942874077725718,4.795934048168657e-18,0.002338947495445609,-1.081564570160424e-18
2.946,0.3,0.2898024022579193,0.012942874077725718,4.6615569032981925e-18,0.002338764490559697,-1.0813479446342494e-18
2.947,0.3,0.2897977828979492,0.012942874077725718,4.5412046057135646e-18,0.0023385812528431416,-1.0969768103512416e-18
2.948,0.3,0.2897931635379791,0.012942874077725718,4.4348581302606846e-18,0.0023383982479572296,-1.1284485407007067e-18
2.949,0.3,0.28978851437568665,0.012942874077725718,4.337879061654661e-18,0.002338215010240674,-1.1757605474410417e-18
2.95,0.3,0.28978389501571655,0.012942874077725718,4.2455851440381385e-18,0.0023380317725241184,-1.2706012929387338e-18
2.951,0.3,0.28977927565574646,0.012942874077725718,4.134953873012234e-18,0.002337848534807563,-1.381271887636152e-18
2.952,0.3,0.28977465629577637,0.012942874077725718,4.001384056419621e-18,0.0023376652970910072,-1.5236152673197033e-18
2.953,0.3,0.2897700369358063,0.012942874077725718,3.835673723535954e-18,0.0023374820593744516,-1.713471736923989e-18
2.954,0.3,0.2897654175758362,0.012942874077725718,3.610280655095361e-18,0.0023372985888272524,-1.903296881332056e-18
2.955,0.3,0.2897607684135437,0.012942874077725718,3.3114955732156947e-18,0.002337115118280053,-2.0772452050256907e-18
2.956,0.3,0.2897561490535736,0.012942874077725718,2.944046021892848e-18,0.002336931647732854,-2.251164839629532e-18
2.957,0.3,0.2897515296936035,0.012942874077725718,2.5080674519521272e-18,0.0023367481771856546,-2.4250558002240863e-18
2.958,0.3,0.2897469103336334,0.012942874077725718,2.003696348194603e-18,0.0023365647066384554,-2.598918060329523e-18
2.959,0.3,0.28974229097366333,0.012942874077725718,1.4173483370106238e-18,0.002336381236091256,-2.6935239689652542e-18
2.96,0.3,0.28973764181137085,0.012942874077725718,7.768002467672964e-19,0.0023361975327134132,-2.7405776404963808e-18
2.961,0.3,0.28973302245140076,0.012942874077725718,1.1905517498656815e-19,0.0023360138293355703,-2.7559323397099094e-18
2.962,0.3,0.28972840309143066,0.012942874077725718,-5.097955474194937e-19,0.0023358301259577274,-2.8029753309351026e-18
2.963,0.3,0.28972378373146057,0.012942874077725718,-1.1142455791285835e-18,0.0023356464225798845,-2.7866281469141833e-18
2.964,0.3,0.2897191643714905,0.012942874077725718,-1.6621296918288471e-18,0.0023354627192020416,-2.754437856307031e-18
2.965,0.3,0.2897145450115204,0.012942874077725718,-2.153539702568278e-18,0.002335278782993555,-2.6905615717540434e-18
2.966,0.3,0.2897099256515503,0.012942874077725718,-2.60234743021939e-18,0.0023350948467850685,-2.5316225004044463e-18
2.967,0.3,0.2897053062915802,0.012942874077725718,-2.9902955510970662e-18,0.002334910910576582,-2.3251730444100165e-18
2.968,0.3,0.2897006869316101,0.012942874077725718,-3.3221459371926212e-18,0.0023347269743680954,-2.0712211329639758e-18
2.969,0.3,0.2896960973739624,0.012942874077725718,-3.59341609676663e-18,0.002334543038159609,-1.7697746568912616e-18
2.97,0.3,0.2896914780139923,0.012942874077725718,-3.7858034179954385e-18,0.0023343591019511223,-1.4366870639866793e-18
2.971,0.3,0.2896868586540222,0.012942874077725718,-3.904155179268607e-18,0.002334174932911992,-1.103654701774033e-18
2.972,0.3,0.2896822690963745,0.012942874077725718,-3.9624164049428605e-18,0.002333990763872862,-7.389865689224238e-19
2.973,0.3,0.2896776497364044,0.012942874077725718,-3.960777346559087e-18,0.0023338068276643753,-3.7437904515716694e-19
2.974,0.3,0.2896730601787567,0.012942874077725718,-3.9178872046176e-18,0.0023336224257946014,-4.152324980362052e-20
2.975,0.3,0.2896684408187866,0.012942874077725718,-3.866054826664108e-18,0.0023334382567554712,3.0712258296692406e-19
2.976,0.3,0.2896638512611389,0.012942874077725718,-3.823806576877962e-18,0.002333254087716341,6.557102240289095e-19
2.977,0.3,0.2896592617034912,0.012942874077725718,-3.809598095496139e-18,0.002333069685846567,1.0042396110419606e-18
2.978,0.3,0.2896546423435211,0.012942874077725718,-3.8373148498712594e-18,0.002332885516807437,1.3051741407463009e-18
2.979,0.3,0.2896500527858734,0.012942874077725718,-3.929883805041456e-18,0.002332701114937663,1.5902127564664344e-18
2.98,0.3,0.2896454632282257,0.012942874077725718,-4.091787452746154e-18,0.0023325164802372456,1.8593580958702697e-18
2.981,0.3,0.2896409034729004,0.012942874077725718,-4.3367065331363674e-18,0.0023323320783674717,2.128458312642441e-18
2.982,0.3,0.2896363139152527,0.012942874077725718,-4.669095827401001e-18,0.002332147676497698,2.3975134051840484e-18
2.983,0.3,0.289631724357605,0.012942874077725718,-5.079604472305448e-18,0.0023319630417972803,2.6348323834761023e-18
2.984,0.3,0.28962716460227966,0.012942874077725718,-5.56803146296086e-18,0.0023317786399275064,2.856266089157224e-18
2.985,0.3,0.28962257504463196,0.012942874077725718,-6.1249787868377136e-18,0.002331594005227089,3.0618171791605447e-18
2.986,0.3,0.28961801528930664,0.012942874077725718,-6.73191677103421e-18,0.0023314093705266714,3.2039518276864373e-18
2.987,0.3,0.2896134555339813,0.012942874077725718,-7.37482966725125e-18,0.0023312245029956102,3.2985261474088605e-18
2.988,0.3,0.289608895778656,0.012942874077725718,-8.039767901638739e-18,0.0023310398682951927,3.3455481123003773e-18
2.989,0.3,0.2896043360233307,0.012942874077725718,-8.708219172087741e-18,0.0023308550007641315,3.3291801847128923e-18
2.99,0.3,0.28959977626800537,0.012942874077725718,-9.375436289062814e-18,0.002330670366063714,3.2969695125548327e-18
2.991,0.3,0.28959524631500244,0.012942874077725718,-1.0023031027546904e-17,0.002330485498532653,3.2013822197063977e-18
2.992,0.3,0.2895906865596771,0.012942874077725718,-1.0646328162717862e-17,0.0023303006310015917,3.074119904536054e-18
2.993,0.3,0.2895861566066742,0.012942874077725718,-1.1240685556978039e-17,0.002330115530639887,2.946878928931197e-18
2.994,0.3,0.28958162665367126,0.012942874077725718,-1.1796980235351588e-17,0.0023299306631088257,2.787968239390849e-18
2.995,0.3,0.28957709670066833,0.012942874077725718,-1.2310622999800066e-17,0.0023297457955777645,2.6132386575016836e-18
2.996,0.3,0.2895725667476654,0.012942874077725718,-1.2763247959182957e-17,0.0023295606952160597,2.406847335080044e-18
2.997,0.3,0.2895680367946625,0.012942874077725718,-1.3145690779493787e-17,0.002329375594854355,2.1846450752106488e-18
2.998,0.3,0.28956350684165955,0.012942874077725718,-1.3462672180488395e-17,0.00232919049449265,1.962480021211893e-18
2.999,0.3,0.289559006690979,0.012942874077725718,-1.370973034994267e-17,0.002329005394130945,1.724506643133977e-18
3.0,0.3,0.28955450654029846,0.012942874077725718,-1.3886999291115847e-17,0.0023288202937692404,1.4707275534545416e-18
3.001,0.3,0.2895500063896179,0.012942874077725718,-1.4008368193673303e-17,0.002328634960576892,1.2486819220483315e-18
3.0020000000000002,0.3,0.2895455062389374,0.012942874077725718,-1.406940915979604e-17,0.002328449860215187,1.0266734155429498e-18
3.003,0.3,0.28954100608825684,0.012942874077725718,-1.4088622911064423e-17,0.0023282645270228386,8.522385454604722e-19
3.004,0.3,0.2895365059375763,0.012942874077725718,-1.4093763011390827e-17,0.00232807919383049,7.570603636794384e-19
3.005,0.3,0.28953203558921814,0.012942874077725718,-1.4112640927330512e-17,0.0023278938606381416,7.252801023095105e-19
3.0060000000000002,0.3,0.28952756524086,0.012942874077725718,-1.4163735873767913e-17,0.002327708527445793,7.568871608508502e-19
3.007,0.3,0.28952309489250183,0.012942874077725718,-1.4270106337458557e-17,0.0023275231942534447,8.518709433337583e-19
3.008,0.3,0.2895186245441437,0.012942874077725718,-1.445476779176612e-17,0.0023273376282304525,1.010220863723334e-18
3.009,0.3,0.2895141839981079,0.012942874077725718,-1.4740657955076697e-17,0.0023271520622074604,1.2477718550783421e-18
3.0100000000000002,0.3,0.28950971364974976,0.012942874077725718,-1.51599210659941e-17,0.002326966729015112,1.5803562104637523e-18
3.011,0.3,0.289505273103714,0.012942874077725718,-1.5693981956682837e-17,0.00232678116299212,1.944576073625052e-18
3.012,0.3,0.2895008325576782,0.012942874077725718,-1.634716347302411e-17,0.0023265955969691277,2.38796271564626e-18
3.013,0.3,0.28949639201164246,0.012942874077725718,-1.7100918571323255e-17,0.002326409798115492,2.847120907143022e-18
3.0140000000000002,0.3,0.2894919812679291,0.012942874077725718,-1.795496104708833e-17,0.0023262242320924997,3.36958459739965e-18
3.015,0.3,0.2894875407218933,0.012942874077725718,-1.8886100064665797e-17,0.002326038433238864,3.9236521932068265e-18
3.016,0.3,0.28948312997817993,0.012942874077725718,-1.9889577681172252e-17,0.002325852867215872,4.509318497324636e-18
3.017,0.3,0.28947874903678894,0.012942874077725718,-2.0933036245405844e-17,0.002325667068362236,5.079041684793041e-18
3.0180000000000002,0.3,0.28947433829307556,0.012942874077725718,-2.199797338142499e-17,0.0023254812695086002,5.6011333650478455e-18
3.019,0.3,0.2894699275493622,0.012942874077725718,-2.3052061216529888e-17,0.0023252954706549644,6.043910526376164e-18
3.02,0.3,0.2894655466079712,0.012942874077725718,-2.409515085821028e-17,0.0023251096718013287,6.4707684695026045e-18
3.021,0.3,0.2894611656665802,0.012942874077725718,-2.5104259920326997e-17,0.0023249236401170492,6.834173274813663e-18
3.0220000000000002,0.3,0.2894568145275116,0.012942874077725718,-2.605177545967179e-17,0.0023247378412634134,7.102444504817275e-18
3.023,0.3,0.2894524335861206,0.012942874077725718,-2.694688083540522e-17,0.002324551809579134,7.338980036155732e-18
3.024,0.3,0.289448082447052,0.012942874077725718,-2.779892980589404e-17,0.0023243657778948545,7.527939688937579e-18
3.025,0.3,0.2894437313079834,0.012942874077725718,-2.862177599203729e-17,0.002324179746210575,7.701022384399144e-18
3.0260000000000002,0.3,0.2894393801689148,0.012942874077725718,-2.941553519912073e-17,0.0023239937145262957,7.826539747299037e-18
3.027,0.3,0.2894350290298462,0.012942874077725718,-3.016182085648852e-17,0.0023238076828420162,7.872808685413112e-18
3.028,0.3,0.2894307076931,0.012942874077725718,-3.086521885345666e-17,0.0023236216511577368,7.887378955916882e-18
3.029,0.3,0.28942638635635376,0.012942874077725718,-3.151662358584217e-17,0.0023234353866428137,7.838564778282984e-18
3.0300000000000002,0.3,0.28942209482192993,0.012942874077725718,-3.2134550664476434e-17,0.0023232493549585342,7.742222235942636e-18
3.031,0.3,0.2894177734851837,0.012942874077725718,-3.271899347191455e-17,0.002323063090443611,7.614204737080485e-18
3.032,0.3,0.2894134819507599,0.012942874077725718,-3.326545876306913e-17,0.002322876825928688,7.422826570965986e-18
3.033,0.3,0.28940919041633606,0.012942874077725718,-3.379230333009396e-17,0.002322690561413765,7.247325844080104e-18
3.0340000000000003,0.3,0.28940489888191223,0.012942874077725718,-3.429497767961998e-17,0.002322504296898842,7.07185440156029e-18
3.035,0.3,0.2894006371498108,0.012942874077725718,-3.476901834506187e-17,0.002322317799553275,6.848875701463621e-18
3.036,0.3,0.28939637541770935,0.012942874077725718,-3.52374474172282e-17,0.002322131535038352,6.6259341837509845e-18
3.037,0.3,0.2893921136856079,0.012942874077725718,-3.570027151356387e-17,0.002321945270523429,6.403029849887575e-18
3.0380000000000003,0.3,0.28938785195350647,0.012942874077725718,-3.615751379512603e-17,0.002321758773177862,6.180162701386266e-18
3.039,0.3,0.2893836200237274,0.012942874077725718,-3.660917757063714e-17,0.0023215722758322954,5.957332739356495e-18
3.04,0.3,0.28937938809394836,0.012942874077725718,-3.7055266148819634e-17,0.0023213857784867287,5.734539936065822e-18
3.041,0.3,0.2893751561641693,0.012942874077725718,-3.7495805999453126e-17,0.002321199281141162,5.5117842929338054e-18
3.0420000000000003,0.3,0.28937095403671265,0.012942874077725718,-3.792620792449917e-17,0.002321012783795595,5.273220296493587e-18
3.043,0.3,0.289366751909256,0.012942874077725718,-3.8351080974330905e-17,0.0023208260536193848,5.034696075747354e-18
3.044,0.3,0.2893625497817993,0.012942874077725718,-3.8765839259632343e-17,0.002320639556273818,4.78036611744775e-18
3.045,0.3,0.28935837745666504,0.012942874077725718,-3.917967441137017e-17,0.0023204528260976076,4.5419240934781425e-18
3.0460000000000003,0.3,0.2893541753292084,0.012942874077725718,-3.9592589738266843e-17,0.002320266328752041,4.3193673367840254e-18
3.047,0.3,0.2893500030040741,0.012942874077725718,-4.0004605092657056e-17,0.0023200795985758305,4.112693235055042e-18
3.048,0.3,0.2893458604812622,0.012942874077725718,-4.041113127650237e-17,0.00231989286839962,3.906053606833693e-18
3.049,0.3,0.2893417179584503,0.012942874077725718,-4.0821359920769466e-17,0.0023197061382234097,3.7311394527144826e-18
3.0500000000000003,0.3,0.2893375754356384,0.012942874077725718,-4.1221473800506265e-17,0.0023195194080471992,3.5720999716159715e-18
3.051,0.3,0.28933343291282654,0.012942874077725718,-4.1597705321597434e-17,0.002319332445040345,3.397241492792746e-18
3.052,0.3,0.28932932019233704,0.012942874077725718,-4.1959279202234164e-17,0.002319145714864135,3.2382576804105014e-18
3.053,0.3,0.28932520747184753,0.012942874077725718,-4.2292364982574567e-17,0.0023189587518572807,3.0951458622398216e-18
3.0540000000000003,0.3,0.28932109475135803,0.012942874077725718,-4.25970321457901e-17,0.0023187720216810703,2.9679033914116987e-18
3.055,0.3,0.28931698203086853,0.012942874077725718,-4.286868818511986e-17,0.0023185850586742163,2.872373124900528e-18
3.056,0.3,0.2893128991127014,0.012942874077725718,-4.309356550644853e-17,0.002318398095667362,2.808549762339083e-18
3.057,0.3,0.2893088459968567,0.012942874077725718,-4.326256181431556e-17,0.002318211132660508,2.760582489232613e-18
3.0580000000000003,0.3,0.2893047630786896,0.012942874077725718,-4.3385044101977514e-17,0.002318024169653654,2.7284686607234392e-18
3.059,0.3,0.28930070996284485,0.012942874077725718,-4.347030326207458e-17,0.0023178372066468,2.728051170734847e-18
3.06,0.3,0.2892966568470001,0.012942874077725718,-4.3532285559734404e-17,0.0023176500108093023,2.7593247442302e-18
3.061,0.3,0.2892926335334778,0.012942874077725718,-4.3571123343854993e-17,0.0023174630478024483,2.7905930831820725e-18
3.0620000000000003,0.3,0.28928861021995544,0.012942874077725718,-4.3609861866302077e-17,0.0023172758519649506,2.869392746890943e-18
3.063,0.3,0.2892845869064331,0.012942874077725718,-4.3653199512954955e-17,0.002317088656127453,2.964024803901478e-18
3.064,0.3,0.28928059339523315,0.012942874077725718,-4.3705785038856176e-17,0.002316901693120599,3.0586411185542516e-18
3.065,0.3,0.2892765998840332,0.012942874077725718,-4.377685308836428e-17,0.002316714497283101,3.1532416989595758e-18
3.0660000000000003,0.3,0.28927260637283325,0.012942874077725718,-4.386634741319762e-17,0.0023165273014456034,3.247826551321836e-18
3.067,0.3,0.2892686426639557,0.012942874077725718,-4.397883405033748e-17,0.002316339872777462,3.3582411978526968e-18
3.068,0.3,0.2892646789550781,0.012942874077725718,-4.4105094899037574e-17,0.0023161526769399643,3.4527919665174247e-18
3.069,0.3,0.28926071524620056,0.012942874077725718,-4.425427195942784e-17,0.0023159654811024666,3.563172536240361e-18
3.0700000000000003,0.3,0.2892567813396454,0.012942874077725718,-4.4421736328800423e-17,0.0023157780524343252,3.673534759580531e-18
3.071,0.3,0.2892528474330902,0.012942874077725718,-4.461203419180192e-17,0.0023155908565968275,3.7997241494173865e-18
3.072,0.3,0.28924891352653503,0.012942874077725718,-4.4815970608743196e-17,0.002315403427928686,3.910047043854346e-18
3.073,0.3,0.28924500942230225,0.012942874077725718,-4.503350918367729e-17,0.0023152159992605448,4.004506094319626e-18
3.074,0.3,0.28924110531806946,0.012942874077725718,-4.526918617508345e-17,0.0023150285705924034,4.098949452892525e-18
3.075,0.3,0.28923723101615906,0.012942874077725718,-4.552298173062697e-17,0.002314841141924262,4.193377129201937e-18
3.076,0.3,0.28923335671424866,0.012942874077725718,-4.5790270256322455e-17,0.0023146537132561207,4.2719436020856045e-18
3.077,0.3,0.28922948241233826,0.012942874077725718,-4.608017720868759e-17,0.0023144662845879793,4.366342552913356e-18
3.078,0.3,0.28922563791275024,0.012942874077725718,-4.639266950049787e-17,0.002314278855919838,4.476571351479913e-18
3.079,0.3,0.28922179341316223,0.012942874077725718,-4.6718552192064164e-17,0.002314091194421053,4.570936319129051e-18
3.08,0.3,0.2892179489135742,0.012942874077725718,-4.7062364850588155e-17,0.0023139037657529116,4.665285623938369e-18
3.081,0.3,0.2892141342163086,0.012942874077725718,-4.742407438884534e-17,0.0023137161042541265,4.759619278292847e-18
3.082,0.3,0.28921031951904297,0.012942874077725718,-4.7803651028333676e-17,0.0023135284427553415,4.853937273159026e-18
3.083,0.3,0.28920650482177734,0.012942874077725718,-4.820104182949395e-17,0.0023133410140872,4.9482396209403405e-18
3.084,0.3,0.2892027199268341,0.012942874077725718,-4.862081282930746e-17,0.002313153352588415,5.0583718500566e-18
3.085,0.3,0.28919896483421326,0.012942874077725718,-4.9062921014382353e-17,0.00231296569108963,5.18433130834211e-18
3.086,0.3,0.28919517993927,0.012942874077725718,-4.952275071690058e-17,0.002312778029590845,5.310269827332971e-18
3.087,0.3,0.28919142484664917,0.012942874077725718,-5.000026223219274e-17,0.0023125901352614164,5.4361874475723146e-18
3.088,0.3,0.2891876995563507,0.012942874077725718,-5.0495425781756786e-17,0.0023124024737626314,5.5620841575089025e-18
3.089,0.3,0.28918397426605225,0.012942874077725718,-5.101277762407195e-17,0.0023122148122638464,5.703805459558989e-18
3.09,0.3,0.2891802489757538,0.012942874077725718,-5.1547712017487545e-17,0.0023120269179344177,5.845503212957834e-18
3.091,0.3,0.2891765534877777,0.012942874077725718,-5.210018263988926e-17,0.0023118392564356327,5.987177435097639e-18
3.092,0.3,0.28917285799980164,0.012942874077725718,-5.26701696389424e-17,0.002311651362106204,6.1288281131787125e-18
3.093,0.3,0.28916916251182556,0.012942874077725718,-5.325304411193912e-17,0.0023114634677767754,6.254609749988349e-18
3.094,0.3,0.2891654968261719,0.012942874077725718,-5.385336216969335e-17,0.0023112755734473467,6.380370521276614e-18
3.095,0.3,0.2891618311405182,0.012942874077725718,-5.4475660070684345e-17,0.002311087679117918,6.5219559280662265e-18
3.096,0.3,0.2891581952571869,0.012942874077725718,-5.5119917962577396e-17,0.0023108997847884893,6.679363348328399e-18
3.097,0.3,0.2891545593738556,0.012942874077725718,-5.577692105334866e-17,0.0023107118904590607,6.820899094319174e-18
3.098,0.3,0.2891509234905243,0.012942874077725718,-5.6446646181941e-17,0.002310523996129632,6.946565827470201e-18
3.099,0.3,0.2891473174095154,0.012942874077725718,-5.712905695240745e-17,0.0023103361018002033,7.056366209597033e-18
3.1,0.3,0.28914371132850647,0.012942874077725718,-5.78286929319497e-17,0.002310147974640131,7.166148379645967e-18
3.101,0.3,0.28914013504981995,0.012942874077725718,-5.854095499636196e-17,0.0023099600803107023,7.260066833898574e-18
3.102,0.3,0.2891365587711334,0.012942874077725718,-5.924744003137615e-17,0.00230977195315063,7.290587614700258e-18
3.103,0.3,0.2891329824924469,0.012942874077725718,-5.993885052690717e-17,0.0023095838259905577,7.273566772755315e-18
3.104,0.3,0.28912943601608276,0.012942874077725718,-6.061049471452063e-17,0.002309395931661129,7.240703237539587e-18
3.105,0.3,0.289125919342041,0.012942874077725718,-6.125319419813963e-17,0.0023092078045010567,7.191999607476121e-18
3.106,0.3,0.2891223728656769,0.012942874077725718,-6.187153486708017e-17,0.0023090196773409843,7.143304015116871e-18
3.107,0.3,0.2891188859939575,0.012942874077725718,-6.246558951323615e-17,0.002308831550180912,7.09461650871775e-18
3.108,0.3,0.28911536931991577,0.012942874077725718,-6.303541107616678e-17,0.0023086434230208397,7.045937029510976e-18
3.109,0.3,0.2891118824481964,0.012942874077725718,-6.358103926054146e-17,0.0023084552958607674,6.997265623431811e-18
3.11,0.3,0.28910842537879944,0.012942874077725718,-6.40979411166034e-17,0.002308267168700695,6.93275675167009e-18
3.111,0.3,0.2891049385070801,0.012942874077725718,-6.459532151020908e-17,0.002308078808709979,6.884104066718779e-18
3.112,0.3,0.2891015112400055,0.012942874077725718,-6.506408145462043e-17,0.0023078906815499067,6.819613935622193e-18
3.113,0.3,0.2890980541706085,0.012942874077725718,-6.550883330893304e-17,0.0023077023215591908,6.755134465848889e-18
3.114,0.3,0.2890946567058563,0.012942874077725718,-6.592963001270612e-17,0.0023075141943991184,6.690665694469444e-18
3.115,0.3,0.28909122943878174,0.012942874077725718,-6.632651788805396e-17,0.0023073258344084024,6.626207575597378e-18
3.116,0.3,0.28908783197402954,0.012942874077725718,-6.670412914640687e-17,0.00230713770724833,6.577605659811379e-18
3.117,0.3,0.28908443450927734,0.012942874077725718,-6.705333833124716e-17,0.002306949347257614,6.5131662554615106e-18
3.118,0.3,0.28908106684684753,0.012942874077725718,-6.738337016076601e-17,0.002306760987266898,6.4645830610137804e-18
3.119,0.3,0.2890777289867401,0.012942874077725718,-6.771264760156622e-17,0.002306572627276182,6.463544498188814e-18
3.12,0.3,0.2890743613243103,0.012942874077725718,-6.805507390538357e-17,0.002306384267285466,6.51004268608025e-18
3.121,0.3,0.28907105326652527,0.012942874077725718,-6.841533422320757e-17,0.00230619590729475,6.572378740608871e-18
3.122,0.3,0.28906771540641785,0.012942874077725718,-6.87980144443542e-17,0.0023060075473040342,6.650550005347184e-18
3.123,0.3,0.2890644073486328,0.012942874077725718,-6.921686561932655e-17,0.0023058191873133183,6.776244939834695e-18
3.124,0.3,0.28906112909317017,0.012942874077725718,-6.966732171114333e-17,0.0023056305944919586,6.901919101242704e-18
3.125,0.3,0.2890578508377075,0.012942874077725718,-7.016771965962361e-17,0.0023054422345012426,7.059263551236179e-18
3.126,0.3,0.2890545725822449,0.012942874077725718,-7.072265858897318e-17,0.0023052538745105267,7.232427559810682e-18
3.1270000000000002,0.3,0.2890513241291046,0.012942874077725718,-7.135043573434173e-17,0.002305065281689167,7.437254086740691e-18
3.128,0.3,0.28904807567596436,0.012942874077725718,-7.20785598141803e-17,0.002304876921698451,7.721274410184568e-18
3.129,0.3,0.2890448570251465,0.012942874077725718,-7.29067992179174e-17,0.0023046883288770914,8.100320861038973e-18
3.13,0.3,0.2890416383743286,0.012942874077725718,-7.381211861985464e-17,0.0023044997360557318,8.49514999845317e-18
3.1310000000000002,0.3,0.28903841972351074,0.012942874077725718,-7.478979978177801e-17,0.002304311376065016,8.889913659633102e-18
3.132,0.3,0.28903523087501526,0.012942874077725718,-7.582122121373774e-17,0.002304122783243656,9.284611779428092e-18
3.133,0.3,0.28903207182884216,0.012942874077725718,-7.687856317737242e-17,0.0023039341904222965,9.679244214934834e-18
3.134,0.3,0.28902891278266907,0.012942874077725718,-7.794321741762207e-17,0.002303745597600937,1.0105501874405413e-17
3.1350000000000002,0.3,0.28902575373649597,0.012942874077725718,-7.897841741061993e-17,0.0023035570047795773,1.0499997389429553e-17
3.136,0.3,0.28902262449264526,0.012942874077725718,-7.997956403216021e-17,0.0023033684119582176,1.0862736032158398e-17
3.137,0.3,0.28901949524879456,0.012942874077725718,-8.093285329218062e-17,0.002303179819136858,1.119372300004097e-17
3.138,0.3,0.28901639580726624,0.012942874077725718,-8.183825210345667e-17,0.0023029912263154984,1.1540500121859252e-17
3.1390000000000002,0.3,0.2890132963657379,0.012942874077725718,-8.268671441880946e-17,0.0023028026334941387,1.1871373681440744e-17
3.14,0.3,0.289010226726532,0.012942874077725718,-8.345993638564443e-17,0.0023026138078421354,1.2154655256967427e-17
3.141,0.3,0.28900715708732605,0.012942874077725718,-8.414876607766429e-17,0.002302425215020776,1.2406198217680961e-17
3.142,0.3,0.2890041172504425,0.012942874077725718,-8.473037992740747e-17,0.002302236622199416,1.2578471293380494e-17
3.1430000000000002,0.3,0.28900107741355896,0.012942874077725718,-8.521410853218358e-17,0.002302047796547413,1.2703178721213396e-17
3.144,0.3,0.2889980375766754,0.012942874077725718,-8.560932881141652e-17,0.0023018592037260532,1.2796173978994542e-17
3.145,0.3,0.28899502754211426,0.012942874077725718,-8.591623267100839e-17,0.00230167037807405,1.2841616885111563e-17
3.146,0.3,0.2889920473098755,0.012942874077725718,-8.61533820439049e-17,0.0023014815524220467,1.2855360933737282e-17
3.1470000000000002,0.3,0.2889890670776367,0.012942874077725718,-8.635767580287079e-17,0.002301292959600687,1.2916639051691832e-17
3.148,0.3,0.28898608684539795,0.012942874077725718,-8.652930585380819e-17,0.0023011041339486837,1.2977906874191336e-17
3.149,0.3,0.28898313641548157,0.012942874077725718,-8.66869069215567e-17,0.0023009153082966805,1.3007473501183198e-17
3.15,0.3,0.2889801859855652,0.012942874077725718,-8.685813330835517e-17,0.002300726482644677,1.3021189807238773e-17
3.1510000000000002,0.3,0.2889772653579712,0.012942874077725718,-8.705679562171081e-17,0.0023005378898233175,1.303490400801315e-17
3.152,0.3,0.2889743447303772,0.012942874077725718,-8.72874665160498e-17,0.0023003490641713142,1.3032770602160925e-17
3.153,0.3,0.2889714539051056,0.012942874077725718,-8.754094774296055e-17,0.002300160238519311,1.2983101243050896e-17
3.154,0.3,0.288968563079834,0.012942874077725718,-8.784016874902303e-17,0.0022999714128673077,1.2917594938534239e-17
3.1550000000000002,0.3,0.28896570205688477,0.012942874077725718,-8.819426160819983e-17,0.0022997823543846607,1.2836254378629345e-17
3.156,0.3,0.28896284103393555,0.012942874077725718,-8.860773941791303e-17,0.0022995935287326574,1.2739082202182565e-17
3.157,0.3,0.28895998001098633,0.012942874077725718,-8.908504248369083e-17,0.002299404703080654,1.2641926583077101e-17
3.158,0.3,0.2889571487903595,0.012942874077725718,-8.962147241965392e-17,0.002299215877428651,1.2528942022208227e-17
3.1590000000000003,0.3,0.28895434737205505,0.012942874077725718,-9.021691011179409e-17,0.0022990270517766476,1.240013111700242e-17
3.16,0.3,0.2889515459537506,0.012942874077725718,-9.086199187557725e-17,0.0022988379932940006,1.2255496434613112e-17
3.161,0.3,0.28894874453544617,0.012942874077725718,-9.154736064391418e-17,0.0022986491676419973,1.2095040596121059e-17
3.162,0.3,0.2889459729194641,0.012942874077725718,-9.227748980955759e-17,0.002298460341989994,1.1950457273018622e-17
3.1630000000000003,0.3,0.28894323110580444,0.012942874077725718,-9.304308847986727e-17,0.002298271283507347,1.1805898190399675e-17
3.164,0.3,0.2889404892921448,0.012942874077725718,-9.380721807740905e-17,0.002298082457855344,1.1629672132189898e-17
3.165,0.3,0.2889377474784851,0.012942874077725718,-9.454215812549507e-17,0.002297893399372697,1.1421784274498979e-17
3.166,0.3,0.2889350354671478,0.012942874077725718,-9.524321023824601e-17,0.0022977045737206936,1.122977634411153e-17
3.1670000000000003,0.3,0.28893232345581055,0.012942874077725718,-9.588273334831281e-17,0.0022975155152380466,1.1053645592861194e-17
3.168,0.3,0.28892964124679565,0.012942874077725718,-9.645630038505708e-17,0.0022973264567553997,1.0877543872932906e-17
3.169,0.3,0.28892695903778076,0.012942874077725718,-9.697316915389451e-17,0.0022971376311033964,1.0733162205839988e-17
3.17,0.3,0.28892430663108826,0.012942874077725718,-9.744269010446941e-17,0.0022969485726207495,1.0636340914171543e-17
3.1710000000000003,0.3,0.28892165422439575,0.012942874077725718,-9.788805076371286e-17,0.0022967595141381025,1.0587072167955453e-17
3.172,0.3,0.28891903162002563,0.012942874077725718,-9.831408186640217e-17,0.0022965706884860992,1.0537811578057894e-17
3.173,0.3,0.2889164090156555,0.012942874077725718,-9.873919314425033e-17,0.0022963816300034523,1.0520250228663286e-17
3.174,0.3,0.2889138162136078,0.012942874077725718,-9.919100581227169e-17,0.0022961925715208054,1.0581919498237888e-17
3.1750000000000003,0.3,0.28891122341156006,0.012942874077725718,-9.966967207169898e-17,0.0022960035130381584,1.0659424183672737e-17
3.176,0.3,0.28890863060951233,0.012942874077725718,-1.0019356856702066e-16,0.0022958144545555115,1.0768607247357186e-17
3.177,0.3,0.288906067609787,0.012942874077725718,-1.0077645296618473e-16,0.0022956253960728645,1.0925309014787605e-17
3.178,0.3,0.28890353441238403,0.012942874077725718,-1.0141375923220988e-16,0.0022954363375902176,1.1066139515525442e-17
3.1790000000000003,0.3,0.2889010012149811,0.012942874077725718,-1.021236919560172e-16,0.0022952472791075706,1.1254483409551846e-17
3.18,0.3,0.2888984978199005,0.012942874077725718,-1.0287396462393749e-16,0.0022950582206249237,1.1426950670376748e-17
3.181,0.3,0.28889599442481995,0.012942874077725718,-1.0365987223264657e-16,0.0022948691621422768,1.1583543827545266e-17
3.182,0.3,0.2888934910297394,0.012942874077725718,-1.0444903562424666e-16,0.00229468010365963,1.1708419855963164e-17
3.1830000000000003,0.3,0.2888910174369812,0.012942874077725718,-1.0520912858039919e-16,0.002294491045176983,1.1801583873781954e-17
3.184,0.3,0.288888543844223,0.012942874077725718,-1.0591241738952648e-16,0.002294301986694336,1.1878886482030957e-17
3.185,0.3,0.28888610005378723,0.012942874077725718,-1.0653588657826485e-16,0.0022941126953810453,1.1956175720825037e-17
3.186,0.3,0.28888368606567383,0.012942874077725718,-1.0705206051538774e-16,0.0022939236368983984,1.2001760446012972e-17
3.1870000000000003,0.3,0.2888812720775604,0.012942874077725718,-1.0744273460997408e-16,0.0022937345784157515,1.1983954858288391e-17
3.188,0.3,0.288878858089447,0.012942874077725718,-1.0771270650957669e-16,0.0022935455199331045,1.1918615095982575e-17
3.189,0.3,0.288876473903656,0.012942874077725718,-1.0788065064370455e-16,0.002293356228619814,1.1821594661766306e-17
3.19,0.3,0.288874089717865,0.012942874077725718,-1.0795589760966728e-16,0.002293167170137167,1.1708744397294723e-17
3.1910000000000003,0.3,0.28887173533439636,0.012942874077725718,-1.0794794344089697e-16,0.00229297811165452,1.156422153580913e-17
3.192,0.3,0.2888694107532501,0.012942874077725718,-1.0789373333227269e-16,0.0022927888203412294,1.1435568059961141e-17
3.193,0.3,0.2888670563697815,0.012942874077725718,-1.0779819728024527e-16,0.0022925997618585825,1.1243553863104994e-17
3.194,0.3,0.28886476159095764,0.012942874077725718,-1.0768443678496208e-16,0.002292410470545292,1.1004035148249862e-17
3.1950000000000003,0.3,0.2888624668121338,0.012942874077725718,-1.0758924484006947e-16,0.002292221412062645,1.0780402025714644e-17
3.196,0.3,0.28886017203330994,0.012942874077725718,-1.0753111058661925e-16,0.002292032353579998,1.0556806403022478e-17
3.197,0.3,0.28885790705680847,0.012942874077725718,-1.0750995461527259e-16,0.0022918430622667074,1.0333248295295774e-17
3.198,0.3,0.288855642080307,0.012942874077725718,-1.0753491561743699e-16,0.0022916540037840605,1.012557318312839e-17
3.1990000000000003,0.3,0.28885340690612793,0.012942874077725718,-1.0761033463696712e-16,0.00229146471247077,9.997160393369338e-18
3.2,0.3,0.28885117173194885,0.012942874077725718,-1.0771309032138091e-16,0.002291275653988123,9.947996566022494e-18
3.201,0.3,0.28884896636009216,0.012942874077725718,-1.078017508481568e-16,0.0022910863626748323,9.914686305898028e-18
3.202,0.3,0.2888467609882355,0.012942874077725718,-1.0786707826421378e-16,0.0022908970713615417,9.913072424983012e-18
3.203,0.3,0.2888445556163788,0.012942874077725718,-1.0789994711303419e-16,0.002290708012878895,9.927304096048435e-18
3.204,0.3,0.28884240984916687,0.012942874077725718,-1.0790496975371361e-16,0.002290518721565604,9.989069661009679e-18
3.205,0.3,0.28884023427963257,0.012942874077725718,-1.0785919688733738e-16,0.0022903296630829573,1.006667008570201e-17
3.206,0.3,0.28883808851242065,0.012942874077725718,-1.077581154164834e-16,0.0022901403717696667,1.0160102706933983e-17
3.207,0.3,0.28883597254753113,0.012942874077725718,-1.0760639725725137e-16,0.002289951080456376,1.0301055861859602e-17
3.208,0.3,0.2888338565826416,0.012942874077725718,-1.0738116590262053e-16,0.002289762021973729,1.0457830516141214e-17
3.209,0.3,0.28883177042007446,0.012942874077725718,-1.0708705356402118e-16,0.0022895727306604385,1.0677960516122383e-17
3.21,0.3,0.2888296842575073,0.012942874077725718,-1.0669205827791486e-16,0.002289383439347148,1.0898053181939106e-17
3.211,0.3,0.2888275980949402,0.012942874077725718,-1.0619181914811219e-16,0.002289194380864501,1.1102262991226993e-17
3.212,0.3,0.28882554173469543,0.012942874077725718,-1.055773629193282e-16,0.0022890050895512104,1.125890157947915e-17
3.213,0.3,0.28882351517677307,0.012942874077725718,-1.0488108198435046e-16,0.00228881579823792,1.1431359084923222e-17
3.214,0.3,0.2888214886188507,0.012942874077725718,-1.0413537535341146e-16,0.002288626739755273,1.1651324046343418e-17
3.215,0.3,0.28881949186325073,0.012942874077725718,-1.033404746370827e-16,0.0022884374484419823,1.187125207252704e-17
3.216,0.3,0.28881749510765076,0.012942874077725718,-1.0251955412740547e-16,0.0022882481571286917,1.210698878132384e-17
3.217,0.3,0.2888154983520508,0.012942874077725718,-1.0166813381418219e-16,0.0022880590986460447,1.2326840567059097e-17
3.218,0.3,0.2888135313987732,0.012942874077725718,-1.0080476239546874e-16,0.002287869807332754,1.2514964686160232e-17
3.219,0.3,0.2888115644454956,0.012942874077725718,-9.994798856932102e-17,0.0022876805160194635,1.265552110360262e-17
3.22,0.3,0.2888096272945404,0.012942874077725718,-9.913007237962858e-17,0.002287491224706173,1.274851786771942e-17
3.221,0.3,0.2888077199459076,0.012942874077725718,-9.836933753132072e-17,0.002287302166223526,1.2825654026420488e-17
3.222,0.3,0.2888058125972748,0.012942874077725718,-9.76748763936906e-17,0.0022871128749102354,1.2886932282659055e-17
3.223,0.3,0.28880390524864197,0.012942874077725718,-9.704203028552833e-17,0.002286923583596945,1.2900664209700207e-17
3.224,0.3,0.28880202770233154,0.012942874077725718,-9.647055436137259e-17,0.002286734292283654,1.2898548706108658e-17
3.225,0.3,0.2888001501560211,0.012942874077725718,-9.595108493668929e-17,0.0022865450009703636,1.2880588379783357e-17
3.226,0.3,0.2887983024120331,0.012942874077725718,-9.548346981024571e-17,0.0022863559424877167,1.2862631341850907e-17
3.227,0.3,0.28879648447036743,0.012942874077725718,-9.505381234775097e-17,0.002286166651174426,1.2828831987925292e-17
3.228,0.3,0.2887946665287018,0.012942874077725718,-9.464353076392467e-17,0.0022859773598611355,1.2779192887992591e-17
3.229,0.3,0.28879284858703613,0.012942874077725718,-9.423424841427833e-17,0.002285788068547845,1.2666179990448136e-17
3.23,0.3,0.28879106044769287,0.012942874077725718,-9.380274468465637e-17,0.002285599010065198,1.2521494680719359e-17
3.231,0.3,0.2887892723083496,0.012942874077725718,-9.33212990983709e-17,0.0022854097187519073,1.2360987564710567e-17
3.232,0.3,0.28878751397132874,0.012942874077725718,-9.275773102087118e-17,0.0022852204274386168,1.2168815609895367e-17
3.233,0.3,0.28878575563430786,0.012942874077725718,-9.2098296019099e-17,0.002285031136125326,1.1944984024026308e-17
3.234,0.3,0.2887840270996094,0.012942874077725718,-9.132938200889421e-17,0.002284842077642679,1.1673652470767652e-17
3.235,0.3,0.2887822985649109,0.012942874077725718,-9.043732396653742e-17,0.0022846527863293886,1.1354828786441607e-17
3.236,0.3,0.2887805998325348,0.012942874077725718,-8.940389744877287e-17,0.002284463495016098,1.0972675252473486e-17
3.237,0.3,0.2887789011001587,0.012942874077725718,-8.822922818705367e-17,0.002284274436533451,1.057473896186924e-17
3.238,0.3,0.2887772023677826,0.012942874077725718,-8.692273942291801e-17,0.0022840851452201605,1.0192713594863787e-17
3.239,0.3,0.28877556324005127,0.012942874077725718,-8.549851307911401e-17,0.00228389585390687,9.842442050888337e-18
3.24,0.3,0.28877389430999756,0.012942874077725718,-8.396603195418397e-17,0.0022837065625935793,9.523919224587686e-18
3.241,0.3,0.28877225518226624,0.012942874077725718,-8.235315549115867e-17,0.0022835175041109324,9.268830927594167e-18
3.242,0.3,0.2887706458568573,0.012942874077725718,-8.068778283773831e-17,0.0022833282127976418,9.077166857614256e-18
3.243,0.3,0.28876903653144836,0.012942874077725718,-7.900246520538807e-17,0.002283138921484351,8.917225690615602e-18
3.244,0.3,0.2887674570083618,0.012942874077725718,-7.732043644315334e-17,0.002282949863001704,8.75731127981246e-18
3.245,0.3,0.28876587748527527,0.012942874077725718,-7.567859542379889e-17,0.0022827605716884136,8.613269352654376e-18
3.246,0.3,0.2887642979621887,0.012942874077725718,-7.40953386441479e-17,0.002282571280375123,8.48509732143549e-18
3.247,0.3,0.28876274824142456,0.012942874077725718,-7.258897657423983e-17,0.002282382221892476,8.404483664107264e-18
3.248,0.3,0.2887612283229828,0.012942874077725718,-7.117328011691247e-17,0.0022821929305791855,8.339729540332419e-18
3.249,0.3,0.288759708404541,0.012942874077725718,-6.984813677560252e-17,0.002282003639265895,8.274986861340176e-18
3.25,0.3,0.28875818848609924,0.012942874077725718,-6.863634364799194e-17,0.002281814580783248,8.257792241636777e-18
3.251,0.3,0.28875669836997986,0.012942874077725718,-6.753782132474192e-17,0.0022816252894699574,8.240601214521815e-18
3.2520000000000002,0.3,0.2887552082538605,0.012942874077725718,-6.654776554085475e-17,0.0022814362309873104,8.207568284129787e-18
3.253,0.3,0.2887537479400635,0.012942874077725718,-6.566140511855722e-17,0.00228124693967402,8.142850505299707e-18
3.254,0.3,0.2887522876262665,0.012942874077725718,-6.486463166532165e-17,0.0022810576483607292,8.046453037815421e-18
3.255,0.3,0.28875085711479187,0.012942874077725718,-6.41432838490611e-17,0.0022808685898780823,7.965917558882279e-18
3.2560000000000002,0.3,0.28874942660331726,0.012942874077725718,-6.346958163608361e-17,0.0022806792985647917,7.869550316016697e-18
3.257,0.3,0.28874802589416504,0.012942874077725718,-6.283425398608369e-17,0.0022804902400821447,7.74150830262813e-18
3.258,0.3,0.2887466251850128,0.012942874077725718,-6.221405381512613e-17,0.002280300948768854,7.59764220649852e-18
3.259,0.3,0.288745254278183,0.012942874077725718,-6.159057139149796e-17,0.002280111890286207,7.4062635286826e-18
3.2600000000000002,0.3,0.28874388337135315,0.012942874077725718,-6.094992993324299e-17,0.0022799228318035603,7.167380056528396e-18
3.261,0.3,0.2887425422668457,0.012942874077725718,-6.026899485298934e-17,0.0022797335404902697,6.896844995504315e-18
3.262,0.3,0.28874120116233826,0.012942874077725718,-5.951089374775184e-17,0.0022795444820076227,6.594663379278166e-18
3.263,0.3,0.2887398898601532,0.012942874077725718,-5.86616770436804e-17,0.002279355190694332,6.340067892245372e-18
3.2640000000000002,0.3,0.28873857855796814,0.012942874077725718,-5.769393528399746e-17,0.002279166132211685,6.101359480366627e-18
3.265,0.3,0.2887372672557831,0.012942874077725718,-5.661239994180682e-17,0.0022789770737290382,5.926072061502206e-18
3.266,0.3,0.2887359857559204,0.012942874077725718,-5.540373686563414e-17,0.0022787877824157476,5.7191220082555125e-18
3.267,0.3,0.2887347340583801,0.012942874077725718,-5.4109526770511224e-17,0.0022785987239331007,5.559742400508654e-18
3.2680000000000002,0.3,0.28873348236083984,0.012942874077725718,-5.2734792297117494e-17,0.0022784096654504538,5.368697900738139e-18
3.269,0.3,0.28873223066329956,0.012942874077725718,-5.131192583824053e-17,0.002278220374137163,5.177684964765448e-18
3.27,0.3,0.28873100876808167,0.012942874077725718,-4.9864108303366515e-17,0.0022780313156545162,4.986703700292114e-18
3.271,0.3,0.28872978687286377,0.012942874077725718,-4.840986522949419e-17,0.0022778422571718693,4.795754297190935e-18
3.2720000000000002,0.3,0.28872859477996826,0.012942874077725718,-4.69952275633509e-17,0.0022776531986892223,4.668218993568656e-18
3.273,0.3,0.28872743248939514,0.012942874077725718,-4.5638661284931286e-17,0.0022774641402065754,4.588241877461822e-18
3.274,0.3,0.28872624039649963,0.012942874077725718,-4.435397369302008e-17,0.0022772750817239285,4.5399696260284274e-18
3.275,0.3,0.2887251079082489,0.012942874077725718,-4.3150277009245164e-17,0.0022770860232412815,4.523396936518165e-18
3.2760000000000002,0.3,0.2887239456176758,0.012942874077725718,-4.2036663602899724e-17,0.002276896731927991,4.538518689504889e-18
3.277,0.3,0.28872281312942505,0.012942874077725718,-4.102682827620519e-17,0.002276707673445344,4.5853296117604775e-18
3.278,0.3,0.2887217104434967,0.012942874077725718,-4.013440296565643e-17,0.002276518614962697,4.679670056799848e-18
3.279,0.3,0.28872060775756836,0.012942874077725718,-3.9382171534045604e-17,0.0022763297893106937,4.853223221396465e-18
3.2800000000000002,0.3,0.2887195348739624,0.012942874077725718,-3.8769908988246104e-17,0.002276140730828047,5.105975887314808e-18
3.281,0.3,0.28871846199035645,0.012942874077725718,-3.8288225173944225e-17,0.0022759516723454,5.406223867984013e-18
3.282,0.3,0.2887173891067505,0.012942874077725718,-3.793244155759537e-17,0.002275762613862753,5.6905771865157934e-18
3.283,0.3,0.2887163460254669,0.012942874077725718,-3.771146191131305e-17,0.002275573555380106,5.9907295214854575e-18
3.2840000000000003,0.3,0.28871530294418335,0.012942874077725718,-3.762039925203831e-17,0.002275384496897459,6.306678134197728e-18
3.285,0.3,0.28871428966522217,0.012942874077725718,-3.761756698562093e-17,0.002275195438414812,6.590883607564058e-18
3.286,0.3,0.288713276386261,0.012942874077725718,-3.765673233326409e-17,0.002275006612762809,6.795814382572815e-18
3.287,0.3,0.2887122929096222,0.012942874077725718,-3.7700735033129463e-17,0.002274817554280162,6.953174477974984e-18
3.2880000000000003,0.3,0.2887113094329834,0.012942874077725718,-3.772187115214142e-17,0.002274628495797515,7.047126133006076e-18
3.289,0.3,0.288710355758667,0.012942874077725718,-3.771078362321076e-17,0.002274439437314868,7.125216295599559e-18
3.29,0.3,0.2887094020843506,0.012942874077725718,-3.762148120427953e-17,0.0022742506116628647,7.139910856520583e-18
3.291,0.3,0.28870847821235657,0.012942874077725718,-3.742645517689668e-17,0.0022740615531802177,7.059529217816025e-18
3.2920000000000003,0.3,0.28870755434036255,0.012942874077725718,-3.711201735628567e-17,0.0022738727275282145,6.8840871663980665e-18
3.293,0.3,0.28870663046836853,0.012942874077725718,-3.668288267193806e-17,0.0022736836690455675,6.645291527129372e-18
3.294,0.3,0.2887057363986969,0.012942874077725718,-3.6129955445838216e-17,0.0022734948433935642,6.3589983569949074e-18
3.295,0.3,0.28870484232902527,0.012942874077725718,-3.5453563241508705e-17,0.0022733057849109173,5.9935245971330265e-18
3.2960000000000003,0.3,0.288703978061676,0.012942874077725718,-3.4667695337469025e-17,0.002273116959258914,5.56472906967682e-18
3.297,0.3,0.28870314359664917,0.012942874077725718,-3.380479706606596e-17,0.0022729281336069107,5.104313509364953e-18
3.298,0.3,0.2887022793292999,0.012942874077725718,-3.286965945740741e-17,0.0022727390751242638,4.596437763614415e-18
3.299,0.3,0.28870144486427307,0.012942874077725718,-3.1889976518401656e-17,0.0022725502494722605,4.088646328808999e-18
3.3000000000000003,0.3,0.2887006402015686,0.012942874077725718,-3.0865877289224254e-17,0.002272361423820257,3.565093734433029e-18
3.301,0.3,0.28869983553886414,0.012942874077725718,-2.9811261712888546e-17,0.002272172598168254,3.0416282864902142e-18
3.302,0.3,0.28869906067848206,0.012942874077725718,-2.8758475860067806e-17,0.0022719837725162506,2.53409562385065e-18
3.303,0.3,0.2886982858181,0.012942874077725718,-2.7712221425363784e-17,0.0022717947140336037,2.010802111602209e-18
3.3040000000000003,0.3,0.2886975109577179,0.012942874077725718,-2.6681630482739067e-17,0.0022716058883816004,1.5034414406086677e-18
3.305,0.3,0.2886967658996582,0.012942874077725718,-2.5680495441727362e-17,0.002271417062729597,1.0278565439705366e-18
3.306,0.3,0.2886960208415985,0.012942874077725718,-2.4718050946687213e-17,0.002271228237077594,5.681966875940097e-19
3.307,0.3,0.2886953055858612,0.012942874077725718,-2.380342410849753e-17,0.0022710394114255905,1.4030479209407905e-19
3.3080000000000003,0.3,0.2886945903301239,0.012942874077725718,-2.2973263991378086e-17,0.002270850818604231,-1.7659673847720718e-19
3.309,0.3,0.2886938750743866,0.012942874077725718,-2.2195442900337323e-17,0.0022706619929522276,-4.934450983382698e-19
3.31,0.3,0.28869321942329407,0.012942874077725718,-2.1488152191406506e-17,0.0022704731673002243,-7.468582359119926e-19
3.311,0.3,0.28869253396987915,0.012942874077725718,-2.0846625649896105e-17,0.002270284341648221,-9.210011858013106e-19
3.3120000000000003,0.3,0.2886918783187866,0.012942874077725718,-2.027077228593874e-17,0.0022700955159962177,-1.0158872801100796e-18
3.313,0.3,0.2886912226676941,0.012942874077725718,-1.9755715042642795e-17,0.002269906923174858,-9.681477554974045e-19
3.314,0.3,0.28869059681892395,0.012942874077725718,-1.9269205456647282e-17,0.002269718097522855,-8.253430532580705e-19
3.315,0.3,0.2886899709701538,0.012942874077725718,-1.8811193897115445e-17,0.002269529504701495,-5.716435746397296e-19
3.3160000000000003,0.3,0.28868937492370605,0.012942874077725718,-1.8344870826788676e-17,0.002269340679049492,-2.5460452187306886e-19
3.317,0.3,0.2886887788772583,0.012942874077725718,-1.7861003255669657e-17,0.0022691520862281322,1.4160900987625811e-19
3.318,0.3,0.28868818283081055,0.012942874077725718,-1.734127905935769e-17,0.002268963260576129,5.85292695512722e-19
3.319,0.3,0.2886876165866852,0.012942874077725718,-1.6776561200806512e-17,0.0022687746677547693,1.076438576176767e-18
3.3200000000000003,0.3,0.2886870801448822,0.012942874077725718,-1.6153235941494728e-17,0.002268585842102766,1.5675022143314053e-18
3.321,0.3,0.2886865437030792,0.012942874077725718,-1.548065869415031e-17,0.0022683972492814064,2.058483728788752e-18
3.322,0.3,0.28868600726127625,0.012942874077725718,-1.4763635378132195e-17,0.0022682086564600468,2.5176921609287172e-18
3.323,0.3,0.28868550062179565,0.012942874077725718,-1.4016085788788423e-17,0.002268020063638687,2.9451329489843617e-18
3.3240000000000003,0.3,0.28868499398231506,0.012942874077725718,-1.3279538528772218e-17,0.0022678314708173275,3.372502673146525e-18
3.325,0.3,0.2886844873428345,0.012942874077725718,-1.2572529061249669e-17,0.002267642877995968,3.7681104496835436e-18
3.326,0.3,0.28868401050567627,0.012942874077725718,-1.191350103233887e-17,0.0022674542851746082,4.116116191462961e-18
3.327,0.3,0.28868353366851807,0.012942874077725718,-1.1330002037979677e-17,0.0022672656923532486,4.432373574604122e-18
3.3280000000000003,0.3,0.28868308663368225,0.012942874077725718,-1.0858770477898018e-17,0.002267077099531889,4.732733568924282e-18
3.329,0.3,0.28868263959884644,0.012942874077725718,-1.0495131954452356e-17,0.0022668885067105293,4.953816795281883e-18
3.33,0.3,0.288682222366333,0.012942874077725718,-1.0243452326915747e-17,0.0022666999138891697,5.095636410702516e-18
3.331,0.3,0.2886818051338196,0.012942874077725718,-1.0094145399169313e-17,0.00226651132106781,5.189896539605521e-18
3.332,0.3,0.28868138790130615,0.012942874077725718,-1.0023890468203347e-17,0.002266322961077094,5.236604958629316e-18
3.333,0.3,0.2886810004711151,0.012942874077725718,-1.0018609747172808e-17,0.0022661343682557344,5.251615007934888e-18
3.334,0.3,0.28868064284324646,0.012942874077725718,-1.0055153759454788e-17,0.0022659460082650185,5.203240802017622e-18
3.335,0.3,0.2886802554130554,0.012942874077725718,-1.012408189271822e-17,0.002265757415443659,5.123183825830318e-18
3.336,0.3,0.28867989778518677,0.012942874077725718,-1.0202265349855507e-17,0.002265569055452943,4.9956036952103475e-18
3.337,0.3,0.2886795699596405,0.012942874077725718,-1.0266572025036604e-17,0.002265380462631583,4.8205082139915404e-18
3.338,0.3,0.28867924213409424,0.012942874077725718,-1.0321486891542775e-17,0.0022651921026408672,4.645441832242804e-18
3.339,0.3,0.288678914308548,0.012942874077725718,-1.0353263861954612e-17,0.0022650035098195076,4.438713428472313e-18
3.34,0.3,0.2886786162853241,0.012942874077725718,-1.0352651748301323e-17,0.0022648151498287916,4.2161737450317826e-18
3.341,0.3,0.2886783182621002,0.012942874077725718,-1.0310512686356034e-17,0.0022646267898380756,3.961979855601816e-18
3.342,0.3,0.28867805004119873,0.012942874077725718,-1.023144249160209e-17,0.0022644384298473597,3.707828076707058e-18
3.343,0.3,0.28867778182029724,0.012942874077725718,-1.0120088264720814e-17,0.0022642500698566437,3.469563930301369e-18
3.344,0.3,0.28867751359939575,0.012942874077725718,-9.976521143244885e-18,0.0022640617098659277,3.247184768746749e-18
3.345,0.3,0.28867727518081665,0.012942874077725718,-9.796240437461403e-18,0.0022638733498752117,3.0248424145444387e-18
3.346,0.3,0.28867703676223755,0.012942874077725718,-9.583890766509852e-18,0.0022636849898844957,2.8183823930019506e-18
3.347,0.3,0.28867682814598083,0.012942874077725718,-9.334973095038558e-18,0.0022634966298937798,2.611956558112652e-18
3.348,0.3,0.2886766195297241,0.012942874077725718,-9.067940168152352e-18,0.0022633085027337074,2.437256046191675e-18
3.349,0.3,0.2886764109134674,0.012942874077725718,-8.801278645361182e-18,0.0022631201427429914,2.310121189707142e-18
3.35,0.3,0.2886762320995331,0.012942874077725718,-8.544290172653207e-18,0.0022629317827522755,2.214698624129615e-18
3.351,0.3,0.28867605328559875,0.012942874077725718,-8.310828370927466e-18,0.002262743655592203,2.1509831499949414e-18
3.352,0.3,0.2886759042739868,0.012942874077725718,-8.100950315646224e-18,0.002262555295601487,2.0872784541287685e-18
3.353,0.3,0.2886757552623749,0.012942874077725718,-7.92833509259927e-18,0.002262367168441415,2.0711210928981687e-18
3.354,0.3,0.28867560625076294,0.012942874077725718,-7.79741638986989e-18,0.0022621790412813425,2.1500397238139024e-18
3.355,0.3,0.2886754870414734,0.012942874077725718,-7.703679455674769e-18,0.0022619906812906265,2.2764818969670286e-18
3.356,0.3,0.28867536783218384,0.012942874077725718,-7.624068284800215e-18,0.002261802554130554,2.41874855856639e-18
3.357,0.3,0.2886752784252167,0.012942874077725718,-7.553902689340404e-18,0.002261614426970482,2.592682550163838e-18
3.358,0.3,0.2886751890182495,0.012942874077725718,-7.497710655968452e-18,0.0022614262998104095,2.8299695756593584e-18
3.359,0.3,0.28867509961128235,0.012942874077725718,-7.427875932753663e-18,0.0022612381726503372,3.0989079062009437e-18
3.36,0.3,0.2886750400066376,0.012942874077725718,-7.330587085008238e-18,0.002261050045490265,3.3994921686844026e-18
3.361,0.3,0.2886749804019928,0.012942874077725718,-7.178336221461728e-18,0.0022608619183301926,3.684180461217533e-18
3.362,0.3,0.288674920797348,0.012942874077725718,-6.971224258148863e-18,0.0022606737911701202,3.9529754295168644e-18
3.363,0.3,0.28867489099502563,0.012942874077725718,-6.7139255927111814e-18,0.0022604858968406916,4.221725245167813e-18
3.364,0.3,0.28867489099502563,0.012942874077725718,-6.4065394868221885e-18,0.0022602977696806192,4.490429926607566e-18
3.365,0.3,0.28867486119270325,0.012942874077725718,-6.035441448612524e-18,0.002260109642520547,4.711552956399635e-18
3.366,0.3,0.28867486119270325,0.012942874077725718,-5.619163632525825e-18,0.0022599217481911182,4.900947827451976e-18
3.367,0.3,0.28867489099502563,0.012942874077725718,-5.162395325454656e-18,0.002259733621031046,5.058619889257453e-18
3.368,0.3,0.288674920797348,0.012942874077725718,-4.674437759796868e-18,0.0022595457267016172,5.184574508272689e-18
3.369,0.3,0.2886749505996704,0.012942874077725718,-4.169146624403032e-18,0.002259357599541545,5.2946625375028355e-18
3.37,0.3,0.2886749804019928,0.012942874077725718,-3.655741260790357e-18,0.0022591697052121162,5.4047321869939e-18
3.371,0.3,0.2886750400066376,0.012942874077725718,-3.13889937532283e-18,0.0022589818108826876,5.4989379823688794e-18
3.372,0.3,0.28867512941360474,0.012942874077725718,-2.6232829579328008e-18,0.002258793916553259,5.5614371328196655e-18
3.373,0.3,0.2886751890182495,0.012942874077725718,-2.1135794343564536e-18,0.0022586060222238302,5.560543987230487e-18
3.374,0.3,0.2886752784252167,0.012942874077725718,-1.6282178716535872e-18,0.0022584181278944016,5.496269217261241e-18
3.375,0.3,0.2886753976345062,0.012942874077725718,-1.1993572942814616e-18,0.002258230233564973,5.400314522903375e-18
3.376,0.3,0.2886755168437958,0.012942874077725718,-8.085287237157226e-19,0.002258042339235544,5.225148588522218e-18
3.3770000000000002,0.3,0.2886756360530853,0.012942874077725718,-4.739126592420965e-19,0.0022578544449061155,5.034166695265802e-18
3.378,0.3,0.2886757552623749,0.012942874077725718,-1.8615317114472582e-19,0.0022576667834073305,4.8273714117294186e-18
3.379,0.3,0.2886759042739868,0.012942874077725718,5.951285333862297e-20,0.002257478889077902,4.620610838746275e-18
3.38,0.3,0.28867608308792114,0.012942874077725718,2.769792050654851e-19,0.002257290994748473,4.398039369128278e-18
3.3810000000000002,0.3,0.2886762320995331,0.012942874077725718,4.8473941948465e-19,0.002257103333249688,4.143814019092317e-18
3.382,0.3,0.2886764109134674,0.012942874077725718,6.921100318353024e-19,0.002256915671750903,3.8737855234883615e-18
3.383,0.3,0.2886766195297241,0.012942874077725718,9.128663910510176e-19,0.0022567277774214745,3.55626539863041e-18
3.384,0.3,0.28867679834365845,0.012942874077725718,1.1654366853121933e-18,0.0022565401159226894,3.175415942581671e-18
3.3850000000000002,0.3,0.28867700695991516,0.012942874077725718,1.4453491245285797e-18,0.0022563524544239044,2.7946297132138046e-18
3.386,0.3,0.28867724537849426,0.012942874077725718,1.780171053577155e-18,0.0022561647929251194,2.382215522221864e-18
3.387,0.3,0.28867748379707336,0.012942874077725718,2.18371049502569e-18,0.0022559771314263344,1.9540240750766454e-18
3.388,0.3,0.28867772221565247,0.012942874077725718,2.6605457901670896e-18,0.0022557894699275494,1.5417489844063908e-18
3.3890000000000002,0.3,0.28867796063423157,0.012942874077725718,3.219761243283564e-18,0.0022556018084287643,1.1453875462687794e-18
3.39,0.3,0.28867822885513306,0.012942874077725718,3.865803363757892e-18,0.0022554141469299793,7.649370832161457e-19
3.391,0.3,0.28867849707603455,0.012942874077725718,4.59849265339715e-18,0.002255226718261838,4.003949629570829e-19
3.392,0.3,0.2886787950992584,0.012942874077725718,5.413075305220995e-18,0.002255039056763053,6.760403982642738e-20
3.3930000000000002,0.3,0.2886790931224823,0.012942874077725718,6.318565519954724e-18,0.002254851395264268,-2.4928651022906864e-19
3.394,0.3,0.2886793911457062,0.012942874077725718,7.314819368171753e-18,0.0022546639665961266,-5.344338320628129e-19
3.395,0.3,0.28867971897125244,0.012942874077725718,8.401639567295987e-18,0.002254476537927985,-7.878432470013877e-19
3.396,0.3,0.2886800467967987,0.012942874077725718,9.565153471274301e-18,0.0022542888764292,-9.461378836046622e-19
3.3970000000000002,0.3,0.28868037462234497,0.012942874077725718,1.0795964308348092e-17,0.002254101447761059,-9.934880353759302e-19
3.398,0.3,0.2886807322502136,0.012942874077725718,1.2093797454553991e-17,0.0022539140190929174,-9.616032321143712e-19
3.399,0.3,0.2886810898780823,0.012942874077725718,1.3458428743945998e-17,0.002253726590424776,-8.663420899881405e-19
3.4,0.3,0.2886814475059509,0.012942874077725718,1.4871223451684517e-17,0.0022535391617566347,-7.077150754227707e-19
3.4010000000000002,0.3,0.28868183493614197,0.012942874077725718,1.6313579940154457e-17,0.0022533517330884933,-4.857326561793686e-19
3.402,0.3,0.288682222366333,0.012942874077725718,1.7789801202902317e-17,0.002253164304420352,-2.796328769345045e-19
3.403,0.3,0.28868260979652405,0.012942874077725718,1.928135508548446e-17,0.0022529771085828543,-8.941301277758066e-20
3.404,0.3,0.2886830270290375,0.012942874077725718,2.0778939114732116e-17,0.002252789679914713,6.908411466604166e-20
3.4050000000000002,0.3,0.2886834442615509,0.012942874077725718,2.2254981706467665e-17,0.0022526022512465715,2.4340048348895606e-19
3.406,0.3,0.28868386149406433,0.012942874077725718,2.371866621985167e-17,0.002252415055409074,4.0184245738699895e-19
3.407,0.3,0.28868430852890015,0.012942874077725718,2.5133159956568375e-17,0.0022522276267409325,5.7610380964156e-19
3.408,0.3,0.28868475556373596,0.012942874077725718,2.649855556084638e-17,0.0022520404309034348,7.661820424331195e-19
3.4090000000000003,0.3,0.2886852025985718,0.012942874077725718,2.779637878088493e-17,0.002251853235065937,9.403835795270448e-19
3.41,0.3,0.28868567943573,0.012942874077725718,2.89900037135214e-17,0.0022516660392284393,1.1620932754761372e-18
3.411,0.3,0.2886861562728882,0.012942874077725718,3.0074897408999e-17,0.0022514788433909416,1.3996122635788567e-18
3.412,0.3,0.2886866331100464,0.012942874077725718,3.1037457709324904e-17,0.002251291647553444,1.66878347683479e-18
3.4130000000000003,0.3,0.288687139749527,0.012942874077725718,3.188240285271312e-17,0.002251104451715946,1.9220650567159125e-18
3.414,0.3,0.28868764638900757,0.012942874077725718,3.2614530486716454e-17,0.0022509172558784485,2.1436141036734194e-18
3.415,0.3,0.28868815302848816,0.012942874077725718,3.3252524967011254e-17,0.0022507300600409508,2.3175902690158477e-18
3.416,0.3,0.28868868947029114,0.012942874077725718,3.379673040073234e-17,0.0022505430970340967,2.491538020831233e-18
3.4170000000000003,0.3,0.2886892259120941,0.012942874077725718,3.4256470767744413e-17,0.002250355901196599,2.6337663029311193e-18
3.418,0.3,0.2886897623538971,0.012942874077725718,3.464111637002647e-17,0.002250168938189745,2.7284347989798594e-18
3.419,0.3,0.28869032859802246,0.012942874077725718,3.496928869752831e-17,0.0022499817423522472,2.7597058082276803e-18
3.42,0.3,0.2886908948421478,0.012942874077725718,3.5254977028769424e-17,0.002249794779345393,2.7275898063011673e-18
3.4210000000000003,0.3,0.2886914610862732,0.012942874077725718,3.5516769766475107e-17,0.002249607816338539,2.6320972350094556e-18
3.422,0.3,0.28869205713272095,0.012942874077725718,3.577322222614615e-17,0.002249420853331685,2.4732385226730435e-18
3.423,0.3,0.2886926233768463,0.012942874077725718,3.604747230387688e-17,0.002249233890324831,2.2510241105863166e-18
3.424,0.3,0.28869324922561646,0.012942874077725718,3.635341001651329e-17,0.002249046927317977,1.9813099854826175e-18
3.4250000000000003,0.3,0.2886938452720642,0.012942874077725718,3.669109822978194e-17,0.002248859964311123,1.695795097889137e-18
3.426,0.3,0.28869447112083435,0.012942874077725718,3.706513606788862e-17,0.002248673001304269,1.4103275639341008e-18
3.427,0.3,0.2886950969696045,0.012942874077725718,3.747087146706833e-17,0.0022484860382974148,1.1407529496758507e-18
3.428,0.3,0.28869572281837463,0.012942874077725718,3.7899006917235974e-17,0.0022482993081212044,8.870686576657636e-19
3.4290000000000003,0.3,0.28869637846946716,0.012942874077725718,3.8331102908176524e-17,0.0022481123451143503,6.809631836791325e-19
3.43,0.3,0.2886970341205597,0.012942874077725718,3.8739501828928655e-17,0.00224792561493814,5.541197925483643e-19
3.431,0.3,0.2886976897716522,0.012942874077725718,3.911945566277631e-17,0.0022477388847619295,4.589887402938745e-19
3.432,0.3,0.28869837522506714,0.012942874077725718,3.947553375542324e-17,0.0022475519217550755,3.6387368442883275e-19
3.4330000000000003,0.3,0.28869906067848206,0.012942874077725718,3.9803219700724896e-17,0.002247365191578865,2.8462019652869807e-19
3.434,0.3,0.288699746131897,0.012942874077725718,4.0079590669546213e-17,0.0022471784614026546,2.6876229510020043e-19
3.435,0.3,0.2887004613876343,0.012942874077725718,4.029543186986335e-17,0.0022469917312264442,3.004439319433383e-19
3.436,0.3,0.2887011468410492,0.012942874077725718,4.046453405684879e-17,0.0022468052338808775,3.1627507346941966e-19
3.4370000000000003,0.3,0.2887018918991089,0.012942874077725718,4.058697663984134e-17,0.002246618503704667,3.162583464592765e-19
3.438,0.3,0.2887026071548462,0.012942874077725718,4.065830276970056e-17,0.0022464317735284567,3.1624191017166965e-19
3.439,0.3,0.2887033522129059,0.012942874077725718,4.069241569816225e-17,0.00224624527618289,3.003801514996893e-19
3.44,0.3,0.2887040972709656,0.012942874077725718,4.06986791097605e-17,0.0022460585460066795,2.845211224134461e-19
3.4410000000000003,0.3,0.28870484232902527,0.012942874077725718,4.07048598032975e-17,0.002245872048661113,2.6866469673848576e-19
3.442,0.3,0.28870558738708496,0.012942874077725718,4.072023212780118e-17,0.0022456853184849024,2.6865632346444105e-19
3.443,0.3,0.28870636224746704,0.012942874077725718,4.0772357741281824e-17,0.0022454988211393356,2.3695664920857493e-19
3.444,0.3,0.2887071371078491,0.012942874077725718,4.087054077126942e-17,0.002245312323793769,2.211074511594632e-19
3.4450000000000003,0.3,0.2887079417705536,0.012942874077725718,4.10285488118793e-17,0.002245125826448202,2.211060041692825e-19
3.446,0.3,0.28870874643325806,0.012942874077725718,4.126008990022269e-17,0.0022449393291026354,2.3694962587190514e-19
3.447,0.3,0.2887095510959625,0.012942874077725718,4.156507139207099e-17,0.0022447528317570686,2.8448115529318135e-19
3.448,0.3,0.288710355758667,0.012942874077725718,4.196176074407182e-17,0.002244566334411502,3.478497069855982e-19
3.4490000000000003,0.3,0.28871116042137146,0.012942874077725718,4.245462142281052e-17,0.002244380069896579,4.428981680924529e-19
3.45,0.3,0.2887119948863983,0.012942874077725718,4.3020489062413144e-17,0.002244193572551012,6.171579302076488e-19
3.451,0.3,0.28871282935142517,0.012942874077725718,4.363155715940812e-17,0.002244007308036089,9.02307048387914e-19
3.452,0.3,0.2887136936187744,0.012942874077725718,4.426445620712959e-17,0.002243820810690522,1.2507906069822429e-18
3.4530000000000003,0.3,0.28871452808380127,0.012942874077725718,4.490058787668492e-17,0.002243634546175599,1.6467527489197647e-18
3.454,0.3,0.2887153923511505,0.012942874077725718,4.550289447663173e-17,0.002243448281660676,2.0584946433452874e-18
3.455,0.3,0.28871625661849976,0.012942874077725718,4.603460617438082e-17,0.002243262017145753,2.5335504245166217e-18
3.456,0.3,0.2887171506881714,0.012942874077725718,4.649105105383248e-17,0.00224307575263083,3.008527501169131e-18
3.457,0.3,0.288718044757843,0.012942874077725718,4.686765976928297e-17,0.0022428894881159067,3.4517348911325514e-18
3.458,0.3,0.28871893882751465,0.012942874077725718,4.71691439415014e-17,0.0022427032236009836,3.831486847163902e-18
3.459,0.3,0.2887198328971863,0.012942874077725718,4.738187494271534e-17,0.002242517191916704,4.163639455510462e-18
3.46,0.3,0.2887207269668579,0.012942874077725718,4.7533629497894316e-17,0.002242330927401781,4.400663974911256e-18
3.461,0.3,0.28872165083885193,0.012942874077725718,4.7629238341815645e-17,0.0022421448957175016,4.558421725690958e-18
3.462,0.3,0.28872257471084595,0.012942874077725718,4.7682713914055973e-17,0.0022419586312025785,4.636925885963384e-18
3.463,0.3,0.28872352838516235,0.012942874077725718,4.770790321806944e-17,0.002241772599518299,4.588653044904105e-18
3.464,0.3,0.28872445225715637,0.012942874077725718,4.7686671146106427e-17,0.0022415865678340197,4.492851936973862e-18
3.465,0.3,0.2887254059314728,0.012942874077725718,4.764676133591197e-17,0.0022414003033190966,4.317839294559019e-18
3.466,0.3,0.2887263596057892,0.012942874077725718,4.761591411650864e-17,0.002241214271634817,4.047782641391177e-18
3.467,0.3,0.2887273132801056,0.012942874077725718,4.761729716249283e-17,0.0022410284727811813,3.6985432098135905e-18
3.468,0.3,0.2887282967567444,0.012942874077725718,4.765568165163774e-17,0.002240842441096902,3.3335162310219793e-18
3.469,0.3,0.2887292802333832,0.012942874077725718,4.7740285684689664e-17,0.0022406564094126225,2.9685498349617474e-18
3.47,0.3,0.288730263710022,0.012942874077725718,4.787558596312374e-17,0.002240470377728343,2.587798478538049e-18
3.471,0.3,0.28873124718666077,0.012942874077725718,4.8047771879432776e-17,0.0022402845788747072,2.238801434650414e-18
3.472,0.3,0.28873226046562195,0.012942874077725718,4.825204909478642e-17,0.0022400985471904278,1.889862403935393e-18
3.473,0.3,0.28873327374458313,0.012942874077725718,4.84653889009312e-17,0.002239912748336792,1.5885180786106952e-18
3.474,0.3,0.2887342870235443,0.012942874077725718,4.867380201934761e-17,0.002239726949483156,1.3030695054935716e-18
3.475,0.3,0.2887353003025055,0.012942874077725718,4.8872768735168663e-17,0.0022395411506295204,1.0652050894487728e-18
3.476,0.3,0.28873634338378906,0.012942874077725718,4.904855123278108e-17,0.0022393553517758846,9.22453526937889e-19
3.477,0.3,0.28873738646507263,0.012942874077725718,4.92056328311049e-17,0.002239169552922249,8.272624451402698e-19
3.478,0.3,0.2887384295463562,0.012942874077725718,4.9307256932440717e-17,0.002238983754068613,8.430061163713214e-19
3.479,0.3,0.28873947262763977,0.012942874077725718,4.9362578771808263e-17,0.0022387979552149773,9.221295061599617e-19
3.48,0.3,0.2887405455112457,0.012942874077725718,4.934860603690102e-17,0.002238612389191985,1.0804676720379234e-18
3.481,0.3,0.2887416183948517,0.012942874077725718,4.926530233177203e-17,0.0022384265903383493,1.2704708080803182e-18
3.482,0.3,0.28874269127845764,0.012942874077725718,4.911292573677241e-17,0.002238241024315357,1.5396701764875728e-18
3.483,0.3,0.2887437641620636,0.012942874077725718,4.891452150376789e-17,0.002238055458292365,1.8405159835342676e-18
3.484,0.3,0.28874483704566956,0.012942874077725718,4.866090131051423e-17,0.0022378696594387293,2.1571574446632914e-18
3.485,0.3,0.2887459397315979,0.012942874077725718,4.833846299901861e-17,0.002237684093415737,2.55297408242732e-18
3.486,0.3,0.28874704241752625,0.012942874077725718,4.794723303906063e-17,0.002237498527392745,2.9962616114781734e-18
3.487,0.3,0.2887481451034546,0.012942874077725718,4.750574689380638e-17,0.002237312961369753,3.471166510661012e-18
3.488,0.3,0.2887492775917053,0.012942874077725718,4.7023358321622604e-17,0.0022371276281774044,3.993528973487122e-18
3.489,0.3,0.28875038027763367,0.012942874077725718,4.6532290970451923e-17,0.0022369420621544123,4.4999589010847695e-18
3.49,0.3,0.2887515127658844,0.012942874077725718,4.603713403833278e-17,0.00223675649613142,4.974613392430993e-18
3.491,0.3,0.28875264525413513,0.012942874077725718,4.555636012270471e-17,0.0022365711629390717,5.4016521238653176e-18
3.492,0.3,0.28875380754470825,0.012942874077725718,4.510837564655824e-17,0.0022363855969160795,5.765237474492763e-18
3.493,0.3,0.288754940032959,0.012942874077725718,4.468855501590798e-17,0.002236200263723731,6.06538004681268e-18
3.494,0.3,0.2887561023235321,0.012942874077725718,4.427846533798379e-17,0.0022360149305313826,6.333781513572928e-18
3.495,0.3,0.2887572646141052,0.012942874077725718,4.388730816991971e-17,0.002235829597339034,6.5546016197193134e-18
3.496,0.3,0.28875842690467834,0.012942874077725718,4.351960984402764e-17,0.0022356442641466856,6.696157262845448e-18
3.497,0.3,0.28875961899757385,0.012942874077725718,4.3161543209188137e-17,0.002235458930954337,6.774307228008264e-18
3.498,0.3,0.28876081109046936,0.012942874077725718,4.280393317804676e-17,0.0022352735977619886,6.804907607981125e-18
3.499,0.3,0.2887619733810425,0.012942874077725718,4.244684923377497e-17,0.00223508826456964,6.803811889627615e-18
3.5,0.3,0.288763165473938,0.012942874077725718,4.2090165644919654e-17,0.0022349031642079353,6.723488801484318e-18
3.501,0.3,0.2887643873691559,0.012942874077725718,4.1715641424612795e-17,0.002234717831015587,6.6273337036702155e-18
3.5020000000000002,0.3,0.2887655794620514,0.012942874077725718,4.132322363329519e-17,0.002234532730653882,6.483658136388491e-18
3.503,0.3,0.2887668013572693,0.012942874077725718,4.0922256103166234e-17,0.002234347630292177,6.3083155070291034e-18
3.504,0.3,0.2887680232524872,0.012942874077725718,4.0517466998607284e-17,0.0022341622970998287,6.133002104034077e-18
3.505,0.3,0.2887692451477051,0.012942874077725718,4.0113491839771087e-17,0.002233977196738124,5.95771785688073e-18
3.5060000000000002,0.3,0.288770467042923,0.012942874077725718,3.9724263656895485e-17,0.002233792096376419,5.8141537327112775e-18
3.507,0.3,0.28877171874046326,0.012942874077725718,3.9377367269047896e-17,0.002233607228845358,5.67061331771058e-18
3.508,0.3,0.28877297043800354,0.012942874077725718,3.9081908280411305e-17,0.002233422128483653,5.511251049691055e-18
3.509,0.3,0.2887742221355438,0.012942874077725718,3.8837797355479556e-17,0.0022332370281219482,5.3360695709024144e-18
3.5100000000000002,0.3,0.2887754738330841,0.012942874077725718,3.8635789923726756e-17,0.002233052160590887,5.176762594415321e-18
3.511,0.3,0.2887767255306244,0.012942874077725718,3.846663479718211e-17,0.0022328670602291822,5.0650185724817786e-18
3.512,0.3,0.28877800703048706,0.012942874077725718,3.8330166539723114e-17,0.002232682192698121,4.96913855198176e-18
3.513,0.3,0.28877925872802734,0.012942874077725718,3.821250175194867e-17,0.00223249732516706,4.9049654798389905e-18
3.5140000000000002,0.3,0.28878054022789,0.012942874077725718,3.809972063851074e-17,0.0022323124576359987,4.872494132368481e-18
3.515,0.3,0.2887818515300751,0.012942874077725718,3.797798943084499e-17,0.0022321275901049376,4.887564817087264e-18
3.516,0.3,0.28878313302993774,0.012942874077725718,3.784259981690476e-17,0.0022319427225738764,4.918478568490359e-18
3.517,0.3,0.2887844145298004,0.012942874077725718,3.76981476121734e-17,0.002231757855042815,4.94938721260089e-18
3.5180000000000002,0.3,0.2887857258319855,0.012942874077725718,3.754464936026316e-17,0.002231572987511754,4.980290750966965e-18
3.519,0.3,0.28878703713417053,0.012942874077725718,3.738211498734139e-17,0.0022313883528113365,5.011189180848677e-18
3.52,0.3,0.2887883484363556,0.012942874077725718,3.720600161748395e-17,0.0022312034852802753,5.057928040071306e-18
3.521,0.3,0.28878965973854065,0.012942874077725718,3.702088852256193e-17,0.002231018850579858,5.104659152367574e-18
3.5220000000000002,0.3,0.2887910008430481,0.012942874077725718,3.681765024605765e-17,0.0022308342158794403,5.183073582344311e-18
3.523,0.3,0.28879234194755554,0.012942874077725718,3.6596349653697665e-17,0.002230649348348379,5.30901153745665e-18
3.524,0.3,0.2887936532497406,0.012942874077725718,3.6379995601400745e-17,0.0022304647136479616,5.450773970491574e-18
3.525,0.3,0.28879502415657043,0.012942874077725718,3.6164088226634604e-17,0.002230280078947544,5.655894806392108e-18
3.5260000000000002,0.3,0.2887963652610779,0.012942874077725718,3.596244475435133e-17,0.0022300956770777702,5.9243634152205214e-18
3.527,0.3,0.2887977063655853,0.012942874077725718,3.580716310104042e-17,0.0022299110423773527,6.192787063768369e-18
3.528,0.3,0.28879907727241516,0.012942874077725718,3.570272658562193e-17,0.002229726407676935,6.445320222355412e-18
3.529,0.3,0.2888004183769226,0.012942874077725718,3.5649045872589686e-17,0.0022295420058071613,6.6819654788470155e-18
3.5300000000000002,0.3,0.28880178928375244,0.012942874077725718,3.566000436134479e-17,0.002229357371106744,6.950261968059263e-18
3.531,0.3,0.2888031601905823,0.012942874077725718,3.577228585769274e-17,0.00222917296923697,7.202667736052429e-18
3.532,0.3,0.2888045608997345,0.012942874077725718,3.5985781173792673e-17,0.002228988567367196,7.470876441684902e-18
3.533,0.3,0.28880593180656433,0.012942874077725718,3.632333042071841e-17,0.0022288041654974222,7.739039895743216e-18
3.5340000000000003,0.3,0.28880733251571655,0.012942874077725718,3.6793840679305925e-17,0.0022286197636276484,7.975466994235967e-18
3.535,0.3,0.2888087034225464,0.012942874077725718,3.740168608063439e-17,0.0022284353617578745,8.180163078360615e-18
3.536,0.3,0.2888101041316986,0.012942874077725718,3.812359968843392e-17,0.0022282509598881006,8.384824519540445e-18
3.537,0.3,0.2888115346431732,0.012942874077725718,3.895012186521936e-17,0.0022280665580183268,8.589451393089583e-18
3.5380000000000003,0.3,0.28881293535232544,0.012942874077725718,3.989016300054912e-17,0.0022278823889791965,8.74650718477215e-18
3.539,0.3,0.28881433606147766,0.012942874077725718,4.093423698715845e-17,0.0022276982199400663,8.840154310658035e-18
3.54,0.3,0.28881576657295227,0.012942874077725718,4.2063652851926105e-17,0.0022275138180702925,8.854557895824438e-18
3.541,0.3,0.2888171970844269,0.012942874077725718,4.325062725243765e-17,0.0022273296490311623,8.805576862291335e-18
3.5420000000000003,0.3,0.2888186275959015,0.012942874077725718,4.445816867169971e-17,0.002227145479992032,8.709067405582528e-18
3.543,0.3,0.2888200581073761,0.012942874077725718,4.566325501890371e-17,0.002226961310952902,8.596728613512438e-18
3.544,0.3,0.2888214886188507,0.012942874077725718,4.6842718619453274e-17,0.0022267771419137716,8.436872169967544e-18
3.545,0.3,0.2888229191303253,0.012942874077725718,4.796434906029558e-17,0.0022265929728746414,8.245351633606508e-18
3.5460000000000003,0.3,0.2888243794441223,0.012942874077725718,4.898688326375403e-17,0.002226408803835511,8.085554485581053e-18
3.547,0.3,0.2888258397579193,0.012942874077725718,4.989214310868716e-17,0.0022262248676270247,8.005012082104492e-18
3.548,0.3,0.2888272702693939,0.012942874077725718,5.071702746785974e-17,0.0022260406985878944,7.908637954099451e-18
3.549,0.3,0.2888287603855133,0.012942874077725718,5.144796727050345e-17,0.002225856762379408,7.843971294789155e-18
3.5500000000000003,0.3,0.2888302206993103,0.012942874077725718,5.20851676574102e-17,0.0022256728261709213,7.826852385106605e-18
3.551,0.3,0.2888316810131073,0.012942874077725718,5.2651802920621274e-17,0.0022254888899624348,7.825582080233199e-18
3.552,0.3,0.2888331711292267,0.012942874077725718,5.318948355367054e-17,0.002225304953753948,7.808466548544486e-18
3.553,0.3,0.2888346314430237,0.012942874077725718,5.3703020439000614e-17,0.0022251210175454617,7.823044971799355e-18
3.5540000000000003,0.3,0.28883612155914307,0.012942874077725718,5.422472656006026e-17,0.002224937081336975,7.853466395615216e-18
3.555,0.3,0.28883761167526245,0.012942874077725718,5.479594440386488e-17,0.0022247531451284885,7.82050045847812e-18
3.556,0.3,0.28883910179138184,0.012942874077725718,5.5407522044117184e-17,0.0022245694417506456,7.787539854529415e-18
3.557,0.3,0.2888405919075012,0.012942874077725718,5.607312450453655e-17,0.002224385505542159,7.707047935628174e-18
3.5580000000000003,0.3,0.2888420820236206,0.012942874077725718,5.680194341608968e-17,0.002224201802164316,7.59487809921906e-18
3.559,0.3,0.2888436019420624,0.012942874077725718,5.759399201366635e-17,0.0022240178659558296,7.498572205478636e-18
3.56,0.3,0.28884512186050415,0.012942874077725718,5.845830972700056e-17,0.0022238341625779867,7.386436576254026e-18
3.561,0.3,0.28884661197662354,0.012942874077725718,5.93901518480987e-17,0.002223650459200144,7.274319424558474e-18
3.5620000000000003,0.3,0.2888481318950653,0.012942874077725718,6.037550262866166e-17,0.002223466755822301,7.146375246852699e-18
3.563,0.3,0.2888496518135071,0.012942874077725718,6.137741025636549e-17,0.0022232832852751017,7.03429790854449e-18
3.564,0.3,0.28885120153427124,0.012942874077725718,6.236816748941211e-17,0.0022230995818972588,6.953930391903886e-18
3.565,0.3,0.288852721452713,0.012942874077725718,6.33429700628038e-17,0.002222915878519416,6.841885368558155e-18
3.5660000000000003,0.3,0.2888542413711548,0.012942874077725718,6.428349427161129e-17,0.0022227324079722166,6.729859198622332e-18
3.567,0.3,0.28885579109191895,0.012942874077725718,6.516671802502601e-17,0.0022225487045943737,6.6178519747137674e-18
3.568,0.3,0.2888573408126831,0.012942874077725718,6.5955888034071e-17,0.0022223652340471745,6.5375548729508745e-18
3.569,0.3,0.2888588607311249,0.012942874077725718,6.665569606718067e-17,0.002222181763499975,6.4572715285348465e-18
3.5700000000000003,0.3,0.28886041045188904,0.012942874077725718,6.726634064770201e-17,0.002221998292952776,6.3770018962323266e-18
3.571,0.3,0.2888619601726532,0.012942874077725718,6.778797397686775e-17,0.0022218148224055767,6.296746003812275e-18
3.572,0.3,0.28886353969573975,0.012942874077725718,6.82207747256902e-17,0.0022216313518583775,6.216503843349598e-18
3.573,0.3,0.2888650894165039,0.012942874077725718,6.857866599823984e-17,0.002221447881311178,6.0887387850103085e-18
3.5740000000000003,0.3,0.28886666893959045,0.012942874077725718,6.886651161651849e-17,0.0022212646435946226,5.945149762996153e-18
3.575,0.3,0.2888682186603546,0.012942874077725718,6.907992421455717e-17,0.0022210811730474234,5.817430449750953e-18
3.576,0.3,0.28886979818344116,0.012942874077725718,6.924213102395637e-17,0.0022208979353308678,5.705578111095384e-18
3.577,0.3,0.2888713777065277,0.012942874077725718,6.936708161856618e-17,0.0022207144647836685,5.609590040951355e-18
3.5780000000000003,0.3,0.28887295722961426,0.012942874077725718,6.947793043809319e-17,0.002220531227067113,5.5294634951660374e-18
3.579,0.3,0.2888745367527008,0.012942874077725718,6.959784515713378e-17,0.0022203479893505573,5.481041270421952e-18
3.58,0.3,0.28887611627578735,0.012942874077725718,6.975443375581251e-17,0.0022201647516340017,5.44847248120453e-18
3.581,0.3,0.2888776957988739,0.012942874077725718,6.996144066718758e-17,0.002219981513917446,5.415908927596651e-18
3.5820000000000003,0.3,0.28887930512428284,0.012942874077725718,7.021877986447528e-17,0.002219798509031534,5.383350607042527e-18
3.583,0.3,0.2888808846473694,0.012942874077725718,7.05263322336674e-17,0.0022196152713149786,5.350797538676084e-18
3.584,0.3,0.2888824939727783,0.012942874077725718,7.087943247610913e-17,0.0022194322664290667,5.334095254990275e-18
3.585,0.3,0.28888410329818726,0.012942874077725718,7.127332264891709e-17,0.002219249028712511,5.317395624523831e-18
3.586,0.3,0.2888856828212738,0.012942874077725718,7.168955993315377e-17,0.002219066023826599,5.348235297947266e-18
3.587,0.3,0.28888729214668274,0.012942874077725718,7.211882034895449e-17,0.002218883018940687,5.410760834114091e-18
3.588,0.3,0.2888889014720917,0.012942874077725718,7.254718079224875e-17,0.0022187000140547752,5.504967030376581e-18
3.589,0.3,0.288890540599823,0.012942874077725718,7.296993625971235e-17,0.0022185170091688633,5.599157552087144e-18
3.59,0.3,0.28889214992523193,0.012942874077725718,7.339167264066129e-17,0.0022183340042829514,5.677486888531413e-18
3.591,0.3,0.28889375925064087,0.012942874077725718,7.380325786113297e-17,0.0022181509993970394,5.771648729579548e-18
3.592,0.3,0.2888953983783722,0.012942874077725718,7.42092778104434e-17,0.0022179679945111275,5.865794894272815e-18
3.593,0.3,0.28889700770378113,0.012942874077725718,7.460513998183168e-17,0.002217785222455859,5.975770949398053e-18
3.594,0.3,0.28889864683151245,0.012942874077725718,7.49954699692832e-17,0.0022176022175699472,6.085728686358859e-18
3.595,0.3,0.2889002859592438,0.012942874077725718,7.537568188348197e-17,0.002217419445514679,6.21151367215379e-18
3.596,0.3,0.2889019250869751,0.012942874077725718,7.575036823118889e-17,0.0022172366734594107,6.337277726148387e-18
3.597,0.3,0.2889035642147064,0.012942874077725718,7.611495635797777e-17,0.0022170539014041424,6.478866387576749e-18
3.598,0.3,0.28890520334243774,0.012942874077725718,7.647404538805439e-17,0.002216871129348874,6.620431475973145e-18
3.599,0.3,0.28890684247016907,0.012942874077725718,7.682764193886365e-17,0.002216688357293606,6.761972991817909e-18
3.6,0.3,0.2889085114002228,0.012942874077725718,7.718032528227666e-17,0.0022165055852383375,6.88764539648141e-18
3.601,0.3,0.2889101505279541,0.012942874077725718,7.752296996177573e-17,0.002216323046013713,7.02914243658813e-18
3.602,0.3,0.2889117896556854,0.012942874077725718,7.786472790365814e-17,0.0022161402739584446,7.154770342439166e-18
3.603,0.3,0.28891345858573914,0.012942874077725718,7.821489000056408e-17,0.00221595773473382,7.280377255728512e-18
3.604,0.3,0.28891512751579285,0.012942874077725718,7.857808846392387e-17,0.0022157749626785517,7.421808728293364e-18
3.605,0.3,0.28891676664352417,0.012942874077725718,7.897262052888716e-17,0.002215592423453927,7.515679954892033e-18
3.606,0.3,0.2889184355735779,0.012942874077725718,7.939847957800906e-17,0.0022154098842293024,7.577844346984675e-18
3.607,0.3,0.2889201045036316,0.012942874077725718,7.986485724225626e-17,0.0022152273450046778,7.608307177472576e-18
3.608,0.3,0.2889217734336853,0.012942874077725718,8.038096500493014e-17,0.002215044805780053,7.622919229857756e-18
3.609,0.3,0.288923442363739,0.012942874077725718,8.09605274467542e-17,0.0022148622665554285,7.605837566531118e-18
3.61,0.3,0.2889251112937927,0.012942874077725718,8.161272296380531e-17,0.0022146799601614475,7.572912985386463e-18
3.611,0.3,0.2889268100261688,0.012942874077725718,8.232825404599838e-17,0.002214497420936823,7.555839205446377e-18
3.612,0.3,0.28892847895622253,0.012942874077725718,8.309324391137722e-17,0.002214315114542842,7.602150273011497e-18
3.613,0.3,0.28893014788627625,0.012942874077725718,8.390286182516452e-17,0.0022141325753182173,7.68014454217558e-18
3.614,0.3,0.28893184661865234,0.012942874077725718,8.474775072027108e-17,0.0022139502689242363,7.773971219558708e-18
3.615,0.3,0.28893354535102844,0.012942874077725718,8.5623185741038e-17,0.0022137679625302553,7.88362775408569e-18
3.616,0.3,0.28893521428108215,0.012942874077725718,8.65106248068543e-17,0.0022135856561362743,8.009111579495028e-18
3.617,0.3,0.28893691301345825,0.012942874077725718,8.737778802149569e-17,0.0022134033497422934,8.166265599446607e-18
3.618,0.3,0.28893861174583435,0.012942874077725718,8.822913554282506e-17,0.002213221276178956,8.307547978679155e-18
3.619,0.3,0.28894031047821045,0.012942874077725718,8.90830704851105e-17,0.002213038969784975,8.369579211556627e-18
3.62,0.3,0.28894200921058655,0.012942874077725718,8.991205766012135e-17,0.002212856663390994,8.415754667926073e-18
3.621,0.3,0.28894370794296265,0.012942874077725718,9.072076236651239e-17,0.0022126745898276567,8.446076969974021e-18
3.622,0.3,0.28894540667533875,0.012942874077725718,9.151386975527314e-17,0.0022124925162643194,8.460548732874473e-18
3.623,0.3,0.28894710540771484,0.012942874077725718,9.230523013858017e-17,0.0022123102098703384,8.443327032090212e-18
3.624,0.3,0.28894880414009094,0.012942874077725718,9.309948234530868e-17,0.002212128136307001,8.394417124476801e-18
3.625,0.3,0.28895053267478943,0.012942874077725718,9.389671901968729e-17,0.002211946062743664,8.345515354305648e-18
3.626,0.3,0.2889522314071655,0.012942874077725718,9.470607223567858e-17,0.0022117639891803265,8.264930677450182e-18
3.6270000000000002,0.3,0.2889539301395416,0.012942874077725718,9.552759493284174e-17,0.002211582148447633,8.168513835267444e-18
3.628,0.3,0.2889556586742401,0.012942874077725718,9.637969022544487e-17,0.0022114000748842955,8.04042188064917e-18
3.629,0.3,0.2889573872089386,0.012942874077725718,9.728076784520093e-17,0.002211218001320958,7.864814559039583e-18
3.63,0.3,0.2889590859413147,0.012942874077725718,9.823086749677934e-17,0.0022110361605882645,7.689236382703177e-18
3.6310000000000002,0.3,0.2889608144760132,0.012942874077725718,9.923907493202837e-17,0.002210854319855571,7.49784173520518e-18
3.632,0.3,0.28896254301071167,0.012942874077725718,1.0030990986581502e-16,0.0022106722462922335,7.290633280448225e-18
3.633,0.3,0.28896427154541016,0.012942874077725718,1.0144795157001038e-16,0.00221049040555954,7.099304714399257e-18
3.634,0.3,0.28896597027778625,0.012942874077725718,1.0266681212877461e-16,0.002210308564826846,6.876316782252282e-18
3.6350000000000002,0.3,0.28896769881248474,0.012942874077725718,1.0394792960916204e-16,0.0022101267240941525,6.653365824105317e-18
3.636,0.3,0.2889694273471832,0.012942874077725718,1.052451671853269e-16,0.0022099451161921024,6.493834145490896e-18
3.637,0.3,0.2889711558818817,0.012942874077725718,1.065444892566354e-16,0.0022097632754594088,6.350174621886196e-18
3.638,0.3,0.2889729142189026,0.012942874077725718,1.0782740006459084e-16,0.002209581434726715,6.222384673242149e-18
3.6390000000000002,0.3,0.2889746427536011,0.012942874077725718,1.0907996327023294e-16,0.002209399826824665,6.06292516452112e-18
3.64,0.3,0.28897637128829956,0.012942874077725718,1.1027003794368033e-16,0.002209218218922615,5.919337964782112e-18
3.641,0.3,0.28897809982299805,0.012942874077725718,1.1136554932950066e-16,0.0022090363781899214,5.855002644287309e-18
3.642,0.3,0.2889798581600189,0.012942874077725718,1.1236185859881873e-16,0.0022088547702878714,5.790678339772202e-18
3.6430000000000002,0.3,0.2889815866947174,0.012942874077725718,1.1324991970445566e-16,0.0022086731623858213,5.726365109411508e-18
3.644,0.3,0.2889833152294159,0.012942874077725718,1.1403451044162956e-16,0.0022084915544837713,5.646217345004459e-18
3.645,0.3,0.28898507356643677,0.012942874077725718,1.1472502758209902e-16,0.0022083099465817213,5.534392124083811e-18
3.646,0.3,0.28898683190345764,0.012942874077725718,1.1532635480020057e-16,0.002208128571510315,5.4067402510767126e-18
3.6470000000000002,0.3,0.28898856043815613,0.012942874077725718,1.158572326998922e-16,0.002207946963608265,5.29495536066677e-18
3.648,0.3,0.288990318775177,0.012942874077725718,1.1633175643881182e-16,0.0022077655885368586,5.246571303702545e-18
3.649,0.3,0.2889920473098755,0.012942874077725718,1.1680526109121678e-16,0.0022075839806348085,5.198195299799203e-18
3.65,0.3,0.28899380564689636,0.012942874077725718,1.1730085477469935e-16,0.002207402605563402,5.149827248759147e-18
3.6510000000000002,0.3,0.28899556398391724,0.012942874077725718,1.178507115063654e-16,0.002207221230491996,5.06977603322501e-18
3.652,0.3,0.2889973223209381,0.012942874077725718,1.1846875439028542e-16,0.0022070398554205894,5.005583495429525e-18
3.653,0.3,0.288999080657959,0.012942874077725718,1.1917328727905399e-16,0.002206858480349183,4.9572469632454e-18
3.654,0.3,0.28900080919265747,0.012942874077725718,1.1996877033053398e-16,0.0022066771052777767,4.924763807685751e-18
3.6550000000000002,0.3,0.28900256752967834,0.012942874077725718,1.2083196307823512e-16,0.0022064957302063704,4.939822456703734e-18
3.656,0.3,0.2890043258666992,0.012942874077725718,1.2173511195824502e-16,0.0022063145879656076,5.0341061777267845e-18
3.657,0.3,0.2890060842037201,0.012942874077725718,1.2267332006133736e-16,0.0022061332128942013,5.1442196472064605e-18
3.658,0.3,0.28900784254074097,0.012942874077725718,1.2363723032042295e-16,0.0022059520706534386,5.2701602579280725e-18
3.6590000000000003,0.3,0.28900963068008423,0.012942874077725718,1.2462672362149359e-16,0.002205770928412676,5.3643887856055746e-18
3.66,0.3,0.2890113890171051,0.012942874077725718,1.2561871831673658e-16,0.002205589786171913,5.458601681925779e-18
3.661,0.3,0.289013147354126,0.012942874077725718,1.2661317470148253e-16,0.0022054084111005068,5.536953366729773e-18
3.662,0.3,0.28901490569114685,0.012942874077725718,1.2759623584610995e-16,0.0022052275016903877,5.5994465150318355e-18
3.6630000000000003,0.3,0.2890166640281677,0.012942874077725718,1.2856326953918854e-16,0.002205046359449625,5.614392719698207e-18
3.664,0.3,0.289018452167511,0.012942874077725718,1.2949127354224444e-16,0.0022048652172088623,5.613491008138917e-18
3.665,0.3,0.28902021050453186,0.012942874077725718,1.3038034049950623e-16,0.0022046840749680996,5.580898555138586e-18
3.666,0.3,0.28902196884155273,0.012942874077725718,1.3121206067926095e-16,0.0022045031655579805,5.532466146832192e-18
3.6670000000000003,0.3,0.2890237271785736,0.012942874077725718,1.31986606135076e-16,0.002204322023317218,5.452350880135473e-18
3.668,0.3,0.28902551531791687,0.012942874077725718,1.3270406951118e-16,0.0022041411139070988,5.356403564546777e-18
3.669,0.3,0.28902727365493774,0.012942874077725718,1.3336921536790124e-16,0.0022039602044969797,5.244626857737381e-18
3.67,0.3,0.289029061794281,0.012942874077725718,1.340051782926116e-16,0.0022037792950868607,5.085332236318468e-18
3.6710000000000003,0.3,0.2890308201313019,0.012942874077725718,1.3460299826491593e-16,0.0022035983856767416,4.957755330863423e-18
3.672,0.3,0.28903260827064514,0.012942874077725718,1.3519030973471838e-16,0.0022034174762666225,4.814354162024543e-18
3.673,0.3,0.289034366607666,0.012942874077725718,1.3577641682954895e-16,0.0022032365668565035,4.655131361014646e-18
3.674,0.3,0.2890361547470093,0.012942874077725718,1.3639355974096252e-16,0.002203055890277028,4.464243916827936e-18
3.6750000000000003,0.3,0.28903791308403015,0.012942874077725718,1.3706488629122075e-16,0.002202874980866909,4.257542629727238e-18
3.676,0.3,0.2890397012233734,0.012942874077725718,1.3781331930945873e-16,0.0022026943042874336,4.035030063848121e-18
3.677,0.3,0.2890414595603943,0.012942874077725718,1.3863877938633765e-16,0.0022025133948773146,3.796708903317393e-18
3.678,0.3,0.28904324769973755,0.012942874077725718,1.395319491594377e-16,0.002202332718297839,3.574272814472755e-18
3.6790000000000003,0.3,0.2890450358390808,0.012942874077725718,1.404880773033204e-16,0.0022021520417183638,3.383564763845039e-18
3.68,0.3,0.2890467941761017,0.012942874077725718,1.4150693882485912e-16,0.0022019713651388884,3.1770428585372454e-18
3.681,0.3,0.28904858231544495,0.012942874077725718,1.4257008428767147e-16,0.002201790688559413,3.018091843003261e-18
3.682,0.3,0.2890503704547882,0.012942874077725718,1.4368651341682204e-16,0.0022016100119799376,2.8591672557299724e-18
3.6830000000000003,0.3,0.2890521287918091,0.012942874077725718,1.4483767089681004e-16,0.002201429568231106,2.700269145559423e-18
3.684,0.3,0.28905391693115234,0.012942874077725718,1.4599118418718259e-16,0.0022012488916516304,2.55724304303126e-18
3.685,0.3,0.2890557050704956,0.012942874077725718,1.471238922307882e-16,0.0022010684479027987,2.4142408854968934e-18
3.686,0.3,0.28905749320983887,0.012942874077725718,1.4819901526887032e-16,0.0022008877713233232,2.3187993313352894e-18
3.6870000000000003,0.3,0.28905925154685974,0.012942874077725718,1.4923029111704224e-16,0.0022007073275744915,2.175837230310014e-18
3.688,0.3,0.289061039686203,0.012942874077725718,1.5019937621803996e-16,0.0022005268838256598,2.0012080119901774e-18
3.689,0.3,0.28906282782554626,0.012942874077725718,1.5108341391717743e-16,0.002200346440076828,1.8266081138780955e-18
3.69,0.3,0.2890646159648895,0.012942874077725718,1.5187790435192236e-16,0.0022001659963279963,1.652037540953138e-18
3.6910000000000003,0.3,0.2890664041042328,0.012942874077725718,1.5257383456232038e-16,0.0021999855525791645,1.4774962924657412e-18
3.692,0.3,0.28906816244125366,0.012942874077725718,1.5317138983682869e-16,0.0021998051088303328,1.3029843576256754e-18
3.693,0.3,0.2890699505805969,0.012942874077725718,1.536707422290147e-16,0.0021996248979121447,1.128501687890778e-18
3.694,0.3,0.2890717387199402,0.012942874077725718,1.5406756392991354e-16,0.002199444454163313,9.857393766772278e-19
3.6950000000000003,0.3,0.28907352685928345,0.012942874077725718,1.543713178857328e-16,0.002199264243245125,8.905376463301251e-19
3.696,0.3,0.2890753149986267,0.012942874077725718,1.546005726468631e-16,0.0021990840323269367,8.270429965692169e-19
3.697,0.3,0.28907710313796997,0.012942874077725718,1.5476018541786134e-16,0.002198903588578105,8.269411951730148e-19
3.698,0.3,0.28907886147499084,0.012942874077725718,1.548686718095589e-16,0.002198723377659917,8.743761047393106e-19
3.6990000000000003,0.3,0.2890806496143341,0.012942874077725718,1.5494456066767696e-16,0.0021985431667417288,9.53494217827114e-19
3.7,0.3,0.28908243775367737,0.012942874077725718,1.550108674655792e-16,0.0021983629558235407,1.0167536242034384e-18
3.701,0.3,0.28908422589302063,0.012942874077725718,1.5508146236777693e-16,0.0021981829777359962,1.064156948361107e-18
3.702,0.3,0.2890860140323639,0.012942874077725718,1.5516555685757152e-16,0.002198002766817808,1.0798612776298316e-18
3.7030000000000003,0.3,0.28908780217170715,0.012942874077725718,1.5527240212293377e-16,0.00219782255589962,1.063871881880459e-18
3.704,0.3,0.2890895903110504,0.012942874077725718,1.5540198492897388e-16,0.0021976425778120756,1.0320395812142844e-18
3.705,0.3,0.2890913486480713,0.012942874077725718,1.5555881837311394e-16,0.002197462599724531,9.685214613629164e-19
3.706,0.3,0.28909313678741455,0.012942874077725718,1.5575219334799413e-16,0.002197282388806343,8.891683004807204e-19
3.7070000000000003,0.3,0.2890949249267578,0.012942874077725718,1.5599124192757706e-16,0.0021971024107187986,7.939827479373593e-19
3.708,0.3,0.2890967130661011,0.012942874077725718,1.5629428119934708e-16,0.002196922432631254,6.354308014820629e-19
3.709,0.3,0.28909850120544434,0.012942874077725718,1.566658639653957e-16,0.0021967424545437098,4.45214086583029e-19
3.71,0.3,0.2891002893447876,0.012942874077725718,1.5711059596737361e-16,0.002196562709286809,2.391834167971869e-19
3.7110000000000003,0.3,0.28910207748413086,0.012942874077725718,1.576236994100627e-16,0.0021963827311992645,3.3186972434396875e-20
3.712,0.3,0.28910383582115173,0.012942874077725718,1.5820504194456498e-16,0.00219620275311172,-1.727752498836748e-19
3.713,0.3,0.289105623960495,0.012942874077725718,1.588545044568722e-16,0.0021960230078548193,-3.7870329848519704e-19
3.714,0.3,0.28910741209983826,0.012942874077725718,1.5956282252412382e-16,0.002195843029767275,-5.52906032626981e-19
3.715,0.3,0.2891092002391815,0.012942874077725718,1.60320480260553e-16,0.002195663284510374,-7.2707979108609e-19
3.716,0.3,0.2891109883785248,0.012942874077725718,1.6111358103186883e-16,0.0021954835392534733,-9.012245558010898e-19
3.717,0.3,0.28911274671554565,0.012942874077725718,1.6192364893190936e-16,0.0021953037939965725,-1.0436492218689054e-18
3.718,0.3,0.2891145348548889,0.012942874077725718,1.6273672115193469e-16,0.0021951240487396717,-1.1702046541748338e-18
3.719,0.3,0.2891163229942322,0.012942874077725718,1.635619694705768e-16,0.002194944303482771,-1.3125845270537085e-18
3.72,0.3,0.28911811113357544,0.012942874077725718,1.6439477491129518e-16,0.00219476455822587,-1.4549406393957715e-18
3.721,0.3,0.2891198992729187,0.012942874077725718,1.6521662186325846e-16,0.002194585045799613,-1.613118501029882e-18
3.722,0.3,0.2891216576099396,0.012942874077725718,1.6600904765519446e-16,0.002194405300542712,-1.7871154527941055e-18
3.723,0.3,0.28912344574928284,0.012942874077725718,1.667629202131406e-16,0.002194225788116455,-1.976928884770432e-18
3.724,0.3,0.2891252338886261,0.012942874077725718,1.6746897511423625e-16,0.0021940460428595543,-2.2142471683416294e-18
3.725,0.3,0.289126992225647,0.012942874077725718,1.6810434246890559e-16,0.002193866530433297,-2.4673712891587062e-18
3.726,0.3,0.28912878036499023,0.012942874077725718,1.68669128156267e-16,0.00219368701800704,-2.752144187759103e-18
3.727,0.3,0.2891305685043335,0.012942874077725718,1.6915883231378818e-16,0.002193507505580783,-3.0685605438038714e-18
3.728,0.3,0.28913232684135437,0.012942874077725718,1.695644816861842e-16,0.0021933279931545258,-3.400769541648614e-18
3.729,0.3,0.28913411498069763,0.012942874077725718,1.6988160288070232e-16,0.0021931484807282686,-3.732923035678552e-18
3.73,0.3,0.2891359031200409,0.012942874077725718,1.701058548534879e-16,0.0021929689683020115,-4.049175476742635e-18
3.731,0.3,0.28913766145706177,0.012942874077725718,1.7024660790651992e-16,0.002192789688706398,-4.3495295348336124e-18
3.732,0.3,0.28913944959640503,0.012942874077725718,1.7031786455320769e-16,0.002192610176280141,-4.649833434065335e-18
3.733,0.3,0.2891412079334259,0.012942874077725718,1.703289686257506e-16,0.0021924308966845274,-4.950087185251541e-18
3.734,0.3,0.28914299607276917,0.012942874077725718,1.7028929042612765e-16,0.0021922513842582703,-5.250290818993279e-18
3.735,0.3,0.28914475440979004,0.012942874077725718,1.7019438303136577e-16,0.002192072104662657,-5.518753266579026e-18
3.736,0.3,0.2891465425491333,0.012942874077725718,1.7004902423668305e-16,0.0021918928250670433,-5.723788773291239e-18
3.737,0.3,0.2891483008861542,0.012942874077725718,1.6988099407577148e-16,0.00219171354547143,-5.865407941252813e-18
3.738,0.3,0.28915008902549744,0.012942874077725718,1.6969963638083045e-16,0.0021915342658758163,-5.911930271046905e-18
3.739,0.3,0.2891518473625183,0.012942874077725718,1.6950942454461266e-16,0.002191354986280203,-5.895062693939649e-18
3.74,0.3,0.2891536355018616,0.012942874077725718,1.693196362248685e-16,0.002191175939515233,-5.814815794903762e-18
3.741,0.3,0.28915539383888245,0.012942874077725718,1.6914398276743163e-16,0.0021909966599196196,-5.687045667545627e-18
3.742,0.3,0.2891571521759033,0.012942874077725718,1.6897780549109218e-16,0.002190817380324006,-5.5434513215310404e-18
3.743,0.3,0.2891589403152466,0.012942874077725718,1.6883026293959232e-16,0.0021906383335590363,-5.384035401152159e-18
3.744,0.3,0.28916069865226746,0.012942874077725718,1.6869673613639156e-16,0.0021904592867940664,-5.1929549791253396e-18
3.745,0.3,0.28916245698928833,0.012942874077725718,1.6858163229979358e-16,0.0021902802400290966,-5.033597492986724e-18
3.746,0.3,0.2891642153263092,0.012942874077725718,1.684665416980854e-16,0.002190100960433483,-4.89011209951731e-18
3.747,0.3,0.28916600346565247,0.012942874077725718,1.6834223961307584e-16,0.0021899219136685133,-4.74665060042119e-18
3.748,0.3,0.28916776180267334,0.012942874077725718,1.6820869957498528e-16,0.002189743099734187,-4.634904053322528e-18
3.749,0.3,0.2891695201396942,0.012942874077725718,1.6805668363073273e-16,0.0021895640529692173,-4.5548671698774614e-18
3.75,0.3,0.2891712784767151,0.012942874077725718,1.6787702000168621e-16,0.0021893850062042475,-4.5065346489274024e-18
3.751,0.3,0.28917303681373596,0.012942874077725718,1.6764677262382085e-16,0.0021892059594392776,-4.458210111972413e-18
3.7520000000000002,0.3,0.28917479515075684,0.012942874077725718,1.6736604737625506e-16,0.0021890271455049515,-4.4098935580885786e-18
3.753,0.3,0.2891765534877777,0.012942874077725718,1.6703947647041912e-16,0.0021888483315706253,-4.3774305195689574e-18
3.754,0.3,0.2891783118247986,0.012942874077725718,1.6665337503025897e-16,0.0021886692848056555,-4.360818339574599e-18
3.755,0.3,0.28918007016181946,0.012942874077725718,1.662169280692964e-16,0.0021884904708713293,-4.423436541925992e-18
3.7560000000000002,0.3,0.28918182849884033,0.012942874077725718,1.657165168859263e-16,0.002188311656937003,-4.517735305894204e-18
3.757,0.3,0.2891835868358612,0.012942874077725718,1.6516615722844783e-16,0.002188132843002677,-4.643709366321811e-18
3.758,0.3,0.2891853451728821,0.012942874077725718,1.6456598144575895e-16,0.002187954029068351,-4.785507910116281e-18
3.759,0.3,0.28918707370758057,0.012942874077725718,1.63920754098188e-16,0.0021877752151340246,-4.943128308332677e-18
3.7600000000000002,0.3,0.28918883204460144,0.012942874077725718,1.6323514710183464e-16,0.002187596634030342,-5.1165679218054466e-18
3.761,0.3,0.2891905903816223,0.012942874077725718,1.625140176612558e-16,0.002187417820096016,-5.242441999928005e-18
3.762,0.3,0.2891923487186432,0.012942874077725718,1.6178973831690438e-16,0.0021872392389923334,-5.336604043405959e-18
3.763,0.3,0.2891940772533417,0.012942874077725718,1.6107616599840183e-16,0.0021870604250580072,-5.3832138147439205e-18
3.7640000000000002,0.3,0.28919583559036255,0.012942874077725718,1.6037794615206827e-16,0.0021868818439543247,-5.35058815696166e-18
3.765,0.3,0.2891975939273834,0.012942874077725718,1.5971808101637757e-16,0.002186703262850642,-5.238740314182151e-18
3.766,0.3,0.2891993224620819,0.012942874077725718,1.5908741204758754e-16,0.0021865246817469597,-4.9843013297180155e-18
3.767,0.3,0.2892010807991028,0.012942874077725718,1.5852250724621793e-16,0.002186346100643277,-4.666522664037864e-18
3.7680000000000002,0.3,0.28920280933380127,0.012942874077725718,1.5798182229318387e-16,0.0021861675195395947,-4.222032693711623e-18
3.769,0.3,0.28920453786849976,0.012942874077725718,1.5747893618542103e-16,0.002185988938435912,-3.714234690968558e-18
3.77,0.3,0.28920629620552063,0.012942874077725718,1.5699991258396912e-16,0.0021858103573322296,-3.1431391946968288e-18
3.771,0.3,0.2892080247402191,0.012942874077725718,1.5654000016338964e-16,0.0021856320090591908,-2.524602291462033e-18
3.7720000000000002,0.3,0.2892097532749176,0.012942874077725718,1.5609910627945397e-16,0.0021854534279555082,-1.8586318879920556e-18
3.773,0.3,0.2892115116119385,0.012942874077725718,1.5568181020403322e-16,0.0021852750796824694,-1.1610814246658918e-18
3.774,0.3,0.28921324014663696,0.012942874077725718,1.5528790017889057e-16,0.0021850967314094305,-4.794927722451725e-19
3.775,0.3,0.28921496868133545,0.012942874077725718,1.5489891353275383e-16,0.002184918150305748,2.0198227648762427e-19
3.7760000000000002,0.3,0.28921669721603394,0.012942874077725718,1.5453777309475808e-16,0.002184739802032709,8.041160219785306e-19
3.777,0.3,0.2892184257507324,0.012942874077725718,1.5422741492892818e-16,0.0021845614537596703,1.2793850496350543e-18
3.778,0.3,0.2892201542854309,0.012942874077725718,1.5394956165244917e-16,0.0021843831054866314,1.7228837578938315e-18
3.779,0.3,0.2892218828201294,0.012942874077725718,1.5370869989296353e-16,0.002184204990044236,2.102926352051055e-18
3.7800000000000002,0.3,0.2892236113548279,0.012942874077725718,1.5352326585196384e-16,0.0021840266417711973,2.4036778513998574e-18
3.781,0.3,0.28922533988952637,0.012942874077725718,1.5341618235858518e-16,0.0021838482934981585,2.5934603873383974e-18
3.782,0.3,0.28922706842422485,0.012942874077725718,1.5338268485249923e-16,0.0021836701780557632,2.6406013784113966e-18
3.783,0.3,0.28922879695892334,0.012942874077725718,1.534180881827165e-16,0.0021834918297827244,2.5609701427558933e-18
3.7840000000000003,0.3,0.28923049569129944,0.012942874077725718,1.5349485054356142e-16,0.002183313714340329,2.4496610674983067e-18
3.785,0.3,0.2892322242259979,0.012942874077725718,1.5362665681108807e-16,0.002183135598897934,2.2591427923421007e-18
3.786,0.3,0.2892339527606964,0.012942874077725718,1.5379958388122596e-16,0.002182957250624895,2.0052740923760376e-18
3.787,0.3,0.2892356514930725,0.012942874077725718,1.539906162806114e-16,0.0021827791351825,1.7197566268263427e-18
3.7880000000000003,0.3,0.289237380027771,0.012942874077725718,1.541950159186957e-16,0.0021826012525707483,1.3709045827252505e-18
3.789,0.3,0.2892390787601471,0.012942874077725718,1.5439433335909648e-16,0.002182423137128353,9.58728555152623e-19
3.79,0.3,0.2892408072948456,0.012942874077725718,1.5456550018889086e-16,0.002182245021685958,4.832390998431324e-19
3.791,0.3,0.2892425060272217,0.012942874077725718,1.5468101430707266e-16,0.0021820669062435627,-8.016582237687496e-21
3.7920000000000003,0.3,0.28924423456192017,0.012942874077725718,1.5471804552873544e-16,0.002181889023631811,-4.358081635851318e-19
3.793,0.3,0.28924593329429626,0.012942874077725718,1.54676805612116e-16,0.002181710908189416,-7.843006782438457e-19
3.794,0.3,0.28924763202667236,0.012942874077725718,1.5456203264776303e-16,0.0021815330255776644,-1.0376618199853164e-18
3.795,0.3,0.28924933075904846,0.012942874077725718,1.5439686122304845e-16,0.002181355142965913,-1.2117529927477369e-18
3.7960000000000003,0.3,0.28925102949142456,0.012942874077725718,1.5418135751242123e-16,0.0021811772603541613,-1.32243295503826e-18
3.797,0.3,0.28925272822380066,0.012942874077725718,1.539156406298896e-16,0.002180999144911766,-1.3221756574534061e-18
3.798,0.3,0.28925442695617676,0.012942874077725718,1.536457150524013e-16,0.0021808212623000145,-1.3377639369668468e-18
3.799,0.3,0.28925612568855286,0.012942874077725718,1.5334402573939095e-16,0.0021806436125189066,-1.2741218996806903e-18
3.8000000000000003,0.3,0.28925782442092896,0.012942874077725718,1.5303364110378145e-16,0.002180465729907155,-1.1787993815675328e-18
3.801,0.3,0.28925952315330505,0.012942874077725718,1.527099024643629e-16,0.0021802878472954035,-1.0518016628127502e-18
3.802,0.3,0.28926122188568115,0.012942874077725718,1.52368309958603e-16,0.0021801101975142956,-8.614429349172105e-19
3.803,0.3,0.28926292061805725,0.012942874077725718,1.5200875770738335e-16,0.002179932314902544,-6.394248441369633e-19
3.8040000000000003,0.3,0.28926458954811096,0.012942874077725718,1.5164053660334415e-16,0.002179754665121436,-3.8575267295417575e-19
3.805,0.3,0.28926628828048706,0.012942874077725718,1.5127738446209867e-16,0.0021795767825096846,-1.321227878750476e-19
3.806,0.3,0.28926795721054077,0.012942874077725718,1.509285789413973e-16,0.0021793991327285767,1.214648139892213e-19
3.807,0.3,0.28926965594291687,0.012942874077725718,1.5058948782980977e-16,0.0021792214829474688,3.908556825629433e-19
3.8080000000000003,0.3,0.2892713248729706,0.012942874077725718,1.5026922996640884e-16,0.002179043833166361,6.443560992459706e-19
3.809,0.3,0.2892730236053467,0.012942874077725718,1.4996780535119451e-16,0.002178866183385253,8.819687112416044e-19
3.81,0.3,0.2892746925354004,0.012942874077725718,1.496760157357552e-16,0.002178688533604145,1.135387255214019e-18
3.811,0.3,0.2892763614654541,0.012942874077725718,1.494029931940535e-16,0.002178510883823037,1.3729180085085075e-18
3.8120000000000003,0.3,0.2892780303955078,0.012942874077725718,1.491441187495489e-16,0.002178333466872573,1.6104091620936098e-18
3.813,0.3,0.2892797291278839,0.012942874077725718,1.4889937916735162e-16,0.002178155817091465,1.8478607227785348e-18
3.814,0.3,0.2892813980579376,0.012942874077725718,1.4866876121257184e-16,0.0021779784001410007,2.085272703142475e-18
3.815,0.3,0.28928306698799133,0.012942874077725718,1.4847052903313473e-16,0.002177800750359893,2.2592629381494242e-18
3.8160000000000003,0.3,0.28928473591804504,0.012942874077725718,1.4828165392078682e-16,0.0021776233334094286,2.401533092754976e-18
3.817,0.3,0.28928640484809875,0.012942874077725718,1.4809747719431821e-16,0.0021774459164589643,2.4962429190780806e-18
3.818,0.3,0.2892880439758301,0.012942874077725718,1.4790873443086832e-16,0.0021772684995085,2.5275548105264385e-18
3.819,0.3,0.2892897129058838,0.012942874077725718,1.4769708207317315e-16,0.002177091082558036,2.5113248740007288e-18
3.8200000000000003,0.3,0.2892913818359375,0.012942874077725718,1.474717713092035e-16,0.0021769136656075716,2.4634065755301882e-18
3.821,0.3,0.2892930209636688,0.012942874077725718,1.47223723004556e-16,0.0021767362486571074,2.3996507402243946e-18
3.822,0.3,0.28929468989372253,0.012942874077725718,1.4696210893786263e-16,0.002176558831706643,2.28836892395434e-18
3.823,0.3,0.28929635882377625,0.012942874077725718,1.466778102700506e-16,0.0021763816475868225,2.1454145914105925e-18
3.8240000000000003,0.3,0.28929799795150757,0.012942874077725718,1.4637084023600973e-16,0.0021762042306363583,1.9549474727246664e-18
3.825,0.3,0.2892996370792389,0.012942874077725718,1.460459501611785e-16,0.0021760270465165377,1.7486665725450694e-18
3.826,0.3,0.2893013060092926,0.012942874077725718,1.4569860047835523e-16,0.0021758496295660734,1.5424200695483417e-18
3.827,0.3,0.2893029451370239,0.012942874077725718,1.4531510631148585e-16,0.002175672445446253,1.3837445736902723e-18
3.8280000000000003,0.3,0.28930458426475525,0.012942874077725718,1.4492308887558472e-16,0.0021754952613264322,1.2250955285955205e-18
3.829,0.3,0.2893062233924866,0.012942874077725718,1.4451803507322975e-16,0.0021753180772066116,1.0981640095471773e-18
3.83,0.3,0.2893078625202179,0.012942874077725718,1.4410924903195094e-16,0.002175140893086791,1.018790263990052e-18
3.831,0.3,0.2893095016479492,0.012942874077725718,1.4371968005066297e-16,0.0021749637089669704,9.55275271868484e-19
3.8320000000000003,0.3,0.28931114077568054,0.012942874077725718,1.4335397357568593e-16,0.00217478652484715,9.234619290159844e-19
3.833,0.3,0.28931277990341187,0.012942874077725718,1.4299373311019663e-16,0.0021746093407273293,1.0025726665881536e-18
3.834,0.3,0.2893144190311432,0.012942874077725718,1.4264349822139678e-16,0.0021744323894381523,1.1767434552123969e-18
3.835,0.3,0.2893160283565521,0.012942874077725718,1.4232153305721154e-16,0.0021742552053183317,1.382576277927464e-18
3.8360000000000003,0.3,0.28931766748428345,0.012942874077725718,1.42032416889512e-16,0.0021740782540291548,1.6359113930128339e-18
3.837,0.3,0.28931930661201477,0.012942874077725718,1.4178991400369106e-16,0.002173901069909334,1.9367408872066547e-18
3.838,0.3,0.2893209159374237,0.012942874077725718,1.41589220134751e-16,0.0021737241186201572,2.253365770326334e-18
3.839,0.3,0.28932255506515503,0.012942874077725718,1.414300970546754e-16,0.0021735471673309803,2.5224012401523773e-18
3.84,0.3,0.28932416439056396,0.012942874077725718,1.4129405562241247e-16,0.0021733702160418034,2.743855247351781e-18
3.841,0.3,0.2893257737159729,0.012942874077725718,1.4115338197871925e-16,0.0021731932647526264,2.9494268072505983e-18
3.842,0.3,0.28932738304138184,0.012942874077725718,1.4101722143244812e-16,0.0021730163134634495,3.0757364026426212e-18
3.843,0.3,0.28932899236679077,0.012942874077725718,1.4084876775506293e-16,0.0021728393621742725,3.1861794224713577e-18
3.844,0.3,0.2893306314945221,0.012942874077725718,1.4066190434596475e-16,0.0021726624108850956,3.233221887500356e-18
3.845,0.3,0.28933224081993103,0.012942874077725718,1.4045193281927429e-16,0.0021724856924265623,3.1693377389663356e-18
3.846,0.3,0.2893338203430176,0.012942874077725718,1.4023276304417224e-16,0.0021723087411373854,2.962854374089094e-18
3.847,0.3,0.2893354296684265,0.012942874077725718,1.3998153836597253e-16,0.002172132022678852,2.693023274431031e-18
3.848,0.3,0.28933703899383545,0.012942874077725718,1.3971230100275387e-16,0.002171955071389675,2.3757005289180074e-18
3.849,0.3,0.2893386483192444,0.012942874077725718,1.3943890788413774e-16,0.002171778352931142,2.0108940423206323e-18
3.85,0.3,0.28934022784233093,0.012942874077725718,1.3918453330216544e-16,0.0021716016344726086,1.598611719135502e-18
3.851,0.3,0.28934183716773987,0.012942874077725718,1.3894462445474546e-16,0.0021714249160140753,1.2022436464323267e-18
3.852,0.3,0.2893434464931488,0.012942874077725718,1.387237870835285e-16,0.002171248197555542,8.059416237750368e-19
3.853,0.3,0.28934502601623535,0.012942874077725718,1.3852654752082646e-16,0.0021710714790970087,3.9386009794450566e-19
3.854,0.3,0.2893466055393219,0.012942874077725718,1.3832992999794505e-16,0.0021708947606384754,4.522941482475012e-20
3.855,0.3,0.28934821486473083,0.012942874077725718,1.3816151602522925e-16,0.002170718042179942,-2.8749763403665567e-19
3.856,0.3,0.2893497943878174,0.012942874077725718,1.3800746190794738e-16,0.0021705415565520525,-5.567870665501796e-19
3.857,0.3,0.28935137391090393,0.012942874077725718,1.3785854292790823e-16,0.002170364838093519,-7.626494531055509e-19
3.858,0.3,0.2893529534339905,0.012942874077725718,1.377146002664342e-16,0.002170188119634986,-9.209409080016038e-19
3.859,0.3,0.289354532957077,0.012942874077725718,1.375756868630845e-16,0.0021700116340070963,-1.0158238180881938e-18
3.86,0.3,0.2893561124801636,0.012942874077725718,1.374463687548404e-16,0.0021698351483792067,-1.0473087518029414e-18
3.861,0.3,0.2893576920032501,0.012942874077725718,1.3732198726049204e-16,0.002169658662751317,-9.995607305021053e-19
3.862,0.3,0.2893592417240143,0.012942874077725718,1.3720244973581077e-16,0.0021694819442927837,-8.884385009793047e-19
3.863,0.3,0.28936082124710083,0.012942874077725718,1.3709233545266771e-16,0.002169305458664894,-7.297981790748551e-19
3.864,0.3,0.2893624007701874,0.012942874077725718,1.3701458047508773e-16,0.0021691289730370045,-5.711843053765048e-19
3.865,0.3,0.28936395049095154,0.012942874077725718,1.3695993361510003e-16,0.0021689527202397585,-3.8090578408944614e-19
3.866,0.3,0.2893655300140381,0.012942874077725718,1.3690991896654262e-16,0.002168776234611869,-1.4312235583259834e-19
3.867,0.3,0.28936707973480225,0.012942874077725718,1.368597719690872e-16,0.0021685997489839792,1.1046699402700603e-19
3.868,0.3,0.2893686294555664,0.012942874077725718,1.3681405865971507e-16,0.0021684232633560896,3.323229957604927e-19
3.869,0.3,0.28937017917633057,0.012942874077725718,1.3675421048803564e-16,0.0021682470105588436,4.907598608884108e-19
3.87,0.3,0.2893717288970947,0.012942874077725718,1.3666187066189512e-16,0.002168070524930954,6.016337091350772e-19
3.871,0.3,0.2893733084201813,0.012942874077725718,1.3651407664748904e-16,0.002167894272133708,6.96643558428132e-19
3.872,0.3,0.28937482833862305,0.012942874077725718,1.3630636828695453e-16,0.002167718019336462,7.757920563234062e-19
3.873,0.3,0.2893763780593872,0.012942874077725718,1.3603416630842048e-16,0.002167541766539216,8.232362986566845e-19
3.874,0.3,0.28937792778015137,0.012942874077725718,1.357069468929843e-16,0.0021673652809113264,8.548271073235064e-19
3.875,0.3,0.2893794775009155,0.012942874077725718,1.353248688593236e-16,0.0021671890281140804,9.181037483519421e-19
3.876,0.3,0.2893810272216797,0.012942874077725718,1.3492022533855247e-16,0.0021670127753168344,9.338332168085092e-19
3.8770000000000002,0.3,0.28938254714012146,0.012942874077725718,1.3450703207896998e-16,0.002166836755350232,9.495600575849317e-19
3.878,0.3,0.2893840968608856,0.012942874077725718,1.3411304264448852e-16,0.002166660502552986,9.811298145440389e-19
3.879,0.3,0.2893856167793274,0.012942874077725718,1.3377499708919525e-16,0.00216648424975574,9.651576636025619e-19
3.88,0.3,0.28938713669776917,0.012942874077725718,1.3351133161458275e-16,0.002166308229789138,9.01651527130562e-19
3.8810000000000002,0.3,0.2893886864185333,0.012942874077725718,1.3335420700286707e-16,0.002166131976991892,7.589282333252012e-19
3.882,0.3,0.2893902063369751,0.012942874077725718,1.3333561198269688e-16,0.0021659559570252895,4.894643613862984e-19
3.883,0.3,0.28939172625541687,0.012942874077725718,1.3343699123857138e-16,0.0021657797042280436,1.408176612747717e-19
3.884,0.3,0.28939324617385864,0.012942874077725718,1.336259986998173e-16,0.0021656036842614412,-2.2361649438205036e-19
3.8850000000000002,0.3,0.2893947660923004,0.012942874077725718,1.3389779039676752e-16,0.002165427664294839,-6.038354720646489e-19
3.886,0.3,0.2893962860107422,0.012942874077725718,1.3425678678261554e-16,0.0021652516443282366,-1.0315277221815376e-18
3.887,0.3,0.28939780592918396,0.012942874077725718,1.3467516811899996e-16,0.0021650756243616343,-1.490839783390758e-18
3.888,0.3,0.28939929604530334,0.012942874077725718,1.351344320299792e-16,0.002164899604395032,-1.9342297494533658e-18
3.8890000000000002,0.3,0.2894008159637451,0.012942874077725718,1.3561602320005247e-16,0.0021647235844284296,-2.393391381106013e-18
3.89,0.3,0.2894023060798645,0.012942874077725718,1.360829368773366e-16,0.0021645475644618273,-2.8366309232103357e-18
3.891,0.3,0.2894038259983063,0.012942874077725718,1.3647990416202325e-16,0.0021643717773258686,-3.2164144163330722e-18
3.892,0.3,0.28940531611442566,0.012942874077725718,1.368114778562039e-16,0.0021641957573592663,-3.627825665344411e-18
3.8930000000000002,0.3,0.28940680623054504,0.012942874077725718,1.3703181230160843e-16,0.002164019737392664,-3.959940611722677e-18
3.894,0.3,0.2894083261489868,0.012942874077725718,1.3711802437377116e-16,0.0021638439502567053,-4.2127724627797444e-18
3.895,0.3,0.2894098162651062,0.012942874077725718,1.370701670122513e-16,0.0021636681631207466,-4.449716597423954e-18
3.896,0.3,0.2894113063812256,0.012942874077725718,1.3686559532059958e-16,0.0021634921431541443,-4.607393499956589e-18
3.8970000000000002,0.3,0.28941279649734497,0.012942874077725718,1.3651829857733551e-16,0.0021633163560181856,-4.7175074712248e-18
3.898,0.3,0.28941428661346436,0.012942874077725718,1.36051609893178e-16,0.002163140568882227,-4.811757530472658e-18
3.899,0.3,0.28941574692726135,0.012942874077725718,1.3547962442576493e-16,0.0021629647817462683,-4.874300785240111e-18
3.9,0.3,0.28941723704338074,0.012942874077725718,1.348301883832373e-16,0.0021627889946103096,-4.9209880478165934e-18
3.9010000000000002,0.3,0.2894187271595001,0.012942874077725718,1.341127911815823e-16,0.002162613207474351,-4.935976445187205e-18
3.902,0.3,0.2894201874732971,0.012942874077725718,1.3335062034773104e-16,0.002162437653169036,-4.887580181944336e-18
3.903,0.3,0.2894216775894165,0.012942874077725718,1.325714426804857e-16,0.0021622618660330772,-4.791655346369359e-18
3.904,0.3,0.2894231379032135,0.012942874077725718,1.3180757778073993e-16,0.0021620860788971186,-4.664055433615325e-18
3.9050000000000002,0.3,0.2894245982170105,0.012942874077725718,1.3108671303795711e-16,0.0021619105245918036,-4.4889401609874384e-18
3.906,0.3,0.2894260883331299,0.012942874077725718,1.3044096952968392e-16,0.002161734737455845,-4.313854084320703e-18
3.907,0.3,0.2894275486469269,0.012942874077725718,1.298979022964857e-16,0.00216155918315053,-4.122951670551397e-18
3.908,0.3,0.2894290089607239,0.012942874077725718,1.2945286589204237e-16,0.002161383628845215,-3.86869891229771e-18
3.9090000000000003,0.3,0.2894304692745209,0.012942874077725718,1.291055426789987e-16,0.0021612080745399,-3.551106368183772e-18
3.91,0.3,0.28943192958831787,0.012942874077725718,1.2886493238241928e-16,0.002161032287403941,-3.2018756799852017e-18
3.911,0.3,0.2894333600997925,0.012942874077725718,1.2873069089516928e-16,0.002160856733098626,-2.8685487472221995e-18
3.912,0.3,0.2894348204135895,0.012942874077725718,1.2866578699558592e-16,0.0021606814116239548,-2.5035863010168266e-18
3.9130000000000003,0.3,0.2894362807273865,0.012942874077725718,1.2867918070406438e-16,0.0021605058573186398,-2.1545302280963165e-18
3.914,0.3,0.2894377112388611,0.012942874077725718,1.2877529247379814e-16,0.0021603303030133247,-1.853068958376217e-18
3.915,0.3,0.2894391715526581,0.012942874077725718,1.289354743450578e-16,0.0021601547487080097,-1.615040120363037e-18
3.916,0.3,0.2894406020641327,0.012942874077725718,1.291319859888208e-16,0.0021599794272333384,-1.4087420270873615e-18
3.9170000000000003,0.3,0.2894420325756073,0.012942874077725718,1.2932329632089207e-16,0.0021598038729280233,-1.2024783220769583e-18
3.918,0.3,0.2894434630870819,0.012942874077725718,1.294908235559912e-16,0.0021596283186227083,-1.043785623602401e-18
3.919,0.3,0.2894449234008789,0.012942874077725718,1.2962069752960693e-16,0.002159452997148037,-9.643470840826812e-19
3.92,0.3,0.2894463539123535,0.012942874077725718,1.2970375969799706e-16,0.0021592776756733656,-1.0116861082593819e-18
3.9210000000000003,0.3,0.2894477844238281,0.012942874077725718,1.2974932742358138e-16,0.0021591023541986942,-1.201627126638361e-18
3.922,0.3,0.28944918513298035,0.012942874077725718,1.2973921596777353e-16,0.002158926799893379,-1.4707641999062176e-18
3.923,0.3,0.28945061564445496,0.012942874077725718,1.2968291474656072e-16,0.002158751478418708,-1.771547503856798e-18
3.924,0.3,0.28945204615592957,0.012942874077725718,1.2960355834731483e-16,0.0021585761569440365,-2.1356628470603047e-18
3.9250000000000003,0.3,0.2894534468650818,0.012942874077725718,1.2951053030690467e-16,0.002158400835469365,-2.5314085896108425e-18
3.926,0.3,0.2894548773765564,0.012942874077725718,1.294361369913341e-16,0.0021582257468253374,-2.9904705494089683e-18
3.927,0.3,0.2894562780857086,0.012942874077725718,1.2939889401143451e-16,0.002158050425350666,-3.4811470855358306e-18
3.928,0.3,0.2894577085971832,0.012942874077725718,1.2938968252813312e-16,0.0021578751038759947,-3.924205215842134e-18
3.9290000000000003,0.3,0.28945910930633545,0.012942874077725718,1.294314518403446e-16,0.0021576997824013233,-4.3513439555553696e-18
3.93,0.3,0.28946051001548767,0.012942874077725718,1.2953790005901282e-16,0.0021575246937572956,-4.794257051183516e-18
3.931,0.3,0.2894619107246399,0.012942874077725718,1.2968591906654551e-16,0.002157349605113268,-5.173714156719138e-18
3.932,0.3,0.2894633114337921,0.012942874077725718,1.2987544268849366e-16,0.0021571742836385965,-5.5055713902023004e-18
3.9330000000000003,0.3,0.28946471214294434,0.012942874077725718,1.30074058679735e-16,0.002156999194994569,-5.742300053109262e-18
3.934,0.3,0.28946611285209656,0.012942874077725718,1.302817008658205e-16,0.002156824106350541,-5.899761541475986e-18
3.935,0.3,0.2894675135612488,0.012942874077725718,1.3046611582030553e-16,0.0021566487848758698,-5.914586891252507e-18
3.936,0.3,0.2894688844680786,0.012942874077725718,1.3061327456000116e-16,0.002156473696231842,-5.834336504033791e-18
3.9370000000000003,0.3,0.28947028517723083,0.012942874077725718,1.3071401854116522e-16,0.0021562986075878143,-5.6590262438299595e-18
3.938,0.3,0.28947165608406067,0.012942874077725718,1.307683345289079e-16,0.0021561237517744303,-5.4203630204085415e-18
3.939,0.3,0.2894730567932129,0.012942874077725718,1.307807885602105e-16,0.0021559486631304026,-5.15004849488683e-18
3.94,0.3,0.2894744277000427,0.012942874077725718,1.3075146004441182e-16,0.002155773574486375,-4.8480879261324855e-18
3.9410000000000003,0.3,0.28947579860687256,0.012942874077725718,1.306573864477074e-16,0.002155598485842347,-4.48279551506276e-18
3.942,0.3,0.2894771695137024,0.012942874077725718,1.3049401496800572e-16,0.002155423630028963,-4.085872901364205e-18
3.943,0.3,0.2894785404205322,0.012942874077725718,1.3024297557826322e-16,0.0021552485413849354,-3.6414798116331175e-18
3.944,0.3,0.28947991132736206,0.012942874077725718,1.299089269596898e-16,0.0021550736855715513,-3.2130063302810984e-18
3.9450000000000003,0.3,0.2894812822341919,0.012942874077725718,1.294874618939818e-16,0.0021548985969275236,-2.7846042615320056e-18
3.946,0.3,0.28948265314102173,0.012942874077725718,1.2897875243470658e-16,0.0021547237411141396,-2.356273595695642e-18
3.947,0.3,0.28948402404785156,0.012942874077725718,1.2839672168593467e-16,0.0021545488853007555,-1.9755509540672142e-18
3.948,0.3,0.289485365152359,0.012942874077725718,1.2775083259387366e-16,0.0021543740294873714,-1.6265828620186804e-18
3.9490000000000003,0.3,0.28948673605918884,0.012942874077725718,1.2705964047402435e-16,0.0021541991736739874,-1.325209554026159e-18
3.95,0.3,0.2894880771636963,0.012942874077725718,1.2632794959138445e-16,0.0021540243178606033,-1.0397320318121242e-18
3.951,0.3,0.2894894480705261,0.012942874077725718,1.2556968305002444e-16,0.0021538494620472193,-7.85993169570146e-19
3.952,0.3,0.28949078917503357,0.012942874077725718,1.2478951276604402e-16,0.0021536746062338352,-5.639877031208119e-19
3.9530000000000003,0.3,0.289492130279541,0.012942874077725718,1.239967031623038e-16,0.002153499750420451,-3.8955586371381966e-19
3.954,0.3,0.28949347138404846,0.012942874077725718,1.2320976984963515e-16,0.0021533251274377108,-2.7853526648931268e-19
3.955,0.3,0.2894948124885559,0.012942874077725718,1.2242883194204629e-16,0.0021531502716243267,-1.8337871430959986e-19
3.956,0.3,0.28949615359306335,0.012942874077725718,1.2169520876549546e-16,0.0021529754158109426,-1.991568248908032e-19
3.9570000000000003,0.3,0.2894974946975708,0.012942874077725718,1.2099979471579968e-16,0.0021528007928282022,-2.783144808108551e-19
3.958,0.3,0.28949883580207825,0.012942874077725718,1.2035173510181133e-16,0.002152626169845462,-4.2084111959522337e-19
3.959,0.3,0.2895001471042633,0.012942874077725718,1.197740056922247e-16,0.002152451314032078,-6.584172665970234e-19
3.96,0.3,0.28950148820877075,0.012942874077725718,1.1925735529906897e-16,0.0021522766910493374,-9.593359751339945e-19
3.9610000000000003,0.3,0.2895027995109558,0.012942874077725718,1.1881560114729626e-16,0.002152102068066597,-1.3077411637414905e-18
3.962,0.3,0.28950414061546326,0.012942874077725718,1.1843943910937654e-16,0.0021519274450838566,-1.6560882744715241e-18
3.963,0.3,0.2895054519176483,0.012942874077725718,1.181425540613639e-16,0.002151752822101116,-2.0360684147677144e-18
3.964,0.3,0.2895067632198334,0.012942874077725718,1.1792484012413995e-16,0.0021515781991183758,-2.4159852174277525e-18
3.9650000000000003,0.3,0.2895081043243408,0.012942874077725718,1.1779073098578795e-16,0.0021514035761356354,-2.8433753257199587e-18
3.966,0.3,0.2895094156265259,0.012942874077725718,1.1772156545168872e-16,0.002151228953152895,-3.302385283976842e-18
3.967,0.3,0.28951072692871094,0.012942874077725718,1.1769430157869897e-16,0.0021510545630007982,-3.745473192041836e-18
3.968,0.3,0.2895120084285736,0.012942874077725718,1.17713373054902e-16,0.002150879940018058,-4.188487246584274e-18
3.969,0.3,0.28951331973075867,0.012942874077725718,1.1777874017562839e-16,0.0021507053170353174,-4.631427467762106e-18
3.97,0.3,0.2895146310329437,0.012942874077725718,1.1788109881334815e-16,0.0021505309268832207,-5.058448316976696e-18
3.971,0.3,0.2895159423351288,0.012942874077725718,1.180019598270095e-16,0.0021503563039004803,-5.422015816486343e-18
3.972,0.3,0.28951722383499146,0.012942874077725718,1.1812279437089124e-16,0.0021501819137483835,-5.722140542301154e-18
3.973,0.3,0.2895185351371765,0.012942874077725718,1.1821129607898952e-16,0.0021500075235962868,-5.927141995444575e-18
3.974,0.3,0.2895198166370392,0.012942874077725718,1.1824893610558313e-16,0.00214983313344419,-6.084572651164046e-18
3.975,0.3,0.28952109813690186,0.012942874077725718,1.182126725075288e-16,0.0021496585104614496,-6.1944404487853044e-18
3.976,0.3,0.2895223796367645,0.012942874077725718,1.1807955598591187e-16,0.002149484120309353,-6.240907771635745e-18
3.977,0.3,0.2895236611366272,0.012942874077725718,1.1784044123187994e-16,0.002149309730157256,-6.2715218156298414e-18
3.978,0.3,0.28952494263648987,0.012942874077725718,1.1748634175525824e-16,0.002149135572835803,-6.2545941358631144e-18
3.979,0.3,0.28952622413635254,0.012942874077725718,1.1702211476060368e-16,0.0021489611826837063,-6.190132656540039e-18
3.98,0.3,0.2895275056362152,0.012942874077725718,1.1647092130506775e-16,0.0021487867925316095,-6.109836388482093e-18
3.981,0.3,0.2895287871360779,0.012942874077725718,1.1583755241875834e-16,0.002148612402379513,-6.013707974076862e-18
3.982,0.3,0.28953006863594055,0.012942874077725718,1.1513141810832388e-16,0.0021484382450580597,-5.91759559785396e-18
3.983,0.3,0.28953132033348083,0.012942874077725718,1.1437573237047503e-16,0.002148263854905963,-5.82149925767574e-18
3.984,0.3,0.2895326018333435,0.012942874077725718,1.1360284127588508e-16,0.00214808969758451,-5.757110009403239e-18
3.985,0.3,0.2895338535308838,0.012942874077725718,1.1283130014005482e-16,0.002147915307432413,-5.708577050647248e-18
3.986,0.3,0.2895351052284241,0.012942874077725718,1.1208880958733742e-16,0.00214774115011096,-5.691743253906173e-18
3.987,0.3,0.28953638672828674,0.012942874077725718,1.1138459433592408e-16,0.002147566992789507,-5.690757794559452e-18
3.988,0.3,0.289537638425827,0.012942874077725718,1.1071398908715999e-16,0.00214739260263741,-5.689772513040045e-18
3.989,0.3,0.2895388901233673,0.012942874077725718,1.1008612591500774e-16,0.002147218445315957,-5.720478474821915e-18
3.99,0.3,0.2895401418209076,0.012942874077725718,1.0949164775237813e-16,0.002147044287994504,-5.798715945140214e-18
3.991,0.3,0.2895413935184479,0.012942874077725718,1.0890747956890338e-16,0.002146870130673051,-5.892785918433633e-18
3.992,0.3,0.28954264521598816,0.012942874077725718,1.083244231161719e-16,0.002146695973351598,-5.9868402152555825e-18
3.993,0.3,0.28954386711120605,0.012942874077725718,1.077332338236578e-16,0.0021465220488607883,-6.080878840515051e-18
3.994,0.3,0.28954511880874634,0.012942874077725718,1.0713852405045668e-16,0.0021463478915393353,-6.190747320947204e-18
3.995,0.3,0.28954634070396423,0.012942874077725718,1.0652645010183684e-16,0.002146173734217882,-6.300597499473329e-18
3.996,0.3,0.2895475924015045,0.012942874077725718,1.058970913871371e-16,0.0021459998097270727,-6.410429358575288e-18
3.997,0.3,0.2895488142967224,0.012942874077725718,1.0524585539959655e-16,0.0021458256524056196,-6.504397384498074e-18
3.998,0.3,0.2895500659942627,0.012942874077725718,1.0457738758553529e-16,0.00214565172791481,-6.598349742720402e-18
3.999,0.3,0.2895512878894806,0.012942874077725718,1.0389172103217784e-16,0.002145477570593357,-6.692286464465859e-18
4.0,0.3,0.2895525097846985,0.012942874077725718,1.0318888220930378e-16,0.0021453036461025476,-6.786207528699264e-18
4.001,0.3,0.2895537316799164,0.012942874077725718,1.0246892405647233e-16,0.0021451294887810946,-6.880112940296026e-18
4.002,0.3,0.2895549535751343,0.012942874077725718,1.0172726068436748e-16,0.002144955564290285,-6.958157161216101e-18
4.003,0.3,0.2895561754703522,0.012942874077725718,1.0097311681118044e-16,0.0021447816397994757,-7.052033924389806e-18
4.0040000000000004,0.3,0.2895573675632477,0.012942874077725718,1.002019462522646e-16,0.0021446077153086662,-7.145895050677076e-18
4.005,0.3,0.2895585894584656,0.012942874077725718,9.940460369876758e-17,0.002144433790817857,-7.208049426910697e-18
4.006,0.3,0.28955981135368347,0.012942874077725718,9.859036019099489e-17,0.0021442598663270473,-7.23850237075708e-18
4.007,0.3,0.289561003446579,0.012942874077725718,9.77684801518071e-17,0.002144085941836238,-7.221413623470017e-18
4.008,0.3,0.2895622253417969,0.012942874077725718,9.695282051082571e-17,0.002143912250176072,-7.172636621294504e-18
4.009,0.3,0.2895634174346924,0.012942874077725718,9.616635041930009e-17,0.0021437383256852627,-7.123867763437673e-18
4.01,0.3,0.2895646095275879,0.012942874077725718,9.540901032022614e-17,0.0021435644011944532,-7.075107021059794e-18
4.011,0.3,0.2895658314228058,0.012942874077725718,9.468076050893445e-17,0.0021433907095342875,-7.02635439564595e-18
4.0120000000000005,0.3,0.2895670235157013,0.012942874077725718,9.398612731773692e-17,0.002143216785043478,-6.993455456293886e-18
4.013,0.3,0.2895682156085968,0.012942874077725718,9.332046530031345e-17,0.0021430430933833122,-6.960561992731187e-18
4.014,0.3,0.2895694077014923,0.012942874077725718,9.268371489965993e-17,0.002142869168892503,-6.927674005341652e-18
4.015,0.3,0.28957056999206543,0.012942874077725718,9.208040906553316e-17,0.002142695477232337,-6.910637037625679e-18
4.016,0.3,0.28957176208496094,0.012942874077725718,9.150589573416813e-17,0.002142521785572171,-6.89360288640119e-18
4.017,0.3,0.28957295417785645,0.012942874077725718,9.096012858345054e-17,0.0021423480939120054,-6.876571573342765e-18
4.018,0.3,0.28957411646842957,0.012942874077725718,9.04384489321705e-17,0.002142174169421196,-6.8436975556580585e-18
4.019,0.3,0.2895753085613251,0.012942874077725718,8.995000208918038e-17,0.002142000710591674,-6.826674545688622e-18
4.0200000000000005,0.3,0.2895764708518982,0.012942874077725718,8.949928129956759e-17,0.002141827018931508,-6.841345463018512e-18
4.021,0.3,0.2895776629447937,0.012942874077725718,8.907700228813682e-17,0.0021416533272713423,-6.90355055790138e-18
4.022,0.3,0.2895788252353668,0.012942874077725718,8.866466929639138e-17,0.0021414796356111765,-6.997436382450066e-18
4.023,0.3,0.28957998752593994,0.012942874077725718,8.82438328879489e-17,0.0021413059439510107,-7.107152102913714e-18
4.024,0.3,0.28958114981651306,0.012942874077725718,8.78006692204124e-17,0.002141132252290845,-7.232695083119534e-18
4.025,0.3,0.2895823121070862,0.012942874077725718,8.733064534402506e-17,0.002140958793461323,-7.35821714325154e-18
4.026,0.3,0.2895834743976593,0.012942874077725718,8.683382081579101e-17,0.002140785101801157,-7.483718288543166e-18
4.027,0.3,0.2895846366882324,0.012942874077725718,8.631022872293475e-17,0.002140611642971635,-7.60919852456558e-18
4.0280000000000005,0.3,0.28958579897880554,0.012942874077725718,8.575994185735017e-17,0.002140437951311469,-7.734657857094528e-18
4.029,0.3,0.28958696126937866,0.012942874077725718,8.517841403439069e-17,0.002140264492481947,-7.844250748738063e-18
4.03,0.3,0.2895880937576294,0.012942874077725718,8.455652641498353e-17,0.002140091033652425,-7.906288758168787e-18
4.031,0.3,0.2895892560482025,0.012942874077725718,8.392194653625734e-17,0.002139917341992259,-7.968316414946869e-18
4.032,0.3,0.28959038853645325,0.012942874077725718,8.328397190829725e-17,0.002139743883162737,-8.014488199999364e-18
4.033,0.3,0.289591521024704,0.012942874077725718,8.266569079636081e-17,0.0021395704243332148,-8.044806729210851e-18
4.034,0.3,0.2895926833152771,0.012942874077725718,8.208094027773482e-17,0.0021393969655036926,-8.04342910274019e-18
4.035,0.3,0.28959381580352783,0.012942874077725718,8.153884580893697e-17,0.0021392235066741705,-8.02620616748419e-18
4.0360000000000005,0.3,0.28959494829177856,0.012942874077725718,8.104850637670534e-17,0.0021390500478446484,-8.024831632730953e-18
4.037,0.3,0.2895960807800293,0.012942874077725718,8.060521036027082e-17,0.00213887682184577,-8.023457315848767e-18
4.038,0.3,0.28959721326828003,0.012942874077725718,8.019053479303064e-17,0.0021387033630162477,-7.958701046810484e-18
4.039,0.3,0.28959834575653076,0.012942874077725718,7.979970849721158e-17,0.0021385299041867256,-7.862264479492365e-18
4.04,0.3,0.2895994782447815,0.012942874077725718,7.943715192600714e-17,0.002138356678187847,-7.797535071222612e-18
4.041,0.3,0.28960058093070984,0.012942874077725718,7.908434285114102e-17,0.002138183219358325,-7.78035308617909e-18
4.042,0.3,0.28960171341896057,0.012942874077725718,7.870440225218317e-17,0.002138009760528803,-7.763173963753452e-18
4.043,0.3,0.2896028161048889,0.012942874077725718,7.826056360526681e-17,0.0021378365345299244,-7.698461090712045e-18
4.0440000000000005,0.3,0.28960394859313965,0.012942874077725718,7.774822116874127e-17,0.002137663308531046,-7.617913462378135e-18
4.045,0.3,0.289605051279068,0.012942874077725718,7.716752052639434e-17,0.0021374898497015238,-7.521533738828075e-18
4.046,0.3,0.2896061837673187,0.012942874077725718,7.650940239615735e-17,0.0021373166237026453,-7.377633451838944e-18
4.047,0.3,0.28960728645324707,0.012942874077725718,7.580160710705288e-17,0.002137143397703767,-7.233757176003957e-18
4.048,0.3,0.2896083891391754,0.012942874077725718,7.50673023336773e-17,0.0021369701717048883,-7.105750422739645e-18
4.049,0.3,0.28960949182510376,0.012942874077725718,7.432043764988073e-17,0.00213679694570601,-6.977765001451533e-18
4.05,0.3,0.2896105945110321,0.012942874077725718,7.358873353235102e-17,0.0021366237197071314,-6.865646450750816e-18
4.051,0.3,0.28961169719696045,0.012942874077725718,7.288596750137087e-17,0.002136450493708253,-6.7852376691776885e-18
4.0520000000000005,0.3,0.2896127998828888,0.012942874077725718,7.223054267120835e-17,0.0021362772677093744,-6.752378913833911e-18
4.053,0.3,0.28961387276649475,0.012942874077725718,7.162707801840396e-17,0.002136104041710496,-6.735371172823817e-18
4.054,0.3,0.2896149754524231,0.012942874077725718,7.107090824430291e-17,0.002135931048542261,-6.718366241895683e-18
4.055,0.3,0.28961607813835144,0.012942874077725718,7.056190761745208e-17,0.0021357578225433826,-6.701364143035711e-18
4.056,0.3,0.2896171510219574,0.012942874077725718,7.010000334595757e-17,0.002135584829375148,-6.684364875280509e-18
4.057,0.3,0.28961822390556335,0.012942874077725718,6.968510278559077e-17,0.0021354116033762693,-6.667368424140296e-18
4.058,0.3,0.2896193265914917,0.012942874077725718,6.931251416791728e-17,0.0021352386102080345,-6.634529249198027e-18
4.059,0.3,0.28962039947509766,0.012942874077725718,6.89821448487085e-17,0.002135065384209156,-6.58585000190783e-18
4.0600000000000005,0.3,0.2896214723587036,0.012942874077725718,6.870308719725762e-17,0.002134892391040921,-6.553024400869071e-18
4.061,0.3,0.28962254524230957,0.012942874077725718,6.847060974046081e-17,0.0021347193978726864,-6.551895349636778e-18
4.062,0.3,0.2896236181259155,0.012942874077725718,6.828459336430989e-17,0.002134546171873808,-6.5983031107021195e-18
4.063,0.3,0.2896246910095215,0.012942874077725718,6.812656216264286e-17,0.002134373178705573,-6.6605486765170295e-18
4.064,0.3,0.28962576389312744,0.012942874077725718,6.799185083680492e-17,0.0021342001855373383,-6.73862940837572e-18
4.065,0.3,0.2896268367767334,0.012942874077725718,6.787120819882529e-17,0.0021340271923691034,-6.816697126082714e-18
4.066,0.3,0.28962790966033936,0.012942874077725718,6.774155921833618e-17,0.0021338541992008686,-6.8789062915683244e-18
4.067,0.3,0.2896289527416229,0.012942874077725718,6.759823859668279e-17,0.0021336812060326338,-6.941105094112956e-18
4.0680000000000005,0.3,0.2896300256252289,0.012942874077725718,6.741827718261575e-17,0.0021335084456950426,-6.971602449046803e-18
4.069,0.3,0.28963106870651245,0.012942874077725718,6.718326524442209e-17,0.002133335452526808,-6.954558104141554e-18
4.07,0.3,0.2896321415901184,0.012942874077725718,6.6888603657896e-17,0.002133162459358573,-6.92167106427168e-18
4.071,0.3,0.289633184671402,0.012942874077725718,6.654817582243857e-17,0.002132989699020982,-6.920480608197531e-18
4.072,0.3,0.28963422775268555,0.012942874077725718,6.61805436709955e-17,0.002132816705852747,-6.966826982718214e-18
4.073,0.3,0.2896352708339691,0.012942874077725718,6.579503780087639e-17,0.002132643712684512,-7.044856719920038e-18
4.074,0.3,0.2896363437175751,0.012942874077725718,6.540092925238673e-17,0.002132470952346921,-7.170410081390542e-18
4.075,0.3,0.28963738679885864,0.012942874077725718,6.500293626374051e-17,0.00213229819200933,-7.31178807559335e-18
4.0760000000000005,0.3,0.2896384298801422,0.012942874077725718,6.460108530471735e-17,0.002132125198841095,-7.45314250650035e-18
4.077,0.3,0.2896394431591034,0.012942874077725718,6.420458124117373e-17,0.002131952438503504,-7.626164463687386e-18
4.078,0.3,0.28964048624038696,0.012942874077725718,6.381810922409916e-17,0.0021317796781659126,-7.799157566829326e-18
4.079,0.3,0.28964152932167053,0.012942874077725718,6.344162293137932e-17,0.0021316069178283215,-7.972121838349373e-18
4.08,0.3,0.2896425426006317,0.012942874077725718,6.307973472210982e-17,0.0021314341574907303,-8.160902827435293e-18
4.081,0.3,0.2896435856819153,0.012942874077725718,6.270943574037188e-17,0.002131261397153139,-8.286270168302237e-18
4.082,0.3,0.28964462876319885,0.012942874077725718,6.233079216061451e-17,0.002131088636815548,-8.316543358519427e-18
4.083,0.3,0.28964564204216003,0.012942874077725718,6.19437510432785e-17,0.0021309158764779568,-8.2517382473831e-18
4.0840000000000005,0.3,0.2896466553211212,0.012942874077725718,6.156207667375673e-17,0.0021307431161403656,-8.139407300578396e-18
4.085,0.3,0.2896476984024048,0.012942874077725718,6.11810177266107e-17,0.0021305703558027744,-8.011249527587405e-18
4.086,0.3,0.28964871168136597,0.012942874077725718,6.080522626560541e-17,0.002130397828295827,-7.867267577399585e-18
4.087,0.3,0.28964972496032715,0.012942874077725718,6.043926832772215e-17,0.0021302250679582357,-7.707464076077944e-18
4.088,0.3,0.28965073823928833,0.012942874077725718,6.00969346681334e-17,0.0021300525404512882,-7.563532747286128e-18
4.089,0.3,0.2896517515182495,0.012942874077725718,5.976899395120308e-17,0.002129879780113697,-7.403779860147076e-18
4.09,0.3,0.2896527647972107,0.012942874077725718,5.945541308970668e-17,0.0021297072526067495,-7.228208052182938e-18
4.091,0.3,0.2896537780761719,0.012942874077725718,5.916994313414728e-17,0.0021295344922691584,-7.084356590121084e-18
4.0920000000000005,0.3,0.28965476155281067,0.012942874077725718,5.890329980932959e-17,0.002129361964762211,-6.956374645210422e-18
4.093,0.3,0.28965577483177185,0.012942874077725718,5.86554632629189e-17,0.0021291894372552633,-6.8601051116854294e-18
4.094,0.3,0.28965678811073303,0.012942874077725718,5.842173510903591e-17,0.002129016676917672,-6.8113882555608875e-18
4.095,0.3,0.2896577715873718,0.012942874077725718,5.817909987431696e-17,0.0021288441494107246,-6.778525068549254e-18
4.096,0.3,0.289658784866333,0.012942874077725718,5.790454870284326e-17,0.002128671621903777,-6.729821816576768e-18
4.097,0.3,0.2896597683429718,0.012942874077725718,5.76072930779162e-17,0.0021284990943968296,-6.696972236259814e-18
4.098,0.3,0.2896607518196106,0.012942874077725718,5.727356871414291e-17,0.002128326566889882,-6.679973677258163e-18
4.099,0.3,0.2896617352962494,0.012942874077725718,5.68896510307999e-17,0.0021281542722135782,-6.63128686590335e-18
4.1,0.3,0.28966274857521057,0.012942874077725718,5.647872755481825e-17,0.0021279817447066307,-6.550917080902786e-18
4.101,0.3,0.28966373205184937,0.012942874077725718,5.606849891055116e-17,0.002127809217199683,-6.4705607028925705e-18
4.102,0.3,0.28966471552848816,0.012942874077725718,5.564977346703191e-17,0.0021276366896927357,-6.358526629689395e-18
4.103,0.3,0.28966569900512695,0.012942874077725718,5.5240927868749004e-17,0.002127464395016432,-6.26235677027289e-18
4.104,0.3,0.28966668248176575,0.012942874077725718,5.484200182037183e-17,0.0021272918675094843,-6.166202935708598e-18
4.105,0.3,0.28966763615608215,0.012942874077725718,5.446228621454059e-17,0.0021271193400025368,-6.022528490172643e-18
4.106,0.3,0.28966861963272095,0.012942874077725718,5.4138580662346536e-17,0.002126947045326233,-5.8788779712284535e-18
4.107,0.3,0.28966960310935974,0.012942874077725718,5.388471562363156e-17,0.002126774750649929,-5.6877147523343984e-18
4.108,0.3,0.28967055678367615,0.012942874077725718,5.370058191055481e-17,0.0021266022231429815,-5.4173556630392616e-18
4.109,0.3,0.28967154026031494,0.012942874077725718,5.359518586562575e-17,0.0021264299284666777,-5.0995049929826165e-18
4.11,0.3,0.28967249393463135,0.012942874077725718,5.3568259482325925e-17,0.002126257633790374,-4.781707282664184e-18
4.111,0.3,0.28967347741127014,0.012942874077725718,5.3619591002418516e-17,0.00212608533911407,-4.4956536211244e-18
4.112,0.3,0.28967443108558655,0.012942874077725718,5.372133090904009e-17,0.0021259128116071224,-4.241338708271918e-18
4.113,0.3,0.28967538475990295,0.012942874077725718,5.38548941081878e-17,0.0021257405169308186,-4.0346028146118796e-18
4.114,0.3,0.28967633843421936,0.012942874077725718,5.3974147082738345e-17,0.0021255682222545147,-3.827901383895471e-18
4.115,0.3,0.28967732191085815,0.012942874077725718,5.407441791659202e-17,0.0021253961604088545,-3.668771042186486e-18
4.116,0.3,0.28967827558517456,0.012942874077725718,5.4114225156390525e-17,0.0021252238657325506,-3.541358315238458e-18
4.117,0.3,0.28967922925949097,0.012942874077725718,5.4070559946215076e-17,0.0021250515710562468,-3.477349017329985e-18
4.118,0.3,0.2896801829338074,0.012942874077725718,5.390220222178093e-17,0.002124879276379943,-3.3975048671176768e-18
4.119,0.3,0.2896811068058014,0.012942874077725718,5.3623151187774944e-17,0.002124706981703639,-3.349365132064517e-18
4.12,0.3,0.2896820604801178,0.012942874077725718,5.3252087891151006e-17,0.002124534919857979,-3.3487700528076573e-18
4.121,0.3,0.2896830141544342,0.012942874077725718,5.280775624458957e-17,0.002124362625181675,-3.364020627754604e-18
4.122,0.3,0.2896839380264282,0.012942874077725718,5.233181306373881e-17,0.0021241905633360147,-3.4268053009090814e-18
4.123,0.3,0.28968489170074463,0.012942874077725718,5.183361210696547e-17,0.002124018268659711,-3.521270584132968e-18
4.124,0.3,0.28968581557273865,0.012942874077725718,5.1327149270233955e-17,0.0021238462068140507,-3.599874587369051e-18
4.125,0.3,0.28968676924705505,0.012942874077725718,5.08263509663372e-17,0.0021236741449683905,-3.630928846383927e-18
4.126,0.3,0.2896876931190491,0.012942874077725718,5.036339782982597e-17,0.0021235018502920866,-3.6778234783651606e-18
4.127,0.3,0.2896886467933655,0.012942874077725718,4.995204091120335e-17,0.0021233297884464264,-3.756401367749679e-18
4.128,0.3,0.2896895706653595,0.012942874077725718,4.959228682791424e-17,0.002123157726600766,-3.819120619522769e-18
4.1290000000000004,0.3,0.2896904945373535,0.012942874077725718,4.927484137859599e-17,0.002122985664755106,-3.83429277819521e-18
4.13,0.3,0.28969141840934753,0.012942874077725718,4.8994926768030495e-17,0.0021228136029094458,-3.833616858124057e-18
4.131,0.3,0.28969234228134155,0.012942874077725718,4.873401084177412e-17,0.0021226415410637856,-3.801249960287815e-18
4.132,0.3,0.28969326615333557,0.012942874077725718,4.848738859650266e-17,0.0021224694792181253,-3.753042912840517e-18
4.133,0.3,0.2896941900253296,0.012942874077725718,4.82181379983942e-17,0.002122297417372465,-3.6573072730048554e-18
4.134,0.3,0.2896951138973236,0.012942874077725718,4.792619949044463e-17,0.002122125355526805,-3.561587594997388e-18
4.135,0.3,0.2896960377693176,0.012942874077725718,4.7579316337486845e-17,0.0021219532936811447,-3.4500383361237533e-18
4.136,0.3,0.28969693183898926,0.012942874077725718,4.717758118374944e-17,0.002121781464666128,-3.322662136117817e-18
4.1370000000000005,0.3,0.2896978557109833,0.012942874077725718,4.672568910638927e-17,0.002121609402820468,-3.195307160170077e-18
4.138,0.3,0.2896987497806549,0.012942874077725718,4.6223739367079843e-17,0.0021214375738054514,-3.0679734221968037e-18
4.139,0.3,0.2896996736526489,0.012942874077725718,4.568103609335115e-17,0.002121265511959791,-2.956506441940404e-18
4.14,0.3,0.28970056772232056,0.012942874077725718,4.511147922821654e-17,0.0021210936829447746,-2.892594683887578e-18
4.141,0.3,0.2897014915943146,0.012942874077725718,4.4515194503129114e-17,0.0021209216210991144,-2.844539113001375e-18
4.142,0.3,0.2897023856639862,0.012942874077725718,4.3906038847710364e-17,0.002120749792084098,-2.8440281991181493e-18
4.143,0.3,0.28970327973365784,0.012942874077725718,4.328873711761919e-17,0.0021205779630690813,-2.859362906413866e-18
4.144,0.3,0.28970420360565186,0.012942874077725718,4.26633224000801e-17,0.002120405901223421,-2.890540594679886e-18
4.1450000000000005,0.3,0.2897050976753235,0.012942874077725718,4.2043664859604373e-17,0.0021202340722084045,-2.9375586512626e-18
4.146,0.3,0.2897059917449951,0.012942874077725718,4.142982405319612e-17,0.002120062243193388,-2.9687233228489492e-18
4.147,0.3,0.28970688581466675,0.012942874077725718,4.083095852459753e-17,0.0021198904141783714,-3.0157283390349106e-18
4.148,0.3,0.2897077798843384,0.012942874077725718,4.024705173019635e-17,0.002119718585163355,-3.07857106104904e-18
4.149,0.3,0.28970867395401,0.012942874077725718,3.9678073891490523e-17,0.0021195467561483383,-3.1572488505454266e-18
4.15,0.3,0.28970953822135925,0.012942874077725718,3.9124011773590254e-17,0.0021193749271333218,-3.2517590695338644e-18
4.151,0.3,0.2897104322910309,0.012942874077725718,3.857566051063905e-17,0.002119203098118305,-3.330407969993085e-18
4.152,0.3,0.2897113263607025,0.012942874077725718,3.80421720289342e-17,0.0021190315019339323,-3.4248893086467805e-18
4.1530000000000005,0.3,0.28971219062805176,0.012942874077725718,3.751895713043726e-17,0.0021188596729189157,-3.519354905337205e-18
4.154,0.3,0.2897130846977234,0.012942874077725718,3.701056861723972e-17,0.002118687843903899,-3.629650284058521e-18
4.155,0.3,0.289713978767395,0.012942874077725718,3.651239743896843e-17,0.0021185162477195263,-3.7399272888353595e-18
4.156,0.3,0.28971484303474426,0.012942874077725718,3.60244303607336e-17,0.0021183444187045097,-3.8501859238154735e-18
4.157,0.3,0.2897157073020935,0.012942874077725718,3.5551233419516516e-17,0.002118172822520137,-3.976271714017166e-18
4.158,0.3,0.28971660137176514,0.012942874077725718,3.508819094749913e-17,0.0021180009935051203,-4.102336480499743e-18
4.159,0.3,0.2897174656391144,0.012942874077725718,3.463988552527499e-17,0.0021178293973207474,-4.244225792641978e-18
4.16,0.3,0.2897183299064636,0.012942874077725718,3.420168825013625e-17,0.0021176578011363745,-4.3860914499983046e-18
4.1610000000000005,0.3,0.28971919417381287,0.012942874077725718,3.377360243080536e-17,0.002117485972121358,-4.5279334580075144e-18
4.162,0.3,0.2897200584411621,0.012942874077725718,3.335559167133536e-17,0.002117314375936985,-4.669751822178334e-18
4.163,0.3,0.28972092270851135,0.012942874077725718,3.292926940107043e-17,0.002117142779752612,-4.748164376268589e-18
4.164,0.3,0.2897217869758606,0.012942874077725718,3.2485371197149974e-17,0.002116971183568239,-4.779027232737722e-18
4.165,0.3,0.28972265124320984,0.012942874077725718,3.202392352935359e-17,0.0021167995873838663,-4.7465027752012555e-18
4.166,0.3,0.2897235155105591,0.012942874077725718,3.153565866609824e-17,0.0021166279911994934,-4.6664471129494136e-18
4.167,0.3,0.2897243797779083,0.012942874077725718,3.1020652708000276e-17,0.0021164563950151205,-4.5230226252159765e-18
4.168,0.3,0.28972524404525757,0.012942874077725718,3.049734847399718e-17,0.0021162847988307476,-4.332085417383874e-18
4.1690000000000005,0.3,0.2897260785102844,0.012942874077725718,2.997025575278859e-17,0.0021161132026463747,-4.157025581805736e-18
4.17,0.3,0.28972694277763367,0.012942874077725718,2.9416431862904735e-17,0.0021159418392926455,-3.9186127367649844e-18
4.171,0.3,0.2897278070449829,0.012942874077725718,2.883122804930307e-17,0.0021157702431082726,-3.64854855084065e-18
4.172,0.3,0.28972864151000977,0.012942874077725718,2.82100451877778e-17,0.0021155986469238997,-3.3626838444144974e-18
4.173,0.3,0.289729505777359,0.012942874077725718,2.7552942835333023e-17,0.0021154272835701704,-3.0610212263236177e-18
4.174,0.3,0.28973034024238586,0.012942874077725718,2.68599573879157e-17,0.0021152556873857975,-2.759408900289164e-18
4.175,0.3,0.2897311747074127,0.012942874077725718,2.6126542660879232e-17,0.0021150843240320683,-2.457846830133829e-18
4.176,0.3,0.28973203897476196,0.012942874077725718,2.533900219764097e-17,0.0021149127278476954,-2.108798378196867e-18
4.1770000000000005,0.3,0.2897328734397888,0.012942874077725718,2.4497339306923364e-17,0.002114741364493966,-1.7598081238706976e-18
4.178,0.3,0.2897337079048157,0.012942874077725718,2.360625072024449e-17,0.002114570001140237,-1.4267215668154355e-18
4.179,0.3,0.28973454236984253,0.012942874077725718,2.2679644652423813e-17,0.002114398404955864,-1.1412271427832197e-18
4.18,0.3,0.2897353768348694,0.012942874077725718,2.171766834161037e-17,0.0021142270416021347,-8.716258353164958e-19
4.181,0.3,0.28973621129989624,0.012942874077725718,2.0729612680444353e-17,0.0021140556782484055,-6.337605413866183e-19
4.182,0.3,0.2897370457649231,0.012942874077725718,1.9715570313154372e-17,0.002113884314894676,-4.117804321270925e-19
4.183,0.3,0.28973788022994995,0.012942874077725718,1.8684812280045918e-17,0.002113712951540947,-2.2152840685924356e-19
4.184,0.3,0.2897387146949768,0.012942874077725718,1.7646650980455115e-17,0.0021135415881872177,-4.7153638251850355e-20
4.1850000000000005,0.3,0.28973954916000366,0.012942874077725718,1.6614941689642226e-17,0.0021133702248334885,9.550097367554696e-20
4.186,0.3,0.28974035382270813,0.012942874077725718,1.5589767125668506e-17,0.002113198861479759,2.539773422869021e-19
4.187,0.3,0.289741188287735,0.012942874077725718,1.4580287486637367e-17,0.0021130277309566736,3.9658178843973637e-19
4.188,0.3,0.28974202275276184,0.012942874077725718,1.3604874453953611e-17,0.0021128563676029444,4.757802786546244e-19
4.189,0.3,0.2897428274154663,0.012942874077725718,1.2658956200371659e-17,0.002112685004249215,5.391200084179514e-19
4.19,0.3,0.28974366188049316,0.012942874077725718,1.1765493605334757e-17,0.002112513640895486,5.390670336302738e-19
4.191,0.3,0.28974446654319763,0.012942874077725718,1.0896815822991782e-17,0.0021123425103724003,5.390140469007092e-19
4.192,0.3,0.2897453010082245,0.012942874077725718,1.0066649088427438e-17,0.002112171147018671,4.91424459125244e-19
4.1930000000000005,0.3,0.28974610567092896,0.012942874077725718,9.274992574461113e-18,0.0021120000164955854,4.279972380906182e-19
4.194,0.3,0.2897469103336334,0.012942874077725718,8.535610566485688e-18,0.002111828653141856,3.328895182183514e-19
4.195,0.3,0.2897477447986603,0.012942874077725718,7.848443507497061e-18,0.0021116575226187706,2.2195211956670446e-19
4.196,0.3,0.28974854946136475,0.012942874077725718,7.213368147583961e-18,0.002111486392095685,7.934210242390704e-20
4.197,0.3,0.2897493541240692,0.012942874077725718,6.611853159483363e-18,0.0021113152615725994,-7.908967951946214e-20
4.198,0.3,0.2897501587867737,0.012942874077725718,6.034630811612222e-18,0.00211114389821887,-2.3749504798107883e-19
4.199,0.3,0.28975096344947815,0.012942874077725718,5.481626657715408e-18,0.0021109727676957846,-4.1171955220921616e-19
4.2,0.3,0.2897517681121826,0.012942874077725718,4.938973428413777e-18,0.002110801637172699,-5.859150143689931e-19
4.2010000000000005,0.3,0.2897525727748871,0.012942874077725718,4.406650444192014e-18,0.0021106305066496134,-7.600814409830831e-19
4.202,0.3,0.28975337743759155,0.012942874077725718,3.880047000315749e-18,0.002110459376126528,-9.183732955146783e-19
4.203,0.3,0.289754182100296,0.012942874077725718,3.3453692396852006e-18,0.002110288245603442,-1.0132565961635207e-18
4.204,0.3,0.2897549867630005,0.012942874077725718,2.821018622207224e-18,0.0021101171150803566,-1.0764329984286967e-18
4.205,0.3,0.28975576162338257,0.012942874077725718,2.3069053987853564e-18,0.0021099462173879147,-1.1395988739270146e-18
4.206,0.3,0.28975656628608704,0.012942874077725718,1.803062036258641e-18,0.002109775086864829,-1.171063114780969e-18
4.207,0.3,0.2897573709487915,0.012942874077725718,1.3232809441607872e-18,0.0021096039563417435,-1.1866765748372807e-18
4.208,0.3,0.2897581458091736,0.012942874077725718,8.67532964375202e-19,0.002109432825818658,-1.1705963535391839e-18
4.2090000000000005,0.3,0.28975895047187805,0.012942874077725718,4.542003765582867e-19,0.002109261928126216,-1.1386732573578456e-18
4.21,0.3,0.28975972533226013,0.012942874077725718,9.240098580706022e-20,0.0021090907976031303,-1.1067554904481903e-18
4.211,0.3,0.2897605299949646,0.012942874077725718,-2.179399126275487e-19,0.0021089198999106884,-1.0589974944950522e-18
4.212,0.3,0.2897613048553467,0.012942874077725718,-4.81442897948473e-19,0.002108748769387603,-9.320197512919164e-19
4.213,0.3,0.28976210951805115,0.012942874077725718,-6.936508108225472e-19,0.002108577871695161,-7.416809976489465e-19
4.214,0.3,0.2897628843784332,0.012942874077725718,-8.501063885190294e-19,0.002108406974002719,-5.038373423665306e-19
4.215,0.3,0.2897636592388153,0.012942874077725718,-9.55590373086958e-19,0.0021082358434796333,-2.3434224216263567e-19
4.216,0.3,0.2897644340991974,0.012942874077725718,-1.0147306849572024e-18,0.0021080649457871914,1.3018119779493088e-19
4.2170000000000005,0.3,0.28976520895957947,0.012942874077725718,-1.0323140632382421e-18,0.0021078940480947495,5.738715955359967e-19
4.218,0.3,0.28976601362228394,0.012942874077725718,-1.01775444368639e-18,0.0021077231504023075,1.0650246707307206e-18
4.219,0.3,0.289766788482666,0.012942874077725718,-9.941784520601333e-19,0.0021075522527098656,1.6353236095047998e-18
4.22,0.3,0.2897675633430481,0.012942874077725718,-9.709360210158886e-19,0.0021073813550174236,2.2530641265808753e-18
4.221,0.3,0.2897683382034302,0.012942874077725718,-9.481315821059908e-19,0.0021072104573249817,2.8707016862346867e-18
4.222,0.3,0.28976911306381226,0.012942874077725718,-9.166080391543246e-19,0.0021070395596325397,3.440699676990722e-18
4.223,0.3,0.28976985812187195,0.012942874077725718,-8.994223279527698e-19,0.002106868661940098,3.97891158234516e-18
4.224,0.3,0.28977063298225403,0.012942874077725718,-9.011480335057085e-19,0.002106697764247656,4.485342694271834e-18
4.225,0.3,0.2897714078426361,0.012942874077725718,-9.355592639757973e-19,0.0021065270993858576,4.975843861297166e-18
4.226,0.3,0.2897721827030182,0.012942874077725718,-1.0026366840162177e-18,0.0021063562016934156,5.418726652856753e-18
4.227,0.3,0.28977295756340027,0.012942874077725718,-1.1299204449413103e-18,0.0021061853040009737,5.861535634287782e-18
4.228,0.3,0.28977370262145996,0.012942874077725718,-1.3219363620750822e-18,0.0021060146391391754,6.2884252735457824e-18
4.229,0.3,0.28977447748184204,0.012942874077725718,-1.5601555896963458e-18,0.0021058437414467335,6.651861601348052e-18
4.23,0.3,0.28977522253990173,0.012942874077725718,-1.858254421860323e-18,0.002105673076584935,6.983546271525884e-18
4.231,0.3,0.2897759974002838,0.012942874077725718,-2.2068353630253757e-18,0.0021055021788924932,7.29933013054453e-18
4.232,0.3,0.2897767424583435,0.012942874077725718,-2.6149993644835416e-18,0.002105331514030695,7.615061356983017e-18
4.233,0.3,0.2897775173187256,0.012942874077725718,-3.073446021017581e-18,0.0021051608491688967,7.899048890674237e-18
4.234,0.3,0.2897782623767853,0.012942874077725718,-3.586703939686069e-18,0.0021049901843070984,8.135452457416472e-18
4.235,0.3,0.28977903723716736,0.012942874077725718,-4.150020967869887e-18,0.0021048192866146564,8.324280009473241e-18
4.236,0.3,0.28977978229522705,0.012942874077725718,-4.749418787192656e-18,0.002104648621752858,8.465539447285609e-18
4.237,0.3,0.28978052735328674,0.012942874077725718,-5.389418766882591e-18,0.00210447795689106,8.559238726807875e-18
4.238,0.3,0.28978127241134644,0.012942874077725718,-6.065297705642013e-18,0.0021043072920292616,8.605385774387506e-18
4.239,0.3,0.2897820472717285,0.012942874077725718,-6.76310354807899e-18,0.0021041366271674633,8.603988513448844e-18
4.24,0.3,0.2897827923297882,0.012942874077725718,-7.482689056044489e-18,0.002103965962305665,8.602591458620954e-18
4.241,0.3,0.2897835373878479,0.012942874077725718,-8.205644084235223e-18,0.0021037952974438667,8.537812472692506e-18
4.242,0.3,0.2897842824459076,0.012942874077725718,-8.927256598291783e-18,0.0021036246325820684,8.441353203722344e-18
4.243,0.3,0.2897850275039673,0.012942874077725718,-9.63365643370288e-18,0.002103454200550914,8.313218929460894e-18
4.244,0.3,0.289785772562027,0.012942874077725718,-1.0324779897561348e-17,0.0021032835356891155,8.200951556191516e-18
4.245,0.3,0.28978651762008667,0.012942874077725718,-1.0986885865531456e-17,0.0021031128708273172,8.057011808340283e-18
4.246,0.3,0.28978726267814636,0.012942874077725718,-1.1615373559046184e-17,0.0021029424387961626,7.897250505822663e-18
4.247,0.3,0.28978800773620605,0.012942874077725718,-1.2214890078786854e-17,0.0021027717739343643,7.737515827390481e-18
4.248,0.3,0.28978872299194336,0.012942874077725718,-1.2790087488518466e-17,0.0021026013419032097,7.593653310672514e-18
4.249,0.3,0.28978946805000305,0.012942874077725718,-1.3336426221039327e-17,0.0021024306770414114,7.449814796036823e-18
4.25,0.3,0.28979021310806274,0.012942874077725718,-1.386317648947432e-17,0.0021022602450102568,7.321845790100423e-18
4.251,0.3,0.28979095816612244,0.012942874077725718,-1.436579128199624e-17,0.0021020895801484585,7.193898103587423e-18
4.252,0.3,0.28979167342185974,0.012942874077725718,-1.4839726068319723e-17,0.002101919148117304,7.050126189453328e-18
4.253,0.3,0.28979241847991943,0.012942874077725718,-1.5280464442300227e-17,0.002101748716086149,6.8588416251213436e-18
4.2540000000000004,0.3,0.2897931635379791,0.012942874077725718,-1.570649554498954e-17,0.0021015782840549946,6.6358978464520494e-18
4.255,0.3,0.28979387879371643,0.012942874077725718,-1.613165810803567e-17,0.00210140785202384,6.397145672585447e-18
4.256,0.3,0.2897946238517761,0.012942874077725718,-1.6560536366393388e-17,0.0021012371871620417,6.158433306948499e-18
4.257,0.3,0.2897953391075134,0.012942874077725718,-1.7006922729596405e-17,0.002101066755130887,5.951451802529301e-18
4.258,0.3,0.2897960841655731,0.012942874077725718,-1.747086021103657e-17,0.002100896555930376,5.74450481166645e-18
4.259,0.3,0.2897967994213104,0.012942874077725718,-1.7966083317604718e-17,0.0021007261238992214,5.585128928323449e-18
4.26,0.3,0.28979751467704773,0.012942874077725718,-1.8483319354634126e-17,0.002100555691868067,5.473316251250677e-18
4.261,0.3,0.2897982597351074,0.012942874077725718,-1.9031736792034334e-17,0.002100385259836912,5.440749937840896e-18
4.2620000000000005,0.3,0.2897989749908447,0.012942874077725718,-1.9597483663267527e-17,0.0021002148278057575,5.471571204512917e-18
4.263,0.3,0.28979969024658203,0.012942874077725718,-2.0143692528432217e-17,0.002100044395774603,5.518232883217033e-18
4.264,0.3,0.28980040550231934,0.012942874077725718,-2.0679541783605294e-17,0.002099874196574092,5.644114501980923e-18
4.265,0.3,0.28980112075805664,0.012942874077725718,-2.1177433374829537e-17,0.0020997037645429373,5.817511765222787e-18
4.266,0.3,0.28980186581611633,0.012942874077725718,-2.1623564966403887e-17,0.0020995333325117826,6.070107833213562e-18
4.267,0.3,0.28980258107185364,0.012942874077725718,-2.1985828715671485e-17,0.0020993631333112717,6.354352858262304e-18
4.268,0.3,0.28980329632759094,0.012942874077725718,-2.224595385726226e-17,0.0020991929341107607,6.654396036883802e-18
4.269,0.3,0.28980401158332825,0.012942874077725718,-2.2399488505119453e-17,0.002099022502079606,7.0019258185746e-18
4.2700000000000005,0.3,0.28980472683906555,0.012942874077725718,-2.241903147427163e-17,0.002098852302879095,7.349397657301606e-18
4.271,0.3,0.28980544209480286,0.012942874077725718,-2.2304849116876036e-17,0.0020986818708479404,7.69681156152027e-18
4.272,0.3,0.28980615735054016,0.012942874077725718,-2.204799299306607e-17,0.0020985116716474295,8.028321997092324e-18
4.273,0.3,0.28980687260627747,0.012942874077725718,-2.1653330233565995e-17,0.0020983414724469185,8.35977715783111e-18
4.274,0.3,0.2898075580596924,0.012942874077725718,-2.1116542955578283e-17,0.0020981712732464075,8.675331510432244e-18
4.275,0.3,0.2898082733154297,0.012942874077725718,-2.0442494981104747e-17,0.0020980010740458965,8.99083321011909e-18
4.276,0.3,0.289808988571167,0.012942874077725718,-1.963604682342475e-17,0.0020978308748453856,9.322127844863986e-18
4.277,0.3,0.2898097038269043,0.012942874077725718,-1.8697469797779205e-17,0.0020976606756448746,9.669212787343187e-18
4.2780000000000005,0.3,0.2898103892803192,0.012942874077725718,-1.7613282514544726e-17,0.0020974904764443636,9.96870324073048e-18
4.279,0.3,0.2898111045360565,0.012942874077725718,-1.641602625901915e-17,0.0020973202772438526,1.0252298167309207e-17
4.28,0.3,0.2898118197917938,0.012942874077725718,-1.511515074252028e-17,0.0020971500780433416,1.0520000285054952e-17
4.281,0.3,0.28981250524520874,0.012942874077725718,-1.3710959540332924e-17,0.0020969798788428307,1.0708430080228505e-17
4.282,0.3,0.28981322050094604,0.012942874077725718,-1.2240478911036182e-17,0.0020968099124729633,1.0865137329488454e-17
4.283,0.3,0.28981390595436096,0.012942874077725718,-1.0740750002460177e-17,0.0020966397132724524,1.1005972947609642e-17
4.284,0.3,0.28981462121009827,0.012942874077725718,-9.239580145257105e-18,0.0020964695140719414,1.109924842717759e-17
4.285,0.3,0.2898153066635132,0.012942874077725718,-7.759988948693703e-18,0.002096299547702074,1.1176662860430353e-17
4.2860000000000005,0.3,0.2898160219192505,0.012942874077725718,-6.29276741101042e-18,0.002096129348501563,1.1190682193413878e-17
4.287,0.3,0.2898167073726654,0.012942874077725718,-4.8563310541845225e-18,0.0020959593821316957,1.114131706894746e-17
4.288,0.3,0.2898174226284027,0.012942874077725718,-3.48283652452901e-18,0.0020957891829311848,1.1076114616464526e-17
4.289,0.3,0.2898181080818176,0.012942874077725718,-2.1676377553383253e-18,0.0020956192165613174,1.0931695370568383e-17
4.29,0.3,0.28981879353523254,0.012942874077725718,-9.427760012300162e-19,0.00209544925019145,1.0787300188244945e-17
4.291,0.3,0.28981950879096985,0.012942874077725718,2.0116277694980678e-19,0.002095279050990939,1.0642929067552161e-17
4.292,0.3,0.28982019424438477,0.012942874077725718,1.268983257789158e-18,0.002095109084621072,1.0514427597772889e-17
4.293,0.3,0.2898208796977997,0.012942874077725718,2.2884845001341068e-18,0.0020949391182512045,1.03701019921154e-17
4.2940000000000005,0.3,0.2898215651512146,0.012942874077725718,3.2874800384914427e-18,0.002094769151881337,1.0209954885661125e-17
4.295,0.3,0.2898222804069519,0.012942874077725718,4.261476524376201e-18,0.00209459918551147,1.0081525542740842e-17
4.296,0.3,0.2898229658603668,0.012942874077725718,5.242785700466234e-18,0.0020944292191416025,9.953117635148306e-18
4.297,0.3,0.28982365131378174,0.012942874077725718,6.2544296575701185e-18,0.002094259252771735,9.79304002328876e-18
4.298,0.3,0.28982433676719666,0.012942874077725718,7.310195428547581e-18,0.002094089286401868,9.585452440633588e-18
4.299,0.3,0.2898250222206116,0.012942874077725718,8.414639537802871e-18,0.0020939193200320005,9.330362803651584e-18
4.3,0.3,0.2898257076740265,0.012942874077725718,9.576951548351145e-18,0.002093749586492777,9.043624570384318e-18
4.301,0.3,0.2898263931274414,0.012942874077725718,1.0797085138078101e-17,0.0020935796201229095,8.756934101337682e-18
4.3020000000000005,0.3,0.2898270785808563,0.012942874077725718,1.2088730146121491e-17,0.0020934096537530422,8.438600301607727e-18
4.303,0.3,0.28982776403427124,0.012942874077725718,1.3456431929947295e-17,0.002093239687383175,8.120319531767258e-18
4.304,0.3,0.28982844948768616,0.012942874077725718,1.490463162226431e-17,0.0020930699538439512,7.786246242563703e-18
4.305,0.3,0.2898291349411011,0.012942874077725718,1.642399035395681e-17,0.002092899987474084,7.468074155388545e-18
4.306,0.3,0.289829820394516,0.012942874077725718,1.8023552517842452e-17,0.0020927302539348602,7.134109536846963e-18
4.307,0.3,0.2898304760456085,0.012942874077725718,1.9703155986521176e-17,0.002092560287564993,6.784355021968889e-18
4.308,0.3,0.28983116149902344,0.012942874077725718,2.1448882619006163e-17,0.0020923905540257692,6.466349792205391e-18
4.309,0.3,0.28983184695243835,0.012942874077725718,2.3242130777682322e-17,0.0020922208204865456,6.195934191466048e-18
4.3100000000000005,0.3,0.28983253240585327,0.012942874077725718,2.5073521888764526e-17,0.0020920508541166782,5.957254753845111e-18
4.311,0.3,0.2898331880569458,0.012942874077725718,2.6929136156904733e-17,0.0020918811205774546,5.7661517403533384e-18
4.312,0.3,0.2898338735103607,0.012942874077725718,2.87950405518651e-17,0.002091711387038231,5.62261713634073e-18
4.313,0.3,0.28983455896377563,0.012942874077725718,3.065271615409179e-17,0.0020915416534990072,5.526643115357786e-18
4.314,0.3,0.28983524441719055,0.012942874077725718,3.248371021847997e-17,0.0020913719199597836,5.494067301293163e-18
4.315,0.3,0.2898359000682831,0.012942874077725718,3.4274129419461195e-17,0.00209120218642056,5.493188047000718e-18
4.316,0.3,0.289836585521698,0.012942874077725718,3.598717414594421e-17,0.002091032452881336,5.5715366156742204e-18
4.317,0.3,0.2898372411727905,0.012942874077725718,3.7618228730110974e-17,0.0020908627193421125,5.6657177239048095e-18
4.3180000000000005,0.3,0.28983792662620544,0.012942874077725718,3.915359175229515e-17,0.002090692985802889,5.775728655318005e-18
4.319,0.3,0.289838582277298,0.012942874077725718,4.0579591571332467e-17,0.002090523252263665,5.901566855208629e-18
4.32,0.3,0.2898392677307129,0.012942874077725718,4.1887225153435894e-17,0.0020903535187244415,6.0590751588495195e-18
4.321,0.3,0.2898399233818054,0.012942874077725718,4.307208528030175e-17,0.0020901840180158615,6.248248358248071e-18
4.322,0.3,0.28984060883522034,0.012942874077725718,4.4143611737080494e-17,0.002090014284476638,6.4532355702838305e-18
4.323,0.3,0.28984126448631287,0.012942874077725718,4.5092854429544296e-17,0.002089844550937414,6.721570845975588e-18
4.324,0.3,0.2898419499397278,0.012942874077725718,4.5929266377733416e-17,0.002089675050228834,7.05324357568597e-18
4.325,0.3,0.2898426055908203,0.012942874077725718,4.66621682527901e-17,0.0020895053166896105,7.384861080513417e-18
4.3260000000000005,0.3,0.28984326124191284,0.012942874077725718,4.728257687326202e-17,0.0020893358159810305,7.74811441147416e-18
4.327,0.3,0.28984394669532776,0.012942874077725718,4.780914350760103e-17,0.0020891663152724504,8.127152753540373e-18
4.328,0.3,0.2898446023464203,0.012942874077725718,4.826049957192426e-17,0.0020889965817332268,8.506127965153094e-18
4.329,0.3,0.2898452579975128,0.012942874077725718,4.8645972354818874e-17,0.0020888270810246468,8.853348939364348e-18
4.33,0.3,0.28984591364860535,0.012942874077725718,4.8956548896330484e-17,0.0020886575803160667,9.216357601049111e-18
4.331,0.3,0.28984659910202026,0.012942874077725718,4.91923747802469e-17,0.002088487846776843,9.595151317370502e-18
4.332,0.3,0.2898472547531128,0.012942874077725718,4.937669709050332e-17,0.002088318346068263,1.0005573011781591e-17
4.333,0.3,0.2898479104042053,0.012942874077725718,4.954191152860976e-17,0.002088148845359683,1.0431771844031298e-17
4.3340000000000005,0.3,0.28984856605529785,0.012942874077725718,4.9711063346431954e-17,0.002087979344651103,1.082620854743052e-17
4.335,0.3,0.2898492217063904,0.012942874077725718,4.992109773884897e-17,0.002087809843942523,1.1188888404213037e-17
4.336,0.3,0.2898498773574829,0.012942874077725718,5.019048730330034e-17,0.002087640343233943,1.1551507783407692e-17
4.337,0.3,0.2898505628108978,0.012942874077725718,5.0560587761691264e-17,0.002087470842525363,1.1866530056018806e-17
4.338,0.3,0.28985121846199036,0.012942874077725718,5.1022187630720355e-17,0.0020873015746474266,1.2244881986511327e-17
4.339,0.3,0.2898518741130829,0.012942874077725718,5.160268644099782e-17,0.0020871320739388466,1.2639016356893682e-17
4.34,0.3,0.2898525297641754,0.012942874077725718,5.2306441779990584e-17,0.0020869625732302666,1.3033084996389522e-17
4.341,0.3,0.28985318541526794,0.012942874077725718,5.312390136598489e-17,0.0020867930725216866,1.3379551291654925e-17
4.3420000000000005,0.3,0.2898538410663605,0.012942874077725718,5.402723222572955e-17,0.00208662380464375,1.3725959809448801e-17
4.343,0.3,0.289854496717453,0.012942874077725718,5.5025387762174836e-17,0.00208645430393517,1.4008928391589137e-17
4.344,0.3,0.28985515236854553,0.012942874077725718,5.609514074372026e-17,0.002086285036057234,1.422846762429544e-17
4.345,0.3,0.28985580801963806,0.012942874077725718,5.718555669696727e-17,0.002086115535348654,1.4384588092509055e-17
4.346,0.3,0.2898564636707306,0.012942874077725718,5.827355728282562e-17,0.0020859462674707174,1.447730037398394e-17
4.347,0.3,0.28985708951950073,0.012942874077725718,5.934069306491293e-17,0.0020857767667621374,1.4506615044901223e-17
4.348,0.3,0.28985774517059326,0.012942874077725718,6.035936268054953e-17,0.002085607498884201,1.4488388171239892e-17
4.349,0.3,0.2898584008216858,0.012942874077725718,6.130659697848605e-17,0.0020854382310062647,1.4422627742353176e-17
4.3500000000000005,0.3,0.2898590564727783,0.012942874077725718,6.21825216901756e-17,0.0020852687302976847,1.4293496145052835e-17
4.351,0.3,0.28985971212387085,0.012942874077725718,6.295964794950182e-17,0.0020850994624197483,1.4116849492903923e-17
4.352,0.3,0.2898603677749634,0.012942874077725718,6.362432396763513e-17,0.002084930194541812,1.3892695704739303e-17
4.353,0.3,0.2898609936237335,0.012942874077725718,6.417688061682056e-17,0.0020847609266638756,1.3668579320738944e-17
4.354,0.3,0.28986164927482605,0.012942874077725718,6.463601217890179e-17,0.002084591658785939,1.3444500300996226e-17
4.355,0.3,0.2898623049259186,0.012942874077725718,6.505256048304879e-17,0.002084422390908003,1.3141230939197365e-17
4.356,0.3,0.2898629605770111,0.012942874077725718,6.544516687154606e-17,0.0020842531230300665,1.2774629963232671e-17
4.357,0.3,0.28986358642578125,0.012942874077725718,6.58325256262373e-17,0.00208408385515213,1.2423935633664779e-17
4.358,0.3,0.2898642420768738,0.012942874077725718,6.623764560304127e-17,0.0020839145872741938,1.2057454184561038e-17
4.359,0.3,0.2898648977279663,0.012942874077725718,6.666525165761688e-17,0.002083745552226901,1.1738570432516219e-17
4.36,0.3,0.28986552357673645,0.012942874077725718,6.713374690423221e-17,0.0020835762843489647,1.1483121981392001e-17
4.361,0.3,0.289866179227829,0.012942874077725718,6.767068638345263e-17,0.0020834070164710283,1.1259407140472195e-17
4.362,0.3,0.2898668348789215,0.012942874077725718,6.826211390398315e-17,0.0020832379814237356,1.1099111741861918e-17
4.363,0.3,0.28986746072769165,0.012942874077725718,6.888945429798826e-17,0.0020830687135457993,1.1018070767656268e-17
4.364,0.3,0.2898681163787842,0.012942874077725718,6.954788344813557e-17,0.0020828996784985065,1.0968734347702224e-17
4.365,0.3,0.2898687422275543,0.012942874077725718,7.022806413967058e-17,0.00208273041062057,1.0935251697025758e-17
4.366,0.3,0.28986939787864685,0.012942874077725718,7.092531783904868e-17,0.0020825613755732775,1.0917620136264789e-17
4.367,0.3,0.289870023727417,0.012942874077725718,7.162579423409328e-17,0.002082392107695341,1.0931682612328052e-17
4.368,0.3,0.2898706793785095,0.012942874077725718,7.231103065353221e-17,0.0020822230726480484,1.1009124894937062e-17
4.369,0.3,0.28987133502960205,0.012942874077725718,7.296713708051947e-17,0.0020820540376007557,1.113409092769393e-17
4.37,0.3,0.2898719608783722,0.012942874077725718,7.358948130362477e-17,0.002081885002553463,1.1259036170520592e-17
4.371,0.3,0.28987258672714233,0.012942874077725718,7.412738692980065e-17,0.0020817157346755266,1.1431497235903074e-17
4.372,0.3,0.28987324237823486,0.012942874077725718,7.455781201590384e-17,0.002081546699628234,1.1603929588824572e-17
4.373,0.3,0.289873868227005,0.012942874077725718,7.486722388711298e-17,0.002081377664580941,1.1823869896413291e-17
4.374,0.3,0.28987452387809753,0.012942874077725718,7.506032092930736e-17,0.0020812086295336485,1.2027928049077398e-17
4.375,0.3,0.2898751497268677,0.012942874077725718,7.51327687160772e-17,0.0020810395944863558,1.223195225284652e-17
4.376,0.3,0.2898758053779602,0.012942874077725718,7.509399710640562e-17,0.002080870559439063,1.2420096958495317e-17
4.377,0.3,0.28987643122673035,0.012942874077725718,7.493965843899302e-17,0.002080701757222414,1.2608210360321904e-17
4.378,0.3,0.2898770570755005,0.012942874077725718,7.467916933793272e-17,0.0020805327221751213,1.2764601376325497e-17
4.3790000000000004,0.3,0.289877712726593,0.012942874077725718,7.431277464868603e-17,0.0020803636871278286,1.2905120838406427e-17
4.38,0.3,0.28987833857536316,0.012942874077725718,7.384073906904897e-17,0.002080194652080536,1.3061462456989398e-17
4.381,0.3,0.2898789644241333,0.012942874077725718,7.330475911933911e-17,0.002080025849863887,1.3186086965909826e-17
4.382,0.3,0.28987962007522583,0.012942874077725718,7.274647838031482e-17,0.002079856814816594,1.3247308552588932e-17
4.383,0.3,0.28988024592399597,0.012942874077725718,7.217072096930851e-17,0.0020796877797693014,1.3308519927547413e-17
4.384,0.3,0.2898808717727661,0.012942874077725718,7.160053544690836e-17,0.0020795189775526524,1.3338030016689353e-17
4.385,0.3,0.28988152742385864,0.012942874077725718,7.105446389372535e-17,0.0020793501753360033,1.336753518051361e-17
4.386,0.3,0.2898821532726288,0.012942874077725718,7.054169132328128e-17,0.0020791811402887106,1.3397035396326454e-17
4.3870000000000005,0.3,0.2898827791213989,0.012942874077725718,7.007139613165303e-17,0.0020790123380720615,1.3426530674504015e-17
4.388,0.3,0.28988340497016907,0.012942874077725718,6.967119291641008e-17,0.0020788435358554125,1.3456021001547074e-17
4.389,0.3,0.2898840606212616,0.012942874077725718,6.935945170459599e-17,0.0020786745008081198,1.3501351909720855e-17
4.39,0.3,0.28988468647003174,0.012942874077725718,6.914064588896347e-17,0.0020785056985914707,1.3594211836461124e-17
4.391,0.3,0.2898853123188019,0.012942874077725718,6.901922900993048e-17,0.0020783368963748217,1.3750438404355306e-17
4.392,0.3,0.289885938167572,0.012942874077725718,6.899035709782993e-17,0.0020781680941581726,1.3985866590257216e-17
4.393,0.3,0.28988656401634216,0.012942874077725718,6.906766870660159e-17,0.0020779992919415236,1.4284637642707074e-17
4.394,0.3,0.2898872196674347,0.012942874077725718,6.926471636340152e-17,0.0020778304897248745,1.463089545959047e-17
4.3950000000000005,0.3,0.28988784551620483,0.012942874077725718,6.95857749376354e-17,0.0020776616875082254,1.4961249988308657e-17
4.396,0.3,0.289888471364975,0.012942874077725718,6.999835939228705e-17,0.0020774928852915764,1.5323240492359178e-17
4.397,0.3,0.2898890972137451,0.012942874077725718,7.050216532489105e-17,0.0020773240830749273,1.5653479531402563e-17
4.398,0.3,0.28988972306251526,0.012942874077725718,7.10739787387367e-17,0.0020771552808582783,1.598366348888816e-17
4.399,0.3,0.2898903489112854,0.012942874077725718,7.171362096281171e-17,0.002076986711472273,1.6282101292557234e-17
4.4,0.3,0.28989097476005554,0.012942874077725718,7.239795079229928e-17,0.002076817909255624,1.6580489324148042e-17
4.401,0.3,0.28989163041114807,0.012942874077725718,7.3136034126713e-17,0.0020766491070389748,1.684713650818746e-17
4.402,0.3,0.2898922562599182,0.012942874077725718,7.392776508693445e-17,0.0020764805376529694,1.7050357105007593e-17
4.4030000000000005,0.3,0.28989288210868835,0.012942874077725718,7.474998261581216e-17,0.0020763117354363203,1.7206007189756673e-17
4.404,0.3,0.2898935079574585,0.012942874077725718,7.559336935092633e-17,0.002076143166050315,1.7282403613968852e-17
4.405,0.3,0.28989413380622864,0.012942874077725718,7.643023790281358e-17,0.002075974363833666,1.7295405142099623e-17
4.406,0.3,0.2898947596549988,0.012942874077725718,7.721918291873195e-17,0.0020758057944476604,1.730840452186432e-17
4.407,0.3,0.2898953855037689,0.012942874077725718,7.798322648949003e-17,0.002075637225061655,1.7226328496208557e-17
4.408,0.3,0.28989601135253906,0.012942874077725718,7.870866388669904e-17,0.002075468422845006,1.7080884001777666e-17
4.409,0.3,0.2898966372013092,0.012942874077725718,7.93771978752093e-17,0.0020752998534590006,1.6919618231828108e-17
4.41,0.3,0.28989726305007935,0.012942874077725718,8.0002771411426e-17,0.002075131284072995,1.6710842732416105e-17
4.4110000000000005,0.3,0.2898978888988495,0.012942874077725718,8.059475479732815e-17,0.00207496271468699,1.6470410960019704e-17
4.412,0.3,0.28989851474761963,0.012942874077725718,8.115326714692395e-17,0.0020747941453009844,1.6230019276042515e-17
4.413,0.3,0.28989914059638977,0.012942874077725718,8.167379536279132e-17,0.002074625575914979,1.600551321808958e-17
4.414,0.3,0.2898997664451599,0.012942874077725718,8.216557739801125e-17,0.0020744570065289736,1.5765199049538153e-17
4.415,0.3,0.28990039229393005,0.012942874077725718,8.263791738011373e-17,0.002074288437142968,1.550907940164151e-17
4.416,0.3,0.2899010181427002,0.012942874077725718,8.309090795332737e-17,0.0020741198677569628,1.5253002451205865e-17
4.417,0.3,0.28990164399147034,0.012942874077725718,8.353374074861886e-17,0.0020739512983709574,1.4965277100355808e-17
4.418,0.3,0.2899022698402405,0.012942874077725718,8.3966561349776e-17,0.0020737829618155956,1.4693445250663597e-17
4.4190000000000005,0.3,0.2899028956890106,0.012942874077725718,8.440773316639749e-17,0.0020736143924295902,1.4374122075170426e-17
4.42,0.3,0.28990352153778076,0.012942874077725718,8.485734222526701e-17,0.002073445823043585,1.405485211324528e-17
4.421,0.3,0.2899041473865509,0.012942874077725718,8.533839076485845e-17,0.002073277486488223,1.3688098720079517e-17
4.422,0.3,0.28990477323532104,0.012942874077725718,8.58554712919327e-17,0.0020731089171022177,1.3289715347776083e-17
4.423,0.3,0.2899053990840912,0.012942874077725718,8.640861689371426e-17,0.002072940580546856,1.2891398352232996e-17
4.424,0.3,0.28990599513053894,0.012942874077725718,8.699772169108472e-17,0.0020727720111608505,1.2493147724516634e-17
4.425,0.3,0.2899066209793091,0.012942874077725718,8.758591989850383e-17,0.0020726036746054888,1.2190036687067619e-17
4.426,0.3,0.2899072468280792,0.012942874077725718,8.818229726781986e-17,0.0020724351052194834,1.1918667244834146e-17
4.4270000000000005,0.3,0.28990787267684937,0.012942874077725718,8.878684718158792e-17,0.0020722667686641216,1.1679034107299966e-17
4.428,0.3,0.2899084985256195,0.012942874077725718,8.940412905934439e-17,0.00207209843210876,1.14711319846921e-17
4.429,0.3,0.28990912437438965,0.012942874077725718,9.002952392454878e-17,0.002071930095553398,1.1310801139787104e-17
4.43,0.3,0.2899097502231598,0.012942874077725718,9.063069232397272e-17,0.0020717615261673927,1.1229724741215996e-17
4.431,0.3,0.28991037607192993,0.012942874077725718,9.120302189852061e-17,0.002071593189612031,1.1212044041688809e-17
4.432,0.3,0.2899109721183777,0.012942874077725718,9.173267557090566e-17,0.0020714248530566692,1.1273594023832486e-17
4.433,0.3,0.2899115979671478,0.012942874077725718,9.221508068670169e-17,0.0020712565165013075,1.13985159153735e-17
4.434,0.3,0.28991222381591797,0.012942874077725718,9.26363869337321e-17,0.0020710881799459457,1.1555108109346335e-17
4.4350000000000005,0.3,0.2899128496646881,0.012942874077725718,9.29920878320197e-17,0.0020709200762212276,1.1759210866691523e-17
4.436,0.3,0.28991347551345825,0.012942874077725718,9.330075193195509e-17,0.002070751739665866,1.1994970717981675e-17
4.437,0.3,0.2899141013622284,0.012942874077725718,9.357628910271895e-17,0.002070583403110504,1.2246536835974937e-17
4.438,0.3,0.28991472721099854,0.012942874077725718,9.384178760956887e-17,0.0020704150665551424,1.2482215494325071e-17
4.439,0.3,0.2899153232574463,0.012942874077725718,9.409268803296846e-17,0.0020702467299997807,1.2717854883889316e-17
4.44,0.3,0.28991594910621643,0.012942874077725718,9.43335961145684e-17,0.0020700786262750626,1.2937609443901632e-17
4.441,0.3,0.2899165749549866,0.012942874077725718,9.455996566972211e-17,0.002069910289719701,1.3157327389520126e-17
4.442,0.3,0.2899172008037567,0.012942874077725718,9.477184302054389e-17,0.0020697421859949827,1.3377008726847432e-17
4.4430000000000005,0.3,0.28991782665252686,0.012942874077725718,9.499217746594842e-17,0.002069573849439621,1.3517425744856919e-17
4.444,0.3,0.2899184226989746,0.012942874077725718,9.52118170796384e-17,0.002069405745714903,1.3594437200312516e-17
4.445,0.3,0.28991904854774475,0.012942874077725718,9.542157023064715e-17,0.002069237409159541,1.3623899186777063e-17
4.446,0.3,0.2899196743965149,0.012942874077725718,9.562609560018456e-17,0.002069069305434823,1.3589974104081573e-17
4.447,0.3,0.28992030024528503,0.012942874077725718,9.582084700360404e-17,0.002068901201710105,1.3524363599691587e-17
4.448,0.3,0.2899209260940552,0.012942874077725718,9.60059038502444e-17,0.002068733097985387,1.345876403596485e-17
4.449,0.3,0.28992152214050293,0.012942874077725718,9.619971557648803e-17,0.002068564761430025,1.3361484316357384e-17
4.45,0.3,0.28992214798927307,0.012942874077725718,9.640237482656352e-17,0.002068396657705307,1.3280066329991521e-17
4.4510000000000005,0.3,0.2899227738380432,0.012942874077725718,9.661383527835658e-17,0.002068228553980589,1.3214507451038575e-17
4.452,0.3,0.28992339968681335,0.012942874077725718,9.68340704620876e-17,0.002068060450255871,1.3164805036810652e-17
4.453,0.3,0.2899240255355835,0.012942874077725718,9.706306714286678e-17,0.0020678923465311527,1.3130956444834214e-17
4.454,0.3,0.28992462158203125,0.012942874077725718,9.73099772469914e-17,0.0020677242428064346,1.3081267945386001e-17
4.455,0.3,0.2899252474308014,0.012942874077725718,9.757016856303118e-17,0.00206755637191236,1.303158770101634e-17
4.456,0.3,0.28992587327957153,0.012942874077725718,9.784364770843102e-17,0.002067388268187642,1.2981915731515762e-17
4.457,0.3,0.2899264991283417,0.012942874077725718,9.81257692368708e-17,0.002067220164462924,1.2948097579655195e-17
4.458,0.3,0.28992709517478943,0.012942874077725718,9.842569830953763e-17,0.002067052060738206,1.2898439515771273e-17
4.4590000000000005,0.3,0.28992772102355957,0.012942874077725718,9.87388225673359e-17,0.0020668841898441315,1.284878969981635e-17
4.46,0.3,0.2899283468723297,0.012942874077725718,9.906510892304112e-17,0.0020667160861194134,1.2799148154456207e-17
4.461,0.3,0.28992897272109985,0.012942874077725718,9.940913003107947e-17,0.0020665479823946953,1.273366933811411e-17
4.462,0.3,0.2899295687675476,0.012942874077725718,9.976162146859037e-17,0.002066380111500621,1.2652355893407169e-17
4.463,0.3,0.28993019461631775,0.012942874077725718,1.001317483967609e-16,0.0020662120077759027,1.2523519351138616e-17
4.464,0.3,0.2899308204650879,0.012942874077725718,1.0049648872478248e-16,0.0020660441368818283,1.2378858751405922e-17
4.465,0.3,0.28993144631385803,0.012942874077725718,1.0085121685866972e-16,0.002065876265987754,1.221837673761677e-17
4.466,0.3,0.2899320423603058,0.012942874077725718,1.0118210895602563e-16,0.0020657081622630358,1.204207595359095e-17
4.4670000000000005,0.3,0.2899326682090759,0.012942874077725718,1.0147999985566313e-16,0.0020655402913689613,1.1849959019366388e-17
4.468,0.3,0.28993329405784607,0.012942874077725718,1.0173113188963423e-16,0.002065372420474887,1.1673719681573175e-17
4.469,0.3,0.2899339199066162,0.012942874077725718,1.0195398758154582e-16,0.0020652045495808125,1.1449973122470585e-17
4.47,0.3,0.28993451595306396,0.012942874077725718,1.0212559116270362e-16,0.002065036678686738,1.1210418350851982e-17
4.471,0.3,0.2899351418018341,0.012942874077725718,1.0222767848518246e-16,0.0020648688077926636,1.1018440160429237e-17
4.472,0.3,0.28993576765060425,0.012942874077725718,1.0229260223710052e-16,0.002064700936898589,1.0810648453633237e-17
4.473,0.3,0.2899363934993744,0.012942874077725718,1.0231584270359081e-16,0.0020645330660045147,1.0602891408965144e-17
4.474,0.3,0.28993698954582214,0.012942874077725718,1.0229747929399214e-16,0.0020643651951104403,1.0395169019676602e-17
4.4750000000000005,0.3,0.2899376153945923,0.012942874077725718,1.0222381389736061e-16,0.002064197324216366,1.0235017903535258e-17
4.476,0.3,0.2899382412433624,0.012942874077725718,1.0211796786617833e-16,0.0020640294533222914,1.0090739041454795e-17
4.477,0.3,0.28993886709213257,0.012942874077725718,1.0198463296887968e-16,0.002063861582428217,9.962329782774145e-18
4.478,0.3,0.2899394631385803,0.012942874077725718,1.0182387537991367e-16,0.002063693944364786,9.881478562069565e-18
4.479,0.3,0.28994008898735046,0.012942874077725718,1.01649604968461e-16,0.0020635260734707117,9.84817744324737e-18
4.48,0.3,0.2899407148361206,0.012942874077725718,1.0149406192607653e-16,0.002063358435407281,9.799036321057291e-18
4.481,0.3,0.28994134068489075,0.012942874077725718,1.0135258095410546e-16,0.0020631905645132065,9.749903379650137e-18
4.482,0.3,0.2899419367313385,0.012942874077725718,1.012251752874376e-16,0.0020630229264497757,9.70077861791326e-18
4.483,0.3,0.28994256258010864,0.012942874077725718,1.0111181183884843e-16,0.0020628550555557013,9.651662031632614e-18
4.484,0.3,0.2899431884288788,0.012942874077725718,1.0101243766877876e-16,0.0020626874174922705,9.60255362382981e-18
4.485,0.3,0.2899438142776489,0.012942874077725718,1.0091783467648229e-16,0.002062519546598196,9.56929894220586e-18
4.486,0.3,0.28994444012641907,0.012942874077725718,1.0081414593233754e-16,0.0020623519085347652,9.567740894899208e-18
4.487,0.3,0.2899450361728668,0.012942874077725718,1.0069214010070842e-16,0.0020621842704713345,9.597874206950992e-18
4.488,0.3,0.28994566202163696,0.012942874077725718,1.0053338098010235e-16,0.0020620166324079037,9.675539148170142e-18
4.489,0.3,0.2899462878704071,0.012942874077725718,1.0033786857051931e-16,0.002061848994344473,9.753191172226716e-18
4.49,0.3,0.28994691371917725,0.012942874077725718,1.0011023508338962e-16,0.002061681356281042,9.81498473671706e-18
4.491,0.3,0.289947509765625,0.012942874077725718,9.984136829708538e-17,0.0020615137182176113,9.892613572000904e-18
4.492,0.3,0.28994813561439514,0.012942874077725718,9.95405657216917e-17,0.0020613460801541805,9.9543839564294e-18
4.493,0.3,0.2899487614631653,0.012942874077725718,9.920785382698817e-17,0.0020611784420907497,1.0000298528206557e-17
4.494,0.3,0.2899493873119354,0.012942874077725718,9.883873936788741e-17,0.002061010804027319,1.0046205473198436e-17
4.495,0.3,0.2899499833583832,0.012942874077725718,9.843787440815441e-17,0.002060843165963888,1.0076259248088992e-17
4.496,0.3,0.2899506092071533,0.012942874077725718,9.799614672616129e-17,0.0020606755279004574,1.0122153595675444e-17
4.497,0.3,0.28995123505592346,0.012942874077725718,9.751823485545266e-17,0.0020605081226676702,1.0168040319386092e-17
4.498,0.3,0.2899518609046936,0.012942874077725718,9.70087710074588e-17,0.0020603404846042395,1.0198073875571997e-17
4.499,0.3,0.28995248675346375,0.012942874077725718,9.645867604777633e-17,0.0020601728465408087,1.0243947993648823e-17
4.5,0.3,0.2899530827999115,0.012942874077725718,9.586799629851956e-17,0.0020600054413080215,1.030566003306552e-17
4.501,0.3,0.28995370864868164,0.012942874077725718,9.524600279999399e-17,0.0020598378032445908,1.0351516288236189e-17
4.502,0.3,0.2899543344974518,0.012942874077725718,9.458816921988772e-17,0.0020596703980118036,1.0397364924178089e-17
4.503,0.3,0.2899549603462219,0.012942874077725718,9.389456173264975e-17,0.002059502759948373,1.0443205941420137e-17
4.5040000000000004,0.3,0.28995558619499207,0.012942874077725718,9.317445799603049e-17,0.0020593353547155857,1.045734824771816e-17
4.505,0.3,0.2899561822414398,0.012942874077725718,9.244635376852661e-17,0.0020591679494827986,1.0423951573902313e-17
4.506,0.3,0.28995680809020996,0.012942874077725718,9.170575580505074e-17,0.0020590005442500114,1.0390560501357103e-17
4.507,0.3,0.2899574339389801,0.012942874077725718,9.095727646469845e-17,0.0020588329061865807,1.0341329452589043e-17
4.508,0.3,0.28995805978775024,0.012942874077725718,9.021018678777526e-17,0.0020586655009537935,1.0276261063947437e-17
4.509,0.3,0.2899586856365204,0.012942874077725718,8.946448677428116e-17,0.0020584980957210064,1.0195357971762555e-17
4.51,0.3,0.28995928168296814,0.012942874077725718,8.872482848798114e-17,0.0020583306904882193,1.0114468356346578e-17
4.511,0.3,0.2899599075317383,0.012942874077725718,8.79957912007463e-17,0.002058163285255432,1.0017746699445502e-17
4.5120000000000005,0.3,0.2899605333805084,0.012942874077725718,8.727278240581575e-17,0.002057995880022645,9.936886696006215e-18
4.513,0.3,0.28996115922927856,0.012942874077725718,8.656498711671128e-17,0.0020578287076205015,9.840194612368204e-18
4.514,0.3,0.2899617850780487,0.012942874077725718,8.587698460530398e-17,0.0020576613023877144,9.727673080345761e-18
4.515,0.3,0.28996241092681885,0.012942874077725718,8.521802605956463e-17,0.0020574938971549273,9.615170277566656e-18
4.516,0.3,0.2899630069732666,0.012942874077725718,8.458804530504425e-17,0.00205732649192214,9.50268620171556e-18
4.517,0.3,0.28996363282203674,0.012942874077725718,8.398696954984891e-17,0.0020571593195199966,9.390220873352472e-18
4.518,0.3,0.2899642586708069,0.012942874077725718,8.340098818647145e-17,0.0020569919142872095,9.325310902525667e-18
4.519,0.3,0.289964884519577,0.012942874077725718,8.282994239623424e-17,0.0020568245090544224,9.260411740080549e-18
4.5200000000000005,0.3,0.28996551036834717,0.012942874077725718,8.225540259508961e-17,0.002056657336652279,9.227214477921277e-18
4.521,0.3,0.2899661362171173,0.012942874077725718,8.166354494064057e-17,0.0020564899314194918,9.257404927967805e-18
4.522,0.3,0.28996676206588745,0.012942874077725718,8.10589023826439e-17,0.0020563227590173483,9.287590354660907e-18
4.523,0.3,0.2899673581123352,0.012942874077725718,8.043688241433873e-17,0.002056155586615205,9.333616303342053e-18
4.524,0.3,0.28996798396110535,0.012942874077725718,7.980211062971044e-17,0.0020559881813824177,9.379634613904493e-18
4.525,0.3,0.2899686098098755,0.012942874077725718,7.915004746155733e-17,0.002055821008980274,9.44149080799485e-18
4.526,0.3,0.28996923565864563,0.012942874077725718,7.848527218175052e-17,0.0020556538365781307,9.503336701376353e-18
4.527,0.3,0.28996986150741577,0.012942874077725718,7.78032452230883e-17,0.0020554866641759872,9.581017839676512e-18
4.5280000000000005,0.3,0.2899704873561859,0.012942874077725718,7.710857894466626e-17,0.0020553194917738438,9.65868603947053e-18
4.529,0.3,0.28997111320495605,0.012942874077725718,7.640129319881912e-17,0.0020551523193717003,9.73634130307222e-18
4.53,0.3,0.2899717390537262,0.012942874077725718,7.567681533112068e-17,0.002054985146969557,9.829829177174124e-18
4.531,0.3,0.28997236490249634,0.012942874077725718,7.493978417044613e-17,0.0020548179745674133,9.923301479354355e-18
4.532,0.3,0.2899729907512665,0.012942874077725718,7.418560059258968e-17,0.00205465080216527,1.003260375708666e-17
4.533,0.3,0.2899736166000366,0.012942874077725718,7.341891666131633e-17,0.0020544836297631264,1.0141887828637776e-17
4.534,0.3,0.28997424244880676,0.012942874077725718,7.263974561151588e-17,0.002054316457360983,1.0251153697908346e-17
4.535,0.3,0.2899748384952545,0.012942874077725718,7.184810729552303e-17,0.002054149517789483,1.0360401368821091e-17
4.5360000000000005,0.3,0.28997546434402466,0.012942874077725718,7.104402818311739e-17,0.0020539823453873396,1.0469630876992488e-17
4.537,0.3,0.2899760901927948,0.012942874077725718,7.023213386828434e-17,0.002053815172985196,1.0562996648907059e-17
4.538,0.3,0.28997671604156494,0.012942874077725718,6.9403245954947e-17,0.0020536482334136963,1.0672192416081361e-17
4.539,0.3,0.2899773418903351,0.012942874077725718,6.856199665453567e-17,0.002053481061011553,1.0781369995083943e-17
4.54,0.3,0.2899779677391052,0.012942874077725718,6.771299832614595e-17,0.002053314121440053,1.0874683843932664e-17
4.541,0.3,0.28997859358787537,0.012942874077725718,6.684710566092544e-17,0.0020531469490379095,1.0983827694476216e-17
4.542,0.3,0.2899792194366455,0.012942874077725718,6.596890454819014e-17,0.0020529800094664097,1.109295336366963e-17
4.543,0.3,0.28997984528541565,0.012942874077725718,6.507844131005435e-17,0.00205281306989491,1.1202060854300927e-17
4.5440000000000005,0.3,0.2899804711341858,0.012942874077725718,6.418032168816878e-17,0.00205264613032341,1.1295304625089987e-17
4.545,0.3,0.28998109698295593,0.012942874077725718,6.327919112885351e-17,0.0020524789579212666,1.1356841773989481e-17
4.546,0.3,0.2899817228317261,0.012942874077725718,6.238426111540994e-17,0.0020523120183497667,1.1370832033969043e-17
4.547,0.3,0.2899823486804962,0.012942874077725718,6.150480268814356e-17,0.002052145078778267,1.1353128863076148e-17
4.548,0.3,0.28998297452926636,0.012942874077725718,6.065467939412076e-17,0.002051978139206767,1.1303737534839897e-17
4.549,0.3,0.2899836003780365,0.012942874077725718,5.984766213617933e-17,0.0020518111996352673,1.120681777761719e-17
4.55,0.3,0.28998425602912903,0.012942874077725718,5.908835003852505e-17,0.0020516442600637674,1.1094068596434341e-17
4.551,0.3,0.28998488187789917,0.012942874077725718,5.837209765483783e-17,0.0020514773204922676,1.0981338142229803e-17
4.5520000000000005,0.3,0.2899855077266693,0.012942874077725718,5.772178149213844e-17,0.002051310380920768,1.0805244261841343e-17
4.553,0.3,0.28998613357543945,0.012942874077725718,5.713279580877619e-17,0.0020511436741799116,1.0629179688590096e-17
4.554,0.3,0.2899867594242096,0.012942874077725718,5.659582985977616e-17,0.002050976734608412,1.048483551177566e-17
4.555,0.3,0.28998738527297974,0.012942874077725718,5.610609923247537e-17,0.002050809795036912,1.0340515364803158e-17
4.556,0.3,0.2899880111217499,0.012942874077725718,5.56542667121193e-17,0.002050643088296056,1.019621925057147e-17
4.557,0.3,0.28998863697052,0.012942874077725718,5.5226432355694625e-17,0.002050476148724556,1.0067792712493602e-17
4.558,0.3,0.28998926281929016,0.012942874077725718,5.482714234784793e-17,0.0020503094419837,9.939387562289085e-18
4.559,0.3,0.2899898886680603,0.012942874077725718,5.4447115722106365e-17,0.0020501425024122,9.82684934374106e-18
4.5600000000000005,0.3,0.28999051451683044,0.012942874077725718,5.4077097981776695e-17,0.002049975795671344,9.746020959805071e-18
4.561,0.3,0.2899911403656006,0.012942874077725718,5.371702956985481e-17,0.002049808856099844,9.68105158429883e-18
4.562,0.3,0.2899917960166931,0.012942874077725718,5.3366847620614163e-17,0.002049642149358988,9.616093032959671e-18
4.563,0.3,0.28999242186546326,0.012942874077725718,5.301734065075336e-17,0.0020494754426181316,9.56699083678022e-18
4.564,0.3,0.2899930477142334,0.012942874077725718,5.26638896837319e-17,0.0020493087358772755,9.54958791668358e-18
4.565,0.3,0.28999367356300354,0.012942874077725718,5.22926377899283e-17,0.0020491420291364193,9.563879001450068e-18
4.566,0.3,0.2899942994117737,0.012942874077725718,5.188974127461087e-17,0.0020489750895649195,9.609858818882667e-18
4.567,0.3,0.2899949252605438,0.012942874077725718,5.1446018432980275e-17,0.0020488083828240633,9.687522093701698e-18
4.5680000000000005,0.3,0.28999558091163635,0.012942874077725718,5.095690322805522e-17,0.002048641676083207,9.796863551506859e-18
4.569,0.3,0.2899962067604065,0.012942874077725718,5.041324373353842e-17,0.002048474969342351,9.93787790130842e-18
4.57,0.3,0.28999683260917664,0.012942874077725718,4.9810460677558776e-17,0.0020483084954321384,1.0078868801646291e-17
4.571,0.3,0.2899974584579468,0.012942874077725718,4.9144077358641156e-17,0.0020481417886912823,1.0235681802411764e-17
4.572,0.3,0.2899981141090393,0.012942874077725718,4.840961376658797e-17,0.002047975081950426,1.0424159800757048e-17
4.573,0.3,0.28999873995780945,0.012942874077725718,4.764409119689465e-17,0.00204780837520957,1.0612606376939918e-17
4.574,0.3,0.2899993658065796,0.012942874077725718,4.687528306580826e-17,0.0020476419012993574,1.0801021556924538e-17
4.575,0.3,0.28999999165534973,0.012942874077725718,4.611697020233395e-17,0.0020474751945585012,1.094186870810384e-17
4.5760000000000005,0.3,0.2900006175041199,0.012942874077725718,4.537383775746121e-17,0.002047308487817645,1.1066846836351115e-17
4.577,0.3,0.2900012731552124,0.012942874077725718,4.468268865100375e-17,0.0020471420139074326,1.1096730857703557e-17
4.578,0.3,0.29000189900398254,0.012942874077725718,4.4025083372746545e-17,0.0020469753071665764,1.1094918774589547e-17
4.579,0.3,0.2900025248527527,0.012942874077725718,4.339634008042254e-17,0.002046808833256364,1.1045570364432035e-17
4.58,0.3,0.2900031805038452,0.012942874077725718,4.276877800201326e-17,0.0020466423593461514,1.0996230193762307e-17
4.581,0.3,0.29000380635261536,0.012942874077725718,4.2156141570576884e-17,0.002046475652605295,1.0867670512495365e-17
4.582,0.3,0.2900044322013855,0.012942874077725718,4.1563059688821263e-17,0.0020463091786950827,1.0659904550957188e-17
4.583,0.3,0.290005087852478,0.012942874077725718,4.098034403450216e-17,0.00204614270478487,1.0404636597577779e-17
4.5840000000000005,0.3,0.29000571370124817,0.012942874077725718,4.0403425261915823e-17,0.0020459762308746576,1.0133565629627462e-17
4.585,0.3,0.2900063395500183,0.012942874077725718,3.982309188776087e-17,0.002045809756964445,9.862539856864224e-18
4.586,0.3,0.29000699520111084,0.012942874077725718,3.92393505294822e-17,0.0020456432830542326,9.591559273915788e-18
4.587,0.3,0.290007621049881,0.012942874077725718,3.864757890181686e-17,0.00204547680914402,9.320623845455003e-18
4.588,0.3,0.2900082468986511,0.012942874077725718,3.804781009198936e-17,0.0020453103352338076,9.049733593971492e-18
4.589,0.3,0.29000890254974365,0.012942874077725718,3.743085577775546e-17,0.002045143861323595,8.810579607483398e-18
4.59,0.3,0.2900095283985138,0.012942874077725718,3.6796672945723307e-17,0.0020449773874133825,8.555619937110217e-18
4.591,0.3,0.29001015424728394,0.012942874077725718,3.612691803862892e-17,0.00204481091350317,8.348239429737638e-18
4.5920000000000005,0.3,0.29001080989837646,0.012942874077725718,3.542620672429035e-17,0.002044644672423601,8.156739075262768e-18
4.593,0.3,0.2900114357471466,0.012942874077725718,3.468074163009021e-17,0.0020444781985133886,7.981116198899218e-18
4.594,0.3,0.29001209139823914,0.012942874077725718,3.387219905109923e-17,0.0020443119574338198,7.868904831462156e-18
4.595,0.3,0.2900127172470093,0.012942874077725718,3.299602949394836e-17,0.0020441454835236073,7.804248821174873e-18
4.596,0.3,0.2900133728981018,0.012942874077725718,3.204776287460737e-17,0.0020439790096133947,7.818831365849414e-18
4.597,0.3,0.29001399874687195,0.012942874077725718,3.1050553632782843e-17,0.002043812768533826,7.880948123296763e-18
4.598,0.3,0.2900146543979645,0.012942874077725718,2.9990637483081896e-17,0.002043646527454257,8.006436759663282e-18
4.599,0.3,0.2900152802467346,0.012942874077725718,2.889117548265601e-17,0.0020434800535440445,8.179441110815101e-18
4.6000000000000005,0.3,0.29001593589782715,0.012942874077725718,2.7743050446793636e-17,0.0020433138124644756,8.447489935035187e-18
4.601,0.3,0.2900165617465973,0.012942874077725718,2.6569353949474794e-17,0.0020431475713849068,8.778876239050731e-18
4.602,0.3,0.2900172173976898,0.012942874077725718,2.538398924243528e-17,0.002042981330305338,9.189435047399046e-18
4.603,0.3,0.29001784324645996,0.012942874077725718,2.4223782406545953e-17,0.0020428148563951254,9.615770927086936e-18
4.604,0.3,0.2900184988975525,0.012942874077725718,2.3084111156543867e-17,0.0020426486153155565,1.0089572379089042e-17
4.605,0.3,0.29001912474632263,0.012942874077725718,2.198795291548452e-17,0.0020424823742359877,1.0579140350730557e-17
4.606,0.3,0.29001978039741516,0.012942874077725718,2.0935213384778084e-17,0.002042316133156419,1.1084472258470431e-17
4.607,0.3,0.2900204062461853,0.012942874077725718,1.9939587366645983e-17,0.0020421501249074936,1.1558028794210382e-17
4.6080000000000005,0.3,0.29002106189727783,0.012942874077725718,1.8996427760406895e-17,0.0020419838838279247,1.2047351922469565e-17
4.609,0.3,0.290021687746048,0.012942874077725718,1.8114812046102978e-17,0.002041817642748356,1.2520747888198025e-17
4.61,0.3,0.2900223433971405,0.012942874077725718,1.7308418482343408e-17,0.002041651401668787,1.2930682751035499e-17
4.611,0.3,0.29002299904823303,0.012942874077725718,1.6563272679859714e-17,0.002041485160589218,1.3277167063675171e-17
4.612,0.3,0.2900236248970032,0.012942874077725718,1.5879270413894715e-17,0.002041319152340293,1.354436586420969e-17
4.613,0.3,0.2900242805480957,0.012942874077725718,1.5247087704583713e-17,0.002041152911260724,1.3732292403265021e-17
4.614,0.3,0.29002490639686584,0.012942874077725718,1.4671221105736546e-17,0.002040986903011799,1.3793423237684622e-17
4.615,0.3,0.2900255620479584,0.012942874077725718,1.4128627019848712e-17,0.00204082066193223,1.379116171590962e-17
4.616,0.3,0.2900262176990509,0.012942874077725718,1.3614578936900083e-17,0.002040654653683305,1.3677981753489756e-17
4.617,0.3,0.29002684354782104,0.012942874077725718,1.311068036006748e-17,0.002040488412603736,1.3501438475336281e-17
4.618,0.3,0.2900274991989136,0.012942874077725718,1.2626112166969629e-17,0.0020403224043548107,1.3214005839017402e-17
4.619,0.3,0.2900281548500061,0.012942874077725718,1.2137891144286743e-17,0.0020401563961058855,1.2879084484511784e-17
4.62,0.3,0.29002881050109863,0.012942874077725718,1.1627623276737482e-17,0.0020399903878569603,1.2528373415958394e-17
4.621,0.3,0.2900294363498688,0.012942874077725718,1.112298023735358e-17,0.0020398241467773914,1.2098493079892718e-17
4.622,0.3,0.2900300920009613,0.012942874077725718,1.061482498908878e-17,0.0020396581385284662,1.1636993337751807e-17
4.623,0.3,0.29003074765205383,0.012942874077725718,1.0103158359123691e-17,0.002039492130279541,1.11280338843328e-17
4.624,0.3,0.290031373500824,0.012942874077725718,9.578841656050829e-18,0.002039326122030616,1.06191592627222e-17
4.625,0.3,0.2900320291519165,0.012942874077725718,9.055689623280441e-18,0.0020391601137816906,1.0062832860393972e-17
4.626,0.3,0.29003268480300903,0.012942874077725718,8.515317344517925e-18,0.002038994338363409,9.506599189876175e-18
4.627,0.3,0.29003334045410156,0.012942874077725718,7.94856875756293e-18,0.002038828330114484,8.982149319266812e-18
4.628,0.3,0.2900339961051941,0.012942874077725718,7.36933470644206e-18,0.0020386623218655586,8.489477949819183e-18
4.6290000000000004,0.3,0.29003462195396423,0.012942874077725718,6.750003075127682e-18,0.0020384963136166334,8.091961967807622e-18
4.63,0.3,0.29003527760505676,0.012942874077725718,6.1044138360387265e-18,0.002038330538198352,7.757894461471657e-18
4.631,0.3,0.2900359332561493,0.012942874077725718,5.414178350567834e-18,0.0020381645299494267,7.534801454558433e-18
4.632,0.3,0.2900365889072418,0.012942874077725718,4.693138659085467e-18,0.0020379985217005014,7.390973354872771e-18
4.633,0.3,0.29003724455833435,0.012942874077725718,3.959740889251558e-18,0.00203783274628222,7.294705857666742e-18
4.634,0.3,0.2900379002094269,0.012942874077725718,3.2093888119924553e-18,0.0020376667380332947,7.261836585879622e-18
4.635,0.3,0.290038526058197,0.012942874077725718,2.423655324802316e-18,0.002037500962615013,7.32404605731367e-18
4.636,0.3,0.29003918170928955,0.012942874077725718,1.621055211331914e-18,0.0020373351871967316,7.497163990224927e-18
4.6370000000000005,0.3,0.2900398373603821,0.012942874077725718,8.154188280255596e-19,0.0020371691789478064,7.781171850654254e-18
4.638,0.3,0.2900404930114746,0.012942874077725718,4.8102413776336804e-20,0.002037003403529525,8.065132335200733e-18
4.639,0.3,0.29004114866256714,0.012942874077725718,-6.901393257246831e-19,0.0020368376281112432,8.396582091159372e-18
4.64,0.3,0.29004180431365967,0.012942874077725718,-1.4132436600159825e-18,0.0020366718526929617,8.775513217079487e-18
4.641,0.3,0.2900424599647522,0.012942874077725718,-2.1259282069261046e-18,0.00203650607727468,9.170226725021143e-18
4.642,0.3,0.2900431156158447,0.012942874077725718,-2.8329074823562954e-18,0.0020363403018563986,9.533183362981473e-18
4.643,0.3,0.29004377126693726,0.012942874077725718,-3.5617954634905656e-18,0.002036174526438117,9.927770619338772e-18
4.644,0.3,0.2900444269180298,0.012942874077725718,-4.321870221669616e-18,0.0020360087510198355,1.0306446602860951e-17
4.6450000000000005,0.3,0.2900450825691223,0.012942874077725718,-5.117701516187497e-18,0.002035842975601554,1.0653368427532353e-17
4.646,0.3,0.29004573822021484,0.012942874077725718,-5.9538206424397725e-18,0.0020356772001832724,1.0968541388770587e-17
4.647,0.3,0.2900463938713074,0.012942874077725718,-6.81174714477109e-18,0.002035511424764991,1.1188588592590105e-17
4.648,0.3,0.2900470495223999,0.012942874077725718,-7.691320550142614e-18,0.002035345882177353,1.1361062527496212e-17
4.649,0.3,0.29004770517349243,0.012942874077725718,-8.58792064124293e-18,0.0020351801067590714,1.143843449063589e-17
4.65,0.3,0.29004836082458496,0.012942874077725718,-9.49224990798694e-18,0.00203501433134079,1.1404874779837382e-17
4.651,0.3,0.2900490164756775,0.012942874077725718,-1.039957274136778e-17,0.002034848788753152,1.1292092970527182e-17
4.652,0.3,0.29004967212677,0.012942874077725718,-1.132364929087527e-17,0.0020346830133348703,1.1131793350760709e-17
4.6530000000000005,0.3,0.29005032777786255,0.012942874077725718,-1.2236758252640919e-17,0.0020345174707472324,1.0892292730593027e-17
4.654,0.3,0.2900509834289551,0.012942874077725718,-1.3115785718808157e-17,0.0020343519281595945,1.0573604287928302e-17
4.655,0.3,0.2900516390800476,0.012942874077725718,-1.394226157347929e-17,0.002034186152741313,1.0191586740687419e-17
4.656,0.3,0.29005229473114014,0.012942874077725718,-1.4706932147141685e-17,0.002034020610153675,9.809632807416735e-18
4.657,0.3,0.29005298018455505,0.012942874077725718,-1.5405297577263055e-17,0.002033855067566037,9.427742474052559e-18
4.658,0.3,0.2900536358356476,0.012942874077725718,-1.6032897705980513e-17,0.0020336895249783993,9.030070147629456e-18
4.659,0.3,0.2900542914867401,0.012942874077725718,-1.6599051550075083e-17,0.0020335239823907614,8.648309588953313e-18
4.66,0.3,0.29005494713783264,0.012942874077725718,-1.70992939886002e-17,0.0020333584398031235,8.266612600948328e-18
4.6610000000000005,0.3,0.29005560278892517,0.012942874077725718,-1.7542945692698117e-17,0.0020331928972154856,7.916670267286594e-18
4.662,0.3,0.2900562584400177,0.012942874077725718,-1.795316275643664e-17,0.0020330273546278477,7.646013945834823e-18
4.663,0.3,0.2900569438934326,0.012942874077725718,-1.8343951001947517e-17,0.0020328618120402098,7.422939351419938e-18
4.664,0.3,0.29005759954452515,0.012942874077725718,-1.874303917772475e-17,0.002032696269452572,7.27912963841444e-18
4.665,0.3,0.2900582551956177,0.012942874077725718,-1.9150538125970424e-17,0.002032530726864934,7.151189452896948e-18
4.666,0.3,0.2900589108467102,0.012942874077725718,-1.957568249104308e-17,0.002032365184277296,7.039116159588122e-18
4.667,0.3,0.2900595963001251,0.012942874077725718,-2.003686711540467e-17,0.002032199874520302,6.974598216334926e-18
4.668,0.3,0.29006025195121765,0.012942874077725718,-2.0538712629956916e-17,0.002032034331932664,6.925936586513625e-18
4.6690000000000005,0.3,0.2900609076023102,0.012942874077725718,-2.1090341182495053e-17,0.0020318690221756697,6.924819739768765e-18
4.67,0.3,0.2900615632534027,0.012942874077725718,-2.167322558165912e-17,0.0020317034795880318,6.955394194989633e-18
4.671,0.3,0.2900622487068176,0.012942874077725718,-2.227805839119667e-17,0.0020315381698310375,7.033500202600658e-18
4.672,0.3,0.29006290435791016,0.012942874077725718,-2.288178112435217e-17,0.0020313726272433996,7.12743871081821e-18
4.673,0.3,0.2900635600090027,0.012942874077725718,-2.3479779767668807e-17,0.0020312073174864054,7.237207100844539e-18
4.674,0.3,0.2900642454624176,0.012942874077725718,-2.404441159943628e-17,0.002031042007729411,7.331111632028555e-18
4.675,0.3,0.29006490111351013,0.012942874077725718,-2.45665180759124e-17,0.002030876697972417,7.393309369029607e-18
4.676,0.3,0.29006555676460266,0.012942874077725718,-2.503693072718763e-17,0.002030711155384779,7.423805618914592e-18
4.6770000000000005,0.3,0.2900662422180176,0.012942874077725718,-2.5441944824873195e-17,0.0020305458456277847,7.375069027910341e-18
4.678,0.3,0.2900668978691101,0.012942874077725718,-2.579083968108071e-17,0.0020303805358707905,7.278803877143776e-18
4.679,0.3,0.290067583322525,0.012942874077725718,-2.60975599065766e-17,0.0020302152261137962,7.135018122516468e-18
4.68,0.3,0.29006823897361755,0.012942874077725718,-2.6376010407457874e-17,0.002030049916356802,6.943719678454609e-18
4.681,0.3,0.2900688946247101,0.012942874077725718,-2.6640086163654203e-17,0.0020298846065998077,6.7049164965880565e-18
4.682,0.3,0.290069580078125,0.012942874077725718,-2.6912834081392538e-17,0.002029719529673457,6.450307592271441e-18
4.683,0.3,0.29007023572921753,0.012942874077725718,-2.7198820197654172e-17,0.002029554219916463,6.195741125093198e-18
4.684,0.3,0.29007092118263245,0.012942874077725718,-2.7498027968826853e-17,0.0020293889101594687,5.941217108707013e-18
4.6850000000000005,0.3,0.290071576833725,0.012942874077725718,-2.7805825183480285e-17,0.0020292236004024744,5.6708899695014825e-18
4.686,0.3,0.2900722622871399,0.012942874077725718,-2.812679111348556e-17,0.002029058523476124,5.400607904425523e-18
4.687,0.3,0.2900729179382324,0.012942874077725718,-2.8470041289193015e-17,0.0020288932137191296,5.1937530608177144e-18
4.688,0.3,0.29007360339164734,0.012942874077725718,-2.884016821736354e-17,0.002028728136792779,5.066160433655102e-18
4.689,0.3,0.29007425904273987,0.012942874077725718,-2.9232536377844396e-17,0.0020285628270357847,5.017816787918495e-18
4.69,0.3,0.2900749444961548,0.012942874077725718,-2.9628755891257297e-17,0.002028397750109434,4.985326750301718e-18
4.691,0.3,0.2900756001472473,0.012942874077725718,-3.0024178002559696e-17,0.00202823244035244,5.0003787449132114e-18
4.692,0.3,0.29007628560066223,0.012942874077725718,-3.043264640648328e-17,0.0020280673634260893,5.078810424846999e-18
4.6930000000000005,0.3,0.29007697105407715,0.012942874077725718,-3.084502902906547e-17,0.0020279022864997387,5.157229027857555e-18
4.694,0.3,0.2900776267051697,0.012942874077725718,-3.1279705823517183e-17,0.002027737209573388,5.299016731589201e-18
4.695,0.3,0.2900783121585846,0.012942874077725718,-3.171360837691555e-17,0.0020275721326470375,5.4724718928590925e-18
4.696,0.3,0.2900789678096771,0.012942874077725718,-3.2128307105212884e-17,0.0020274068228900433,5.66174365611353e-18
4.697,0.3,0.29007965326309204,0.012942874077725718,-3.2519219427815644e-17,0.0020272417459636927,5.8826749413289326e-18
4.698,0.3,0.29008033871650696,0.012942874077725718,-3.287715040503469e-17,0.0020270769018679857,6.135260444265951e-18
4.699,0.3,0.2900809943675995,0.012942874077725718,-3.3183773023218296e-17,0.002026911824941635,6.387803795659866e-18
4.7,0.3,0.2900816798210144,0.012942874077725718,-3.3443772433355964e-17,0.0020267467480152845,6.656150560578396e-18
4.7010000000000005,0.3,0.2900823652744293,0.012942874077725718,-3.3634275437149377e-17,0.002026581671088934,6.8610703728187064e-18
4.702,0.3,0.29008302092552185,0.012942874077725718,-3.378301574617621e-17,0.0020264165941625834,7.050110450304702e-18
4.703,0.3,0.29008370637893677,0.012942874077725718,-3.388551335023888e-17,0.0020262517500668764,7.191582361862009e-18
4.704,0.3,0.2900843918323517,0.012942874077725718,-3.395565164873848e-17,0.002026086673140526,7.301339586262813e-18
4.705,0.3,0.2900850772857666,0.012942874077725718,-3.39981422624441e-17,0.0020259215962141752,7.347696332255878e-18
4.706,0.3,0.29008573293685913,0.012942874077725718,-3.404524854396777e-17,0.0020257567521184683,7.394045357672259e-18
4.707,0.3,0.29008641839027405,0.012942874077725718,-3.4083199590471705e-17,0.0020255916751921177,7.377004496191871e-18
4.708,0.3,0.29008710384368896,0.012942874077725718,-3.413502080148693e-17,0.0020254268310964108,7.328275412209158e-18
4.7090000000000005,0.3,0.2900877892971039,0.012942874077725718,-3.4205331153553935e-17,0.002025261987000704,7.216172299925084e-18
4.71,0.3,0.2900884449481964,0.012942874077725718,-3.4298637126649916e-17,0.0020250969100743532,7.072396809988423e-18
4.711,0.3,0.29008913040161133,0.012942874077725718,-3.4410276730842523e-17,0.0020249320659786463,6.881108680307518e-18
4.712,0.3,0.29008981585502625,0.012942874077725718,-3.453094252987931e-17,0.0020247672218829393,6.6581613502664164e-18
4.713,0.3,0.29009050130844116,0.012942874077725718,-3.465592290299117e-17,0.0020246023777872324,6.43525118046794e-18
4.714,0.3,0.2900911867618561,0.012942874077725718,-3.478521123273321e-17,0.0020244375336915255,6.212378164773653e-18
4.715,0.3,0.290091872215271,0.012942874077725718,-3.491421501234453e-17,0.0020242726895958185,5.9736967516010545e-18
4.716,0.3,0.2900925278663635,0.012942874077725718,-3.505210271173467e-17,0.0020241078455001116,5.750900662731172e-18
4.7170000000000005,0.3,0.29009321331977844,0.012942874077725718,-3.518504717978419e-17,0.0020239430014044046,5.528141713670305e-18
4.718,0.3,0.29009389877319336,0.012942874077725718,-3.5322243356182236e-17,0.0020237781573086977,5.337110971726768e-18
4.719,0.3,0.2900945842266083,0.012942874077725718,-3.547284647594854e-17,0.0020236133132129908,5.241185319893201e-18
4.72,0.3,0.2900952696800232,0.012942874077725718,-3.5618440189925224e-17,0.002023448469117284,5.224503359698776e-18
4.721,0.3,0.2900959551334381,0.012942874077725718,-3.5772897971346026e-17,0.0020232838578522205,5.3028974298612654e-18
4.722,0.3,0.290096640586853,0.012942874077725718,-3.5927018263076906e-17,0.0020231190137565136,5.476351675693159e-18
4.723,0.3,0.29009732604026794,0.012942874077725718,-3.606702354483518e-17,0.0020229541696608067,5.729004695052872e-18
4.724,0.3,0.29009801149368286,0.012942874077725718,-3.616990826942453e-17,0.0020227895583957434,6.044997731610062e-18
4.7250000000000005,0.3,0.2900986969470978,0.012942874077725718,-3.6231159339422854e-17,0.0020226247143000364,6.4243202289249665e-18
4.726,0.3,0.2900993824005127,0.012942874077725718,-3.625092233861797e-17,0.002022460103034973,6.851116095416593e-18
4.727,0.3,0.2901000678539276,0.012942874077725718,-3.6233961827338183e-17,0.00202229549176991,7.293686338577454e-18
4.728,0.3,0.29010075330734253,0.012942874077725718,-3.6184989426352594e-17,0.002022130647674203,7.736182787890249e-18
4.729,0.3,0.29010143876075745,0.012942874077725718,-3.609488629658842e-17,0.0020219660364091396,8.146914368451934e-18
4.73,0.3,0.29010212421417236,0.012942874077725718,-3.5968354132647406e-17,0.0020218014251440763,8.510040835190752e-18
4.731,0.3,0.2901028096675873,0.012942874077725718,-3.581924324670615e-17,0.002021636813879013,8.857261222605074e-18
4.732,0.3,0.2901034951210022,0.012942874077725718,-3.566605932342868e-17,0.0020214722026139498,9.204423734183546e-18
4.7330000000000005,0.3,0.2901041805744171,0.012942874077725718,-3.548120761758023e-17,0.0020213075913488865,9.456455107457761e-18
4.734,0.3,0.29010486602783203,0.012942874077725718,-3.528312433065338e-17,0.002021142980083823,9.660907846525653e-18
4.735,0.3,0.29010555148124695,0.012942874077725718,-3.5090285368810116e-17,0.00202097836881876,9.817789890713281e-18
4.736,0.3,0.29010623693466187,0.012942874077725718,-3.488426114800276e-17,0.0020208137575536966,9.863726985718555e-18
4.737,0.3,0.29010695219039917,0.012942874077725718,-3.468800096714598e-17,0.0020206491462886333,9.877965353809622e-18
4.738,0.3,0.2901076376438141,0.012942874077725718,-3.450149490007242e-17,0.00202048453502357,9.84466473993851e-18
4.739,0.3,0.290108323097229,0.012942874077725718,-3.4333898181801827e-17,0.0020203201565891504,9.79552414810676e-18
4.74,0.3,0.2901090085506439,0.012942874077725718,-3.4152934224832376e-17,0.002020155545324087,9.651318484894147e-18
4.741,0.3,0.29010969400405884,0.012942874077725718,-3.398157218041344e-17,0.002019990934059024,9.491291318996811e-18
4.742,0.3,0.29011037945747375,0.012942874077725718,-3.379215112886125e-17,0.0020198265556246042,9.252063097274803e-18
4.743,0.3,0.29011109471321106,0.012942874077725718,-3.35800520936353e-17,0.0020196621771901846,8.933647015274284e-18
4.744,0.3,0.290111780166626,0.012942874077725718,-3.335904597757338e-17,0.0020194975659251213,8.59943845287545e-18
4.745,0.3,0.2901124656200409,0.012942874077725718,-3.3129129471953043e-17,0.0020193331874907017,8.265285586949158e-18
4.746,0.3,0.2901131510734558,0.012942874077725718,-3.289494802309438e-17,0.0020191685762256384,7.915342873589992e-18
4.747,0.3,0.2901138663291931,0.012942874077725718,-3.2661163620929744e-17,0.0020190041977912188,7.517921866736586e-18
4.748,0.3,0.29011455178260803,0.012942874077725718,-3.246000653084665e-17,0.002018839819356799,7.13641267126354e-18
4.749,0.3,0.29011523723602295,0.012942874077725718,-3.2286804836745395e-17,0.0020186754409223795,6.754967087822391e-18
4.75,0.3,0.29011595249176025,0.012942874077725718,-3.214151883395658e-17,0.00201851106248796,6.373585104390334e-18
4.751,0.3,0.29011663794517517,0.012942874077725718,-3.2037856559591436e-17,0.0020183466840535402,6.055648882876323e-18
4.752,0.3,0.2901173233985901,0.012942874077725718,-3.196650726867506e-17,0.0020181823056191206,5.816993385924915e-18
4.753,0.3,0.290118008852005,0.012942874077725718,-3.190443232678663e-17,0.002018017927184701,5.610068760307297e-18
4.7540000000000004,0.3,0.2901187241077423,0.012942874077725718,-3.1847045844610153e-17,0.0020178535487502813,5.4031786281790876e-18
4.755,0.3,0.2901194095611572,0.012942874077725718,-3.180813526859566e-17,0.0020176891703158617,5.2438596183580124e-18
4.756,0.3,0.29012012481689453,0.012942874077725718,-3.179227987061424e-17,0.0020175250247120857,5.147949349201645e-18
4.757,0.3,0.29012081027030945,0.012942874077725718,-3.178566242571382e-17,0.002017360646277666,5.083746159541095e-18
4.758,0.3,0.29012149572372437,0.012942874077725718,-3.180670259177472e-17,0.0020171962678432465,5.082935865063042e-18
4.759,0.3,0.29012221097946167,0.012942874077725718,-3.1850788009701343e-17,0.0020170321222394705,5.129662354717437e-18
4.76,0.3,0.2901228964328766,0.012942874077725718,-3.192249133391989e-17,0.002016867743805051,5.239763244653574e-18
4.761,0.3,0.2901236116886139,0.012942874077725718,-3.2003392906550026e-17,0.002016703598201275,5.365691332469896e-18
4.7620000000000005,0.3,0.2901242971420288,0.012942874077725718,-3.2088830737659403e-17,0.0020165392197668552,5.5232895099503974e-18
4.763,0.3,0.2901249825954437,0.012942874077725718,-3.2164964441238784e-17,0.0020163750741630793,5.712552493981899e-18
4.764,0.3,0.29012569785118103,0.012942874077725718,-3.2227211436694625e-17,0.0020162109285593033,5.93347499668783e-18
4.765,0.3,0.29012638330459595,0.012942874077725718,-3.2266350314558184e-17,0.0020160465501248837,6.201897274236355e-18
4.766,0.3,0.29012709856033325,0.012942874077725718,-3.226862340688148e-17,0.0020158824045211077,6.501965854712727e-18
4.767,0.3,0.29012778401374817,0.012942874077725718,-3.2224885404812125e-17,0.0020157182589173317,6.8336754553198926e-18
4.768,0.3,0.2901284992694855,0.012942874077725718,-3.211218700943545e-17,0.0020155541133135557,7.16532969810058e-18
4.769,0.3,0.2901292145252228,0.012942874077725718,-3.1930673804539265e-17,0.0020153899677097797,7.496928601793209e-18
4.7700000000000005,0.3,0.2901298999786377,0.012942874077725718,-3.1680478139021575e-17,0.0020152258221060038,7.828472178899353e-18
4.771,0.3,0.290130615234375,0.012942874077725718,-3.136173897922529e-17,0.002015061676502228,8.159960421915883e-18
4.772,0.3,0.2901313006877899,0.012942874077725718,-3.096998624112018e-17,0.002014897530898452,8.475547812514312e-18
4.773,0.3,0.2901320159435272,0.012942874077725718,-3.0496163951360003e-17,0.0020147336181253195,8.743545891380291e-18
4.774,0.3,0.29013270139694214,0.012942874077725718,-2.9963459636875853e-17,0.0020145694725215435,8.995653718143388e-18
4.775,0.3,0.29013341665267944,0.012942874077725718,-2.938122374731203e-17,0.0020144053269177675,9.231873916064947e-18
4.776,0.3,0.29013413190841675,0.012942874077725718,-2.874953900072978e-17,0.0020142411813139915,9.452209167452581e-18
4.777,0.3,0.29013481736183167,0.012942874077725718,-2.8068537746027126e-17,0.0020140772685408592,9.624971043966663e-18
4.7780000000000005,0.3,0.29013553261756897,0.012942874077725718,-2.7356790187955874e-17,0.0020139131229370832,9.734321914034728e-18
4.779,0.3,0.2901362180709839,0.012942874077725718,-2.663279208501271e-17,0.002013749210163951,9.780272400741422e-18
4.78,0.3,0.2901369333267212,0.012942874077725718,-2.5919630048093992e-17,0.0020135852973908186,9.762833058997189e-18
4.781,0.3,0.2901376485824585,0.012942874077725718,-2.5240319550563394e-17,0.0020134211517870426,9.697860051396136e-18
4.782,0.3,0.2901383638381958,0.012942874077725718,-2.461783966983764e-17,0.0020132572390139103,9.601206853887652e-18
4.783,0.3,0.2901390492916107,0.012942874077725718,-2.404286311732958e-17,0.002013093326240778,9.441187656395832e-18
4.784,0.3,0.290139764547348,0.012942874077725718,-2.3519906299183754e-17,0.0020129294134676456,9.201967457415896e-18
4.785,0.3,0.2901404798030853,0.012942874077725718,-2.30534194470957e-17,0.0020127652678638697,8.899405016516478e-18
4.7860000000000005,0.3,0.29014116525650024,0.012942874077725718,-2.2634002480584362e-17,0.0020126013550907373,8.549356425785261e-18
4.787,0.3,0.29014188051223755,0.012942874077725718,-2.2261514778945608e-17,0.002012437442317605,8.167675125161597e-18
4.788,0.3,0.29014259576797485,0.012942874077725718,-2.1921996842161993e-17,0.0020122737623751163,7.754366386220245e-18
4.789,0.3,0.29014331102371216,0.012942874077725718,-2.1610722160213388e-17,0.002012109849601984,7.325281018449337e-18
4.79,0.3,0.2901439964771271,0.012942874077725718,-2.131381891422728e-17,0.0020119459368288517,6.848730544300558e-18
4.791,0.3,0.2901447117328644,0.012942874077725718,-2.1017327604186223e-17,0.0020117820240557194,6.356413944978305e-18
4.792,0.3,0.2901454269886017,0.012942874077725718,-2.0716611055576245e-17,0.002011618111282587,5.864179381604082e-18
4.793,0.3,0.290146142244339,0.012942874077725718,-2.0383963680960495e-17,0.0020114544313400984,5.37202682249729e-18
4.7940000000000005,0.3,0.2901468575000763,0.012942874077725718,-2.0010210392984535e-17,0.002011290518566966,4.879956238781958e-18
4.795,0.3,0.2901475727558136,0.012942874077725718,-1.9563144087318e-17,0.0020111266057938337,4.3562765048428344e-18
4.796,0.3,0.2901482582092285,0.012942874077725718,-1.902442616978059e-17,0.002010962925851345,3.800992874012904e-18
4.797,0.3,0.2901489734649658,0.012942874077725718,-1.840335084173495e-17,0.0020107990130782127,3.2933383078139466e-18
4.798,0.3,0.2901496887207031,0.012942874077725718,-1.767705317668889e-17,0.002010635333135724,2.801613789320188e-18
4.799,0.3,0.29015040397644043,0.012942874077725718,-1.6854949798735712e-17,0.0020104716531932354,2.357507764235387e-18
4.8,0.3,0.29015111923217773,0.012942874077725718,-1.5932714553271766e-17,0.0020103079732507467,1.8976301278088174e-18
4.801,0.3,0.29015183448791504,0.012942874077725718,-1.495200425594522e-17,0.0020101440604776144,1.5012112630818873e-18
4.8020000000000005,0.3,0.29015254974365234,0.012942874077725718,-1.392687766844703e-17,0.0020099803805351257,1.1207039860260013e-18
4.803,0.3,0.29015326499938965,0.012942874077725718,-1.2898980853077396e-17,0.002009816700592637,7.719512195068056e-19
4.804,0.3,0.29015398025512695,0.012942874077725718,-1.1909815942709947e-17,0.0020096530206501484,5.183298800755364e-19
4.805,0.3,0.29015469551086426,0.012942874077725718,-1.0964080496043369e-17,0.0020094893407076597,2.8059641364475506e-19
4.806,0.3,0.29015541076660156,0.012942874077725718,-1.0117053339053357e-17,0.002009325660765171,1.0628484211669888e-19
4.807,0.3,0.29015612602233887,0.012942874077725718,-9.396263869706287e-18,0.0020091619808226824,1.1230166163963315e-20
4.808,0.3,0.29015684127807617,0.012942874077725718,-8.824613410441303e-18,0.0020089983008801937,-2.042634698511593e-20
4.809,0.3,0.2901575565338135,0.012942874077725718,-8.424917256913842e-18,0.0020088348537683487,2.715029727572295e-20
4.8100000000000005,0.3,0.2901582717895508,0.012942874077725718,-8.196914020050338e-18,0.00200867117382586,1.2225579506098293e-19
4.811,0.3,0.2901589870452881,0.012942874077725718,-8.121800230166235e-18,0.0020085074938833714,2.8072774951420122e-19
4.812,0.3,0.2901597023010254,0.012942874077725718,-8.162418934145652e-18,0.0020083440467715263,4.550189290076572e-19
4.813,0.3,0.2901604175567627,0.012942874077725718,-8.29078082160163e-18,0.0020081803668290377,6.926633019169867e-19
4.814,0.3,0.2901611328125,0.012942874077725718,-8.465240657414577e-18,0.0020080169197171926,9.461136376767357e-19
4.815,0.3,0.2901618480682373,0.012942874077725718,-8.644175540341436e-18,0.002007853239774704,1.1995217249610441e-18
4.816,0.3,0.2901625633239746,0.012942874077725718,-8.79988153730658e-18,0.002007689792662859,1.4370420100606525e-18
4.817,0.3,0.2901632785797119,0.012942874077725718,-8.909391151421863e-18,0.002007526345551014,1.5952949432093116e-18
4.8180000000000005,0.3,0.2901639938354492,0.012942874077725718,-8.972671295462782e-18,0.0020073626656085253,1.7376758951661274e-18
4.819,0.3,0.2901647090911865,0.012942874077725718,-8.943681096534636e-18,0.0020071992184966803,1.8166508339512064e-18
4.82,0.3,0.29016542434692383,0.012942874077725718,-8.785604399933915e-18,0.0020070357713848352,1.8480758407078927e-18
4.821,0.3,0.29016613960266113,0.012942874077725718,-8.480176230554835e-18,0.0020068723242729902,1.8478043731883635e-18
4.822,0.3,0.2901668846607208,0.012942874077725718,-8.032248829870632e-18,0.002006708877161145,1.847532805470503e-18
4.823,0.3,0.29016759991645813,0.012942874077725718,-7.44670256349537e-18,0.0020065454300493,1.8631067210172452e-18
4.824,0.3,0.29016831517219543,0.012942874077725718,-6.737650373450121e-18,0.002006381982937455,1.9103690104502792e-18
4.825,0.3,0.29016903042793274,0.012942874077725718,-5.9330029879636505e-18,0.00200621853582561,2.0368510455456636e-18
4.8260000000000005,0.3,0.29016974568367004,0.012942874077725718,-5.03766972397146e-18,0.002006055088713765,2.1950030080982565e-18
4.827,0.3,0.29017046093940735,0.012942874077725718,-4.079598532829879e-18,0.0020058918744325638,2.3531285606690175e-18
4.828,0.3,0.29017120599746704,0.012942874077725718,-3.0866625060498002e-18,0.0020057284273207188,2.479536640221057e-18
4.829,0.3,0.29017192125320435,0.012942874077725718,-2.091182692090968e-18,0.0020055649802088737,2.6217692488581614e-18
4.83,0.3,0.29017263650894165,0.012942874077725718,-1.116324594200659e-18,0.0020054017659276724,2.7322870894234968e-18
4.831,0.3,0.29017335176467896,0.012942874077725718,-1.989572032440107e-19,0.0020052383188158274,2.8269410271052464e-18
4.832,0.3,0.29017409682273865,0.012942874077725718,6.332904592475754e-19,0.002005075104534626,2.8740426413435244e-18
4.833,0.3,0.29017481207847595,0.012942874077725718,1.3575398700005897e-18,0.002004911657422781,2.8894454512924936e-18
4.8340000000000005,0.3,0.29017552733421326,0.012942874077725718,1.9602067071041683e-18,0.0020047484431415796,2.9048457991459486e-18
4.835,0.3,0.29017624258995056,0.012942874077725718,2.436933227995017e-18,0.0020045852288603783,2.9360892311887435e-18
4.836,0.3,0.29017698764801025,0.012942874077725718,2.787999019720179e-18,0.002004422014579177,3.0148641928066566e-18
4.837,0.3,0.29017770290374756,0.012942874077725718,3.0458756776108824e-18,0.002004258567467332,3.0777805841339455e-18
4.838,0.3,0.29017841815948486,0.012942874077725718,3.201558306723722e-18,0.0020040953531861305,3.156532114857392e-18
4.839,0.3,0.29017916321754456,0.012942874077725718,3.2921467847123137e-18,0.002003932138904929,3.219425036958241e-18
4.84,0.3,0.29017987847328186,0.012942874077725718,3.3270147222781084e-18,0.002003768924623728,3.2664619855644694e-18
4.841,0.3,0.29018059372901917,0.012942874077725718,3.3155363505080163e-18,0.0020036057103425264,3.3134911360932953e-18
4.8420000000000005,0.3,0.29018133878707886,0.012942874077725718,3.2670406123504105e-18,0.002003442496061325,3.360512479499949e-18
4.843,0.3,0.29018205404281616,0.012942874077725718,3.204651548624364e-18,0.0020032795146107674,3.375834909835787e-18
4.844,0.3,0.29018276929855347,0.012942874077725718,3.1376497122124157e-18,0.002003116300329566,3.3594636988785883e-18
4.845,0.3,0.29018351435661316,0.012942874077725718,3.0799364936939784e-18,0.0020029530860483646,3.327249656673871e-18
4.846,0.3,0.29018422961235046,0.012942874077725718,3.0545732749567243e-18,0.0020027898717671633,3.2633498586748193e-18
4.847,0.3,0.29018497467041016,0.012942874077725718,3.061573084095301e-18,0.0020026268903166056,3.215306220397429e-18
4.848,0.3,0.29018568992614746,0.012942874077725718,3.110059723266169e-18,0.002002463676035404,3.1514250027518243e-18
4.849,0.3,0.29018643498420715,0.012942874077725718,3.2045981954748544e-18,0.0020023006945848465,3.087554385140379e-18
4.8500000000000005,0.3,0.29018715023994446,0.012942874077725718,3.358892608724677e-18,0.002002137480303645,2.9761577247525855e-18
4.851,0.3,0.29018786549568176,0.012942874077725718,3.582106056251193e-18,0.0020019744988530874,2.8330884750010624e-18
4.852,0.3,0.29018861055374146,0.012942874077725718,3.897110909172105e-18,0.0020018115174025297,2.5791241830914197e-18
4.853,0.3,0.29018932580947876,0.012942874077725718,4.289948081060276e-18,0.0020016483031213284,2.230128905660785e-18
4.854,0.3,0.29019007086753845,0.012942874077725718,4.746639873924784e-18,0.0020014853216707706,1.770272930343268e-18
4.855,0.3,0.29019078612327576,0.012942874077725718,5.2349109410347295e-18,0.002001322340220213,1.2946480381474979e-18
4.856,0.3,0.29019153118133545,0.012942874077725718,5.754665743029362e-18,0.0020011593587696552,7.715657611824836e-19
4.857,0.3,0.29019224643707275,0.012942874077725718,6.278178426546822e-18,0.0020009963773190975,2.1687958980234476e-19
4.8580000000000005,0.3,0.29019299149513245,0.012942874077725718,6.796221378263776e-18,0.00200083339586854,-3.694052157583385e-19
4.859,0.3,0.29019370675086975,0.012942874077725718,7.285770439420115e-18,0.002000670414417982,-9.555922717828565e-19
4.86,0.3,0.29019445180892944,0.012942874077725718,7.742283147682006e-18,0.0020005074329674244,-1.5258360637463201e-18
4.861,0.3,0.29019519686698914,0.012942874077725718,8.161217040715612e-18,0.0020003444515168667,-2.0642936943662378e-18
4.862,0.3,0.29019591212272644,0.012942874077725718,8.556486950785302e-18,0.0020001817028969526,-2.5709704758363825e-18
4.863,0.3,0.29019665718078613,0.012942874077725718,8.941975450111551e-18,0.002000018721446395,-3.045871727494705e-18
4.864,0.3,0.29019737243652344,0.012942874077725718,9.313106575545718e-18,0.001999855739995837,-3.4573116476297677e-18
4.865,0.3,0.29019811749458313,0.012942874077725718,9.679134823781046e-18,0.001999692991375923,-3.7894552896929204e-18
4.866,0.3,0.29019883275032043,0.012942874077725718,1.0026247932949123e-17,0.0019995300099253654,-3.978933681526237e-18
4.867,0.3,0.2901995778083801,0.012942874077725718,1.0386701811036455e-17,0.0019993672613054514,-4.0574617348027626e-18
4.868,0.3,0.2902003228664398,0.012942874077725718,1.0797296069134302e-17,0.0019992042798548937,-4.07259457904822e-18
4.869,0.3,0.2902010381221771,0.012942874077725718,1.1248738987421855e-17,0.0019990415312349796,-3.9609605968378645e-18
4.87,0.3,0.2902017831802368,0.012942874077725718,1.1754700552702166e-17,0.0019988787826150656,-3.754272040319296e-18
4.871,0.3,0.2902025282382965,0.012942874077725718,1.2310423649272441e-17,0.001998715801164508,-3.4366991747527353e-18
4.872,0.3,0.2902032434940338,0.012942874077725718,1.2934146782458863e-17,0.001998553052544594,-3.071642665638632e-18
4.873,0.3,0.2902039885520935,0.012942874077725718,1.3630306121886554e-17,0.0019983903039246798,-2.674956007774253e-18
4.874,0.3,0.2902047336101532,0.012942874077725718,1.439408582202923e-17,0.0019982275553047657,-2.2783355130351565e-18
4.875,0.3,0.2902054488658905,0.012942874077725718,1.5216114753727277e-17,0.0019980648066848516,-1.8817811596635096e-18
4.876,0.3,0.2902061939239502,0.012942874077725718,1.608243920722754e-17,0.0019979020580649376,-1.469447421678929e-18
4.877,0.3,0.2902069389820099,0.012942874077725718,1.6979056669120718e-17,0.0019977393094450235,-1.088873501096577e-18
4.878,0.3,0.2902076542377472,0.012942874077725718,1.789667955548907e-17,0.0019975765608251095,-7.40054093337182e-19
4.8790000000000004,0.3,0.2902083992958069,0.012942874077725718,1.882603186294342e-17,0.001997414045035839,-4.388294917555662e-19
4.88,0.3,0.2902091443538666,0.012942874077725718,1.9744060067811923e-17,0.001997251296415925,-1.5350061559972974e-19
4.881,0.3,0.29020988941192627,0.012942874077725718,2.0683020905261692e-17,0.001997088547796011,3.670744445290236e-20
4.882,0.3,0.2902106046676636,0.012942874077725718,2.1619938606598454e-17,0.0019969260320067406,2.110382709145711e-19
4.883,0.3,0.29021134972572327,0.012942874077725718,2.2559455309419858e-17,0.0019967632833868265,3.8534000029652253e-19
4.884,0.3,0.29021209478378296,0.012942874077725718,2.351076760777627e-17,0.0019966005347669125,5.279215989929233e-19
4.885,0.3,0.29021283984184265,0.012942874077725718,2.4473829179553382e-17,0.001996438018977642,6.070972658214374e-19
4.886,0.3,0.29021355509757996,0.012942874077725718,2.5425631168832424e-17,0.0019962755031883717,6.862597572198043e-19
4.8870000000000005,0.3,0.29021430015563965,0.012942874077725718,2.6370800823960015e-17,0.0019961127545684576,7.495634819472839e-19
4.888,0.3,0.29021504521369934,0.012942874077725718,2.729552422870652e-17,0.001995950238779187,8.128566871861143e-19
4.889,0.3,0.29021579027175903,0.012942874077725718,2.820901617509578e-17,0.001995787722989917,8.286027420062698e-19
4.89,0.3,0.2902165353298187,0.012942874077725718,2.90882661528478e-17,0.0019956252072006464,8.285006748583329e-19
4.891,0.3,0.29021725058555603,0.012942874077725718,2.991492067853124e-17,0.001995462691411376,8.442442237558039e-19
4.892,0.3,0.2902179956436157,0.012942874077725718,3.068908563126452e-17,0.0019953001756221056,8.758307059340534e-19
4.893,0.3,0.2902187407016754,0.012942874077725718,3.1415439544592235e-17,0.001995137659832835,9.074119762094904e-19
4.894,0.3,0.2902194857597351,0.012942874077725718,3.2098680804393685e-17,0.001994975144043565,9.231424877946148e-19
4.8950000000000005,0.3,0.2902202308177948,0.012942874077725718,3.273890536361993e-17,0.0019948126282542944,9.230248815532757e-19
4.896,0.3,0.2902209758758545,0.012942874077725718,3.333620255777712e-17,0.001994650112465024,9.07061797680121e-19
4.897,0.3,0.2902217209339142,0.012942874077725718,3.389066503109386e-17,0.0019944875966757536,8.752558758111854e-19
4.898,0.3,0.2902224361896515,0.012942874077725718,3.439778630359297e-17,0.001994325080886483,8.434553022241965e-19
4.899,0.3,0.2902231812477112,0.012942874077725718,3.48622680698762e-17,0.0019941627979278564,7.958145037998222e-19
4.9,0.3,0.2902239263057709,0.012942874077725718,3.527959061507655e-17,0.001994000282138586,7.481816941900108e-19
4.901,0.3,0.29022467136383057,0.012942874077725718,3.56406516437335e-17,0.0019938379991799593,7.322479569149748e-19
4.902,0.3,0.29022541642189026,0.012942874077725718,3.598242612922816e-17,0.001993675483390689,6.846258040386649e-19
4.9030000000000005,0.3,0.29022616147994995,0.012942874077725718,3.629581508482245e-17,0.001993513200432062,6.84548238817105e-19
4.904,0.3,0.29022690653800964,0.012942874077725718,3.661311164163044e-17,0.0019933509174734354,6.686251348745553e-19
4.905,0.3,0.29022765159606934,0.012942874077725718,3.694355706145557e-17,0.001993188401684165,6.52704671175245e-19
4.906,0.3,0.29022839665412903,0.012942874077725718,3.7282558837536955e-17,0.0019930261187255383,6.684779325018598e-19
4.907,0.3,0.2902291417121887,0.012942874077725718,3.763933507062088e-17,0.0019928638357669115,7.317851701711278e-19
4.908,0.3,0.2902298867702484,0.012942874077725718,3.803687807301386e-17,0.0019927015528082848,8.109273583173209e-19
4.909,0.3,0.2902306318283081,0.012942874077725718,3.8475124978989357e-17,0.001992539269849658,9.217474000725915e-19
4.91,0.3,0.2902313768863678,0.012942874077725718,3.894938402011296e-17,0.0019923769868910313,1.0959311117588577e-18
4.9110000000000005,0.3,0.2902321219444275,0.012942874077725718,3.946412528041491e-17,0.0019922147039324045,1.2859312970577965e-18
4.912,0.3,0.2902328670024872,0.012942874077725718,4.000543558199206e-17,0.0019920524209737778,1.5234364201907261e-18
4.913,0.3,0.2902336120605469,0.012942874077725718,4.058699980089849e-17,0.001991890138015151,1.7292108424554525e-18
4.914,0.3,0.29023435711860657,0.012942874077725718,4.1181057755776925e-17,0.0019917278550565243,1.9191054213581533e-18
4.915,0.3,0.29023510217666626,0.012942874077725718,4.175991543971908e-17,0.0019915655720978975,2.1089683662812365e-18
4.916,0.3,0.29023584723472595,0.012942874077725718,4.2323546382945365e-17,0.0019914035219699144,2.2671085993777083e-18
4.917,0.3,0.29023659229278564,0.012942874077725718,4.285815983028329e-17,0.0019912412390112877,2.393531421670491e-18
4.918,0.3,0.29023733735084534,0.012942874077725718,4.3340766778148776e-17,0.0019910791888833046,2.5199332280714883e-18
4.9190000000000005,0.3,0.29023808240890503,0.012942874077725718,4.374842123634961e-17,0.001990916905924678,2.6780051309376146e-18
4.92,0.3,0.2902388274669647,0.012942874077725718,4.408579181226304e-17,0.0019907548557966948,2.804359677220271e-18
4.921,0.3,0.2902395725250244,0.012942874077725718,4.4334574653294486e-17,0.001990592572838068,2.9148477124898206e-18
4.922,0.3,0.2902403175830841,0.012942874077725718,4.449032945391577e-17,0.001990430522710085,2.9936263366370344e-18
4.923,0.3,0.2902410626411438,0.012942874077725718,4.4553267972363705e-17,0.001990268472582102,3.0565463798165695e-18
4.924,0.3,0.2902418076992035,0.012942874077725718,4.453277705422954e-17,0.0019901064224541187,3.0719193813796947e-18
4.925,0.3,0.2902425527572632,0.012942874077725718,4.4456726068711416e-17,0.001989944139495492,3.0080621482058203e-18
4.926,0.3,0.29024332761764526,0.012942874077725718,4.4352971150117665e-17,0.001989782089367509,2.864987860036871e-18
4.9270000000000005,0.3,0.29024407267570496,0.012942874077725718,4.4235498268245334e-17,0.001989620039239526,2.6744007889802545e-18
4.928,0.3,0.29024481773376465,0.012942874077725718,4.410903889619823e-17,0.0019894579891115427,2.483845482640094e-18
4.929,0.3,0.29024556279182434,0.012942874077725718,4.4015081104779554e-17,0.0019892959389835596,2.2140941797022645e-18
4.93,0.3,0.29024630784988403,0.012942874077725718,4.3967501675945504e-17,0.00198913412168622,1.8968511480983697e-18
4.931,0.3,0.2902470529079437,0.012942874077725718,4.39939516032125e-17,0.001988972071558237,1.5479698259465986e-18
4.932,0.3,0.2902477979660034,0.012942874077725718,4.408978213153799e-17,0.001988810021430254,1.24668320671549e-18
4.933,0.3,0.2902485728263855,0.012942874077725718,4.427788962027745e-17,0.001988647971302271,9.612922506874926e-19
4.934,0.3,0.2902493178844452,0.012942874077725718,4.456271437495906e-17,0.0019884861540049314,7.0763986244161565e-19
4.9350000000000005,0.3,0.2902500629425049,0.012942874077725718,4.4957891640800144e-17,0.0019883241038769484,4.698751815007016e-19
4.936,0.3,0.2902508080005646,0.012942874077725718,4.5477023575793524e-17,0.001988162286579609,2.321500046333767e-19
4.937,0.3,0.29025155305862427,0.012942874077725718,4.6129066891611924e-17,0.001988000236451626,-3.722676882915384e-20
4.938,0.3,0.29025229811668396,0.012942874077725718,4.688613898416741e-17,0.0019878384191542864,-2.7486766374405844e-19
4.939,0.3,0.29025307297706604,0.012942874077725718,4.772494975613293e-17,0.0019876763690263033,-4.649324015405823e-19
4.94,0.3,0.29025381803512573,0.012942874077725718,4.8617596751085855e-17,0.001987514551728964,-6.074288380653189e-19
4.941,0.3,0.2902545630931854,0.012942874077725718,4.9545438626741686e-17,0.0019873527344316244,-7.340560141734536e-19
4.942,0.3,0.2902553081512451,0.012942874077725718,5.046227238280566e-17,0.001987190917134285,-7.97279897148738e-19
4.9430000000000005,0.3,0.2902560830116272,0.012942874077725718,5.1344920418514044e-17,0.0019870290998369455,-8.604932067455984e-19
4.944,0.3,0.2902568280696869,0.012942874077725718,5.216111607253237e-17,0.001986867282539606,-9.236958669636991e-19
4.945,0.3,0.2902575731277466,0.012942874077725718,5.2869450683396227e-17,0.0019867054652422667,-9.710423432046931e-19
4.946,0.3,0.2902583181858063,0.012942874077725718,5.342860492514737e-17,0.001986543647944927,-9.70844153487936e-19
4.947,0.3,0.29025909304618835,0.012942874077725718,5.3801944622817056e-17,0.0019863818306475878,-8.755725575066166e-19
4.948,0.3,0.29025983810424805,0.012942874077725718,5.397594371902881e-17,0.0019862200133502483,-6.852433868039869e-19
4.949,0.3,0.29026058316230774,0.012942874077725718,5.3974011425117886e-17,0.001986058196052909,-4.157180663372747e-19
4.95,0.3,0.29026132822036743,0.012942874077725718,5.382872542232907e-17,0.0019858963787555695,-1.145464569426886e-19
4.9510000000000005,0.3,0.2902621030807495,0.012942874077725718,5.356346845221802e-17,0.0019857347942888737,2.3411169021910623e-19
4.952,0.3,0.2902628481388092,0.012942874077725718,5.323375426005438e-17,0.0019855729769915342,5.351751395259015e-19
4.953,0.3,0.2902635931968689,0.012942874077725718,5.285826720151451e-17,0.0019854113925248384,8.361884377145175e-19
4.954,0.3,0.290264368057251,0.012942874077725718,5.246486010218429e-17,0.001985249575227499,1.1846882074870585e-18
4.955,0.3,0.29026511311531067,0.012942874077725718,5.209501772414448e-17,0.0019850879907608032,1.5014387638455492e-18
4.956,0.3,0.29026585817337036,0.012942874077725718,5.1762646627853323e-17,0.001984926173463464,1.8498275669793438e-18
4.957,0.3,0.29026660323143005,0.012942874077725718,5.1518363649354163e-17,0.001984764588996768,2.166467123144728e-18
4.958,0.3,0.29026737809181213,0.012942874077725718,5.139434280575286e-17,0.001984603004530072,2.435517144470993e-18
4.9590000000000005,0.3,0.2902681231498718,0.012942874077725718,5.143188026195052e-17,0.0019844414200633764,2.625294451931471e-18
4.96,0.3,0.2902688682079315,0.012942874077725718,5.164918391759065e-17,0.001984279602766037,2.7358122385573575e-18
4.961,0.3,0.2902696430683136,0.012942874077725718,5.2045932826595584e-17,0.001984118018299341,2.7670837094802046e-18
4.962,0.3,0.2902703881263733,0.012942874077725718,5.261262102936586e-17,0.0019839564338326454,2.750813207879877e-18
4.963,0.3,0.29027116298675537,0.012942874077725718,5.331206179428355e-17,0.0019837948493659496,2.750390831474338e-18
4.964,0.3,0.29027190804481506,0.012942874077725718,5.414391763165873e-17,0.0019836334977298975,2.702431821717152e-18
4.965,0.3,0.29027265310287476,0.012942874077725718,5.507095879648161e-17,0.0019834719132632017,2.5752530018694997e-18
4.966,0.3,0.29027342796325684,0.012942874077725718,5.603766161731518e-17,0.001983310328796506,2.4005586987012234e-18
4.9670000000000005,0.3,0.29027417302131653,0.012942874077725718,5.702549393971581e-17,0.00198314874432981,2.17835690317278e-18
4.968,0.3,0.2902749180793762,0.012942874077725718,5.799753703858402e-17,0.0019829871598631144,1.9403466054382854e-18
4.969,0.3,0.2902756929397583,0.012942874077725718,5.891689204115506e-17,0.0019828258082270622,1.7023760183207713e-18
4.97,0.3,0.290276437997818,0.012942874077725718,5.976056994384484e-17,0.0019826642237603664,1.4485996521723017e-18
4.971,0.3,0.2902772128582001,0.012942874077725718,6.05148660182646e-17,0.0019825028721243143,1.1790201057839838e-18
4.972,0.3,0.29027795791625977,0.012942874077725718,6.117075406957014e-17,0.0019823412876576185,9.25331144181995e-19
4.973,0.3,0.29027870297431946,0.012942874077725718,6.174222999372588e-17,0.0019821799360215664,6.399934361532715e-19
4.974,0.3,0.29027947783470154,0.012942874077725718,6.22433227739207e-17,0.0019820185843855143,3.2301225136109834e-19
4.9750000000000005,0.3,0.29028022289276123,0.012942874077725718,6.266963180929583e-17,0.0019818569999188185,6.083976341212121e-21
4.976,0.3,0.2902809977531433,0.012942874077725718,6.304429830466805e-17,0.0019816956482827663,-3.58328073141368e-19
4.977,0.3,0.290281742811203,0.012942874077725718,6.337214637736977e-17,0.001981534296646714,-7.38524876873105e-19
4.978,0.3,0.2902825176715851,0.012942874077725718,6.361645582564853e-17,0.001981372945010662,-1.0077394379730068e-18
4.979,0.3,0.2902832627296448,0.012942874077725718,6.377733914606764e-17,0.00198121159337461,-1.165990243432911e-18
4.98,0.3,0.29028400778770447,0.012942874077725718,6.38687194426976e-17,0.001981050241738558,-1.2449869000544904e-18
4.981,0.3,0.29028478264808655,0.012942874077725718,6.390911894381469e-17,0.0019808888901025057,-1.2764337150240738e-18
4.982,0.3,0.29028552770614624,0.012942874077725718,6.389863029364752e-17,0.0019807275384664536,-1.2603386158163821e-18
4.9830000000000005,0.3,0.2902863025665283,0.012942874077725718,6.384660394184038e-17,0.0019805661868304014,-1.1650184445949956e-18
4.984,0.3,0.290287047624588,0.012942874077725718,6.37392557506657e-17,0.0019804048351943493,-9.429497625711223e-19
4.985,0.3,0.2902878224849701,0.012942874077725718,6.361809695198384e-17,0.001980243716388941,-7.050725369129176e-19
4.986,0.3,0.2902885675430298,0.012942874077725718,6.347851518669919e-17,0.0019800823647528887,-4.355438475275074e-19
4.987,0.3,0.29028934240341187,0.012942874077725718,6.330671308219437e-17,0.00197992124594748,-1.1852341329227844e-19
4.988,0.3,0.29029008746147156,0.012942874077725718,6.308886679607241e-17,0.001979759894311428,2.4598085972332813e-19
4.989,0.3,0.29029086232185364,0.012942874077725718,6.28204235262418e-17,0.001979598542675376,6.579610560738788e-19
4.99,0.3,0.29029160737991333,0.012942874077725718,6.252910374939042e-17,0.0019794374238699675,1.0540270650949477e-18
4.9910000000000005,0.3,0.2902923822402954,0.012942874077725718,6.221034804598189e-17,0.001979276305064559,1.4500270908591532e-18
4.992,0.3,0.2902931272983551,0.012942874077725718,6.18642292079101e-17,0.001979114953428507,1.8459611392233997e-18
4.993,0.3,0.2902939021587372,0.012942874077725718,6.149078032239956e-17,0.0019789538346230984,2.241829227936626e-18
4.994,0.3,0.2902946472167969,0.012942874077725718,6.107625695639209e-17,0.00197879271581769,2.685168001598509e-18
4.995,0.3,0.29029542207717896,0.012942874077725718,6.064374737514526e-17,0.0019786315970122814,3.1125873577013933e-18
4.996,0.3,0.29029616713523865,0.012942874077725718,6.020254247129928e-17,0.001978470478206873,3.539935468225445e-18
4.997,0.3,0.2902969419956207,0.012942874077725718,5.977578344967092e-17,0.0019783093594014645,3.9830578896795724e-18
4.998,0.3,0.2902977168560028,0.012942874077725718,5.938640637428506e-17,0.001978148240596056,4.362724242337659e-18
4.999,0.3,0.2902984619140625,0.012942874077725718,5.904821523520398e-17,0.0019779871217906475,4.6472540012094725e-18
5.0,0.3,0.2902992367744446,0.012942874077725718,5.876576945196407e-17,0.001977826002985239,4.8525085703701505e-18
5.001,0.3,0.2902999818325043,0.012942874077725718,5.852984430637414e-17,0.0019776648841798306,5.026037792579754e-18
5.002,0.3,0.29030075669288635,0.012942874077725718,5.83450058354155e-17,0.0019775039982050657,5.199538047034069e-18
5.003,0.3,0.29030150175094604,0.012942874077725718,5.821114815996971e-17,0.0019773428793996572,5.3730093400366944e-18
5.0040000000000004,0.3,0.2903022766113281,0.012942874077725718,5.81281720183633e-17,0.0019771817605942488,5.530606128002494e-18
5.005,0.3,0.2903030216693878,0.012942874077725718,5.810057727312853e-17,0.001977020874619484,5.656485519355268e-18
5.006,0.3,0.2903037965297699,0.012942874077725718,5.811900685717621e-17,0.0019768597558140755,5.734807261179949e-18
5.007,0.3,0.290304571390152,0.012942874077725718,5.816492530734025e-17,0.0019766988698393106,5.7655793024801104e-18
5.008,0.3,0.29030531644821167,0.012942874077725718,5.821525759325288e-17,0.001976537751033902,5.780500672876868e-18
5.009,0.3,0.29030609130859375,0.012942874077725718,5.8260772379278e-17,0.0019763768650591373,5.795419558605288e-18
5.01,0.3,0.29030683636665344,0.012942874077725718,5.83060754070663e-17,0.0019762159790843725,5.77864488011246e-18
5.011,0.3,0.2903076112270355,0.012942874077725718,5.83419088712021e-17,0.0019760550931096077,5.714336378188449e-18
5.0120000000000005,0.3,0.2903083860874176,0.012942874077725718,5.834987627486221e-17,0.001975894207134843,5.618347539152726e-18
5.013,0.3,0.2903091311454773,0.012942874077725718,5.831622656754355e-17,0.0019757330883294344,5.506529195417542e-18
5.014,0.3,0.2903099060058594,0.012942874077725718,5.823180120550394e-17,0.0019755722023546696,5.394729534996203e-18
5.015,0.3,0.29031065106391907,0.012942874077725718,5.810131180951247e-17,0.0019754113163799047,5.2671030095232725e-18
5.016,0.3,0.29031142592430115,0.012942874077725718,5.791561968816167e-17,0.0019752506632357836,5.1236522705334875e-18
5.017,0.3,0.2903122007846832,0.012942874077725718,5.766102011306275e-17,0.0019750897772610188,4.9802255003970295e-18
5.018,0.3,0.2903129458427429,0.012942874077725718,5.733303969146302e-17,0.001974928891286254,4.852668240484263e-18
5.019,0.3,0.290313720703125,0.012942874077725718,5.69364098964663e-17,0.001974768005311489,4.725132309168855e-18
5.0200000000000005,0.3,0.2903144955635071,0.012942874077725718,5.647590190584577e-17,0.0019746071193367243,4.613463225515313e-18
5.021,0.3,0.2903152406215668,0.012942874077725718,5.595628027992976e-17,0.001974446466192603,4.533503885289285e-18
5.022,0.3,0.29031601548194885,0.012942874077725718,5.5373058391075774e-17,0.0019742855802178383,4.516940111097268e-18
5.023,0.3,0.29031679034233093,0.012942874077725718,5.4749417148769995e-17,0.001974124927073717,4.563761296206029e-18
5.024,0.3,0.2903175354003906,0.012942874077725718,5.41130704122554e-17,0.0019739640410989523,4.626420219777901e-18
5.025,0.3,0.2903183102607727,0.012942874077725718,5.3473269369502785e-17,0.001973803387954831,4.720759805743459e-18
5.026,0.3,0.2903190553188324,0.012942874077725718,5.283925528231559e-17,0.0019736425019800663,4.8467747380955735e-18
5.027,0.3,0.2903198301792145,0.012942874077725718,5.2224858610535704e-17,0.001973481848835945,5.004459748172419e-18
5.0280000000000005,0.3,0.29032060503959656,0.012942874077725718,5.1657667481952994e-17,0.001973321195691824,5.146272883286737e-18
5.029,0.3,0.29032135009765625,0.012942874077725718,5.1128400930094614e-17,0.001973160542547703,5.303907886235437e-18
5.03,0.3,0.29032212495803833,0.012942874077725718,5.0641581978550006e-17,0.0019729998894035816,5.461516589482773e-18
5.031,0.3,0.2903228998184204,0.012942874077725718,5.020172041601881e-17,0.0019728392362594604,5.603253432064146e-18
5.032,0.3,0.2903236746788025,0.012942874077725718,4.9817935081573805e-17,0.0019726785831153393,5.69742997071995e-18
5.033,0.3,0.2903244197368622,0.012942874077725718,4.947168389460401e-17,0.001972517929971218,5.7598996899681575e-18
5.034,0.3,0.29032519459724426,0.012942874077725718,4.916289737193796e-17,0.001972357276827097,5.774822343538337e-18
5.035,0.3,0.29032596945762634,0.012942874077725718,4.887768218800723e-17,0.0019721966236829758,5.758051399762156e-18
5.0360000000000005,0.3,0.29032671451568604,0.012942874077725718,4.861138958776926e-17,0.0019720359705388546,5.70959214962456e-18
5.037,0.3,0.2903274893760681,0.012942874077725718,4.835015602415766e-17,0.0019718753173947334,5.629449894890898e-18
5.038,0.3,0.2903282642364502,0.012942874077725718,4.808933935957479e-17,0.001971714897081256,5.501784368370836e-18
5.039,0.3,0.2903290092945099,0.012942874077725718,4.781511244290121e-17,0.0019715542439371347,5.326603502414427e-18
5.04,0.3,0.29032978415489197,0.012942874077725718,4.750908208603619e-17,0.0019713938236236572,5.1197607887630585e-18
5.041,0.3,0.29033055901527405,0.012942874077725718,4.71574740774195e-17,0.001971233170479536,4.897107042431678e-18
5.042,0.3,0.29033130407333374,0.012942874077725718,4.6751192739035507e-17,0.0019710727501660585,4.6903359935221914e-18
5.043,0.3,0.2903320789337158,0.012942874077725718,4.629494307420841e-17,0.0019709120970219374,4.483599467853183e-18
5.0440000000000005,0.3,0.2903328537940979,0.012942874077725718,4.5793413542650157e-17,0.00197075167670846,4.261051889346307e-18
5.045,0.3,0.29033362865448,0.012942874077725718,4.5242110899273365e-17,0.0019705912563949823,4.038541439753748e-18
5.046,0.3,0.2903343737125397,0.012942874077725718,4.46319328486175e-17,0.001970430836081505,3.847759204137407e-18
5.047,0.3,0.29033514857292175,0.012942874077725718,4.3972209987992156e-17,0.0019702701829373837,3.6886999151727155e-18
5.048,0.3,0.29033592343330383,0.012942874077725718,4.327688858252498e-17,0.001970109762623906,3.561358244120527e-18
5.049,0.3,0.2903366982936859,0.012942874077725718,4.255524298124392e-17,0.0019699493423104286,3.4657288940020814e-18
5.05,0.3,0.2903374433517456,0.012942874077725718,4.182117643588476e-17,0.001969788921996951,3.4018065676994745e-18
5.051,0.3,0.2903382182121277,0.012942874077725718,4.109315161771969e-17,0.0019696287345141172,3.3537404536207446e-18
5.0520000000000005,0.3,0.29033899307250977,0.012942874077725718,4.038499567786814e-17,0.0019694683142006397,3.3215278636335517e-18
5.053,0.3,0.29033973813056946,0.012942874077725718,3.9710519223837303e-17,0.001969307893887162,3.3051661482382196e-18
5.054,0.3,0.29034051299095154,0.012942874077725718,3.9074268440273766e-17,0.0019691474735736847,3.3046526873660394e-18
5.055,0.3,0.2903412878513336,0.012942874077725718,3.848079943799147e-17,0.001968987053260207,3.3358303491024345e-18
5.056,0.3,0.2903420627117157,0.012942874077725718,3.794385334132615e-17,0.0019688268657773733,3.398693844668654e-18
5.057,0.3,0.2903428077697754,0.012942874077725718,3.746793663025499e-17,0.001968666445463896,3.4932378868547935e-18
5.058,0.3,0.29034358263015747,0.012942874077725718,3.7071356466095016e-17,0.001968506257981062,3.603611655912019e-18
5.059,0.3,0.29034435749053955,0.012942874077725718,3.676315227858021e-17,0.0019683458376675844,3.69812140626123e-18
5.0600000000000005,0.3,0.29034513235092163,0.012942874077725718,3.653851980271286e-17,0.0019681856501847506,3.760924241864536e-18
5.061,0.3,0.2903459072113037,0.012942874077725718,3.639269447816466e-17,0.0019680254627019167,3.792025457350566e-18
5.062,0.3,0.2903466522693634,0.012942874077725718,3.631628615062191e-17,0.001967865042388439,3.7755848016220326e-18
5.063,0.3,0.2903474271297455,0.012942874077725718,3.628612383676578e-17,0.0019677048549056053,3.74330130402304e-18
5.064,0.3,0.29034820199012756,0.012942874077725718,3.628367869087507e-17,0.0019675446674227715,3.726868715321321e-18
5.065,0.3,0.29034897685050964,0.012942874077725718,3.630423247473579e-17,0.0019673844799399376,3.678747767360396e-18
5.066,0.3,0.29034972190856934,0.012942874077725718,3.63200547854927e-17,0.0019672242924571037,3.614789312089263e-18
5.067,0.3,0.2903504967689514,0.012942874077725718,3.630345823368244e-17,0.00196706410497427,3.534996004374563e-18
5.0680000000000005,0.3,0.2903512716293335,0.012942874077725718,3.6231463741888273e-17,0.001966903917491436,3.48690714243965e-18
5.069,0.3,0.2903520464897156,0.012942874077725718,3.609490614892312e-17,0.001966743730008602,3.4388263646634155e-18
5.07,0.3,0.29035279154777527,0.012942874077725718,3.585240326310217e-17,0.0019665835425257683,3.4382903336140164e-18
5.071,0.3,0.29035356640815735,0.012942874077725718,3.549484948024245e-17,0.0019664233550429344,3.4536000553976098e-18
5.072,0.3,0.29035434126853943,0.012942874077725718,3.501324507527938e-17,0.001966263400390744,3.484752882880389e-18
5.073,0.3,0.2903551161289215,0.012942874077725718,3.440318282990927e-17,0.0019661032129079103,3.515900627894684e-18
5.074,0.3,0.2903558909893036,0.012942874077725718,3.367412238161728e-17,0.0019659430254250765,3.515352185072563e-18
5.075,0.3,0.2903566360473633,0.012942874077725718,3.2844761320969564e-17,0.0019657830707728863,3.467267274142967e-18
5.0760000000000005,0.3,0.29035741090774536,0.012942874077725718,3.192919149688157e-17,0.0019656228832900524,3.3716538498871904e-18
5.077,0.3,0.29035818576812744,0.012942874077725718,3.094145843615445e-17,0.001965462928637862,3.2285197730553434e-18
5.078,0.3,0.2903589606285095,0.012942874077725718,2.990022002468495e-17,0.001965302973985672,3.0537184898294613e-18
5.079,0.3,0.2903597354888916,0.012942874077725718,2.884248432307869e-17,0.001965142786502838,2.7997186116248177e-18
5.08,0.3,0.2903604805469513,0.012942874077725718,2.778223068368782e-17,0.001964982831850648,2.498224419720869e-18
5.081,0.3,0.2903612554073334,0.012942874077725718,2.673333588846853e-17,0.0019648228771984577,2.149243872903387e-18
5.082,0.3,0.29036203026771545,0.012942874077725718,2.5705059397197737e-17,0.0019646629225462675,1.7686303668233708e-18
5.083,0.3,0.29036280512809753,0.012942874077725718,2.471123332407855e-17,0.0019645029678940773,1.3563891636879905e-18
5.0840000000000005,0.3,0.2903635799884796,0.012942874077725718,2.3761036065187862e-17,0.001964343013241887,9.125255217363295e-19
5.085,0.3,0.2903643250465393,0.012942874077725718,2.2872902167657027e-17,0.001964183058589697,4.528902457932366e-19
5.086,0.3,0.2903650999069214,0.012942874077725718,2.204675553086969e-17,0.0019640231039375067,2.5022645064363256e-20
5.087,0.3,0.29036587476730347,0.012942874077725718,2.1300903316142877e-17,0.0019638631492853165,-4.027737223604268e-19
5.088,0.3,0.29036664962768555,0.012942874077725718,2.063978913772722e-17,0.0019637031946331263,-8.4634440756197315e-19
5.089,0.3,0.2903674244880676,0.012942874077725718,2.0030975935082066e-17,0.0019635434728115797,-1.2581501161857513e-18
5.09,0.3,0.2903681695461273,0.012942874077725718,1.9455853798786197e-17,0.0019633835181593895,-1.6540416657462704e-18
5.091,0.3,0.2903689444065094,0.012942874077725718,1.888201875552346e-17,0.0019632235635071993,-2.034021660110728e-18
5.0920000000000005,0.3,0.2903697192668915,0.012942874077725718,1.8281836355389685e-17,0.0019630638416856527,-2.318865026646427e-18
5.093,0.3,0.29037049412727356,0.012942874077725718,1.763220178951504e-17,0.0019629038870334625,-2.524433150361364e-18
5.094,0.3,0.29037126898765564,0.012942874077725718,1.6910096275813398e-17,0.001962744165211916,-2.6348936839149766e-18
5.095,0.3,0.2903720438480377,0.012942874077725718,1.61063761597936e-17,0.0019625842105597258,-2.650262473286705e-18
5.096,0.3,0.2903727889060974,0.012942874077725718,1.5207330095621964e-17,0.001962424488738179,-2.53886426625099e-18
5.097,0.3,0.2903735637664795,0.012942874077725718,1.423147038540743e-17,0.0019622647669166327,-2.3799478943597027e-18
5.098,0.3,0.2903743386268616,0.012942874077725718,1.3201998618151497e-17,0.001962105045095086,-2.1893668870847654e-18
5.099,0.3,0.29037511348724365,0.012942874077725718,1.2128272688123976e-17,0.001961945090442896,-1.9354354438262497e-18
5.1000000000000005,0.3,0.29037588834762573,0.012942874077725718,1.1051841050312795e-17,0.0019617853686213493,-1.6815463278152731e-18
5.101,0.3,0.2903766334056854,0.012942874077725718,9.958912122364856e-18,0.0019616256467998028,-1.3801628914505665e-18
5.102,0.3,0.2903774082660675,0.012942874077725718,8.8725452182163e-18,0.0019614659249782562,-1.0629841052135892e-18
5.103,0.3,0.2903781831264496,0.012942874077725718,7.792722967074264e-18,0.0019613062031567097,-7.3001265115914075e-19
5.104,0.3,0.29037895798683167,0.012942874077725718,6.719423035062209e-18,0.0019611467141658068,-3.8125116185317868e-19
5.105,0.3,0.29037973284721375,0.012942874077725718,5.65722552123184e-18,0.00196098699234426,-3.2547817568600774e-20
5.106,0.3,0.2903805077075958,0.012942874077725718,4.610710111044558e-18,0.0019608272705227137,3.002518432679262e-19
5.107,0.3,0.2903812527656555,0.012942874077725718,3.575253692056803e-18,0.001960667548701167,6.329960170766782e-19
5.1080000000000005,0.3,0.2903820276260376,0.012942874077725718,2.5830776374645078e-18,0.001960508059710264,8.864570152898776e-19
5.109,0.3,0.2903828024864197,0.012942874077725718,1.624901497782709e-18,0.0019603483378887177,1.0606480117393826e-18
5.11,0.3,0.29038357734680176,0.012942874077725718,6.868797171233413e-19,0.001960188616067171,1.1872733273745907e-18
5.111,0.3,0.29038435220718384,0.012942874077725718,-2.494925619970191e-19,0.001960029127076268,1.2504953549452238e-18
5.112,0.3,0.2903851270675659,0.012942874077725718,-1.193421239410628e-18,0.0019598696380853653,1.2503246617759434e-18
5.113,0.3,0.2903858721256256,0.012942874077725718,-2.1264187250293486e-18,0.0019597099162638187,1.1550807202681097e-18
5.114,0.3,0.2903866469860077,0.012942874077725718,-3.080732861828714e-18,0.001959550427272916,1.0123160785290636e-18
5.115,0.3,0.29038742184638977,0.012942874077725718,-4.05167829202407e-18,0.001959390938282013,8.220386046731649e-19
5.1160000000000005,0.3,0.29038819670677185,0.012942874077725718,-5.043798305129865e-18,0.0019592312164604664,6.001017652143295e-19
5.117,0.3,0.29038897156715393,0.012942874077725718,-6.047831373417649e-18,0.0019590717274695635,3.148197425213721e-19
5.118,0.3,0.290389746427536,0.012942874077725718,-7.082158277278963e-18,0.0019589122384786606,-2.1058025751626666e-21
5.119,0.3,0.2903904914855957,0.012942874077725718,-8.151323960589478e-18,0.0019587527494877577,-3.506695959285057e-19
5.12,0.3,0.2903912663459778,0.012942874077725718,-9.25522130345987e-18,0.0019585932604968548,-7.150207622325549e-19
5.121,0.3,0.29039204120635986,0.012942874077725718,-1.0379920584374746e-17,0.001958433771505952,-1.0951567397918052e-18
5.122,0.3,0.29039281606674194,0.012942874077725718,-1.1520753195956855e-17,0.0019582745153456926,-1.491074901121152e-18
5.123,0.3,0.290393590927124,0.012942874077725718,-1.2696085029346714e-17,0.0019581150263547897,-1.839390427204746e-18
5.124,0.3,0.2903943657875061,0.012942874077725718,-1.3878211324288084e-17,0.001957955537363887,-2.18764790613717e-18
5.125,0.3,0.2903951108455658,0.012942874077725718,-1.5062502350892505e-17,0.001957796048372984,-2.5358473526642488e-18
5.126,0.3,0.2903958857059479,0.012942874077725718,-1.6253521664599432e-17,0.0019576367922127247,-2.836452074917557e-18
5.127,0.3,0.29039666056632996,0.012942874077725718,-1.7437422261954728e-17,0.001957477303221822,-3.089470081431139e-18
5.128,0.3,0.29039743542671204,0.012942874077725718,-1.8595805991773988e-17,0.0019573180470615625,-3.326600407504522e-18
5.1290000000000004,0.3,0.2903982102870941,0.012942874077725718,-1.9719514310315025e-17,0.0019571585580706596,-3.563691251556523e-18
5.13,0.3,0.2903989851474762,0.012942874077725718,-2.0813210861871413e-17,0.0019569993019104004,-3.78489707419425e-18
5.131,0.3,0.2903997600078583,0.012942874077725718,-2.187693369675133e-17,0.001956840045750141,-3.958529429376312e-18
5.132,0.3,0.29040050506591797,0.012942874077725718,-2.2906144902114308e-17,0.0019566805567592382,-4.084596243990246e-18
5.133,0.3,0.29040127992630005,0.012942874077725718,-2.3910163494741373e-17,0.001956521300598979,-4.147259843740921e-18
5.134,0.3,0.29040205478668213,0.012942874077725718,-2.487524173285189e-17,0.0019563620444387197,-4.178221945484175e-18
5.135,0.3,0.2904028296470642,0.012942874077725718,-2.5829124908552115e-17,0.0019562027882784605,-4.1141056310320835e-18
5.136,0.3,0.2904036045074463,0.012942874077725718,-2.6776498172831548e-17,0.0019560435321182013,-3.954926736461022e-18
5.1370000000000005,0.3,0.29040437936782837,0.012942874077725718,-2.7726693777361012e-17,0.001955884275957942,-3.73239218518795e-18
5.138,0.3,0.29040512442588806,0.012942874077725718,-2.8716640373407324e-17,0.0019557250197976828,-3.3989758774312e-18
5.139,0.3,0.29040589928627014,0.012942874077725718,-2.972331917888436e-17,0.0019555657636374235,-3.0497695332379205e-18
5.14,0.3,0.2904066741466522,0.012942874077725718,-3.0765149851672447e-17,0.0019554065074771643,-2.653084720830182e-18
5.141,0.3,0.2904074490070343,0.012942874077725718,-3.1855976086503276e-17,0.0019552474841475487,-2.2406204406782075e-18
5.142,0.3,0.2904082238674164,0.012942874077725718,-3.298652022562645e-17,0.0019550882279872894,-1.8599159629399078e-18
5.143,0.3,0.29040899872779846,0.012942874077725718,-3.416594081278416e-17,0.00195492897182703,-1.5268115325291902e-18
5.144,0.3,0.29040974378585815,0.012942874077725718,-3.541257478779548e-17,0.0019547699484974146,-1.225453660029117e-18
5.1450000000000005,0.3,0.29041051864624023,0.012942874077725718,-3.6735491358896435e-17,0.0019546106923371553,-9.399914419056416e-19
5.146,0.3,0.2904112935066223,0.012942874077725718,-3.8106880713893e-17,0.0019544516690075397,-7.338044923605945e-19
5.147,0.3,0.2904120683670044,0.012942874077725718,-3.9535838530800805e-17,0.0019542924128472805,-5.910340583571913e-19
5.148,0.3,0.2904128432273865,0.012942874077725718,-4.10083325177085e-17,0.001954133389517665,-4.958240388614095e-19
5.149,0.3,0.29041361808776855,0.012942874077725718,-4.2510386630986393e-17,0.0019539741333574057,-4.3232097026836703e-19
5.15,0.3,0.29041436314582825,0.012942874077725718,-4.403269012565958e-17,0.00195381511002779,-4.005195732887357e-19
5.151,0.3,0.2904151380062103,0.012942874077725718,-4.5565958726532775e-17,0.0019536560866981745,-4.1626004415938638e-19
5.152,0.3,0.2904159128665924,0.012942874077725718,-4.708246203075074e-17,0.001953497063368559,-4.953801072584411e-19
5.1530000000000005,0.3,0.2904166877269745,0.012942874077725718,-4.857291576311819e-17,0.0019533380400389433,-6.061781136591035e-19
5.154,0.3,0.29041746258735657,0.012942874077725718,-5.002812829266843e-17,0.0019531790167093277,-7.486487929061924e-19
5.155,0.3,0.29041823744773865,0.012942874077725718,-5.1443503803918114e-17,0.001953019993379712,-8.91095772395857e-19
5.156,0.3,0.29041898250579834,0.012942874077725718,-5.28191117800387e-17,0.0019528609700500965,-1.033519051995118e-18
5.157,0.3,0.2904197573661804,0.012942874077725718,-5.4159647298187037e-17,0.001952701946720481,-1.175918559853801e-18
5.158,0.3,0.2904205322265625,0.012942874077725718,-5.547439463355842e-17,0.0019525430398061872,-1.286603270474427e-18
5.159,0.3,0.2904213070869446,0.012942874077725718,-5.677726696405599e-17,0.0019523840164765716,-1.3655784581348469e-18
5.16,0.3,0.29042208194732666,0.012942874077725718,-5.808216092397065e-17,0.0019522251095622778,-1.4128493997839684e-18
5.1610000000000005,0.3,0.29042285680770874,0.012942874077725718,-5.938909967435953e-17,0.001952066202647984,-1.4442669221015686e-18
5.162,0.3,0.29042360186576843,0.012942874077725718,-6.071193352739923e-17,0.0019519072957336903,-1.4439881094902681e-18
5.163,0.3,0.2904243767261505,0.012942874077725718,-6.205989381872584e-17,0.0019517483888193965,-1.4120181662208813e-18
5.164,0.3,0.2904251515865326,0.012942874077725718,-6.344213909208156e-17,0.0019515894819051027,-1.332516890188151e-18
5.165,0.3,0.2904259264469147,0.012942874077725718,-6.486790730054736e-17,0.001951430574990809,-1.221337746060292e-18
5.166,0.3,0.29042670130729675,0.012942874077725718,-6.633251991057865e-17,0.0019512716680765152,-1.1101771069015422e-18
5.167,0.3,0.29042747616767883,0.012942874077725718,-6.78589593083146e-17,0.0019511128775775433,-9.514983244957136e-19
5.168,0.3,0.2904282212257385,0.012942874077725718,-6.943788166155582e-17,0.0019509539706632495,-7.294637746635228e-19
5.1690000000000005,0.3,0.2904289960861206,0.012942874077725718,-7.105998946021721e-17,0.0019507951801642776,-4.757750271945795e-19
5.17,0.3,0.2904297709465027,0.012942874077725718,-7.272984874128006e-17,0.0019506363896653056,-2.0628298952902175e-19
5.171,0.3,0.29043054580688477,0.012942874077725718,-7.443356287045348e-17,0.0019504775991663337,4.7318594354258893e-20
5.172,0.3,0.29043132066726685,0.012942874077725718,-7.615720212622207e-17,0.0019503188086673617,3.0087790758746063e-19
5.173,0.3,0.29043206572532654,0.012942874077725718,-7.788683678707045e-17,0.0019501600181683898,5.543949403022962e-19
5.174,0.3,0.2904328405857086,0.012942874077725718,-7.959016710443965e-17,0.0019500012276694179,7.920242187244185e-19
5.175,0.3,0.2904336154460907,0.012942874077725718,-8.125334276615307e-17,0.001949842437170446,1.0296138360838132e-18
5.176,0.3,0.2904343903064728,0.012942874077725718,-8.286721184591343e-17,0.0019496837630867958,1.283009338053763e-18
5.1770000000000005,0.3,0.29043516516685486,0.012942874077725718,-8.440423253804516e-17,0.0019495249725878239,1.4888258810592628e-18
5.178,0.3,0.29043591022491455,0.012942874077725718,-8.584602158061489e-17,0.0019493662985041738,1.6629169350797828e-18
5.179,0.3,0.29043668508529663,0.012942874077725718,-8.718355939622334e-17,0.0019492076244205236,1.789442304881459e-18
5.18,0.3,0.2904374599456787,0.012942874077725718,-8.839854874972082e-17,0.0019490489503368735,1.8367187401772863e-18
5.181,0.3,0.2904382348060608,0.012942874077725718,-8.950501862429626e-17,0.0019488902762532234,1.868141649806171e-18
5.182,0.3,0.29043900966644287,0.012942874077725718,-9.050777990239224e-17,0.0019487316021695733,1.8678681351003033e-18
5.183,0.3,0.29043978452682495,0.012942874077725718,-9.143007305049906e-17,0.0019485729280859232,1.899285690024051e-18
5.184,0.3,0.29044052958488464,0.012942874077725718,-9.229053279345633e-17,0.001948414370417595,1.9465435067978798e-18
5.1850000000000005,0.3,0.2904413044452667,0.012942874077725718,-9.311701857429481e-17,0.0019482556963339448,2.009639015415925e-18
5.186,0.3,0.2904420793056488,0.012942874077725718,-9.3932691450166e-17,0.0019480971386656165,2.0885695482503045e-18
5.187,0.3,0.2904428541660309,0.012942874077725718,-9.476989087429827e-17,0.0019479385809972882,2.1991780324732825e-18
5.188,0.3,0.2904435992240906,0.012942874077725718,-9.561485256129874e-17,0.0019477799069136381,2.246385904086596e-18
5.189,0.3,0.29044437408447266,0.012942874077725718,-9.649515140406747e-17,0.0019476213492453098,2.277740439558506e-18
5.19,0.3,0.29044514894485474,0.012942874077725718,-9.740616842606397e-17,0.0019474627915769815,2.24570758820749e-18
5.191,0.3,0.2904459238052368,0.012942874077725718,-9.835243657704503e-17,0.001947304350323975,2.1344523710249303e-18
5.192,0.3,0.2904466986656189,0.012942874077725718,-9.936148442779642e-17,0.0019471457926556468,2.0073701893051483e-18
5.1930000000000005,0.3,0.2904474437236786,0.012942874077725718,-1.0042856727032453e-16,0.0019469872349873185,1.8644636799489124e-18
5.194,0.3,0.29044821858406067,0.012942874077725718,-1.0154896686641535e-16,0.001946828793734312,1.6740444493989193e-18
5.195,0.3,0.29044899344444275,0.012942874077725718,-1.027087336422188e-16,0.0019466702360659838,1.4044292493015047e-18
5.196,0.3,0.29044976830482483,0.012942874077725718,-1.0391697320191786e-16,0.0019465117948129773,1.0714768239951302e-18
5.197,0.3,0.2904505431652069,0.012942874077725718,-1.051781324684856e-16,0.0019463533535599709,7.227343687180082e-19
5.198,0.3,0.2904512882232666,0.012942874077725718,-1.0647824201573725e-16,0.0019461949123069644,3.423589562357881e-19
5.199,0.3,0.2904520630836487,0.012942874077725718,-1.078033721221574e-16,0.001946036471053958,-6.964407083033839e-20
5.2,0.3,0.29045283794403076,0.012942874077725718,-1.0915337720395824e-16,0.0019458780298009515,-4.657328810662066e-19
5.2010000000000005,0.3,0.29045361280441284,0.012942874077725718,-1.1052825726113978e-16,0.0019457197049632668,-8.459101335704065e-19
5.202,0.3,0.29045435786247253,0.012942874077725718,-1.1191868831383732e-16,0.0019455612637102604,-1.1943329419289213e-18
5.203,0.3,0.2904551327228546,0.012942874077725718,-1.1330620769077867e-16,0.0019454029388725758,-1.526852071750057e-18
5.204,0.3,0.2904559075832367,0.012942874077725718,-1.1469540789872472e-16,0.0019452444976195693,-1.811779158186581e-18
5.205,0.3,0.2904566824436188,0.012942874077725718,-1.1610017233707658e-16,0.0019450861727818847,-2.0332765845481794e-18
5.206,0.3,0.29045745730400085,0.012942874077725718,-1.1750663084132294e-16,0.0019449278479442,-2.207200475122469e-18
5.207,0.3,0.29045820236206055,0.012942874077725718,-1.1890565133750123e-16,0.0019447695231065154,-2.3652498523763144e-18
5.208,0.3,0.2904589772224426,0.012942874077725718,-1.203202360640853e-16,0.0019446111982688308,-2.4598906268745e-18
5.2090000000000005,0.3,0.2904597520828247,0.012942874077725718,-1.2173663397057211e-16,0.0019444528734311461,-2.538670096139311e-18
5.21,0.3,0.2904605269432068,0.012942874077725718,-1.231778340605457e-16,0.0019442946650087833,-2.5382087042999135e-18
5.211,0.3,0.2904612720012665,0.012942874077725718,-1.246208208606424e-16,0.0019441363401710987,-2.5377474045790008e-18
5.212,0.3,0.29046204686164856,0.012942874077725718,-1.2607484555883302e-16,0.001943978131748736,-2.5055950205147732e-18
5.213,0.3,0.29046282172203064,0.012942874077725718,-1.2753063049736715e-16,0.0019438198069110513,-2.4259113780545615e-18
5.214,0.3,0.2904635965824127,0.012942874077725718,-1.289743187466233e-16,0.0019436615984886885,-2.3145499562928347e-18
5.215,0.3,0.2904643416404724,0.012942874077725718,-1.3039672529307968e-16,0.0019435033900663257,-2.1715160430751972e-18
5.216,0.3,0.2904651165008545,0.012942874077725718,-1.3178869159299412e-16,0.0019433451816439629,-1.980969300990286e-18
5.2170000000000005,0.3,0.2904658913612366,0.012942874077725718,-1.3313641365630431e-16,0.0019431869732216,-1.7429177396078403e-18
5.218,0.3,0.29046666622161865,0.012942874077725718,-1.344123629122245e-16,0.0019430287647992373,-1.5049059295104503e-18
5.219,0.3,0.29046741127967834,0.012942874077725718,-1.3561665847476291e-16,0.0019428706727921963,-1.266933861890739e-18
5.22,0.3,0.2904681861400604,0.012942874077725718,-1.3673566840742465e-16,0.0019427124643698335,-1.0765381076507326e-18
5.221,0.3,0.2904689610004425,0.012942874077725718,-1.377925537673612e-16,0.0019425543723627925,-9.020196988311551e-19
5.222,0.3,0.2904697060585022,0.012942874077725718,-1.3878743366858078e-16,0.0019423961639404297,-7.433759824530872e-19
5.223,0.3,0.2904704809188843,0.012942874077725718,-1.3973431062449268e-16,0.0019422380719333887,-6.006042479960791e-19
5.224,0.3,0.29047125577926636,0.012942874077725718,-1.4062867153767482e-16,0.0019420799799263477,-5.053930001899909e-19
5.2250000000000005,0.3,0.29047203063964844,0.012942874077725718,-1.4147982053565718e-16,0.0019419218879193068,-4.735798502574006e-19
5.226,0.3,0.29047277569770813,0.012942874077725718,-1.4231549794746235e-16,0.0019417637959122658,-4.57617571373163e-19
5.227,0.3,0.2904735505580902,0.012942874077725718,-1.4314038892407983e-16,0.0019416057039052248,-4.891945550108126e-19
5.228,0.3,0.2904743254184723,0.012942874077725718,-1.439821014456342e-16,0.0019414477283135056,-5.207662786708677e-19
5.229,0.3,0.29047510027885437,0.012942874077725718,-1.4483605624025434e-16,0.0019412896363064647,-5.681782877327454e-19
5.23,0.3,0.29047584533691406,0.012942874077725718,-1.4571603082822295e-16,0.0019411316607147455,-6.31427940065705e-19
5.231,0.3,0.29047662019729614,0.012942874077725718,-1.4660353606848824e-16,0.0019409736851230264,-7.422036449046548e-19
5.232,0.3,0.2904773950576782,0.012942874077725718,-1.4748930753818963e-16,0.0019408155931159854,-8.846520014453838e-19
5.2330000000000005,0.3,0.2904781401157379,0.012942874077725718,-1.483640411097971e-16,0.0019406576175242662,-1.0429221899318216e-18
5.234,0.3,0.29047891497612,0.012942874077725718,-1.4922311780677018e-16,0.001940499641932547,-1.2011659688232759e-18
5.235,0.3,0.2904796898365021,0.012942874077725718,-1.5007582852174904e-16,0.0019403417827561498,-1.3276923040698623e-18
5.236,0.3,0.29048043489456177,0.012942874077725718,-1.50917501338634e-16,0.0019401838071644306,-1.4225064870160758e-18
5.237,0.3,0.29048120975494385,0.012942874077725718,-1.5173441167670157e-16,0.0019400258315727115,-1.5014593031020766e-18
5.238,0.3,0.2904819846153259,0.012942874077725718,-1.5252654630106195e-16,0.0019398679723963141,-1.5487079098991503e-18
5.239,0.3,0.290482759475708,0.012942874077725718,-1.5327094267791067e-16,0.001939709996804595,-1.5959486972379998e-18
5.24,0.3,0.2904835045337677,0.012942874077725718,-1.5396764051191713e-16,0.0019395521376281977,-1.627336122059176e-18
5.2410000000000005,0.3,0.2904842793941498,0.012942874077725718,-1.5459834918537656e-16,0.0019393942784518003,-1.6587183373421173e-18
5.242,0.3,0.29048505425453186,0.012942874077725718,-1.5517231988625976e-16,0.001939236419275403,-1.6425587479869935e-18
5.243,0.3,0.29048579931259155,0.012942874077725718,-1.5566206374845035e-16,0.0019390785600990057,-1.6264019296107147e-18
5.244,0.3,0.29048657417297363,0.012942874077725718,-1.5605394883545348e-16,0.0019389207009226084,-1.6577844906340958e-18
5.245,0.3,0.2904873490333557,0.012942874077725718,-1.563757948856305e-16,0.001938762841746211,-1.689161883568078e-18
5.246,0.3,0.2904880940914154,0.012942874077725718,-1.5662774748276926e-16,0.0019386050989851356,-1.7522251993251487e-18
5.247,0.3,0.2904888689517975,0.012942874077725718,-1.5681919016373853e-16,0.0019384472398087382,-1.8469691222397265e-18
5.248,0.3,0.29048964381217957,0.012942874077725718,-1.569778632575609e-16,0.0019382894970476627,-1.9258517333954393e-18
5.249,0.3,0.29049038887023926,0.012942874077725718,-1.5710855779434428e-16,0.0019381317542865872,-2.0522578579234354e-18
5.25,0.3,0.29049116373062134,0.012942874077725718,-1.5722974968025065e-16,0.00193797389511019,-2.2261795376515808e-18
5.251,0.3,0.2904919385910034,0.012942874077725718,-1.573691263047434e-16,0.0019378161523491144,-2.4159177568425824e-18
5.252,0.3,0.2904926836490631,0.012942874077725718,-1.5757735082598014e-16,0.001937658409588039,-2.5580876602031582e-18
5.253,0.3,0.2904934585094452,0.012942874077725718,-1.5786824046891298e-16,0.0019375007832422853,-2.6843882288306473e-18
5.2540000000000004,0.3,0.29049423336982727,0.012942874077725718,-1.5825088760283511e-16,0.0019373430404812098,-2.82651322990142e-18
5.255,0.3,0.29049497842788696,0.012942874077725718,-1.587343448923703e-16,0.0019371852977201343,-2.96861447802413e-18
5.256,0.3,0.29049575328826904,0.012942874077725718,-1.5933217809956443e-16,0.0019370276713743806,-3.063155289218741e-18
5.257,0.3,0.29049649834632874,0.012942874077725718,-1.60021159992817e-16,0.001936870045028627,-3.1418347454924604e-18
5.258,0.3,0.2904972732067108,0.012942874077725718,-1.608057110253215e-16,0.0019367123022675514,-3.157118802342022e-18
5.259,0.3,0.2904980480670929,0.012942874077725718,-1.6165791881448793e-16,0.0019365546759217978,-3.1248636493475144e-18
5.26,0.3,0.2904987931251526,0.012942874077725718,-1.625684262932271e-16,0.001936397049576044,-2.997540585906261e-18
5.261,0.3,0.29049956798553467,0.012942874077725718,-1.6350944019295722e-16,0.0019362394232302904,-2.7434743292205763e-18
5.2620000000000005,0.3,0.29050034284591675,0.012942874077725718,-1.6442557249986175e-16,0.0019360817968845367,-2.4260682816542616e-18
5.263,0.3,0.29050108790397644,0.012942874077725718,-1.653030986332172e-16,0.001935924286954105,-2.0294874618464455e-18
5.264,0.3,0.2905018627643585,0.012942874077725718,-1.6610977840146872e-16,0.0019357666606083512,-1.6012816736572003e-18
5.265,0.3,0.2905026376247406,0.012942874077725718,-1.668458235628531e-16,0.0019356091506779194,-1.1256106910696608e-18
5.266,0.3,0.2905033826828003,0.012942874077725718,-1.6749749630175708e-16,0.0019354515243321657,-6.183279795418764e-19
5.267,0.3,0.2905041575431824,0.012942874077725718,-1.6804654570514528e-16,0.0019352940144017339,-9.528432622075438e-20
5.268,0.3,0.29050490260124207,0.012942874077725718,-1.6848860425938342e-16,0.001935136504471302,4.2767205875984367e-19
5.269,0.3,0.29050567746162415,0.012942874077725718,-1.688238307831491e-16,0.0019349789945408702,9.50541215367183e-19
5.2700000000000005,0.3,0.2905064523220062,0.012942874077725718,-1.6905250320912817e-16,0.0019348214846104383,1.4733231348291614e-18
5.271,0.3,0.2905071973800659,0.012942874077725718,-1.6916096313104612e-16,0.0019346639746800065,1.9484811950412532e-18
5.272,0.3,0.290507972240448,0.012942874077725718,-1.6917254365962186e-16,0.0019345065811648965,2.3760233605147965e-18
5.273,0.3,0.2905087172985077,0.012942874077725718,-1.69105879519695e-16,0.0019343490712344646,2.7559575727084404e-18
5.274,0.3,0.29050949215888977,0.012942874077725718,-1.689703674830241e-16,0.0019341915613040328,3.05660069373946e-18
5.275,0.3,0.29051023721694946,0.012942874077725718,-1.6880302553638218e-16,0.0019340341677889228,3.277965956578418e-18
5.276,0.3,0.29051101207733154,0.012942874077725718,-1.686177767838397e-16,0.0019338767742738128,3.404221047214417e-18
5.277,0.3,0.2905117869377136,0.012942874077725718,-1.6844691435651075e-16,0.0019337193807587028,3.451227388095267e-18
5.2780000000000005,0.3,0.2905125319957733,0.012942874077725718,-1.6834110141255296e-16,0.0019335619872435927,3.466534854220365e-18
5.279,0.3,0.2905133068561554,0.012942874077725718,-1.6831407576757963e-16,0.0019334045937284827,3.450148748300648e-18
5.28,0.3,0.2905140519142151,0.012942874077725718,-1.6837028434456383e-16,0.0019332472002133727,3.402074340062729e-18
5.281,0.3,0.29051482677459717,0.012942874077725718,-1.6851871363368035e-16,0.0019330898066982627,3.338162483810878e-18
5.282,0.3,0.29051560163497925,0.012942874077725718,-1.6876385026257166e-16,0.0019329325295984745,3.2742613394704164e-18
5.283,0.3,0.29051634669303894,0.012942874077725718,-1.6909623128503017e-16,0.0019327751360833645,3.2103708940963986e-18
5.284,0.3,0.290517121553421,0.012942874077725718,-1.6950644669440747e-16,0.0019326178589835763,3.146491172185253e-18
5.285,0.3,0.2905178666114807,0.012942874077725718,-1.6997128249399287e-16,0.0019324605818837881,3.0509310205137816e-18
5.2860000000000005,0.3,0.2905186414718628,0.012942874077725718,-1.7047214366361618e-16,0.001932303304784,2.9395412903590414e-18
5.287,0.3,0.2905193865299225,0.012942874077725718,-1.709996069617392e-16,0.0019321460276842117,2.8757067600937047e-18
5.288,0.3,0.29052016139030457,0.012942874077725718,-1.7153984192852002e-16,0.0019319887505844235,2.8752650833184363e-18
5.289,0.3,0.29052090644836426,0.012942874077725718,-1.720743594229069e-16,0.0019318314734846354,2.922360093560491e-18
5.29,0.3,0.29052168130874634,0.012942874077725718,-1.725847100085174e-16,0.0019316741963848472,2.9852928009512593e-18
5.291,0.3,0.29052242636680603,0.012942874077725718,-1.7306640705770909e-16,0.0019315170357003808,3.0799060708353754e-18
5.292,0.3,0.2905232012271881,0.012942874077725718,-1.7350102760387915e-16,0.0019313597586005926,3.1586580078696884e-18
5.293,0.3,0.2905239462852478,0.012942874077725718,-1.7390250798598789e-16,0.0019312025979161263,3.269087871779438e-18
5.2940000000000005,0.3,0.2905247211456299,0.012942874077725718,-1.742663086368336e-16,0.0019310454372316599,3.379499317410398e-18
5.295,0.3,0.29052549600601196,0.012942874077725718,-1.7458792969388403e-16,0.0019308882765471935,3.474046766182765e-18
5.296,0.3,0.29052624106407166,0.012942874077725718,-1.7487663557999973e-16,0.0019307311158627272,3.58442396418559e-18
5.297,0.3,0.29052701592445374,0.012942874077725718,-1.7512788672797904e-16,0.0019305739551782608,3.6947827510662265e-18
5.298,0.3,0.2905277609825134,0.012942874077725718,-1.7533717004039986e-16,0.0019304167944937944,3.78927755438849e-18
5.299,0.3,0.2905285358428955,0.012942874077725718,-1.755045781614908e-16,0.00193025975022465,3.867911042201016e-18
5.3,0.3,0.2905292809009552,0.012942874077725718,-1.7563474330268213e-16,0.0019301025895401835,3.946531386062559e-18
5.301,0.3,0.2905300557613373,0.012942874077725718,-1.757277581082025e-16,0.001929945545271039,4.0251386083429956e-18
5.3020000000000005,0.3,0.290530800819397,0.012942874077725718,-1.7578829449415158e-16,0.0019297883845865726,4.119578242762593e-18
5.303,0.3,0.29053157567977905,0.012942874077725718,-1.7581645833964778e-16,0.0019296313403174281,4.229847666972035e-18
5.304,0.3,0.29053232073783875,0.012942874077725718,-1.7580306463116932e-16,0.0019294742960482836,4.324253131195937e-18
5.305,0.3,0.29053306579589844,0.012942874077725718,-1.757620629425663e-16,0.001929317251779139,4.418642849766855e-18
5.306,0.3,0.2905338406562805,0.012942874077725718,-1.756981384248282e-16,0.0019291602075099945,4.497171279413016e-18
5.307,0.3,0.2905345857143402,0.012942874077725718,-1.7561131754773463e-16,0.00192900316324085,4.543995505757552e-18
5.308,0.3,0.2905353605747223,0.012942874077725718,-1.755154837106867e-16,0.0019288462353870273,4.59081192709604e-18
5.309,0.3,0.290536105632782,0.012942874077725718,-1.7541987486676536e-16,0.0019286891911178827,4.653466086171596e-18
5.3100000000000005,0.3,0.29053688049316406,0.012942874077725718,-1.7531526629777945e-16,0.00192853226326406,4.700264253031398e-18
5.311,0.3,0.29053762555122375,0.012942874077725718,-1.7520169770839837e-16,0.0019283752189949155,4.731209060460169e-18
5.312,0.3,0.29053840041160583,0.012942874077725718,-1.750883408772541e-16,0.0019282182911410928,4.777994260462659e-18
5.313,0.3,0.2905391454696655,0.012942874077725718,-1.7497526197879566e-16,0.00192806136328727,4.8406172036836936e-18
5.314,0.3,0.2905399203300476,0.012942874077725718,-1.7486242130835362e-16,0.0019279044354334474,4.9190752597254035e-18
5.315,0.3,0.2905406653881073,0.012942874077725718,-1.747452395940569e-16,0.0019277475075796247,4.997520230536112e-18
5.316,0.3,0.2905414402484894,0.012942874077725718,-1.7462834904733582e-16,0.0019275906961411238,5.091797677285343e-18
5.317,0.3,0.2905421853065491,0.012942874077725718,-1.7450252494999915e-16,0.001927433768287301,5.17021385270849e-18
5.3180000000000005,0.3,0.29054293036460876,0.012942874077725718,-1.7436779377182651e-16,0.0019272768404334784,5.232771408776556e-18
5.319,0.3,0.29054370522499084,0.012942874077725718,-1.742333537612295e-16,0.0019271200289949775,5.311164088730585e-18
5.32,0.3,0.29054445028305054,0.012942874077725718,-1.740946124114472e-16,0.0019269632175564766,5.389543695472843e-18
5.321,0.3,0.2905452251434326,0.012942874077725718,-1.7395156972247963e-16,0.0019268062897026539,5.467910238748438e-18
5.322,0.3,0.2905459702014923,0.012942874077725718,-1.7380889761042648e-16,0.001926649478264153,5.562109263641961e-18
5.323,0.3,0.2905467450618744,0.012942874077725718,-1.7366192415918806e-16,0.0019264926668256521,5.656292588365018e-18
5.324,0.3,0.2905474901199341,0.012942874077725718,-1.7351067583854397e-16,0.001926335971802473,5.750460208734307e-18
5.325,0.3,0.2905482351779938,0.012942874077725718,-1.733551923531636e-16,0.0019261791603639722,5.8446121340651744e-18
5.3260000000000005,0.3,0.29054901003837585,0.012942874077725718,-1.7319544723326736e-16,0.0019260223489254713,5.938748366688292e-18
5.327,0.3,0.29054975509643555,0.012942874077725718,-1.7303150665330425e-16,0.0019258656539022923,6.032868902955458e-18
5.328,0.3,0.2905505299568176,0.012942874077725718,-1.7286330443882527e-16,0.0019257088424637914,6.126973751394266e-18
5.329,0.3,0.2905512750148773,0.012942874077725718,-1.726908802944998e-16,0.0019255521474406123,6.221062908866157e-18
5.33,0.3,0.290552020072937,0.012942874077725718,-1.725096549484568e-16,0.0019253954524174333,6.299290833279962e-18
5.331,0.3,0.2905527949333191,0.012942874077725718,-1.723241944376775e-16,0.0019252387573942542,6.37750571811687e-18
5.332,0.3,0.2905535399913788,0.012942874077725718,-1.7212997242985005e-16,0.0019250820623710752,6.439862010198256e-18
5.333,0.3,0.2905542850494385,0.012942874077725718,-1.7192694922030504e-16,0.001924925367347896,6.4863623574491985e-18
5.3340000000000005,0.3,0.29055505990982056,0.012942874077725718,-1.7171973055069316e-16,0.001924768672324717,6.532854952503998e-18
5.335,0.3,0.29055580496788025,0.012942874077725718,-1.715037768538127e-16,0.001924611977301538,6.563494241995425e-18
5.336,0.3,0.29055657982826233,0.012942874077725718,-1.712790219552147e-16,0.0019244553986936808,6.578282872331208e-18
5.337,0.3,0.290557324886322,0.012942874077725718,-1.7105015100588863e-16,0.0019242987036705017,6.593069031719141e-18
5.338,0.3,0.2905580699443817,0.012942874077725718,-1.7082170357303619e-16,0.0019241421250626445,6.6236982746680034e-18
5.339,0.3,0.2905588448047638,0.012942874077725718,-1.7058916655923528e-16,0.0019239855464547873,6.654322410234658e-18
5.34,0.3,0.2905595898628235,0.012942874077725718,-1.703524737900369e-16,0.00192382896784693,6.684941436115254e-18
5.341,0.3,0.2905603349208832,0.012942874077725718,-1.7010705922845977e-16,0.0019236723892390728,6.69970980600167e-18
5.3420000000000005,0.3,0.29056110978126526,0.012942874077725718,-1.6986213435780527e-16,0.0019235158106312156,6.73032126213261e-18
5.343,0.3,0.29056185483932495,0.012942874077725718,-1.6960854063433121e-16,0.0019233592320233583,6.745082060893249e-18
5.344,0.3,0.29056259989738464,0.012942874077725718,-1.693462251184784e-16,0.001923202769830823,6.7439948465053385e-18
5.345,0.3,0.2905633747577667,0.012942874077725718,-1.6908442576332782e-16,0.0019230461912229657,6.758753360798435e-18
5.346,0.3,0.2905641198158264,0.012942874077725718,-1.6882315580376927e-16,0.0019228897290304303,6.7893549610082385e-18
5.347,0.3,0.2905648648738861,0.012942874077725718,-1.6856241523980275e-16,0.001922733150422573,6.83579700837007e-18
5.348,0.3,0.2905656397342682,0.012942874077725718,-1.6829762479955718e-16,0.0019225766882300377,6.882231312309764e-18
5.349,0.3,0.2905663847923279,0.012942874077725718,-1.6803339022468324e-16,0.0019224202260375023,6.94450342332734e-18
5.3500000000000005,0.3,0.2905671298503876,0.012942874077725718,-1.6776509253864044e-16,0.0019222637638449669,7.006765152498109e-18
5.351,0.3,0.29056790471076965,0.012942874077725718,-1.6749277144609818e-16,0.0019221073016524315,7.069016501394229e-18
5.352,0.3,0.29056864976882935,0.012942874077725718,-1.6721641371216666e-16,0.001921950955875218,7.131257471282566e-18
5.353,0.3,0.29056939482688904,0.012942874077725718,-1.6694065154827619e-16,0.0019217944936826825,7.209333614652875e-18
5.354,0.3,0.29057013988494873,0.012942874077725718,-1.6666086597788625e-16,0.0019216380314901471,7.287396741777305e-18
5.355,0.3,0.2905709147453308,0.012942874077725718,-1.6638167597753735e-16,0.0019214816857129335,7.381292405070555e-18
5.356,0.3,0.2905716598033905,0.012942874077725718,-1.660892775571672e-16,0.00192132533993572,7.44348132032247e-18
5.357,0.3,0.2905724048614502,0.012942874077725718,-1.657929351396364e-16,0.0019211688777431846,7.458123232021235e-18
5.3580000000000005,0.3,0.2905731797218323,0.012942874077725718,-1.6551569066808824e-16,0.001921012531965971,7.456917171356425e-18
5.359,0.3,0.29057392477989197,0.012942874077725718,-1.652528854613128e-16,0.0019208561861887574,7.424020232140882e-18
5.36,0.3,0.29057466983795166,0.012942874077725718,-1.6501373100261146e-16,0.0019206999568268657,7.343592158813908e-18
5.361,0.3,0.29057541489601135,0.012942874077725718,-1.648258352721088e-16,0.001920543611049652,7.263177530957502e-18
5.362,0.3,0.29057618975639343,0.012942874077725718,-1.6468448664903575e-16,0.0019203872652724385,7.166930795172302e-18
5.363,0.3,0.2905769348144531,0.012942874077725718,-1.6457574879443198e-16,0.0019202310359105468,7.023163474061013e-18
5.364,0.3,0.2905776798725128,0.012942874077725718,-1.644949233224182e-16,0.0019200746901333332,6.831883495603181e-18
5.365,0.3,0.2905784249305725,0.012942874077725718,-1.644419175887658e-16,0.0019199184607714415,6.608944324569797e-18
5.3660000000000005,0.3,0.2905791997909546,0.012942874077725718,-1.6441203320759548e-16,0.0019197622314095497,6.370196774024745e-18
5.367,0.3,0.2905799448490143,0.012942874077725718,-1.6438667515873706e-16,0.001919606002047658,6.1473345418356085e-18
5.368,0.3,0.290580689907074,0.012942874077725718,-1.6432436529755466e-16,0.0019194497726857662,5.89281833349632e-18
5.369,0.3,0.29058143496513367,0.012942874077725718,-1.642205243521772e-16,0.0019192935433238745,5.606653411732829e-18
5.37,0.3,0.29058220982551575,0.012942874077725718,-1.640659276044135e-16,0.0019191373139619827,5.352227239635085e-18
5.371,0.3,0.29058295488357544,0.012942874077725718,-1.6384687694331965e-16,0.001918981084600091,5.097843417347941e-18
5.372,0.3,0.29058369994163513,0.012942874077725718,-1.635588725063634e-16,0.001918824971653521,4.82765639510639e-18
5.373,0.3,0.2905844449996948,0.012942874077725718,-1.632066523840934e-16,0.0019186687422916293,4.557514355790721e-18
5.3740000000000006,0.3,0.2905851900577545,0.012942874077725718,-1.6279495466705842e-16,0.0019185126293450594,4.303262846232265e-18
5.375,0.3,0.2905859649181366,0.012942874077725718,-1.6233317612701702e-16,0.0019183565163984895,4.049053671677945e-18
5.376,0.3,0.2905867099761963,0.012942874077725718,-1.6183976620035159e-16,0.0019182004034519196,3.858269043162946e-18
5.377,0.3,0.290587455034256,0.012942874077725718,-1.6133338608168132e-16,0.0019180442905053496,3.715052849965738e-18
5.378,0.3,0.2905882000923157,0.012942874077725718,-1.6083253814694782e-16,0.0019178881775587797,3.603551625457729e-18
5.3790000000000004,0.3,0.29058894515037537,0.012942874077725718,-1.6035567183253344e-16,0.0019177320646122098,3.555451195689705e-18
5.38,0.3,0.29058972001075745,0.012942874077725718,-1.599212498097104e-16,0.0019175760680809617,3.5707410087418e-18
5.381,0.3,0.29059046506881714,0.012942874077725718,-1.5954769504508145e-16,0.0019174199551343918,3.64941051694197e-18
5.382,0.3,0.29059121012687683,0.012942874077725718,-1.59234981068867e-16,0.0019172639586031437,3.743912510162203e-18
5.383,0.3,0.2905919551849365,0.012942874077725718,-1.5900141173366163e-16,0.0019171078456565738,3.870089903086398e-18
5.384,0.3,0.2905927002429962,0.012942874077725718,-1.588606851504092e-16,0.0019169518491253257,4.107165170469364e-18
5.385,0.3,0.2905934453010559,0.012942874077725718,-1.5881726147697262e-16,0.0019167958525940776,4.4392742851123705e-18
5.386,0.3,0.290594220161438,0.012942874077725718,-1.5887564057588417e-16,0.0019166398560628295,4.866401416095494e-18
5.3870000000000005,0.3,0.2905949652194977,0.012942874077725718,-1.5904032230967612e-16,0.0019164838595315814,5.356839616364203e-18
5.388,0.3,0.2905957102775574,0.012942874077725718,-1.593019363763695e-16,0.0019163278630003333,5.863041696852074e-18
5.389,0.3,0.29059645533561707,0.012942874077725718,-1.5965565204118697e-16,0.001916171982884407,6.3850050247195645e-18
5.39,0.3,0.29059720039367676,0.012942874077725718,-1.6009209900214955e-16,0.001916015986353159,6.938572512568772e-18
5.391,0.3,0.29059794545173645,0.012942874077725718,-1.6057416662825565e-16,0.0019158601062372327,7.460356678846794e-18
5.392,0.3,0.29059869050979614,0.012942874077725718,-1.61078746801913e-16,0.0019157041097059846,7.918671705402555e-18
5.393,0.3,0.2905994653701782,0.012942874077725718,-1.615918502446021e-16,0.0019155482295900583,8.345219253369926e-18
5.394,0.3,0.2906002104282379,0.012942874077725718,-1.6206735336536697e-16,0.001915392349474132,8.6607768163769e-18
5.3950000000000005,0.3,0.2906009554862976,0.012942874077725718,-1.6250517675486884e-16,0.0019152364693582058,8.912899577164234e-18
5.396,0.3,0.2906017005443573,0.012942874077725718,-1.628962280438145e-16,0.0019150805892422795,9.038215909390937e-18
5.397,0.3,0.290602445602417,0.012942874077725718,-1.6325433769204587e-16,0.001914924825541675,9.08428359436172e-18
5.398,0.3,0.2906031906604767,0.012942874077725718,-1.6354723903822845e-16,0.0019147689454257488,8.98773363210369e-18
5.399,0.3,0.2906039357185364,0.012942874077725718,-1.6379343445830383e-16,0.0019146130653098226,8.811971997896341e-18
5.4,0.3,0.29060468077659607,0.012942874077725718,-1.640021751402428e-16,0.0019144573016092181,8.557011900159978e-18
5.401,0.3,0.29060542583465576,0.012942874077725718,-1.6418275197668559e-16,0.0019143015379086137,8.222866539781902e-18
5.402,0.3,0.29060620069503784,0.012942874077725718,-1.6433513849785255e-16,0.0019141456577926874,7.825394667859994e-18
5.4030000000000005,0.3,0.29060694575309753,0.012942874077725718,-1.644778767843547e-16,0.001913989894092083,7.380452372979125e-18
5.404,0.3,0.2906076908111572,0.012942874077725718,-1.6463398230955571e-16,0.0019138341303914785,6.903893156493367e-18
5.405,0.3,0.2906084358692169,0.012942874077725718,-1.6482186480516856e-16,0.001913678366690874,6.42741339348704e-18
5.406,0.3,0.2906091809272766,0.012942874077725718,-1.6505069604982523e-16,0.0019135227194055915,5.982704167691157e-18
5.407,0.3,0.2906099259853363,0.012942874077725718,-1.6530190749313513e-16,0.001913366955704987,5.5539146233813485e-18
5.408,0.3,0.290610671043396,0.012942874077725718,-1.6555704969871589e-16,0.0019132111920043826,5.125196547930145e-18
5.409,0.3,0.2906114161014557,0.012942874077725718,-1.658206887035488e-16,0.0019130555447191,4.744086572594544e-18
5.41,0.3,0.2906121611595154,0.012942874077725718,-1.6606975609471096e-16,0.0019128998974338174,4.3788856553957175e-18
5.4110000000000005,0.3,0.2906129062175751,0.012942874077725718,-1.6632270130858477e-16,0.001912744133733213,4.0929733506183164e-18
5.412,0.3,0.29061365127563477,0.012942874077725718,-1.6657036580142805e-16,0.0019125884864479303,3.82295424864602e-18
5.413,0.3,0.29061439633369446,0.012942874077725718,-1.6682665944242148e-16,0.0019124328391626477,3.568825701675967e-18
5.414,0.3,0.29061514139175415,0.012942874077725718,-1.6709154252689566e-16,0.0019122771918773651,3.362276162075976e-18
5.415,0.3,0.29061588644981384,0.012942874077725718,-1.6738803052821427e-16,0.0019121216610074043,3.2508343480480306e-18
5.416,0.3,0.29061663150787354,0.012942874077725718,-1.6769308150323402e-16,0.0019119660137221217,3.2186388444840075e-18
5.417,0.3,0.2906173765659332,0.012942874077725718,-1.6797442879062046e-16,0.001911810366436839,3.2022942330340248e-18
5.418,0.3,0.2906181216239929,0.012942874077725718,-1.6823669136691407e-16,0.0019116548355668783,3.233488971473383e-18
5.4190000000000005,0.3,0.2906188666820526,0.012942874077725718,-1.6847998834612307e-16,0.0019114991882815957,3.312215141792634e-18
5.42,0.3,0.2906196117401123,0.012942874077725718,-1.6872278239951963e-16,0.001911343657411635,3.4543103833822807e-18
5.421,0.3,0.290620356798172,0.012942874077725718,-1.6897440412441336e-16,0.0019111881265416741,3.6439185943702905e-18
5.422,0.3,0.2906211018562317,0.012942874077725718,-1.6923024777915356e-16,0.0019110325956717134,3.817649657900526e-18
5.423,0.3,0.2906218469142914,0.012942874077725718,-1.6948576056164874e-16,0.0019108770648017526,3.9596606643191625e-18
5.424,0.3,0.2906225919723511,0.012942874077725718,-1.697362308511298e-16,0.0019107215339317918,4.1016479970880065e-18
5.425,0.3,0.29062333703041077,0.012942874077725718,-1.6997246039918514e-16,0.0019105661194771528,4.211920557153494e-18
5.426,0.3,0.29062408208847046,0.012942874077725718,-1.7018984346416408e-16,0.001910410588607192,4.29048362394387e-18
5.4270000000000005,0.3,0.29062482714653015,0.012942874077725718,-1.7038378753930571e-16,0.0019102550577372313,4.369033579417223e-18
5.428,0.3,0.29062557220458984,0.012942874077725718,-1.7054968688295935e-16,0.0019100996432825923,4.431724873620338e-18
5.429,0.3,0.29062631726264954,0.012942874077725718,-1.706876209044638e-16,0.0019099442288279533,4.494405699155102e-18
5.43,0.3,0.29062706232070923,0.012942874077725718,-1.7080222181524934e-16,0.0019097888143733144,4.572921608861674e-18
5.431,0.3,0.2906278073787689,0.012942874077725718,-1.708797253299231e-16,0.0019096333999186754,4.619733312799464e-18
5.432,0.3,0.2906285524368286,0.012942874077725718,-1.709248165994746e-16,0.0019094779854640365,4.634846100165605e-18
5.433,0.3,0.2906292974948883,0.012942874077725718,-1.709513790233049e-16,0.0019093225710093975,4.634110808418009e-18
5.434,0.3,0.290630042552948,0.012942874077725718,-1.7095484656443272e-16,0.0019091671565547585,4.601684533125894e-18
5.4350000000000005,0.3,0.2906307876110077,0.012942874077725718,-1.7095830087067074e-16,0.0019090118585154414,4.569263663005592e-18
5.436,0.3,0.2906315326690674,0.012942874077725718,-1.7096175517690876e-16,0.0019088564440608025,4.536848197102811e-18
5.437,0.3,0.2906322777271271,0.012942874077725718,-1.709606037414961e-16,0.0019087011460214853,4.4885925835197585e-18
5.438,0.3,0.29063302278518677,0.012942874077725718,-1.7095942583630381e-16,0.0019085458479821682,4.440345013066032e-18
5.439,0.3,0.29063376784324646,0.012942874077725718,-1.7095366865924045e-16,0.0019083904335275292,4.376259933336684e-18
5.44,0.3,0.29063451290130615,0.012942874077725718,-1.7094787177750767e-16,0.0019082351354882121,4.3121855346746424e-18
5.441,0.3,0.29063525795936584,0.012942874077725718,-1.70937482389014e-16,0.0019080799538642168,4.2322762642043834e-18
5.442,0.3,0.29063597321510315,0.012942874077725718,-1.7092707976563054e-16,0.0019079246558248997,4.152380311842791e-18
5.4430000000000005,0.3,0.29063671827316284,0.012942874077725718,-1.7092128288389777e-16,0.0019077693577855825,4.088343241878023e-18
5.444,0.3,0.29063746333122253,0.012942874077725718,-1.709108670256245e-16,0.0019076140597462654,4.008471292419092e-18
5.445,0.3,0.2906382083892822,0.012942874077725718,-1.7089584542570054e-16,0.00190745887812227,3.912767101790947e-18
5.446,0.3,0.2906389534473419,0.012942874077725718,-1.7087623131901568e-16,0.0019073036964982748,3.801233308041574e-18
5.447,0.3,0.2906396985054016,0.012942874077725718,-1.7085657750766142e-16,0.0019071483984589577,3.689718099932988e-18
5.448,0.3,0.2906404435634613,0.012942874077725718,-1.7083693693119696e-16,0.0019069932168349624,3.578221474095998e-18
5.449,0.3,0.290641188621521,0.012942874077725718,-1.708126906130818e-16,0.001906838035210967,3.4508978763890896e-18
5.45,0.3,0.2906419336795807,0.012942874077725718,-1.7079306327150715e-16,0.0019066828535869718,3.33944104674296e-18
5.4510000000000005,0.3,0.2906426787376404,0.012942874077725718,-1.707734094601529e-16,0.0019065276719629765,3.2280027900129405e-18
5.452,0.3,0.2906433939933777,0.012942874077725718,-1.7075376888368843e-16,0.0019063724903389812,3.1165831035641567e-18
5.453,0.3,0.2906441390514374,0.012942874077725718,-1.7073411507233417e-16,0.0019062174251303077,3.00518200057944e-18
5.454,0.3,0.29064488410949707,0.012942874077725718,-1.707144612609799e-16,0.0019060622435063124,2.8937994619279532e-18
5.455,0.3,0.29064562916755676,0.012942874077725718,-1.7069479421473585e-16,0.001905907178297639,2.7824354845004327e-18
5.456,0.3,0.29064637422561646,0.012942874077725718,-1.7067971967525268e-16,0.0019057521130889654,2.6869356163452334e-18
5.457,0.3,0.29064711928367615,0.012942874077725718,-1.7066467160554912e-16,0.0019055969314649701,2.59145166265413e-18
5.458,0.3,0.29064786434173584,0.012942874077725718,-1.7065421604260645e-16,0.0019054418662562966,2.5118291721467602e-18
5.4590000000000005,0.3,0.29064857959747314,0.012942874077725718,-1.7065295872807537e-16,0.0019052868010476232,2.4639110477752446e-18
5.46,0.3,0.29064932465553284,0.012942874077725718,-1.706332387422721e-16,0.0019051318522542715,2.400155362620247e-18
5.461,0.3,0.29065006971359253,0.012942874077725718,-1.7060888654503854e-16,0.001904976787045598,2.3681013885123646e-18
5.462,0.3,0.2906508147716522,0.012942874077725718,-1.705568734281212e-16,0.0019048217218369246,2.336052734558811e-18
5.463,0.3,0.2906515598297119,0.012942874077725718,-1.704726598243184e-16,0.001904666773043573,2.288163849025956e-18
5.464,0.3,0.2906522750854492,0.012942874077725718,-1.7035629867318935e-16,0.0019045117078348994,2.2244373722681962e-18
5.465,0.3,0.2906530201435089,0.012942874077725718,-1.7020780320962383e-16,0.0019043567590415478,2.1448759525029948e-18
5.466,0.3,0.2906537652015686,0.012942874077725718,-1.7002268680597936e-16,0.0019042018102481961,2.0336366717148565e-18
5.4670000000000005,0.3,0.2906545102596283,0.012942874077725718,-1.6981477992209784e-16,0.0019040468614548445,1.9065703678536497e-18
5.468,0.3,0.290655255317688,0.012942874077725718,-1.6960262463859023e-16,0.0019038919126614928,1.7953707897524125e-18
5.469,0.3,0.2906559705734253,0.012942874077725718,-1.6939086640177666e-16,0.0019037369638681412,1.6683441958647114e-18
5.47,0.3,0.290656715631485,0.012942874077725718,-1.691932959668296e-16,0.0019035820150747895,1.5730298894302453e-18
5.471,0.3,0.2906574606895447,0.012942874077725718,-1.6901916452171983e-16,0.0019034270662814379,1.4935770338287256e-18
5.472,0.3,0.29065820574760437,0.012942874077725718,-1.6886841912688817e-16,0.001903272233903408,1.4141374353648347e-18
5.473,0.3,0.29065895080566406,0.012942874077725718,-1.68750271265636e-16,0.0019031172851100564,1.3664021967854572e-18
5.474,0.3,0.29065966606140137,0.012942874077725718,-1.686738927165953e-16,0.0019029624527320266,1.350366041687422e-18
5.4750000000000005,0.3,0.29066041111946106,0.012942874077725718,-1.6863924377509668e-16,0.0019028076203539968,1.318487052450816e-18
5.476,0.3,0.29066115617752075,0.012942874077725718,-1.686600622567534e-16,0.001902652671560645,1.3183045071514585e-18
5.477,0.3,0.29066190123558044,0.012942874077725718,-1.687270175642559e-16,0.001902497955597937,1.333967565657969e-18
5.478,0.3,0.29066261649131775,0.012942874077725718,-1.6883080557007416e-16,0.0019023431232199073,1.365473579726949e-18
5.479,0.3,0.29066336154937744,0.012942874077725718,-1.6895291066337678e-16,0.0019021882908418775,1.3811288243777818e-18
5.48,0.3,0.29066410660743713,0.012942874077725718,-1.6910709712955667e-16,0.0019020334584638476,1.4284725720186576e-18
5.481,0.3,0.2906648516654968,0.012942874077725718,-1.692933252639444e-16,0.0019018787425011396,1.5233450851711256e-18
5.482,0.3,0.29066556692123413,0.012942874077725718,-1.6950229093901e-16,0.0019017239101231098,1.6815839836792089e-18
5.4830000000000005,0.3,0.2906663119792938,0.012942874077725718,-1.6971550501370167e-16,0.0019015691941604018,1.8873331680710576e-18
5.484,0.3,0.2906670570373535,0.012942874077725718,-1.6991454452141663e-16,0.001901414361782372,2.124739138989386e-18
5.485,0.3,0.2906677722930908,0.012942874077725718,-1.70085645176762e-16,0.001901259645819664,2.362105516786875e-18
5.486,0.3,0.2906685173511505,0.012942874077725718,-1.7023803169792897e-16,0.001901104929856956,2.631123424022454e-18
5.487,0.3,0.2906692624092102,0.012942874077725718,-1.7036251907139575e-16,0.0019009503303095698,2.9476331070629846e-18
5.488,0.3,0.2906700074672699,0.012942874077725718,-1.7042695974983608e-16,0.0019007956143468618,3.2482444417913162e-18
5.489,0.3,0.2906707227230072,0.012942874077725718,-1.7042677446137887e-16,0.0019006408983841538,3.51711453334557e-18
5.49,0.3,0.2906714677810669,0.012942874077725718,-1.7037138644756232e-16,0.0019004861824214458,3.738403140596427e-18
5.4910000000000005,0.3,0.2906722128391266,0.012942874077725718,-1.7027471881245692e-16,0.0019003315828740597,3.9121181928500435e-18
5.492,0.3,0.2906729280948639,0.012942874077725718,-1.7014143023727258e-16,0.0019001769833266735,4.0224220785466796e-18
5.493,0.3,0.2906736731529236,0.012942874077725718,-1.6999010250728967e-16,0.0019000222673639655,4.0693253889367934e-18
5.494,0.3,0.2906744182109833,0.012942874077725718,-1.698483568375226e-16,0.0018998676678165793,4.0686842516513526e-18
5.495,0.3,0.2906751334667206,0.012942874077725718,-1.697300633924826e-16,0.0018997130682691932,3.988815493767227e-18
5.496,0.3,0.2906758785247803,0.012942874077725718,-1.6963511629305132e-16,0.001899558468721807,3.845577879849382e-18
5.497,0.3,0.29067662358283997,0.012942874077725718,-1.6955419817680893e-16,0.0018994038691744208,3.62313640178042e-18
5.498,0.3,0.29067733883857727,0.012942874077725718,-1.6948265036254554e-16,0.0018992493860423565,3.3373498069325726e-18
5.4990000000000006,0.3,0.29067808389663696,0.012942874077725718,-1.6942499918257305e-16,0.0018990947864949703,3.0040742157080704e-18
5.5,0.3,0.29067882895469666,0.012942874077725718,-1.6938115199266284e-16,0.0018989401869475842,2.670854174251695e-18
5.501,0.3,0.29067954421043396,0.012942874077725718,-1.6933726509808322e-16,0.0018987857038155198,2.2901530139431517e-18
5.502,0.3,0.29068028926849365,0.012942874077725718,-1.6927946833432292e-16,0.0018986312206834555,1.8619786565865704e-18
5.503,0.3,0.29068103432655334,0.012942874077725718,-1.6919852374830093e-16,0.0018984767375513911,1.4021845388657882e-18
5.5040000000000004,0.3,0.29068174958229065,0.012942874077725718,-1.6909902384677815e-16,0.0018983222544193268,9.58312582218593e-19
5.505,0.3,0.29068249464035034,0.012942874077725718,-1.689764025927733e-16,0.0018981677712872624,5.145145975361406e-19
5.506,0.3,0.29068323969841003,0.012942874077725718,-1.6883071292584555e-16,0.001898013288155198,7.079055721392235e-20
5.507,0.3,0.29068395495414734,0.012942874077725718,-1.6865740204390344e-16,0.0018978588050231338,-3.8870510144348025e-19
5.508,0.3,0.29068470001220703,0.012942874077725718,-1.6846111539326706e-16,0.0018977043218910694,-8.481241861042752e-19
5.509,0.3,0.29068541526794434,0.012942874077725718,-1.68251117396797e-16,0.001897549955174327,-1.2757756169819965e-18
5.51,0.3,0.29068616032600403,0.012942874077725718,-1.6801823627586127e-16,0.0018973954720422626,-1.7192013309913315e-18
5.511,0.3,0.2906869053840637,0.012942874077725718,-1.6778555367827255e-16,0.00189724110532552,-2.0991709538912444e-18
5.5120000000000005,0.3,0.290687620639801,0.012942874077725718,-1.6753926561396856e-16,0.0018970867386087775,-2.4473861637073456e-18
5.513,0.3,0.2906883656978607,0.012942874077725718,-1.6729787445889089e-16,0.001896932371892035,-2.7163155916042956e-18
5.514,0.3,0.290689080953598,0.012942874077725718,-1.6704753651830784e-16,0.0018967780051752925,-2.93766356302108e-18
5.515,0.3,0.2906898260116577,0.012942874077725718,-1.6679292370831911e-16,0.00189662363845855,-3.0955924501661e-18
5.516,0.3,0.2906905710697174,0.012942874077725718,-1.6654331368667511e-16,0.0018964692717418075,-3.1742672759499673e-18
5.517,0.3,0.2906912863254547,0.012942874077725718,-1.6629411394661494e-16,0.0018963150214403868,-3.173701253532914e-18
5.518,0.3,0.2906920313835144,0.012942874077725718,-1.6602233548455452e-16,0.0018961606547236443,-3.1414442475710496e-18
5.519,0.3,0.2906927466392517,0.012942874077725718,-1.6574638803220683e-16,0.0018960062880069017,-2.998273784821751e-18
5.5200000000000005,0.3,0.2906934916973114,0.012942874077725718,-1.654433619953266e-16,0.001895852037705481,-2.823436104697938e-18
5.521,0.3,0.2906942069530487,0.012942874077725718,-1.6512714077331493e-16,0.0018956977874040604,-2.61693647175606e-18
5.522,0.3,0.2906949520111084,0.012942874077725718,-1.648162796816726e-16,0.0018955435371026397,-2.3629346103487813e-18
5.523,0.3,0.2906956970691681,0.012942874077725718,-1.6450154076731862e-16,0.001895389286801219,-2.0931295358407122e-18
5.524,0.3,0.2906964123249054,0.012942874077725718,-1.641737390167312e-16,0.0018952350364997983,-1.839214984564957e-18
5.525,0.3,0.2906971573829651,0.012942874077725718,-1.6383749340645085e-16,0.0018950807861983776,-1.5853427621232722e-18
5.526,0.3,0.2906978726387024,0.012942874077725718,-1.6347443390943398e-16,0.001894926535896957,-1.3948950565402077e-18
5.527,0.3,0.2906986176967621,0.012942874077725718,-1.6310298349228337e-16,0.001894772402010858,-1.2520157430094944e-18
5.5280000000000005,0.3,0.2906993329524994,0.012942874077725718,-1.627370123195103e-16,0.0018946181517094374,-1.1408513314910864e-18
5.529,0.3,0.2907000780105591,0.012942874077725718,-1.623764806864454e-16,0.0018944640178233385,-1.0772420887919606e-18
5.53,0.3,0.2907007932662964,0.012942874077725718,-1.6203061331127982e-16,0.0018943098839372396,-1.045334527148819e-18
5.531,0.3,0.2907015383243561,0.012942874077725718,-1.6171318771429627e-16,0.0018941557500511408,-1.0451233632343338e-18
5.532,0.3,0.2907022535800934,0.012942874077725718,-1.6141950550961544e-16,0.001894001616165042,-1.0607577672367232e-18
5.533,0.3,0.2907029986381531,0.012942874077725718,-1.6113570976761585e-16,0.001893847482278943,-1.1239262073875924e-18
5.534,0.3,0.2907037138938904,0.012942874077725718,-1.6085706239774879e-16,0.0018936933483928442,-1.2029296666067903e-18
5.535,0.3,0.2907044589519501,0.012942874077725718,-1.6056974617506217e-16,0.0018935392145067453,-1.3294566120847661e-18
5.5360000000000005,0.3,0.2907051742076874,0.012942874077725718,-1.602737346297764e-16,0.0018933851970359683,-1.4718080254753066e-18
5.537,0.3,0.29070591926574707,0.012942874077725718,-1.5996904099678126e-16,0.0018932310631498694,-1.6299812677148058e-18
5.538,0.3,0.2907066345214844,0.012942874077725718,-1.5967406177289995e-16,0.0018930770456790924,-1.7405914937954924e-18
5.539,0.3,0.29070737957954407,0.012942874077725718,-1.5938424415604097e-16,0.0018929229117929935,-1.851183278883541e-18
5.54,0.3,0.29070809483528137,0.012942874077725718,-1.591226300893476e-16,0.0018927688943222165,-1.898374415023326e-18
5.541,0.3,0.29070883989334106,0.012942874077725718,-1.5888462706605894e-16,0.0018926148768514395,-1.9455576674969226e-18
5.542,0.3,0.29070955514907837,0.012942874077725718,-1.586701556768362e-16,0.0018924608593806624,-1.9927330414377204e-18
5.543,0.3,0.29071030020713806,0.012942874077725718,-1.5847920268678955e-16,0.0018923068419098854,-2.039900533350887e-18
5.5440000000000005,0.3,0.29071101546287537,0.012942874077725718,-1.5831172839124961e-16,0.0018921529408544302,-2.0870601506461194e-18
5.545,0.3,0.29071176052093506,0.012942874077725718,-1.5816304763922688e-16,0.0018919989233836532,-2.1500574390594186e-18
5.546,0.3,0.29071247577667236,0.012942874077725718,-1.5802856792396046e-16,0.0018918449059128761,-2.2447353238438736e-18
5.547,0.3,0.29071319103240967,0.012942874077725718,-1.5789429996693085e-16,0.001891691004857421,-2.3710885259442133e-18
5.548,0.3,0.29071393609046936,0.012942874077725718,-1.5774642654318598e-16,0.0018915371038019657,-2.5291117749244785e-18
5.549,0.3,0.29071465134620667,0.012942874077725718,-1.5758494765272582e-16,0.0018913832027465105,-2.68710870324027e-18
5.55,0.3,0.29071539640426636,0.012942874077725718,-1.573960196008187e-16,0.0018912291852757335,-2.876770415755512e-18
5.551,0.3,0.29071611166000366,0.012942874077725718,-1.5717968209213404e-16,0.0018910752842202783,-3.0664005418887327e-18
5.5520000000000005,0.3,0.29071685671806335,0.012942874077725718,-1.5693596159645142e-16,0.0018909214995801449,-3.2559990812816026e-18
5.553,0.3,0.29071757197380066,0.012942874077725718,-1.5666955649965014e-16,0.0018907675985246897,-3.4297204914272536e-18
5.554,0.3,0.29071828722953796,0.012942874077725718,-1.563805197412894e-16,0.0018906136974692345,-3.587567415601979e-18
5.555,0.3,0.29071903228759766,0.012942874077725718,-1.5606886455625903e-16,0.001890459912829101,-3.729542500706761e-18
5.556,0.3,0.29071974754333496,0.012942874077725718,-1.557346703538978e-16,0.0018903060117736459,-3.855648388325919e-18
5.557,0.3,0.29072049260139465,0.012942874077725718,-1.5539183376849663e-16,0.0018901522271335125,-3.950042164005466e-18
5.558,0.3,0.29072120785713196,0.012942874077725718,-1.550542514343464e-16,0.0018899984424933791,-4.012729101228344e-18
5.559,0.3,0.29072195291519165,0.012942874077725718,-1.5472654232798758e-16,0.001889844541437924,-4.075405582701727e-18
5.5600000000000005,0.3,0.29072266817092896,0.012942874077725718,-1.544133386608505e-16,0.0018896907567977905,-4.138071605943304e-18
5.561,0.3,0.29072338342666626,0.012942874077725718,-1.5414223517816992e-16,0.001889537088572979,-4.121499413137704e-18
5.562,0.3,0.29072412848472595,0.012942874077725718,-1.5390859966851555e-16,0.0018893833039328456,-4.04154776502435e-18
5.563,0.3,0.29072484374046326,0.012942874077725718,-1.5369394299083558e-16,0.0018892295192927122,-3.929918337944681e-18
5.564,0.3,0.29072555899620056,0.012942874077725718,-1.5348436851083915e-16,0.0018890757346525788,-3.786616413506997e-18
5.565,0.3,0.29072630405426025,0.012942874077725718,-1.5328453490973614e-16,0.0018889220664277673,-3.6116472653278576e-18
5.566,0.3,0.29072701930999756,0.012942874077725718,-1.5309903469428745e-16,0.0018887683982029557,-3.4208617179311993e-18
5.567,0.3,0.29072776436805725,0.012942874077725718,-1.5294635700554486e-16,0.0018886146135628223,-3.182571293296803e-18
5.5680000000000005,0.3,0.29072847962379456,0.012942874077725718,-1.5282180345762907e-16,0.0018884609453380108,-2.9601661146938805e-18
5.569,0.3,0.29072919487953186,0.012942874077725718,-1.5273461200362109e-16,0.0018883072771131992,-2.721952426346617e-18
5.57,0.3,0.29072993993759155,0.012942874077725718,-1.526754123415419e-16,0.0018881536088883877,-2.4996239652948826e-18
5.571,0.3,0.29073065519332886,0.012942874077725718,-1.526442309411711e-16,0.0018879999406635761,-2.293178094551118e-18
5.572,0.3,0.29073137044906616,0.012942874077725718,-1.526317107354195e-16,0.0018878463888540864,-2.1184577160518445e-18
5.573,0.3,0.29073211550712585,0.012942874077725718,-1.526286005363163e-16,0.0018876927206292748,-1.959611995083721e-18
5.574,0.3,0.29073283076286316,0.012942874077725718,-1.526256094512213e-16,0.0018875391688197851,-1.848329406343953e-18
5.575,0.3,0.29073354601860046,0.012942874077725718,-1.5260890702029263e-16,0.0018873855005949736,-1.7846020210116618e-18
5.5760000000000005,0.3,0.29073429107666016,0.012942874077725718,-1.5256458337434959e-16,0.0018872319487854838,-1.768421924047833e-18
5.577,0.3,0.29073500633239746,0.012942874077725718,-1.5248809894619048e-16,0.0018870783969759941,-1.7680901043721485e-18
5.578,0.3,0.29073572158813477,0.012942874077725718,-1.5236561004108363e-16,0.0018869248451665044,-1.815295017881142e-18
5.579,0.3,0.29073646664619446,0.012942874077725718,-1.5219723577303724e-16,0.0018867712933570147,-1.8941831911480995e-18
5.58,0.3,0.29073718190193176,0.012942874077725718,-1.519875951185918e-16,0.001886617741547525,-2.0047493420377797e-18
5.581,0.3,0.29073789715766907,0.012942874077725718,-1.5174605837972631e-16,0.0018864641897380352,-2.1628337276231502e-18
5.582,0.3,0.29073861241340637,0.012942874077725718,-1.5149110146260277e-16,0.0018863106379285455,-2.3525828698730514e-18
5.583,0.3,0.29073935747146606,0.012942874077725718,-1.5122735657865146e-16,0.0018861572025343776,-2.573991484451251e-18
5.5840000000000005,0.3,0.29074007272720337,0.012942874077725718,-1.5096406168095338e-16,0.0018860036507248878,-2.8428998408401272e-18
5.585,0.3,0.2907407879829407,0.012942874077725718,-1.5071967944078071e-16,0.00188585021533072,-3.1434544592287273e-18
5.586,0.3,0.29074153304100037,0.012942874077725718,-1.5049874942533515e-16,0.001885696779936552,-3.475650057616398e-18
5.587,0.3,0.29074224829673767,0.012942874077725718,-1.5031504915489938e-16,0.0018855433445423841,-3.839481363805015e-18
5.588,0.3,0.290742963552475,0.012942874077725718,-1.5018700159607617e-16,0.0018853899091482162,-4.203251988252955e-18
5.589,0.3,0.2907436788082123,0.012942874077725718,-1.5010520997710692e-16,0.0018852364737540483,-4.598653041560239e-18
5.59,0.3,0.290744423866272,0.012942874077725718,-1.5008345181827433e-16,0.0018850830383598804,-4.99398814526034e-18
5.591,0.3,0.2907451391220093,0.012942874077725718,-1.5012158153579057e-16,0.0018849296029657125,-5.3892573348451196e-18
5.5920000000000005,0.3,0.2907458543777466,0.012942874077725718,-1.5022407252240834e-16,0.0018847762839868665,-5.736923952889674e-18
5.593,0.3,0.2907465994358063,0.012942874077725718,-1.5037696196938774e-16,0.0018846228485926986,-6.03699594221174e-18
5.594,0.3,0.2907473146915436,0.012942874077725718,-1.505571152893569e-16,0.0018844695296138525,-6.321172373662583e-18
5.595,0.3,0.2907480299472809,0.012942874077725718,-1.5077369102605798e-16,0.0018843162106350064,-6.52607367021482e-18
5.596,0.3,0.2907487452030182,0.012942874077725718,-1.510127528405307e-16,0.0018841628916561604,-6.651713054046337e-18
5.597,0.3,0.2907494604587555,0.012942874077725718,-1.512559174708417e-16,0.0018840095726773143,-6.71394929290218e-18
5.598,0.3,0.2907502055168152,0.012942874077725718,-1.5150311874254194e-16,0.0018838562536984682,-6.712792960170708e-18
5.599,0.3,0.2907509207725525,0.012942874077725718,-1.5173139412182697e-16,0.0018837029347196221,-6.679945760172003e-18
5.6000000000000005,0.3,0.2907516360282898,0.012942874077725718,-1.5194992862221858e-16,0.001883549615740776,-6.536185197624608e-18
5.601,0.3,0.2907523512840271,0.012942874077725718,-1.5214957693486438e-16,0.00188339629676193,-6.29737531811321e-18
5.602,0.3,0.2907530963420868,0.012942874077725718,-1.523119690327208e-16,0.0018832430941984057,-5.9793775236866166e-18
5.603,0.3,0.2907538115978241,0.012942874077725718,-1.5243723726468582e-16,0.0018830898916348815,-5.5663594793698055e-18
5.604,0.3,0.2907545268535614,0.012942874077725718,-1.524932208485434e-16,0.0018829365726560354,-5.137564770698169e-18
5.605,0.3,0.2907552421092987,0.012942874077725718,-1.5247543315665107e-16,0.0018827833700925112,-4.708841580625265e-18
5.606,0.3,0.290755957365036,0.012942874077725718,-1.5237020254784452e-16,0.001882630167528987,-4.3277265494658935e-18
5.607,0.3,0.2907567024230957,0.012942874077725718,-1.5219617698185317e-16,0.0018824769649654627,-3.978366181396259e-18
5.6080000000000005,0.3,0.290757417678833,0.012942874077725718,-1.519534623377954e-16,0.0018823237624019384,-3.7082918254155974e-18
5.609,0.3,0.2907581329345703,0.012942874077725718,-1.5166525937749213e-16,0.0018821705598384142,-3.501644703629149e-18
5.61,0.3,0.2907588481903076,0.012942874077725718,-1.5135929519507612e-16,0.0018820174736902118,-3.3267231293909457e-18
5.611,0.3,0.2907595634460449,0.012942874077725718,-1.5103104345823548e-16,0.0018818642711266875,-3.246904014467348e-18
5.612,0.3,0.2907603085041046,0.012942874077725718,-1.50689689180492e-16,0.001881711184978485,-3.2621715013202623e-18
5.613,0.3,0.2907610237598419,0.012942874077725718,-1.5034449678470626e-16,0.0018815580988302827,-3.372509733671748e-18
5.614,0.3,0.2907617390155792,0.012942874077725718,-1.5001383629792187e-16,0.0018814048962667584,-3.5462117596179506e-18
5.615,0.3,0.29076245427131653,0.012942874077725718,-1.4971610421696198e-16,0.001881251810118556,-3.735730358564451e-18
5.6160000000000005,0.3,0.29076316952705383,0.012942874077725718,-1.494512211324878e-16,0.0018810987239703536,-3.9569084456991284e-18
5.617,0.3,0.29076388478279114,0.012942874077725718,-1.4920530364509823e-16,0.0018809456378221512,-4.241431854655444e-18
5.618,0.3,0.29076462984085083,0.012942874077725718,-1.4898743088919667e-16,0.0018807926680892706,-4.51006228125647e-18
5.619,0.3,0.29076534509658813,0.012942874077725718,-1.4876984930087072e-16,0.0018806395819410682,-4.7786479496102746e-18
5.62,0.3,0.29076606035232544,0.012942874077725718,-1.485341359135176e-16,0.0018804864957928658,-5.031343325345616e-18
5.621,0.3,0.29076677560806274,0.012942874077725718,-1.4825716937465525e-16,0.0018803335260599852,-5.2681510707862195e-18
5.622,0.3,0.29076749086380005,0.012942874077725718,-1.4792061936190948e-16,0.0018801805563271046,-5.5049193936182516e-18
5.623,0.3,0.29076820611953735,0.012942874077725718,-1.475245917543987e-16,0.0018800274701789021,-5.7258027459808274e-18
5.6240000000000006,0.3,0.29076892137527466,0.012942874077725718,-1.470738246426716e-16,0.0018798745004460216,-5.9624948751086576e-18
5.625,0.3,0.29076966643333435,0.012942874077725718,-1.4659609806042017e-16,0.001879721530713141,-6.1199198343566476e-18
5.626,0.3,0.29077038168907166,0.012942874077725718,-1.4608227993368183e-16,0.0018795685609802604,-6.229781927492486e-18
5.627,0.3,0.29077109694480896,0.012942874077725718,-1.455186192119535e-16,0.0018794155912473798,-6.339625748135052e-18
5.628,0.3,0.29077181220054626,0.012942874077725718,-1.4491907870397506e-16,0.001879262737929821,-6.40191464221234e-18
5.6290000000000004,0.3,0.29077252745628357,0.012942874077725718,-1.4428835679562583e-16,0.0018791097681969404,-6.416656537918515e-18
5.63,0.3,0.2907732427120209,0.012942874077725718,-1.436264931915752e-16,0.0018789569148793817,-6.3521682629509996e-18
5.631,0.3,0.2907739579677582,0.012942874077725718,-1.429105518277983e-16,0.001878803945146501,-6.2559996808185536e-18
5.632,0.3,0.2907746732234955,0.012942874077725718,-1.4215449551303503e-16,0.0018786510918289423,-6.0964649589464035e-18
5.633,0.3,0.2907753884792328,0.012942874077725718,-1.4138153824399608e-16,0.0018784982385113835,-5.857729092180341e-18
5.634,0.3,0.2907761335372925,0.012942874077725718,-1.4058253471182906e-16,0.001878345268778503,-5.634878577180911e-18
5.635,0.3,0.2907768487930298,0.012942874077725718,-1.3978525171533615e-16,0.001878192531876266,-5.412065168562692e-18
5.636,0.3,0.2907775640487671,0.012942874077725718,-1.3900815192578953e-16,0.0018780396785587072,-5.189288874437474e-18
5.6370000000000005,0.3,0.2907782793045044,0.012942874077725718,-1.3829275319249447e-16,0.0018778868252411485,-4.9190130143814485e-18
5.638,0.3,0.2907789945602417,0.012942874077725718,-1.3763900257589176e-16,0.0018777339719235897,-4.680473248918115e-18
5.639,0.3,0.290779709815979,0.012942874077725718,-1.3707903438841786e-16,0.0018775812350213528,-4.441973170388448e-18
5.64,0.3,0.2907804250717163,0.012942874077725718,-1.3661734849260506e-16,0.001877428381703794,-4.2352038653691144e-18
5.641,0.3,0.2907811403274536,0.012942874077725718,-1.3628139404990033e-16,0.001877275644801557,-4.0126233826266545e-18
5.642,0.3,0.2907818555831909,0.012942874077725718,-1.3605247016101505e-16,0.0018771229078993201,-3.837616571645619e-18
5.643,0.3,0.2907825708389282,0.012942874077725718,-1.3593494433958352e-16,0.0018769701709970832,-3.630947753715474e-18
5.644,0.3,0.2907832860946655,0.012942874077725718,-1.3588712668273305e-16,0.0018768174340948462,-3.4876955321251796e-18
5.6450000000000005,0.3,0.29078400135040283,0.012942874077725718,-1.3589954100936625e-16,0.0018766646971926093,-3.3603126979695755e-18
5.646,0.3,0.29078471660614014,0.012942874077725718,-1.3593976183947103e-16,0.0018765119602903724,-3.2804877298507462e-18
5.647,0.3,0.29078543186187744,0.012942874077725718,-1.359800223742452e-16,0.0018763592233881354,-3.2482127190119934e-18
5.648,0.3,0.29078617691993713,0.012942874077725718,-1.360109920163792e-16,0.0018762066029012203,-3.2317886536100602e-18
5.649,0.3,0.29078689217567444,0.012942874077725718,-1.360050098461892e-16,0.0018760538659989834,-3.2312129180875236e-18
5.65,0.3,0.29078760743141174,0.012942874077725718,-1.3594827187361297e-16,0.0018759012455120683,-3.2464828741028326e-18
5.651,0.3,0.29078832268714905,0.012942874077725718,-1.3579933965868402e-16,0.0018757485086098313,-3.309287007683965e-18
5.652,0.3,0.29078903794288635,0.012942874077725718,-1.355352506675979e-16,0.0018755958881229162,-3.387926311970852e-18
5.6530000000000005,0.3,0.29078975319862366,0.012942874077725718,-1.3513312177588891e-16,0.0018754432676360011,-3.4823981570393026e-18
5.654,0.3,0.29079046845436096,0.012942874077725718,-1.346024688693239e-16,0.001875290647149086,-3.56100879955853e-18
5.655,0.3,0.29079118371009827,0.012942874077725718,-1.3395270195455124e-16,0.0018751381430774927,-3.6079153291887964e-18
5.656,0.3,0.29079189896583557,0.012942874077725718,-1.3317496689029418e-16,0.0018749855225905776,-3.670659681606824e-18
5.657,0.3,0.2907926142215729,0.012942874077725718,-1.3228327942485182e-16,0.0018748329021036625,-3.749239203267379e-18
5.658,0.3,0.2907933294773102,0.012942874077725718,-1.3131022385691384e-16,0.0018746803980320692,-3.827805684730457e-18
5.659,0.3,0.2907940447330475,0.012942874077725718,-1.3026522342801845e-16,0.001874527777545154,-3.953895764534562e-18
5.66,0.3,0.2907947599887848,0.012942874077725718,-1.2919453407801961e-16,0.0018743752734735608,-4.079964838988004e-18
5.6610000000000005,0.3,0.2907954752445221,0.012942874077725718,-1.2812134333384841e-16,0.0018742227694019675,-4.253549539915894e-18
5.662,0.3,0.2907961905002594,0.012942874077725718,-1.2708255006826962e-16,0.0018740702653303742,-4.4746419227561634e-18
5.663,0.3,0.2907969057559967,0.012942874077725718,-1.261058019660772e-16,0.001873917761258781,-4.743234046094857e-18
5.664,0.3,0.290797621011734,0.012942874077725718,-1.252509074942812e-16,0.0018737652571871877,-4.964244661596176e-18
5.665,0.3,0.2907983362674713,0.012942874077725718,-1.245130756227737e-16,0.0018736127531155944,-5.2010638965045614e-18
5.666,0.3,0.2907990515232086,0.012942874077725718,-1.2391514977135097e-16,0.001873460249044001,-5.437843557215658e-18
5.667,0.3,0.2907997667789459,0.012942874077725718,-1.2346611643018778e-16,0.0018733078613877296,-5.6428925481826604e-18
5.668,0.3,0.2908004820346832,0.012942874077725718,-1.2316098604582922e-16,0.0018731553573161364,-5.816216163986414e-18
5.6690000000000005,0.3,0.29080119729042053,0.012942874077725718,-1.229811106585459e-16,0.001873002969659865,-5.9895108114790705e-18
5.67,0.3,0.29080188274383545,0.012942874077725718,-1.2290773642949e-16,0.0018728505820035934,-6.13108540689644e-18
5.671,0.3,0.29080259799957275,0.012942874077725718,-1.2291756995261202e-16,0.001872698194347322,-6.272636337288508e-18
5.672,0.3,0.29080331325531006,0.012942874077725718,-1.229920294426316e-16,0.0018725458066910505,-6.4300091772092145e-18
5.673,0.3,0.29080402851104736,0.012942874077725718,-1.231309428459813e-16,0.001872393419034779,-6.603201300073127e-18
5.674,0.3,0.29080474376678467,0.012942874077725718,-1.2331112263573005e-16,0.0018722410313785076,-6.792210093261792e-18
5.675,0.3,0.290805459022522,0.012942874077725718,-1.2350469613395726e-16,0.0018720886437222362,-6.965341833730313e-18
5.676,0.3,0.2908061742782593,0.012942874077725718,-1.2370704436412243e-16,0.0018719362560659647,-7.106753625432946e-18
5.6770000000000005,0.3,0.2908068895339966,0.012942874077725718,-1.2391352187990547e-16,0.001871783984825015,-7.168914112369442e-18
5.678,0.3,0.2908076047897339,0.012942874077725718,-1.24096441291843e-16,0.0018716317135840654,-7.16768207087567e-18
5.679,0.3,0.2908083200454712,0.012942874077725718,-1.2423281359635093e-16,0.001871479325927794,-7.103068076372192e-18
5.68,0.3,0.2908090353012085,0.012942874077725718,-1.243135199543565e-16,0.0018713270546868443,-6.975082694360882e-18
5.681,0.3,0.2908097505569458,0.012942874077725718,-1.2432486225491583e-16,0.0018711747834458947,-6.831273146057802e-18
5.682,0.3,0.2908104658126831,0.012942874077725718,-1.2425780106829494e-16,0.001871022512204945,-6.671642068126029e-18
5.683,0.3,0.2908111810684204,0.012942874077725718,-1.241216669918034e-16,0.0018708702409639955,-6.496192090857301e-18
5.684,0.3,0.2908118963241577,0.012942874077725718,-1.2393052871329956e-16,0.0018707179697230458,-6.2890802904626125e-18
5.6850000000000005,0.3,0.290812611579895,0.012942874077725718,-1.2368908461866268e-16,0.001870565814897418,-6.0820030443433165e-18
5.686,0.3,0.29081329703330994,0.012942874077725718,-1.2339742735212138e-16,0.0018704135436564684,-5.874960337574083e-18
5.687,0.3,0.29081401228904724,0.012942874077725718,-1.2308802209835715e-16,0.0018702613888308406,-5.652106603619049e-18
5.688,0.3,0.29081472754478455,0.012942874077725718,-1.2277015975001017e-16,0.0018701092340052128,-5.445135561428326e-18
5.689,0.3,0.29081544280052185,0.012942874077725718,-1.2246689548511353e-16,0.0018699569627642632,-5.238198993535577e-18
5.69,0.3,0.29081615805625916,0.012942874077725718,-1.222059828675796e-16,0.0018698048079386353,-5.031296878143318e-18
5.691,0.3,0.29081687331199646,0.012942874077725718,-1.2200569928022336e-16,0.0018696526531130075,-4.808583650086947e-18
5.692,0.3,0.29081758856773376,0.012942874077725718,-1.218798487131071e-16,0.0018695006147027016,-4.538370843474953e-18
5.6930000000000005,0.3,0.29081830382347107,0.012942874077725718,-1.218190079246926e-16,0.0018693484598770738,-4.204820831641831e-18
5.694,0.3,0.290818989276886,0.012942874077725718,-1.2180006879738758e-16,0.001869196305051446,-3.855480833954093e-18
5.695,0.3,0.2908197045326233,0.012942874077725718,-1.2182293868696345e-16,0.0018690441502258182,-3.474507929982605e-18
5.696,0.3,0.2908204197883606,0.012942874077725718,-1.218690622779194e-16,0.0018688921118155122,-3.077752959892343e-18
5.697,0.3,0.2908211350440979,0.012942874077725718,-1.2193380735882515e-16,0.0018687399569898844,-2.6493730074201262e-18
5.698,0.3,0.2908218502998352,0.012942874077725718,-1.220032508256102e-16,0.0018685879185795784,-2.221064459137752e-18
5.699,0.3,0.2908225655555725,0.012942874077725718,-1.2204977146326019e-16,0.0018684358801692724,-1.808672867376064e-18
5.7,0.3,0.2908232808113098,0.012942874077725718,-1.2204569511720153e-16,0.0018682838417589664,-1.4755777920217926e-18
5.7010000000000005,0.3,0.2908239960670471,0.012942874077725718,-1.2199569370353392e-16,0.0018681318033486605,-1.2059204668788513e-18
5.702,0.3,0.29082468152046204,0.012942874077725718,-1.2189516148060668e-16,0.0018679797649383545,-9.838447703776022e-19
5.703,0.3,0.29082539677619934,0.012942874077725718,-1.2175804802226989e-16,0.0018678277265280485,-7.459605631352559e-19
5.704,0.3,0.29082611203193665,0.012942874077725718,-1.2157057580824087e-16,0.0018676758045330644,-5.398071334483371e-19
5.705,0.3,0.29082682728767395,0.012942874077725718,-1.2133745645928872e-16,0.0018675237661227584,-3.9707029566203947e-19
5.706,0.3,0.29082754254341125,0.012942874077725718,-1.2105415040821176e-16,0.0018673718441277742,-3.0189392891646596e-19
5.707,0.3,0.29082825779914856,0.012942874077725718,-1.2072993531276038e-16,0.0018672198057174683,-2.3842455188901253e-19
5.708,0.3,0.2908289432525635,0.012942874077725718,-1.2036027160573288e-16,0.0018670678837224841,-2.2250242764485035e-19
5.7090000000000005,0.3,0.2908296585083008,0.012942874077725718,-1.1994526516624767e-16,0.0018669159617275,-3.016562918814507e-19
5.71,0.3,0.2908303737640381,0.012942874077725718,-1.1951259014887834e-16,0.0018667640397325158,-3.9664252387253902e-19
5.711,0.3,0.2908310890197754,0.012942874077725718,-1.1904848226823198e-16,0.0018666121177375317,-5.708406933495771e-19
5.712,0.3,0.2908318042755127,0.012942874077725718,-1.185759702325621e-16,0.0018664603121578693,-7.450098352442446e-19
5.713,0.3,0.29083251953125,0.012942874077725718,-1.1810434493450886e-16,0.0018663083901628852,-8.874588458243147e-19
5.714,0.3,0.2908332049846649,0.012942874077725718,-1.1764742359902437e-16,0.001866156468167901,-9.8234745263722e-19
5.715,0.3,0.2908339202404022,0.012942874077725718,-1.1720061371934772e-16,0.0018660046625882387,-1.0772202435112135e-18
5.716,0.3,0.2908346354961395,0.012942874077725718,-1.16786970473512e-16,0.0018658527405932546,-1.1245405439435812e-18
5.7170000000000005,0.3,0.29083535075187683,0.012942874077725718,-1.164110731333883e-16,0.0018657009350135922,-1.156007374432111e-18
5.718,0.3,0.29083606600761414,0.012942874077725718,-1.161051883603111e-16,0.00186554912943393,-1.1082411621492124e-18
5.719,0.3,0.29083675146102905,0.012942874077725718,-1.1585995908719118e-16,0.0018653973238542676,-1.0129462136142063e-18
5.72,0.3,0.29083746671676636,0.012942874077725718,-1.1569378181085173e-16,0.0018652455182746053,-8.542848975814877e-19
5.721,0.3,0.29083818197250366,0.012942874077725718,-1.1558803504134295e-16,0.001865093712694943,-6.481133377366791e-19
5.722,0.3,0.29083889722824097,0.012942874077725718,-1.1551497844964226e-16,0.0018649420235306025,-4.419761217141149e-19
5.723,0.3,0.29083961248397827,0.012942874077725718,-1.154468584718373e-16,0.0018647902179509401,-2.8340991257647105e-19
5.724,0.3,0.2908402979373932,0.012942874077725718,-1.1537438421528785e-16,0.0018646384123712778,-1.5656123938030237e-19
5.7250000000000005,0.3,0.2908410131931305,0.012942874077725718,-1.1527909300872174e-16,0.0018644867232069373,-7.727037433723508e-20
5.726,0.3,0.2908417284488678,0.012942874077725718,-1.1515176013394778e-16,0.0018643350340425968,-2.968384967754934e-20
5.727,0.3,0.2908424437046051,0.012942874077725718,-1.1497856836601388e-16,0.0018641832284629345,-4.548748435263228e-20
5.728,0.3,0.29084312915802,0.012942874077725718,-1.1477346727877013e-16,0.001864031539298594,-1.088251550531718e-19
5.729,0.3,0.2908438444137573,0.012942874077725718,-1.1455490630859892e-16,0.0018638798501342535,-1.7215228100537582e-19
5.73,0.3,0.29084455966949463,0.012942874077725718,-1.1431833265340875e-16,0.001863728160969913,-2.3546886593566026e-19
5.731,0.3,0.29084527492523193,0.012942874077725718,-1.1405450836011864e-16,0.0018635765882208943,-3.3046601816950137e-19
5.732,0.3,0.29084596037864685,0.012942874077725718,-1.1376348636828778e-16,0.0018634248990565538,-4.412929109048786e-19
5.7330000000000005,0.3,0.29084667563438416,0.012942874077725718,-1.134268569462032e-16,0.0018632732098922133,-5.837924714464984e-19
5.734,0.3,0.29084739089012146,0.012942874077725718,-1.130446730334241e-16,0.0018631216371431947,-7.262683142768942e-19
5.735,0.3,0.29084810614585876,0.012942874077725718,-1.126031835794474e-16,0.001862970064394176,-9.162570953487345e-19
5.736,0.3,0.2908487915992737,0.012942874077725718,-1.1213018185285488e-16,0.0018628183752298355,-1.1062142318648255e-18
5.737,0.3,0.290849506855011,0.012942874077725718,-1.1162111505155504e-16,0.0018626668024808168,-1.3119852942197744e-18
5.738,0.3,0.2908502221107483,0.012942874077725718,-1.11080628621868e-16,0.0018625152297317982,-1.5177220816608412e-18
5.739,0.3,0.2908509373664856,0.012942874077725718,-1.1051343418456283e-16,0.0018623636569827795,-1.7075790463464862e-18
5.74,0.3,0.2908516228199005,0.012942874077725718,-1.0991957806175386e-16,0.0018622120842337608,-1.8815588343506323e-18
5.7410000000000005,0.3,0.2908523380756378,0.012942874077725718,-1.09289895092254e-16,0.001862060627900064,-2.071355216270128e-18
5.742,0.3,0.2908530533313751,0.012942874077725718,-1.0863365631636873e-16,0.0018619090551510453,-2.245274431611735e-18
5.743,0.3,0.2908537685871124,0.012942874077725718,-1.0794174289502527e-16,0.0018617575988173485,-2.4350102312889224e-18
5.744,0.3,0.29085445404052734,0.012942874077725718,-1.0723261088205091e-16,0.0018616060260683298,-2.5771777625902417e-18
5.745,0.3,0.29085516929626465,0.012942874077725718,-1.0652020323385084e-16,0.001861454569734633,-2.6717849696302017e-18
5.746,0.3,0.29085588455200195,0.012942874077725718,-1.0580915877930026e-16,0.0018613031134009361,-2.7346852988027794e-18
5.747,0.3,0.29085657000541687,0.012942874077725718,-1.0510414943449886e-16,0.0018611516570672393,-2.797575134978047e-18
5.748,0.3,0.2908572852611542,0.012942874077725718,-1.0441897918950894e-16,0.0018610002007335424,-2.8129178403389346e-18
5.7490000000000006,0.3,0.2908580005168915,0.012942874077725718,-1.0376748512161727e-16,0.0018608487443998456,-2.7807213042605634e-18
5.75,0.3,0.2908586859703064,0.012942874077725718,-1.0315427297247456e-16,0.0018606972880661488,-2.7326845509408863e-18
5.751,0.3,0.2908594012260437,0.012942874077725718,-1.025792567152971e-16,0.001860545831732452,-2.668810238737515e-18
5.752,0.3,0.290860116481781,0.012942874077725718,-1.0204240988030528e-16,0.001860394491814077,-2.6049465379223136e-18
5.753,0.3,0.2908608317375183,0.012942874077725718,-1.015482389474763e-16,0.00186024303548038,-2.5252478949386406e-18
5.7540000000000004,0.3,0.2908615171909332,0.012942874077725718,-1.0109667112491626e-16,0.001860091695562005,-2.429716950342773e-18
5.755,0.3,0.29086223244667053,0.012942874077725718,-1.0068766009051084e-16,0.00185994035564363,-2.318356356157022e-18
5.756,0.3,0.29086294770240784,0.012942874077725718,-1.0031647437115624e-16,0.0018597888993099332,-2.2070142909696643e-18
5.757000000000001,0.3,0.29086363315582275,0.012942874077725718,-9.998768662127866e-17,0.0018596375593915582,-2.079845200182891e-18
5.758,0.3,0.29086434841156006,0.012942874077725718,-9.96965918375539e-17,0.0018594862194731832,-1.9526972822187667e-18
5.759,0.3,0.29086506366729736,0.012942874077725718,-9.943852472132716e-17,0.00185933499597013,-1.841416079410484e-18
5.76,0.3,0.2908657491207123,0.012942874077725718,-9.921799837002052e-17,0.001859183656051755,-1.7301533956941343e-18
5.761,0.3,0.2908664643764496,0.012942874077725718,-9.903035410242409e-17,0.00185903231613338,-1.6347547829696166e-18
5.7620000000000005,0.3,0.2908671796321869,0.012942874077725718,-9.888471075761066e-17,0.0018588810926303267,-1.5235264899299637e-18
5.763,0.3,0.2908678650856018,0.012942874077725718,-9.877179729527472e-17,0.0018587297527119517,-1.4281622618619577e-18
5.764,0.3,0.2908685803413391,0.012942874077725718,-9.869612681283837e-17,0.0018585785292088985,-1.3328138983511756e-18
5.765,0.3,0.2908692955970764,0.012942874077725718,-9.866687770637849e-17,0.0018584273057058454,-1.2057903000223956e-18
5.766,0.3,0.29086998105049133,0.012942874077725718,-9.86654748080596e-17,0.0018582760822027922,-1.0629423098318403e-18
5.767,0.3,0.29087069630622864,0.012942874077725718,-9.866882985262412e-17,0.001858124858699739,-9.359636775525685e-19
5.768,0.3,0.29087141156196594,0.012942874077725718,-9.865841399435085e-17,0.0018579736351966858,-8.090062292038436e-19
5.769,0.3,0.29087209701538086,0.012942874077725718,-9.860657293100092e-17,0.0018578224116936326,-6.979155265583228e-19
5.7700000000000005,0.3,0.29087281227111816,0.012942874077725718,-9.850874724303795e-17,0.0018576713046059012,-5.709978304136483e-19
5.771,0.3,0.2908734977245331,0.012942874077725718,-9.831888613139988e-17,0.001857520081102848,-5.07483558274777e-19
5.772,0.3,0.2908742129802704,0.012942874077725718,-9.804171445174561e-17,0.0018573689740151167,-4.439799412380832e-19
5.773,0.3,0.2908749282360077,0.012942874077725718,-9.767281175088166e-17,0.0018572177505120635,-3.9633252343794346e-19
5.774,0.3,0.2908756136894226,0.012942874077725718,-9.722157480056664e-17,0.0018570666434243321,-3.3284755277267656e-19
5.775,0.3,0.2908763289451599,0.012942874077725718,-9.666971298309576e-17,0.0018569155363366008,-3.1690989308274737e-19
5.776,0.3,0.2908770442008972,0.012942874077725718,-9.603126851654773e-17,0.0018567644292488694,-3.4851158933372505e-19
5.777,0.3,0.29087772965431213,0.012942874077725718,-9.532946863252304e-17,0.001856613322161138,-3.959536030229188e-19
5.7780000000000005,0.3,0.29087844491004944,0.012942874077725718,-9.456903156923569e-17,0.0018564622150734067,-4.592333182735367e-19
5.779,0.3,0.29087913036346436,0.012942874077725718,-9.375469541723439e-17,0.0018563111079856753,-5.383480646133517e-19
5.78,0.3,0.29087984561920166,0.012942874077725718,-9.288655282074773e-17,0.0018561601173132658,-6.332952317730012e-19
5.781,0.3,0.29088056087493896,0.012942874077725718,-9.196472289378394e-17,0.0018560090102255344,-7.757632441333883e-19
5.782,0.3,0.2908812463283539,0.012942874077725718,-9.100775433439889e-17,0.001855858019553125,-9.498986206728144e-19
5.783,0.3,0.2908819615840912,0.012942874077725718,-9.002952392454878e-17,0.0018557069124653935,-1.1240050119268905e-18
5.784,0.3,0.2908826470375061,0.012942874077725718,-8.902549871447682e-17,0.001855555921792984,-1.3297734872702868e-18
5.785,0.3,0.2908833622932434,0.012942874077725718,-8.802334624131167e-17,0.0018554049311205745,-1.4879710351213863e-18
5.7860000000000005,0.3,0.2908840775489807,0.012942874077725718,-8.702313929694725e-17,0.001855253940448165,-1.6619877412641304e-18
5.787,0.3,0.29088476300239563,0.012942874077725718,-8.605257850573673e-17,0.0018551029497757554,-1.8359754023799376e-18
5.788,0.3,0.29088547825813293,0.012942874077725718,-8.513927184780468e-17,0.0018549520755186677,-1.9782429455185363e-18
5.789,0.3,0.29088616371154785,0.012942874077725718,-8.430159596763958e-17,0.0018548010848462582,-2.0412589617800455e-18
5.79,0.3,0.29088687896728516,0.012942874077725718,-8.353020041559713e-17,0.0018546500941738486,-2.056727798920738e-18
5.791,0.3,0.29088759422302246,0.012942874077725718,-8.281116208760684e-17,0.001854499219916761,-2.056348457512509e-18
5.792,0.3,0.2908882796764374,0.012942874077725718,-8.216742366513847e-17,0.0018543482292443514,-1.9767413638499604e-18
5.793,0.3,0.2908889949321747,0.012942874077725718,-8.158970087299673e-17,0.0018541973549872637,-1.8813019553748658e-18
5.7940000000000005,0.3,0.2908896803855896,0.012942874077725718,-8.108707284558501e-17,0.001854046480730176,-1.738341744425525e-18
5.795,0.3,0.2908903956413269,0.012942874077725718,-8.064558339160831e-17,0.0018538956064730883,-1.5795597819142327e-18
5.796,0.3,0.2908910810947418,0.012942874077725718,-8.025126308488183e-17,0.0018537447322160006,-1.4049587016952381e-18
5.797,0.3,0.2908917963504791,0.012942874077725718,-7.985790230766591e-17,0.0018535938579589128,-1.293768933813513e-18
5.798,0.3,0.29089251160621643,0.012942874077725718,-7.947002739227245e-17,0.001853443100117147,-1.1825976932796041e-18
5.799,0.3,0.29089319705963135,0.012942874077725718,-7.907840700306534e-17,0.0018532922258600593,-1.0555994336867692e-18
5.8,0.3,0.29089391231536865,0.012942874077725718,-7.866918421042311e-17,0.0018531413516029716,-9.127768163531602e-19
5.801,0.3,0.29089459776878357,0.012942874077725718,-7.824237886668045e-17,0.0018529905937612057,-7.224413647880955e-19
5.8020000000000005,0.3,0.2908953130245209,0.012942874077725718,-7.777038960915769e-17,0.0018528398359194398,-5.321376823793438e-19
5.803,0.3,0.2908959984779358,0.012942874077725718,-7.724867025320824e-17,0.001852689078077674,-3.418657451638268e-19
5.804,0.3,0.2908967137336731,0.012942874077725718,-7.667271431885492e-17,0.0018525382038205862,-1.6747112398527688e-19
5.805,0.3,0.290897399187088,0.012942874077725718,-7.604724004431172e-17,0.0018523874459788203,6.894406165339778e-21
5.806,0.3,0.2908981144428253,0.012942874077725718,-7.536771447982186e-17,0.0018522368045523763,1.653852692075946e-19
5.807,0.3,0.29089879989624023,0.012942874077725718,-7.463886909848914e-17,0.0018520860467106104,3.2384969498678825e-19
5.808,0.3,0.29089951515197754,0.012942874077725718,-7.386078992709726e-17,0.0018519352888688445,4.822876553102117e-19
5.809,0.3,0.29090023040771484,0.012942874077725718,-7.303818196897042e-17,0.0018517846474424005,6.565447438427882e-19
5.8100000000000005,0.3,0.29090091586112976,0.012942874077725718,-7.216652550924165e-17,0.0018516338896006346,8.307727731344656e-19
5.811,0.3,0.29090163111686707,0.012942874077725718,-7.124593966191913e-17,0.0018514832481741905,1.0049717068006196e-18
5.812,0.3,0.290902316570282,0.012942874077725718,-7.027650383634168e-17,0.0018513324903324246,1.1791415920960146e-18
5.813,0.3,0.2909030318260193,0.012942874077725718,-6.925832391162771e-17,0.0018511818489059806,1.35328238751776e-18
5.814,0.3,0.2909037172794342,0.012942874077725718,-6.819611150854632e-17,0.0018510312074795365,1.5432396985709234e-18
5.815,0.3,0.2909044325351715,0.012942874077725718,-6.708532044245091e-17,0.0018508805660530925,1.7331652846786928e-18
5.816,0.3,0.2909051179885864,0.012942874077725718,-6.592608306223949e-17,0.0018507300410419703,1.923059203791478e-18
5.817,0.3,0.29090583324432373,0.012942874077725718,-6.470926067650459e-17,0.0018505793996155262,2.081230302131315e-18
5.8180000000000005,0.3,0.29090651869773865,0.012942874077725718,-6.344880285909628e-17,0.0018504287581890821,2.2235294812270545e-18
5.819,0.3,0.29090723395347595,0.012942874077725718,-6.214017004281289e-17,0.00185027823317796,2.3341137818596907e-18
5.82,0.3,0.29090791940689087,0.012942874077725718,-6.082036036209268e-17,0.0018501275917515159,2.4605252264811422e-18
5.821,0.3,0.2909086346626282,0.012942874077725718,-5.949406558537006e-17,0.0018499770667403936,2.5552244699578052e-18
5.822,0.3,0.2909093201160431,0.012942874077725718,-5.8184347508123e-17,0.0018498265417292714,2.6340624214541376e-18
5.823,0.3,0.2909100353717804,0.012942874077725718,-5.690960924461958e-17,0.0018496760167181492,2.7445783333373262e-18
5.824,0.3,0.2909107208251953,0.012942874077725718,-5.56698574123047e-17,0.001849525491707027,2.8233847857687766e-18
5.825,0.3,0.2909114360809326,0.012942874077725718,-5.4492680138968236e-17,0.0018493749666959047,2.9021781284880713e-18
5.8260000000000005,0.3,0.29091212153434753,0.012942874077725718,-5.34056490087878e-17,0.0018492244416847825,3.0126495352013007e-18
5.827,0.3,0.29091283679008484,0.012942874077725718,-5.242245551526237e-17,0.0018490739166736603,3.154793688327473e-18
5.828,0.3,0.29091352224349976,0.012942874077725718,-5.156138696737427e-17,0.0018489235080778599,3.3444509159309168e-18
5.829,0.3,0.29091423749923706,0.012942874077725718,-5.081763248268089e-17,0.0018487729830667377,3.518231052970121e-18
5.83,0.3,0.290914922952652,0.012942874077725718,-5.019096706805562e-17,0.0018486225744709373,3.6761367771274815e-18
5.831,0.3,0.2909156382083893,0.012942874077725718,-4.967652359277419e-17,0.001848472049459815,3.802325150990014e-18
5.832,0.3,0.2909163236618042,0.012942874077725718,-4.927405059393039e-17,0.0018483216408640146,3.9284925804752556e-18
5.833,0.3,0.2909170091152191,0.012942874077725718,-4.896487364201522e-17,0.0018481712322682142,4.022947931729829e-18
5.8340000000000005,0.3,0.2909177243709564,0.012942874077725718,-4.872108035443869e-17,0.0018480208236724138,4.101542021068589e-18
5.835,0.3,0.29091840982437134,0.012942874077725718,-4.8514801362002665e-17,0.0018478705314919353,4.195968579486981e-18
5.836,0.3,0.29091912508010864,0.012942874077725718,-4.8309021986656624e-17,0.0018477201228961349,4.3062249381870654e-18
5.837,0.3,0.29091981053352356,0.012942874077725718,-4.809448773170732e-17,0.0018475697143003345,4.4798451071615534e-18
5.838,0.3,0.29092052578926086,0.012942874077725718,-4.7820489116882805e-17,0.0018474194221198559,4.653436274809673e-18
5.839,0.3,0.2909212112426758,0.012942874077725718,-4.743635636658053e-17,0.0018472690135240555,4.795307326093659e-18
5.84,0.3,0.2909219264984131,0.012942874077725718,-4.692377901076102e-17,0.001847118721343577,4.968845717924155e-18
5.841,0.3,0.290922611951828,0.012942874077725718,-4.625071207249397e-17,0.0018469684291630983,5.158200626510695e-18
5.8420000000000005,0.3,0.2909233272075653,0.012942874077725718,-4.53667140780259e-17,0.001846818020567298,5.299987149080241e-18
5.843,0.3,0.2909240126609802,0.012942874077725718,-4.425831852698445e-17,0.0018466677283868194,5.3942132514529934e-18
5.844,0.3,0.29092469811439514,0.012942874077725718,-4.29074829558486e-17,0.0018465175526216626,5.4250412486879744e-18
5.845,0.3,0.29092541337013245,0.012942874077725718,-4.133311009597642e-17,0.001846367260441184,5.4083272642711564e-18
5.846,0.3,0.29092609882354736,0.012942874077725718,-3.9567946373457664e-17,0.0018462169682607055,5.375770430701638e-18
5.847,0.3,0.29092681407928467,0.012942874077725718,-3.765389344940181e-17,0.001846066676080227,5.343218881424342e-18
5.848,0.3,0.2909274995326996,0.012942874077725718,-3.5591325209445736e-17,0.0018459165003150702,5.199753859980872e-18
5.849,0.3,0.2909282147884369,0.012942874077725718,-3.3426613398729164e-17,0.0018457663245499134,4.992930440795101e-18
5.8500000000000005,0.3,0.2909289002418518,0.012942874077725718,-3.12199536047888e-17,0.0018456160323694348,4.786141528277652e-18
5.851,0.3,0.2909296154975891,0.012942874077725718,-2.899452673711084e-17,0.001845465856604278,4.531850370725674e-18
5.852,0.3,0.29093030095100403,0.012942874077725718,-2.6773432641481427e-17,0.0018453156808391213,4.2617561071851426e-18
5.853,0.3,0.29093098640441895,0.012942874077725718,-2.4570511703909805e-17,0.0018451655050739646,3.960015729078903e-18
5.854,0.3,0.29093170166015625,0.012942874077725718,-2.2427245377754283e-17,0.0018450153293088078,3.69001673788571e-18
5.855,0.3,0.29093238711357117,0.012942874077725718,-2.0343544327508704e-17,0.001844865269958973,3.435908393957695e-18
5.856,0.3,0.29093310236930847,0.012942874077725718,-1.8323913378789032e-17,0.0018447150941938162,3.1976879495618974e-18
5.857,0.3,0.2909337878227234,0.012942874077725718,-1.636821356525236e-17,0.0018445649184286594,3.02288950178343e-18
5.8580000000000005,0.3,0.2909344732761383,0.012942874077725718,-1.445327390357985e-17,0.0018444148590788245,2.8798112740222927e-18
5.859,0.3,0.2909351885318756,0.012942874077725718,-1.2574416687407515e-17,0.0018442647997289896,2.768447975271843e-18
5.86,0.3,0.2909358739852905,0.012942874077725718,-1.0713122170000906e-17,0.0018441146239638329,2.6729488480484964e-18
5.861,0.3,0.29093658924102783,0.012942874077725718,-8.864728361427674e-18,0.001843964564613998,2.625002259226831e-18
5.862,0.3,0.29093727469444275,0.012942874077725718,-7.024619593869774e-18,0.001843814505264163,2.624600367866516e-18
5.863,0.3,0.29093796014785767,0.012942874077725718,-5.174338572729003e-18,0.001843664445914328,2.6558895981423655e-18
5.864,0.3,0.29093867540359497,0.012942874077725718,-3.3046944942192837e-18,0.001843514502979815,2.7030191112318665e-18
5.865,0.3,0.2909393608570099,0.012942874077725718,-1.4157274766003261e-18,0.00184336444362998,2.7818319160381896e-18
5.8660000000000005,0.3,0.2909400761127472,0.012942874077725718,4.925000279916225e-19,0.0018432143842801452,2.87647708346107e-18
5.867,0.3,0.2909407615661621,0.012942874077725718,2.4153384373334015e-18,0.001843064441345632,3.018643175372589e-18
5.868,0.3,0.290941447019577,0.012942874077725718,4.361962425189143e-18,0.0018429143819957972,3.1924766150222294e-18
5.869,0.3,0.29094216227531433,0.012942874077725718,6.32770421136221e-18,0.001842764439061284,3.429663231812554e-18
5.87,0.3,0.29094284772872925,0.012942874077725718,8.307867891515139e-18,0.001842614496126771,3.714347021157741e-18
5.871,0.3,0.29094356298446655,0.012942874077725718,1.0302388118379538e-17,0.0018424645531922579,4.030674415735946e-18
5.872,0.3,0.29094424843788147,0.012942874077725718,1.2306588012772033e-17,0.0018423146102577448,4.346949143132285e-18
5.873,0.3,0.2909449338912964,0.012942874077725718,1.4315832881720488e-17,0.0018421646673232317,4.679016658293413e-18
5.8740000000000006,0.3,0.2909456491470337,0.012942874077725718,1.6334722676611312e-17,0.0018420147243887186,5.0110287746575925e-18
5.875,0.3,0.2909463346004486,0.012942874077725718,1.8377059733145564e-17,0.0018418647814542055,5.2954489527020074e-18
5.876,0.3,0.2909470200538635,0.012942874077725718,2.043818702447457e-17,0.0018417149549350142,5.500593916357302e-18
5.877,0.3,0.29094773530960083,0.012942874077725718,2.250427905384012e-17,0.0018415650120005012,5.658167991849623e-18
5.878,0.3,0.29094842076301575,0.012942874077725718,2.4589158009277975e-17,0.0018414151854813099,5.688951454182355e-18
5.8790000000000004,0.3,0.29094913601875305,0.012942874077725718,2.6660570464343467e-17,0.0018412653589621186,5.672193101397866e-18
5.88,0.3,0.29094982147216797,0.012942874077725718,2.873700225136593e-17,0.0018411155324429274,5.5445187502043894e-18
5.881,0.3,0.2909505069255829,0.012942874077725718,3.079543127953679e-17,0.001840965705923736,5.353483450243806e-18
5.882000000000001,0.3,0.2909512221813202,0.012942874077725718,3.282209657218561e-17,0.0018408158794045448,5.114943322802165e-18
5.883,0.3,0.2909519076347351,0.012942874077725718,3.4803227226474614e-17,0.0018406660528853536,4.86059749539979e-18
5.884,0.3,0.29095259308815,0.012942874077725718,3.6748140604823596e-17,0.0018405162263661623,4.542911840891914e-18
5.885,0.3,0.29095330834388733,0.012942874077725718,3.866158141522616e-17,0.001840366399846971,4.193588015670294e-18
5.886,0.3,0.29095399379730225,0.012942874077725718,4.05574727617528e-17,0.0018402166897431016,3.812631376444509e-18
5.8870000000000005,0.3,0.29095467925071716,0.012942874077725718,4.243589405374232e-17,0.0018400669796392322,3.447583759226824e-18
5.888,0.3,0.29095539450645447,0.012942874077725718,4.430609317044306e-17,0.001839917153120041,3.0667514069053343e-18
5.889,0.3,0.2909560799598694,0.012942874077725718,4.616348753126148e-17,0.0018397674430161715,2.6859825961315932e-18
5.89,0.3,0.2909567654132843,0.012942874077725718,4.8003481320714236e-17,0.001839617732912302,2.3211227792838206e-18
5.891,0.3,0.2909574806690216,0.012942874077725718,4.983532241804967e-17,0.0018394680228084326,1.9404781988045158e-18
5.892,0.3,0.2909581661224365,0.012942874077725718,5.165904060176983e-17,0.0018393183127045631,1.544051575757093e-18
5.893,0.3,0.29095885157585144,0.012942874077725718,5.346543100601823e-17,0.0018391686026006937,1.1635365580229104e-18
5.894,0.3,0.29095956683158875,0.012942874077725718,5.526375143621057e-17,0.001839019008912146,7.672393869707863e-19
5.8950000000000005,0.3,0.29096025228500366,0.012942874077725718,5.704940938558594e-17,0.0018388692988082767,3.7100833494107835e-19
5.896,0.3,0.2909609377384186,0.012942874077725718,5.88224147803117e-17,0.0018387195887044072,-2.5156698085834198e-20
5.897,0.3,0.2909616529941559,0.012942874077725718,6.058282055994705e-17,0.0018385699950158596,-4.2125572289294106e-19
5.898,0.3,0.2909623384475708,0.012942874077725718,6.23306333419369e-17,0.001838420401327312,-8.172886640264691e-19
5.899,0.3,0.2909630239009857,0.012942874077725718,6.407048533771154e-17,0.0018382708076387644,-1.229101174135943e-18
5.9,0.3,0.290963739156723,0.012942874077725718,6.579779727539987e-17,0.0018381212139502168,-1.6408450695300382e-18
5.901,0.3,0.29096442461013794,0.012942874077725718,6.751720136643219e-17,0.0018379716202616692,-2.068365830420244e-18
5.902,0.3,0.29096511006355286,0.012942874077725718,6.922872408058811e-17,0.0018378220265731215,-2.511660913788677e-18
5.9030000000000005,0.3,0.29096582531929016,0.012942874077725718,7.092777291110673e-17,0.001837672432884574,-2.954882136676339e-18
5.904,0.3,0.2909665107727051,0.012942874077725718,7.260977520356186e-17,0.0018375228391960263,-3.38218387383385e-18
5.905,0.3,0.29096719622612,0.012942874077725718,7.42747309579535e-17,0.0018373733619228005,-3.793568863276007e-18
5.906,0.3,0.2909678816795349,0.012942874077725718,7.592729885549154e-17,0.001837223768234253,-4.204885311104072e-18
5.907,0.3,0.2909685969352722,0.012942874077725718,7.756287977197019e-17,0.0018370742909610271,-4.600287674699186e-18
5.908,0.3,0.29096928238868713,0.012942874077725718,7.918612577115445e-17,0.0018369248136878014,-4.9797785260021196e-18
5.909,0.3,0.29096996784210205,0.012942874077725718,8.079704347048922e-17,0.0018367753364145756,-5.327515051783999e-18
5.91,0.3,0.29097068309783936,0.012942874077725718,8.240950303448579e-17,0.0018366258591413498,-5.643502552075151e-18
5.9110000000000005,0.3,0.2909713685512543,0.012942874077725718,8.404194728208164e-17,0.001836476381868124,-5.9594373444301324e-18
5.912,0.3,0.2909720540046692,0.012942874077725718,8.568512502530598e-17,0.0018363269045948982,-6.243628415943008e-18
5.913,0.3,0.2909727692604065,0.012942874077725718,8.734358244880539e-17,0.0018361774273216724,-6.4960810625009785e-18
5.914,0.3,0.2909734547138214,0.012942874077725718,8.903115001242178e-17,0.0018360280664637685,-6.732646042488998e-18
5.915,0.3,0.29097414016723633,0.012942874077725718,9.074776154170612e-17,0.0018358785891905427,-6.953326093277813e-18
5.916,0.3,0.29097482562065125,0.012942874077725718,9.250254249317612e-17,0.0018357292283326387,-7.189814971174864e-18
5.917,0.3,0.29097554087638855,0.012942874077725718,9.428624167886096e-17,0.001835579751059413,-7.410418933396704e-18
5.918,0.3,0.29097622632980347,0.012942874077725718,9.609876645453206e-17,0.001835430390201509,-7.615140525928967e-18
5.9190000000000005,0.3,0.2909769117832184,0.012942874077725718,9.792159459191311e-17,0.001835281029343605,-7.788136929591805e-18
5.92,0.3,0.2909775972366333,0.012942874077725718,9.974083607415814e-17,0.001835131668485701,-7.913567866195607e-18
5.921,0.3,0.2909783124923706,0.012942874077725718,1.0153338278367485e-16,0.0018349823076277971,-7.991441245979835e-18
5.922,0.3,0.2909789979457855,0.012942874077725718,1.0329001661971696e-16,0.001834833063185215,-8.053455996133569e-18
5.923,0.3,0.29097968339920044,0.012942874077725718,1.049877287263657e-16,0.001834683702327311,-8.052078184021143e-18
5.924,0.3,0.29098039865493774,0.012942874077725718,1.0660352348259208e-16,0.001834534341469407,-7.971472804437234e-18
5.925,0.3,0.29098108410835266,0.012942874077725718,1.0812362998555833e-16,0.001834385097026825,-7.843344066488427e-18
5.926,0.3,0.2909817695617676,0.012942874077725718,1.0952052628192358e-16,0.0018342358525842428,-7.651854408487477e-18
5.9270000000000005,0.3,0.2909824550151825,0.012942874077725718,1.1077132924722217e-16,0.0018340864917263389,-7.39701437474528e-18
5.928,0.3,0.2909831702709198,0.012942874077725718,1.118670457738344e-16,0.0018339372472837567,-7.094680063239241e-18
5.929,0.3,0.2909838557243347,0.012942874077725718,1.1280792732466652e-16,0.0018337880028411746,-6.792395984754094e-18
5.93,0.3,0.29098454117774963,0.012942874077725718,1.1358969903031284e-16,0.0018336387583985925,-6.474316640227797e-18
5.931,0.3,0.29098522663116455,0.012942874077725718,1.1421261235367957e-16,0.0018334895139560103,-6.124599111028839e-18
5.932,0.3,0.29098594188690186,0.012942874077725718,1.1470011951949383e-16,0.00183334038592875,-5.774939789309873e-18
5.933,0.3,0.2909866273403168,0.012942874077725718,1.1508475188688608e-16,0.001833191141486168,-5.441184199793359e-18
5.934,0.3,0.2909873127937317,0.012942874077725718,1.1536214194222207e-16,0.0018330420134589076,-5.059947524017398e-18
5.9350000000000005,0.3,0.2909879982471466,0.012942874077725718,1.1556017559831216e-16,0.0018328927690163255,-4.647083249599922e-18
5.936,0.3,0.2909887135028839,0.012942874077725718,1.1572521467412874e-16,0.0018327436409890652,-4.2342877855323036e-18
5.937,0.3,0.29098939895629883,0.012942874077725718,1.1591725292513905e-16,0.0018325945129618049,-3.869097783990317e-18
5.938,0.3,0.29099008440971375,0.012942874077725718,1.1616403068036567e-16,0.0018324452685192227,-3.5515053618562286e-18
5.939,0.3,0.29099076986312866,0.012942874077725718,1.1651622433285605e-16,0.0018322961404919624,-3.3131937266753084e-18
5.94,0.3,0.29099148511886597,0.012942874077725718,1.1701525908768684e-16,0.001832147128880024,-3.1541496897057382e-18
5.941,0.3,0.2909921705722809,0.012942874077725718,1.1767009496525322e-16,0.0018319980008527637,-3.042668896553153e-18
5.942,0.3,0.2909928560256958,0.012942874077725718,1.1848511271407927e-16,0.0018318488728255033,-2.962897919355423e-18
5.9430000000000005,0.3,0.2909935414791107,0.012942874077725718,1.1947847060297175e-16,0.001831699744798243,-2.9306770343765693e-18
5.944,0.3,0.29099422693252563,0.012942874077725718,1.2064523201803495e-16,0.0018315507331863046,-2.9459983109230233e-18
5.945,0.3,0.29099494218826294,0.012942874077725718,1.2195733899289106e-16,0.001831401721574366,-2.9771626941809773e-18
5.946,0.3,0.29099562764167786,0.012942874077725718,1.2336378426224762e-16,0.0018312525935471058,-3.0083218751000705e-18
5.947,0.3,0.2909963130950928,0.012942874077725718,1.2483199676230475e-16,0.0018311035819351673,-3.0711670104039847e-18
5.948,0.3,0.2909969985485077,0.012942874077725718,1.2631107510688836e-16,0.0018309545703232288,-3.1498472331857187e-18
5.949,0.3,0.290997713804245,0.012942874077725718,1.2774563128218193e-16,0.0018308055587112904,-3.196823211609672e-18
5.95,0.3,0.2909983992576599,0.012942874077725718,1.2908492272068899e-16,0.0018306565470993519,-3.164563467462069e-18
5.9510000000000005,0.3,0.29099908471107483,0.012942874077725718,1.3031065880470476e-16,0.0018305075354874134,-3.0689268258655914e-18
5.952,0.3,0.29099977016448975,0.012942874077725718,1.3140912818839558e-16,0.0018303586402907968,-2.9257693906196816e-18
5.953,0.3,0.29100045561790466,0.012942874077725718,1.3236672540504617e-16,0.0018302096286788583,-2.735099079341048e-18
5.954,0.3,0.29100117087364197,0.012942874077725718,1.3318833412899304e-16,0.0018300607334822416,-2.465232711729872e-18
5.955,0.3,0.2910018563270569,0.012942874077725718,1.3389724776628569e-16,0.0018299117218703032,-2.1320290045205516e-18
5.956,0.3,0.2910025417804718,0.012942874077725718,1.3454444711243698e-16,0.0018297628266736865,-1.830571905244028e-18
5.957,0.3,0.2910032272338867,0.012942874077725718,1.3513465702310581e-16,0.0018296139314770699,-1.5291650340272125e-18
5.958,0.3,0.29100391268730164,0.012942874077725718,1.3571422608237477e-16,0.0018294650362804532,-1.2436539666916305e-18
5.9590000000000005,0.3,0.29100462794303894,0.012942874077725718,1.363154474213579e-16,0.0018293161410838366,-9.423449748800406e-19
5.96,0.3,0.29100531339645386,0.012942874077725718,1.369937355236514e-16,0.00182916724588722,-6.886228797900197e-19
5.961,0.3,0.2910059988498688,0.012942874077725718,1.377627752653093e-16,0.001829018467105925,-4.507887056274631e-19
5.962,0.3,0.2910066843032837,0.012942874077725718,1.386178417906727e-16,0.0018288695719093084,-1.654576004299773e-19
5.963,0.3,0.2910073697566986,0.012942874077725718,1.395817917544277e-16,0.0018287206767126918,1.3567140431482858e-19
5.964,0.3,0.2910080850124359,0.012942874077725718,1.4065443986811707e-16,0.001828571897931397,4.525956744853629e-19
5.965,0.3,0.29100877046585083,0.012942874077725718,1.4184936512867647e-16,0.0018284231191501021,7.377760025557959e-19
5.966,0.3,0.29100945591926575,0.012942874077725718,1.4311556027081344e-16,0.0018282742239534855,1.0704453923122764e-18
5.9670000000000005,0.3,0.29101014137268066,0.012942874077725718,1.4444826073419968e-16,0.0018281254451721907,1.3872137341162443e-18
5.968,0.3,0.2910108268260956,0.012942874077725718,1.4582880532421598e-16,0.0018279766663908958,1.608855931012217e-18
5.969,0.3,0.2910115420818329,0.012942874077725718,1.4721100427545739e-16,0.001827827887609601,1.8146156284500657e-18
5.97,0.3,0.2910122275352478,0.012942874077725718,1.4856714372868092e-16,0.001827679225243628,2.0044955791109693e-18
5.971,0.3,0.2910129129886627,0.012942874077725718,1.4987420821052291e-16,0.0018275304464623332,2.1468072585412092e-18
5.972,0.3,0.29101359844207764,0.012942874077725718,1.51104576505969e-16,0.0018273816676810384,2.2415586175435435e-18
5.973,0.3,0.29101428389549255,0.012942874077725718,1.5223532578588408e-16,0.0018272330053150654,2.257066502410262e-18
5.974,0.3,0.29101496934890747,0.012942874077725718,1.5321593847589834e-16,0.0018270843429490924,2.2408808072962574e-18
5.9750000000000005,0.3,0.2910156846046448,0.012942874077725718,1.54046666038918e-16,0.0018269355641677976,2.1296246158238043e-18
5.976,0.3,0.2910163700580597,0.012942874077725718,1.5470479740404479e-16,0.0018267869018018246,1.93915937350762e-18
5.977,0.3,0.2910170555114746,0.012942874077725718,1.5520454684292482e-16,0.0018266382394358516,1.65365267147288e-18
5.978,0.3,0.2910177409648895,0.012942874077725718,1.5556016833187362e-16,0.0018264895770698786,1.288965886493068e-18
5.979,0.3,0.29101842641830444,0.012942874077725718,1.5580425940447067e-16,0.0018263409147039056,8.6095774452623535e-19
5.98,0.3,0.29101911187171936,0.012942874077725718,1.5596948376874446e-16,0.0018261922523379326,3.854843171546124e-19
5.981,0.3,0.29101982712745667,0.012942874077725718,1.5613445667011204e-16,0.0018260437063872814,-1.8498319537641854e-19
5.982,0.3,0.2910205125808716,0.012942874077725718,1.5634544728331716e-16,0.0018258950440213084,-7.870467731518458e-19
5.9830000000000005,0.3,0.2910211980342865,0.012942874077725718,1.566578568570662e-16,0.0018257464980706573,-1.4048556454253848e-18
5.984,0.3,0.2910218834877014,0.012942874077725718,1.570852908580744e-16,0.0018255978357046843,-1.9750249932006865e-18
5.985,0.3,0.29102256894111633,0.012942874077725718,1.576829520117011e-16,0.001825449289754033,-2.6084816522606955e-18
5.986,0.3,0.29102325439453125,0.012942874077725718,1.5843206000931893e-16,0.001825300743803382,-3.194296207459729e-18
5.987,0.3,0.29102396965026855,0.012942874077725718,1.5935077311973462e-16,0.0018251521978527308,-3.748322162326707e-18
5.988,0.3,0.29102465510368347,0.012942874077725718,1.6044795871911476e-16,0.0018250036519020796,-4.286410304451111e-18
5.989,0.3,0.2910253405570984,0.012942874077725718,1.6170944224048263e-16,0.0018248551059514284,-4.792717784697661e-18
5.99,0.3,0.2910260260105133,0.012942874077725718,1.6311175822422133e-16,0.001824706676416099,-5.26724987513963e-18
5.9910000000000005,0.3,0.2910267114639282,0.012942874077725718,1.645853573244274e-16,0.001824558130465448,-5.6624751739648126e-18
5.992,0.3,0.29102739691734314,0.012942874077725718,1.6607463976904747e-16,0.0018244095845147967,-5.946715762006476e-18
5.993,0.3,0.29102808237075806,0.012942874077725718,1.6756107671236036e-16,0.0018242611549794674,-6.1675267712402796e-18
5.994,0.3,0.29102879762649536,0.012942874077725718,1.690030311910526e-16,0.001824112725444138,-6.3249187380352055e-18
5.995,0.3,0.2910294830799103,0.012942874077725718,1.7035435314438863e-16,0.0018239642959088087,-6.418902127150515e-18
5.996,0.3,0.2910301685333252,0.012942874077725718,1.7159218591768238e-16,0.0018238157499581575,-6.433642019980549e-18
5.997,0.3,0.2910308539867401,0.012942874077725718,1.7270273875576137e-16,0.0018236673204228282,-6.400842723285886e-18
5.998,0.3,0.29103153944015503,0.012942874077725718,1.7369555401417202e-16,0.0018235190073028207,-6.352203269066263e-18
5.9990000000000006,0.3,0.29103222489356995,0.012942874077725718,1.7457079051159193e-16,0.0018233705777674913,-6.2718807426524535e-18
