time,command,measured,model,cross1,cross2,yaw
0.0,0.0,0.0,0.012942874077725718,0.0,-0.04072115570306778,0.0
0.001,0.0,0.0,0.012942874077725718,0.0,-0.0807088166475296,0.0
0.002,0.0,0.0,0.012942874077725718,0.0,-0.11952421814203262,0.0
0.003,0.0,0.0,0.012942874077725718,0.0,-0.15681280195713043,0.0
0.004,0.0,0.0,0.012942874077725718,0.0,-0.19229675829410553,0.0
0.005,0.0,0.0,0.012942874077725718,0.0,-0.2257671058177948,0.0
0.006,0.0,0.0,0.012942874077725718,0.0,-0.25707584619522095,0.0
0.007,0.0,0.0,0.012942874077725718,0.0,-0.28612813353538513,0.0
0.008,0.0,0.0,0.012942874077725718,0.0,-0.3128749132156372,0.0
0.009000000000000001,0.0,0.0,0.012942874077725718,0.0,-0.3373059332370758,0.0
0.01,0.0,0.0,0.012942874077725718,0.0,-0.35944312810897827,0.0
0.011,0.0,0.0,0.012942874077725718,0.0,-0.3793348968029022,0.0
0.012,0.0,0.0,0.012942874077725718,0.0,-0.3970506191253662,0.0
0.013000000000000001,0.0,0.0,0.012942874077725718,0.0,-0.41267597675323486,0.0
0.014,0.0,0.0,0.012942874077725718,0.0,-0.42630884051322937,0.0
0.015,0.0,0.0,0.012942874077725718,0.0,-0.4380556046962738,0.0
0.016,0.0,0.0,0.012942874077725718,0.0,-0.44802817702293396,0.0
0.017,0.0,0.0,0.012942874077725718,0.0,-0.45634129643440247,0.0
0.018000000000000002,0.0,0.0,0.012942874077725718,0.0,-0.4631105363368988,0.0
0.019,0.0,0.0,0.012942874077725718,0.0,-0.4684503674507141,0.0
0.02,0.0,0.0,0.012942874077725718,0.0,-0.4724729359149933,0.0
0.021,0.0,0.0,0.012942874077725718,0.0,-0.4752868413925171,0.0
0.022,0.0,0.0,0.012942874077725718,0.0,-0.47699642181396484,0.0
0.023,0.0,0.0,0.012942874077725718,0.0,-0.47770100831985474,0.0
0.024,0.0,0.0,0.012942874077725718,0.0,-0.4774947762489319,0.0
0.025,0.0,0.0,0.012942874077725718,0.0,-0.47646620869636536,0.0
0.026000000000000002,0.0,0.0,0.012942874077725718,0.0,-0.4746982157230377,0.0
0.027,0.0,0.0,0.012942874077725718,0.0,-0.47226810455322266,0.0
0.028,0.0,0.0,0.012942874077725718,0.0,-0.4692475199699402,0.0
0.029,0.0,0.0,0.012942874077725718,0.0,-0.46570271253585815,0.0
0.03,0.0,0.0,0.012942874077725718,0.0,-0.46169477701187134,0.0
0.031,0.0,0.0,0.012942874077725718,0.0,-0.4572798013687134,0.0
0.032,0.0,0.0,0.012942874077725718,0.0,-0.4525090754032135,0.0
0.033,0.0,0.0,0.012942874077725718,0.0,-0.4474295675754547,0.0
0.034,0.0,0.0,0.012942874077725718,0.0,-0.4420839548110962,0.0
0.035,0.0,0.0,0.012942874077725718,0.0,-0.4365110993385315,0.0
0.036000000000000004,0.0,0.0,0.012942874077725718,0.0,-0.4307461977005005,0.0
0.037,0.0,0.0,0.012942874077725718,0.0,-0.4248211085796356,0.0
0.038,0.0,0.0,0.012942874077725718,0.0,-0.418764591217041,0.0
0.039,0.0,0.0,0.012942874077725718,0.0,-0.41260260343551636,0.0
0.04,0.0,0.0,0.012942874077725718,0.0,-0.4063584506511688,0.0
0.041,0.0,0.0,0.012942874077725718,0.0,-0.4000530540943146,0.0
0.042,0.0,0.0,0.012942874077725718,0.0,-0.3937051296234131,0.0
0.043000000000000003,0.0,0.0,0.012942874077725718,0.0,-0.38733145594596863,0.0
0.044,0.0,0.0,0.012942874077725718,0.0,-0.3809469938278198,0.0
0.045,0.0,0.0,0.012942874077725718,0.0,-0.3745650053024292,0.0
0.046,0.0,0.0,0.012942874077725718,0.0,-0.3681972920894623,0.0
0.047,0.0,0.0,0.012942874077725718,0.0,-0.36185431480407715,0.0
0.048,0.0,0.0,0.012942874077725718,0.0,-0.3555452525615692,0.0
0.049,0.0,0.0,0.012942874077725718,0.0,-0.3492782413959503,0.0
0.05,0.0,0.0,0.012942874077725718,0.0,-0.3430604040622711,0.0
0.051000000000000004,0.0,0.0,0.012942874077725718,0.0,-0.33689790964126587,0.0
0.052000000000000005,0.0,0.0,0.012942874077725718,0.0,-0.33079615235328674,0.0
0.053,0.0,0.0,0.012942874077725718,0.0,-0.3247598111629486,0.0
0.054,0.0,0.0,0.012942874077725718,0.0,-0.31879284977912903,0.0
0.055,0.0,0.0,0.012942874077725718,0.0,-0.312898725271225,0.0
0.056,0.0,0.0,0.012942874077725718,0.0,-0.30708029866218567,0.0
0.057,0.0,0.0,0.012942874077725718,0.0,-0.30133992433547974,0.0
0.058,0.0,0.0,0.012942874077725718,0.0,-0.29567965865135193,0.0
0.059000000000000004,0.0,0.0,0.012942874077725718,0.0,-0.290101021528244,0.0
0.06,0.0,0.0,0.012942874077725718,0.0,-0.28460532426834106,0.0
0.061,0.0,0.0,0.012942874077725718,0.0,-0.2791934907436371,0.0
0.062,0.0,0.0,0.012942874077725718,0.0,-0.2738661766052246,0.0
0.063,0.0,0.0,0.012942874077725718,0.0,-0.26862385869026184,0.0
0.064,0.0,0.0,0.012942874077725718,0.0,-0.2634667456150055,0.0
0.065,0.0,0.0,0.012942874077725718,0.0,-0.25839489698410034,0.0
0.066,0.0,0.0,0.012942874077725718,0.0,-0.25340813398361206,0.0
0.067,0.0,0.0,0.012942874077725718,0.0,-0.24850623309612274,0.0
0.068,0.0,0.0,0.012942874077725718,0.0,-0.24368873238563538,0.0
0.069,0.0,0.0,0.012942874077725718,0.0,-0.23895512521266937,0.0
0.07,0.0,0.0,0.012942874077725718,0.0,-0.23430480062961578,0.0
0.07100000000000001,0.0,0.0,0.012942874077725718,0.0,-0.2297370284795761,0.0
0.07200000000000001,0.0,0.0,0.012942874077725718,0.0,-0.22525103390216827,0.0
0.073,0.0,0.0,0.012942874077725718,0.0,-0.22084593772888184,0.0
0.074,0.0,0.0,0.012942874077725718,0.0,-0.21652086079120636,0.0
0.075,0.0,0.0,0.012942874077725718,0.0,-0.21227481961250305,0.0
0.076,0.0,0.0,0.012942874077725718,0.0,-0.20810683071613312,0.0
0.077,0.0,0.0,0.012942874077725718,0.0,-0.2040158361196518,0.0
0.078,0.0,0.0,0.012942874077725718,0.0,-0.2000008076429367,0.0
0.079,0.0,0.0,0.012942874077725718,0.0,-0.1960606426000595,0.0
0.08,0.0,0.0,0.012942874077725718,0.0,-0.19219423830509186,0.0
0.081,0.0,0.0,0.012942874077725718,0.0,-0.1884004920721054,0.0
0.082,0.0,0.0,0.012942874077725718,0.0,-0.18467824161052704,0.0
0.083,0.0,0.0,0.012942874077725718,0.0,-0.1810263991355896,0.0
0.084,0.0,0.0,0.012942874077725718,0.0,-0.17744380235671997,0.0
0.085,0.0,0.0,0.012942874077725718,0.0,-0.17392930388450623,0.0
0.08600000000000001,0.0,0.0,0.012942874077725718,0.0,-0.17048180103302002,0.0
0.08700000000000001,0.0,0.0,0.012942874077725718,0.0,-0.16710011661052704,0.0
0.088,0.0,0.0,0.012942874077725718,0.0,-0.16378316283226013,0.0
0.089,0.0,0.0,0.012942874077725718,0.0,-0.16052977740764618,0.0
0.09,0.0,0.0,0.012942874077725718,0.0,-0.15733888745307922,0.0
0.091,0.0,0.0,0.012942874077725718,0.0,-0.15420936048030853,0.0
0.092,0.0,0.0,0.012942874077725718,0.0,-0.15114009380340576,0.0
0.093,0.0,0.0,0.012942874077725718,0.0,-0.14813002943992615,0.0
0.094,0.0,0.0,0.012942874077725718,0.0,-0.14517807960510254,0.0
0.095,0.0,0.0,0.012942874077725718,0.0,-0.14228320121765137,0.0
0.096,0.0,0.0,0.012942874077725718,0.0,-0.13944432139396667,0.0
0.097,0.0,0.0,0.012942874077725718,0.0,-0.13666042685508728,0.0
0.098,0.0,0.0,0.012942874077725718,0.0,-0.1339304894208908,0.0
0.099,0.0,0.0,0.012942874077725718,0.0,-0.13125351071357727,0.0
0.1,0.0,0.0,0.012942874077725718,0.0,-0.12862850725650787,0.0
0.101,0.0,0.0,0.012942874077725718,0.0,-0.12605449557304382,0.0
0.10200000000000001,0.0,0.0,0.012942874077725718,0.0,-0.12353051453828812,0.0
0.10300000000000001,0.0,0.0,0.012942874077725718,0.0,-0.12105562537908554,0.0
0.10400000000000001,0.0,0.0,0.012942874077725718,0.0,-0.11862889677286148,0.0
0.105,0.0,0.0,0.012942874077725718,0.0,-0.11624941974878311,0.0
0.106,0.0,0.0,0.012942874077725718,0.0,-0.11391628533601761,0.0
0.107,0.0,0.0,0.012942874077725718,0.0,-0.11162861436605453,0.0
0.108,0.0,0.0,0.012942874077725718,0.0,-0.10938553512096405,0.0
0.109,0.0,0.0,0.012942874077725718,0.0,-0.1071861982345581,0.0
0.11,0.0,0.0,0.012942874077725718,0.0,-0.10502976179122925,0.0
0.111,0.0,0.0,0.012942874077725718,0.0,-0.10291540622711182,0.0
0.112,0.0,0.0,0.012942874077725718,0.0,-0.10084231942892075,0.0
0.113,0.0,0.0,0.012942874077725718,0.0,-0.09880970418453217,0.0
0.114,0.0,0.0,0.012942874077725718,0.0,-0.096816785633564,0.0
0.115,0.0,0.0,0.012942874077725718,0.0,-0.09486278891563416,0.0
0.116,0.0,0.0,0.012942874077725718,0.0,-0.09294696897268295,0.0
0.117,0.0,0.0,0.012942874077725718,0.0,-0.0910685807466507,0.0
0.11800000000000001,0.0,0.0,0.012942874077725718,0.0,-0.08922690153121948,0.0
0.11900000000000001,0.0,0.0,0.012942874077725718,0.0,-0.0874212235212326,0.0
0.12,0.0,0.0,0.012942874077725718,0.0,-0.08565084636211395,0.0
0.121,0.0,0.0,0.012942874077725718,0.0,-0.08391508460044861,0.0
0.122,0.0,0.0,0.012942874077725718,0.0,-0.08221326768398285,0.0
0.123,0.0,0.0,0.012942874077725718,0.0,-0.08054473251104355,0.0
0.124,0.0,0.0,0.012942874077725718,0.0,-0.07890883088111877,0.0
0.125,0.0,0.0,0.012942874077725718,0.0,-0.07730493694543839,0.0
0.126,0.0,0.0,0.012942874077725718,0.0,-0.07573241740465164,0.0
0.127,0.0,0.0,0.012942874077725718,0.0,-0.0741906687617302,0.0
0.128,0.0,0.0,0.012942874077725718,0.0,-0.0726790800690651,0.0
0.129,0.0,0.0,0.012942874077725718,0.0,-0.07119707763195038,0.0
0.13,0.0,0.0,0.012942874077725718,0.0,-0.06974408030509949,0.0
0.131,0.0,0.0,0.012942874077725718,0.0,-0.06831951439380646,0.0
0.132,0.0,0.0,0.012942874077725718,0.0,-0.06692283600568771,0.0
0.133,0.0,0.0,0.012942874077725718,0.0,-0.06555350124835968,0.0
0.134,0.0,0.0,0.012942874077725718,0.0,-0.06421096622943878,0.0
0.135,0.0,0.0,0.012942874077725718,0.0,-0.06289471685886383,0.0
0.136,0.0,0.0,0.012942874077725718,0.0,-0.06160423532128334,0.0
0.137,0.0,0.0,0.012942874077725718,0.0,-0.06033901870250702,0.0
0.138,0.0,0.0,0.012942874077725718,0.0,-0.05909857898950577,0.0
0.139,0.0,0.0,0.012942874077725718,0.0,-0.05788242444396019,0.0
0.14,0.0,0.0,0.012942874077725718,0.0,-0.05669008567929268,0.0
0.14100000000000001,0.0,0.0,0.012942874077725718,0.0,-0.05552109330892563,0.0
0.14200000000000002,0.0,0.0,0.012942874077725718,0.0,-0.054374996572732925,0.0
0.14300000000000002,0.0,0.0,0.012942874077725718,0.0,-0.05325134098529816,0.0
0.14400000000000002,0.0,0.0,0.012942874077725718,0.0,-0.0521496944129467,0.0
0.145,0.0,0.0,0.012942874077725718,0.0,-0.05106962472200394,0.0
0.146,0.0,0.0,0.012942874077725718,0.0,-0.05001070722937584,0.0
0.147,0.0,0.0,0.012942874077725718,0.0,-0.04897252842783928,0.0
0.148,0.0,0.0,0.012942874077725718,0.0,-0.04795468971133232,0.0
0.149,0.0,0.0,0.012942874077725718,0.0,-0.046956781297922134,0.0
0.15,0.0,0.0,0.012942874077725718,0.0,-0.045978426933288574,0.0
0.151,0.0,0.0,0.012942874077725718,0.0,-0.045019231736660004,0.0
0.152,0.0,0.0,0.012942874077725718,0.0,-0.044078826904296875,0.0
0.153,0.0,0.0,0.012942874077725718,0.0,-0.04315684735774994,0.0
0.154,0.0,0.0,0.012942874077725718,0.0,-0.042252928018569946,0.0
0.155,0.0,0.0,0.012942874077725718,0.0,-0.04136671498417854,0.0
0.156,0.0,0.0,0.012942874077725718,0.0,-0.04049786552786827,0.0
0.157,0.0,0.0,0.012942874077725718,0.0,-0.03964604064822197,0.0
0.158,0.0,0.0,0.012942874077725718,0.0,-0.03881090134382248,0.0
0.159,0.0,0.0,0.012942874077725718,0.0,-0.037992123514413834,0.0
0.16,0.0,0.0,0.012942874077725718,0.0,-0.037189386785030365,0.0
0.161,0.0,0.0,0.012942874077725718,0.0,-0.0364023819565773,0.0
0.162,0.0,0.0,0.012942874077725718,0.0,-0.03563079610466957,0.0
0.163,0.0,0.0,0.012942874077725718,0.0,-0.034874327480793,0.0
0.164,0.0,0.0,0.012942874077725718,0.0,-0.03413268178701401,0.0
0.165,0.0,0.0,0.012942874077725718,0.0,-0.033405568450689316,0.0
0.166,0.0,0.0,0.012942874077725718,0.0,-0.03269270062446594,0.0
0.167,0.0,0.0,0.012942874077725718,0.0,-0.0319938026368618,0.0
0.168,0.0,0.0,0.012942874077725718,0.0,-0.031308602541685104,0.0
0.169,0.0,0.0,0.012942874077725718,0.0,-0.030636828392744064,0.0
0.17,0.0,0.0,0.012942874077725718,0.0,-0.02997821755707264,0.0
0.171,0.0,0.0,0.012942874077725718,0.0,-0.029332512989640236,0.0
0.17200000000000001,0.0,0.0,0.012942874077725718,0.0,-0.028699463233351707,0.0
0.17300000000000001,0.0,0.0,0.012942874077725718,0.0,-0.028078818693757057,0.0
0.17400000000000002,0.0,0.0,0.012942874077725718,0.0,-0.027470337226986885,0.0
0.17500000000000002,0.0,0.0,0.012942874077725718,0.0,-0.02687378227710724,0.0
0.176,0.0,0.0,0.012942874077725718,0.0,-0.026288917288184166,0.0
0.177,0.0,0.0,0.012942874077725718,0.0,-0.02571551501750946,0.0
0.178,0.0,0.0,0.012942874077725718,0.0,-0.025153351947665215,0.0
0.179,0.0,0.0,0.012942874077725718,0.0,-0.02460220456123352,0.0
0.18,0.0,0.0,0.012942874077725718,0.0,-0.024061862379312515,0.0
0.181,0.0,0.0,0.012942874077725718,0.0,-0.023532109335064888,0.0
0.182,0.0,0.0,0.012942874077725718,0.0,-0.023012738674879074,0.0
0.183,0.0,0.0,0.012942874077725718,0.0,-0.022503549233078957,0.0
0.184,0.0,0.0,0.012942874077725718,0.0,-0.02200433984398842,0.0
0.185,0.0,0.0,0.012942874077725718,0.0,-0.02151491492986679,0.0
0.186,0.0,0.0,0.012942874077725718,0.0,-0.02103508450090885,0.0
0.187,0.0,0.0,0.012942874077725718,0.0,-0.02056465856730938,0.0
0.188,0.0,0.0,0.012942874077725718,0.0,-0.02010345458984375,0.0
0.189,0.0,0.0,0.012942874077725718,0.0,-0.019651291891932487,0.0
0.19,0.0,0.0,0.012942874077725718,0.0,-0.019207991659641266,0.0
0.191,0.0,0.0,0.012942874077725718,0.0,-0.018773382529616356,0.0
0.192,0.0,0.0,0.012942874077725718,0.0,-0.01834729313850403,0.0
0.193,0.0,0.0,0.012942874077725718,0.0,-0.017929555848240852,0.0
0.194,0.0,0.0,0.012942874077725718,0.0,-0.017520008608698845,0.0
0.195,0.0,0.0,0.012942874077725718,0.0,-0.017118489369750023,0.0
0.196,0.0,0.0,0.012942874077725718,0.0,-0.016724843531847,0.0
0.197,0.0,0.0,0.012942874077725718,0.0,-0.01633891463279724,0.0
0.198,0.0,0.0,0.012942874077725718,0.0,-0.01596055179834366,0.0
0.199,0.0,0.0,0.012942874077725718,0.0,-0.015589606016874313,0.0
0.2,0.0,0.0,0.012942874077725718,0.0,-0.015225933864712715,0.0
0.201,0.0,0.0,0.012942874077725718,0.0,-0.014869391918182373,0.0
0.202,0.0,0.0,0.012942874077725718,0.0,-0.01451984141021967,0.0
0.203,0.0,0.0,0.012942874077725718,0.0,-0.014177143573760986,0.0
0.20400000000000001,0.0,0.0,0.012942874077725718,0.0,-0.013841165229678154,0.0
0.20500000000000002,0.0,0.0,0.012942874077725718,0.0,-0.013511775992810726,0.0
0.20600000000000002,0.0,0.0,0.012942874077725718,0.0,-0.013188844546675682,0.0
0.20700000000000002,0.0,0.0,0.012942874077725718,0.0,-0.012872245162725449,0.0
0.20800000000000002,0.0,0.0,0.012942874077725718,0.0,-0.012561853975057602,0.0
0.209,0.0,0.0,0.012942874077725718,0.0,-0.012257549911737442,0.0
0.21,0.0,0.0,0.012942874077725718,0.0,-0.011959212832152843,0.0
0.211,0.0,0.0,0.012942874077725718,0.0,-0.01166672632098198,0.0
0.212,0.0,0.0,0.012942874077725718,0.0,-0.011379975825548172,0.0
0.213,0.0,0.0,0.012942874077725718,0.0,-0.011098848655819893,0.0
0.214,0.0,0.0,0.012942874077725718,0.0,-0.010823233984410763,0.0
0.215,0.0,0.0,0.012942874077725718,0.0,-0.010553025640547276,0.0
0.216,0.0,0.0,0.012942874077725718,0.0,-0.01028811652213335,0.0
0.217,0.0,0.0,0.012942874077725718,0.0,-0.01002840232104063,0.0
0.218,0.0,0.0,0.012942874077725718,0.0,-0.009773782454431057,0.0
0.219,0.0,0.0,0.012942874077725718,0.0,-0.009524156339466572,0.0
0.22,0.0,0.0,0.012942874077725718,0.0,-0.00927942618727684,0.0
0.221,0.0,0.0,0.012942874077725718,0.0,-0.009039497002959251,0.0
0.222,0.0,0.0,0.012942874077725718,0.0,-0.00880427286028862,0.0
0.223,0.0,0.0,0.012942874077725718,0.0,-0.008573663420975208,0.0
0.224,0.0,0.0,0.012942874077725718,0.0,-0.008347577415406704,0.0
0.225,0.0,0.0,0.012942874077725718,0.0,-0.008125926367938519,0.0
0.226,0.0,0.0,0.012942874077725718,0.0,-0.007908623665571213,0.0
0.227,0.0,0.0,0.012942874077725718,0.0,-0.007695583626627922,0.0
0.228,0.0,0.0,0.012942874077725718,0.0,-0.007486722897738218,0.0
0.229,0.0,0.0,0.012942874077725718,0.0,-0.007281959522515535,0.0
0.23,0.0,0.0,0.012942874077725718,0.0,-0.007081213407218456,0.0
0.231,0.0,0.0,0.012942874077725718,0.0,-0.006884405389428139,0.0
0.232,0.0,0.0,0.012942874077725718,0.0,-0.006691459100693464,0.0
0.233,0.0,0.0,0.012942874077725718,0.0,-0.0065022981725633144,0.0
0.234,0.0,0.0,0.012942874077725718,0.0,-0.006316849030554295,0.0
0.23500000000000001,0.0,0.0,0.012942874077725718,0.0,-0.00613503810018301,0.0
0.23600000000000002,0.0,0.0,0.012942874077725718,0.0,-0.0059567950665950775,0.0
0.23700000000000002,0.0,0.0,0.012942874077725718,0.0,-0.005782049614936113,0.0
0.23800000000000002,0.0,0.0,0.012942874077725718,0.0,-0.005610732827335596,0.0
0.23900000000000002,0.0,0.0,0.012942874077725718,0.0,-0.005442778114229441,0.0
0.24,0.0,0.0,0.012942874077725718,0.0,-0.0052781193517148495,0.0
0.241,0.0,0.0,0.012942874077725718,0.0,-0.005116691812872887,0.0
0.242,0.0,0.0,0.012942874077725718,0.0,-0.004958432633429766,0.0
0.243,0.0,0.0,0.012942874077725718,0.0,-0.004803279414772987,0.0
0.244,0.0,0.0,0.012942874077725718,0.0,-0.004651171155273914,0.0
0.245,0.0,0.0,0.012942874077725718,0.0,-0.004502048250287771,0.0
0.246,0.0,0.0,0.012942874077725718,0.0,-0.0043558524921536446,0.0
0.247,0.0,0.0,0.012942874077725718,0.0,-0.004212526138871908,0.0
0.248,0.0,0.0,0.012942874077725718,0.0,-0.004072013311088085,0.0
0.249,0.0,0.0,0.012942874077725718,0.0,-0.003934259060770273,0.0
0.25,0.0,0.0,0.012942874077725718,0.0,-0.0037992086727172136,0.0
0.251,0.0,0.0,0.012942874077725718,0.0,-0.0036668095272034407,0.0
0.252,0.0,0.0,0.012942874077725718,0.0,-0.0035370097029954195,0.0
0.253,0.0,0.0,0.012942874077725718,0.0,-0.00340975821018219,0.0
0.254,0.0,0.0,0.012942874077725718,0.0,-0.0032850049901753664,0.0
0.255,0.0,0.0,0.012942874077725718,0.0,-0.0031627013813704252,0.0
0.256,0.0,0.0,0.012942874077725718,0.0,-0.00304279918782413,0.0
0.257,0.0,0.0,0.012942874077725718,0.0,-0.002925251144915819,0.0
0.258,0.0,0.0,0.012942874077725718,0.0,-0.0028100116178393364,0.0
0.259,0.0,0.0,0.012942874077725718,0.0,-0.0026970352046191692,0.0
0.26,0.0,0.0,0.012942874077725718,0.0,-0.002586277201771736,0.0
0.261,0.0,0.0,0.012942874077725718,0.0,-0.002477694535627961,0.0
0.262,0.0,0.0,0.012942874077725718,0.0,-0.002371244365349412,0.0
0.263,0.0,0.0,0.012942874077725718,0.0,-0.002266885247081518,0.0
0.264,0.0,0.0,0.012942874077725718,0.0,-0.0021645757369697094,0.0
0.265,0.0,0.0,0.012942874077725718,0.0,-0.002064275788143277,0.0
0.266,0.0,0.0,0.012942874077725718,0.0,-0.0019659462850540876,0.0
0.267,0.0,0.0,0.012942874077725718,0.0,-0.0018695484613999724,0.0
0.268,0.0,0.0,0.012942874077725718,0.0,-0.001775044365786016,0.0
0.269,0.0,0.0,0.012942874077725718,0.0,-0.0016823969781398773,0.0
0.27,0.0,0.0,0.012942874077725718,0.0,-0.0015915698604658246,0.0
0.271,0.0,0.0,0.012942874077725718,0.0,-0.0015025275060907006,0.0
0.272,0.0,0.0,0.012942874077725718,0.0,-0.0014152347575873137,0.0
0.273,0.0,0.0,0.012942874077725718,0.0,-0.0013296573888510466,0.0
0.274,0.0,0.0,0.012942874077725718,0.0,-0.0012457617558538914,0.0
0.275,0.0,0.0,0.012942874077725718,0.0,-0.001163514913059771,0.0
0.276,0.0,0.0,0.012942874077725718,0.0,-0.0010828847298398614,0.0
0.277,0.0,0.0,0.012942874077725718,0.0,-0.00100383919198066,0.0
0.278,0.0,0.0,0.012942874077725718,0.0,-0.0009263475658372045,0.0
0.279,0.0,0.0,0.012942874077725718,0.0,-0.0008503791759721935,0.0
0.28,0.0,0.0,0.012942874077725718,0.0,-0.0007759042782709002,0.0
0.281,0.0,0.0,0.012942874077725718,0.0,-0.0007028935942798853,0.0
0.28200000000000003,0.0,0.0,0.012942874077725718,0.0,-0.0006313184276223183,0.0
0.28300000000000003,0.0,0.0,0.012942874077725718,0.0,-0.0005611506057903171,0.0
0.28400000000000003,0.0,0.0,0.012942874077725718,0.0,-0.0004923625965602696,0.0
0.28500000000000003,0.0,0.0,0.012942874077725718,0.0,-0.0004249273333698511,0.0
0.28600000000000003,0.0,0.0,0.012942874077725718,0.0,-0.000358818331733346,0.0
0.28700000000000003,0.0,0.0,0.012942874077725718,0.0,-0.00029400960193015635,0.0
0.28800000000000003,0.0,0.0,0.012942874077725718,0.0,-0.00023047563445288688,0.0
0.289,0.0,0.0,0.012942874077725718,0.0,-0.0001681914582150057,0.0
0.29,0.0,0.0,0.012942874077725718,0.0,-0.00010713258961914107,0.0
0.291,0.0,0.0,0.012942874077725718,0.0,-4.7275014367187396e-05,0.0
0.292,0.0,0.0,0.012942874077725718,0.0,1.1404814358684234e-05,0.0
0.293,0.0,0.0,0.012942874077725718,0.0,6.89299704390578e-05,0.0
0.294,0.0,0.0,0.012942874077725718,0.0,0.00012532308755908161,0.0
0.295,0.0,0.0,0.012942874077725718,0.0,0.0001806063373805955,0.0
0.296,0.0,0.0,0.012942874077725718,0.0,0.0002348014822928235,0.0
0.297,0.0,0.0,0.012942874077725718,0.0,0.00028792984085157514,0.0
0.298,0.0,0.0,0.012942874077725718,0.0,0.00034001230960711837,0.0
0.299,0.0,0.0,0.012942874077725718,0.0,0.00039106939220800996,0.0
0.3,0.0,0.0,0.012942874077725718,0.0,0.00044112117029726505,0.0
0.301,0.0,0.0,0.012942874077725718,0.0,0.0004901873762719333,0.0
0.302,0.0,0.0,0.012942874077725718,0.0,0.0005382872768677771,0.0
0.303,0.0,0.0,0.012942874077725718,0.0,0.0005854398477822542,0.0
0.304,0.0,0.0,0.012942874077725718,0.0,0.0006316635990515351,0.0
0.305,0.0,0.0,0.012942874077725718,0.0,0.0006769768078811467,0.0
0.306,0.0,0.0,0.012942874077725718,0.0,0.0007213972276076674,0.0
0.307,0.0,0.0,0.012942874077725718,0.0,0.0007649424369446933,0.0
0.308,0.0,0.0,0.012942874077725718,0.0,0.0008076296071521938,0.0
0.309,0.0,0.0,0.012942874077725718,0.0,0.000849475443828851,0.0
0.31,0.0,0.0,0.012942874077725718,0.0,0.0008904965361580253,0.0
0.311,0.0,0.0,0.012942874077725718,0.0,0.0009307089494541287,0.0
0.312,0.0,0.0,0.012942874077725718,0.0,0.0009701286326162517,0.0
0.313,0.0,0.0,0.012942874077725718,0.0,0.0010087710106745362,0.0
0.314,0.0,0.0,0.012942874077725718,0.0,0.0010466515086591244,0.0
0.315,0.0,0.0,0.012942874077725718,0.0,0.0010837848531082273,0.0
0.316,0.0,0.0,0.012942874077725718,0.0,0.001120185712352395,0.0
0.317,0.0,0.0,0.012942874077725718,0.0,0.0011558685218915343,0.0
0.318,0.0,0.0,0.012942874077725718,0.0,0.0011908473679795861,0.0
0.319,0.0,0.0,0.012942874077725718,0.0,0.001225135987624526,0.0
0.32,0.0,0.0,0.012942874077725718,0.0,0.001258747885003686,0.0
0.321,0.0,0.0,0.012942874077725718,0.0,0.001291696447879076,0.0
0.322,0.0,0.0,0.012942874077725718,0.0,0.0013239944819360971,0.0
0.323,0.0,0.0,0.012942874077725718,0.0,0.0013556549092754722,0.0
0.324,0.0,0.0,0.012942874077725718,0.0,0.0013866901863366365,0.0
0.325,0.0,0.0,0.012942874077725718,0.0,0.0014171125367283821,0.0
0.326,0.0,0.0,0.012942874077725718,0.0,0.001446933951228857,0.0
0.327,0.0,0.0,0.012942874077725718,0.0,0.0014761661877855659,0.0
0.328,0.0,0.0,0.012942874077725718,0.0,0.0015048208879306912,0.0
0.329,0.0,0.0,0.012942874077725718,0.0,0.0015329092275351286,0.0
0.33,0.0,0.0,0.012942874077725718,0.0,0.0015604424988850951,0.0
0.331,0.0,0.0,0.012942874077725718,0.0,0.0015874315286055207,0.0
0.332,0.0,0.0,0.012942874077725718,0.0,0.0016138867940753698,0.0
0.333,0.0,0.0,0.012942874077725718,0.0,0.0016398190055042505,0.0
0.334,0.0,0.0,0.012942874077725718,0.0,0.0016652382910251617,0.0
0.335,0.0,0.0,0.012942874077725718,0.0,0.0016901546623557806,0.0
0.336,0.0,0.0,0.012942874077725718,0.0,0.0017145780147984624,0.0
0.337,0.0,0.0,0.012942874077725718,0.0,0.0017385181272402406,0.0
0.338,0.0,0.0,0.012942874077725718,0.0,0.0017619841964915395,0.0
0.339,0.0,0.0,0.012942874077725718,0.0,0.0017849858850240707,0.0
0.34,0.0,0.0,0.012942874077725718,0.0,0.0018075320404022932,0.0
0.341,0.0,0.0,0.012942874077725718,0.0,0.0018296315101906657,0.0
0.342,0.0,0.0,0.012942874077725718,0.0,0.0018512933747842908,0.0
0.343,0.0,0.0,0.012942874077725718,0.0,0.0018725258996710181,0.0
0.34400000000000003,0.0,0.0,0.012942874077725718,0.0,0.001893337699584663,0.0
0.34500000000000003,0.0,0.0,0.012942874077725718,0.0,0.0019137368071824312,0.0
0.34600000000000003,0.0,0.0,0.012942874077725718,0.0,0.0019337316043674946,0.0
0.34700000000000003,0.0,0.0,0.012942874077725718,0.0,0.0019533298909664154,0.0
0.34800000000000003,0.0,0.0,0.012942874077725718,0.0,0.0019725391175597906,0.0
0.34900000000000003,0.0,0.0,0.012942874077725718,0.0,0.001991367433220148,0.0
0.35000000000000003,0.0,0.0,0.012942874077725718,0.0,0.002009822055697441,0.0
0.35100000000000003,0.0,0.0,0.012942874077725718,0.0,0.002027910202741623,0.0
0.352,0.0,0.0,0.012942874077725718,0.0,0.0020456393249332905,0.0
0.353,0.0,0.0,0.012942874077725718,0.0,0.0020630161743611097,0.0
0.354,0.0,0.0,0.012942874077725718,0.0,0.002080047968775034,0.0
0.355,0.0,0.0,0.012942874077725718,0.0,0.002096740994602442,0.0
0.356,0.0,0.0,0.012942874077725718,0.0,0.0021131024695932865,0.0
0.357,0.0,0.0,0.012942874077725718,0.0,0.002129138447344303,0.0
0.358,0.0,0.0,0.012942874077725718,0.0,0.0021448556799441576,0.0
0.359,0.0,0.0,0.012942874077725718,0.0,0.0021602599881589413,0.0
0.36,0.0,0.0,0.012942874077725718,0.0,0.002175357658416033,0.0
0.361,0.0,0.0,0.012942874077725718,0.0,0.002190154977142811,0.0
0.362,0.0,0.0,0.012942874077725718,0.0,0.002204657532274723,0.0
0.363,0.0,0.0,0.012942874077725718,0.0,0.002218871144577861,0.0
0.364,0.0,0.0,0.012942874077725718,0.0,0.0022328016348183155,0.0
0.365,0.0,0.0,0.012942874077725718,0.0,0.002246454358100891,0.0
0.366,0.0,0.0,0.012942874077725718,0.0,0.0022598349023610353,0.0
0.367,0.0,0.0,0.012942874077725718,0.0,0.0022729483898729086,0.0
0.368,0.0,0.0,0.012942874077725718,0.0,0.0022858004085719585,0.0
0.369,0.0,0.0,0.012942874077725718,0.0,0.0022983956150710583,0.0
0.37,0.0,0.0,0.012942874077725718,0.0,0.0023107395973056555,0.0
0.371,0.0,0.0,0.012942874077725718,0.0,0.0023228367790579796,0.0
0.372,0.0,0.0,0.012942874077725718,0.0,0.002334692282602191,0.0
0.373,0.0,0.0,0.012942874077725718,0.0,0.0023463107645511627,0.0
0.374,0.0,0.0,0.012942874077725718,0.0,0.002357696881517768,0.0
0.375,0.0,0.0,0.012942874077725718,0.0,0.0023688552901148796,0.0
0.376,0.0,0.0,0.012942874077725718,0.0,0.0023797901812940836,0.0
0.377,0.0,0.0,0.012942874077725718,0.0,0.0023905059788376093,0.0
0.378,0.0,0.0,0.012942874077725718,0.0,0.0024010073393583298,0.0
0.379,0.0,0.0,0.012942874077725718,0.0,0.002411298220977187,0.0
0.38,0.0,0.0,0.012942874077725718,0.0,0.0024213825818151236,0.0
0.381,0.0,0.0,0.012942874077725718,0.0,0.0024312648456543684,0.0
0.382,0.0,0.0,0.012942874077725718,0.0,0.00244094873778522,0.0
0.383,0.0,0.0,0.012942874077725718,0.0,0.0024504379834979773,0.0
0.384,0.0,0.0,0.012942874077725718,0.0,0.0024597367737442255,0.0
0.385,0.0,0.0,0.012942874077725718,0.0,0.0024688486009836197,0.0
0.386,0.0,0.0,0.012942874077725718,0.0,0.0024777771905064583,0.0
0.387,0.0,0.0,0.012942874077725718,0.0,0.002486526034772396,0.0
0.388,0.0,0.0,0.012942874077725718,0.0,0.0024950988590717316,0.0
0.389,0.0,0.0,0.012942874077725718,0.0,0.002503498923033476,0.0
0.39,0.0,0.0,0.012942874077725718,0.0,0.0025117299519479275,0.0
0.391,0.0,0.0,0.012942874077725718,0.0,0.00251979473978281,0.0
0.392,0.0,0.0,0.012942874077725718,0.0,0.002527696778997779,0.0
0.393,0.0,0.0,0.012942874077725718,0.0,0.0025354395620524883,0.0
0.394,0.0,0.0,0.012942874077725718,0.0,0.0025430256500840187,0.0
0.395,0.0,0.0,0.012942874077725718,0.0,0.002550458535552025,0.0
0.396,0.0,0.0,0.012942874077725718,0.0,0.0025577412452548742,0.0
0.397,0.0,0.0,0.012942874077725718,0.0,0.002564876340329647,0.0
0.398,0.0,0.0,0.012942874077725718,0.0,0.0025718670804053545,0.0
0.399,0.0,0.0,0.012942874077725718,0.0,0.0025787160266190767,0.0
0.4,0.0,0.0,0.012942874077725718,0.0,0.0025854262057691813,0.0
0.401,0.0,0.0,0.012942874077725718,0.0,0.0025920001789927483,0.0
0.402,0.0,0.0,0.012942874077725718,0.0,0.0025984407402575016,0.0
0.403,0.0,0.0,0.012942874077725718,0.0,0.002604750217869878,0.0
0.404,0.0,0.0,0.012942874077725718,0.0,0.0026109316386282444,0.0
0.405,0.0,0.0,0.012942874077725718,0.0,0.0026169870980083942,0.0
0.406,0.0,0.0,0.012942874077725718,0.0,0.0026229191571474075,0.0
0.40700000000000003,0.0,0.0,0.012942874077725718,0.0,0.0026287303771823645,0.0
0.40800000000000003,0.0,0.0,0.012942874077725718,0.0,0.0026344230864197016,0.0
0.40900000000000003,0.0,0.0,0.012942874077725718,0.0,0.0026399996131658554,0.0
0.41000000000000003,0.0,0.0,0.012942874077725718,0.0,0.002645462052896619,0.0
0.41100000000000003,0.0,0.0,0.012942874077725718,0.0,0.002650812966749072,0.0
0.41200000000000003,0.0,0.0,0.012942874077725718,0.0,0.0026560542173683643,0.0
0.41300000000000003,0.0,0.0,0.012942874077725718,0.0,0.002661188365891576,0.0
0.41400000000000003,0.0,0.0,0.012942874077725718,0.0,0.002666217042133212,0.0
0.41500000000000004,0.0,0.0,0.012942874077725718,0.0,0.002671142341569066,0.0
0.41600000000000004,0.0,0.0,0.012942874077725718,0.0,0.0026759665925055742,0.0
0.417,0.0,0.0,0.012942874077725718,0.0,0.0026806918904185295,0.0
0.418,0.0,0.0,0.012942874077725718,0.0,0.002685319632291794,0.0
0.419,0.0,0.0,0.012942874077725718,0.0,0.0026898521464318037,0.0
0.42,0.0,0.0,0.012942874077725718,0.0,0.0026942910626530647,0.0
0.421,0.0,0.0,0.012942874077725718,0.0,0.0026986384764313698,0.0
0.422,0.0,0.0,0.012942874077725718,0.0,0.0027028960175812244,0.0
0.423,0.0,0.0,0.012942874077725718,0.0,0.002707065548747778,0.0
0.424,0.0,0.0,0.012942874077725718,0.0,0.002711148699745536,0.0
0.425,0.0,0.0,0.012942874077725718,0.0,0.0027151471003890038,0.0
0.426,0.0,0.0,0.012942874077725718,0.0,0.0027190623804926872,0.0
0.427,0.0,0.0,0.012942874077725718,0.0,0.0027228964027017355,0.0
0.428,0.0,0.0,0.012942874077725718,0.0,0.002726650796830654,0.0
0.429,0.0,0.0,0.012942874077725718,0.0,0.0027303267270326614,0.0
0.43,0.0,0.0,0.012942874077725718,0.0,0.0027339260559529066,0.0
0.431,0.0,0.0,0.012942874077725718,0.0,0.0027374501805752516,0.0
0.432,0.0,0.0,0.012942874077725718,0.0,0.002740900730714202,0.0
0.433,0.0,0.0,0.012942874077725718,0.0,0.002744278870522976,0.0
0.434,0.0,0.0,0.012942874077725718,0.0,0.002747586229816079,0.0
0.435,0.0,0.0,0.012942874077725718,0.0,0.00275082397274673,0.0
0.436,0.0,0.0,0.012942874077725718,0.0,0.0027539939619600773,0.0
0.437,0.0,0.0,0.012942874077725718,0.0,0.0027570968959480524,0.0
0.438,0.0,0.0,0.012942874077725718,0.0,0.002760134404525161,0.0
0.439,0.0,0.0,0.012942874077725718,0.0,0.0027631078846752644,0.0
0.44,0.0,0.0,0.012942874077725718,0.0,0.0027660182677209377,0.0
0.441,0.0,0.0,0.012942874077725718,0.0,0.0027688671834766865,0.0
0.442,0.0,0.0,0.012942874077725718,0.0,0.0027716555632650852,0.0
0.443,0.0,0.0,0.012942874077725718,0.0,0.0027743845712393522,0.0
0.444,0.0,0.0,0.012942874077725718,0.0,0.0027770553715527058,0.0
0.445,0.0,0.0,0.012942874077725718,0.0,0.0027796693611890078,0.0
0.446,0.0,0.0,0.012942874077725718,0.0,0.002782227471470833,0.0
0.447,0.0,0.0,0.012942874077725718,0.0,0.0027847308665513992,0.0
0.448,0.0,0.0,0.012942874077725718,0.0,0.0027871804777532816,0.0
0.449,0.0,0.0,0.012942874077725718,0.0,0.002789577469229698,0.0
0.45,0.0,0.0,0.012942874077725718,0.0,0.0027919227723032236,0.0
0.451,0.0,0.0,0.012942874077725718,0.0,0.002794217551127076,0.0
0.452,0.0,0.0,0.012942874077725718,0.0,0.0027964627370238304,0.0
0.453,0.0,0.0,0.012942874077725718,0.0,0.002798659261316061,0.0
0.454,0.0,0.0,0.012942874077725718,0.0,0.0028008080553263426,0.0
0.455,0.0,0.0,0.012942874077725718,0.0,0.0028029100503772497,0.0
0.456,0.0,0.0,0.012942874077725718,0.0,0.0028049664106220007,0.0
0.457,0.0,0.0,0.012942874077725718,0.0,0.0028069778345525265,0.0
0.458,0.0,0.0,0.012942874077725718,0.0,0.002808945020660758,0.0
0.459,0.0,0.0,0.012942874077725718,0.0,0.0028108691330999136,0.0
0.46,0.0,0.0,0.012942874077725718,0.0,0.002812750870361924,0.0
0.461,0.0,0.0,0.012942874077725718,0.0,0.0028145911637693644,0.0
0.462,0.0,0.0,0.012942874077725718,0.0,0.002816390711814165,0.0
0.463,0.0,0.0,0.012942874077725718,0.0,0.002818150445818901,0.0
0.464,0.0,0.0,0.012942874077725718,0.0,0.002819871064275503,0.0
0.465,0.0,0.0,0.012942874077725718,0.0,0.0028215530328452587,0.0
0.466,0.0,0.0,0.012942874077725718,0.0,0.0028231977485120296,0.0
0.467,0.0,0.0,0.012942874077725718,0.0,0.0028248054441064596,0.0
0.468,0.0,0.0,0.012942874077725718,0.0,0.0028263770509511232,0.0
0.46900000000000003,0.0,0.0,0.012942874077725718,0.0,0.0028279132675379515,0.0
0.47000000000000003,0.0,0.0,0.012942874077725718,0.0,0.0028294147923588753,0.0
0.47100000000000003,0.0,0.0,0.012942874077725718,0.0,0.002830882091075182,0.0
0.47200000000000003,0.0,0.0,0.012942874077725718,0.0,0.002832316095009446,0.0
0.47300000000000003,0.0,0.0,0.012942874077725718,0.0,0.002833717502653599,0.0
0.47400000000000003,0.0,0.0,0.012942874077725718,0.0,0.002835086779668927,0.0
0.47500000000000003,0.0,0.0,0.012942874077725718,0.0,0.0028364243917167187,0.0
0.47600000000000003,0.0,0.0,0.012942874077725718,0.0,0.002837731270119548,0.0
0.47700000000000004,0.0,0.0,0.012942874077725718,0.0,0.002839007880538702,0.0
0.47800000000000004,0.0,0.0,0.012942874077725718,0.0,0.002840254921466112,0.0
0.47900000000000004,0.0,0.0,0.012942874077725718,0.0,0.002841473091393709,0.0
0.48,0.0,0.0,0.012942874077725718,0.0,0.002842662390321493,0.0
0.481,0.0,0.0,0.012942874077725718,0.0,0.0028438239824026823,0.0
0.482,0.0,0.0,0.012942874077725718,0.0,0.0028449581004679203,0.0
0.483,0.0,0.0,0.012942874077725718,0.0,0.002846065443009138,0.0
0.484,0.0,0.0,0.012942874077725718,0.0,0.002847146475687623,0.0
0.485,0.0,0.0,0.012942874077725718,0.0,0.0028482016641646624,0.0
0.486,0.0,0.0,0.012942874077725718,0.0,0.0028492314741015434,0.0
0.487,0.0,0.0,0.012942874077725718,0.0,0.002850236603990197,0.0
0.488,0.0,0.0,0.012942874077725718,0.0,0.0028512172866612673,0.0
0.489,0.0,0.0,0.012942874077725718,0.0,0.0028521742206066847,0.0
0.49,0.0,0.0,0.012942874077725718,0.0,0.0028531078714877367,0.0
0.491,0.0,0.0,0.012942874077725718,0.0,0.002854018472135067,0.0
0.492,0.0,0.0,0.012942874077725718,0.0,0.0028549067210406065,0.0
0.493,0.0,0.0,0.012942874077725718,0.0,0.002855772851034999,0.0
0.494,0.0,0.0,0.012942874077725718,0.0,0.0028566173277795315,0.0
0.495,0.0,0.0,0.012942874077725718,0.0,0.0028574406169354916,0.0
0.496,0.0,0.0,0.012942874077725718,0.0,0.00285824341699481,0.0
0.497,0.0,0.0,0.012942874077725718,0.0,0.002859025727957487,0.0
0.498,0.0,0.0,0.012942874077725718,0.0,0.00285978801548481,0.0
0.499,0.0,0.0,0.012942874077725718,0.0,0.0028605307452380657,0.0
0.5,0.3,0.0,0.012942874077725718,0.0,0.0026612801011651754,1.5844237272366508e-20
0.501,0.3,1.6012405467336066e-05,0.012942874077725718,3.8051016377316935e-25,0.0017365793464705348,3.168558057565089e-20
0.502,0.3,4.8069210606627166e-05,0.012942874077725718,2.1933516218896695e-24,0.0009133247076533735,6.336826244931889e-20
0.503,0.3,9.538070298731327e-05,0.012942874077725718,6.325901631377166e-24,0.00018615199951454997,9.504518736754788e-20
0.504,0.3,0.00015682957018725574,0.012942874077725718,1.3275613956219572e-23,-0.00045404498814605176,1.267163952418257e-19
0.505,0.3,0.00023104892170522362,0.012942874077725718,2.3486373922467058e-23,-0.0010155997006222606,1.5838193250267712e-19
0.506,0.3,0.00031650648452341557,0.012942874077725718,3.734357715878263e-23,-0.0015061695594340563,1.9004184945716096e-19
0.507,0.3,0.00041159402462653816,0.012942874077725718,6.169388314565515e-23,-0.0019328102935105562,2.37540387176962e-19
0.508,0.3,0.0005147167248651385,0.012942874077725718,9.348518588534091e-23,-0.002302017528563738,2.8503063914934094e-19
0.509,0.3,0.0006243773968890309,0.012942874077725718,1.4293076654354047e-22,-0.002619743114337325,3.483568519465537e-19
0.51,0.3,0.0007392513798549771,0.012942874077725718,2.039842965825479e-22,-0.002891399199143052,4.1167218820750504e-19
0.511,0.3,0.0008582479204051197,0.012942874077725718,2.7690456655548637e-22,-0.0031218596268445253,4.749767160151441e-19
0.512,0.3,0.0009805555455386639,0.012942874077725718,3.4636017205446866e-22,-0.003315472975373268,5.224263233873957e-19
0.513,0.3,0.0011056694202125072,0.012942874077725718,4.41640685453235e-22,-0.0034760888665914536,5.85712050189567e-19
0.514,0.3,0.0012334007769823074,0.012942874077725718,5.116356446194477e-22,-0.0036071022041141987,6.183895033282505e-19
0.515,0.3,0.001363867544569075,0.012942874077725718,-1.3249358999219585e-20,-0.0037115116138011217,6.359871222402418e-19
0.516,0.3,0.0014974690275266767,0.012942874077725718,-5.005206555542722e-20,-0.003791985334828496,6.385518683292377e-19
0.517,0.3,0.001634845626540482,0.012942874077725718,-1.1912822537441424e-19,-0.0038509275764226913,6.099065382304692e-19
0.518,0.3,0.001776828314177692,0.012942874077725718,-2.2506803815864786e-19,-0.0038905355613678694,5.50920719522885e-19
0.519,0.3,0.0019243787974119186,0.012942874077725718,-3.816257468113862e-19,-0.003912842366844416,4.9213595576042565e-19
0.52,0.3,0.0020785268861800432,0.012942874077725718,-5.887370638893974e-19,-0.003919745329767466,4.3358397384849496e-19
0.521,0.3,0.0022403059992939234,0.012942874077725718,-8.46302546773416e-19,-0.003913014195859432,3.8832316351435092e-19
0.522,0.3,0.002410692861303687,0.012942874077725718,-1.1266404670173844e-18,-0.0038942883256822824,3.0903465799641987e-19
0.523,0.3,0.0025905536022037268,0.012942874077725718,-1.4064999666745674e-18,-0.0038650683127343655,2.450809512151415e-19
0.524,0.3,0.0027805971913039684,0.012942874077725718,-1.6812025122003651e-18,-0.00382670178078115,2.1113896075530613e-19
0.525,0.3,0.002981342375278473,0.012942874077725718,-1.9370022229705245e-18,-0.0037803782615810633,1.612354220600698e-19
0.526,0.3,0.0031930950935930014,0.012942874077725718,-2.174089970911392e-18,-0.0037271296605467796,4.599437548765667e-20
0.527,0.3,0.0034159403294324875,0.012942874077725718,-2.378611618136047e-18,-0.0036678409669548273,-1.189167882286763e-19
0.528,0.3,0.003649745136499405,0.012942874077725718,-2.536542730948959e-18,-0.0036032695788890123,-2.6826295945423005e-19
0.529,0.3,0.003894174937158823,0.012942874077725718,-2.6481387013642536e-18,-0.003534071147441864,-4.502743466571901e-19
0.53,0.3,0.00414871983230114,0.012942874077725718,-2.708883950418004e-18,-0.003460825653746724,-6.664557334992633e-19
0.531,0.3,0.004412728827446699,0.012942874077725718,-2.7050902933336827e-18,-0.0033840611577033997,-9.327818892650967e-19
0.532,0.3,0.0046854508109390736,0.012942874077725718,-2.6228038135629795e-18,-0.003304273122921586,-1.1994720892295152e-18
0.533,0.3,0.0049660783261060715,0.012942874077725718,-2.4622476430761305e-18,-0.003221933962777257,-1.4823329178340289e-18
0.534,0.3,0.0052537922747433186,0.012942874077725718,-2.2238175877962425e-18,-0.0031374958343803883,-1.8263749347171656e-18
0.535,0.3,0.005547807086259127,0.012942874077725718,-1.9213271503626446e-18,-0.0030513866804540157,-2.183070229594032e-18
0.536,0.3,0.0058474065735936165,0.012942874077725718,-1.5731251613157179e-18,-0.0029640020802617073,-2.50215002164383e-18
0.537,0.3,0.0061519816517829895,0.012942874077725718,-1.2112657999700813e-18,-0.002875697333365679,-2.7200281766423556e-18
0.538,0.3,0.006461051758378744,0.012942874077725718,-8.683917846461852e-19,-0.002786780009046197,-2.8858400244089178e-18
0.539,0.3,0.006774284411221743,0.012942874077725718,-5.673357300935426e-19,-0.0026975078508257866,-2.966880949720686e-18
0.54,0.3,0.007091503590345383,0.012942874077725718,-3.3585207910393343e-19,-0.0026080897077918053,-2.984345710689697e-18
0.541,0.3,0.007412687409669161,0.012942874077725718,-1.736155429014713e-19,-0.0025186939164996147,-2.9205458248696595e-18
0.542,0.3,0.007737958338111639,0.012942874077725718,-8.97751849630416e-20,-0.002429456450045109,-2.7893984634362993e-18
0.543,0.3,0.008067568764090538,0.012942874077725718,-1.0265072941122111e-19,-0.00234049279242754,-2.5946038600693813e-18
0.544,0.3,0.008401875384151936,0.012942874077725718,-2.118476627926103e-19,-0.0022519086487591267,-2.3193370333594918e-18
0.545,0.3,0.00874131079763174,0.012942874077725718,-4.2242188103219523e-19,-0.0021638066973537207,-2.043755904303878e-18
0.546,0.3,0.00908635463565588,0.012942874077725718,-7.33786131131503e-19,-0.0020762919448316097,-1.7253164357996108e-18
0.547,0.3,0.00943750236183405,0.012942874077725718,-1.1225507826713456e-18,-0.0019894717261195183,-1.3631655665412111e-18
0.548,0.3,0.0097952326759696,0.012942874077725718,-1.5706264554803483e-18,-0.0019034527940675616,-1.0208273989560218e-18
0.549,0.3,0.01015998050570488,0.012942874077725718,-2.0594189565689316e-18,-0.0018183361971750855,-6.995215809845358e-19
0.55,0.3,0.010532112792134285,0.012942874077725718,-2.56523411088082e-18,-0.0017342122737318277,-3.5193133938974597e-19
0.551,0.3,0.010911908932030201,0.012942874077725718,-3.065057789220834e-18,-0.0016511549474671483,4.754941053363742e-21
0.552,0.3,0.01129954680800438,0.012942874077725718,-3.5309250830300866e-18,-0.0015692199813202024,3.8836341371969694e-19
0.553,0.3,0.01169509720057249,0.012942874077725718,-3.945090279832325e-18,-0.0014884436968713999,7.364832521052753e-19
0.554,0.3,0.012098523788154125,0.012942874077725718,-4.293627380424912e-18,-0.001408845535479486,1.0648254724580383e-18
0.555,0.3,0.012509685009717941,0.012942874077725718,-4.56322043130697e-18,-0.001330432016402483,1.3403712327366662e-18
0.556,0.3,0.01292834710329771,0.012942874077725718,-4.7352111329914454e-18,-0.001253201742656529,1.592196955092679e-18
0.557,0.3,0.01335420086979866,0.012942874077725718,-4.781544000642378e-18,-0.00117715063970536,1.859243776832327e-18
0.558,0.3,0.013786877505481243,0.012942874077725718,-4.701975015979065e-18,-0.001102275913581252,2.1757604063805424e-18
0.559,0.3,0.014225972816348076,0.012942874077725718,-4.5061610990627556e-18,-0.00102857849560678,2.526002077993965e-18
0.56,0.3,0.014671065844595432,0.012942874077725718,-4.203788948456753e-18,-0.0009560634498484433,2.892914623706605e-18
0.561,0.3,0.015121742151677608,0.012942874077725718,-3.798889001695721e-18,-0.0008847395074553788,3.3280525312392833e-18
0.562,0.3,0.015577617101371288,0.012942874077725718,-3.3108298996177427e-18,-0.0008146162726916373,3.782686008466461e-18
0.5630000000000001,0.3,0.016038348898291588,0.012942874077725718,-2.7541743637019668e-18,-0.0007457019528374076,4.222523642991696e-18
0.5640000000000001,0.3,0.016503652557730675,0.012942874077725718,-2.134112125111551e-18,-0.0006780007970519364,4.622765911582208e-18
0.5650000000000001,0.3,0.01697331666946411,0.012942874077725718,-1.4778362294962936e-18,-0.0006115112919360399,5.026975907502919e-18
0.5660000000000001,0.3,0.017447201535105705,0.012942874077725718,-7.991632814228206e-19,-0.0005462259869091213,5.4422233898832894e-18
0.5670000000000001,0.3,0.017925243824720383,0.012942874077725718,-1.351411237143396e-19,-0.0004821318725589663,5.8673173962602114e-18
0.5680000000000001,0.3,0.018407458439469337,0.012942874077725718,4.824096652893944e-19,-0.00041921218507923186,6.32986395776051e-18
0.5690000000000001,0.3,0.01889391988515854,0.012942874077725718,1.0340266372989566e-18,-0.000357448443537578,6.770919702881798e-18
0.5700000000000001,0.3,0.01938476599752903,0.012942874077725718,1.48858575174915e-18,-0.00029682263266295195,7.24971127622535e-18
0.5710000000000001,0.3,0.019880173727869987,0.012942874077725718,1.8272723720171495e-18,-0.00023731909459456801,7.737618793137598e-18
0.5720000000000001,0.3,0.020380353555083275,0.012942874077725718,2.0215305689963996e-18,-0.0001789253146853298,8.18286307677299e-18
0.5730000000000001,0.3,0.020885523408651352,0.012942874077725718,2.057020339587681e-18,-0.00012163223436800763,8.552383098012142e-18
0.5740000000000001,0.3,0.021395906805992126,0.012942874077725718,1.9241600371654856e-18,-6.543334893649444e-05,8.82132536712475e-18
0.5750000000000001,0.3,0.021911708638072014,0.012942874077725718,1.6404784460904247e-18,-1.0323426067770924e-05,8.937447222662328e-18
0.5760000000000001,0.3,0.02243310585618019,0.012942874077725718,1.2388204269451415e-18,4.3703130359062925e-05,8.919487734236219e-18
0.577,0.3,0.022960232570767403,0.012942874077725718,7.415919760782245e-19,9.665383549872786e-05,8.735608191807376e-18
0.578,0.3,0.02349318005144596,0.012942874077725718,1.7223619338064498e-19,0.00014853924221824855,8.403089192428169e-18
0.579,0.3,0.024031987413764,0.012942874077725718,-4.494144129316315e-19,0.0001993734622374177,7.981956131625774e-18
0.58,0.3,0.024576639756560326,0.012942874077725718,-1.0954809869328181e-18,0.00024917401606217027,7.479693682060516e-18
0.581,0.3,0.025127070024609566,0.012942874077725718,-1.7149994576680567e-18,0.0002979612036142498,6.904148491138523e-18
0.582,0.3,0.025683162733912468,0.012942874077725718,-2.2783380959453782e-18,0.0003457568527664989,6.335996476931288e-18
0.583,0.3,0.026244763284921646,0.012942874077725718,-2.7628583125677016e-18,0.00039258331526070833,5.760906087300453e-18
0.584,0.3,0.026811683550477028,0.012942874077725718,-3.1497263423605368e-18,0.0004384622152429074,5.197994637084913e-18
0.585,0.3,0.0273837111890316,0.012942874077725718,-3.4293917647664995e-18,0.0004834136925637722,4.66476566812494e-18
0.586,0.3,0.027960624545812607,0.012942874077725718,-3.598328308834276e-18,0.00052745605353266,4.127777053001451e-18
0.587,0.3,0.02854219824075699,0.012942874077725718,-3.64515872562366e-18,0.0005706057418137789,3.6696916494680034e-18
0.588,0.3,0.029128218069672585,0.012942874077725718,-3.5704974035346234e-18,0.0006128779496066272,3.2729034859891142e-18
0.589,0.3,0.029718486592173576,0.012942874077725718,-3.3716309833628404e-18,0.0006542869377881289,2.8775734522925065e-18
0.59,0.3,0.030312834307551384,0.012942874077725718,-3.053633390985711e-18,0.0006948467344045639,2.476860136584252e-18
0.591,0.3,0.030911123380064964,0.012942874077725718,-2.6433915118288118e-18,0.000734571716748178,2.106233421842182e-18
0.592,0.3,0.03151324763894081,0.012942874077725718,-2.1768378649062933e-18,0.0007734767277725041,1.8030509237534863e-18
0.593,0.3,0.03211914747953415,0.012942874077725718,-1.7038975564742528e-18,0.0008115772507153451,1.5956145779014348e-18
0.594,0.3,0.03272879123687744,0.012942874077725718,-1.266060104901972e-18,0.0008488889434374869,1.4823017357506771e-18
0.595,0.3,0.033342186361551285,0.012942874077725718,-9.007032171313081e-19,0.0008854274055920541,1.4437499487302678e-18
0.596,0.3,0.033959366381168365,0.012942874077725718,-6.353978052556308e-19,0.0009212075965479016,1.4763650037941425e-18
0.597,0.3,0.034580398350954056,0.012942874077725718,-4.860391787209122e-19,0.0009562434861436486,1.6455045984145916e-18
0.598,0.3,0.035205353051424026,0.012942874077725718,-4.792786315745163e-19,0.000990547938272357,1.8365956042244074e-18
0.599,0.3,0.03583432361483574,0.012942874077725718,-6.248186305101721e-19,0.0010241324780508876,2.156791125553261e-18
0.6,0.3,0.036467403173446655,0.012942874077725718,-9.291771519596444e-19,0.0010570076992735267,2.5388790436517956e-18
0.601,0.3,0.03710466995835304,0.012942874077725718,-1.3881009883095504e-18,0.0010891834972426295,2.961151068256456e-18
0.602,0.3,0.03774620592594147,0.012942874077725718,-1.985259526316562e-18,0.001120669418014586,3.3561998532381743e-18
0.603,0.3,0.038392066955566406,0.012942874077725718,-2.6915683718602783e-18,0.001151475589722395,3.753561237018877e-18
0.604,0.3,0.039042286574840546,0.012942874077725718,-3.473919103935382e-18,0.0011816126061603427,4.166874826177483e-18
0.605,0.3,0.03969688341021538,0.012942874077725718,-4.297048599438431e-18,0.0012110916431993246,4.548368493786776e-18
0.606,0.3,0.04035583510994911,0.012942874077725718,-5.123976508314324e-18,0.0012399251572787762,4.897803780558574e-18
0.607,0.3,0.04101910442113876,0.012942874077725718,-5.9194934741994344e-18,0.0012681263033300638,5.1735270630004705e-18
0.608,0.3,0.04168663173913956,0.012942874077725718,-6.659474774528653e-18,0.0012957087019458413,5.4050359965588e-18
0.609,0.3,0.04235832393169403,0.012942874077725718,-7.315055941826943e-18,0.0013226863229647279,5.623848407210363e-18
0.61,0.3,0.04303408041596413,0.012942874077725718,-7.861935650468414e-18,0.0013490727869793773,5.754750880988889e-18
0.611,0.3,0.04371378570795059,0.012942874077725718,-8.281245910680732e-18,0.0013748817145824432,5.8155891818582285e-18
0.612,0.3,0.04439730942249298,0.012942874077725718,-8.55863431165549e-18,0.0014001260278746486,5.826359044632048e-18
0.613,0.3,0.045084528625011444,0.012942874077725718,-8.690484419754604e-18,0.0014248178340494633,5.773332256323874e-18
0.614,0.3,0.045775316655635834,0.012942874077725718,-8.678040314619357e-18,0.0014489688910543919,5.6385546907958e-18
0.615,0.3,0.0464695543050766,0.012942874077725718,-8.51851687912728e-18,0.0014725903747603297,5.392488526690014e-18
0.616,0.3,0.047167133539915085,0.012942874077725718,-8.21223671371727e-18,0.0014956928789615631,5.0394804626130324e-18
0.617,0.3,0.04786796495318413,0.012942874077725718,-7.768312040017212e-18,0.0015182867646217346,4.593275060915297e-18
0.618,0.3,0.04857197403907776,0.012942874077725718,-7.190961479151125e-18,0.001540382276289165,4.0719431545573746e-18
0.619,0.3,0.049279097467660904,0.012942874077725718,-6.48952762254749e-18,0.0015619891928508878,3.482137207501104e-18
0.62,0.3,0.04998930171132088,0.012942874077725718,-5.687509844228325e-18,0.00158311752602458,2.823990721224368e-18
0.621,0.3,0.05070256441831589,0.012942874077725718,-4.807666777977109e-18,0.0016037763562053442,2.1112569077799237e-18
0.622,0.3,0.05141888186335564,0.012942874077725718,-3.863754023790292e-18,0.0016239747637882829,1.4413193573222314e-18
0.623,0.3,0.05213825777173042,0.012942874077725718,-2.8802040154208524e-18,0.001643721479922533,7.893394353431713e-19
0.624,0.3,0.05286071449518204,0.012942874077725718,-1.890902827047485e-18,0.001663024304434657,2.1435939318986616e-19
0.625,0.3,0.05358627438545227,0.012942874077725718,-9.235290593395558e-19,0.0016818911535665393,-2.8575609368078267e-19
0.626,0.3,0.05431496351957321,0.012942874077725718,-8.462994706955131e-22,0.0017003290122374892,-7.086164420005793e-19
0.627,0.3,0.05504681542515755,0.012942874077725718,8.559096809015483e-19,0.0017183449817821383,-9.411145102766609e-19
0.628,0.3,0.05578184500336647,0.012942874077725718,1.6399774848319473e-18,0.0017359459307044744,-1.1146200928787574e-18
0.629,0.3,0.056520070880651474,0.012942874077725718,2.364585943669598e-18,0.0017531384946778417,-1.1635113926299248e-18
0.63,0.3,0.057261500507593155,0.012942874077725718,3.033478514975397e-18,0.001769930007867515,-1.1101961316337712e-18
0.631,0.3,0.058006126433610916,0.012942874077725718,3.634302807264514e-18,0.0017863275716081262,-9.346487082297967e-19
0.632,0.3,0.058753930032253265,0.012942874077725718,4.171924710490291e-18,0.0018023386364802718,-7.184998561966944e-19
0.633,0.3,0.059504877775907516,0.012942874077725718,4.663910645731212e-18,0.0018179711187258363,-4.032034752860608e-19
0.634,0.3,0.06025893613696098,0.012942874077725718,5.1320584764892734e-18,0.0018332329345867038,-1.5822610073984912e-20
0.635,0.3,0.06101604178547859,0.012942874077725718,5.586870501411755e-18,0.0018481322331354022,3.8497740777070222e-19
0.636,0.3,0.06177613139152527,0.012942874077725718,6.033706850868e-18,0.0018626772798597813,8.102036290231847e-19
0.637,0.3,0.06253913789987564,0.012942874077725718,6.483981376540322e-18,0.0018768759910017252,1.2195049757152527e-18
0.638,0.3,0.06330498307943344,0.012942874077725718,6.937108848145339e-18,0.0018907362828031182,1.6043239605696232e-18
0.639,0.3,0.0640735849738121,0.012942874077725718,7.37783977750033e-18,0.0019042659550905228,1.944016323849185e-18
0.64,0.3,0.06484486907720566,0.012942874077725718,7.80455413137561e-18,0.0019174724584445357,2.286133247328693e-18
0.641,0.3,0.06561876088380814,0.012942874077725718,8.211304481166923e-18,0.0019303628941997886,2.6099350790167596e-18
0.642,0.3,0.06639518588781357,0.012942874077725718,8.597049406483064e-18,0.001942944247275591,2.83024314414129e-18
0.643,0.3,0.06717408448457718,0.012942874077725718,8.946722639646993e-18,0.001955223036929965,2.9322503770724993e-18
0.644,0.3,0.0679553896188736,0.012942874077725718,9.273559070459558e-18,0.0019672056660056114,2.910040459200519e-18
0.645,0.3,0.06873906403779984,0.012942874077725718,9.573769384534654e-18,0.0019788984209299088,2.7794955564235324e-18
0.646,0.3,0.06952506303787231,0.012942874077725718,9.841413597893536e-18,0.0019903071224689484,2.5248142386696534e-18
0.647,0.3,0.07031336426734924,0.012942874077725718,1.0075326213053119e-17,0.002001437358558178,2.1986040820669387e-18
0.648,0.3,0.07110393792390823,0.012942874077725718,1.0263246758974141e-17,0.002012294949963689,1.825020421368229e-18
0.649,0.3,0.07189676910638809,0.012942874077725718,1.0403051035843566e-17,0.002022884553298354,1.3749336896366272e-18
0.65,0.3,0.07269185781478882,0.012942874077725718,1.0489837171351405e-17,0.0020332117564976215,8.458242482499547e-19
0.651,0.3,0.07348919659852982,0.012942874077725718,1.0527564879089948e-17,0.0020432807505130768,2.929157655444945e-19
0.652,0.3,0.07428877800703049,0.012942874077725718,1.0504571739602812e-17,0.0020530964247882366,-2.5461979903832846e-19
0.653,0.3,0.07509060949087143,0.012942874077725718,1.0408381387710858e-17,0.0020626632031053305,-8.416795247920976e-19
0.654,0.3,0.07589467614889145,0.012942874077725718,1.0227183338628054e-17,0.002071985276415944,-1.4417028656472439e-18
0.655,0.3,0.07670097798109055,0.012942874077725718,9.957510051226579e-18,0.002081067068502307,-2.0414312783587853e-18
0.656,0.3,0.07750950753688812,0.012942874077725718,9.601380673381674e-18,0.002089913235977292,-2.617026975036124e-18
0.657,0.3,0.07832024246454239,0.012942874077725718,9.175153528887187e-18,0.0020985279697924852,-3.139499413346332e-18
0.658,0.3,0.07913316786289215,0.012942874077725718,8.697366562451045e-18,0.0021069159265607595,-3.611572851081826e-18
0.659,0.3,0.07994825392961502,0.012942874077725718,8.190289130524401e-18,0.0021150819957256317,-4.046552352158587e-18
0.66,0.3,0.08076547086238861,0.012942874077725718,7.675105328594737e-18,0.0021230303682386875,-4.4128441074298955e-18
0.661,0.3,0.08158477395772934,0.012942874077725718,7.17048296872615e-18,0.002130766399204731,-4.710538326455893e-18
0.662,0.3,0.08240611851215363,0.012942874077725718,6.69483178263162e-18,0.002138294745236635,-4.942396985963766e-18
0.663,0.3,0.08322945982217789,0.012942874077725718,6.2729229345249665e-18,0.0021456200629472733,-5.08974717909956e-18
0.664,0.3,0.08405473828315735,0.012942874077725718,5.896062342577951e-18,0.002152747241780162,-5.147493063525363e-18
0.665,0.3,0.08488191664218903,0.012942874077725718,5.577698722779767e-18,0.002159680938348174,-5.067798815871358e-18
0.666,0.3,0.08571092784404755,0.012942874077725718,5.296195098257558e-18,0.0021664255764335394,-4.890424394645174e-18
0.667,0.3,0.08654171973466873,0.012942874077725718,5.048961152923115e-18,0.002172985812649131,-4.5940895125796696e-18
0.668,0.3,0.0873742550611496,0.012942874077725718,4.815899293023543e-18,0.002179365837946534,-4.253032140297384e-18
0.669,0.3,0.08820846676826477,0.012942874077725718,4.604568708586658e-18,0.002185569843277335,-3.835016106432893e-18
0.67,0.3,0.08904433250427246,0.012942874077725718,4.3917930396196426e-18,0.0021916015539318323,-3.3427136328238636e-18
0.671,0.3,0.0898817926645279,0.012942874077725718,4.156207038080865e-18,0.0021974649280309677,-2.8105025664966615e-18
0.672,0.3,0.09072082489728928,0.012942874077725718,3.880481270137339e-18,0.00220316369086504,-2.2783060641747824e-18
0.673,0.3,0.09156139940023422,0.012942874077725718,3.5646972130794016e-18,0.0022087013348937035,-1.7461247510413374e-18
0.674,0.3,0.09240347892045975,0.012942874077725718,3.2103961111833917e-18,0.0022140811197459698,-1.1981197132342855e-18
0.675,0.3,0.09324705600738525,0.012942874077725718,2.8124866677790456e-18,0.0022193060722202063,-6.901746522742991e-19
0.676,0.3,0.09409209340810776,0.012942874077725718,2.383312692352339e-18,0.002224379451945424,-2.381717826857474e-19
0.677,0.3,0.09493859112262726,0.012942874077725718,1.9386760229400255e-18,0.0022293042857199907,1.7929619537677675e-19
0.678,0.3,0.09578651934862137,0.012942874077725718,1.4846501297921992e-18,0.00223408336751163,5.78058138411338e-19
0.679,0.3,0.09663587808609009,0.012942874077725718,1.0270800779123128e-18,0.002238719491288066,9.711201638027438e-19
0.68,0.3,0.09748664498329163,0.012942874077725718,5.742025182498633e-19,0.0022432152181863785,1.3482679726893595e-18
0.681,0.3,0.09833879768848419,0.012942874077725718,1.2512900712818018e-19,0.0022475733421742916,1.700995693266325e-18
0.682,0.3,0.09919232875108719,0.012942874077725718,-3.095007414261965e-19,0.002251796890050173,1.9975811490961056e-18
0.683,0.3,0.10004721581935883,0.012942874077725718,-7.119873370513165e-19,0.0022558881901204586,2.2782213561725126e-18
0.684,0.3,0.10090342909097672,0.012942874077725718,-1.0917373742755562e-18,0.0022598502691835165,2.450744571747857e-18
0.685,0.3,0.10176095366477966,0.012942874077725718,-1.4512225204680125e-18,0.0022636859212070704,2.539628170573049e-18
0.686,0.3,0.10261975228786469,0.012942874077725718,-1.802388918035176e-18,0.002267397940158844,2.611180916820212e-18
0.687,0.3,0.1034797951579094,0.012942874077725718,-2.1788228915812674e-18,0.0022709891200065613,2.564681576616515e-18
0.6880000000000001,0.3,0.104341059923172,0.012942874077725718,-2.591953905822661e-18,0.002274462254717946,2.4260919678735924e-18
0.6890000000000001,0.3,0.10520348697900772,0.012942874077725718,-3.044307549964635e-18,0.0022778206039220095,2.2170778371881613e-18
0.6900000000000001,0.3,0.10606706142425537,0.012942874077725718,-3.547869877878235e-18,0.0022810667287558317,1.95643943706061e-18
0.6910000000000001,0.3,0.10693173110485077,0.012942874077725718,-4.120399630134363e-18,0.0022842036560177803,1.651342906433374e-18
0.6920000000000001,0.3,0.10779746621847153,0.012942874077725718,-4.765873063937561e-18,0.0022872337140142918,1.3076489473182036e-18
0.6930000000000001,0.3,0.10866421461105347,0.012942874077725718,-5.498300964503252e-18,0.0022901599295437336,9.236809245910163e-19
0.6940000000000001,0.3,0.1095319539308548,0.012942874077725718,-6.305503924492205e-18,0.002292984863743186,4.835632059507085e-19
0.6950000000000001,0.3,0.11040063202381134,0.012942874077725718,-7.170793161455857e-18,0.002295711077749729,1.3058383960657546e-20
0.6960000000000001,0.3,0.1112702265381813,0.012942874077725718,-8.06399684896103e-18,0.0022983408998697996,-4.245419615876097e-19
0.6970000000000001,0.3,0.1121407002210617,0.012942874077725718,-8.961546543404556e-18,0.002300876658409834,-8.263566050328983e-19
0.6980000000000001,0.3,0.11301201581954956,0.012942874077725718,-9.843072922202318e-18,0.0023033209145069122,-1.1766060627762352e-18
0.6990000000000001,0.3,0.11388415098190308,0.012942874077725718,-1.069212501733186e-17,0.00230567529797554,-1.4941579281860556e-18
0.7000000000000001,0.3,0.11475708335638046,0.012942874077725718,-1.1482744246810044e-17,0.0023079421371221542,-1.7543210318960354e-18
0.7010000000000001,0.3,0.11563078314065933,0.012942874077725718,-1.2200258908112016e-17,0.0023101235274225473,-1.9105497296847008e-18
0.7020000000000001,0.3,0.1165052279829979,0.012942874077725718,-1.2863213563390603e-17,0.002312221098691225,-2.0043648795611625e-18
0.7030000000000001,0.3,0.11738039553165436,0.012942874077725718,-1.3491259542458228e-17,0.0023142369464039803,-2.0070293109433623e-18
0.704,0.3,0.11825627088546753,0.012942874077725718,-1.410526247626654e-17,0.0023161727003753185,-1.9403459374845392e-18
0.705,0.3,0.11913283169269562,0.012942874077725718,-1.4713218719797088e-17,0.0023180299904197454,-1.795284222341639e-18
0.706,0.3,0.12001005560159683,0.012942874077725718,-1.5343254068237903e-17,0.0023198106791824102,-1.6155209515160244e-18
0.707,0.3,0.12088792771100998,0.012942874077725718,-1.5989905820823682e-17,0.002321516629308462,-1.318839094902944e-18
0.708,0.3,0.12176642566919327,0.012942874077725718,-1.666709377290247e-17,0.002323149237781763,-9.467020251462367e-19
0.709,0.3,0.12264552712440491,0.012942874077725718,-1.7387933700266905e-17,0.0023247101344168186,-4.576197539119797e-19
0.71,0.3,0.1235252097249031,0.012942874077725718,-1.8163941611404952e-17,0.002326201181858778,1.2650004517554207e-19
0.711,0.3,0.12440545111894608,0.012942874077725718,-1.9004598650497694e-17,0.002327624009922147,7.264477580928585e-19
0.712,0.3,0.12528622150421143,0.012942874077725718,-1.9906981561260367e-17,0.0023289802484214306,1.3641538077299268e-18
0.713,0.3,0.12616750597953796,0.012942874077725718,-2.0877252839256493e-17,0.0023302717600017786,2.0621498412530945e-18
0.714,0.3,0.1270492672920227,0.012942874077725718,-2.191172160459286e-17,0.0023315001744776964,2.8106930511990695e-18
0.715,0.3,0.12793149054050446,0.012942874077725718,-2.301754958701295e-17,0.0023326673544943333,3.587816690874846e-18
0.716,0.3,0.12881411612033844,0.012942874077725718,-2.4195621869772197e-17,0.002333774697035551,4.349058720221737e-18
0.717,0.3,0.12969714403152466,0.012942874077725718,-2.5443782820194288e-17,0.0023348242975771427,5.110258915251603e-18
0.718,0.3,0.13058051466941833,0.012942874077725718,-2.676356437677367e-17,0.0023358173202723265,5.858658782501805e-18
0.719,0.3,0.13146422803401947,0.012942874077725718,-2.816282971841327e-17,0.0023367558605968952,6.568765915392904e-18
0.72,0.3,0.13234823942184448,0.012942874077725718,-2.965329668567052e-17,0.0023376410827040672,7.25645491029298e-18
0.721,0.3,0.13323251903057098,0.012942874077725718,-3.126425078095224e-17,0.0023384748492389917,7.805052056789855e-18
0.722,0.3,0.1341170370578766,0.012942874077725718,-3.296888473496682e-17,0.002339258324354887,8.277892014343932e-18
0.723,0.3,0.1350017637014389,0.012942874077725718,-3.4751786518541166e-17,0.0023399931378662586,8.652590166746734e-18
0.724,0.3,0.13588668406009674,0.012942874077725718,-3.66054320968235e-17,0.0023406806867569685,8.95149403963494e-18
0.725,0.3,0.13677175343036652,0.012942874077725718,-3.852700243828623e-17,0.002341322135180235,9.060593105477947e-18
0.726,0.3,0.13765697181224823,0.012942874077725718,-4.0482043816055313e-17,0.0023419191129505634,9.065536964480796e-18
0.727,0.3,0.1385422945022583,0.012942874077725718,-4.243343567296181e-17,0.002342472318559885,8.969184816586103e-18
0.728,0.3,0.13942770659923553,0.012942874077725718,-4.437709504550216e-17,0.0023429831489920616,8.73672865573125e-18
0.729,0.3,0.14031319320201874,0.012942874077725718,-4.629868193057715e-17,0.0023434527684003115,8.37443452274889e-18
0.73,0.3,0.14119873940944672,0.012942874077725718,-4.818684410146009e-17,0.002343882108107209,7.933109847352589e-18
0.731,0.3,0.1420843005180359,0.012942874077725718,-5.0020584405481946e-17,0.0023442725650966167,7.400029774299298e-18
0.732,0.3,0.14296987652778625,0.012942874077725718,-5.1779971098602634e-17,0.002344624837860465,6.787864857551083e-18
0.733,0.3,0.14385543763637543,0.012942874077725718,-5.343866675011847e-17,0.002344940323382616,6.121882506728343e-18
0.734,0.3,0.1447409689426422,0.012942874077725718,-5.4979975546545675e-17,0.0023452197201550007,5.455904379307898e-18
0.735,0.3,0.14562644064426422,0.012942874077725718,-5.639906675310695e-17,0.0023454639595001936,4.824769387093583e-18
0.736,0.3,0.14651185274124146,0.012942874077725718,-5.770811646841907e-17,0.0023456744384020567,4.177801827967428e-18
0.737,0.3,0.14739716053009033,0.012942874077725718,-5.889338025942385e-17,0.0023458520881831646,3.610044523427223e-18
0.738,0.3,0.14828234910964966,0.012942874077725718,-5.997842284741171e-17,0.0023459976073354483,3.118352450782519e-18
0.739,0.3,0.14916740357875824,0.012942874077725718,-6.098170690365483e-17,0.0023461123928427696,2.702745998404188e-18
0.74,0.3,0.1500522941350937,0.012942874077725718,-6.192114585149865e-17,0.0023461971431970596,2.3664265466580836e-18
0.741,0.3,0.15093699097633362,0.012942874077725718,-6.282501603300269e-17,0.0023462530225515366,2.074558656101962e-18
0.742,0.3,0.15182149410247803,0.012942874077725718,-6.370352154820341e-17,0.0023462811950594187,1.8810582698607615e-18
0.743,0.3,0.15270574390888214,0.012942874077725718,-6.458753939500618e-17,0.002346282359212637,1.763729500456723e-18
0.744,0.3,0.15358974039554596,0.012942874077725718,-6.549532048644638e-17,0.0023462576791644096,1.7225885304660029e-18
0.745,0.3,0.1544734388589859,0.012942874077725718,-6.644749139827862e-17,0.0023462080862373114,1.7418128395379786e-18
0.746,0.3,0.15535683929920197,0.012942874077725718,-6.74627927344609e-17,0.0023461345117539167,1.8182156947904e-18
0.747,0.3,0.15623989701271057,0.012942874077725718,-6.85577416374647e-17,0.0023460378870368004,1.9327618685871e-18
0.748,0.3,0.15712261199951172,0.012942874077725718,-6.973137857777944e-17,0.0023459189105778933,2.1488085896586866e-18
0.749,0.3,0.15800492465496063,0.012942874077725718,-7.100650065308708e-17,0.0023457787465304136,2.3775191504898457e-18
0.75,0.3,0.1588868498802185,0.012942874077725718,-7.237074647631364e-17,0.002345617860555649,2.6661476278114433e-18
0.751,0.3,0.15976832807064056,0.012942874077725718,-7.38021196606101e-17,0.002345437416806817,2.976792515244204e-18
0.752,0.3,0.160649374127388,0.012942874077725718,-7.528805367811056e-17,0.0023452381137758493,3.3000399914405486e-18
0.753,0.3,0.16152994334697723,0.012942874077725718,-7.681972747476275e-17,0.002345020417124033,3.661102852042581e-18
0.754,0.3,0.16241003572940826,0.012942874077725718,-7.839954980051042e-17,0.002344785025343299,3.958469535091702e-18
0.755,0.3,0.1632896065711975,0.012942874077725718,-8.000300963944241e-17,0.0023445331025868654,4.2014925683169584e-18
0.756,0.3,0.16416865587234497,0.012942874077725718,-8.159420073552902e-17,0.0023442646488547325,4.412449283991445e-18
0.757,0.3,0.16504715383052826,0.012942874077725718,-8.31538464717753e-17,0.0023439808283001184,4.5690015901411105e-18
0.758,0.3,0.16592508554458618,0.012942874077725718,-8.464455828449387e-17,0.0023436821065843105,4.702795142776698e-18
0.759,0.3,0.16680243611335754,0.012942874077725718,-8.603680251709412e-17,0.002343368949368596,4.7983416008113915e-18
0.76,0.3,0.16767917573451996,0.012942874077725718,-8.732218824944232e-17,0.0023430422879755497,4.852390879927701e-18
0.761,0.3,0.16855530440807343,0.012942874077725718,-8.848230574982549e-17,0.002342702355235815,4.893771311059556e-18
0.762,0.3,0.16943077743053436,0.012942874077725718,-8.951995419743651e-17,0.0023423500824719667,4.935077236174078e-18
0.763,0.3,0.17030559480190277,0.012942874077725718,-9.04401099108405e-17,0.0023419857025146484,4.948325312787559e-18
0.764,0.3,0.17117974162101746,0.012942874077725718,-9.127138010434199e-17,0.0023416101466864347,4.93029436651332e-18
0.765,0.3,0.17205317318439484,0.012942874077725718,-9.20326906703562e-17,0.0023412236478179693,4.906631515330508e-18
0.766,0.3,0.1729259043931961,0.012942874077725718,-9.275898833540226e-17,0.0023408271372318268,4.889952130083706e-18
0.767,0.3,0.1737978756427765,0.012942874077725718,-9.347886046145e-17,0.002340421313419938,4.902170193786487e-18
0.768,0.3,0.17466910183429718,0.012942874077725718,-9.421297994636837e-17,0.0023400061763823032,4.930232751704114e-18
0.769,0.3,0.1755395382642746,0.012942874077725718,-9.49684605434253e-17,0.0023395828902721405,4.933161519436486e-18
0.77,0.3,0.17640918493270874,0.012942874077725718,-9.574734704309503e-17,0.0023391516879200935,4.951940104926934e-18
0.771,0.3,0.17727799713611603,0.012942874077725718,-9.656476030697503e-17,0.0023387132678180933,4.90083172824778e-18
0.772,0.3,0.17814597487449646,0.012942874077725718,-9.741381157492396e-17,0.002338268095627427,4.767277072316561e-18
0.773,0.3,0.17901310324668884,0.012942874077725718,-9.828830691851502e-17,0.0023378166370093822,4.561116474592914e-18
0.774,0.3,0.1798793375492096,0.012942874077725718,-9.919823867954785e-17,0.0023373595904558897,4.279090758710967e-18
0.775,0.3,0.18074467778205872,0.012942874077725718,-1.0013928566650248e-16,0.002336897188797593,3.971443825550384e-18
0.776,0.3,0.18160909414291382,0.012942874077725718,-1.0109643289689984e-16,0.0023364301305264235,3.644733722416738e-18
0.777,0.3,0.1824725717306137,0.012942874077725718,-1.020691509751479e-16,0.002335958881303668,3.2765542478515473e-18
0.778,0.3,0.1833350956439972,0.012942874077725718,-1.0304660052649976e-16,0.002335483906790614,2.851064678100402e-18
0.779,0.3,0.18419663608074188,0.012942874077725718,-1.0400157723496978e-16,0.0023350052069872618,2.441477291700084e-18
0.78,0.3,0.18505719304084778,0.012942874077725718,-1.0492930992278475e-16,0.0023345237132161856,2.073494062032879e-18
0.781,0.3,0.1859167367219925,0.012942874077725718,-1.0584484004220334e-16,0.002334039658308029,1.7405363297158136e-18
0.782,0.3,0.18677525222301483,0.012942874077725718,-1.0674492504522435e-16,0.0023335532750934362,1.4841520503692548e-18
0.783,0.3,0.1876327246427536,0.012942874077725718,-1.0764315716367323e-16,0.002333065029233694,1.3294279701540992e-18
0.784,0.3,0.1884891390800476,0.012942874077725718,-1.0855629838548277e-16,0.00233257538639009,1.2347931458933055e-18
0.785,0.3,0.18934448063373566,0.012942874077725718,-1.0948729347363365e-16,0.0023320845793932676,1.1593141634038215e-18
0.786,0.3,0.19019871950149536,0.012942874077725718,-1.1044191945752395e-16,0.0023315928410738707,1.0963955085287694e-18
0.787,0.3,0.19105184078216553,0.012942874077725718,-1.1140764951395716e-16,0.00233110086992383,1.0869478096500414e-18
0.788,0.3,0.19190384447574615,0.012942874077725718,-1.1237587434711783e-16,0.0023306086659431458,1.1025796061025727e-18
0.789,0.3,0.19275471568107605,0.012942874077725718,-1.1333734938648006e-16,0.002330116694793105,1.1432821648876558e-18
0.79,0.3,0.19360440969467163,0.012942874077725718,-1.1427962060074127e-16,0.002329625189304352,1.2248845297762983e-18
0.791,0.3,0.1944529414176941,0.012942874077725718,-1.151940456068615e-16,0.002329134615138173,1.3440731091849272e-18
0.792,0.3,0.19530028104782104,0.012942874077725718,-1.1606365727611604e-16,0.0023286452051252127,1.516673554629907e-18
0.793,0.3,0.1961463987827301,0.012942874077725718,-1.1687757652908862e-16,0.002328157192096114,1.7268344222072987e-18
0.794,0.3,0.19699129462242126,0.012942874077725718,-1.17626247775343e-16,0.0023276712745428085,1.952786548190117e-18
0.795,0.3,0.19783495366573334,0.012942874077725718,-1.183172016671759e-16,0.002327187452465296,2.1569346316604014e-18
0.796,0.3,0.19867734611034393,0.012942874077725718,-1.1896315693368591e-16,0.0023267059586942196,2.3459016541451962e-18
0.797,0.3,0.19951845705509186,0.012942874077725718,-1.1958736727625313e-16,0.0023262272588908672,2.519697639397323e-18
0.798,0.3,0.2003582864999771,0.012942874077725718,-1.202217949537466e-16,0.0023257515858858824,2.6341279337730123e-18
0.799,0.3,0.2011967897415161,0.012942874077725718,-1.2088364532290743e-16,0.0023252794053405523,2.742632286904597e-18
0.8,0.3,0.20203398168087006,0.012942874077725718,-1.2158484301944618e-16,0.002324810717254877,2.8544329614006754e-18
0.801,0.3,0.20286983251571655,0.012942874077725718,-1.2233957584522937e-16,0.002324345987290144,2.9220176393207197e-18
0.802,0.3,0.20370431244373322,0.012942874077725718,-1.2314479977560279e-16,0.002323885215446353,2.982974905553606e-18
0.803,0.3,0.20453743636608124,0.012942874077725718,-1.2398986072427676e-16,0.0023234288673847914,3.043925531989186e-18
0.804,0.3,0.20536915957927704,0.012942874077725718,-1.2488321578583403e-16,0.0023229774087667465,3.0632605210357812e-18
0.805,0.3,0.20619948208332062,0.012942874077725718,-1.2580247152673156e-16,0.0023225306067615747,3.082594056574254e-18
0.806,0.3,0.2070283740758896,0.012942874077725718,-1.2674892496616983e-16,0.0023220886941999197,3.0953022929672857e-18
0.807,0.3,0.20785585045814514,0.012942874077725718,-1.277231716741899e-16,0.0023216523695737123,3.0538729641830133e-18
0.808,0.3,0.2086818665266037,0.012942874077725718,-1.2870950183659812e-16,0.002321221400052309,2.9899891417038566e-18
0.809,0.3,0.20950642228126526,0.012942874077725718,-1.297059963943734e-16,0.0023207960184663534,2.8686669354898764e-18
0.81,0.3,0.21032950282096863,0.012942874077725718,-1.3068686054729388e-16,0.002320376457646489,2.747364757292584e-18
0.811,0.3,0.2111510932445526,0.012942874077725718,-1.3165218693958816e-16,0.00231996295042336,2.6260827401115917e-18
0.812,0.3,0.21197117865085602,0.012942874077725718,-1.3259854773479783e-16,0.0023195557296276093,2.5206584421368167e-18
0.8130000000000001,0.3,0.21278974413871765,0.012942874077725718,-1.335260355771515e-16,0.002319155028089881,2.431089359849602e-18
0.8140000000000001,0.3,0.21360677480697632,0.012942874077725718,-1.3443794595420955e-16,0.0023187606129795313,2.341535563407098e-18
0.8150000000000001,0.3,0.21442227065563202,0.012942874077725718,-1.3533775964198963e-16,0.0023183731827884912,2.2361597617900606e-18
0.8160000000000001,0.3,0.21523618698120117,0.012942874077725718,-1.3622210174359253e-16,0.002317992504686117,2.1308021581613803e-18
0.8170000000000001,0.3,0.21604855358600616,0.012942874077725718,-1.3709101196368763e-16,0.0023176188115030527,2.025462888067599e-18
0.8180000000000001,0.3,0.21685931086540222,0.012942874077725718,-1.3794795784340276e-16,0.0023172523360699415,1.9043046570676024e-18
0.8190000000000001,0.3,0.21766847372055054,0.012942874077725718,-1.3879300555718694e-16,0.0023168933112174273,1.7673302403279934e-18
0.8200000000000001,0.3,0.21847602725028992,0.012942874077725718,-1.396192729623437e-16,0.0023165419697761536,1.6462172784678542e-18
0.8210000000000001,0.3,0.21928194165229797,0.012942874077725718,-1.4042681299843228e-16,0.002316198078915477,1.5409632662883212e-18
0.8220000000000001,0.3,0.2200862318277359,0.012942874077725718,-1.4122254751281849e-16,0.0023158618714660406,1.4198908248125718e-18
0.8230000000000001,0.3,0.22088885307312012,0.012942874077725718,-1.4200654267995135e-16,0.0023155338130891323,1.2830027279160741e-18
0.8240000000000001,0.3,0.22168980538845062,0.012942874077725718,-1.4277538389826223e-16,0.002315213903784752,1.1461391898626847e-18
0.8250000000000001,0.3,0.22248907387256622,0.012942874077725718,-1.4352904469797155e-16,0.0023149021435528994,1.0093003425659952e-18
0.8260000000000001,0.3,0.22328665852546692,0.012942874077725718,-1.442676044884181e-16,0.002314598998054862,8.724863169241708e-19
0.8270000000000001,0.3,0.22408251464366913,0.012942874077725718,-1.4499108973938147e-16,0.0023143040016293526,7.356972428401404e-19
0.8280000000000001,0.3,0.22487667202949524,0.012942874077725718,-1.4570304740132832e-16,0.002314017852768302,5.8309579657981725e-19
0.8290000000000001,0.3,0.22566908597946167,0.012942874077725718,-1.4639646298266417e-16,0.0023137403186410666,4.463596567603015e-19
0.8300000000000001,0.3,0.22645975649356842,0.012942874077725718,-1.4707485696407606e-16,0.00231347163207829,3.096488502894957e-19
0.8310000000000001,0.3,0.2272486537694931,0.012942874077725718,-1.4773826905023339e-16,0.0023132117930799723,1.7296350204283432e-19
0.8320000000000001,0.3,0.2280357927083969,0.012942874077725718,-1.48390365305611e-16,0.002312961034476757,2.0466269219138952e-20
0.833,0.3,0.22882115840911865,0.012942874077725718,-1.4903117219998847e-16,0.0023127193562686443,-1.4784008566439005e-19
0.834,0.3,0.22960472106933594,0.012942874077725718,-1.4965352965798357e-16,0.0023124869912862778,-3.002778526063518e-19
0.835,0.3,0.23038646578788757,0.012942874077725718,-1.5025737150514728e-16,0.0023122639395296574,-4.368495520600014e-19
0.836,0.3,0.23116640746593475,0.012942874077725718,-1.5085008280998847e-16,0.0023120499681681395,-5.892326712975365e-19
0.837,0.3,0.2319445163011551,0.012942874077725718,-1.5142430497377789e-16,0.002311845775693655,-7.257494765114231e-19
0.838,0.3,0.2327207773923874,0.012942874077725718,-1.519874760045836e-16,0.0023116508964449167,-8.780774750440442e-19
0.839,0.3,0.23349519073963165,0.012942874077725718,-1.5253590336815115e-16,0.0023114655632525682,-1.0303764122075813e-18
0.84,0.3,0.23426775634288788,0.012942874077725718,-1.5306594746978533e-16,0.0023112897761166096,-1.1668086695982995e-18
0.841,0.3,0.23503842949867249,0.012942874077725718,-1.535850198477746e-16,0.002311124000698328,-1.3190517865818676e-18
0.842,0.3,0.23580722510814667,0.012942874077725718,-1.5408042824279996e-16,0.0023109677713364363,-1.4330084402637e-18
0.843,0.3,0.23657411336898804,0.012942874077725718,-1.5456884861601047e-16,0.002310821320861578,-1.5403653458657103e-18
0.844,0.3,0.2373391091823578,0.012942874077725718,-1.5505358968985635e-16,0.002310684649273753,-1.6160306233871575e-18
0.845,0.3,0.23810218274593353,0.012942874077725718,-1.5553376472672093e-16,0.002310558222234249,-1.6567227562656938e-18
0.846,0.3,0.23886331915855408,0.012942874077725718,-1.560170499626887e-16,0.0023104415740817785,-1.675592023112316e-18
0.847,0.3,0.23962251842021942,0.012942874077725718,-1.564894958239096e-16,0.002310334937646985,-1.6726330808473866e-18
0.848,0.3,0.24037978053092957,0.012942874077725718,-1.569386879837504e-16,0.0023102383129298687,-1.6538308572324567e-18
0.849,0.3,0.24113506078720093,0.012942874077725718,-1.573646132073213e-16,0.002310151932761073,-1.6191878405918078e-18
0.85,0.3,0.2418883889913559,0.012942874077725718,-1.577672317899529e-16,0.0023100757971405983,-1.5687065200758516e-18
0.851,0.3,0.2426397204399109,0.012942874077725718,-1.5815044802413648e-16,0.0023100099060684443,-1.5182269537798708e-18
0.852,0.3,0.2433890700340271,0.012942874077725718,-1.5851042379182975e-16,0.0023099540267139673,-1.4519114163807898e-18
0.853,0.3,0.24413642287254333,0.012942874077725718,-1.588510369157444e-16,0.002309908624738455,-1.3855999820435022e-18
0.854,0.3,0.2448817491531372,0.012942874077725718,-1.5917228739588038e-16,0.002309873467311263,-1.31929250245027e-18
0.855,0.3,0.2456250637769699,0.012942874077725718,-1.5947654427751209e-16,0.002309848554432392,-1.2622855963569325e-18
0.856,0.3,0.24636633694171906,0.012942874077725718,-1.597762086523829e-16,0.0023098341189324856,-1.2271539989031835e-18
0.857,0.3,0.24710558354854584,0.012942874077725718,-1.6008595801328195e-16,0.0023098299279809,-1.2171719828423269e-18
0.858,0.3,0.24784277379512787,0.012942874077725718,-1.6041201275841566e-16,0.002309836447238922,-1.2197702164524687e-18
0.859,0.3,0.24857789278030396,0.012942874077725718,-1.6076290939170555e-16,0.002309853211045265,-1.2507882479160233e-18
0.86,0.3,0.2493109554052353,0.012942874077725718,-1.6113774794064518e-16,0.002309880219399929,-1.2878661921754967e-18
0.861,0.3,0.2500419318675995,0.012942874077725718,-1.615559175187928e-16,0.002309917937964201,-1.3533705976479046e-18
0.862,0.3,0.25077083706855774,0.012942874077725718,-1.6202125624419062e-16,0.0023099659010767937,-1.4440443928307982e-18
0.863,0.3,0.25149762630462646,0.012942874077725718,-1.6253974628702866e-16,0.0023100245743989944,-1.5473090458492353e-18
0.864,0.3,0.25222232937812805,0.012942874077725718,-1.6312329904812767e-16,0.002310093492269516,-1.6920147734958325e-18
0.865,0.3,0.2529448866844177,0.012942874077725718,-1.637507651735859e-16,0.002310172887519002,-1.8497170595678122e-18
0.866,0.3,0.25366535782814026,0.012942874077725718,-1.6439879831779464e-16,0.0023102627601474524,-2.0013106154885252e-18
0.867,0.3,0.2543836832046509,0.012942874077725718,-1.6505265481351575e-16,0.002310363110154867,-2.143537318482662e-18
0.868,0.3,0.2550998628139496,0.012942874077725718,-1.6571278464700247e-16,0.0023104739375412464,-2.3145524242394146e-18
0.869,0.3,0.2558138966560364,0.012942874077725718,-1.663558944122053e-16,0.0023105950094759464,-2.4952536697838753e-18
0.87,0.3,0.25652578473091125,0.012942874077725718,-1.669706550434547e-16,0.0023107267916202545,-2.695342338962967e-18
0.871,0.3,0.25723549723625183,0.012942874077725718,-1.6752371461845256e-16,0.0023108688183128834,-2.892475543346785e-18
0.872,0.3,0.2579430341720581,0.012942874077725718,-1.6801631721684014e-16,0.0023110213223844767,-3.162588620694456e-18
0.873,0.3,0.2586483955383301,0.012942874077725718,-1.684258179421682e-16,0.0023111843038350344,-3.4707469302009605e-18
0.874,0.3,0.25935158133506775,0.012942874077725718,-1.6873341001602971e-16,0.002311357529833913,-3.778799390706479e-18
0.875,0.3,0.26005253195762634,0.012942874077725718,-1.6894336830783037e-16,0.0023115412332117558,-4.102583084095313e-18
0.876,0.3,0.26075130701065063,0.012942874077725718,-1.6903689927405297e-16,0.002311735413968563,-4.369070572480371e-18
0.877,0.3,0.26144787669181824,0.012942874077725718,-1.690387653935149e-16,0.0023119396064430475,-4.619626972934197e-18
0.878,0.3,0.26214221119880676,0.012942874077725718,-1.6893825964036724e-16,0.00231215450912714,-4.812921213357133e-18
0.879,0.3,0.2628343403339386,0.012942874077725718,-1.6874512289350346e-16,0.0023123794235289097,-4.933140187693908e-18
0.88,0.3,0.26352420449256897,0.012942874077725718,-1.6847239151937738e-16,0.0023126148153096437,-4.977097631451136e-18
0.881,0.3,0.26421186327934265,0.012942874077725718,-1.681418766163808e-16,0.0023128604516386986,-4.957453990818623e-18
0.882,0.3,0.2648972272872925,0.012942874077725718,-1.6777321876097816e-16,0.002313116332516074,-4.8616174299831446e-18
0.883,0.3,0.2655803859233856,0.012942874077725718,-1.673839674170454e-16,0.0023133824579417706,-4.68641678343542e-18
0.884,0.3,0.2662612497806549,0.012942874077725718,-1.6699797185600366e-16,0.0023136588279157877,-4.435096049369618e-18
0.885,0.3,0.26693984866142273,0.012942874077725718,-1.666537853118428e-16,0.002313945209607482,-4.183842705411729e-18
0.886,0.3,0.2676161527633667,0.012942874077725718,-1.66342024247694e-16,0.002314241835847497,-3.897783903188043e-18
0.887,0.3,0.2682901918888092,0.012942874077725718,-1.6607649265361959e-16,0.002314548473805189,-3.611801708056834e-18
0.888,0.3,0.26896193623542786,0.012942874077725718,-1.6585287595554445e-16,0.0023148651234805584,-3.3100584839417156e-18
0.889,0.3,0.26963138580322266,0.012942874077725718,-1.6567529020419667e-16,0.0023151917848736048,-3.0083950734617634e-18
0.89,0.3,0.2702985405921936,0.012942874077725718,-1.6555392626472289e-16,0.0023155284579843283,-2.744858981134096e-18
0.891,0.3,0.2709633708000183,0.012942874077725718,-1.654950310051091e-16,0.002315875142812729,-2.576494128309394e-18
0.892,0.3,0.27162590622901917,0.012942874077725718,-1.6546093792898213e-16,0.002316231606528163,-2.4493814845654638e-18
0.893,0.3,0.2722861170768738,0.012942874077725718,-1.6545253377395859e-16,0.002316598081961274,-2.417363215541976e-18
0.894,0.3,0.27294397354125977,0.012942874077725718,-1.654416679294321e-16,0.002316974336281419,-2.4613812033504667e-18
0.895,0.3,0.2735995054244995,0.012942874077725718,-1.6540224119271536e-16,0.002317360369488597,-2.552892340531142e-18
0.896,0.3,0.274252712726593,0.012942874077725718,-1.653296081174883e-16,0.002317755948752165,-2.7583778193290857e-18
0.897,0.3,0.2749035656452179,0.012942874077725718,-1.651985827084599e-16,0.0023181613069027662,-3.001803015544427e-18
0.898,0.3,0.27555206418037415,0.012942874077725718,-1.650144986262199e-16,0.002318576443940401,-3.2515042008330995e-18
0.899,0.3,0.27619820833206177,0.012942874077725718,-1.6479571266292208e-16,0.0023190011270344257,-3.523337289941321e-18
0.9,0.3,0.27684199810028076,0.012942874077725718,-1.6454570559458405e-16,0.0023194351233541965,-3.7792673564557906e-18
0.901,0.3,0.27748343348503113,0.012942874077725718,-1.6426795819722345e-16,0.002319878898561001,-4.031983630441529e-18
0.902,0.3,0.2781224548816681,0.012942874077725718,-1.6395136639829735e-16,0.0023203319869935513,-4.22453465619904e-18
0.903,0.3,0.2787591218948364,0.012942874077725718,-1.6362487490180022e-16,0.0023207946214824915,-4.3949225203960174e-18
0.904,0.3,0.27939340472221375,0.012942874077725718,-1.6328709404430297e-16,0.0023212663363665342,-4.505074124977393e-18
0.905,0.3,0.28002530336380005,0.012942874077725718,-1.6293149902513377e-16,0.0023217475973069668,-4.548716741672886e-18
0.906,0.3,0.28065478801727295,0.012942874077725718,-1.625545693636056e-16,0.002322237938642502,-4.497326627173073e-18
0.907,0.3,0.28128188848495483,0.012942874077725718,-1.6217662061556278e-16,0.002322737593203783,-4.423665971058442e-18
0.908,0.3,0.2819066047668457,0.012942874077725718,-1.617855428568375e-16,0.0023232463281601667,-4.3341726490335605e-18
0.909,0.3,0.2825288772583008,0.012942874077725718,-1.6138391689094096e-16,0.002323764143511653,-4.238222243520217e-18
0.91,0.3,0.28314876556396484,0.012942874077725718,-1.6095531821963029e-16,0.0023242910392582417,-4.126432319643585e-18
0.911,0.3,0.2837662100791931,0.012942874077725718,-1.6049608077843065e-16,0.002324827015399933,-3.9860845234542566e-18
0.912,0.3,0.284381240606308,0.012942874077725718,-1.6000788539834675e-16,0.0023253716062754393,-3.839242214564466e-18
0.913,0.3,0.28499385714530945,0.012942874077725718,-1.5946790189447213e-16,0.002325925277546048,-3.654208490209099e-18
0.914,0.3,0.2856040298938751,0.012942874077725718,-1.5886863931917952e-16,0.002326487796381116,-3.4533245693000677e-18
0.915,0.3,0.286211758852005,0.012942874077725718,-1.5821922974643149e-16,0.002327058929949999,-3.2682693405239076e-18
0.916,0.3,0.2868170738220215,0.012942874077725718,-1.5751075286050227e-16,0.002327638678252697,-3.0673633429879258e-18
0.917,0.3,0.2874199151992798,0.012942874077725718,-1.5675236720513405e-16,0.0023282270412892103,-2.8822855269355938e-18
0.918,0.3,0.2880203425884247,0.012942874077725718,-1.5594157138615447e-16,0.002328824019059539,-2.7037568168162904e-18
0.919,0.3,0.2886182963848114,0.012942874077725718,-1.5509321494992009e-16,0.0023294296115636826,-2.5348864320301135e-18
0.92,0.3,0.28921377658843994,0.012942874077725718,-1.5422033426288473e-16,0.002330043353140354,-2.3884411749578694e-18
0.921,0.3,0.2898068428039551,0.012942874077725718,-1.5332858062299336e-16,0.002330665709450841,-2.2358438374502105e-18
0.922,0.3,0.29039740562438965,0.012942874077725718,-1.5243559613835052e-16,0.0023312962148338556,-2.10571005880076e-18
0.923,0.3,0.2909855246543884,0.012942874077725718,-1.5154409396136537e-16,0.002331935102120042,-1.9597636354489322e-18
0.924,0.3,0.29157117009162903,0.012942874077725718,-1.506586930685784e-16,0.0023325819056481123,-1.8138456177878444e-18
0.925,0.3,0.29215434193611145,0.012942874077725718,-1.4978399920164033e-16,0.0023332370910793543,-1.6837944259674768e-18
0.926,0.3,0.2927350401878357,0.012942874077725718,-1.4892656363100256e-16,0.0023339001927524805,-1.5920988507399697e-18
0.927,0.3,0.29331326484680176,0.012942874077725718,-1.4808826571101682e-16,0.002334571210667491,-1.4973763512031333e-18
0.928,0.3,0.29388898611068726,0.012942874077725718,-1.4727449204183206e-16,0.0023352501448243856,-1.4026893455747104e-18
0.929,0.3,0.2944622337818146,0.012942874077725718,-1.4650191858459733e-16,0.0023359369952231646,-1.3647036255282369e-18
0.93,0.3,0.29503297805786133,0.012942874077725718,-1.457511297559748e-16,0.002336631529033184,-1.3645015241759345e-18
0.931,0.3,0.2956012487411499,0.012942874077725718,-1.4500738188872632e-16,0.0023373339790850878,-1.3831802257810095e-18
0.932,0.3,0.2961670160293579,0.012942874077725718,-1.4426692950903825e-16,0.0023380438797175884,-1.4237668224676591e-18
0.933,0.3,0.29673027992248535,0.012942874077725718,-1.435094305912867e-16,0.0023387614637613297,-1.4484961522146741e-18
0.934,0.3,0.2972910702228546,0.012942874077725718,-1.4275637859650822e-16,0.002339486498385668,-1.5298155121697846e-18
0.935,0.3,0.2978493273258209,0.012942874077725718,-1.4197717445948326e-16,0.002340218983590603,-1.6110970401929667e-18
0.936,0.3,0.29840508103370667,0.012942874077725718,-1.4117659597542994e-16,0.0023409586865454912,-1.7081791959660962e-18
0.937,0.3,0.29895833134651184,0.012942874077725718,-1.4033783483430117e-16,0.0023417058400809765,-1.7644894897431506e-18
0.9380000000000001,0.3,0.29950907826423645,0.012942874077725718,-1.3947472149593884e-16,0.002342460211366415,-1.7800592382161415e-18
0.9390000000000001,0.3,0.3000572919845581,0.012942874077725718,-1.3860761122085665e-16,0.002343221800401807,-1.7767780859041804e-18
0.9400000000000001,0.3,0.3006030321121216,0.012942874077725718,-1.3774024948286825e-16,0.0023439903743565083,-1.7516518278597218e-18
0.9410000000000001,0.3,0.3011462092399597,0.012942874077725718,-1.3687791700300417e-16,0.0023447659332305193,-1.6918636018237894e-18
0.9420000000000001,0.3,0.3016868829727173,0.012942874077725718,-1.360281709033407e-16,0.00234554847702384,-1.607271665161236e-18
0.9430000000000001,0.3,0.3022250235080719,0.012942874077725718,-1.3520564897199756e-16,0.0023463380057364702,-1.5008985131983243e-18
0.9440000000000001,0.3,0.30276066064834595,0.012942874077725718,-1.3442434048749428e-16,0.002347134053707123,-1.388603452605346e-18
0.9450000000000001,0.3,0.30329376459121704,0.012942874077725718,-1.336759604088155e-16,0.002347937086597085,-1.2130190532267598e-18
0.9460000000000001,0.3,0.3038243353366852,0.012942874077725718,-1.3296212339251694e-16,0.002348746871575713,-9.801169028006074e-19
0.9470000000000001,0.3,0.30435240268707275,0.012942874077725718,-1.322908762515975e-16,0.00234956294298172,-7.472923477721581e-19
0.9480000000000001,0.3,0.304877907037735,0.012942874077725718,-1.3164764737238647e-16,0.0023503857664763927,-4.670292640881916e-19
0.9490000000000001,0.3,0.30540087819099426,0.012942874077725718,-1.310350043235052e-16,0.002351214876398444,-1.4823842195494651e-19
0.9500000000000001,0.3,0.3059213161468506,0.012942874077725718,-1.3045560731780366e-16,0.002352050505578518,1.546341092303846e-19
0.9510000000000001,0.3,0.30643925070762634,0.012942874077725718,-1.2990545941856199e-16,0.0023528921883553267,4.544707781690022e-19
0.9520000000000001,0.3,0.30695462226867676,0.012942874077725718,-1.2939536029585769e-16,0.0023537403903901577,7.008096807577132e-19
0.9530000000000001,0.3,0.3074674606323242,0.012942874077725718,-1.289103677591056e-16,0.00235459441319108,9.1246617794918e-19
0.9540000000000001,0.3,0.30797773599624634,0.012942874077725718,-1.2844768924655774e-16,0.002355454722419381,1.0835631549011671e-18
0.9550000000000001,0.3,0.3084855079650879,0.012942874077725718,-1.2798677097435339e-16,0.002356321085244417,1.235855455519362e-18
0.9560000000000001,0.3,0.3089907169342041,0.012942874077725718,-1.275346406689768e-16,0.0023571932688355446,1.331803301418407e-18
0.9570000000000001,0.3,0.30949339270591736,0.012942874077725718,-1.2707265037069859e-16,0.002358071506023407,1.3872816239340042e-18
0.9580000000000001,0.3,0.3099935054779053,0.012942874077725718,-1.2658703579412586e-16,0.002358955331146717,1.4023239411021714e-18
0.9590000000000001,0.3,0.31049108505249023,0.012942874077725718,-1.260465493644388e-16,0.0023598449770361185,1.4332516820840836e-18
0.96,0.3,0.31098613142967224,0.012942874077725718,-1.2546385687117685e-16,0.0023607402108609676,1.4396268941312155e-18
0.961,0.3,0.3114786148071289,0.012942874077725718,-1.2482743072532345e-16,0.0023616410326212645,1.4143859162474844e-18
0.962,0.3,0.3119685649871826,0.012942874077725718,-1.2413746945022562e-16,0.002362547442317009,1.3575342267178812e-18
0.963,0.3,0.312455952167511,0.012942874077725718,-1.2340806820352126e-16,0.0023634592071175575,1.2244659830970629e-18
0.964,0.3,0.3129408061504364,0.012942874077725718,-1.2265488385984478e-16,0.00236437632702291,9.806058795344833e-19
0.965,0.3,0.3134230971336365,0.012942874077725718,-1.218596787410506e-16,0.002365298569202423,6.850760307747037e-19
0.966,0.3,0.3139028549194336,0.012942874077725718,-1.210361641929724e-16,0.00236622616648674,3.536877722555393e-19
0.967,0.3,0.31438004970550537,0.012942874077725718,-1.2020202202838413e-16,0.0023671588860452175,-1.0701966908305533e-20
0.968,0.3,0.3148547112941742,0.012942874077725718,-1.1935963452744993e-16,0.0023680967278778553,-3.418943612701461e-19
0.969,0.3,0.3153268098831177,0.012942874077725718,-1.1853438620880783e-16,0.0023690396919846535,-6.327458813090725e-19
0.97,0.3,0.3157963454723358,0.012942874077725718,-1.1773002254627146e-16,0.0023699873127043247,-8.516128345954752e-19
0.971,0.3,0.316263347864151,0.012942874077725718,-1.169757264718517e-16,0.0023709398228675127,-1.0474274221752041e-18
0.972,0.3,0.31672778725624084,0.012942874077725718,-1.1625061332944282e-16,0.0023718972224742174,-1.198597910704601e-18
0.973,0.3,0.31718969345092773,0.012942874077725718,-1.155590903373485e-16,0.002372859278693795,-1.3339411706349596e-18
0.974,0.3,0.3176490366458893,0.012942874077725718,-1.148886505247069e-16,0.0023738257586956024,-1.414507513987836e-18
0.975,0.3,0.3181058168411255,0.012942874077725718,-1.1423769246985218e-16,0.0023747968953102827,-1.4792446138853073e-18
0.976,0.3,0.31856006383895874,0.012942874077725718,-1.136061632332251e-16,0.002375772688537836,-1.5281551727303498e-18
0.977,0.3,0.31901174783706665,0.012942874077725718,-1.1299993910589723e-16,0.002376752672716975,-1.5799220727964919e-18
0.978,0.3,0.3194608986377716,0.012942874077725718,-1.1240423671596105e-16,0.0023777373135089874,-1.6028569686019658e-18
0.979,0.3,0.3199075162410736,0.012942874077725718,-1.118340644284507e-16,0.0023787259124219418,-1.658630582484884e-18
0.98,0.3,0.3203515410423279,0.012942874077725718,-1.1125212632390739e-16,0.002379718702286482,-1.7172074408891715e-18
0.981,0.3,0.3207930624485016,0.012942874077725718,-1.1062241688462792e-16,0.0023807156831026077,-1.680719762199269e-18
0.982,0.3,0.32123199105262756,0.012942874077725718,-1.0996284953395774e-16,0.0023817168548703194,-1.60515307980568e-18
0.983,0.3,0.321668416261673,0.012942874077725718,-1.092697185027526e-16,0.0023827217519283295,-1.5221638834122014e-18
0.984,0.3,0.32210227847099304,0.012942874077725718,-1.0852739338615771e-16,0.0023837308399379253,-1.4261092389867882e-18
0.985,0.3,0.32253357768058777,0.012942874077725718,-1.0774064536194628e-16,0.0023847436532378197,-1.3458574594460002e-18
0.986,0.3,0.32296234369277954,0.012942874077725718,-1.069096067790163e-16,0.0023857601918280125,-1.2814057965049054e-18
0.987,0.3,0.32338857650756836,0.012942874077725718,-1.0602926161413327e-16,0.00238678022287786,-1.2169121110030756e-18
0.988,0.3,0.3238122761249542,0.012942874077725718,-1.051048310313236e-16,0.00238780421204865,-1.1682157164664324e-18
0.989,0.3,0.32423341274261475,0.012942874077725718,-1.0412616387011007e-16,0.0023888316936790943,-1.1036350157479995e-18
0.99,0.3,0.3246520161628723,0.012942874077725718,-1.0310607812126477e-16,0.00238986243493855,-1.0623546166349161e-18
0.991,0.3,0.32506808638572693,0.012942874077725718,-1.020457847772045e-16,0.002390896901488304,-1.0052030029420775e-18
0.992,0.3,0.3254815936088562,0.012942874077725718,-1.0094537648215786e-16,0.0023919346276670694,-9.321827580619592e-19
0.993,0.3,0.3258925974369049,0.012942874077725718,-9.98228328339193e-17,0.0023929753806442022,-8.983619653254678e-19
0.994,0.3,0.32630103826522827,0.012942874077725718,-9.868696165165128e-17,0.00239401962608099,-8.879238141112566e-19
0.995,0.3,0.3267069458961487,0.012942874077725718,-9.75517191266488e-17,0.002395066898316145,-9.00893729046115e-19
0.996,0.3,0.3271103501319885,0.012942874077725718,-9.642333227456316e-17,0.002396117430180311,-9.13866547313621e-19
0.997,0.3,0.327511191368103,0.012942874077725718,-9.53069891721963e-17,0.0023971707560122013,-9.426818375602936e-19
0.998,0.3,0.3279094994068146,0.012942874077725718,-9.419748850785647e-17,0.002398227108642459,-9.714973813537218e-19
0.999,0.3,0.32830530405044556,0.012942874077725718,-9.309483028154369e-17,0.0023992862552404404,-1.000313186377943e-18
1.0,0.3,0.3286985754966736,0.012942874077725718,-9.19937867117866e-17,0.0024003481958061457,-1.0132896490712434e-18
1.0010000000000001,0.3,0.32908931374549866,0.012942874077725718,-9.089433132880562e-17,0.002401412930339575,-1.0104294254435291e-18
1.002,0.3,0.32947754859924316,0.012942874077725718,-8.979642442793134e-17,0.002402480226010084,-9.917351709119345e-19
1.0030000000000001,0.3,0.3298632502555847,0.012942874077725718,-8.871049510232682e-17,0.0024035500828176737,-9.888888632326224e-19
1.004,0.3,0.3302464187145233,0.012942874077725718,-8.763132218796564e-17,0.002404622733592987,-9.860481813877288e-19
1.0050000000000001,0.3,0.33062708377838135,0.012942874077725718,-8.655362496381725e-17,0.0024056974798440933,-9.673734364319524e-19
1.006,0.3,0.3310052156448364,0.012942874077725718,-8.54826576811326e-17,0.0024067750200629234,-9.487069945056035e-19
1.0070000000000001,0.3,0.3313808739185333,0.012942874077725718,-8.442364150393811e-17,0.0024078546557575464,-9.45888589118074e-19
1.008,0.3,0.33175399899482727,0.012942874077725718,-8.336606131228701e-17,0.0024089363869279623,-9.272360864299415e-19
1.0090000000000001,0.3,0.33212459087371826,0.012942874077725718,-8.23098840189548e-17,0.0024100206792354584,-8.927521407871492e-19
1.01,0.3,0.3324927091598511,0.012942874077725718,-8.126037049263732e-17,0.0024111068341881037,-8.582791842538667e-19
1.0110000000000001,0.3,0.33285829424858093,0.012942874077725718,-8.021748764611006e-17,0.0024121953174471855,-8.238172209286187e-19
1.012,0.3,0.3332214057445526,0.012942874077725718,-7.918122886192813e-17,0.0024132856633514166,-7.893662547715391e-19
1.0130000000000001,0.3,0.33358198404312134,0.012942874077725718,-7.815158752264663e-17,0.002414377871900797,-7.549262895787326e-19
1.014,0.3,0.3339400887489319,0.012942874077725718,-7.71232498200105e-17,0.0024154719430953264,-7.046574838379169e-19
1.0150000000000001,0.3,0.33429569005966187,0.012942874077725718,-7.61014898576054e-17,0.002416568109765649,-6.544023519549788e-19
1.016,0.3,0.33464881777763367,0.012942874077725718,-7.508628778309662e-17,0.002417665673419833,-6.041608968234028e-19
1.0170000000000001,0.3,0.3349994421005249,0.012942874077725718,-7.40829574047392e-17,0.0024187650997191668,-5.697730162476192e-19
1.018,0.3,0.33534756302833557,0.012942874077725718,-7.30861716793883e-17,0.002419866155833006,-5.353961518851373e-19
1.0190000000000001,0.3,0.33569321036338806,0.012942874077725718,-7.210123779785406e-17,0.0024209688417613506,-5.168702347664781e-19
1.02,0.3,0.3360363841056824,0.012942874077725718,-7.112283533443654e-17,0.0024220729246735573,-4.983526732698705e-19
1.0210000000000001,0.3,0.3363770544528961,0.012942874077725718,-7.015097090658063e-17,0.002423178404569626,-4.79843470395089e-19
1.022,0.3,0.3367152810096741,0.012942874077725718,-6.918559819217205e-17,0.0024242852814495564,-4.613426289283066e-19
1.0230000000000001,0.3,0.33705100417137146,0.012942874077725718,-6.823206408669032e-17,0.0024253935553133488,-4.58690145967609e-19
1.024,0.3,0.33738425374031067,0.012942874077725718,-6.727969465151107e-17,0.0024265029933303595,-4.402033525136337e-19
1.025,0.3,0.3377150595188141,0.012942874077725718,-6.633378384255463e-17,0.002427613828331232,-4.2172492840290654e-19
1.026,0.3,0.3380433917045593,0.012942874077725718,-6.538897814689656e-17,0.0024287255946546793,-3.874148319237957e-19
1.027,0.3,0.3383692502975464,0.012942874077725718,-6.44506178425715e-17,0.002429838525131345,-3.531157753528803e-19
1.028,0.3,0.33869266510009766,0.012942874077725718,-6.351332294687542e-17,0.002430952386930585,-3.02987683332365e-19
1.029,0.3,0.33901360630989075,0.012942874077725718,-6.258778725076739e-17,0.0024320671800523996,-2.687133935005623e-19
1.03,0.3,0.33933210372924805,0.012942874077725718,-6.167403722402701e-17,0.002433182904496789,-2.502902566262464e-19
1.031,0.3,0.33964815735816956,0.012942874077725718,-6.076669288395024e-17,0.002434299560263753,-2.3187549771474234e-19
1.032,0.3,0.3399617671966553,0.012942874077725718,-5.986033454316364e-17,0.002435416914522648,-1.9762897577731017e-19
1.033,0.3,0.3402729332447052,0.012942874077725718,-5.89549688191121e-17,0.0024365349672734737,-1.4755334214328545e-19
1.034,0.3,0.34058165550231934,0.012942874077725718,-5.805593598983026e-17,0.0024376537185162306,-9.749142258443284e-20
1.035,0.3,0.3408879339694977,0.012942874077725718,-5.716863589035688e-17,0.0024387731682509184,-6.328340840823628e-20
1.036,0.3,0.34119176864624023,0.012942874077725718,-5.628766868565321e-17,0.0024398930836468935,-2.9086441688151937e-20
1.037,0.3,0.3414931893348694,0.012942874077725718,-5.5413011214662086e-17,0.002441013464704156,5.099477503420012e-21
1.038,0.3,0.34179219603538513,0.012942874077725718,-5.454465685993862e-17,0.0024421343114227057,3.927434922054733e-20
1.039,0.3,0.3420887589454651,0.012942874077725718,-5.3682608930205256e-17,0.0024432556238025427,7.343817354843354e-20
1.04,0.3,0.34238290786743164,0.012942874077725718,-5.283225402561094e-17,0.0024443771690130234,9.175067839636578e-20
1.041,0.3,0.3426746428012848,0.012942874077725718,-5.198817907622713e-17,0.0024454991798847914,1.1005480318345216e-19
1.042,0.3,0.3429639935493469,0.012942874077725718,-5.115036753844157e-17,0.0024466211907565594,1.2835054803507213e-19
1.043,0.3,0.34325090050697327,0.012942874077725718,-5.0318812794809364e-17,0.002447743434458971,1.4663791310190141e-19
1.044,0.3,0.3435354232788086,0.012942874077725718,-4.9498937841426405e-17,0.0024488656781613827,1.4907656195159012e-19
1.045,0.3,0.3438175320625305,0.012942874077725718,-4.8685299829862095e-17,0.002449988154694438,1.5150949853741602e-19
1.046,0.3,0.3440972566604614,0.012942874077725718,-4.7877888833949085e-17,0.0024511106312274933,1.5393672304279384e-19
1.047,0.3,0.34437456727027893,0.012942874077725718,-4.708213777595062e-17,0.002452232874929905,1.405178510254937e-19
1.048,0.3,0.3446495234966278,0.012942874077725718,-4.629806650820141e-17,0.0024533553514629602,1.1125553375319693e-19
1.049,0.3,0.3449220657348633,0.012942874077725718,-4.552565848708919e-17,0.0024544773623347282,6.615242215396133e-20
1.05,0.3,0.3451922535896301,0.012942874077725718,-4.475945101184867e-17,0.0024555993732064962,2.1051599376518477e-20
1.051,0.3,0.34546002745628357,0.012942874077725718,-4.39994275388676e-17,0.002456720918416977,-2.4046935133893182e-20
1.052,0.3,0.34572547674179077,0.012942874077725718,-4.3245581450701074e-17,0.0024578424636274576,-6.914318175130777e-20
1.053,0.3,0.34598851203918457,0.012942874077725718,-4.249242688552664e-17,0.002458963543176651,-9.839666076034907e-20
1.054,0.3,0.34624922275543213,0.012942874077725718,-4.1750892553597355e-17,0.002460084157064557,-1.4349101489769025e-19
1.055,0.3,0.34650754928588867,0.012942874077725718,-4.101550251925811e-17,0.002461204305291176,-1.8858308114093624e-19
1.056,0.3,0.3467635214328766,0.012942874077725718,-4.028623693017421e-17,0.0024623239878565073,-2.3367285943729723e-19
1.057,0.3,0.3470171391963959,0.012942874077725718,-3.955758676346605e-17,0.002463442971929908,-2.629198066406044e-19
1.058,0.3,0.3472684323787689,0.012942874077725718,-3.884054359511323e-17,0.002464561490342021,-3.0800769057264146e-19
1.059,0.3,0.34751737117767334,0.012942874077725718,-3.8129588476068805e-17,0.002465679310262203,-3.5309328496982774e-19
1.06,0.3,0.34776395559310913,0.012942874077725718,-3.742470817144297e-17,0.002466796664521098,-3.9817658930481256e-19
1.061,0.3,0.34800824522972107,0.012942874077725718,-3.6731415012837773e-17,0.0024679130874574184,-4.590982080407427e-19
1.062,0.3,0.3482501804828644,0.012942874077725718,-3.6038667793436864e-17,0.002469028579071164,-5.041742475880983e-19
1.063,0.3,0.34848979115486145,0.012942874077725718,-3.535196230123004e-17,0.0024701436050236225,-5.492479951364302e-19
1.064,0.3,0.3487270772457123,0.012942874077725718,-3.4657229848359005e-17,0.0024712574668228626,-5.540075344290149e-19
1.065,0.3,0.34896206855773926,0.012942874077725718,-3.3938896278250605e-17,0.002472370397299528,-5.136322565940513e-19
1.066,0.3,0.34919473528862,0.012942874077725718,-3.320505472601806e-17,0.0024734826292842627,-4.645867944809839e-19
1.067,0.3,0.3494250774383545,0.012942874077725718,-3.2441858188207235e-17,0.0024745934642851353,-4.0684162513659516e-19
1.068,0.3,0.3496531546115875,0.012942874077725718,-3.163464240691879e-17,0.002475703600794077,-3.3798454914138815e-19
1.069,0.3,0.3498789072036743,0.012942874077725718,-3.076399841625977e-17,0.0024768123403191566,-2.286928812664861e-19
1.07,0.3,0.35010236501693726,0.012942874077725718,-2.983581905091402e-17,0.0024779201485216618,-1.3518830008985167e-19
1.071,0.3,0.35032355785369873,0.012942874077725718,-2.8853297228045985e-17,0.002479026559740305,-6.620729548088129e-20
1.072,0.3,0.35054245591163635,0.012942874077725718,-2.7824886733515957e-17,0.0024801320396363735,-5.935960561728208e-21
1.073,0.3,0.3507590889930725,0.012942874077725718,-2.677177497153387e-17,0.0024812358897179365,2.5041596826093072e-20
1.074,0.3,0.3509734272956848,0.012942874077725718,-2.5697017547282497e-17,0.0024823385756462812,3.142347148169973e-20
1.075,0.3,0.35118553042411804,0.012942874077725718,-2.460507792734717e-17,0.0024834400974214077,4.0171276561937436e-20
1.076,0.3,0.3513953387737274,0.012942874077725718,-2.3515669480086258e-17,0.0024845399893820286,8.434726573583628e-21
1.077,0.3,0.3516029119491577,0.012942874077725718,-2.243156326055181e-17,0.0024856384843587875,-3.212859233915656e-20
1.078,0.3,0.35180822014808655,0.012942874077725718,-2.135794403682331e-17,0.002486735349521041,-5.685985521563666e-20
1.079,0.3,0.3520112633705139,0.012942874077725718,-2.0305924153249792e-17,0.0024878308176994324,-9.744346022214904e-20
1.08,0.3,0.3522121012210846,0.012942874077725718,-1.926990194272305e-17,0.002488924888893962,-1.3803584952353681e-19
1.081,0.3,0.3524106740951538,0.012942874077725718,-1.8255427787153317e-17,0.002490017097443342,-1.9447791947914962e-19
1.082,0.3,0.35260704159736633,0.012942874077725718,-1.7262478525483438e-17,0.002491107676178217,-2.6676700586220587e-19
1.083,0.3,0.3528011441230774,0.012942874077725718,-1.6276704228446843e-17,0.0024921968579292297,-3.1429410492692646e-19
1.084,0.3,0.35299304127693176,0.012942874077725718,-1.5272199253619598e-17,0.0024932839442044497,-3.0305031192496546e-19
1.085,0.3,0.35318273305892944,0.012942874077725718,-1.425565714651848e-17,0.0024943696334958076,-2.7825262737559935e-19
1.086,0.3,0.35337021946907043,0.012942874077725718,-1.3227250787891516e-17,0.0024954532273113728,-2.5344394805216546e-19
1.087,0.3,0.35355547070503235,0.012942874077725718,-1.2187005820337692e-17,0.0024965351913124323,-2.286242876551645e-19
1.088,0.3,0.35373854637145996,0.012942874077725718,-1.114054707202237e-17,0.002497615059837699,-2.1963467109522473e-19
1.089,0.3,0.3539194166660309,0.012942874077725718,-1.0082300999978166e-17,0.00249869329854846,-2.106314355842699e-19
1.09,0.3,0.3540981113910675,0.012942874077725718,-9.012290765262234e-18,0.002499769441783428,-2.0161459637188847e-19
1.091,0.3,0.35427460074424744,0.012942874077725718,-7.936155258110347e-18,0.002500843722373247,-2.084252228417114e-19
1.092,0.3,0.35444891452789307,0.012942874077725718,-6.842692798667311e-18,0.002501915907487273,-1.9937854207273418e-19
1.093,0.3,0.3546210825443268,0.012942874077725718,-5.743156351986299e-18,0.0025029859971255064,-2.0615938837933513e-19
1.094,0.3,0.3547910451889038,0.012942874077725718,-4.631955831487676e-18,0.0025040539912879467,-2.1292402891833284e-19
1.095,0.3,0.3549588620662689,0.012942874077725718,-3.5147367448521176e-18,0.002505119889974594,-2.3551359188487395e-19
1.096,0.3,0.3551245331764221,0.012942874077725718,-2.4003976943143155e-18,0.0025061836931854486,-2.9889039951767746e-19
1.097,0.3,0.355288028717041,0.012942874077725718,-1.2827140423672319e-18,0.0025072454009205103,-3.464156184591344e-19
1.098,0.3,0.355449378490448,0.012942874077725718,-1.7619137040426435e-19,0.0025083047803491354,-4.18928537410111e-19
1.099,0.3,0.35560861229896545,0.012942874077725718,9.198239105807777e-19,0.002509361831471324,-4.756035133594133e-19
1.1,0.3,0.355765700340271,0.012942874077725718,1.989252120338202e-18,0.0025104167871177197,-5.617479217811553e-19
1.101,0.3,0.3559206426143646,0.012942874077725718,3.0379787910979918e-18,0.002511469181627035,-6.4789828830727095e-19
1.102,0.3,0.3560734987258911,0.012942874077725718,4.07168530949989e-18,0.0025125194806605577,-7.18213380087477e-19
1.103,0.3,0.3562242090702057,0.012942874077725718,5.104993954027151e-18,0.002513567218557,-7.317830555674699e-19
1.104,0.3,0.35637280344963074,0.012942874077725718,6.130819095552644e-18,0.002514612628147006,-7.475542822286566e-19
1.105,0.3,0.35651931166648865,0.012942874077725718,7.169176850538929e-18,0.0025156557094305754,-7.223799348702139e-19
1.106,0.3,0.35666370391845703,0.012942874077725718,8.213695033137201e-18,0.0025166962295770645,-7.130361819519026e-19
1.107,0.3,0.3568060100078583,0.012942874077725718,9.273308434733955e-18,0.0025177341885864735,-6.943882587945242e-19
1.108,0.3,0.3569462299346924,0.012942874077725718,1.0364200844013788e-17,0.002518769819289446,-6.598722350639776e-19
1.109,0.3,0.35708436369895935,0.012942874077725718,1.147501258962451e-17,0.0025198026560246944,-6.411734154626502e-19
1.11,0.3,0.35722044110298157,0.012942874077725718,1.2638089742239397e-17,0.0025208331644535065,-5.475781020504659e-19
1.111,0.3,0.35735440254211426,0.012942874077725718,1.3854423264232284e-17,0.0025218608789145947,-4.021078887952379e-19
1.112,0.3,0.3574863374233246,0.012942874077725718,1.512114780196129e-17,0.0025228860322386026,-1.8679179046012306e-19
1.113,0.3,0.3576161861419678,0.012942874077725718,1.64027582819938e-17,0.0025239083915948868,3.7883986915562374e-20
1.114,0.3,0.3577440083026886,0.012942874077725718,1.7715397961164398e-17,0.0025249281898140907,2.7839303722692293e-19
1.115,0.3,0.3578697741031647,0.012942874077725718,1.9063163037866448e-17,0.002525945194065571,5.462872114237929e-19
1.116,0.3,0.3579935133457184,0.012942874077725718,2.0443912768674663e-17,0.0025269596371799707,8.098990092256682e-19
1.117,0.3,0.35811519622802734,0.012942874077725718,2.1878925547666357e-17,0.002527971053496003,1.1030652832707512e-18
1.118,0.3,0.35823485255241394,0.012942874077725718,2.3362161302008667e-17,0.0025289796758443117,1.3962366005278726e-18
1.119,0.3,0.3583524823188782,0.012942874077725718,2.489013263823907e-17,0.00252998573705554,1.6799420565805025e-18
1.12,0.3,0.35846811532974243,0.012942874077725718,2.64325895613565e-17,0.002530988771468401,1.9087476530461635e-18
1.121,0.3,0.3585817217826843,0.012942874077725718,2.7977402294858484e-17,0.002531989011913538,2.100578032939269e-18
1.122,0.3,0.35869333148002625,0.012942874077725718,2.951542883861508e-17,0.0025329862255603075,2.294479598497983e-18
1.123,0.3,0.3588029444217682,0.012942874077725718,3.099810707322453e-17,0.002533980645239353,2.367917734158249e-18
1.124,0.3,0.35891056060791016,0.012942874077725718,3.2443409979036384e-17,0.0025349720381200314,2.4096355897229823e-18
1.125,0.3,0.35901618003845215,0.012942874077725718,3.383851294783362e-17,0.002535960404202342,2.3837676712762572e-18
1.1260000000000001,0.3,0.35911983251571655,0.012942874077725718,3.5194179253746777e-17,0.002536945976316929,2.2945229840651576e-18
1.127,0.3,0.35922151803970337,0.012942874077725718,3.651387643790368e-17,0.0025379282888025045,2.1515014516602116e-18
1.1280000000000001,0.3,0.3593212366104126,0.012942874077725718,3.7818684371034624e-17,0.0025389078073203564,1.9747414339285513e-18
1.129,0.3,0.35941898822784424,0.012942874077725718,3.9100337864458987e-17,0.002539884066209197,1.7284266511894023e-18
1.1300000000000001,0.3,0.3595148026943207,0.012942874077725718,4.0391259089466393e-17,0.002540857531130314,1.464261612724237e-18
1.131,0.3,0.35960865020751953,0.012942874077725718,4.1701734864154553e-17,0.002541827503591776,1.198100624655403e-18
1.1320000000000001,0.3,0.3597005605697632,0.012942874077725718,4.303708892294586e-17,0.002542794682085514,9.320133797655892e-19
1.133,0.3,0.35979053378105164,0.012942874077725718,4.4415846802839046e-17,0.002543758600950241,7.176342515526559e-19
1.1340000000000001,0.3,0.3598785698413849,0.012942874077725718,4.581014575208088e-17,0.002544719260185957,5.033103404695438e-19
1.135,0.3,0.3599646985530853,0.012942874077725718,4.722639476605742e-17,0.0025456768926233053,3.0692833353202636e-19
1.1360000000000001,0.3,0.36004889011383057,0.012942874077725718,4.867134694728955e-17,0.0025466312654316425,1.6015881596753544e-19
1.137,0.3,0.3601312041282654,0.012942874077725718,5.014828123972543e-17,0.0025475823786109686,8.49317023668307e-20
1.1380000000000001,0.3,0.3602116107940674,0.012942874077725718,5.163870519359083e-17,0.002548530464991927,8.119639228795022e-20
1.139,0.3,0.3602901101112366,0.012942874077725718,5.3124162755058455e-17,0.002549475058913231,1.4890239214302448e-19
1.1400000000000001,0.3,0.36036670207977295,0.012942874077725718,5.4581257947682865e-17,0.0025504163932055235,2.741785824123379e-19
1.141,0.3,0.3604414463043213,0.012942874077725718,5.598979102090551e-17,0.002551354467868805,4.64744448900784e-19
1.1420000000000001,0.3,0.3605142831802368,0.012942874077725718,5.73202680228052e-17,0.0025522892829030752,6.511785777103157e-19
1.143,0.3,0.3605852723121643,0.012942874077725718,5.857919059299661e-17,0.0025532208383083344,8.25474579812716e-19
1.1440000000000001,0.3,0.36065438389778137,0.012942874077725718,5.979015653999464e-17,0.0025541489012539387,9.758538105858023e-19
1.145,0.3,0.3607216477394104,0.012942874077725718,6.098388404302706e-17,0.002555073471739888,1.1360390629593879e-18
1.1460000000000001,0.3,0.360787034034729,0.012942874077725718,6.215857315708097e-17,0.00255599501542747,1.2625165464696651e-18
1.147,0.3,0.36085060238838196,0.012942874077725718,6.334598761767839e-17,0.0025569128338247538,1.430535263485147e-18
1.1480000000000001,0.3,0.3609123229980469,0.012942874077725718,6.454641859239495e-17,0.002557827392593026,1.6024847136308719e-18
1.149,0.3,0.36097222566604614,0.012942874077725718,6.576688719026999e-17,0.0025587386917322874,1.7209879713843744e-18
1.1500000000000001,0.3,0.3610302805900574,0.012942874077725718,6.703970639475228e-17,0.00255964626558125,1.8375543954602923e-18
1.151,0.3,0.36108654737472534,0.012942874077725718,6.835084722265294e-17,0.002560550579801202,1.9007308720767807e-18
1.1520000000000001,0.3,0.36114099621772766,0.012942874077725718,6.971975172708939e-17,0.0025614514015614986,1.9263962985062947e-18
1.153,0.3,0.36119362711906433,0.012942874077725718,7.115725928280854e-17,0.002562348498031497,1.906580037674669e-18
1.154,0.3,0.36124446988105774,0.012942874077725718,7.264211465679023e-17,0.002563242334872484,1.7957090858165258e-18
1.155,0.3,0.3612934947013855,0.012942874077725718,7.417924122804037e-17,0.0025641326792538166,1.6335059916460088e-18
1.156,0.3,0.3613407611846924,0.012942874077725718,7.576270976592818e-17,0.002565019531175494,1.3783077781900605e-18
1.157,0.3,0.361386239528656,0.012942874077725718,7.740767421927564e-17,0.0025659026578068733,1.085408344198025e-18
1.158,0.3,0.36142995953559875,0.012942874077725718,7.909522193055732e-17,0.0025667822919785976,7.667374727315097e-19
1.159,0.3,0.36147192120552063,0.012942874077725718,8.080996734037975e-17,0.002567658433690667,4.184090295235885e-19
1.16,0.3,0.36151209473609924,0.012942874077725718,8.254792012946796e-17,0.002568530850112438,4.2345234181388864e-20
1.161,0.3,0.36155053973197937,0.012942874077725718,8.430982806909571e-17,0.0025693997740745544,-3.3362792426111696e-19
1.162,0.3,0.361587256193161,0.012942874077725718,8.610918412941496e-17,0.002570265205577016,-6.72074492540257e-19
1.163,0.3,0.3616222143173218,0.012942874077725718,8.793138360953048e-17,0.002571126911789179,-9.749412096229708e-19
1.164,0.3,0.36165544390678406,0.012942874077725718,8.976143137929789e-17,0.0025719848927110434,-1.2580944185006445e-18
1.165,0.3,0.36168694496154785,0.012942874077725718,9.159513197865035e-17,0.002572839381173253,-1.5076173736464791e-18
1.166,0.3,0.36171671748161316,0.012942874077725718,9.342351876974776e-17,0.002573690377175808,-1.7355688018704827e-18
1.167,0.3,0.36174482107162476,0.012942874077725718,9.52320664610337e-17,0.0025745374150574207,-1.94387413540534e-18
1.168,0.3,0.36177119612693787,0.012942874077725718,9.700584609681281e-17,0.0025753809604793787,-2.1483968467621752e-18
1.169,0.3,0.3617958724498749,0.012942874077725718,9.874075486124683e-17,0.002576220780611038,-2.3351989996717174e-18
1.17,0.3,0.3618188500404358,0.012942874077725718,1.0044505794301638e-16,0.0025770568754523993,-2.4688467924628867e-18
1.171,0.3,0.361840158700943,0.012942874077725718,1.0211075485123687e-16,0.0025778894778341055,-2.533534106612635e-18
1.172,0.3,0.3618597984313965,0.012942874077725718,1.0371698078213724e-16,0.0025787181220948696,-2.5488850750391387e-18
1.173,0.3,0.36187776923179626,0.012942874077725718,1.0524715241879703e-16,0.002579543273895979,-2.5484682265175723e-18
1.174,0.3,0.36189407110214233,0.012942874077725718,1.0670917099042735e-16,0.002580364467576146,-2.5108555366198496e-18
1.175,0.3,0.3619087040424347,0.012942874077725718,1.0808293931686562e-16,0.0025811821687966585,-2.4537803479215834e-18
1.176,0.3,0.3619216978549957,0.012942874077725718,1.093523306848895e-16,0.0025819961447268724,-2.3968133741050936e-18
1.177,0.3,0.3619330823421478,0.012942874077725718,1.1052326770768486e-16,0.0025828061625361443,-2.3241122320670747e-18
1.178,0.3,0.3619427978992462,0.012942874077725718,1.1159022481875986e-16,0.0025836124550551176,-2.2515214337250076e-18
1.179,0.3,0.3619508743286133,0.012942874077725718,1.1254636619753236e-16,0.002584415255114436,-2.198563835108582e-18
1.18,0.3,0.3619573712348938,0.012942874077725718,1.1338191126043952e-16,0.0025852140970528126,-2.2182528090885614e-18
1.181,0.3,0.361962229013443,0.012942874077725718,1.141208548626903e-16,0.0025860092137008905,-2.308700125541735e-18
1.182,0.3,0.36196547746658325,0.012942874077725718,1.1479766065732608e-16,0.0025868003722280264,-2.4259864858310537e-18
1.183,0.3,0.36196714639663696,0.012942874077725718,1.154345103196531e-16,0.0025875880382955074,-2.5858966812294377e-18
1.184,0.3,0.36196720600128174,0.012942874077725718,1.160553590002109e-16,0.0025883717462420464,-2.79875769289531e-18
1.185,0.3,0.36196568608283997,0.012942874077725718,1.1667720029750377e-16,0.002589151728898287,-3.055948556936691e-18
1.186,0.3,0.36196255683898926,0.012942874077725718,1.1732220265194812e-16,0.002589927753433585,-3.3854657694231402e-18
1.187,0.3,0.3619579076766968,0.012942874077725718,1.180191122441914e-16,0.0025907002855092287,-3.77141160637429e-18
1.188,0.3,0.36195164918899536,0.012942874077725718,1.1879221509701816e-16,0.00259146885946393,-4.210131337326228e-18
1.189,0.3,0.3619438707828522,0.012942874077725718,1.196399362585421e-16,0.0025922334752976894,-4.743727000755475e-18
1.19,0.3,0.36193451285362244,0.012942874077725718,1.205869190935724e-16,0.0025929943658411503,-5.30343688535288e-18
1.191,0.3,0.36192360520362854,0.012942874077725718,1.21628650504687e-16,0.0025937515310943127,-5.862962459519891e-18
1.192,0.3,0.36191117763519287,0.012942874077725718,1.2276244380925627e-16,0.002594504738226533,-6.4292274013024075e-18
1.193,0.3,0.36189723014831543,0.012942874077725718,1.2396493942678176e-16,0.0025952542200684547,-7.002273689116524e-18
1.194,0.3,0.3618817627429962,0.012942874077725718,1.2522505975450014e-16,0.0025959997437894344,-7.548683340289441e-18
1.195,0.3,0.36186474561691284,0.012942874077725718,1.2651941874213332e-16,0.0025967415422201157,-8.056211716780866e-18
1.196,0.3,0.3618462383747101,0.012942874077725718,1.2784728847074225e-16,0.0025974793825298548,-8.475605797181986e-18
1.197,0.3,0.36182624101638794,0.012942874077725718,1.2915435295258424e-16,0.0025982134975492954,-8.893184154722247e-18
1.198,0.3,0.361804723739624,0.012942874077725718,1.3046660551122816e-16,0.0025989438872784376,-9.224469196864311e-18
1.199,0.3,0.3617817461490631,0.012942874077725718,1.3175989247278747e-16,0.002599670086055994,-9.485351372737734e-18
1.2,0.3,0.3617572784423828,0.012942874077725718,1.330208465985633e-16,0.0026003927923738956,-9.661783479082495e-18
1.201,0.3,0.36173132061958313,0.012942874077725718,1.342345256979705e-16,0.0026011113077402115,-9.757295906665038e-18
1.202,0.3,0.36170390248298645,0.012942874077725718,1.3538938894710274e-16,0.0026018263306468725,-9.791235614579177e-18
1.203,0.3,0.36167505383491516,0.012942874077725718,1.3650293287027673e-16,0.002602537162601948,-9.72844508469148e-18
1.204,0.3,0.3616447150707245,0.012942874077725718,1.3755740948026953e-16,0.0026032442692667246,-9.605832734474217e-18
1.205,0.3,0.3616129457950592,0.012942874077725718,1.3855639219732737e-16,0.002603947650641203,-9.439234169782425e-18
1.206,0.3,0.3615797460079193,0.012942874077725718,1.3949849135802116e-16,0.002604647073894739,-9.258599974109477e-18
1.207,0.3,0.3615450859069824,0.012942874077725718,1.4038840534823021e-16,0.0026053425390273333,-9.06392408974846e-18
1.208,0.3,0.3615090250968933,0.012942874077725718,1.4123599416085615e-16,0.0026060340460389853,-8.841074697362302e-18
1.209,0.3,0.3614715337753296,0.012942874077725718,1.4204997958827773e-16,0.0026067220605909824,-8.591752498191529e-18
1.21,0.3,0.36143264174461365,0.012942874077725718,1.4281567090281602e-16,0.002607405884191394,-8.395149427993377e-18
1.211,0.3,0.3613923490047455,0.012942874077725718,1.4354127373614753e-16,0.002608085982501507,-8.267074575786102e-18
1.212,0.3,0.3613506555557251,0.012942874077725718,1.4426547367116016e-16,0.0026087621226906776,-8.13902140141523e-18
1.213,0.3,0.3613075911998749,0.012942874077725718,1.4498187825608008e-16,0.00260943453758955,-8.028528599196451e-18
1.214,0.3,0.36126312613487244,0.012942874077725718,1.4570147244944202e-16,0.0026101029943674803,-7.918050482956028e-18
1.215,0.3,0.3612172603607178,0.012942874077725718,1.4642429595591535e-16,0.002610767725855112,-7.80758706208892e-18
1.216,0.3,0.36117005348205566,0.012942874077725718,1.471502428963817e-16,0.0026114284992218018,-7.697138346179486e-18
1.217,0.3,0.3611215054988861,0.012942874077725718,1.4787939268017983e-16,0.0026120853144675493,-7.58670434482339e-18
1.218,0.3,0.3610715866088867,0.012942874077725718,1.4861173207241998e-16,0.0026127384044229984,-7.476285067476127e-18
1.219,0.3,0.3610202968120575,0.012942874077725718,1.4934719489865313e-16,0.0026133875362575054,-7.365880523618506e-18
1.22,0.3,0.3609676957130432,0.012942874077725718,1.5008583409843848e-16,0.002614032942801714,-7.255490722908368e-18
1.221,0.3,0.3609137535095215,0.012942874077725718,1.508333406743904e-16,0.0026146743912249804,-7.129273156908773e-18
1.222,0.3,0.3608584702014923,0.012942874077725718,1.5157825321194136e-16,0.0026153121143579483,-7.018915540938222e-18
1.223,0.3,0.36080190539360046,0.012942874077725718,1.523263024183751e-16,0.002615945879369974,-6.908572696663875e-18
1.224,0.3,0.36074399948120117,0.012942874077725718,1.5307748829369167e-16,0.002616575686261058,-6.798244633756191e-18
1.225,0.3,0.3606847822666168,0.012942874077725718,1.5383178436811142e-16,0.002617201767861843,-6.687931361897999e-18
1.226,0.3,0.3606242835521698,0.012942874077725718,1.5459492134891814e-16,0.00261782412417233,-6.561790332649991e-18
1.227,0.3,0.3605625033378601,0.012942874077725718,1.553554642913239e-16,0.0026184425223618746,-6.4515093413404405e-18
1.228,0.3,0.36049941182136536,0.012942874077725718,1.5611337349065929e-16,0.002619056962430477,-6.357085744052059e-18
1.229,0.3,0.3604350686073303,0.012942874077725718,1.5687437965420807e-16,0.002619667910039425,-6.262674315670932e-18
1.23,0.3,0.3603694438934326,0.012942874077725718,1.5763849601686006e-16,0.002620274666696787,-6.168275066601305e-18
1.231,0.3,0.36030256748199463,0.012942874077725718,1.5839485673408874e-16,0.0026208776980638504,-6.1039476892235764e-18
1.232,0.3,0.36023440957069397,0.012942874077725718,1.5912861225953758e-16,0.0026214770041406155,-6.098136581335523e-18
1.233,0.3,0.3601650297641754,0.012942874077725718,1.598418537057951e-16,0.0026220723520964384,-6.106562697310722e-18
1.234,0.3,0.3600943982601166,0.012942874077725718,1.6054084117573712e-16,0.002622663974761963,-6.099160061930011e-18
1.235,0.3,0.36002251505851746,0.012942874077725718,1.611988137221863e-16,0.002623251872137189,-6.150313347852439e-18
1.236,0.3,0.3599494397640228,0.012942874077725718,1.6181735953191875e-16,0.002623835811391473,-6.2173271224718026e-18
1.237,0.3,0.3598751127719879,0.012942874077725718,1.6239766974501655e-16,0.0026244160253554583,-6.296992928456118e-18
1.238,0.3,0.3597995936870575,0.012942874077725718,1.629351518547188e-16,0.0026249922811985016,-6.3766790693746925e-18
1.239,0.3,0.3597228527069092,0.012942874077725718,1.634202105659199e-16,0.0026255648117512465,-6.4832845222789525e-18
1.24,0.3,0.35964491963386536,0.012942874077725718,1.6384417702580028e-16,0.002626133617013693,-6.60257591987949e-18
1.241,0.3,0.3595658242702484,0.012942874077725718,1.6420251166715825e-16,0.002626698696985841,-6.721899082079095e-18
1.242,0.3,0.3594855070114136,0.012942874077725718,1.6450499507355664e-16,0.0026272598188370466,-6.814321438852348e-18
1.243,0.3,0.3594040274620056,0.012942874077725718,1.6475023758156637e-16,0.002627817215397954,-6.922611380384056e-18
1.244,0.3,0.35932135581970215,0.012942874077725718,1.6495946795442798e-16,0.002628370886668563,-6.988126353705858e-18
1.245,0.3,0.35923752188682556,0.012942874077725718,1.6513576992146508e-16,0.0026289208326488733,-7.040963564026116e-18
1.246,0.3,0.35915255546569824,0.012942874077725718,1.652890299453589e-16,0.0026294670533388853,-7.079540773525245e-18
1.247,0.3,0.3590664267539978,0.012942874077725718,1.654182289395948e-16,0.002630009315907955,-7.119695776316733e-18
1.248,0.3,0.35897913575172424,0.012942874077725718,1.6553320042729476e-16,0.0026305480860173702,-7.14714085151007e-18
1.249,0.3,0.35889074206352234,0.012942874077725718,1.6564316912665e-16,0.002631082898005843,-7.161863727159082e-18
1.25,0.3,0.3588011860847473,0.012942874077725718,1.6575739946052113e-16,0.0026316139847040176,-7.163852214795661e-18
1.2510000000000001,0.3,0.35871052742004395,0.012942874077725718,1.6587491204706286e-16,0.0026321413461118937,-7.18167606320125e-18
1.252,0.3,0.35861876606941223,0.012942874077725718,1.6602240165900352e-16,0.002632664982229471,-7.14076371131864e-18
1.2530000000000001,0.3,0.3585258722305298,0.012942874077725718,1.661983330491262e-16,0.002633185125887394,-7.083997882230875e-18
1.254,0.3,0.358431875705719,0.012942874077725718,1.6639131097731237e-16,0.0026337013114243746,-7.043066825865956e-18
1.2550000000000001,0.3,0.35833680629730225,0.012942874077725718,1.6661261156967236e-16,0.0026342137716710567,-6.986282421492524e-18
1.256,0.3,0.35824063420295715,0.012942874077725718,1.668519513168309e-16,0.0026347225066274405,-6.942264503479824e-18
1.2570000000000001,0.3,0.3581433594226837,0.012942874077725718,1.6711029636574346e-16,0.0026352277491241693,-6.882400837729579e-18
1.258,0.3,0.3580450415611267,0.012942874077725718,1.673825115791673e-16,0.0026357292663306,-6.821009631053985e-18
1.2590000000000001,0.3,0.35794565081596375,0.012942874077725718,1.6765258274044342e-16,0.002636226825416088,-6.7897836761620135e-18
1.26,0.3,0.3578451871871948,0.012942874077725718,1.6791696289910517e-16,0.0026367208920419216,-6.785684048964299e-18
1.2610000000000001,0.3,0.35774368047714233,0.012942874077725718,1.6816585823669993e-16,0.0026372114662081003,-6.7974348514742914e-18
1.262,0.3,0.3576411306858063,0.012942874077725718,1.6840495975584206e-16,0.002637698082253337,-6.809190585836167e-18
1.2630000000000001,0.3,0.35753753781318665,0.012942874077725718,1.68628589688807e-16,0.0026381812058389187,-6.836794044555046e-18
1.264,0.3,0.35743293166160583,0.012942874077725718,1.6884811680593367e-16,0.002638660604134202,-6.8485568894966326e-18
1.2650000000000001,0.3,0.35732728242874146,0.012942874077725718,1.6906355434211188e-16,0.0026391365099698305,-6.8444817441108476e-18
1.266,0.3,0.3572205901145935,0.012942874077725718,1.692636129363415e-16,0.0026396086905151606,-6.8562569128675386e-18
1.2670000000000001,0.3,0.35711291432380676,0.012942874077725718,1.6945962165429207e-16,0.002640077145770192,-6.852194019390946e-18
1.268,0.3,0.35700422525405884,0.012942874077725718,1.696459291980186e-16,0.002640542108565569,-6.848138539356651e-18
1.2690000000000001,0.3,0.3568945527076721,0.012942874077725718,1.6981689750446597e-16,0.002641003578901291,-6.859933302063038e-18
1.27,0.3,0.3567838668823242,0.012942874077725718,1.6997255304341375e-16,0.0026414613239467144,-6.887575625441515e-18
1.2710000000000001,0.3,0.3566722273826599,0.012942874077725718,1.7011860005236611e-16,0.0026419153437018394,-6.915219956409361e-18
1.272,0.3,0.3565595746040344,0.012942874077725718,1.702760290665472e-16,0.0026423658709973097,-6.883935345821835e-18
1.2730000000000001,0.3,0.35644596815109253,0.012942874077725718,1.7044179606130283e-16,0.002642812905833125,-6.8412407168386464e-18
1.274,0.3,0.35633137822151184,0.012942874077725718,1.7063588572023227e-16,0.002643256215378642,-6.769801934253814e-18
1.2750000000000001,0.3,0.35621586441993713,0.012942874077725718,1.7086752276152672e-16,0.0026436960324645042,-6.669610935199663e-18
1.276,0.3,0.35609936714172363,0.012942874077725718,1.711510008661711e-16,0.0026441323570907116,-6.526284078213791e-18
1.2770000000000001,0.3,0.3559819459915161,0.012942874077725718,1.714846921427199e-16,0.002644565189257264,-6.3829460894268245e-18
1.278,0.3,0.3558635711669922,0.012942874077725718,1.718685436516139e-16,0.0026449942961335182,-6.239597128007441e-18
1.2790000000000001,0.3,0.35574430227279663,0.012942874077725718,1.723208857152273e-16,0.002645420143380761,-6.044335605443097e-18
1.28,0.3,0.35562407970428467,0.012942874077725718,1.7282109837525036e-16,0.0026458422653377056,-5.815941274029352e-18
1.281,0.3,0.3555029332637787,0.012942874077725718,1.7336141275137e-16,0.0026462608948349953,-5.5630122703383365e-18
1.282,0.3,0.3553808927536011,0.012942874077725718,1.7390070804097497e-16,0.00264667603187263,-5.3230691610938035e-18
1.283,0.3,0.35525795817375183,0.012942874077725718,1.7443534464937004e-16,0.00264708767645061,-5.080279332490937e-18
1.284,0.3,0.35513409972190857,0.012942874077725718,1.749525509078974e-16,0.002647496061399579,-4.8447306882920476e-18
1.285,0.3,0.35500937700271606,0.012942874077725718,1.754174661168216e-16,0.0026479007210582495,-4.636618725993938e-18
1.286,0.3,0.35488376021385193,0.012942874077725718,1.758214478931027e-16,0.002648301888257265,-4.4415500566843484e-18
1.287,0.3,0.35475724935531616,0.012942874077725718,1.7614460419737002e-16,0.0026486997958272696,-4.289787774182387e-18
1.288,0.3,0.35462990403175354,0.012942874077725718,1.7638398364919796e-16,0.002649094210937619,-4.151086495383186e-18
1.289,0.3,0.3545016646385193,0.012942874077725718,1.765141355554995e-16,0.002649485133588314,-4.071558214737698e-18
1.29,0.3,0.3543725907802582,0.012942874077725718,1.7654337142706958e-16,0.002649872563779354,-3.989262612728719e-18
1.291,0.3,0.3542426526546478,0.012942874077725718,1.7645655054997602e-16,0.0026502565015107393,-3.921475478557331e-18
1.292,0.3,0.3541118800640106,0.012942874077725718,1.762472540026654e-16,0.0026506371796131134,-3.873870505632281e-18
1.293,0.3,0.35398027300834656,0.012942874077725718,1.7592399181927968e-16,0.0026510145980864763,-3.862269051791362e-18
1.294,0.3,0.35384780168533325,0.012942874077725718,1.7551152647863623e-16,0.0026513885241001844,-3.856372624481868e-18
1.295,0.3,0.35371455550193787,0.012942874077725718,1.7502703686769658e-16,0.0026517589576542377,-3.860382483673856e-18
1.296,0.3,0.3535804748535156,0.012942874077725718,1.7448569017017247e-16,0.00265212613157928,-3.923190379318902e-18
1.297,0.3,0.35344555974006653,0.012942874077725718,1.7392557639891076e-16,0.0026524898130446672,-4.04193383491138e-18
1.298,0.3,0.35330986976623535,0.012942874077725718,1.7338659874666101e-16,0.0026528502348810434,-4.182082630684351e-18
1.299,0.3,0.3531733751296997,0.012942874077725718,1.7288819926654066e-16,0.0026532073970884085,-4.340816018646652e-18
1.3,0.3,0.3530360758304596,0.012942874077725718,1.7244607453785352e-16,0.0026535610668361187,-4.4994881729663796e-18
1.301,0.3,0.3528980016708374,0.012942874077725718,1.720479822875338e-16,0.0026539117097854614,-4.692567896124241e-18
1.302,0.3,0.35275915265083313,0.012942874077725718,1.717096190948853e-16,0.0026542586274445057,-4.901418304646119e-18
1.303,0.3,0.35261955857276917,0.012942874077725718,1.7141826623080943e-16,0.0026546025183051825,-5.161879770632304e-18
1.304,0.3,0.35247915983200073,0.012942874077725718,1.7119565538435916e-16,0.002654943149536848,-5.451170120318442e-18
1.305,0.3,0.3523380160331726,0.012942874077725718,1.710450158686459e-16,0.002655280288308859,-5.733470146849609e-18
1.306,0.3,0.3521961271762848,0.012942874077725718,1.709436498476612e-16,0.002655614400282502,-6.007432129093663e-18
1.307,0.3,0.3520534932613373,0.012942874077725718,1.7086973298812346e-16,0.0026559450197964907,-6.255873656184202e-18
1.308,0.3,0.3519101142883301,0.012942874077725718,1.7077928575122447e-16,0.0026562726125121117,-6.5118955919064715e-18
1.309,0.3,0.3517659902572632,0.012942874077725718,1.7066688183214586e-16,0.0026565969455987215,-6.71215744419197e-18
1.31,0.3,0.35162118077278137,0.012942874077725718,1.7050949252263417e-16,0.0026569177862256765,-6.8435903987225075e-18
1.311,0.3,0.3514755964279175,0.012942874077725718,1.7029380352354974e-16,0.002657235600054264,-6.891747852721192e-18
1.312,0.3,0.35132935643196106,0.012942874077725718,1.700107092307096e-16,0.0026575501542538404,-6.8435379004495884e-18
1.313,0.3,0.35118237137794495,0.012942874077725718,1.6965430688326255e-16,0.0026578616816550493,-6.7030554699235405e-18
1.314,0.3,0.3510347008705139,0.012942874077725718,1.692214598123258e-16,0.002658169949427247,-6.5060567492737745e-18
1.315,0.3,0.3508863151073456,0.012942874077725718,1.6874145682902863e-16,0.0026584749575704336,-6.235328488938656e-18
1.316,0.3,0.3507372736930847,0.012942874077725718,1.6822176241121871e-16,0.002658776706084609,-5.92254770908111e-18
1.317,0.3,0.35058751702308655,0.012942874077725718,1.6765782375680456e-16,0.002659075427800417,-5.633766991287167e-18
1.318,0.3,0.35043710470199585,0.012942874077725718,1.670875720599554e-16,0.0026593711227178574,-5.3399535597487106e-18
1.319,0.3,0.3502860367298126,0.012942874077725718,1.6653734475137493e-16,0.0026596635580062866,-5.071410572714036e-18
1.32,0.3,0.3501342833042145,0.012942874077725718,1.6606307247536153e-16,0.0026599527336657047,-4.760706797899814e-18
1.321,0.3,0.3499819040298462,0.012942874077725718,1.6566040095317071e-16,0.0026602388825267553,-4.4725380302040495e-18
1.322,0.3,0.349828839302063,0.012942874077725718,1.653482031376585e-16,0.0026605220045894384,-4.2187154931281424e-18
1.323,0.3,0.34967514872550964,0.012942874077725718,1.6513227591055766e-16,0.002660802099853754,-4.008408453742268e-18
1.324,0.3,0.34952083230018616,0.012942874077725718,1.6499393160746939e-16,0.0026610789354890585,-3.854810246558574e-18
1.325,0.3,0.34936586022377014,0.012942874077725718,1.6493070853889073e-16,0.002661352977156639,-3.6985441170295885e-18
1.326,0.3,0.349210262298584,0.012942874077725718,1.649129076121086e-16,0.0026616237591952085,-3.597697314799354e-18
1.327,0.3,0.3490540683269501,0.012942874077725718,1.6492794244692236e-16,0.0026618915144354105,-3.508725969175242e-18
1.328,0.3,0.348897248506546,0.012942874077725718,1.6496367664938465e-16,0.0026621560100466013,-3.4263670723865523e-18
1.329,0.3,0.3487398326396942,0.012942874077725718,1.6497026762450547e-16,0.0026624177116900682,-3.4008168902964872e-18
1.33,0.3,0.34858182072639465,0.012942874077725718,1.649347848849494e-16,0.0026626763865351677,-3.4030323830622787e-18
1.331,0.3,0.34842318296432495,0.012942874077725718,1.6483791872649699e-16,0.0026629320345818996,-3.4488666928296635e-18
1.332,0.3,0.3482639789581299,0.012942874077725718,1.6468115145680594e-16,0.0026631848886609077,-3.4947250530623595e-18
1.333,0.3,0.34810420870780945,0.012942874077725718,1.6446452278054565e-16,0.0026634344831109047,-3.540607272930103e-18
1.334,0.3,0.34794384241104126,0.012942874077725718,1.6418821798617334e-16,0.002663681283593178,-3.586513163640765e-18
1.335,0.3,0.3477829098701477,0.012942874077725718,1.638523561876972e-16,0.0026639250572770834,-3.632442536310129e-18
1.336,0.3,0.3476214110851288,0.012942874077725718,1.6346253574350302e-16,0.0026641658041626215,-3.662552012110003e-18
1.337,0.3,0.3474593758583069,0.012942874077725718,1.6301883606292957e-16,0.002664403524249792,-3.6768440511457764e-18
1.338,0.3,0.3472967743873596,0.012942874077725718,1.6252144243443408e-16,0.002664638450369239,-3.675321114039866e-18
1.339,0.3,0.3471336364746094,0.012942874077725718,1.6195939636926145e-16,0.0026648705825209618,-3.689672062521785e-18
1.34,0.3,0.34696993231773376,0.012942874077725718,1.613438548795138e-16,0.002665099687874317,-3.6882076489308e-18
1.341,0.3,0.34680572152137756,0.012942874077725718,1.6067495031408911e-16,0.0026653259992599487,-3.670930332739801e-18
1.342,0.3,0.3466409742832184,0.012942874077725718,1.599463431607728e-16,0.002665549283847213,-3.656256907841916e-18
1.343,0.3,0.3464757204055786,0.012942874077725718,1.5917840191496837e-16,0.002665769774466753,-3.6124911782115575e-18
1.344,0.3,0.34630993008613586,0.012942874077725718,1.583740779571014e-16,0.0026659872382879257,-3.5580339862491855e-18
1.345,0.3,0.3461436331272125,0.012942874077725718,1.5755875580580994e-16,0.0026662019081413746,-3.473189468052282e-18
1.346,0.3,0.3459768295288086,0.012942874077725718,1.567142507225076e-16,0.0026664137840270996,-3.4238840449608874e-18
1.347,0.3,0.34580954909324646,0.012942874077725718,1.5584350085273019e-16,0.002666622865945101,-3.4417847898551482e-18
1.348,0.3,0.34564176201820374,0.012942874077725718,1.549827830294218e-16,0.002666829153895378,-3.4622221644680305e-18
1.349,0.3,0.3454734981060028,0.012942874077725718,1.5414767471787807e-16,0.0026670326478779316,-3.4668040294859827e-18
1.35,0.3,0.3453047573566437,0.012942874077725718,1.5333261726438262e-16,0.0026672333478927612,-3.471376332690186e-18
1.351,0.3,0.34513550996780396,0.012942874077725718,1.525384841716623e-16,0.002667431253939867,-3.473408172656715e-18
1.352,0.3,0.3449658453464508,0.012942874077725718,1.5174458930695842e-16,0.0026676261331886053,-3.5058584920812735e-18
1.353,0.3,0.34479567408561707,0.012942874077725718,1.5095267967572465e-16,0.0026678184513002634,-3.5503609447802996e-18
1.354,0.3,0.3446250855922699,0.012942874077725718,1.501530143990676e-16,0.0026680082082748413,-3.594860186770858e-18
1.355,0.3,0.3444540202617645,0.012942874077725718,1.4934565965143623e-16,0.0026681949384510517,-3.639356191015762e-18
1.356,0.3,0.34428250789642334,0.012942874077725718,1.4853602850275913e-16,0.002668379107490182,-3.6680056703785886e-18
1.357,0.3,0.3441105782985687,0.012942874077725718,1.4771869464821793e-16,0.0026685602497309446,-3.696654509877129e-18
1.358,0.3,0.3439382016658783,0.012942874077725718,1.4689915056708e-16,0.002668739063665271,-3.709459415369843e-18
1.359,0.3,0.34376537799835205,0.012942874077725718,1.4607193024985756e-16,0.002668915083631873,-3.722266277986789e-18
1.36,0.3,0.34359216690063477,0.012942874077725718,1.4523704693144044e-16,0.0026690883096307516,-3.735075069668419e-18
1.361,0.3,0.34341850876808167,0.012942874077725718,1.4440410914182405e-16,0.0026692587416619062,-3.71993261230648e-18
1.362,0.3,0.3432444632053375,0.012942874077725718,1.4357739175041405e-16,0.0026694268453866243,-3.704790628271188e-18
1.363,0.3,0.34307000041007996,0.012942874077725718,1.427719295920242e-16,0.0026695921551436186,-3.645840568907506e-18
1.364,0.3,0.34289515018463135,0.012942874077725718,1.4199608711700868e-16,0.002669754670932889,-3.558921061150716e-18
1.365,0.3,0.3427199125289917,0.012942874077725718,1.412540862552139e-16,0.002669914625585079,-3.472002168597286e-18
1.366,0.3,0.3425442576408386,0.012942874077725718,1.405612927136987e-16,0.002670072019100189,-3.3400230541176988e-18
1.367,0.3,0.3423682451248169,0.012942874077725718,1.3991642270815236e-16,0.002670226851478219,-3.193437587966097e-18
1.368,0.3,0.3421918451786041,0.012942874077725718,1.3932315553793952e-16,0.002670378889888525,-3.0347055784386513e-18
1.369,0.3,0.3420150876045227,0.012942874077725718,1.3878571313290667e-16,0.0026705285999923944,-2.8918182980911157e-18
1.37,0.3,0.34183794260025024,0.012942874077725718,1.3832974470948784e-16,0.00267067551612854,-2.689236908165486e-18
1.371,0.3,0.3416604697704315,0.012942874077725718,1.3794944015106046e-16,0.0026708198711276054,-2.484209302479445e-18
1.372,0.3,0.34148260951042175,0.012942874077725718,1.376349659345025e-16,0.0026709618978202343,-2.2779665942051163e-18
1.373,0.3,0.3413044214248657,0.012942874077725718,1.373994643053862e-16,0.0026711011305451393,-2.018098831910277e-18
1.374,0.3,0.34112587571144104,0.012942874077725718,1.371980954570663e-16,0.002671237802132964,-1.7680070637705255e-18
1.375,0.3,0.3409470021724701,0.012942874077725718,1.3701762449974192e-16,0.0026713721454143524,-1.4984562936625867e-18
1.3760000000000001,0.3,0.3407677710056305,0.012942874077725718,1.3684500183206946e-16,0.0026715039275586605,-1.2070298695884888e-18
1.377,0.3,0.340588241815567,0.012942874077725718,1.3666126185696428e-16,0.0026716331485658884,-8.81547356026784e-19
1.3780000000000001,0.3,0.3404083847999573,0.012942874077725718,1.3644268765190327e-16,0.002671759808436036,-5.647041979758229e-19
1.379,0.3,0.34022819995880127,0.012942874077725718,1.361607712642554e-16,0.0026718841399997473,-2.5894053808789705e-19
1.3800000000000001,0.3,0.3400477170944214,0.012942874077725718,1.3579798969992434e-16,0.0026720059104263783,3.814790707418889e-20
1.381,0.3,0.3398669362068176,0.012942874077725718,1.3531977342675028e-16,0.0026721253525465727,3.0587224383032484e-19
1.3820000000000001,0.3,0.3396858274936676,0.012942874077725718,1.3470014235605416e-16,0.002672242233529687,4.942911721527938e-19
1.383,0.3,0.3395044505596161,0.012942874077725718,1.339613046329218e-16,0.002672356553375721,6.679946306493547e-19
1.3840000000000001,0.3,0.3393227756023407,0.012942874077725718,1.3306577904943718e-16,0.0026724685449153185,7.295193823924624e-19
1.385,0.3,0.33914080262184143,0.012942874077725718,1.320288519033203e-16,0.0026725782081484795,7.093751073982603e-19
1.3860000000000001,0.3,0.3389585614204407,0.012942874077725718,1.3085506276177286e-16,0.0026726853102445602,5.929370983690131e-19
1.387,0.3,0.3387760519981384,0.012942874077725718,1.2954349841739858e-16,0.0026727900840342045,3.6318564827245877e-19
1.3880000000000001,0.3,0.3385932743549347,0.012942874077725718,1.2811900075835366e-16,0.002672892529517412,6.528783489812686e-20
1.389,0.3,0.33841022849082947,0.012942874077725718,1.2659984716745308e-16,0.0026729926466941833,-3.019241523060598e-19
1.3900000000000001,0.3,0.33822691440582275,0.012942874077725718,1.2502658934704662e-16,0.0026730902027338743,-6.873184916816513e-19
1.391,0.3,0.33804336190223694,0.012942874077725718,1.2340280071738052e-16,0.0026731854304671288,-1.1079182980037652e-18
1.3920000000000001,0.3,0.33785954117774963,0.012942874077725718,1.2174045885372456e-16,0.0026732783298939466,-1.5696471692415587e-18
1.393,0.3,0.3376755118370056,0.012942874077725718,1.200892740021707e-16,0.0026733691338449717,-2.0348543056840795e-18
1.3940000000000001,0.3,0.3374912142753601,0.012942874077725718,1.184573856199465e-16,0.0026734573766589165,-2.5205575683885234e-18
1.395,0.3,0.3373067080974579,0.012942874077725718,1.1686852386446483e-16,0.0026735432911664248,-3.0108975233072868e-18
1.3960000000000001,0.3,0.33712196350097656,0.012942874077725718,1.1536779324016703e-16,0.00267362711019814,-3.4266440554142808e-18
1.397,0.3,0.33693698048591614,0.012942874077725718,1.1396779336214348e-16,0.0026737083680927753,-3.784820597983192e-18
1.3980000000000001,0.3,0.3367518186569214,0.012942874077725718,1.1267696809008713e-16,0.0026737875305116177,-4.128238107190163e-18
1.399,0.3,0.33656641840934753,0.012942874077725718,1.115112257615386e-16,0.0026738643646240234,-4.4228558253039196e-18
1.4000000000000001,0.3,0.33638080954551697,0.012942874077725718,1.1046644370832492e-16,0.0026739388704299927,-4.666334620205055e-18
1.401,0.3,0.3361949920654297,0.012942874077725718,1.0952284238763873e-16,0.0026740110479295254,-4.8757095815182684e-18
1.4020000000000001,0.3,0.3360089957714081,0.012942874077725718,1.0867136251741134e-16,0.002674081129953265,-5.049820344511339e-18
1.403,0.3,0.33582282066345215,0.012942874077725718,1.07903282305264e-16,0.002674149116501212,-5.172838551259937e-18
1.4040000000000001,0.3,0.3356364369392395,0.012942874077725718,1.0719395838638753e-16,0.002674214541912079,-5.276468534775503e-18
1.405,0.3,0.33544987440109253,0.012942874077725718,1.065195613416955e-16,0.0026742781046777964,-5.3900734480035825e-18
1.4060000000000001,0.3,0.33526313304901123,0.012942874077725718,1.0587247449210752e-16,0.0026743391063064337,-5.46730246794615e-18
1.407,0.3,0.3350762128829956,0.012942874077725718,1.0521331742302116e-16,0.0026743982452899218,-5.570381768702757e-18
1.408,0.3,0.33488914370536804,0.012942874077725718,1.0452394510051947e-16,0.0026744550559669733,-5.684641429799814e-18
1.409,0.3,0.33470189571380615,0.012942874077725718,1.0378631175235898e-16,0.0026745095383375883,-5.8089286161774236e-18
1.41,0.3,0.3345144987106323,0.012942874077725718,1.029864810395794e-16,0.002674562158063054,-5.9162117914795985e-18
1.411,0.3,0.33432695269584656,0.012942874077725718,1.021252404381239e-16,0.0026746124494820833,-5.990652970678174e-18
1.412,0.3,0.33413922786712646,0.012942874077725718,1.0118711836181525e-16,0.0026746606454253197,-6.065105007234149e-18
1.413,0.3,0.3339513838291168,0.012942874077725718,1.0016997075850575e-16,0.002674706745892763,-6.146507621948978e-18
1.414,0.3,0.3337634205818176,0.012942874077725718,9.911828671026093e-17,0.00267475051805377,-6.1850024250111074e-18
1.415,0.3,0.3335753083229065,0.012942874077725718,9.804495038230192e-17,0.0026747924275696278,-6.197583151677149e-18
1.416,0.3,0.3333870470523834,0.012942874077725718,9.697271255019638e-17,0.002674832008779049,-6.185393469948462e-18
1.417,0.3,0.3331986963748932,0.012942874077725718,9.590932224192271e-17,0.002674869727343321,-6.208341404276717e-18
1.418,0.3,0.333010196685791,0.012942874077725718,9.489501352247549e-17,0.0026749051176011562,-6.187196268459322e-18
1.419,0.3,0.3328216075897217,0.012942874077725718,9.394313377821887e-17,0.0026749386452138424,-6.1231065609393425e-18
1.42,0.3,0.3326328694820404,0.012942874077725718,9.306795022035816e-17,0.0026749700773507357,-6.02847035640881e-18
1.421,0.3,0.33244407176971436,0.012942874077725718,9.226901948008505e-17,0.002674999414011836,-5.91798760670605e-18
1.422,0.3,0.33225515484809875,0.012942874077725718,9.154094833980567e-17,0.0026750266551971436,-5.807504568927906e-18
1.423,0.3,0.3320661187171936,0.012942874077725718,9.088883223209337e-17,0.002675051800906658,-5.681178002563716e-18
1.424,0.3,0.3318770229816437,0.012942874077725718,9.0313677008573e-17,0.0026750750839710236,-5.535583190517911e-18
1.425,0.3,0.3316878378391266,0.012942874077725718,8.980633736039217e-17,0.002675096271559596,-5.356028682324117e-18
1.426,0.3,0.33149856328964233,0.012942874077725718,8.93683485347678e-17,0.0026751153636723757,-5.10969812736356e-18
1.427,0.3,0.3313091993331909,0.012942874077725718,8.896393662456817e-17,0.002675132593140006,-4.862261487525816e-18
1.428,0.3,0.3311197757720947,0.012942874077725718,8.859966613513452e-17,0.0026751477271318436,-4.5797590318122035e-18
1.429,0.3,0.33093026280403137,0.012942874077725718,8.826686821364728e-17,0.002675160998478532,-4.246360232142694e-18
1.43,0.3,0.33074072003364563,0.012942874077725718,8.793475188898479e-17,0.0026751721743494272,-3.9130171232480126e-18
1.431,0.3,0.3305510878562927,0.012942874077725718,8.760335024837155e-17,0.0026751814875751734,-3.579729694491522e-18
1.432,0.3,0.33036139607429504,0.012942874077725718,8.727784475116458e-17,0.0026751889381557703,-3.2306544947172265e-18
1.433,0.3,0.330171674489975,0.012942874077725718,8.694818349856015e-17,0.0026751942932605743,-2.896348997266847e-18
1.434,0.3,0.32998189330101013,0.012942874077725718,8.659440827673857e-17,0.002675197785720229,-2.6232123304220387e-18
1.435,0.3,0.3297920823097229,0.012942874077725718,8.620773111887208e-17,0.002675199182704091,-2.4101087836781117e-18
1.436,0.3,0.3296022415161133,0.012942874077725718,8.578887994389973e-17,0.0026751987170428038,-2.212890748178192e-18
1.437,0.3,0.3294123411178589,0.012942874077725718,8.531669878047486e-17,0.0026751963887363672,-2.0960569959784273e-18
1.438,0.3,0.3292224109172821,0.012942874077725718,8.481152965422137e-17,0.0026751921977847815,-2.012061574514691e-18
1.439,0.3,0.3290324807167053,0.012942874077725718,8.427360417571079e-17,0.0026751861441880465,-1.97448909780924e-18
1.44,0.3,0.32884252071380615,0.012942874077725718,8.368758310766392e-17,0.0026751782279461622,-2.016145309453947e-18
1.441,0.3,0.3286525309085846,0.012942874077725718,8.307955903532314e-17,0.0026751684490591288,-2.0577996547679173e-18
1.442,0.3,0.32846254110336304,0.012942874077725718,8.24440394794211e-17,0.0026751565746963024,-2.1164180715465412e-18
1.443,0.3,0.3282725512981415,0.012942874077725718,8.177974727309202e-17,0.0026751430705189705,-2.2100822187304894e-18
1.444,0.3,0.32808253169059753,0.012942874077725718,8.110689871050668e-17,0.0026751277036964893,-2.3195751534220313e-18
1.445,0.3,0.327892541885376,0.012942874077725718,8.042512983219558e-17,0.002675110474228859,-2.4460138059963116e-18
1.446,0.3,0.32770252227783203,0.012942874077725718,7.973391124256666e-17,0.0026750913821160793,-2.6052368725738415e-18
1.447,0.3,0.3275125324726105,0.012942874077725718,7.90371273817765e-17,0.0026750704273581505,-2.7994723197874386e-18
1.448,0.3,0.3273225724697113,0.012942874077725718,7.835420045060782e-17,0.0026750476099550724,-3.011748485699359e-18
1.449,0.3,0.32713261246681213,0.012942874077725718,7.769470589183154e-17,0.0026750231627374887,-3.240942891835538e-18
1.45,0.3,0.32694265246391296,0.012942874077725718,7.705732021646758e-17,0.002674996852874756,-3.505124189294767e-18
1.451,0.3,0.32675275206565857,0.012942874077725718,7.646210090000912e-17,0.0026749686803668737,-3.7850957811506705e-18
1.452,0.3,0.3265628516674042,0.012942874077725718,7.593592800364169e-17,0.002674938878044486,-3.998298545158771e-18
1.453,0.3,0.32637301087379456,0.012942874077725718,7.544859289139485e-17,0.002674907213076949,-4.194503853581625e-18
1.454,0.3,0.3261831998825073,0.012942874077725718,7.498985837600764e-17,0.0026748739182949066,-4.3906711710963425e-18
1.455,0.3,0.3259934186935425,0.012942874077725718,7.456518384952291e-17,0.002674838760867715,-4.569846627153275e-18
1.456,0.3,0.3258036971092224,0.012942874077725718,7.41750590028633e-17,0.002674801740795374,-4.7161913503987246e-18
1.457,0.3,0.3256140351295471,0.012942874077725718,7.382031101664136e-17,0.0026747630909085274,-4.812760289189579e-18
1.458,0.3,0.3254244029521942,0.012942874077725718,7.348684473321919e-17,0.0026747228112071753,-4.874300613803975e-18
1.459,0.3,0.3252348303794861,0.012942874077725718,7.316039294139146e-17,0.002674680668860674,-4.90193022953013e-18
1.46,0.3,0.32504531741142273,0.012942874077725718,7.282584139700561e-17,0.002674636896699667,-4.913714163476013e-18
1.461,0.3,0.32485589385032654,0.012942874077725718,7.248942373315785e-17,0.0026745914947241545,-4.890494895810549e-18
1.462,0.3,0.3246665298938751,0.012942874077725718,7.213693891309185e-17,0.0026745442301034927,-4.833387692645105e-18
1.463,0.3,0.3244772255420685,0.012942874077725718,7.175809019254256e-17,0.0026744953356683254,-4.7457132193241355e-18
1.464,0.3,0.324288010597229,0.012942874077725718,7.137848708327463e-17,0.0026744448114186525,-4.562997801042285e-18
1.465,0.3,0.3240988552570343,0.012942874077725718,7.098199625462081e-17,0.002674392657354474,-4.334992647113721e-18
1.466,0.3,0.32390978932380676,0.012942874077725718,7.058815902137206e-17,0.0026743386406451464,-4.030015316941927e-18
1.467,0.3,0.3237208425998688,0.012942874077725718,7.018674481371233e-17,0.0026742832269519567,-3.708146555480234e-18
1.468,0.3,0.32353195548057556,0.012942874077725718,6.977901094617269e-17,0.002674225950613618,-3.351346474470173e-18
1.469,0.3,0.3233431875705719,0.012942874077725718,6.93346759908888e-17,0.002674167277291417,-3.010454361553796e-18
1.47,0.3,0.323154479265213,0.012942874077725718,6.885379950486478e-17,0.002674106741324067,-2.6854674849051325e-18
1.471,0.3,0.32296591997146606,0.012942874077725718,6.833242425605015e-17,0.0026740445755422115,-2.3889319232690692e-18
1.472,0.3,0.3227774500846863,0.012942874077725718,6.775163758691952e-17,0.002673981012776494,-2.1366903786454155e-18
1.473,0.3,0.32258906960487366,0.012942874077725718,6.709118349863268e-17,0.0026739155873656273,-1.948970381869683e-18
1.474,0.3,0.322400838136673,0.012942874077725718,6.636127932611589e-17,0.0026738487649708986,-1.808819992298278e-18
1.475,0.3,0.32221269607543945,0.012942874077725718,6.555117172140596e-17,0.0026737803127616644,-1.750109328021641e-18
1.476,0.3,0.32202470302581787,0.012942874077725718,6.466515540624326e-17,0.0026737102307379246,-1.788665646825893e-18
1.477,0.3,0.32183679938316345,0.012942874077725718,6.370714790800884e-17,0.002673638518899679,-1.941407981016502e-18
1.478,0.3,0.32164904475212097,0.012942874077725718,6.270169994728329e-17,0.002673565177246928,-2.1755328119065793e-18
1.479,0.3,0.32146143913269043,0.012942874077725718,6.165814212137619e-17,0.0026734904386103153,-2.4910241167725467e-18
1.48,0.3,0.32127395272254944,0.012942874077725718,6.058647338953209e-17,0.002673414070159197,-2.8856808314183107e-18
1.481,0.3,0.321086585521698,0.012942874077725718,5.949517731611333e-17,0.0026733363047242165,-3.3332626271504912e-18
1.482,0.3,0.3208993971347809,0.012942874077725718,5.840231290825317e-17,0.002673256676644087,-3.84959849190227e-18
1.483,0.3,0.3207123279571533,0.012942874077725718,5.733603077655801e-17,0.002673175884410739,-4.418827932219349e-18
1.484,0.3,0.3205254077911377,0.012942874077725718,5.631432375371212e-17,0.002673093229532242,-5.0567802538624486e-18
1.485,0.3,0.3203386664390564,0.012942874077725718,5.5365253114815724e-17,0.0026730094105005264,-5.7475952788398185e-18
1.486,0.3,0.32015207409858704,0.012942874077725718,5.450739071898188e-17,0.002672923728823662,-6.5049241425838135e-18
1.487,0.3,0.3199656307697296,0.012942874077725718,5.3775726306121575e-17,0.002672836882993579,-7.262112713879366e-18
1.488,0.3,0.31977933645248413,0.012942874077725718,5.315886132739383e-17,0.002672748174518347,-8.054112964802611e-18
1.489,0.3,0.319593220949173,0.012942874077725718,5.268155826161603e-17,0.0026726583018898964,-8.845966213177408e-18
1.49,0.3,0.31940728425979614,0.012942874077725718,5.2359791620777804e-17,0.0026725667994469404,-9.586880561904441e-18
1.491,0.3,0.31922152638435364,0.012942874077725718,5.2184786672941185e-17,0.0026724739000201225,-1.025993739645316e-17
1.492,0.3,0.31903591752052307,0.012942874077725718,5.213778296181347e-17,0.002672379370778799,-1.086515203093108e-17
1.493,0.3,0.3188505172729492,0.012942874077725718,5.22115542375634e-17,0.0026722834445536137,-1.1366509266043832e-17
1.494,0.3,0.3186652958393097,0.012942874077725718,5.237360884572989e-17,0.0026721861213445663,-1.1749275633013097e-17
1.495,0.3,0.3184802532196045,0.012942874077725718,5.260014383700611e-17,0.002672087401151657,-1.1986129959104507e-17
1.496,0.3,0.3182953894138336,0.012942874077725718,5.287387444531216e-17,0.0026719870511442423,-1.2087519985771552e-17
1.497,0.3,0.31811073422431946,0.012942874077725718,5.315203212425659e-17,0.002671885536983609,-1.2071486718564259e-17
1.498,0.3,0.3179262578487396,0.012942874077725718,5.341766959744942e-17,0.0026717823930084705,-1.190420008608987e-17
1.499,0.3,0.3177419900894165,0.012942874077725718,5.360729909851598e-17,0.00267167785204947,-1.1669242350236672e-17
1.5,0.3,0.3175579309463501,0.012942874077725718,5.370626960444672e-17,0.0026715719141066074,-1.1355115909909208e-17
1.5010000000000001,0.3,0.3173740804195404,0.012942874077725718,5.371041212495439e-17,0.002671464579179883,-1.0975512113090847e-17
1.502,0.3,0.3171904385089874,0.012942874077725718,5.3620050914839095e-17,0.0026713558472692966,-1.0500920466444793e-17
1.5030000000000001,0.3,0.31700700521469116,0.012942874077725718,5.341563142442009e-17,0.0026712457183748484,-9.993648756818198e-18
1.504,0.3,0.3168237805366516,0.012942874077725718,5.309674998955845e-17,0.002671134192496538,-9.441103821276662e-18
1.5050000000000001,0.3,0.3166407644748688,0.012942874077725718,5.26514224175395e-17,0.0026710215024650097,-8.910990237568526e-18
1.506,0.3,0.31645798683166504,0.012942874077725718,5.2103984361984555e-17,0.0026709071826189756,-8.414820296155212e-18
1.5070000000000001,0.3,0.316275417804718,0.012942874077725718,5.1472862098218846e-17,0.0026707914657890797,-7.924141353741959e-18
1.508,0.3,0.3160930871963501,0.012942874077725718,5.0786662840546906e-17,0.0026706745848059654,-7.422025521391407e-18
1.5090000000000001,0.3,0.3159109950065613,0.012942874077725718,5.004997578700718e-17,0.0026705563068389893,-6.952763040221098e-18
1.51,0.3,0.3157291114330292,0.012942874077725718,4.928184925274554e-17,0.002670436631888151,-6.470976431283809e-18
1.5110000000000001,0.3,0.31554749608039856,0.012942874077725718,4.848051968869602e-17,0.002670315559953451,-6.026355209782793e-18
1.512,0.3,0.31536608934402466,0.012942874077725718,4.767345941736273e-17,0.0026701930910348892,-5.6052050013617726e-18
1.5130000000000001,0.3,0.31518492102622986,0.012942874077725718,4.68790483919566e-17,0.002670069457963109,-5.25181239584669e-18
1.514,0.3,0.31500402092933655,0.012942874077725718,4.6112106380332137e-17,0.002669944427907467,-4.9776935079413504e-18
1.5150000000000001,0.3,0.31482335925102234,0.012942874077725718,4.53815206109906e-17,0.0026698182336986065,-4.754383065605123e-18
1.516,0.3,0.31464293599128723,0.012942874077725718,4.468714880886664e-17,0.0026696904096752405,-4.6261676666427006e-18
1.5170000000000001,0.3,0.3144627809524536,0.012942874077725718,4.4053488754981616e-17,0.0026695616543293,-4.514891834085025e-18
1.518,0.3,0.3142828941345215,0.012942874077725718,4.34807290465152e-17,0.0026694312691688538,-4.434240725230548e-18
1.5190000000000001,0.3,0.31410324573516846,0.012942874077725718,4.2959492764043484e-17,0.0026692997198551893,-4.398975893337546e-18
1.52,0.3,0.3139238655567169,0.012942874077725718,4.247446052262199e-17,0.0026691670063883066,-4.42816583750643e-18
1.5210000000000001,0.3,0.31374475359916687,0.012942874077725718,4.2020897540424464e-17,0.002669032895937562,-4.551332536481681e-18
1.522,0.3,0.3135658800601959,0.012942874077725718,4.161366990741971e-17,0.002668897621333599,-4.706163568959812e-18
1.5230000000000001,0.3,0.31338730454444885,0.012942874077725718,4.125199676510947e-17,0.0026687609497457743,-4.894807101492917e-18
1.524,0.3,0.31320899724960327,0.012942874077725718,4.092652435512701e-17,0.002668623114004731,-5.176325005404905e-18
1.5250000000000001,0.3,0.3130309581756592,0.012942874077725718,4.064283118352337e-17,0.002668483881279826,-5.503171981507074e-18
1.526,0.3,0.31285321712493896,0.012942874077725718,4.0391920833956436e-17,0.002668343484401703,-5.874264952242302e-18
1.5270000000000001,0.3,0.31267574429512024,0.012942874077725718,4.017440211135704e-17,0.0026682019233703613,-6.243142961442485e-18
1.528,0.3,0.312498539686203,0.012942874077725718,3.996578716087117e-17,0.0026680591981858015,-6.6584134508872136e-18
1.5290000000000001,0.3,0.31232163310050964,0.012942874077725718,3.97822324742232e-17,0.0026679150760173798,-7.053467416631238e-18
1.53,0.3,0.31214502453804016,0.012942874077725718,3.959532274301072e-17,0.002667769556865096,-7.459996182848312e-18
1.5310000000000001,0.3,0.31196868419647217,0.012942874077725718,3.9406030731634084e-17,0.002667623106390238,-7.8157001844811e-18
1.532,0.3,0.31179267168045044,0.012942874077725718,3.918074643744404e-17,0.0026674754917621613,-8.183962494762333e-18
1.5330000000000001,0.3,0.3116169273853302,0.012942874077725718,3.8925438795740775e-17,0.0026673264801502228,-8.501407387601106e-18
1.534,0.3,0.31144148111343384,0.012942874077725718,3.86154313544906e-17,0.002667176304385066,-8.802956828044879e-18
1.5350000000000001,0.3,0.31126633286476135,0.012942874077725718,3.82511774086692e-17,0.002667024964466691,-9.087538060873854e-18
1.536,0.3,0.31109151244163513,0.012942874077725718,3.783375891051779e-17,0.0026668724603950977,-9.33715992995428e-18
1.537,0.3,0.3109169900417328,0.012942874077725718,3.7353355571804144e-17,0.0026667185593396425,-9.539210483370057e-18
1.538,0.3,0.3107427656650543,0.012942874077725718,3.680449807431806e-17,0.0026665637269616127,-9.711691317297703e-18
1.539,0.3,0.3105688691139221,0.012942874077725718,3.619197413944499e-17,0.0026664077304303646,-9.869375494926917e-18
1.54,0.3,0.3103952705860138,0.012942874077725718,3.551560840489508e-17,0.0026662503369152546,-1.0028108828494573e-17
1.541,0.3,0.31022197008132935,0.012942874077725718,3.479423081013249e-17,0.00266609201207757,-1.0142510569395162e-17
1.542,0.3,0.31004902720451355,0.012942874077725718,3.4036864241278935e-17,0.002665932523086667,-1.0228431466698766e-17
1.543,0.3,0.30987638235092163,0.012942874077725718,3.3252538201901055e-17,0.002665771869942546,-1.0301719702930336e-17
1.544,0.3,0.309704065322876,0.012942874077725718,3.245549012470211e-17,0.002665609819814563,-1.0361302306417976e-17
1.545,0.3,0.3095320761203766,0.012942874077725718,3.165531530478771e-17,0.002665446838364005,-1.040610650990187e-17
1.546,0.3,0.30936041474342346,0.012942874077725718,3.0861198755679654e-17,0.002665282692760229,-1.0421366393768401e-17
1.547,0.3,0.3091890811920166,0.012942874077725718,3.007715064898759e-17,0.0026651176158338785,-1.0424005659577214e-17
1.548,0.3,0.309018075466156,0.012942874077725718,2.9342471989975144e-17,0.002664951141923666,-1.0331583525283397e-17
1.549,0.3,0.3088473975658417,0.012942874077725718,2.8627711840112973e-17,0.002664783503860235,-1.0239176988389406e-17
1.55,0.3,0.308677077293396,0.012942874077725718,2.793772740395799e-17,0.00266461493447423,-1.013094255871044e-17
1.551,0.3,0.3085070848464966,0.012942874077725718,2.7262695084555517e-17,0.002664445200935006,-1.0038569946272134e-17
1.552,0.3,0.30833742022514343,0.012942874077725718,2.6613670977972935e-17,0.002664274303242564,-9.926067834346783e-18
1.553,0.3,0.30816811323165894,0.012942874077725718,2.5961384471054444e-17,0.0026641024742275476,-9.82835250152196e-18
1.554,0.3,0.3079991638660431,0.012942874077725718,2.529666874825173e-17,0.002663929481059313,-9.760189245707585e-18
1.555,0.3,0.3078305423259735,0.012942874077725718,2.4600889084725203e-17,0.0026637553237378597,-9.752184114894671e-18
1.556,0.3,0.3076622784137726,0.012942874077725718,2.3874209262236143e-17,0.002663580235093832,-9.758947444687547e-18
1.557,0.3,0.3074943721294403,0.012942874077725718,2.3087712700930923e-17,0.0026634037494659424,-9.859694102266014e-18
1.558,0.3,0.3073267936706543,0.012942874077725718,2.2260250846969627e-17,0.002663226565346122,-9.978418559966689e-18
1.559,0.3,0.3071596026420593,0.012942874077725718,2.1401139408410828e-17,0.0026630479842424393,-1.011511826120507e-17
1.56,0.3,0.306992769241333,0.012942874077725718,2.0514479546731562e-17,0.002662868704646826,-1.02867104807619e-17
1.561,0.3,0.30682626366615295,0.012942874077725718,1.9613521040983705e-17,0.0026626880280673504,-1.0495343027840966e-17
1.562,0.3,0.30666014552116394,0.012942874077725718,1.8730767126156914e-17,0.0026625064201653004,-1.071040071682886e-17
1.563,0.3,0.3064943850040436,0.012942874077725718,1.7909447915424437e-17,0.0026623238809406757,-1.0881123686139203e-17
1.564,0.3,0.30632901191711426,0.012942874077725718,1.7158445674203868e-17,0.002662140177562833,-1.1023363896225969e-17
1.565,0.3,0.3061639666557312,0.012942874077725718,1.649213680154138e-17,0.0026619555428624153,-1.1134973124694247e-17
1.566,0.3,0.3059993088245392,0.012942874077725718,1.593502900462569e-17,0.0026617697440087795,-1.1150428439742134e-17
1.567,0.3,0.3058350384235382,0.012942874077725718,1.547711670676736e-17,0.002661583013832569,-1.1086666552985487e-17
1.568,0.3,0.3056711256504059,0.012942874077725718,1.5109507716381443e-17,0.0026613951195031404,-1.0972155029220218e-17
1.569,0.3,0.3055076003074646,0.012942874077725718,1.4807179819938212e-17,0.002661206293851137,-1.0842899472116874e-17
1.57,0.3,0.30534446239471436,0.012942874077725718,1.4580773868837548e-17,0.0026610165368765593,-1.06787473155221e-17
1.571,0.3,0.30518168210983276,0.012942874077725718,1.441178252405419e-17,0.002660825615748763,-1.0494468495133201e-17
1.572,0.3,0.3050192892551422,0.012942874077725718,1.4268112832182304e-17,0.0026606337632983923,-1.0334359913986125e-17
1.573,0.3,0.3048572838306427,0.012942874077725718,1.4117711544485462e-17,0.002660440979525447,-1.0197335737715559e-17
1.574,0.3,0.30469563603401184,0.012942874077725718,1.3918164147874395e-17,0.0026602470315992832,-1.0101389676684239e-17
1.575,0.3,0.3045344054698944,0.012942874077725718,1.3636371010137793e-17,0.0026600523851811886,-1.0064513721098376e-17
1.576,0.3,0.304373562335968,0.012942874077725718,1.3257858124917203e-17,0.0026598565746098757,-1.0074090589321793e-17
1.577,0.3,0.30421310663223267,0.012942874077725718,1.2776877414135994e-17,0.0026596595998853445,-1.013443048649445e-17
1.578,0.3,0.30405303835868835,0.012942874077725718,1.2216135812789359e-17,0.0026594619266688824,-1.0217079093218304e-17
1.579,0.3,0.30389338731765747,0.012942874077725718,1.1613456981566898e-17,0.002659263089299202,-1.028926860781407e-17
1.58,0.3,0.30373409390449524,0.012942874077725718,1.099747874045581e-17,0.0026590635534375906,-1.0332999046640989e-17
1.581,0.3,0.30357521772384644,0.012942874077725718,1.0382415361102206e-17,0.002658862853422761,-1.0347196082642172e-17
1.582,0.3,0.30341675877571106,0.012942874077725718,9.768215558308106e-18,0.0026586612220853567,-1.0362471784055331e-17
1.583,0.3,0.30325865745544434,0.012942874077725718,9.159170745091438e-18,0.002658458659425378,-1.0379907888297506e-17
1.584,0.3,0.3031010031700134,0.012942874077725718,8.578580944946593e-18,0.0026582549326121807,-1.0353056347381855e-17
1.585,0.3,0.30294373631477356,0.012942874077725718,8.022036458028052e-18,0.0026580505073070526,-1.0342054659176165e-17
1.586,0.3,0.30278685688972473,0.012942874077725718,7.499081294243453e-18,0.00265784515067935,-1.0315213197455093e-17
1.587,0.3,0.3026304244995117,0.012942874077725718,7.004856594674657e-18,0.0026576388627290726,-1.0288378153995147e-17
1.588,0.3,0.30247434973716736,0.012942874077725718,6.544095486786694e-18,0.0026574316434562206,-1.0245706056727785e-17
1.589,0.3,0.3023187220096588,0.012942874077725718,6.107156353359646e-18,0.0026572232600301504,-1.0218886604801219e-17
1.59,0.3,0.3021635115146637,0.012942874077725718,5.703565006327673e-18,0.0026570141781121492,-1.0176230175006674e-17
1.591,0.3,0.3020086884498596,0.012942874077725718,5.3236856187351455e-18,0.0026568041648715734,-1.0149426463632899e-17
1.592,0.3,0.30185431241989136,0.012942874077725718,4.9770365578907105e-18,0.002656593220308423,-1.0106785848329146e-17
1.593,0.3,0.30170032382011414,0.012942874077725718,4.658773854127258e-18,0.002656381344422698,-1.0064154516101732e-17
1.594,0.3,0.30154675245285034,0.012942874077725718,4.364716109448332e-18,0.0026561685372143984,-1.003520597701586e-17
1.595,0.3,0.30139362812042236,0.012942874077725718,4.076030075667325e-18,0.002655954798683524,-1.0051623503255014e-17
1.596,0.3,0.3012409210205078,0.012942874077725718,3.793009401901694e-18,0.002655740361660719,-1.0081711018609568e-17
1.597,0.3,0.3010886013507843,0.012942874077725718,3.506407449674015e-18,0.0026555247604846954,-1.0125464709631825e-17
1.598,0.3,0.3009367287158966,0.012942874077725718,3.2066653198256244e-18,0.002655308460816741,-1.018396727556392e-17
1.599,0.3,0.3007853031158447,0.012942874077725718,2.8850785907706274e-18,0.002655091229826212,-1.0270885055165485e-17
1.6,0.3,0.3006342649459839,0.012942874077725718,2.518307120754921e-18,0.002654873300343752,-1.0417897869310457e-17
1.601,0.3,0.30048370361328125,0.012942874077725718,2.097342499317497e-18,0.0026546542067080736,-1.0609149688188562e-17
1.602,0.3,0.30033352971076965,0.012942874077725718,1.6172959856405902e-18,0.0026544344145804644,-1.0815119931206499e-17
1.603,0.3,0.30018380284309387,0.012942874077725718,1.0780946844327192e-18,0.0026542136911302805,-1.1021050327145158e-17
1.604,0.3,0.3000344932079315,0.012942874077725718,4.751019381677946e-19,0.002653992036357522,-1.1242784307076188e-17
1.605,0.3,0.299885630607605,0.012942874077725718,-1.91558279459877e-19,0.0026537696830928326,-1.1480319157505203e-17
1.606,0.3,0.29973721504211426,0.012942874077725718,-9.084943279233685e-19,0.0026535463985055685,-1.168939138033217e-17
1.607,0.3,0.29958921670913696,0.012942874077725718,-1.6617506363131447e-18,0.00265332218259573,-1.1870008327004536e-17
1.608,0.3,0.2994416654109955,0.012942874077725718,-2.4373972763186593e-18,0.0026530970353633165,-1.2022177399558875e-17
1.609,0.3,0.2992945611476898,0.012942874077725718,-3.2215343049265714e-18,0.002652871422469616,-1.2145906050456751e-17
1.61,0.3,0.2991478741168976,0.012942874077725718,-3.995547883607753e-18,0.002652644645422697,-1.2225358284576347e-17
1.611,0.3,0.29900166392326355,0.012942874077725718,-4.745599694304499e-18,0.0026524171698838472,-1.2260544298099063e-17
1.612,0.3,0.29885587096214294,0.012942874077725718,-5.471102438781896e-18,0.002652188763022423,-1.2295726824145314e-17
1.613,0.3,0.29871052503585815,0.012942874077725718,-6.167372620411669e-18,0.0026519596576690674,-1.2315062394660269e-17
1.614,0.3,0.2985656261444092,0.012942874077725718,-6.843927779321853e-18,0.0026517296209931374,-1.2350240672181646e-17
1.615,0.3,0.298421174287796,0.012942874077725718,-7.491351291419145e-18,0.0026514988858252764,-1.2369572050941507e-17
1.616,0.3,0.2982771396636963,0.012942874077725718,-8.114423433463487e-18,0.0026512672193348408,-1.2388902696519468e-17
1.617,0.3,0.29813358187675476,0.012942874077725718,-8.713194663472248e-18,0.002651034854352474,-1.2408232636479907e-17
1.618,0.3,0.29799047112464905,0.012942874077725718,-9.29243285049618e-18,0.002650801558047533,-1.2443405390705353e-17
1.619,0.3,0.29784783720970154,0.012942874077725718,-9.847459460990686e-18,0.002650567563250661,-1.2478574849819718e-17
1.62,0.3,0.29770562052726746,0.012942874077725718,-1.0378322471431293e-17,0.002650332869961858,-1.251374104021892e-17
1.621,0.3,0.2975638508796692,0.012942874077725718,-1.0880353274440752e-17,0.00265009724535048,-1.253306049788333e-17
1.622,0.3,0.2974225580692291,0.012942874077725718,-1.1353610599842553e-17,0.0026498606894165277,-1.2536535894105078e-17
1.623,0.3,0.2972817122936249,0.012942874077725718,-1.1802855699242553e-17,0.0026496234349906445,-1.254001338818423e-17
1.624,0.3,0.29714134335517883,0.012942874077725718,-1.2228138203477503e-17,0.00264938548207283,-1.2543493005175237e-17
1.625,0.3,0.2970013916492462,0.012942874077725718,-1.263420943798591e-17,0.002649146830663085,-1.256281825712622e-17
1.6260000000000001,0.3,0.2968619167804718,0.012942874077725718,-1.3016406585654812e-17,0.002648907247930765,-1.2582143037604324e-17
1.627,0.3,0.2967229187488556,0.012942874077725718,-1.3369424110035292e-17,0.0026486669667065144,-1.2583423015047873e-17
1.6280000000000001,0.3,0.2965843677520752,0.012942874077725718,-1.3692824432583312e-17,0.0026484259869903326,-1.2533871022097898e-17
1.629,0.3,0.2964462637901306,0.012942874077725718,-1.4010565185380244e-17,0.0026481840759515762,-1.2467382259264038e-17
1.6300000000000001,0.3,0.29630863666534424,0.012942874077725718,-1.4332290467187843e-17,0.002647941466420889,-1.2400904027605347e-17
1.631,0.3,0.2961714565753937,0.012942874077725718,-1.4657994487741823e-17,0.0026476981583982706,-1.2334436320664805e-17
1.6320000000000001,0.3,0.2960347533226013,0.012942874077725718,-1.4982980515524107e-17,0.0026474539190530777,-1.2252135649968298e-17
1.633,0.3,0.29589852690696716,0.012942874077725718,-1.5316618852513695e-17,0.0026472092140465975,-1.2185691616366746e-17
1.6340000000000001,0.3,0.2957627475261688,0.012942874077725718,-1.5654214421553737e-17,0.0026469635777175426,-1.2119258087940074e-17
1.635,0.3,0.2956274449825287,0.012942874077725718,-1.5995755642115657e-17,0.002646717242896557,-1.2052835058424526e-17
1.6360000000000001,0.3,0.29549258947372437,0.012942874077725718,-1.6341232588032105e-17,0.00264647020958364,-1.1986422521561065e-17
1.637,0.3,0.29535821080207825,0.012942874077725718,-1.6685965071397254e-17,0.0026462224777787924,-1.1904176993113359e-17
1.6380000000000001,0.3,0.29522430896759033,0.012942874077725718,-1.703929857877173e-17,0.00264597381465137,-1.1837788066022857e-17
1.639,0.3,0.2950908839702606,0.012942874077725718,-1.7401224838349407e-17,0.0026457246858626604,-1.1787253088738225e-17
1.6400000000000001,0.3,0.2949579060077667,0.012942874077725718,-1.7767052081695884e-17,0.002645474625751376,-1.1736725934739714e-17
1.641,0.3,0.2948254346847534,0.012942874077725718,-1.8141443953104735e-17,0.002645223867148161,-1.170205007293618e-17
1.6420000000000001,0.3,0.2946934103965759,0.012942874077725718,-1.851505000293166e-17,0.0026449724100530148,-1.1651535905211686e-17
1.643,0.3,0.29456186294555664,0.012942874077725718,-1.889720082848626e-17,0.0026447204872965813,-1.1616873017276491e-17
1.6440000000000001,0.3,0.29443079233169556,0.012942874077725718,-1.928321789622393e-17,0.002644467633217573,-1.1582215286450829e-17
1.645,0.3,0.2943001985549927,0.012942874077725718,-1.966842763568375e-17,0.002644214080646634,-1.1531719236551273e-17
1.6460000000000001,0.3,0.2941700518131256,0.012942874077725718,-2.0057495345520516e-17,0.002643959829583764,-1.1481230977955868e-17
1.647,0.3,0.29404041171073914,0.012942874077725718,-2.0445750763995756e-17,0.002643704880028963,-1.1414907035843626e-17
1.6480000000000001,0.3,0.29391124844551086,0.012942874077725718,-2.0837852572319367e-17,0.002643449231982231,-1.1348593518431096e-17
1.649,0.3,0.2937825322151184,0.012942874077725718,-2.123378753560155e-17,0.0026431928854435682,-1.128229041999637e-17
1.6500000000000001,0.3,0.29365432262420654,0.012942874077725718,-2.1628900281354854e-17,0.0026429358404129744,-1.1200154268157236e-17
1.651,0.3,0.2935265898704529,0.012942874077725718,-2.2038123073997087e-17,0.0026426780968904495,-1.1153063634648691e-17
1.6520000000000001,0.3,0.2933993339538574,0.012942874077725718,-2.244725156804949e-17,0.0026424198877066374,-1.1139900836848157e-17
1.653,0.3,0.29327255487442017,0.012942874077725718,-2.2847383645759766e-17,0.0026421607472002506,-1.116177943839429e-17
1.6540000000000001,0.3,0.2931462526321411,0.012942874077725718,-2.3214741173239466e-17,0.0026419011410325766,-1.1184776346460217e-17
1.655,0.3,0.29302042722702026,0.012942874077725718,-2.355935785131886e-17,0.002641640603542328,-1.1258658921442556e-17
1.6560000000000001,0.3,0.29289510846138,0.012942874077725718,-2.3858148723462813e-17,0.002641379600390792,-1.1351735896673877e-17
1.657,0.3,0.29277023673057556,0.012942874077725718,-2.4111267645265265e-17,0.002641117898747325,-1.1511538633656262e-17
1.6580000000000001,0.3,0.2926458716392517,0.012942874077725718,-2.4304640965784236e-17,0.0026408557314425707,-1.1736940256405844e-17
1.659,0.3,0.29252198338508606,0.012942874077725718,-2.4442402933721268e-17,0.002640592632815242,-1.2073221735917495e-17
1.6600000000000001,0.3,0.2923985719680786,0.012942874077725718,-2.4501192314216636e-17,0.002640328835695982,-1.2440025985581342e-17
1.661,0.3,0.29227566719055176,0.012942874077725718,-2.4470583322829724e-17,0.002640064572915435,-1.2785327942795249e-17
1.6620000000000001,0.3,0.2921532094478607,0.012942874077725718,-2.4364254218169708e-17,0.0026397996116429567,-1.307631447649116e-17
1.663,0.3,0.29203125834465027,0.012942874077725718,-2.4214024984040277e-17,0.0026395341847091913,-1.3326582611445565e-17
1.6640000000000001,0.3,0.2919098138809204,0.012942874077725718,-2.4061870073444823e-17,0.0026392678264528513,-1.3553095343712516e-17
1.665,0.3,0.29178881645202637,0.012942874077725718,-2.3944407117739843e-17,0.002639001002535224,-1.3770565055066984e-17
1.666,0.3,0.2916683256626129,0.012942874077725718,-2.3875408674124344e-17,0.0026387334801256657,-1.3899764362982075e-17
1.667,0.3,0.29154834151268005,0.012942874077725718,-2.3905562716174353e-17,0.0026384652592241764,-1.398822663168327e-17
1.668,0.3,0.291428804397583,0.012942874077725718,-2.4053135046176263e-17,0.0026381965726614,-1.3972573059309023e-17
1.669,0.3,0.29130977392196655,0.012942874077725718,-2.4365043348474083e-17,0.0026379271876066923,-1.3887879591565962e-17
1.67,0.3,0.2911912500858307,0.012942874077725718,-2.4865351961448206e-17,0.0026376573368906975,-1.3738664586117519e-17
1.671,0.3,0.29107317328453064,0.012942874077725718,-2.5555652380597184e-17,0.0026373867876827717,-1.3515869752629365e-17
1.672,0.3,0.29095563292503357,0.012942874077725718,-2.6403909555158063e-17,0.002637115539982915,-1.3190087971693859e-17
1.673,0.3,0.2908385396003723,0.012942874077725718,-2.741465808924886e-17,0.002636843593791127,-1.2889225200162264e-17
1.674,0.3,0.29072195291519165,0.012942874077725718,-2.8542412975346505e-17,0.002636571181938052,-1.2584997111234169e-17
1.675,0.3,0.2906058728694916,0.012942874077725718,-2.975061944782106e-17,0.00263629830442369,-1.2327215866588668e-17
1.676,0.3,0.2904902696609497,0.012942874077725718,-3.0979750281070754e-17,0.0026360247284173965,-1.2118159663282419e-17
1.677,0.3,0.29037514328956604,0.012942874077725718,-3.2159187411840714e-17,0.0026357504539191723,-1.195330780057531e-17
1.678,0.3,0.29026052355766296,0.012942874077725718,-3.3249732405263275e-17,0.0026354757137596607,-1.187225766640479e-17
1.679,0.3,0.2901463806629181,0.012942874077725718,-3.422490224684694e-17,0.002635200275108218,-1.1846720867798097e-17
1.68,0.3,0.2900327444076538,0.012942874077725718,-3.50565397085404e-17,0.0026349243707954884,-1.189027012929616e-17
1.681,0.3,0.2899196147918701,0.012942874077725718,-3.572939157984819e-17,0.0026346477679908276,-1.2028903854774239e-17
1.682,0.3,0.28980693221092224,0.012942874077725718,-3.6211651111856403e-17,0.0026343706995248795,-1.2151702243601548e-17
1.683,0.3,0.28969478607177734,0.012942874077725718,-3.652106298306554e-17,0.002634093165397644,-1.231862621260645e-17
1.684,0.3,0.28958311676979065,0.012942874077725718,-3.6666573978980967e-17,0.0026338149327784777,-1.251154172914433e-17
1.685,0.3,0.28947192430496216,0.012942874077725718,-3.666603134849913e-17,0.0026335360016673803,-1.271117291226326e-17
1.686,0.3,0.28936123847961426,0.012942874077725718,-3.656192239660321e-17,0.0026332566048949957,-1.2935631269246929e-17
1.687,0.3,0.28925105929374695,0.012942874077725718,-3.6386397979341906e-17,0.0026329767424613237,-1.3199604901944683e-17
1.688,0.3,0.28914135694503784,0.012942874077725718,-3.614936110300871e-17,0.002632696181535721,-1.3425001427275065e-17
1.689,0.3,0.2890321612358093,0.012942874077725718,-3.589728939186175e-17,0.0026324151549488306,-1.367633469353107e-17
1.69,0.3,0.288923442363739,0.012942874077725718,-3.563300518615106e-17,0.002632133662700653,-1.3883354023013047e-17
1.691,0.3,0.2888152301311493,0.012942874077725718,-3.541388504188576e-17,0.0026318514719605446,-1.4068761919548914e-17
1.692,0.3,0.2887074947357178,0.012942874077725718,-3.525768687245615e-17,0.002631568815559149,-1.421441898949491e-17
1.693,0.3,0.28860026597976685,0.012942874077725718,-3.518877610998558e-17,0.002631285460665822,-1.4293219727857135e-17
1.694,0.3,0.2884935140609741,0.012942874077725718,-3.523030388545819e-17,0.0026310018729418516,-1.4338004530618034e-17
1.695,0.3,0.288387268781662,0.012942874077725718,-3.539650763157725e-17,0.0026307175867259502,-1.4366915490846463e-17
1.696,0.3,0.28828153014183044,0.012942874077725718,-3.569984137964534e-17,0.0026304328348487616,-1.4424038460030797e-17
1.697,0.3,0.2881762683391571,0.012942874077725718,-3.614576452170533e-17,0.002630147384479642,-1.4481126322990715e-17
1.698,0.3,0.28807151317596436,0.012942874077725718,-3.6725518869431495e-17,0.002629861468449235,-1.450879346666054e-17
1.699,0.3,0.2879672646522522,0.012942874077725718,-3.742570740562293e-17,0.0026295750867575407,-1.4493507587264477e-17
1.7,0.3,0.28786349296569824,0.012942874077725718,-3.823773076063154e-17,0.002629288239404559,-1.4470426209862435e-17
1.701,0.3,0.2877601981163025,0.012942874077725718,-3.90974526584824e-17,0.0026290009263902903,-1.4329811534757873e-17
1.702,0.3,0.2876574397087097,0.012942874077725718,-3.998704239389133e-17,0.0026287129148840904,-1.4138532156684026e-17
1.703,0.3,0.28755515813827515,0.012942874077725718,-4.0872853568262117e-17,0.0026284244377166033,-1.395652417901041e-17
1.704,0.3,0.2874533534049988,0.012942874077725718,-4.1707862618132346e-17,0.002628135494887829,-1.3748645726820532e-17
1.705,0.3,0.287352055311203,0.012942874077725718,-4.248271578513527e-17,0.002627846086397767,-1.3562439822238735e-17
1.706,0.3,0.2872512638568878,0.012942874077725718,-4.316048110928162e-17,0.002627556212246418,-1.3349223780268801e-17
1.707,0.3,0.28715094923973083,0.012942874077725718,-4.373128205405751e-17,0.0026272658724337816,-1.313837934677879e-17
1.708,0.3,0.28705114126205444,0.012942874077725718,-4.419000002583247e-17,0.0026269748341292143,-1.2943434863286112e-17
1.709,0.3,0.28695181012153625,0.012942874077725718,-4.453229398075181e-17,0.0026266835629940033,-1.2748544327167278e-17
1.71,0.3,0.28685298562049866,0.012942874077725718,-4.4758412072999306e-17,0.0026263915933668613,-1.2553707785258756e-17
1.711,0.3,0.28675466775894165,0.012942874077725718,-4.487145126678835e-17,0.0026260993909090757,-1.236896049474114e-17
1.712,0.3,0.28665682673454285,0.012942874077725718,-4.488497070671992e-17,0.002625806489959359,-1.2160280401786857e-17
1.713,0.3,0.28655946254730225,0.012942874077725718,-4.481400853633022e-17,0.0026255131233483553,-1.1866612582693014e-17
1.714,0.3,0.2864626348018646,0.012942874077725718,-4.4695066581689995e-17,0.0026252195239067078,-1.1534328553178312e-17
1.715,0.3,0.2863662838935852,0.012942874077725718,-4.4570556047166063e-17,0.0026249252259731293,-1.1214449839758339e-17
1.716,0.3,0.286270409822464,0.012942874077725718,-4.4454347097269714e-17,0.0026246304623782635,-1.0906969147453728e-17
1.717,0.3,0.28617504239082336,0.012942874077725718,-4.4360276809287733e-17,0.0026243352331221104,-1.0611879163669461e-17
1.718,0.3,0.28608018159866333,0.012942874077725718,-4.429795371321554e-17,0.00262403953820467,-1.0314496887389137e-17
1.719,0.3,0.2859857976436615,0.012942874077725718,-4.426683186984884e-17,0.002623743610456586,-9.98079520358993e-18
1.72,0.3,0.28589189052581787,0.012942874077725718,-4.428110569849906e-17,0.002623446984216571,-9.596099217157004e-18
1.721,0.3,0.28579849004745483,0.012942874077725718,-4.436458807464036e-17,0.002623150125145912,-9.195609984878033e-18
1.722,0.3,0.2857055962085724,0.012942874077725718,-4.4518817554212097e-17,0.0026228525675833225,-8.785186326690573e-18
1.723,0.3,0.28561317920684814,0.012942874077725718,-4.4732792635067314e-17,0.0026225547771900892,-8.40768037207839e-18
1.724,0.3,0.2855212688446045,0.012942874077725718,-4.497531537322296e-17,0.0026222565211355686,-7.970374106594733e-18
1.725,0.3,0.28542983531951904,0.012942874077725718,-4.5246031735376866e-17,0.0026219577994197607,-7.52081298648647e-18
1.726,0.3,0.2853389084339142,0.012942874077725718,-4.5544581070781955e-17,0.0026216586120426655,-7.106534536867383e-18
1.727,0.3,0.28524845838546753,0.012942874077725718,-4.5851888594512755e-17,0.002621358959004283,-6.70934345725975e-18
1.728,0.3,0.28515851497650146,0.012942874077725718,-4.6180709431614835e-17,0.002621058840304613,-6.390259027628989e-18
1.729,0.3,0.2850690484046936,0.012942874077725718,-4.653564601501644e-17,0.0026207584887742996,-6.149266405489596e-18
1.73,0.3,0.28498008847236633,0.012942874077725718,-4.692161510627858e-17,0.002620457438752055,-5.987529123419747e-18
1.731,0.3,0.28489160537719727,0.012942874077725718,-4.7315674023931493e-17,0.002620156155899167,-5.8246377871436346e-18
1.732,0.3,0.2848036289215088,0.012942874077725718,-4.77276099689829e-17,0.0026198544073849916,-5.678794514811691e-18
1.733,0.3,0.2847161293029785,0.012942874077725718,-4.817047254277644e-17,0.0026195524260401726,-5.6121906645504415e-18
1.734,0.3,0.28462910652160645,0.012942874077725718,-4.863870970904066e-17,0.002619249979034066,-5.605423662745717e-18
1.735,0.3,0.28454259037971497,0.012942874077725718,-4.91509859711172e-17,0.002618946833536029,-5.675504332722834e-18
1.736,0.3,0.2844565510749817,0.012942874077725718,-4.9698771442529416e-17,0.0026186436880379915,-5.7602265254625085e-18
1.737,0.3,0.284371018409729,0.012942874077725718,-5.0304310664310085e-17,0.0026183398440480232,-5.921774719692082e-18
1.738,0.3,0.2842859625816345,0.012942874077725718,-5.096006967544007e-17,0.0026180357672274113,-6.1015014519862286e-18
1.739,0.3,0.28420138359069824,0.012942874077725718,-5.1657396166712076e-17,0.002617731224745512,-6.301780392064043e-18
1.74,0.3,0.28411731123924255,0.012942874077725718,-5.235940119152868e-17,0.002617426449432969,-6.458054509743712e-18
1.741,0.3,0.28403371572494507,0.012942874077725718,-5.305221127665614e-17,0.002617120975628495,-6.570336646424379e-18
1.742,0.3,0.2839505970478058,0.012942874077725718,-5.37316441969174e-17,0.0026168155018240213,-6.6727049372611e-18
1.743,0.3,0.2838679850101471,0.012942874077725718,-5.4388134435708884e-17,0.0026165093295276165,-6.8127003018372644e-18
1.744,0.3,0.2837858498096466,0.012942874077725718,-5.497931049333318e-17,0.002616202924400568,-6.922187751208512e-18
1.745,0.3,0.2837042212486267,0.012942874077725718,-5.5505503242035315e-17,0.002615896053612232,-7.01820963662793e-18
1.746,0.3,0.2836230397224426,0.012942874077725718,-5.595727289666483e-17,0.0026155889499932528,-7.099578947581146e-18
1.747,0.3,0.28354236483573914,0.012942874077725718,-5.633013944702413e-17,0.002615281380712986,-7.166299996453961e-18
1.748,0.3,0.28346216678619385,0.012942874077725718,-5.662378194703555e-17,0.0026149735786020756,-7.23302563748376e-18
1.749,0.3,0.28338244557380676,0.012942874077725718,-5.683837245026651e-17,0.002614665310829878,-7.299755887788344e-18
1.75,0.3,0.28330323100090027,0.012942874077725718,-5.696956329541742e-17,0.002614356577396393,-7.350647416201806e-18
1.7510000000000001,0.3,0.283224493265152,0.012942874077725718,-5.702582481196083e-17,0.002614047611132264,-7.414994389704314e-18
1.752,0.3,0.2831462323665619,0.012942874077725718,-5.70206830572732e-17,0.002613738412037492,-7.50743567723741e-18
1.7530000000000001,0.3,0.28306844830513,0.012942874077725718,-5.69770807128243e-17,0.0026134285144507885,-7.65964770277911e-18
1.754,0.3,0.2829911410808563,0.012942874077725718,-5.689450823535681e-17,0.002613118616864085,-7.820483706320087e-18
1.7550000000000001,0.3,0.28291431069374084,0.012942874077725718,-5.680938142415775e-17,0.0026128082536160946,-8.020416423046637e-18
1.756,0.3,0.28283798694610596,0.012942874077725718,-5.673779390522496e-17,0.0026124976575374603,-8.202064158435123e-18
1.7570000000000001,0.3,0.2827621400356293,0.012942874077725718,-5.670206632020757e-17,0.0026121865957975388,-8.411753051329296e-18
1.758,0.3,0.2826867401599884,0.012942874077725718,-5.670804849039756e-17,0.00261187506839633,-8.621398498126179e-18
1.7590000000000001,0.3,0.2826118469238281,0.012942874077725718,-5.675912193013903e-17,0.002611563540995121,-8.843228646235104e-18
1.76,0.3,0.28253743052482605,0.012942874077725718,-5.686903768993508e-17,0.002611251315101981,-9.077235824142495e-18
1.7610000000000001,0.3,0.2824634909629822,0.012942874077725718,-5.705603344793126e-17,0.0026109390892088413,-9.339255688711797e-18
1.762,0.3,0.2823899984359741,0.012942874077725718,-5.733033977394365e-17,0.002610626397654414,-9.617058216104075e-18
1.7630000000000001,0.3,0.28231701254844666,0.012942874077725718,-5.768286429867905e-17,0.0026103134732693434,-9.878954093383348e-18
1.764,0.3,0.2822445034980774,0.012942874077725718,-5.810965640753191e-17,0.0026100000832229853,-1.0111522158599994e-17
1.7650000000000001,0.3,0.28217247128486633,0.012942874077725718,-5.860578610405141e-17,0.0026096864603459835,-1.0330614398411378e-17
1.766,0.3,0.2821008861064911,0.012942874077725718,-5.915295615308789e-17,0.002609372604638338,-1.0504550175064511e-17
1.7670000000000001,0.3,0.28202980756759644,0.012942874077725718,-5.974660713510495e-17,0.0026090582832694054,-1.0650396716770296e-17
1.768,0.3,0.2819591760635376,0.012942874077725718,-6.037246522145237e-17,0.002608743729069829,-1.0766950842392655e-17
1.7690000000000001,0.3,0.28188905119895935,0.012942874077725718,-6.102978264085641e-17,0.002608428942039609,-1.088469338629674e-17
1.77,0.3,0.2818193733692169,0.012942874077725718,-6.171871821199467e-17,0.0026081139221787453,-1.1020684786506837e-17
1.7710000000000001,0.3,0.2817501723766327,0.012942874077725718,-6.242205996068116e-17,0.0026077984366565943,-1.1146888261511541e-17
1.772,0.3,0.28168144822120667,0.012942874077725718,-6.312390616682015e-17,0.0026074827183037996,-1.1288914946729093e-17
1.7730000000000001,0.3,0.28161317110061646,0.012942874077725718,-6.381602472895552e-17,0.0026071667671203613,-1.1417512104597571e-17
1.774,0.3,0.28154540061950684,0.012942874077725718,-6.448886005665106e-17,0.0026068503502756357,-1.153146655604477e-17
1.7750000000000001,0.3,0.28147807717323303,0.012942874077725718,-6.512957430679993e-17,0.0026065337006002665,-1.1601536354812687e-17
1.776,0.3,0.28141123056411743,0.012942874077725718,-6.572438995911946e-17,0.002606217050924897,-1.1627734533263609e-17
1.7770000000000001,0.3,0.28134483098983765,0.012942874077725718,-6.626738440042377e-17,0.0026058999355882406,-1.1638094546223186e-17
1.778,0.3,0.28127890825271606,0.012942874077725718,-6.675868997961087e-17,0.0026055823545902967,-1.1632619044145857e-17
1.7790000000000001,0.3,0.2812134623527527,0.012942874077725718,-6.720660497258588e-17,0.002605264773592353,-1.1640549354959537e-17
1.78,0.3,0.2811484932899475,0.012942874077725718,-6.761017646728315e-17,0.0026049469597637653,-1.1625293140237376e-17
1.7810000000000001,0.3,0.28108397126197815,0.012942874077725718,-6.801157082260819e-17,0.0026046286802738905,-1.1638050383933615e-17
1.782,0.3,0.2810198962688446,0.012942874077725718,-6.840582495488566e-17,0.002604310167953372,-1.161175700290886e-17
1.7830000000000001,0.3,0.28095632791519165,0.012942874077725718,-6.884427038420817e-17,0.00260399142280221,-1.1630535709042749e-17
1.784,0.3,0.2808931767940521,0.012942874077725718,-6.933129447654469e-17,0.0026036726776510477,-1.1677303125031443e-17
1.7850000000000001,0.3,0.2808305323123932,0.012942874077725718,-6.988133649666795e-17,0.0026033534668385983,-1.1754508220041503e-17
1.786,0.3,0.2807683050632477,0.012942874077725718,-7.049481334360668e-17,0.0026030337903648615,-1.1847531338923269e-17
1.7870000000000001,0.3,0.28070658445358276,0.012942874077725718,-7.116713912804488e-17,0.0026027141138911247,-1.1940526540562452e-17
1.788,0.3,0.2806452810764313,0.012942874077725718,-7.189820135341924e-17,0.0026023942045867443,-1.2033493828282554e-17
1.7890000000000001,0.3,0.280584454536438,0.012942874077725718,-7.268788752316647e-17,0.0026020740624517202,-1.212643320586131e-17
1.79,0.3,0.2805240750312805,0.012942874077725718,-7.353163160030526e-17,0.0026017536874860525,-1.2203501384437903e-17
1.7910000000000001,0.3,0.28046417236328125,0.012942874077725718,-7.443377462869029e-17,0.002601433079689741,-1.2280544305268813e-17
1.792,0.3,0.2804047167301178,0.012942874077725718,-7.538975718878518e-17,0.0026011120062321424,-1.2341718683388578e-17
1.793,0.3,0.28034573793411255,0.012942874077725718,-7.640835401252787e-17,0.0026007909327745438,-1.2418713745546565e-17
1.794,0.3,0.2802871763706207,0.012942874077725718,-7.747271046775701e-17,0.0026004696264863014,-1.2451868539715003e-17
1.795,0.3,0.2802290916442871,0.012942874077725718,-7.856889021551228e-17,0.0026001480873674154,-1.2441196126655697e-17
1.796,0.3,0.2801714539527893,0.012942874077725718,-7.968737737002688e-17,0.0025998263154178858,-1.2402552848137201e-17
1.797,0.3,0.2801142632961273,0.012942874077725718,-8.081358046529538e-17,0.0025995043106377125,-1.2333466823724149e-17
1.798,0.3,0.28005754947662354,0.012942874077725718,-8.194764508510558e-17,0.0025991820730268955,-1.225103043398661e-17
1.799,0.3,0.2800012528896332,0.012942874077725718,-8.308030018915199e-17,0.002598859602585435,-1.2155249734061529e-17
1.8,0.3,0.279945433139801,0.012942874077725718,-8.420605991561216e-17,0.0025985371321439743,-1.20594860286729e-17
1.801,0.3,0.2798900604248047,0.012942874077725718,-8.532085453587232e-17,0.0025982141960412264,-1.1949141008213217e-17
1.802,0.3,0.27983513474464417,0.012942874077725718,-8.641190576382977e-17,0.0025978912599384785,-1.179502432199487e-17
1.803,0.3,0.27978065609931946,0.012942874077725718,-8.746947933803596e-17,0.0025975678581744432,-1.1611745410333304e-17
1.804,0.3,0.2797265946865082,0.012942874077725718,-8.84932443862459e-17,0.002597244456410408,-1.1430999509372102e-17
1.805,0.3,0.2796730101108551,0.012942874077725718,-8.94604236631123e-17,0.002596920821815729,-1.1204011416390395e-17
1.806,0.3,0.27961987257003784,0.012942874077725718,-9.037601333953499e-17,0.0025965971872210503,-1.0964976798031083e-17
1.807,0.3,0.2795671820640564,0.012942874077725718,-9.122116693243757e-17,0.002596273086965084,-1.0695558724450265e-17
1.808,0.3,0.2795149087905884,0.012942874077725718,-9.199578518014653e-17,0.002595948986709118,-1.0411607443141212e-17
1.809,0.3,0.27946311235427856,0.012942874077725718,-9.269949088830254e-17,0.002595624653622508,-1.0127717939547684e-17
1.81,0.3,0.2794117331504822,0.012942874077725718,-9.332321153994713e-17,0.0025953000877052546,-9.810950106694049e-18
1.811,0.3,0.2793608009815216,0.012942874077725718,-9.387543731688753e-17,0.0025949752889573574,-9.47464174199565e-18
1.812,0.3,0.27931028604507446,0.012942874077725718,-9.437049498733316e-17,0.0025946504902094603,-9.12004585593489e-18
1.813,0.3,0.2792602479457855,0.012942874077725718,-9.482286352072616e-17,0.0025943254586309195,-8.765517801393467e-18
1.814,0.3,0.27921062707901,0.012942874077725718,-9.524484474713642e-17,0.002594000194221735,-8.454815182276226e-18
1.815,0.3,0.2791614532470703,0.012942874077725718,-9.564664276660037e-17,0.0025936749298125505,-8.174598368278109e-18
1.816,0.3,0.27911269664764404,0.012942874077725718,-9.602850242457935e-17,0.0025933494325727224,-7.909017102478869e-18
1.817,0.3,0.2790643870830536,0.012942874077725718,-9.640763569525936e-17,0.0025930237025022507,-7.70307630121195e-18
1.818,0.3,0.27901652455329895,0.012942874077725718,-9.678911154143411e-17,0.0025926977396011353,-7.52507378061292e-18
1.819,0.3,0.27896907925605774,0.012942874077725718,-9.719559471188757e-17,0.00259237177670002,-7.406685656527273e-18
1.82,0.3,0.27892208099365234,0.012942874077725718,-9.762397500751653e-17,0.0025920455809682608,-7.287049466666212e-18
1.821,0.3,0.2788754999637604,0.012942874077725718,-9.808691821786041e-17,0.0025917193852365017,-7.19532191230989e-18
1.822,0.3,0.2788293659687042,0.012942874077725718,-9.859489975819658e-17,0.002591392956674099,-7.119444386755818e-18
1.823,0.3,0.2787836492061615,0.012942874077725718,-9.915115555908134e-17,0.0025910662952810526,-7.071459638230397e-18
1.824,0.3,0.2787383496761322,0.012942874077725718,-9.97573002770704e-17,0.002590739633888006,-7.00762829110356e-18
1.825,0.3,0.2786934971809387,0.012942874077725718,-1.004094891766766e-16,0.002590412739664316,-6.914645459881236e-18
1.826,0.3,0.27864906191825867,0.012942874077725718,-1.0110388413985772e-16,0.002590085845440626,-6.812169450696491e-18
1.827,0.3,0.27860504388809204,0.012942874077725718,-1.0180776190158114e-16,0.0025897587183862925,-6.665985371898266e-18
1.828,0.3,0.27856147289276123,0.012942874077725718,-1.0253001630779304e-16,0.0025894315913319588,-6.5578637796007805e-18
1.829,0.3,0.27851831912994385,0.012942874077725718,-1.0323763954333011e-16,0.0025891042314469814,-6.452306394877002e-18
1.83,0.3,0.2784755825996399,0.012942874077725718,-1.0391259245339378e-16,0.0025887766387313604,-6.3176301070973644e-18
1.831,0.3,0.27843326330184937,0.012942874077725718,-1.0455382948168978e-16,0.0025884490460157394,-6.1829829577261135e-18
1.832,0.3,0.27839136123657227,0.012942874077725718,-1.0515700296691855e-16,0.0025881214533001184,-6.0325217071283894e-18
1.833,0.3,0.2783498764038086,0.012942874077725718,-1.0572216584863928e-16,0.002587793627753854,-5.866248992658535e-18
1.834,0.3,0.27830883860588074,0.012942874077725718,-1.0625821859024305e-16,0.0025874655693769455,-5.715853903941086e-18
1.835,0.3,0.2782681882381439,0.012942874077725718,-1.0675639969468168e-16,0.002587137743830681,-5.549647331819424e-18
1.836,0.3,0.27822795510292053,0.012942874077725718,-1.0722118917215278e-16,0.002586809452623129,-5.383475135612693e-18
1.837,0.3,0.27818813920021057,0.012942874077725718,-1.0765265981455024e-16,0.0025864813942462206,-5.217337303961254e-18
1.838,0.3,0.2781487703323364,0.012942874077725718,-1.0806301419027044e-16,0.002586152870208025,-5.094923084139112e-18
1.839,0.3,0.2781097888946533,0.012942874077725718,-1.0845806903338087e-16,0.002585824579000473,-4.987095232031134e-18
1.84,0.3,0.27807122468948364,0.012942874077725718,-1.0883842653136745e-16,0.0025854960549622774,-4.879288223542479e-18
1.841,0.3,0.278033047914505,0.012942874077725718,-1.0920782554059893e-16,0.002585167530924082,-4.784779363504126e-18
1.842,0.3,0.2779953181743622,0.012942874077725718,-1.0957991123245999e-16,0.0025848387740552425,-4.7194058900765884e-18
1.843,0.3,0.2779579758644104,0.012942874077725718,-1.0997238527205925e-16,0.0025845100171864033,-4.713560784310083e-18
1.844,0.3,0.27792105078697205,0.012942874077725718,-1.1038694172529122e-16,0.0025841810274869204,-4.7235561385942706e-18
1.845,0.3,0.27788451313972473,0.012942874077725718,-1.1081545436981819e-16,0.002583852270618081,-4.720276286945076e-18
1.846,0.3,0.27784842252731323,0.012942874077725718,-1.1125269542416882e-16,0.002583523280918598,-4.7182827647875375e-18
1.847,0.3,0.2778126895427704,0.012942874077725718,-1.1168154555838572e-16,0.0025831940583884716,-4.672624737633296e-18
1.848,0.3,0.27777740359306335,0.012942874077725718,-1.1209661817231992e-16,0.002582864835858345,-4.613712010055467e-18
1.849,0.3,0.277742475271225,0.012942874077725718,-1.1248023145319752e-16,0.002582535846158862,-4.5111545429901516e-18
1.85,0.3,0.2777079939842224,0.012942874077725718,-1.1281416095776272e-16,0.002582206390798092,-4.349122006089533e-18
1.851,0.3,0.2776738703250885,0.012942874077725718,-1.130930994952054e-16,0.0025818771682679653,-4.158024019178249e-18
1.852,0.3,0.2776401937007904,0.012942874077725718,-1.1331191192828283e-16,0.002581547712907195,-3.952419122690407e-18
1.853,0.3,0.27760687470436096,0.012942874077725718,-1.1347456872393526e-16,0.002581218257546425,-3.7627038312479725e-18
1.854,0.3,0.27757397294044495,0.012942874077725718,-1.135767553080876e-16,0.0025808888021856546,-3.573032277307244e-18
1.855,0.3,0.27754145860671997,0.012942874077725718,-1.1360877050651586e-16,0.0025805591139942408,-3.3478300529003117e-18
1.856,0.3,0.27750933170318604,0.012942874077725718,-1.1358013020498683e-16,0.0025802296586334705,-3.07125433907252e-18
1.857,0.3,0.2774776220321655,0.012942874077725718,-1.135268068339792e-16,0.0025798999704420567,-2.8225241278747445e-18
1.858,0.3,0.27744629979133606,0.012942874077725718,-1.1346306760469832e-16,0.0025795702822506428,-2.6029279920584433e-18
1.859,0.3,0.27741536498069763,0.012942874077725718,-1.1339852104713959e-16,0.002579240594059229,-2.4137570631672092e-18
1.86,0.3,0.27738481760025024,0.012942874077725718,-1.1334150514187753e-16,0.0025789106730371714,-2.2682463810063695e-18
1.861,0.3,0.2773546576499939,0.012942874077725718,-1.1329375365947607e-16,0.0025785809848457575,-2.1227581646013916e-18
1.862,0.3,0.2773248851299286,0.012942874077725718,-1.1325084614674172e-16,0.0025782510638237,-1.961449228079553e-18
1.863,0.3,0.2772955000400543,0.012942874077725718,-1.1321717658708836e-16,0.0025779211428016424,-1.800165400645787e-18
1.864,0.3,0.2772665023803711,0.012942874077725718,-1.1319311555743042e-16,0.0025775914546102285,-1.640210960275077e-18
1.865,0.3,0.2772378921508789,0.012942874077725718,-1.131739779067784e-16,0.002577261533588171,-1.4815875163000338e-18
1.866,0.3,0.27720966935157776,0.012942874077725718,-1.1315515789348158e-16,0.0025769316125661135,-1.3242966741138518e-18
1.867,0.3,0.27718183398246765,0.012942874077725718,-1.1313166596408508e-16,0.0025766014587134123,-1.1670330155711866e-18
1.868,0.3,0.2771543562412262,0.012942874077725718,-1.130991213700648e-16,0.0025762715376913548,-9.939533588980816e-19
1.869,0.3,0.2771272659301758,0.012942874077725718,-1.1307180455751584e-16,0.0025759416166692972,-8.565163871791433e-19
1.87,0.3,0.2771005630493164,0.012942874077725718,-1.1304027905001022e-16,0.0025756116956472397,-7.70564765936713e-19
1.871,0.3,0.27707424759864807,0.012942874077725718,-1.1298411017769542e-16,0.0025752815417945385,-7.123882270808894e-19
1.872,0.3,0.2770482897758484,0.012942874077725718,-1.129135682150569e-16,0.002574951620772481,-6.687566365555225e-19
1.873,0.3,0.27702271938323975,0.012942874077725718,-1.1283292803150033e-16,0.0025746216997504234,-6.383532841420529e-19
1.874,0.3,0.27699753642082214,0.012942874077725718,-1.127562186102146e-16,0.0025742915458977222,-6.383288779415061e-19
1.875,0.3,0.2769727110862732,0.012942874077725718,-1.1268367817921616e-16,0.0025739616248756647,-6.528333716556223e-19
1.8760000000000001,0.3,0.2769482433795929,0.012942874077725718,-1.1262392265176533e-16,0.0025736314710229635,-6.963905311543437e-19
1.877,0.3,0.27692416310310364,0.012942874077725718,-1.125924236140393e-16,0.002573301550000906,-7.914154148962936e-19
1.8780000000000001,0.3,0.27690044045448303,0.012942874077725718,-1.1257781229569917e-16,0.0025729716289788485,-9.471631416430039e-19
1.879,0.3,0.27687710523605347,0.012942874077725718,-1.1259447502195844e-16,0.002572641707956791,-1.1820988653115929e-18
1.8800000000000001,0.3,0.27685412764549255,0.012942874077725718,-1.1263027539886974e-16,0.0025723117869347334,-1.4526361555177102e-18
1.881,0.3,0.2768315076828003,0.012942874077725718,-1.126841811050286e-16,0.002571981633082032,-1.8049842459065176e-18
1.8820000000000001,0.3,0.2768092751502991,0.012942874077725718,-1.1272867680453904e-16,0.0025716519448906183,-2.1731193274642888e-18
1.883,0.3,0.2767874002456665,0.012942874077725718,-1.1277359602052312e-16,0.002571322023868561,-2.5926893641736137e-18
1.8840000000000001,0.3,0.2767658829689026,0.012942874077725718,-1.1278653974274835e-16,0.0025709921028465033,-2.9963515159243132e-18
1.885,0.3,0.2767447233200073,0.012942874077725718,-1.1276750797121473e-16,0.0025706621818244457,-3.3841084310673046e-18
1.8860000000000001,0.3,0.2767239212989807,0.012942874077725718,-1.1271660658504067e-16,0.002570332493633032,-3.755962757645709e-18
1.887,0.3,0.27670347690582275,0.012942874077725718,-1.1262106391556835e-16,0.0025700025726109743,-4.065712679648195e-18
1.8880000000000001,0.3,0.27668339014053345,0.012942874077725718,-1.1248367252454574e-16,0.0025696728844195604,-4.339753171737257e-18
1.889,0.3,0.2766636610031128,0.012942874077725718,-1.1232051280308088e-16,0.0025693431962281466,-4.586045366497995e-18
1.8900000000000001,0.3,0.2766442894935608,0.012942874077725718,-1.121071663794912e-16,0.0025690135080367327,-4.766274764748738e-18
1.891,0.3,0.27662527561187744,0.012942874077725718,-1.118544329238542e-16,0.0025686840526759624,-4.885762891076913e-18
1.8920000000000001,0.3,0.27660661935806274,0.012942874077725718,-1.1156188891969625e-16,0.0025683543644845486,-4.976209675047833e-18
1.893,0.3,0.2765883207321167,0.012942874077725718,-1.1121121727953296e-16,0.0025680249091237783,-5.0046069244963016e-18
1.8940000000000001,0.3,0.2765703499317169,0.012942874077725718,-1.1080994203821614e-16,0.002567695453763008,-5.0145027631920096e-18
1.895,0.3,0.2765527367591858,0.012942874077725718,-1.1037943754277414e-16,0.002567365998402238,-5.0494301809415954e-18
1.8960000000000001,0.3,0.2765354812145233,0.012942874077725718,-1.0994246780366443e-16,0.0025670365430414677,-5.108043404506829e-18
1.897,0.3,0.2765185534954071,0.012942874077725718,-1.0952751430373843e-16,0.002566707320511341,-5.1929955262410465e-18
1.8980000000000001,0.3,0.27650198340415955,0.012942874077725718,-1.0913185065569716e-16,0.0025663780979812145,-5.22772876938266e-18
1.899,0.3,0.27648577094078064,0.012942874077725718,-1.0877705634736092e-16,0.002566048875451088,-5.257106518608094e-18
1.9000000000000001,0.3,0.276469886302948,0.012942874077725718,-1.0846875620689506e-16,0.002565719885751605,-5.2349297249189204e-18
1.901,0.3,0.2764543294906616,0.012942874077725718,-1.0823492217389366e-16,0.0025653906632214785,-5.212742835311301e-18
1.9020000000000001,0.3,0.2764391303062439,0.012942874077725718,-1.0807542851690364e-16,0.0025650616735219955,-5.190545879843104e-18
1.903,0.3,0.27642425894737244,0.012942874077725718,-1.0799084433618642e-16,0.0025647329166531563,-5.171016726970805e-18
1.9040000000000001,0.3,0.27640974521636963,0.012942874077725718,-1.0798530553480476e-16,0.0025644039269536734,-5.203027535196084e-18
1.905,0.3,0.2763955593109131,0.012942874077725718,-1.0803057547536856e-16,0.002564075170084834,-5.235023591669212e-18
1.9060000000000001,0.3,0.2763817012310028,0.012942874077725718,-1.0814518962104391e-16,0.0025637466460466385,-5.3344018580798145e-18
1.907,0.3,0.2763682007789612,0.012942874077725718,-1.0828015240978806e-16,0.002563418122008443,-5.374411256281288e-18
1.9080000000000001,0.3,0.27635499835014343,0.012942874077725718,-1.0844017546237012e-16,0.0025630895979702473,-5.422468854515089e-18
1.909,0.3,0.27634215354919434,0.012942874077725718,-1.0859312446635363e-16,0.0025627610739320517,-5.4627403821507556e-18
1.9100000000000001,0.3,0.2763296365737915,0.012942874077725718,-1.0872769682584865e-16,0.0025624327827244997,-5.5545751099929725e-18
1.911,0.3,0.27631744742393494,0.012942874077725718,-1.0880383714687294e-16,0.0025621044915169477,-5.602910798102388e-18
1.9120000000000001,0.3,0.27630558609962463,0.012942874077725718,-1.0882018223577698e-16,0.0025617764331400394,-5.65259594763094e-18
1.913,0.3,0.2762940227985382,0.012942874077725718,-1.087641986519194e-16,0.002561448374763131,-5.674640591903841e-18
1.9140000000000001,0.3,0.27628281712532043,0.012942874077725718,-1.0863419232940566e-16,0.002561120316386223,-5.712538934130985e-18
1.915,0.3,0.2762719392776489,0.012942874077725718,-1.0841607472804278e-16,0.002560792490839958,-5.714711703991368e-18
1.9160000000000001,0.3,0.2762613594532013,0.012942874077725718,-1.0812384174379514e-16,0.0025604646652936935,-5.681159820361468e-18
1.917,0.3,0.2762511372566223,0.012942874077725718,-1.0777148927262716e-16,0.0025601370725780725,-5.611884219944502e-18
1.9180000000000001,0.3,0.2762412130832672,0.012942874077725718,-1.0738207911001679e-16,0.002559809712693095,-5.539923653801875e-18
1.919,0.3,0.276231586933136,0.012942874077725718,-1.069594493740063e-16,0.002559482119977474,-5.445374868027036e-18
1.92,0.3,0.2762223184108734,0.012942874077725718,-1.0652748242324131e-16,0.0025591549929231405,-5.330939839321083e-18
1.921,0.3,0.2762133479118347,0.012942874077725718,-1.0609564782137432e-16,0.002558827633038163,-5.180773829213768e-18
1.922,0.3,0.2762047052383423,0.012942874077725718,-1.0568767572581827e-16,0.0025585005059838295,-5.0306287610391795e-18
1.923,0.3,0.27619636058807373,0.012942874077725718,-1.0530239484882577e-16,0.0025581736117601395,-4.87643747251915e-18
1.924,0.3,0.27618831396102905,0.012942874077725718,-1.0497111893966563e-16,0.0025578467175364494,-4.781568107054779e-18
1.925,0.3,0.276180624961853,0.012942874077725718,-1.0469122087271239e-16,0.002557520056143403,-4.6867055691918616e-18
1.926,0.3,0.2761732041835785,0.012942874077725718,-1.0446262123862724e-16,0.0025571933947503567,-4.591849880837709e-18
1.927,0.3,0.2761661112308502,0.012942874077725718,-1.0428084002721258e-16,0.002556866966187954,-4.4811579729914134e-18
1.928,0.3,0.2761593163013458,0.012942874077725718,-1.0415453285639819e-16,0.002556540770456195,-4.3863186931440104e-18
1.929,0.3,0.2761528491973877,0.012942874077725718,-1.0408471219525381e-16,0.002556214574724436,-4.3114112709147875e-18
1.93,0.3,0.27614665031433105,0.012942874077725718,-1.0405229333268663e-16,0.0025558883789926767,-4.237871312526896e-18
1.931,0.3,0.2761407792568207,0.012942874077725718,-1.0406211362091886e-16,0.0025555624160915613,-4.200110860506341e-18
1.932,0.3,0.27613523602485657,0.012942874077725718,-1.0410459099973468e-16,0.0025552366860210896,-4.213971867363014e-18
1.933,0.3,0.27612996101379395,0.012942874077725718,-1.0416586853951261e-16,0.0025549111887812614,-4.2794505368754376e-18
1.934,0.3,0.2761249840259552,0.012942874077725718,-1.0421779562964624e-16,0.0025545854587107897,-4.344919878895828e-18
1.935,0.3,0.27612030506134033,0.012942874077725718,-1.0427465933367559e-16,0.0025542601943016052,-4.4620054589489776e-18
1.936,0.3,0.27611595392227173,0.012942874077725718,-1.0430398784947427e-16,0.0025539349298924208,-4.563232398606921e-18
1.937,0.3,0.2761118710041046,0.012942874077725718,-1.0429596750625495e-16,0.00255360989831388,-4.612816077760086e-18
1.938,0.3,0.2761080861091614,0.012942874077725718,-1.0426959698832676e-16,0.002553285099565983,-4.6293390857441744e-18
1.939,0.3,0.276104599237442,0.012942874077725718,-1.0423828323905795e-16,0.0025529603008180857,-4.644491508996912e-18
1.94,0.3,0.27610141038894653,0.012942874077725718,-1.0419752639591624e-16,0.002552635734900832,-4.625216442940446e-18
1.941,0.3,0.27609848976135254,0.012942874077725718,-1.0415616736528859e-16,0.0025523111689835787,-4.570146298250297e-18
1.942,0.3,0.2760958969593048,0.012942874077725718,-1.0413280778479009e-16,0.002551986835896969,-4.4964963995461466e-18
1.943,0.3,0.27609357237815857,0.012942874077725718,-1.0413703633208146e-16,0.0025516627356410027,-4.4056384919459786e-18
1.944,0.3,0.2760915160179138,0.012942874077725718,-1.0416901182584031e-16,0.00255133886821568,-4.281730836982431e-18
1.945,0.3,0.27608975768089294,0.012942874077725718,-1.0424241914212072e-16,0.0025510150007903576,-4.157836868812478e-18
1.946,0.3,0.27608829736709595,0.012942874077725718,-1.043527782707251e-16,0.0025506913661956787,-4.018113538777759e-18
1.947,0.3,0.27608710527420044,0.012942874077725718,-1.0450441702061832e-16,0.0025503679644316435,-3.878406575321257e-18
1.948,0.3,0.2760862112045288,0.012942874077725718,-1.046928619990477e-16,0.0025500445626676083,-3.722872932991633e-18
1.949,0.3,0.27608558535575867,0.012942874077725718,-1.0492240792775361e-16,0.0025497216265648603,-3.567358337284631e-18
1.95,0.3,0.2760852575302124,0.012942874077725718,-1.0519296877995236e-16,0.0025493986904621124,-3.411862805524269e-18
1.951,0.3,0.2760851979255676,0.012942874077725718,-1.0550447838119493e-16,0.0025490757543593645,-3.2563863553159084e-18
1.952,0.3,0.27608540654182434,0.012942874077725718,-1.05861211600887e-16,0.002548753283917904,-3.1167720622480107e-18
1.953,0.3,0.27608588337898254,0.012942874077725718,-1.0627298872726079e-16,0.0025484308134764433,-3.0288418194217014e-18
1.954,0.3,0.2760866582393646,0.012942874077725718,-1.0671635753558921e-16,0.0025481085758656263,-2.9581450006069238e-18
1.955,0.3,0.2760876715183258,0.012942874077725718,-1.0718665934466236e-16,0.002547786571085453,-2.9046802547982122e-18
1.956,0.3,0.27608898282051086,0.012942874077725718,-1.0767009016441796e-16,0.0025474647991359234,-2.8353783791051458e-18
1.957,0.3,0.2760905623435974,0.012942874077725718,-1.081761261759534e-16,0.0025471432600170374,-2.7846931161042155e-18
1.958,0.3,0.27609241008758545,0.012942874077725718,-1.0869512576204877e-16,0.0025468217208981514,-2.7512411237401566e-18
1.959,0.3,0.276094526052475,0.012942874077725718,-1.0921767229861077e-16,0.002546500414609909,-2.7177939843532526e-18
1.96,0.3,0.276096910238266,0.012942874077725718,-1.0975369195299003e-16,0.0025461793411523104,-2.720192006755421e-18
1.961,0.3,0.2760995626449585,0.012942874077725718,-1.1028851384984231e-16,0.0025458585005253553,-2.7556627059582308e-18
1.962,0.3,0.2761024534702301,0.012942874077725718,-1.1081834619323968e-16,0.002545537892729044,-2.826974481626201e-18
1.963,0.3,0.2761056423187256,0.012942874077725718,-1.113194389734345e-16,0.0025452172849327326,-2.8982788032765207e-18
1.964,0.3,0.27610906958580017,0.012942874077725718,-1.1179184512998599e-16,0.0025448971427977085,-2.969575658066794e-18
1.965,0.3,0.27611276507377625,0.012942874077725718,-1.1223128317604356e-16,0.0025445770006626844,-3.0250219918971364e-18
1.966,0.3,0.2761166989803314,0.012942874077725718,-1.1264651460865538e-16,0.002544257091358304,-3.0963065173564912e-18
1.967,0.3,0.2761209309101105,0.012942874077725718,-1.130288705750019e-16,0.002543937647715211,-3.1517404985057243e-18
1.968,0.3,0.27612537145614624,0.012942874077725718,-1.1338715227680066e-16,0.002543618204072118,-3.223012642602423e-18
1.969,0.3,0.2761301100254059,0.012942874077725718,-1.1371263792167292e-16,0.0025432987604290247,-3.2784342183707453e-18
1.97,0.3,0.27613508701324463,0.012942874077725718,-1.1400981413726117e-16,0.002542979782447219,-3.333850893538952e-18
1.971,0.3,0.2761403024196625,0.012942874077725718,-1.14278707393345e-16,0.0025426610372960567,-3.3892626540376746e-18
1.972,0.3,0.2761457860469818,0.012942874077725718,-1.1452375137800772e-16,0.0025423425249755383,-3.460512518611351e-18
1.973,0.3,0.27615150809288025,0.012942874077725718,-1.147449857959187e-16,0.0025420240126550198,-3.5475978277759e-18
1.974,0.3,0.2761574685573578,0.012942874077725718,-1.1492382886179757e-16,0.0025417059659957886,-3.5829589679802546e-18
1.975,0.3,0.2761636972427368,0.012942874077725718,-1.1508293870698337e-16,0.002541388152167201,-3.598286347703936e-18
1.976,0.3,0.27617016434669495,0.012942874077725718,-1.152285754343519e-16,0.0025410703383386135,-3.5660820935025855e-18
1.977,0.3,0.2761768698692322,0.012942874077725718,-1.15370321104119e-16,0.0025407529901713133,-3.520834344747483e-18
1.978,0.3,0.2761838436126709,0.012942874077725718,-1.1548976598457165e-16,0.002540435642004013,-3.4294642710884004e-18
1.979,0.3,0.27619102597236633,0.012942874077725718,-1.155731722600966e-16,0.002540118759498,-3.258896445923724e-18
1.98,0.3,0.27619847655296326,0.012942874077725718,-1.1564683765672812e-16,0.0025398018769919872,-3.1042022220298944e-18
1.981,0.3,0.2762061655521393,0.012942874077725718,-1.1570640789572174e-16,0.002539485227316618,-2.9495359198356167e-18
1.982,0.3,0.276214063167572,0.012942874077725718,-1.157558931486871e-16,0.002539169043302536,-2.8093399698715946e-18
1.983,0.3,0.27622222900390625,0.012942874077725718,-1.157995550501401e-16,0.002538852859288454,-2.6822092911651047e-18
1.984,0.3,0.2762306034564972,0.012942874077725718,-1.15856981236986e-16,0.0025385371409356594,-2.6054328128225535e-18
1.985,0.3,0.27623921632766724,0.012942874077725718,-1.1592684822024467e-16,0.0025382214225828648,-2.6078856131414547e-18
1.986,0.3,0.27624809741973877,0.012942874077725718,-1.159865508081363e-16,0.0025379061698913574,-2.607532707973598e-18
1.987,0.3,0.27625715732574463,0.012942874077725718,-1.1605966033939618e-16,0.0025375911500304937,-2.656112927655789e-18
1.988,0.3,0.276266485452652,0.012942874077725718,-1.1614075050920598e-16,0.00253727613016963,-2.7508100598945926e-18
1.989,0.3,0.27627602219581604,0.012942874077725718,-1.1622610231353165e-16,0.0025369615759700537,-2.861334400665007e-18
1.99,0.3,0.2762857973575592,0.012942874077725718,-1.1632085088961593e-16,0.002536647254601121,-3.0063384340948784e-18
1.991,0.3,0.27629581093788147,0.012942874077725718,-1.1643686793361016e-16,0.002536333166062832,-3.2622206810136733e-18
1.992,0.3,0.27630603313446045,0.012942874077725718,-1.165435279105152e-16,0.0025360193103551865,-3.5180615648074834e-18
1.993,0.3,0.27631649374961853,0.012942874077725718,-1.1663611919956194e-16,0.0025357056874781847,-3.75661000572173e-18
1.994,0.3,0.2763271629810333,0.012942874077725718,-1.1671885049570704e-16,0.0025353922974318266,-3.9764588094613376e-18
1.995,0.3,0.27633804082870483,0.012942874077725718,-1.1680175384541955e-16,0.002535079140216112,-4.180427251062127e-18
1.996,0.3,0.27634915709495544,0.012942874077725718,-1.1688404839020123e-16,0.0025347662158310413,-4.365697845088195e-18
1.997,0.3,0.27636048197746277,0.012942874077725718,-1.1696580030450107e-16,0.002534453757107258,-4.4991743406449534e-18
1.998,0.3,0.2763720452785492,0.012942874077725718,-1.1706085328305076e-16,0.0025341412983834743,-4.580861446660361e-18
1.999,0.3,0.27638381719589233,0.012942874077725718,-1.172016857454216e-16,0.002533829305320978,-4.678372023845082e-18
2.0,0.3,0.2763957977294922,0.012942874077725718,-1.173794700201164e-16,0.002533517312258482,-4.760017455905625e-18
2.001,0.3,0.27640798687934875,0.012942874077725718,-1.1759410022801675e-16,0.002533205784857273,-4.825800414968247e-18
2.0020000000000002,0.3,0.27642038464546204,0.012942874077725718,-1.1784989094319775e-16,0.0025328947231173515,-4.891566568764306e-18
2.003,0.3,0.2764330208301544,0.012942874077725718,-1.1815113026995486e-16,0.00253258366137743,-4.973158937703946e-18
2.004,0.3,0.27644583582878113,0.012942874077725718,-1.1848900377168072e-16,0.002532272832468152,-5.038888913877029e-18
2.005,0.3,0.27645885944366455,0.012942874077725718,-1.1887219353608468e-16,0.0025319624692201614,-5.1204451550948685e-18
2.0060000000000002,0.3,0.2764721214771271,0.012942874077725718,-1.1929177924744098e-16,0.002531652105972171,-5.186139056821534e-18
2.007,0.3,0.2764855623245239,0.012942874077725718,-1.1974776090574961e-16,0.0025313422083854675,-5.235973290740953e-18
2.008,0.3,0.2764992117881775,0.012942874077725718,-1.2024882059871993e-16,0.002531032543629408,-5.301636507686697e-18
2.009,0.3,0.27651306986808777,0.012942874077725718,-1.2079047169870946e-16,0.002530723111703992,-5.3672830985427075e-18
2.0100000000000002,0.3,0.27652713656425476,0.012942874077725718,-1.213650247347439e-16,0.002530414145439863,-5.4054843946338566e-18
2.011,0.3,0.27654141187667847,0.012942874077725718,-1.2195417585422866e-16,0.0025301051791757345,-5.400405773232882e-18
2.012,0.3,0.2765558660030365,0.012942874077725718,-1.2254009766060202e-16,0.002529796678572893,-5.3376355775126756e-18
2.013,0.3,0.27657052874565125,0.012942874077725718,-1.2310419513369378e-16,0.0025294884108006954,-5.217188418028107e-18
2.0140000000000002,0.3,0.2765853703022003,0.012942874077725718,-1.2363603918034088e-16,0.002529180608689785,-5.067921671573045e-18
2.015,0.3,0.2766004502773285,0.012942874077725718,-1.2411806710177758e-16,0.0025288728065788746,-4.859578839151716e-18
2.016,0.3,0.2766156792640686,0.012942874077725718,-1.2455722721514933e-16,0.0025285654701292515,-4.667119911704606e-18
2.017,0.3,0.27663111686706543,0.012942874077725718,-1.249372141362215e-16,0.0025282581336796284,-4.431440568405074e-18
2.0180000000000002,0.3,0.27664676308631897,0.012942874077725718,-1.2525192658079587e-16,0.0025279514957219362,-4.1799655084629915e-18
2.019,0.3,0.27666258811950684,0.012942874077725718,-1.254974337866016e-16,0.002527644857764244,-3.898278998681763e-18
2.02,0.3,0.27667859196662903,0.012942874077725718,-1.2566926236088602e-16,0.0025273386854678392,-3.586387257060272e-18
2.021,0.3,0.27669480443000793,0.012942874077725718,-1.2577130336125056e-16,0.002527032746002078,-3.2745565984971406e-18
2.0220000000000002,0.3,0.27671119570732117,0.012942874077725718,-1.258076463686437e-16,0.0025267270393669605,-2.977203502484151e-18
2.023,0.3,0.2767277657985687,0.012942874077725718,-1.2578231478956487e-16,0.0025264215655624866,-2.6914702334373304e-18
2.024,0.3,0.276744544506073,0.012942874077725718,-1.2571362571149846e-16,0.0025261165574193,-2.4331942223658785e-18
2.025,0.3,0.2767614722251892,0.012942874077725718,-1.2561199499271775e-16,0.002525811782106757,-2.189380792136895e-18
2.0260000000000002,0.3,0.27677860856056213,0.012942874077725718,-1.254816445630692e-16,0.002525507239624858,-1.9585975107310257e-18
2.027,0.3,0.2767959237098694,0.012942874077725718,-1.2533152120805817e-16,0.0025252029299736023,-1.739410432489326e-18
2.028,0.3,0.27681341767311096,0.012942874077725718,-1.251807228736673e-16,0.002524899085983634,-1.5505170489952831e-18
2.029,0.3,0.27683109045028687,0.012942874077725718,-1.2503782576848754e-16,0.0025245954748243093,-1.4063235299771692e-18
2.0300000000000002,0.3,0.2768489122390747,0.012942874077725718,-1.2490730328527157e-16,0.002524292329326272,-1.2895459766955917e-18
2.031,0.3,0.27686694264411926,0.012942874077725718,-1.247954552315646e-16,0.0025239891838282347,-1.1727856045113438e-18
2.032,0.3,0.27688515186309814,0.012942874077725718,-1.2471019607146754e-16,0.0025236867368221283,-1.084863745727308e-18
2.033,0.3,0.27690351009368896,0.012942874077725718,-1.2464837590120777e-16,0.002523384289816022,-9.81110166521931e-19
2.0340000000000003,0.3,0.2769220471382141,0.012942874077725718,-1.246098888416669e-16,0.002523082075640559,-8.615275252863222e-19
2.035,0.3,0.2769407629966736,0.012942874077725718,-1.2459912887625882e-16,0.0025227803271263838,-7.419614406079413e-19
2.036,0.3,0.2769596576690674,0.012942874077725718,-1.246159901258651e-16,0.0025224790442734957,-6.224119250370954e-19
2.037,0.3,0.2769787013530731,0.012942874077725718,-1.2466047259048575e-16,0.0025221777614206076,-5.028789915149357e-19
2.0380000000000003,0.3,0.2769979238510132,0.012942874077725718,-1.2475123746473997e-16,0.0025218769442290068,-4.510415714460107e-19
2.039,0.3,0.2770173251628876,0.012942874077725718,-1.2486998089603318e-16,0.0025215765926986933,-4.510487638504393e-19
2.04,0.3,0.2770368754863739,0.012942874077725718,-1.249980681595258e-16,0.00252127624116838,-4.8561548534980835e-19
2.041,0.3,0.27705657482147217,0.012942874077725718,-1.2512660540927163e-16,0.0025209763552993536,-5.561755326609028e-19
2.0420000000000003,0.3,0.27707645297050476,0.012942874077725718,-1.2525060309181578e-16,0.0025206769350916147,-6.944120969448607e-19
2.043,0.3,0.2770965099334717,0.012942874077725718,-1.2534183118721303e-16,0.002520377514883876,-8.484729258005911e-19
2.044,0.3,0.27711671590805054,0.012942874077725718,-1.2539163407753362e-16,0.0025200785603374243,-9.866694521844587e-19
2.045,0.3,0.27713707089424133,0.012942874077725718,-1.2540002499766736e-16,0.00251978007145226,-1.1090043030259652e-18
2.0460000000000003,0.3,0.27715757489204407,0.012942874077725718,-1.2536713629651225e-16,0.0025194818153977394,-1.2154801054749389e-18
2.047,0.3,0.27717825770378113,0.012942874077725718,-1.2530179564556546e-16,0.0025191837921738625,-1.3377853854052935e-18
2.048,0.3,0.2771990895271301,0.012942874077725718,-1.2519526801755843e-16,0.002518886001780629,-1.4442315833821e-18
2.049,0.3,0.27722007036209106,0.012942874077725718,-1.2505206650991325e-16,0.002518588677048683,-1.550664273168324e-18
2.05,0.3,0.27724120020866394,0.012942874077725718,-1.2487224406218913e-16,0.0025182918179780245,-1.6570834364870006e-18
2.051,0.3,0.27726250886917114,0.012942874077725718,-1.2465585361394525e-16,0.002517994958907366,-1.763489055349267e-18
2.052,0.3,0.2772839367389679,0.012942874077725718,-1.2440300104430004e-16,0.002517698798328638,-1.8698811110594235e-18
2.053,0.3,0.2773055136203766,0.012942874077725718,-1.241137260579229e-16,0.0025174026377499104,-1.976259585077104e-18
2.054,0.3,0.2773272693157196,0.012942874077725718,-1.2378812129904243e-16,0.00251710694283247,-2.0826244598408158e-18
2.055,0.3,0.2773491442203522,0.012942874077725718,-1.2342625294210763e-16,0.002516811480745673,-2.1889757168511665e-18
2.056,0.3,0.27737119793891907,0.012942874077725718,-1.2304455872025116e-16,0.0025165164843201637,-2.354349090372862e-18
2.057,0.3,0.2773933708667755,0.012942874077725718,-1.2262981697856197e-16,0.002516221720725298,-2.4807822999698033e-18
2.058,0.3,0.2774156928062439,0.012942874077725718,-1.2220153594460652e-16,0.0025159274227917194,-2.555326516470489e-18
2.059,0.3,0.27743813395500183,0.012942874077725718,-1.2178279726619747e-16,0.0025156333576887846,-2.611120101267068e-18
2.06,0.3,0.2774607539176941,0.012942874077725718,-1.2138797403365856e-16,0.0025153395254164934,-2.6669018494840056e-18
2.061,0.3,0.2774834930896759,0.012942874077725718,-1.2101183846551845e-16,0.0025150461588054895,-2.703933098125266e-18
2.062,0.3,0.27750638127326965,0.012942874077725718,-1.2066519023185463e-16,0.002514753257855773,-2.728008473167159e-18
2.063,0.3,0.27752938866615295,0.012942874077725718,-1.20318330239954e-16,0.0025144603569060564,-2.6657129374110846e-18
2.064,0.3,0.2775525450706482,0.012942874077725718,-1.1994151969243403e-16,0.002514167921617627,-2.509820045447074e-18
2.065,0.3,0.27757585048675537,0.012942874077725718,-1.1955212276471347e-16,0.002513875951990485,-2.3395610639580878e-18
2.066,0.3,0.2775992751121521,0.012942874077725718,-1.191331326233982e-16,0.002513584215193987,-2.110311253343523e-18
2.067,0.3,0.27762284874916077,0.012942874077725718,-1.186835169470838e-16,0.002513292944058776,-1.8681613358022885e-18
2.068,0.3,0.277646541595459,0.012942874077725718,-1.1820209783057793e-16,0.0025130019057542086,-1.6418986187291207e-18
2.069,0.3,0.27767035365104675,0.012942874077725718,-1.1768454746491575e-16,0.002512711100280285,-1.4156775000917736e-18
2.07,0.3,0.27769431471824646,0.012942874077725718,-1.1712652480624257e-16,0.0025124207604676485,-1.1736550241775e-18
2.071,0.3,0.2777183949947357,0.012942874077725718,-1.165325032473111e-16,0.002512130653485656,-9.31676735083531e-19
2.072,0.3,0.2777426242828369,0.012942874077725718,-1.159025489625703e-16,0.0025118410121649504,-6.897426045190036e-19
2.073,0.3,0.2777669429779053,0.012942874077725718,-1.1523236061283495e-16,0.0025115516036748886,-4.32009678072253e-19
2.074,0.3,0.27779141068458557,0.012942874077725718,-1.145263851210781e-16,0.002511262660846114,-1.743234966741147e-19
2.075,0.3,0.2778159976005554,0.012942874077725718,-1.1378472836641814e-16,0.0025109739508479834,8.33159677693629e-20
2.076,0.3,0.2778407037258148,0.012942874077725718,-1.1300296989566163e-16,0.00251068570651114,3.567516671786954e-19
2.077,0.3,0.27786552906036377,0.012942874077725718,-1.1219008296409352e-16,0.00251039769500494,6.142951410279113e-19
2.078,0.3,0.27789047360420227,0.012942874077725718,-1.1134170005807953e-16,0.0025101101491600275,8.717919835365137e-19
2.079,0.3,0.2779155671596527,0.012942874077725718,-1.1047026859147737e-16,0.0025098228361457586,1.084626411637804e-18
2.08,0.3,0.2779407501220703,0.012942874077725718,-1.0958072517818274e-16,0.002509535988792777,1.2686506375513464e-18
2.081,0.3,0.27796605229377747,0.012942874077725718,-1.0869595294266132e-16,0.002509249374270439,1.3748851533109012e-18
2.082,0.3,0.27799147367477417,0.012942874077725718,-1.0781302697426712e-16,0.002508962992578745,1.430656192713539e-18
2.083,0.3,0.2780170142650604,0.012942874077725718,-1.0690789286078709e-16,0.002508677076548338,1.4893322623808904e-18
2.084,0.3,0.27804267406463623,0.012942874077725718,-1.0600827107890912e-16,0.0025083916261792183,1.4846255560446138e-18
2.085,0.3,0.2780684232711792,0.012942874077725718,-1.0511375796449428e-16,0.0025081064086407423,1.4180058234513916e-18
2.086,0.3,0.2780943214893341,0.012942874077725718,-1.0422543877850623e-16,0.0025078216567635536,1.3024079900934409e-18
2.087,0.3,0.2781203091144562,0.012942874077725718,-1.0334349880940219e-16,0.0025075371377170086,1.1205364050624455e-18
2.088,0.3,0.2781463861465454,0.012942874077725718,-1.0245433259046689e-16,0.002507253084331751,8.882433115127827e-19
2.089,0.3,0.2781726121902466,0.012942874077725718,-1.0154710736439833e-16,0.002506969263777137,6.113790375681515e-19
2.09,0.3,0.2781989276409149,0.012942874077725718,-1.0062272972114787e-16,0.0025066856760531664,3.201772436916058e-19
2.091,0.3,0.2782253324985504,0.012942874077725718,-9.9681034224593e-17,0.0025064025539904833,3.194586441644237e-20
2.092,0.3,0.27825185656547546,0.012942874077725718,-9.872289437746058e-17,0.0025061198975890875,-2.230902557922381e-19
2.093,0.3,0.27827849984169006,0.012942874077725718,-9.774330739140588e-17,0.0025058374740183353,-4.1032476656697476e-19
2.094,0.3,0.2783052325248718,0.012942874077725718,-9.67561103437157e-17,0.0025055555161088705,-5.297664618444272e-19
2.095,0.3,0.27833205461502075,0.012942874077725718,-9.578959942878424e-17,0.0025052737910300493,-6.3334322373712055e-19
2.096,0.3,0.27835899591445923,0.012942874077725718,-9.485255599599437e-17,0.0025049925316125154,-7.527435269498657e-19
2.097,0.3,0.27838602662086487,0.012942874077725718,-9.393969270687065e-17,0.0025047115050256252,-8.691932880799312e-19
2.098,0.3,0.27841314673423767,0.012942874077725718,-9.304695306768912e-17,0.0025044309441000223,-9.351626553312525e-19
2.099,0.3,0.2784403860569,0.012942874077725718,-9.218115966414211e-17,0.0025041508488357067,-9.421409933914422e-19
2.1,0.3,0.27846771478652954,0.012942874077725718,-9.134076401412294e-17,0.002503870753571391,-9.34738318074282e-19
2.101,0.3,0.2784951329231262,0.012942874077725718,-9.051751416384076e-17,0.0025035913567990065,-9.000467444475732e-19
2.102,0.3,0.27852267026901245,0.012942874077725718,-8.96975002441149e-17,0.0025033121928572655,-8.380732390883292e-19
2.103,0.3,0.27855026721954346,0.012942874077725718,-8.886642195651552e-17,0.002503033261746168,-7.473580479550371e-19
2.104,0.3,0.278577983379364,0.012942874077725718,-8.801107088102138e-17,0.002502754796296358,-6.135317353165891e-19
2.105,0.3,0.27860575914382935,0.012942874077725718,-8.712960736795018e-17,0.0025024767965078354,-4.797300912266871e-19
2.106,0.3,0.27863365411758423,0.012942874077725718,-8.621767713855742e-17,0.0025021990295499563,-3.3011019654169125e-19
2.107,0.3,0.2786616086959839,0.012942874077725718,-8.529617146639374e-17,0.0025019217282533646,-2.39484384174197e-19
2.108,0.3,0.2786896824836731,0.012942874077725718,-8.436618222986772e-17,0.0025016446597874165,-1.617804354676976e-19
2.109,0.3,0.27871784567832947,0.012942874077725718,-8.344094431878021e-17,0.002501367824152112,-1.1136852151617082e-19
2.11,0.3,0.2787460684776306,0.012942874077725718,-8.25267443057866e-17,0.0025010916870087385,-6.096424376541204e-20
2.111,0.3,0.2787743806838989,0.012942874077725718,-8.163115254785299e-17,0.0025008157826960087,-3.784402966582091e-20
2.112,0.3,0.2788027822971344,0.012942874077725718,-8.076441284968523e-17,0.0025005401112139225,-2.909851261980635e-20
2.113,0.3,0.27883127331733704,0.012942874077725718,-7.993467790340063e-17,0.0025002649053931236,-4.762637735458808e-20
2.114,0.3,0.27885985374450684,0.012942874077725718,-7.91525885603991e-17,0.0024999899324029684,-8.199069771814237e-20
2.115,0.3,0.2788884937763214,0.012942874077725718,-7.841925655142389e-17,0.0024997154250741005,-1.3660268894215418e-19
2.116,0.3,0.27891722321510315,0.012942874077725718,-7.770307695963057e-17,0.00249944138340652,-1.480896184607141e-19
2.117,0.3,0.27894604206085205,0.012942874077725718,-7.70046321201704e-17,0.002499167574569583,-1.684055787895225e-19
2.118,0.3,0.2789749205112457,0.012942874077725718,-7.629618832146568e-17,0.0024988942313939333,-1.9755343856145413e-19
2.119,0.3,0.27900388836860657,0.012942874077725718,-7.555807189982747e-17,0.0024986211210489273,-2.6427634909079436e-19
2.12,0.3,0.2790329158306122,0.012942874077725718,-7.475780443568446e-17,0.0024983484763652086,-3.18096030628436e-19
2.121,0.3,0.27906203269958496,0.012942874077725718,-7.389430066807301e-17,0.0024980760645121336,-3.877549242581256e-19
2.122,0.3,0.2790912091732025,0.012942874077725718,-7.295122874297885e-17,0.002497804118320346,-4.1430016343404456e-19
2.123,0.3,0.27912047505378723,0.012942874077725718,-7.192688135961768e-17,0.002497532404959202,-4.408472496247303e-19
2.124,0.3,0.2791498005390167,0.012942874077725718,-7.081138529019807e-17,0.0024972613900899887,-4.312869051163304e-19
2.125,0.3,0.2791792154312134,0.012942874077725718,-6.961912685993354e-17,0.0024969903752207756,-3.870978732666392e-19
2.126,0.3,0.2792086899280548,0.012942874077725718,-6.83643137230253e-17,0.00249671982601285,-3.2560258524004224e-19
2.1270000000000002,0.3,0.279238224029541,0.012942874077725718,-6.704644295366091e-17,0.0024964497424662113,-2.280093056619465e-19
2.128,0.3,0.2792678475379944,0.012942874077725718,-6.568389119632887e-17,0.0024961798917502165,-1.1016488927424624e-19
2.129,0.3,0.27929750084877014,0.012942874077725718,-6.42914087357122e-17,0.002495910506695509,2.497694789704648e-20
2.13,0.3,0.27932724356651306,0.012942874077725718,-6.28688301356884e-17,0.0024956415873020887,1.9473340125366e-19
2.1310000000000002,0.3,0.27935704588890076,0.012942874077725718,-6.144189725692013e-17,0.0024953726679086685,3.401590372217263e-19
2.132,0.3,0.2793869376182556,0.012942874077725718,-6.003013156186362e-17,0.0024951044470071793,4.741497338166626e-19
2.133,0.3,0.27941685914993286,0.012942874077725718,-5.865012298488426e-17,0.0024948364589363337,5.867764690398367e-19
2.134,0.3,0.2794468402862549,0.012942874077725718,-5.731769383673894e-17,0.0024945689365267754,7.369853736192354e-19
2.1350000000000002,0.3,0.27947691082954407,0.012942874077725718,-5.606405860502297e-17,0.0024943016469478607,8.787222188651819e-19
2.136,0.3,0.27950701117515564,0.012942874077725718,-5.492144093767897e-17,0.0024940348230302334,9.78827340095157e-19
2.137,0.3,0.2795372009277344,0.012942874077725718,-5.389205106130368e-17,0.0024937682319432497,1.094766562558229e-18
2.138,0.3,0.2795674204826355,0.012942874077725718,-5.2975660674048036e-17,0.0024935021065175533,1.2265371850127378e-18
2.1390000000000002,0.3,0.2795977294445038,0.012942874077725718,-5.2185739585006846e-17,0.0024932364467531443,1.3251284643358478e-18
2.14,0.3,0.27962806820869446,0.012942874077725718,-5.152269145831904e-17,0.002492971019819379,1.371742949499233e-18
2.141,0.3,0.2796584665775299,0.012942874077725718,-5.096967489671304e-17,0.002492705825716257,1.3763102047205582e-18
2.142,0.3,0.27968892455101013,0.012942874077725718,-5.048365003855648e-17,0.0024924410972744226,1.3764399897102624e-18
2.1430000000000002,0.3,0.27971944212913513,0.012942874077725718,-5.006475254146983e-17,0.0024921768344938755,1.321641312056055e-18
2.144,0.3,0.2797499895095825,0.012942874077725718,-4.9694645465634e-17,0.0024919130373746157,1.1945965054091358e-18
2.145,0.3,0.2797805964946747,0.012942874077725718,-4.9321732593160395e-17,0.002491649240255356,1.0804533162794106e-18
2.146,0.3,0.2798112630844116,0.012942874077725718,-4.893359959741581e-17,0.002491386141628027,9.906067235634895e-19
2.1470000000000002,0.3,0.27984198927879333,0.012942874077725718,-4.852891968069772e-17,0.0024911232758313417,8.473171892809131e-19
2.148,0.3,0.27987274527549744,0.012942874077725718,-4.808041573512657e-17,0.0024908606428653,6.822770671358766e-19
2.149,0.3,0.2799035608768463,0.012942874077725718,-4.7555162663600296e-17,0.0024905987083911896,5.474635033886053e-19
2.15,0.3,0.2799344062805176,0.012942874077725718,-4.696725562375681e-17,0.002490336773917079,3.7653406851426313e-19
2.1510000000000002,0.3,0.2799653112888336,0.012942874077725718,-4.628079828573375e-17,0.0024900755379348993,2.4870748254114516e-19
2.152,0.3,0.27999627590179443,0.012942874077725718,-4.5485295381919054e-17,0.0024898143019527197,1.5258177119949878e-19
2.153,0.3,0.28002727031707764,0.012942874077725718,-4.4584141661546634e-17,0.002489553764462471,7.675939938091649e-20
2.154,0.3,0.2800582945346832,0.012942874077725718,-4.360150072467039e-17,0.002489293459802866,-1.4898449819977367e-20
2.1550000000000002,0.3,0.2800893783569336,0.012942874077725718,-4.2508841457602144e-17,0.0024890333879739046,-1.9911492176296406e-20
2.156,0.3,0.28012049198150635,0.012942874077725718,-4.1334688356585173e-17,0.002488774014636874,4.2897022011027006e-20
2.157,0.3,0.2801516652107239,0.012942874077725718,-4.009982350732926e-17,0.002488514641299844,1.492547859097251e-19
2.158,0.3,0.2801828384399414,0.012942874077725718,-3.8846965825389094e-17,0.0024882557336241007,2.7886132099975254e-19
2.1590000000000003,0.3,0.2802141010761261,0.012942874077725718,-3.7589522254132934e-17,0.002487997291609645,4.663714546189139e-19
2.16,0.3,0.2802453637123108,0.012942874077725718,-3.637352374028813e-17,0.0024877393152564764,6.627651946741266e-19
2.161,0.3,0.28027668595314026,0.012942874077725718,-3.522743522309386e-17,0.0024874815717339516,8.650728204976324e-19
2.162,0.3,0.2803080379962921,0.012942874077725718,-3.417485120234258e-17,0.0024872240610420704,1.0544806459260099e-18
2.1630000000000003,0.3,0.28033941984176636,0.012942874077725718,-3.322568130177268e-17,0.0024869670160114765,1.2280194206599297e-18
2.164,0.3,0.280370831489563,0.012942874077725718,-3.2396644495925086e-17,0.00248671043664217,1.3252931745638719e-18
2.165,0.3,0.280402272939682,0.012942874077725718,-3.168959036064946e-17,0.002486454090103507,1.3720545235562376e-18
2.166,0.3,0.2804337739944458,0.012942874077725718,-3.1100333362046284e-17,0.002486197976395488,1.3494940763454142e-18
2.1670000000000003,0.3,0.2804652750492096,0.012942874077725718,-3.060175190219117e-17,0.0024859425611793995,1.287819894183619e-18
2.168,0.3,0.28049683570861816,0.012942874077725718,-3.017947619948285e-17,0.002485687145963311,1.1553502757220804e-18
2.169,0.3,0.28052839636802673,0.012942874077725718,-2.980989521051661e-17,0.002485432429239154,9.535822527699455e-19
2.17,0.3,0.2805600166320801,0.012942874077725718,-2.946474251940028e-17,0.00248517794534564,7.171870201796118e-19
2.1710000000000003,0.3,0.2805916368961334,0.012942874077725718,-2.9125045911604355e-17,0.00248492369428277,4.808314511330865e-19
2.172,0.3,0.28062331676483154,0.012942874077725718,-2.8800920151659127e-17,0.0024846699088811874,2.0836459646453286e-19
2.173,0.3,0.28065499663352966,0.012942874077725718,-2.8468787283384385e-17,0.002484416589140892,-6.55459288130513e-20
2.174,0.3,0.28068670630455017,0.012942874077725718,-2.812445184671326e-17,0.0024841635022312403,-3.4238921737590303e-19
2.1750000000000003,0.3,0.28071844577789307,0.012942874077725718,-2.775787517773181e-17,0.002483910648152232,-6.19187489747343e-19
2.176,0.3,0.28075021505355835,0.012942874077725718,-2.7369100289831888e-17,0.002483658492565155,-8.959407426944924e-19
2.177,0.3,0.280782014131546,0.012942874077725718,-2.6958166887682894e-17,0.002483406336978078,-1.1726489728197723e-18
2.178,0.3,0.2808138132095337,0.012942874077725718,-2.6525124602121584e-17,0.0024831548798829317,-1.4493121765419877e-18
2.179,0.3,0.28084564208984375,0.012942874077725718,-2.6065564560483048e-17,0.0024829034227877855,-1.7100874912066416e-18
2.18,0.3,0.2808775007724762,0.012942874077725718,-2.5578692669379236e-17,0.0024826526641845703,-1.9519971109686337e-18
2.181,0.3,0.28090938925743103,0.012942874077725718,-2.5063632117360842e-17,0.0024824021384119987,-2.1388862642728057e-18
2.182,0.3,0.28094127774238586,0.012942874077725718,-2.4533073509385655e-17,0.002482151845470071,-2.233667980154791e-18
2.183,0.3,0.2809731960296631,0.012942874077725718,-2.4000437023711735e-17,0.0024819020181894302,-2.317063633896944e-18
2.184,0.3,0.2810051143169403,0.012942874077725718,-2.3447405572854707e-17,0.002481652656570077,-2.373233532783605e-18
2.185,0.3,0.2810370624065399,0.012942874077725718,-2.286418699272317e-17,0.0024814035277813673,-2.4165350331422904e-18
2.186,0.3,0.2810690104961395,0.012942874077725718,-2.223672583034862e-17,0.0024811546318233013,-2.429636744200636e-18
2.187,0.3,0.2811009883880615,0.012942874077725718,-2.156004576716594e-17,0.0024809062015265226,-2.4110523956210422e-18
2.188,0.3,0.2811329960823059,0.012942874077725718,-2.0826164510263993e-17,0.0024806582368910313,-2.3320853462946163e-18
2.189,0.3,0.2811650037765503,0.012942874077725718,-2.0029533332093774e-17,0.0024804105050861835,-2.2056050981581834e-18
2.19,0.3,0.2811970114707947,0.012942874077725718,-1.916537278307595e-17,0.002480163238942623,-2.014284393941836e-18
2.191,0.3,0.28122904896736145,0.012942874077725718,-1.8237559031560947e-17,0.0024799162056297064,-1.7551486348084985e-18
2.192,0.3,0.2812610864639282,0.012942874077725718,-1.7260028416509055e-17,0.002479669637978077,-1.4282079424577376e-18
2.193,0.3,0.281293123960495,0.012942874077725718,-1.626494172013634e-17,0.002479423303157091,-1.0983367565002225e-18
2.194,0.3,0.28132519125938416,0.012942874077725718,-1.5252232767993793e-17,0.0024791774339973927,-7.323560135125225e-19
2.195,0.3,0.2813572585582733,0.012942874077725718,-1.4245946046127108e-17,0.002478931797668338,-3.6643609793037817e-19
2.196,0.3,0.28138935565948486,0.012942874077725718,-1.3246068319646484e-17,0.0024786866270005703,-5.770015106059742e-22
2.197,0.3,0.281421422958374,0.012942874077725718,-1.2261086461636716e-17,0.0024784416891634464,3.3502921213910524e-19
2.198,0.3,0.28145352005958557,0.012942874077725718,-1.1291566263636788e-17,0.00247819721698761,6.5473698674157e-19
2.199,0.3,0.2814856171607971,0.012942874077725718,-1.0341105961311307e-17,0.002477952977642417,9.456941087783939e-19
2.2,0.3,0.28151771426200867,0.012942874077725718,-9.418504274836e-18,0.0024777092039585114,1.2094002537932854e-18
2.201,0.3,0.2815498411655426,0.012942874077725718,-8.53841719030408e-18,0.0024774656631052494,1.4428723143516905e-18
2.202,0.3,0.28158193826675415,0.012942874077725718,-7.70985849485054e-18,0.0024772225879132748,1.6302728137981116e-18
2.203,0.3,0.2816140651702881,0.012942874077725718,-6.924409971381425e-18,0.0024769799783825874,1.8176436186953084e-18
2.204,0.3,0.281646192073822,0.012942874077725718,-6.194110406531833e-18,0.0024767373688519,1.9619407584349173e-18
2.205,0.3,0.28167828917503357,0.012942874077725718,-5.5307951005061726e-18,0.0024764954578131437,2.070045058150009e-18
2.206,0.3,0.2817104160785675,0.012942874077725718,-4.911995759915972e-18,0.002476253779605031,2.1721520368973736e-18
2.207,0.3,0.28174254298210144,0.012942874077725718,-4.323616399942716e-18,0.002476012334227562,2.2524185179707447e-18
2.208,0.3,0.2817746698856354,0.012942874077725718,-3.7382107542715875e-18,0.00247577135451138,2.342532538153043e-18
2.209,0.3,0.2818067669868469,0.012942874077725718,-3.1515295960959024e-18,0.002475530607625842,2.3919712641246426e-18
2.21,0.3,0.28183889389038086,0.012942874077725718,-2.539091481211388e-18,0.0024752903264015913,2.389384264933727e-18
2.211,0.3,0.2818710207939148,0.012942874077725718,-1.876927197008095e-18,0.002475050278007984,2.3709529840069812e-18
2.212,0.3,0.28190311789512634,0.012942874077725718,-1.1700322940003848e-18,0.0024748106952756643,2.319341090009868e-18
2.213,0.3,0.2819352149963379,0.012942874077725718,-4.1474130224948723e-19,0.002474571345373988,2.2315612320228936e-18
2.214,0.3,0.28196731209754944,0.012942874077725718,4.1288358384066384e-19,0.0024743324611335993,2.1437936155109743e-18
2.215,0.3,0.281999409198761,0.012942874077725718,1.3175889075706567e-18,0.002474093809723854,2.0733777157493938e-18
2.216,0.3,0.28203150629997253,0.012942874077725718,2.2897244438723238e-18,0.002473855623975396,2.0029713700431366e-18
2.217,0.3,0.2820636034011841,0.012942874077725718,3.3393603929204623e-18,0.002473617671057582,1.9687509697374155e-18
2.218,0.3,0.28209567070007324,0.012942874077725718,4.466340624374453e-18,0.0024733799509704113,2.019736935800129e-18
2.219,0.3,0.2821277379989624,0.012942874077725718,5.632945288711571e-18,0.002473142696544528,2.0880533050091847e-18
2.22,0.3,0.2821597754955292,0.012942874077725718,6.844694162159383e-18,0.002472905907779932,2.209875102878017e-18
2.221,0.3,0.28219184279441833,0.012942874077725718,8.067955735372709e-18,0.0024726693518459797,2.3316761881235106e-18
2.222,0.3,0.2822238802909851,0.012942874077725718,9.308021896320355e-18,0.002472433028742671,2.472294578247939e-18
2.223,0.3,0.2822558879852295,0.012942874077725718,1.0560530508042024e-17,0.0024721971713006496,2.649068231049493e-18
2.224,0.3,0.2822878956794739,0.012942874077725718,1.178478842030317e-17,0.002471961546689272,2.766934835000723e-18
2.225,0.3,0.28231990337371826,0.012942874077725718,1.2961221231088336e-17,0.0024717263877391815,2.8055682160867715e-18
2.226,0.3,0.28235191106796265,0.012942874077725718,1.4097970051986272e-17,0.0024714914616197348,2.7936710629518424e-18
2.227,0.3,0.28238385915756226,0.012942874077725718,1.5213697731977397e-17,0.0024712570011615753,2.7644352042167605e-18
2.228,0.3,0.28241583704948425,0.012942874077725718,1.6317940836343836e-17,0.0024710227735340595,2.7352044712948015e-18
2.229,0.3,0.28244778513908386,0.012942874077725718,1.7396036761547474e-17,0.002470789011567831,2.6539549186194892e-18
2.23,0.3,0.2824797034263611,0.012942874077725718,1.8476126192027365e-17,0.002470555482432246,2.571220208043417e-18
2.231,0.3,0.2825116217136383,0.012942874077725718,1.9548552621312565e-17,0.002470322186127305,2.4364744107949038e-18
2.232,0.3,0.28254351019859314,0.012942874077725718,2.06324735523898e-17,0.002470089355483651,2.2685659958059883e-18
2.233,0.3,0.282575398683548,0.012942874077725718,2.1741843522192844e-17,0.002469856757670641,2.1006848953973336e-18
2.234,0.3,0.2826072573661804,0.012942874077725718,2.2881092910082527e-17,0.002469624625518918,1.9486739587176364e-18
2.235,0.3,0.2826390862464905,0.012942874077725718,2.4041208756104473e-17,0.002469392726197839,1.7808448661039474e-18
2.236,0.3,0.28267091512680054,0.012942874077725718,2.522214473814438e-17,0.002469161059707403,1.5972002653168688e-18
2.237,0.3,0.2827027142047882,0.012942874077725718,2.643280959139944e-17,0.002468929858878255,1.4294284879024263e-18
2.238,0.3,0.2827345132827759,0.012942874077725718,2.7668665403029192e-17,0.002468699123710394,1.2616840565843112e-18
2.239,0.3,0.2827662527561188,0.012942874077725718,2.8925195766889094e-17,0.0024684686213731766,1.07812413621863e-18
2.24,0.3,0.28279799222946167,0.012942874077725718,3.021129949200899e-17,0.002468238351866603,9.104370570677005e-19
2.241,0.3,0.2828297019004822,0.012942874077725718,3.152287045382817e-17,0.002468008315190673,7.442771222487871e-19
2.242,0.3,0.2828614115715027,0.012942874077725718,3.2880201047133785e-17,0.00246777874417603,6.678577560396902e-19
2.243,0.3,0.2828930616378784,0.012942874077725718,3.4245594997050566e-17,0.0024675496388226748,6.62322557797493e-19
2.244,0.3,0.28292471170425415,0.012942874077725718,3.559149726301315e-17,0.0024673205334693193,7.118178048685812e-19
2.245,0.3,0.2829563319683075,0.012942874077725718,3.688829147036968e-17,0.002467092126607895,7.929915933281353e-19
2.246,0.3,0.28298792243003845,0.012942874077725718,3.815165765481172e-17,0.0024668637197464705,9.608683922151415e-19
2.247,0.3,0.283019483089447,0.012942874077725718,3.936631282734174e-17,0.0024666357785463333,1.2426192765586998e-18
2.248,0.3,0.2830510437488556,0.012942874077725718,4.0514227759328526e-17,0.00246640807017684,1.6065399005361927e-18
2.249,0.3,0.2830825448036194,0.012942874077725718,4.158676337645458e-17,0.0024661808274686337,2.054117382588798e-18
2.25,0.3,0.2831140458583832,0.012942874077725718,4.2578397420950503e-17,0.002465953817591071,2.6140227303306017e-18
2.251,0.3,0.2831454873085022,0.012942874077725718,4.347532921147645e-17,0.002465727273374796,3.2530509839762722e-18
2.2520000000000002,0.3,0.2831769287586212,0.012942874077725718,4.425899681508674e-17,0.0024655007291585207,3.904816040890904e-18
2.253,0.3,0.28320831060409546,0.012942874077725718,4.4933539443566583e-17,0.0024652748834341764,4.550470915550198e-18
2.254,0.3,0.2832396924495697,0.012942874077725718,4.5526184573958776e-17,0.002465049037709832,5.220200744136089e-18
2.255,0.3,0.28327101469039917,0.012942874077725718,4.603819282951685e-17,0.0024648236576467752,5.836287523398416e-18
2.2560000000000002,0.3,0.28330233693122864,0.012942874077725718,4.647918597512602e-17,0.002464598510414362,6.367053910033446e-18
2.257,0.3,0.28333359956741333,0.012942874077725718,4.6859596412671806e-17,0.002464373828843236,6.783830120632524e-18
2.258,0.3,0.28336483240127563,0.012942874077725718,4.719319835371444e-17,0.0024641493801027536,7.102477707512881e-18
2.259,0.3,0.28339603543281555,0.012942874077725718,4.747816207473896e-17,0.002463925164192915,7.283820737898735e-18
2.2600000000000002,0.3,0.2834272086620331,0.012942874077725718,4.775471502329504e-17,0.0024637014139443636,7.355734673573132e-18
2.261,0.3,0.2834583520889282,0.012942874077725718,4.8017348176503075e-17,0.002463477896526456,7.315235097576764e-18
2.262,0.3,0.283489465713501,0.012942874077725718,4.8252244309410984e-17,0.002463254611939192,7.097467815500002e-18
2.263,0.3,0.28352054953575134,0.012942874077725718,4.8504941369101033e-17,0.002463031793013215,6.830706367429319e-18
2.2640000000000002,0.3,0.28355157375335693,0.012942874077725718,4.8757956066146303e-17,0.002462809206917882,6.437246206094762e-18
2.265,0.3,0.28358256816864014,0.012942874077725718,4.9016142296381255e-17,0.0024625868536531925,5.934452943022125e-18
2.266,0.3,0.28361353278160095,0.012942874077725718,4.9285062022244694e-17,0.0024623649660497904,5.3585356946793e-18
2.267,0.3,0.2836444675922394,0.012942874077725718,4.9561164984547544e-17,0.002462143311277032,4.762366188966781e-18
2.2680000000000002,0.3,0.28367534279823303,0.012942874077725718,4.9859988943916e-17,0.002461921889334917,4.151954706661481e-18
2.269,0.3,0.2837061882019043,0.012942874077725718,5.017322569827758e-17,0.0024617009330540895,3.514464608907676e-18
2.27,0.3,0.2837370038032532,0.012942874077725718,5.049552504343029e-17,0.002461479976773262,2.8800844849828664e-18
2.271,0.3,0.2837677597999573,0.012942874077725718,5.083605214056122e-17,0.0024612597189843655,2.3136873157951837e-18
2.2720000000000002,0.3,0.283798485994339,0.012942874077725718,5.118010302710163e-17,0.002461039461195469,1.812258047102555e-18
2.273,0.3,0.2838291823863983,0.012942874077725718,5.152223816334336e-17,0.0024608196690678596,1.3727818423936454e-18
2.274,0.3,0.28385984897613525,0.012942874077725718,5.186839670608455e-17,0.002460600109770894,9.9975455051527e-19
2.275,0.3,0.2838904559612274,0.012942874077725718,5.220766979740685e-17,0.002460380783304572,6.871567303635979e-19
2.2760000000000002,0.3,0.2839210033416748,0.012942874077725718,5.2540775430081957e-17,0.0024601619224995375,4.0479463792539848e-19
2.277,0.3,0.2839515209197998,0.012942874077725718,5.288542519538585e-17,0.0024599432945251465,1.9868945039498065e-19
2.278,0.3,0.2839820086956024,0.012942874077725718,5.324680386139802e-17,0.002459724899381399,5.448771596940434e-20
2.279,0.3,0.28401243686676025,0.012942874077725718,5.3616904319788943e-17,0.002459506969898939,-7.234489721670794e-20
2.2800000000000002,0.3,0.2840428352355957,0.012942874077725718,5.399966395027438e-17,0.0024592892732471228,-1.516278595507453e-19
2.281,0.3,0.28407320380210876,0.012942874077725718,5.438651316170828e-17,0.00245907180942595,-2.135524188942124e-19
2.282,0.3,0.28410348296165466,0.012942874077725718,5.479040891120567e-17,0.002458854578435421,-1.962524427892315e-19
2.283,0.3,0.28413376212120056,0.012942874077725718,5.521137105110126e-17,0.0024586375802755356,-9.974113807151967e-20
2.2840000000000003,0.3,0.2841639816761017,0.012942874077725718,5.563913261563203e-17,0.0024584210477769375,3.9775299251317523e-20
2.285,0.3,0.28419414162635803,0.012942874077725718,5.607897432582853e-17,0.002458204748108983,1.9210633441713655e-19
2.286,0.3,0.2842242419719696,0.012942874077725718,5.654420055466305e-17,0.002457988914102316,3.7159008017029563e-19
2.287,0.3,0.2842543423175812,0.012942874077725718,5.7040899351444e-17,0.0024577730800956488,5.510437462163842e-19
2.2880000000000003,0.3,0.2842843532562256,0.012942874077725718,5.755678212099127e-17,0.002457557711750269,6.874464492645111e-19
2.289,0.3,0.2843143343925476,0.012942874077725718,5.809017464974506e-17,0.0024573425762355328,8.238263360314255e-19
2.29,0.3,0.28434425592422485,0.012942874077725718,5.864143427973e-17,0.0024571276735514402,9.616859921215997e-19
2.291,0.3,0.2843741476535797,0.012942874077725718,5.919736582581464e-17,0.002456913236528635,1.0708421335399681e-18
2.2920000000000003,0.3,0.2844039797782898,0.012942874077725718,5.975726122139463e-17,0.0024566990323364735,1.1814826756990496e-18
2.293,0.3,0.2844337522983551,0.012942874077725718,6.031284866034445e-17,0.0024564850609749556,1.2807698149225818e-18
2.294,0.3,0.284463495016098,0.012942874077725718,6.084986093145877e-17,0.0024562713224440813,1.3672028852223314e-18
2.295,0.3,0.28449317812919617,0.012942874077725718,6.134104739663766e-17,0.0024560578167438507,1.3774127280025935e-18
2.2960000000000003,0.3,0.28452280163764954,0.012942874077725718,6.179031896581726e-17,0.0024558447767049074,1.3574379292606928e-18
2.297,0.3,0.28455236554145813,0.012942874077725718,6.220620552547422e-17,0.0024556319694966078,1.3533093668177683e-18
2.298,0.3,0.28458189964294434,0.012942874077725718,6.256132408861059e-17,0.002455419395118952,1.2684646972628072e-18
2.299,0.3,0.28461137413978577,0.012942874077725718,6.287021979911749e-17,0.0024552070535719395,1.137608386391736e-18
2.3000000000000003,0.3,0.2846407890319824,0.012942874077725718,6.311353663066119e-17,0.002454994944855571,9.087115335486313e-19
2.301,0.3,0.2846701741218567,0.012942874077725718,6.332848447591677e-17,0.0024547833018004894,6.798528503055641e-19
2.302,0.3,0.2846994698047638,0.012942874077725718,6.350483276506817e-17,0.0024545718915760517,4.1483857343326736e-19
2.303,0.3,0.2847287356853485,0.012942874077725718,6.36659278437241e-17,0.0024543607141822577,1.4686308195195902e-19
2.3040000000000003,0.3,0.28475794196128845,0.012942874077725718,6.380707132600525e-17,0.0024541497696191072,-1.7310433035019444e-19
2.305,0.3,0.2847870886325836,0.012942874077725718,6.395114633637729e-17,0.0024539390578866005,-5.133693137706342e-19
2.306,0.3,0.2848162055015564,0.012942874077725718,6.409847712964033e-17,0.0024537285789847374,-9.214569679518284e-19
2.307,0.3,0.284845232963562,0.012942874077725718,6.427188065581105e-17,0.0024535185657441616,-1.3656702791134304e-18
2.308,0.3,0.28487423062324524,0.012942874077725718,6.448146837069728e-17,0.0024533087853342295,-1.858840663679408e-18
2.309,0.3,0.2849031388759613,0.012942874077725718,6.474576250257533e-17,0.002453099237754941,-2.3519287574053412e-18
2.31,0.3,0.284932017326355,0.012942874077725718,6.506462408510227e-17,0.002452889923006296,-2.8449345579431326e-18
2.311,0.3,0.2849608361721039,0.012942874077725718,6.543342752429271e-17,0.002452680841088295,-3.3537008993520293e-18
2.312,0.3,0.284989595413208,0.012942874077725718,6.586241662485251e-17,0.002452472224831581,-3.842031563009466e-18
2.313,0.3,0.28501829504966736,0.012942874077725718,6.632727889421751e-17,0.002452263841405511,-4.346123553488824e-18
2.314,0.3,0.28504693508148193,0.012942874077725718,6.685675389559025e-17,0.0024520554579794407,-4.764906789188928e-18
2.315,0.3,0.28507551550865173,0.012942874077725718,6.743270321249868e-17,0.002451847540214658,-5.096893012740028e-18
2.316,0.3,0.28510403633117676,0.012942874077725718,6.802709534834458e-17,0.0024516398552805185,-5.359442265179042e-18
2.317,0.3,0.285132497549057,0.012942874077725718,6.861561119311891e-17,0.002451432403177023,-5.5729167685230624e-18
2.318,0.3,0.2851608991622925,0.012942874077725718,6.918832457947102e-17,0.002451225183904171,-5.756172653629577e-18
2.319,0.3,0.2851892411708832,0.012942874077725718,6.975935713481843e-17,0.0024510184302926064,-5.876026734421408e-18
2.32,0.3,0.2852175235748291,0.012942874077725718,7.032960221422269e-17,0.0024508116766810417,-5.929484598266056e-18
2.321,0.3,0.28524574637413025,0.012942874077725718,7.089439451902899e-17,0.0024506053887307644,-5.900714574025621e-18
2.322,0.3,0.2852739095687866,0.012942874077725718,7.14404726896569e-17,0.0024503993336111307,-5.80407086524615e-18
2.323,0.3,0.2853020131587982,0.012942874077725718,7.196222513283085e-17,0.002450193278491497,-5.610884114548119e-18
2.324,0.3,0.28533005714416504,0.012942874077725718,7.243298354560213e-17,0.0024499876890331507,-5.398882272813138e-18
2.325,0.3,0.2853580415248871,0.012942874077725718,7.284682531478486e-17,0.002449782332405448,-5.156732856791299e-18
2.326,0.3,0.28538593649864197,0.012942874077725718,7.321263105143541e-17,0.002449577208608389,-4.870100345922096e-18
2.327,0.3,0.28541380167007446,0.012942874077725718,7.3546401737323e-17,0.0024493723176419735,-4.51563770170285e-18
2.328,0.3,0.2854415774345398,0.012942874077725718,7.382986660707758e-17,0.0024491678923368454,-4.1091992735919204e-18
2.329,0.3,0.28546932339668274,0.012942874077725718,7.407105923880824e-17,0.0024489634670317173,-3.5745842310111294e-18
2.33,0.3,0.2854969799518585,0.012942874077725718,7.42342983696119e-17,0.002448759274557233,-3.021211685343976e-18
2.331,0.3,0.2855245769023895,0.012942874077725718,7.431738700778163e-17,0.0024485555477440357,-2.4249100805788168e-18
2.332,0.3,0.28555211424827576,0.012942874077725718,7.432209862855073e-17,0.0024483518209308386,-1.8287085003287357e-18
2.333,0.3,0.2855795621871948,0.012942874077725718,7.42436422018113e-17,0.0024481485597789288,-1.2499518745795965e-18
2.334,0.3,0.2856069803237915,0.012942874077725718,7.407600908759376e-17,0.0024479455314576626,-7.263311075835413e-19
2.335,0.3,0.285634309053421,0.012942874077725718,7.383790680263159e-17,0.0024477425031363964,-2.736794578083386e-19
2.336,0.3,0.28566157817840576,0.012942874077725718,7.355836607770297e-17,0.0024475399404764175,1.2836404718570758e-19
2.337,0.3,0.2856887876987457,0.012942874077725718,7.321861322162539e-17,0.0024473376106470823,3.817471366108103e-19
2.338,0.3,0.28571590781211853,0.012942874077725718,7.284710324747067e-17,0.0024471355136483908,5.211843712739285e-19
2.339,0.3,0.28574299812316895,0.012942874077725718,7.245543653614927e-17,0.002446933416649699,5.5502859023476415e-19
2.34,0.3,0.2857699990272522,0.012942874077725718,7.207353717350088e-17,0.002446731785312295,4.749641472654622e-19
2.341,0.3,0.2857969403266907,0.012942874077725718,7.172413608275849e-17,0.0024465303868055344,3.2853874230581876e-19
2.342,0.3,0.2858238220214844,0.012942874077725718,7.140320323997771e-17,0.0024463292211294174,6.973682192405711e-20
2.343,0.3,0.2858506143093109,0.012942874077725718,7.113293355535459e-17,0.002446128288283944,-2.3955305832493325e-19
2.344,0.3,0.2858773469924927,0.012942874077725718,7.093687851528972e-17,0.0024459275882691145,-5.487905683320001e-19
2.345,0.3,0.28590402007102966,0.012942874077725718,7.080257747103561e-17,0.0024457271210849285,-9.009995984659956e-19
2.346,0.3,0.2859306037425995,0.012942874077725718,7.072963999334313e-17,0.002445526886731386,-1.2486447734520289e-18
2.347,0.3,0.2859571576118469,0.012942874077725718,7.069997398785453e-17,0.0024453268852084875,-1.6060685733859081e-18
2.348,0.3,0.2859835922718048,0.012942874077725718,7.071312946831657e-17,0.0024451271165162325,-1.909898447584508e-18
2.349,0.3,0.2860099971294403,0.012942874077725718,7.075556052501809e-17,0.002444927580654621,-2.1427996179381606e-18
2.35,0.3,0.28603631258010864,0.012942874077725718,7.080415904036681e-17,0.0024447282776236534,-2.30478448107053e-18
2.351,0.3,0.2860625684261322,0.012942874077725718,7.08259304340892e-17,0.0024445289745926857,-2.430553530099993e-18
2.352,0.3,0.286088764667511,0.012942874077725718,7.080666705198407e-17,0.0024443301372230053,-2.5216143114952213e-18
2.353,0.3,0.2861148715019226,0.012942874077725718,7.074996878407723e-17,0.0024441315326839685,-2.5334465132425918e-18
2.354,0.3,0.28614091873168945,0.012942874077725718,7.064561167799754e-17,0.0024439331609755754,-2.502252091481315e-18
2.355,0.3,0.28616687655448914,0.012942874077725718,7.05030255927281e-17,0.002443735022097826,-2.4438806917041497e-18
2.356,0.3,0.28619277477264404,0.012942874077725718,7.031803492053674e-17,0.00244353711605072,-2.421707825712935e-18
2.357,0.3,0.2862186133861542,0.012942874077725718,7.010950599683458e-17,0.0024433392100036144,-2.418383409546588e-18
2.358,0.3,0.28624436259269714,0.012942874077725718,6.98899656448181e-17,0.002443141769617796,-2.4225634835605207e-18
2.359,0.3,0.28627005219459534,0.012942874077725718,6.96965575827134e-17,0.002442944562062621,-2.3852169143322187e-18
2.36,0.3,0.28629565238952637,0.012942874077725718,6.953779846210733e-17,0.0024427473545074463,-2.341037004707188e-18
2.361,0.3,0.2863211929798126,0.012942874077725718,6.943894707018479e-17,0.0024425506126135588,-2.298364116193947e-18
2.362,0.3,0.2863466441631317,0.012942874077725718,6.93954241350747e-17,0.0024423538707196712,-2.288883525119318e-18
2.363,0.3,0.28637203574180603,0.012942874077725718,6.941172951930934e-17,0.002442157594487071,-2.3125895439412912e-18
2.364,0.3,0.28639736771583557,0.012942874077725718,6.950184588396332e-17,0.002441961318254471,-2.336290460155962e-18
2.365,0.3,0.28642261028289795,0.012942874077725718,6.966519089388539e-17,0.0024417652748525143,-2.3614865282419493e-18
2.366,0.3,0.28644779324531555,0.012942874077725718,6.991120764294846e-17,0.0024415694642812014,-2.370834298563844e-18
2.367,0.3,0.286472886800766,0.012942874077725718,7.022784576398886e-17,0.002441373886540532,-2.405864434866267e-18
2.368,0.3,0.28649792075157166,0.012942874077725718,7.060513938498655e-17,0.0024411785416305065,-2.4363876110210116e-18
2.369,0.3,0.28652286529541016,0.012942874077725718,7.10208737434108e-17,0.0024409834295511246,-2.491090774288844e-18
2.37,0.3,0.2865477502346039,0.012942874077725718,7.146096029906861e-17,0.0024407885503023863,-2.53828498251789e-18
2.371,0.3,0.28657254576683044,0.012942874077725718,7.189771827994151e-17,0.002440593671053648,-2.593815113583234e-18
2.372,0.3,0.28659728169441223,0.012942874077725718,7.232578755566015e-17,0.002440399257466197,-2.5958089426784076e-18
2.373,0.3,0.28662192821502686,0.012942874077725718,7.273084797546002e-17,0.002440204843878746,-2.529932853691367e-18
2.374,0.3,0.2866465151309967,0.012942874077725718,7.309006935443465e-17,0.0024400108959525824,-2.427884342387769e-18
2.375,0.3,0.2866710126399994,0.012942874077725718,7.338968078974626e-17,0.0024398169480264187,-2.289669946094845e-18
2.376,0.3,0.2866954207420349,0.012942874077725718,7.360106844964541e-17,0.0024396232329308987,-2.1673229398435697e-18
2.3770000000000002,0.3,0.28671976923942566,0.012942874077725718,7.375164179090966e-17,0.0024394297506660223,-1.965783640417094e-18
2.378,0.3,0.28674405813217163,0.012942874077725718,7.383532599912043e-17,0.0024392365012317896,-1.7069050311749154e-18
2.379,0.3,0.28676825761795044,0.012942874077725718,7.3866189762136e-17,0.002439043251797557,-1.4065388384893717e-18
2.38,0.3,0.2867923676967621,0.012942874077725718,7.385505260236859e-17,0.0024388504680246115,-1.0918798041298423e-18
2.3810000000000002,0.3,0.28681641817092896,0.012942874077725718,7.381397812187166e-17,0.002438657684251666,-7.372403365474725e-19
2.382,0.3,0.28684040904045105,0.012942874077725718,7.375166826068926e-17,0.002438465366140008,-3.931525086237479e-19
2.383,0.3,0.2868642807006836,0.012942874077725718,7.371455101224278e-17,0.00243827304802835,-1.0585985977481855e-20
2.384,0.3,0.28688809275627136,0.012942874077725718,7.37398164168726e-17,0.0024380807299166918,4.436382964304124e-19
2.3850000000000002,0.3,0.28691184520721436,0.012942874077725718,7.3836417877529e-17,0.002437888877466321,9.204821776285312e-19
2.386,0.3,0.2869355082511902,0.012942874077725718,7.403365082278614e-17,0.002437697257846594,1.4259370735529838e-18
2.387,0.3,0.28695908188819885,0.012942874077725718,7.432565219646226e-17,0.0024375056382268667,1.9079748066712068e-18
2.388,0.3,0.28698259592056274,0.012942874077725718,7.474654154446394e-17,0.0024373142514377832,2.405777570253922e-18
2.3890000000000002,0.3,0.2870060205459595,0.012942874077725718,7.529369835861062e-17,0.0024371230974793434,2.9109910817188145e-18
2.39,0.3,0.2870293855667114,0.012942874077725718,7.592559817215213e-17,0.0024369321763515472,3.36024179197889e-18
2.391,0.3,0.28705263137817383,0.012942874077725718,7.661479844108641e-17,0.0024367414880543947,3.739193277050258e-18
2.392,0.3,0.28707584738731384,0.012942874077725718,7.73276097534254e-17,0.002436550799757242,4.027519422557826e-18
2.3930000000000002,0.3,0.2870989441871643,0.012942874077725718,7.804056664955221e-17,0.002436360577121377,4.192051218426839e-18
2.394,0.3,0.28712198138237,0.012942874077725718,7.874889795169362e-17,0.0024361703544855118,4.248651754714382e-18
2.395,0.3,0.2871449589729309,0.012942874077725718,7.944955963519544e-17,0.0024359803646802902,4.219172057879184e-18
2.396,0.3,0.28716781735420227,0.012942874077725718,8.010360141937376e-17,0.0024357903748750687,4.064451852557531e-18
2.3970000000000002,0.3,0.28719061613082886,0.012942874077725718,8.071307471214773e-17,0.0024356008507311344,3.807841877154137e-18
2.398,0.3,0.28721335530281067,0.012942874077725718,8.124946494344142e-17,0.0024354113265872,3.4463632035706202e-18
2.399,0.3,0.28723597526550293,0.012942874077725718,8.170219081885904e-17,0.0024352220352739096,3.0072264557384323e-18
2.4,0.3,0.2872585356235504,0.012942874077725718,8.207712862947218e-17,0.002435032743960619,2.5266214596275048e-18
2.4010000000000002,0.3,0.2872810363769531,0.012942874077725718,8.235964058716109e-17,0.0024348439183086157,2.0174030674667587e-18
2.402,0.3,0.2873034179210663,0.012942874077725718,8.254435994411153e-17,0.0024346550926566124,1.4924246085648518e-18
2.403,0.3,0.28732576966285706,0.012942874077725718,8.26405378882943e-17,0.0024344664998352528,9.833743889895007e-19
2.404,0.3,0.2873480021953583,0.012942874077725718,8.264795604402767e-17,0.0024342781398445368,4.887530255921834e-19
2.4050000000000002,0.3,0.2873701751232147,0.012942874077725718,8.257595162606616e-17,0.0024340900126844645,2.4401159791594223e-20
2.406,0.3,0.2873922288417816,0.012942874077725718,8.242392244692381e-17,0.002433901885524392,-4.2852189169695137e-19
2.407,0.3,0.2874142527580261,0.012942874077725718,8.221127747249358e-17,0.0024337139911949635,-8.511817681365983e-19
2.408,0.3,0.2874361574649811,0.012942874077725718,8.194563999930075e-17,0.0024335260968655348,-1.2337255687090152e-18
2.4090000000000003,0.3,0.28745800256729126,0.012942874077725718,8.165974652726772e-17,0.0024333386681973934,-1.5429770221240604e-18
2.41,0.3,0.2874797582626343,0.012942874077725718,8.137129872150313e-17,0.002433151239529252,-1.7819395750149884e-18
2.411,0.3,0.2875014543533325,0.012942874077725718,8.109654240923752e-17,0.0024329640436917543,-1.9906724279256853e-18
2.412,0.3,0.2875230610370636,0.012942874077725718,8.083509377866666e-17,0.0024327770806849003,-2.1865190746099924e-18
2.4130000000000003,0.3,0.2875445783138275,0.012942874077725718,8.061525564162966e-17,0.0024325901176780462,-2.303118375446151e-18
2.414,0.3,0.28756600618362427,0.012942874077725718,8.042658567007367e-17,0.002432403387501836,-2.37665604940973e-18
2.415,0.3,0.28758734464645386,0.012942874077725718,8.029702271636826e-17,0.002432216890156269,-2.3581145462284593e-18
2.416,0.3,0.28760862350463867,0.012942874077725718,8.024483754588352e-17,0.0024320303928107023,-2.2158230510327953e-18
2.4170000000000003,0.3,0.2876298129558563,0.012942874077725718,8.025683497348799e-17,0.002431844361126423,-2.0275207129343597e-18
2.418,0.3,0.2876509428024292,0.012942874077725718,8.034380143436936e-17,0.0024316580966115,-1.7713915423544654e-18
2.419,0.3,0.2876719534397125,0.012942874077725718,8.050417521153114e-17,0.002431472297757864,-1.4044040654834163e-18
2.42,0.3,0.2876929044723511,0.012942874077725718,8.072375526821702e-17,0.002431286498904228,-9.756002142948212e-19
2.4210000000000003,0.3,0.28771379590034485,0.012942874077725718,8.10042422877664e-17,0.002431100932881236,-4.9485374661373715e-19
2.422,0.3,0.2877345681190491,0.012942874077725718,8.131675112318893e-17,0.0024309155996888876,-1.4186590043805372e-20
2.423,0.3,0.2877552807331085,0.012942874077725718,8.166118251281111e-17,0.002430730266496539,4.664012731397867e-19
2.424,0.3,0.2877759039402008,0.012942874077725718,8.204204293661013e-17,0.0024305451661348343,9.627527114863526e-19
2.4250000000000003,0.3,0.2877964377403259,0.012942874077725718,8.244688498072828e-17,0.0024303600657731295,1.4318194714022107e-18
2.426,0.3,0.2878168821334839,0.012942874077725718,8.285637908861143e-17,0.002430175431072712,1.854774150158183e-18
2.427,0.3,0.28783726692199707,0.012942874077725718,8.325632422350327e-17,0.0024299907963722944,2.1984444238870013e-18
2.428,0.3,0.2878575623035431,0.012942874077725718,8.365534291610905e-17,0.002429806161671877,2.4930352736121972e-18
2.4290000000000003,0.3,0.28787776827812195,0.012942874077725718,8.404068996755056e-17,0.002429621759802103,2.6781713550041872e-18
2.43,0.3,0.28789788484573364,0.012942874077725718,8.4412683015183e-17,0.002429437590762973,2.7712072135178766e-18
2.431,0.3,0.28791794180870056,0.012942874077725718,8.477987179781774e-17,0.0024292536545544863,2.8340355471725137e-18
2.432,0.3,0.2879379093647003,0.012942874077725718,8.514305702628773e-17,0.0024290697183459997,2.8854908818940864e-18
2.433,0.3,0.2879577875137329,0.012942874077725718,8.546970072401757e-17,0.002428885782137513,2.8607096274762346e-18
2.434,0.3,0.28797757625579834,0.012942874077725718,8.57634292508127e-17,0.002428702311590314,2.8042461625873155e-18
2.435,0.3,0.287997305393219,0.012942874077725718,8.601057758295374e-17,0.0024285188410431147,2.6685772046837233e-18
2.436,0.3,0.2880169451236725,0.012942874077725718,8.623403546235126e-17,0.0024283353704959154,2.532930224149302e-18
2.437,0.3,0.2880364954471588,0.012942874077725718,8.642514065363062e-17,0.0024281523656100035,2.3671123146852804e-18
2.438,0.3,0.288055956363678,0.012942874077725718,8.658302627150984e-17,0.002427969127893448,2.1839857395944764e-18
2.439,0.3,0.28807532787323,0.012942874077725718,8.671736702043335e-17,0.0024277863558381796,2.000889045352697e-18
2.44,0.3,0.2880946397781372,0.012942874077725718,8.683276202460695e-17,0.0024276035837829113,1.833665079801811e-18
2.441,0.3,0.28811386227607727,0.012942874077725718,8.691969539826382e-17,0.0024274210445582867,1.649133193041787e-18
2.442,0.3,0.28813299536705017,0.012942874077725718,8.697742598757512e-17,0.002427238505333662,1.4284693527726446e-18
2.443,0.3,0.2881520688533783,0.012942874077725718,8.701525792007085e-17,0.0024270559661090374,1.1558375120191803e-18
2.444,0.3,0.28817102313041687,0.012942874077725718,8.70566434204781e-17,0.0024268738925457,8.6442473332578595e-19
2.445,0.3,0.28818991780281067,0.012942874077725718,8.711533353929996e-17,0.0024266918189823627,5.700775341023033e-19
2.446,0.3,0.2882087230682373,0.012942874077725718,8.720599253443577e-17,0.0024265097454190254,2.916230571746455e-19
2.447,0.3,0.2882274389266968,0.012942874077725718,8.733636943386393e-17,0.0024263281375169754,5.626987348152698e-20
2.448,0.3,0.2882460653781891,0.012942874077725718,8.750334080359144e-17,0.0024261462967842817,-1.9488572917321698e-19
2.449,0.3,0.2882646322250366,0.012942874077725718,8.771546961731943e-17,0.0024259646888822317,-4.3164662945080715e-19
2.45,0.3,0.288283109664917,0.012942874077725718,8.798104091606326e-17,0.0024257833138108253,-6.411542880480456e-19
2.451,0.3,0.2883014976978302,0.012942874077725718,8.8315532903445e-17,0.0024256021715700626,-8.174485883224849e-19
2.452,0.3,0.28831979632377625,0.012942874077725718,8.872291604640492e-17,0.0024254210293293,-9.303404414909e-19
2.453,0.3,0.2883380353450775,0.012942874077725718,8.919936546179056e-17,0.002425239887088537,-9.927018919232202e-19
2.454,0.3,0.28835615515708923,0.012942874077725718,8.973096466297634e-17,0.002425058977678418,-1.0203847621890441e-18
2.455,0.3,0.2883742153644562,0.012942874077725718,9.030711912067668e-17,0.0024248783010989428,-1.0178666229844786e-18
2.456,0.3,0.28839218616485596,0.012942874077725718,9.09236466097145e-17,0.0024246976245194674,-1.015347670984816e-18
2.457,0.3,0.2884100675582886,0.012942874077725718,9.159962522373773e-17,0.002424516947939992,-9.46476185922709e-19
2.458,0.3,0.2884278893470764,0.012942874077725718,9.230916090085102e-17,0.00242433650419116,-8.686752096949247e-19
2.459,0.3,0.2884456217288971,0.012942874077725718,9.301448126556274e-17,0.002424156293272972,-8.166133380485373e-19
2.46,0.3,0.2884632647037506,0.012942874077725718,9.371169526027143e-17,0.002423976082354784,-7.397793672789236e-19
2.461,0.3,0.28848081827163696,0.012942874077725718,9.436396356921645e-17,0.0024237961042672396,-6.698648259025229e-19
2.462,0.3,0.28849828243255615,0.012942874077725718,9.494652371358039e-17,0.002423616126179695,-5.969851601995731e-19
2.463,0.3,0.28851568698883057,0.012942874077725718,9.546897098846888e-17,0.0024234363809227943,-4.56280685698243e-19
2.464,0.3,0.28853297233581543,0.012942874077725718,9.590849506131016e-17,0.0024232566356658936,-2.7944928313765035e-19
2.465,0.3,0.2885501980781555,0.012942874077725718,9.623639607357108e-17,0.0024230771232396364,-1.1849347564733086e-19
2.466,0.3,0.28856733441352844,0.012942874077725718,9.645289240093336e-17,0.0024228976108133793,2.658937658391682e-20
2.467,0.3,0.2885844111442566,0.012942874077725718,9.65627750735049e-17,0.002422718331217766,1.7164477319845827e-19
2.468,0.3,0.2886013686656952,0.012942874077725718,9.656166334276163e-17,0.0024225390516221523,3.00829847117111e-19
2.469,0.3,0.288618266582489,0.012942874077725718,9.647136830709534e-17,0.002422359772026539,4.888961915361495e-19
2.47,0.3,0.2886350750923157,0.012942874077725718,9.630178966407707e-17,0.0024221809580922127,7.214802889993317e-19
2.471,0.3,0.28865179419517517,0.012942874077725718,9.603905724919553e-17,0.002422001911327243,9.178728059926242e-19
2.472,0.3,0.2886684536933899,0.012942874077725718,9.570962098971771e-17,0.0024218230973929167,1.1211451592018138e-18
2.473,0.3,0.28868499398231506,0.012942874077725718,9.532933628362503e-17,0.002421644516289234,1.2897208451300952e-18
2.474,0.3,0.28870147466659546,0.012942874077725718,9.492579787615226e-17,0.0024214659351855516,1.4869776779737295e-18
2.475,0.3,0.2887178659439087,0.012942874077725718,9.449831755302976e-17,0.002421287354081869,1.6782505526056864e-18
2.476,0.3,0.28873419761657715,0.012942874077725718,9.40699703446253e-17,0.0024211090058088303,1.879384491850696e-18
2.477,0.3,0.28875041007995605,0.012942874077725718,9.366339452994323e-17,0.002420930890366435,2.104734586134172e-18
2.478,0.3,0.2887665629386902,0.012942874077725718,9.328420831970403e-17,0.00242075277492404,2.2939011018852386e-18
2.479,0.3,0.28878262639045715,0.012942874077725718,9.294618923419036e-17,0.0024205746594816446,2.4468909517410534e-18
2.48,0.3,0.28879860043525696,0.012942874077725718,9.265393639760802e-17,0.002420396776869893,2.5320253202608565e-18
2.481,0.3,0.2888144850730896,0.012942874077725718,9.243077630323102e-17,0.0024202188942581415,2.5824888458703155e-18
2.482,0.3,0.28883031010627747,0.012942874077725718,9.229578042726236e-17,0.00242004101164639,2.6329467571339823e-18
2.483,0.3,0.28884604573249817,0.012942874077725718,9.22309029974586e-17,0.002419863361865282,2.6215140104501167e-18
2.484,0.3,0.2888616919517517,0.012942874077725718,9.223879760922481e-17,0.002419685944914818,2.5739412997065938e-18
2.485,0.3,0.2888772487640381,0.012942874077725718,9.232657139838404e-17,0.0024195085279643536,2.467466520461149e-18
2.486,0.3,0.2888927161693573,0.012942874077725718,9.248103579724974e-17,0.0024193311110138893,2.305070544473351e-18
2.487,0.3,0.28890812397003174,0.012942874077725718,9.26785069705233e-17,0.0024191539268940687,2.085275388481307e-18
2.488,0.3,0.288923442363739,0.012942874077725718,9.291126897745082e-17,0.002418976742774248,1.845717855229538e-18
2.489,0.3,0.2889386713504791,0.012942874077725718,9.315056901993996e-17,0.002418799791485071,1.615113543111169e-18
2.49,0.3,0.28895384073257446,0.012942874077725718,9.336000453359349e-17,0.0024186228401958942,1.3632588026759497e-18
2.491,0.3,0.28896889090538025,0.012942874077725718,9.350553538184361e-17,0.0024184458889067173,1.0842141832552462e-18
2.492,0.3,0.28898388147354126,0.012942874077725718,9.357671261919258e-17,0.002418269170448184,7.893709625077286e-19
2.493,0.3,0.2889987826347351,0.012942874077725718,9.358285360806017e-17,0.0024180924519896507,5.104175089147904e-19
2.494,0.3,0.2890136241912842,0.012942874077725718,9.351949819058351e-17,0.0024179157335311174,2.315083008942352e-19
2.495,0.3,0.2890283465385437,0.012942874077725718,9.33913646049766e-17,0.002417739247903228,-3.1513804083540575e-20
2.496,0.3,0.28904300928115845,0.012942874077725718,9.320646657701384e-17,0.002417562762275338,-2.5141912921809687e-19
2.497,0.3,0.28905758261680603,0.012942874077725718,9.297880662010455e-17,0.002417386509478092,-4.282139563102379e-19
2.498,0.3,0.28907209634780884,0.012942874077725718,9.27268937276352e-17,0.002417210256680846,-5.460616944277831e-19
2.499,0.3,0.2890864908695221,0.012942874077725718,9.24555453994933e-17,0.002417034236714244,-6.366570017143287e-19
2.5,0.3,0.2891008257865906,0.012942874077725718,9.217864503507995e-17,0.002416857983916998,-7.000035091011198e-19
2.501,0.3,0.2891150712966919,0.012942874077725718,9.190679378112563e-17,0.0024166819639503956,-7.474965845743713e-19
2.5020000000000002,0.3,0.28912925720214844,0.012942874077725718,9.163912475234837e-17,0.002416506176814437,-7.82105986665106e-19
2.503,0.3,0.2891433537006378,0.012942874077725718,9.13853060357477e-17,0.0024163303896784782,-8.023498465223142e-19
2.504,0.3,0.28915733098983765,0.012942874077725718,9.114578761757684e-17,0.0024161546025425196,-8.225898720126278e-19
2.505,0.3,0.2891712784767151,0.012942874077725718,9.09329970593588e-17,0.0024159790482372046,-7.997467423073187e-19
2.5060000000000002,0.3,0.289185106754303,0.012942874077725718,9.074371828287196e-17,0.002415803261101246,-7.927493729575361e-19
2.507,0.3,0.2891988754272461,0.012942874077725718,9.057789834855713e-17,0.0024156279396265745,-8.015951213595522e-19
2.508,0.3,0.28921255469322205,0.012942874077725718,9.04400702061711e-17,0.0024154523853212595,-8.104384727395254e-19
2.509,0.3,0.28922614455223083,0.012942874077725718,9.033474695313595e-17,0.002415277063846588,-8.034365532281095e-19
2.5100000000000002,0.3,0.28923967480659485,0.012942874077725718,9.025730299546628e-17,0.0024151019752025604,-7.964348773043111e-19
2.511,0.3,0.2892531156539917,0.012942874077725718,9.02076920110478e-17,0.002414926653727889,-7.894334441036763e-19
2.512,0.3,0.2892664670944214,0.012942874077725718,9.019628353603947e-17,0.0024147515650838614,-7.46300442888296e-19
2.513,0.3,0.2892797291278839,0.012942874077725718,9.021290655762934e-17,0.0024145764764398336,-6.541636811657971e-19
2.5140000000000002,0.3,0.28929293155670166,0.012942874077725718,9.023874106252059e-17,0.0024144016206264496,-5.620419724762401e-19
2.515,0.3,0.28930604457855225,0.012942874077725718,9.027834647024963e-17,0.0024142267648130655,-4.540924390938364e-19
2.516,0.3,0.28931906819343567,0.012942874077725718,9.032712365661066e-17,0.0024140519089996815,-3.4616059455260204e-19
2.517,0.3,0.2893320322036743,0.012942874077725718,9.038963204114007e-17,0.0024138770531862974,-2.2240356015238703e-19
2.5180000000000002,0.3,0.2893449068069458,0.012942874077725718,9.046127911707696e-17,0.002413702430203557,-9.866684958634447e-20
2.519,0.3,0.2893576920032501,0.012942874077725718,9.054663092140263e-17,0.0024135278072208166,4.089241704306276e-20
2.52,0.3,0.28937041759490967,0.012942874077725718,9.064107509502148e-17,0.00241335341706872,1.8042872585477628e-19
2.521,0.3,0.28938305377960205,0.012942874077725718,9.074460502048862e-17,0.0024131787940859795,3.1994208097110164e-19
2.5220000000000002,0.3,0.28939560055732727,0.012942874077725718,9.085718761057954e-17,0.0024130044039338827,4.594324865806247e-19
2.523,0.3,0.2894080579280853,0.012942874077725718,9.097881624784934e-17,0.0024128302466124296,5.988999467156e-19
2.524,0.3,0.2894204556941986,0.012942874077725718,9.110947769740821e-17,0.002412655856460333,7.383444652516757e-19
2.525,0.3,0.2894327640533447,0.012942874077725718,9.124455298271567e-17,0.0024124816991388798,8.619231682558047e-19
2.5260000000000002,0.3,0.28944501280784607,0.012942874077725718,9.13932138824037e-17,0.0024123075418174267,1.0013244571164319e-18
2.527,0.3,0.28945717215538025,0.012942874077725718,9.15554339266927e-17,0.0024121333844959736,1.1565456944521508e-18
2.528,0.3,0.28946924209594727,0.012942874077725718,9.173117341091327e-17,0.002411959460005164,1.3275842433706535e-18
2.529,0.3,0.2894812226295471,0.012942874077725718,9.191587291552901e-17,0.0024117855355143547,1.4985945882095423e-18
2.5300000000000002,0.3,0.2894931435585022,0.012942874077725718,9.210490022910963e-17,0.0024116116110235453,1.6537338543176532e-18
2.531,0.3,0.2895049750804901,0.012942874077725718,9.230281477119151e-17,0.002411437686532736,1.8088475670771912e-18
2.532,0.3,0.28951674699783325,0.012942874077725718,9.250963639410937e-17,0.00241126399487257,1.9639357308365894e-18
2.533,0.3,0.28952842950820923,0.012942874077725718,9.27207196515431e-17,0.0024110903032124043,2.103155469819686e-18
2.5340000000000003,0.3,0.28954002261161804,0.012942874077725718,9.29406504328087e-17,0.0024109166115522385,2.242352309995158e-18
2.535,0.3,0.2895515561103821,0.012942874077725718,9.316482961370037e-17,0.0024107431527227163,2.3656833744410003e-18
2.536,0.3,0.28956300020217896,0.012942874077725718,9.3394527743639e-17,0.0024105694610625505,2.477586125815952e-18
2.537,0.3,0.28957435488700867,0.012942874077725718,9.361584818833369e-17,0.0024103960022330284,2.5780615246586915e-18
2.5380000000000003,0.3,0.2895856499671936,0.012942874077725718,9.381870596175619e-17,0.00241022277623415,2.6799974975170873e-18
2.539,0.3,0.2895968556404114,0.012942874077725718,9.399218889726571e-17,0.002410049317404628,2.761639403231552e-18
2.54,0.3,0.2896080017089844,0.012942874077725718,9.41510936016596e-17,0.0024098760914057493,2.825946855251008e-18
2.541,0.3,0.2896190583705902,0.012942874077725718,9.429213782226724e-17,0.002409702632576227,2.8456697485613934e-18
2.5420000000000003,0.3,0.2896300256252289,0.012942874077725718,9.441569875344796e-17,0.0024095294065773487,2.853977977519461e-18
2.543,0.3,0.2896409332752228,0.012942874077725718,9.45020961140679e-17,0.002409356413409114,2.8305981067442304e-18
2.544,0.3,0.2896517515182495,0.012942874077725718,9.453673843812162e-17,0.0024091831874102354,2.7250527447626587e-18
2.545,0.3,0.28966251015663147,0.012942874077725718,9.454901379841191e-17,0.0024090101942420006,2.6066351709384748e-18
2.5460000000000003,0.3,0.28967317938804626,0.012942874077725718,9.451837502852294e-17,0.0024088372010737658,2.4362776501287218e-18
2.547,0.3,0.2896837592124939,0.012942874077725718,9.446879713132897e-17,0.002408664207905531,2.2486286332767072e-18
2.548,0.3,0.28969427943229675,0.012942874077725718,9.439988967758085e-17,0.0024084914475679398,2.0263720537668384e-18
2.549,0.3,0.28970471024513245,0.012942874077725718,9.432550297945518e-17,0.002408318454399705,1.7853571970967858e-18
2.5500000000000003,0.3,0.28971508145332336,0.012942874077725718,9.424569659395606e-17,0.0024081456940621138,1.4939020515724336e-18
2.551,0.3,0.2897253632545471,0.012942874077725718,9.418431317505973e-17,0.0024079729337245226,1.2024961272097802e-18
2.552,0.3,0.2897355854511261,0.012942874077725718,9.414590552485767e-17,0.0024078001733869314,9.269823015022134e-19
2.553,0.3,0.2897457182407379,0.012942874077725718,9.412585466680938e-17,0.0024076274130493402,6.515150392768588e-19
2.5540000000000003,0.3,0.28975576162338257,0.012942874077725718,9.412412089624547e-17,0.0024074548855423927,3.7609433285590667e-19
2.555,0.3,0.28976574540138245,0.012942874077725718,9.414525701525743e-17,0.002407282358035445,1.1656306067022543e-19
2.556,0.3,0.28977566957473755,0.012942874077725718,9.418463742985985e-17,0.0024071098305284977,-1.4292431326353587e-19
2.557,0.3,0.2897854745388031,0.012942874077725718,9.423762992862245e-17,0.00240693730302155,-4.1821068324502665e-19
2.5580000000000003,0.3,0.28979524970054626,0.012942874077725718,9.43179789446034e-17,0.0024067647755146027,-6.617647535682707e-19
2.559,0.3,0.28980493545532227,0.012942874077725718,9.444026270891834e-17,0.002406592248007655,-8.231138640452596e-19
2.56,0.3,0.2898145318031311,0.012942874077725718,9.459021401036195e-17,0.0024064199533313513,-9.195897235491242e-19
2.561,0.3,0.28982406854629517,0.012942874077725718,9.477737520448065e-17,0.0024062476586550474,-9.022004698073377e-19
2.562,0.3,0.28983351588249207,0.012942874077725718,9.498289319075312e-17,0.0024060753639787436,-8.041256628624448e-19
2.563,0.3,0.2898429036140442,0.012942874077725718,9.519426099831757e-17,0.0024059030693024397,-6.526428098650768e-19
2.564,0.3,0.28985220193862915,0.012942874077725718,9.539633791324183e-17,0.002405730774626136,-4.363407499318491e-19
2.565,0.3,0.28986144065856934,0.012942874077725718,9.557119727729064e-17,0.0024055587127804756,-2.0128557501532716e-19
2.566,0.3,0.28987058997154236,0.012942874077725718,9.571296941683733e-17,0.0024053864181041718,6.394123115989181e-20
2.567,0.3,0.2898796796798706,0.012942874077725718,9.58451859659478e-17,0.0024052143562585115,4.241798964816804e-19
2.568,0.3,0.2898886799812317,0.012942874077725718,9.593573246452031e-17,0.0024050422944128513,7.685143509149756e-19
2.569,0.3,0.289897620677948,0.012942874077725718,9.598844041315219e-17,0.002404870232567191,1.1098440038595559e-18
2.57,0.3,0.28990647196769714,0.012942874077725718,9.599840628517222e-17,0.002404698170721531,1.3991684045825113e-18
2.571,0.3,0.2899152636528015,0.012942874077725718,9.598916171464633e-17,0.0024045261088758707,1.6696557010780145e-18
2.572,0.3,0.2899239659309387,0.012942874077725718,9.595159447994662e-17,0.002404354279860854,1.8579380968037805e-18
2.573,0.3,0.28993260860443115,0.012942874077725718,9.590917004069e-17,0.002404182218015194,2.0130310368918062e-18
2.574,0.3,0.2899411916732788,0.012942874077725718,9.585685252130725e-17,0.0024040103890001774,2.1017823031747398e-18
2.575,0.3,0.2899496853351593,0.012942874077725718,9.580389972721406e-17,0.002403838559985161,2.124203582880703e-18
2.576,0.3,0.289958119392395,0.012942874077725718,9.577081912015683e-17,0.0024036667309701443,2.119352179986442e-18
2.577,0.3,0.2899664640426636,0.012942874077725718,9.573407906606968e-17,0.0024034949019551277,2.054074103228414e-18
2.578,0.3,0.28997474908828735,0.012942874077725718,9.569404352442211e-17,0.002403323072940111,1.961536237116927e-18
2.579,0.3,0.28998294472694397,0.012942874077725718,9.563224320649705e-17,0.0024031512439250946,1.8258992912398212e-18
2.58,0.3,0.2899910807609558,0.012942874077725718,9.554820165626166e-17,0.0024029796477407217,1.693226852049644e-18
2.581,0.3,0.2899991571903229,0.012942874077725718,9.541938647383e-17,0.002402807818725705,1.5174603001201114e-18
2.582,0.3,0.2900071442127228,0.012942874077725718,9.524449402255669e-17,0.0024026362225413322,1.3417214851125932e-18
2.583,0.3,0.2900150418281555,0.012942874077725718,9.502362356411523e-17,0.0024024646263569593,1.1660104033711754e-18
2.584,0.3,0.29002290964126587,0.012942874077725718,9.474552544217491e-17,0.002402292797341943,9.512876967487056e-19
2.585,0.3,0.29003068804740906,0.012942874077725718,9.445349098127429e-17,0.00240212120115757,7.668152407385445e-19
2.586,0.3,0.2900383770465851,0.012942874077725718,9.415131859478621e-17,0.0024019498378038406,6.096475032885928e-19
2.587,0.3,0.2900460362434387,0.012942874077725718,9.385291815189138e-17,0.0024017782416194677,4.797808690989657e-19
2.588,0.3,0.2900535762310028,0.012942874077725718,9.35771361356662e-17,0.002401606645435095,3.9452470731462737e-19
2.589,0.3,0.2900610864162445,0.012942874077725718,9.333782285828726e-17,0.002401435049250722,3.6971510001824787e-19
2.59,0.3,0.29006850719451904,0.012942874077725718,9.312662048684532e-17,0.0024012636858969927,3.4491056155220354e-19
2.591,0.3,0.2900758683681488,0.012942874077725718,9.295225743116405e-17,0.0024010920897126198,3.503272615488004e-19
2.592,0.3,0.2900831401348114,0.012942874077725718,9.281511750304765e-17,0.0024009207263588905,3.715870419233438e-19
2.593,0.3,0.2900903522968292,0.012942874077725718,9.271054863873115e-17,0.0024007493630051613,3.9284436286332696e-19
2.594,0.3,0.29009750485420227,0.012942874077725718,9.263386568722504e-17,0.0024005777668207884,3.9825632549864833e-19
2.595,0.3,0.29010456800460815,0.012942874077725718,9.259338015932424e-17,0.002400406403467059,4.1657336147152236e-19
2.596,0.3,0.29011160135269165,0.012942874077725718,9.260326000456057e-17,0.00240023504011333,4.651056829771574e-19
2.597,0.3,0.2901185154914856,0.012942874077725718,9.266719775718847e-17,0.0024000636767596006,5.409111750222068e-19
2.598,0.3,0.29012539982795715,0.012942874077725718,9.27956357452608e-17,0.0023998923134058714,6.325489337067301e-19
2.599,0.3,0.29013219475746155,0.012942874077725718,9.297927645869248e-17,0.002399720950052142,7.083305189826969e-19
2.6,0.3,0.29013893008232117,0.012942874077725718,9.322257343790148e-17,0.002399549586698413,7.841014718734848e-19
2.601,0.3,0.290145605802536,0.012942874077725718,9.353258749659655e-17,0.0023993784561753273,8.845131484356396e-19
2.602,0.3,0.2901521921157837,0.012942874077725718,9.388564141692398e-17,0.002399207092821598,1.0239345698153394e-18
2.603,0.3,0.2901587188243866,0.012942874077725718,9.42430827032204e-17,0.002399035729467869,1.1489579194050398e-18
2.604,0.3,0.2901651859283447,0.012942874077725718,9.460532163706962e-17,0.002398864598944783,1.2768958050444453e-18
2.605,0.3,0.2901715636253357,0.012942874077725718,9.496394744600321e-17,0.002398693235591054,1.4106820495487624e-18
2.606,0.3,0.2901778817176819,0.012942874077725718,9.528628318710287e-17,0.0023985221050679684,1.501318440887213e-18
2.607,0.3,0.2901841402053833,0.012942874077725718,9.558235428939275e-17,0.002398350741714239,1.6309600729695402e-18
2.608,0.3,0.29019033908843994,0.012942874077725718,9.581782283128455e-17,0.0023981796111911535,1.7605781027692027e-18
2.609,0.3,0.2901964783668518,0.012942874077725718,9.600072239088737e-17,0.0023980082478374243,1.9174577912034545e-18
2.61,0.3,0.2902025282382965,0.012942874077725718,9.614546576319435e-17,0.0023978371173143387,2.103062207654125e-18
2.611,0.3,0.29020851850509644,0.012942874077725718,9.626137031062528e-17,0.002397665986791253,2.3173871749861486e-18
2.612,0.3,0.2902144491672516,0.012942874077725718,9.635815705973889e-17,0.0023974948562681675,2.5618949087661836e-18
2.613,0.3,0.2902202904224396,0.012942874077725718,9.643967074602231e-17,0.0023973234929144382,2.8336482010669854e-18
2.614,0.3,0.2902261018753052,0.012942874077725718,9.651189353966554e-17,0.0023971523623913527,3.1053558822570106e-18
2.615,0.3,0.2902318239212036,0.012942874077725718,9.657483205811348e-17,0.002396981231868267,3.3770179604292628e-18
2.616,0.3,0.2902374863624573,0.012942874077725718,9.661597933050431e-17,0.0023968101013451815,3.6055030906815046e-18
2.617,0.3,0.2902430593967438,0.012942874077725718,9.662696428903902e-17,0.002396638970822096,3.8095917388677635e-18
2.618,0.3,0.2902486026287079,0.012942874077725718,9.657467985688077e-17,0.0023964678402990103,3.954669687801259e-18
2.619,0.3,0.29025405645370483,0.012942874077725718,9.644367430018707e-17,0.0023962967097759247,4.0348845389519214e-18
2.62,0.3,0.2902594804763794,0.012942874077725718,9.624702369008116e-17,0.002396125579252839,4.079002851927848e-18
2.621,0.3,0.2902648150920868,0.012942874077725718,9.601377860967591e-17,0.00239595421589911,4.138955362784351e-18
2.622,0.3,0.2902700901031494,0.012942874077725718,9.57343768510902e-17,0.0023957830853760242,4.1815887391476196e-18
2.623,0.3,0.29027530550956726,0.012942874077725718,9.540809711282988e-17,0.0023956119548529387,4.1881337977146696e-18
2.624,0.3,0.29028043150901794,0.012942874077725718,9.505385866986527e-17,0.002395440824329853,4.17590494381868e-18
2.625,0.3,0.29028552770614624,0.012942874077725718,9.46767900419942e-17,0.0023952696938067675,4.1305274340118555e-18
2.626,0.3,0.2902905344963074,0.012942874077725718,9.428111977650803e-17,0.0023950987961143255,4.050542808522213e-18
2.6270000000000002,0.3,0.29029548168182373,0.012942874077725718,9.387566231001414e-17,0.0023949274327605963,3.934493297015258e-18
2.628,0.3,0.2903003990650177,0.012942874077725718,9.347427457213401e-17,0.0023947565350681543,3.782385803795148e-18
2.629,0.3,0.2903052270412445,0.012942874077725718,9.309580304594405e-17,0.002394585171714425,3.611533976527839e-18
2.63,0.3,0.29030996561050415,0.012942874077725718,9.274442995662132e-17,0.0023944140411913395,3.404634934805492e-18
2.6310000000000002,0.3,0.2903146743774414,0.012942874077725718,9.243978926318539e-17,0.0023942431434988976,3.1819291073201155e-18
2.632,0.3,0.2903193235397339,0.012942874077725718,9.218639406305835e-17,0.0023940717801451683,2.9592620333684875e-18
2.633,0.3,0.2903239130973816,0.012942874077725718,9.198412524223198e-17,0.0023939006496220827,2.736633704084072e-18
2.634,0.3,0.29032841324806213,0.012942874077725718,9.182830426716169e-17,0.002393729519098997,2.498201202027192e-18
2.6350000000000002,0.3,0.2903328835964203,0.012942874077725718,9.172340453060017e-17,0.0023935583885759115,2.259810067454728e-18
2.636,0.3,0.2903372645378113,0.012942874077725718,9.16693532406535e-17,0.002393387258052826,2.021460290268797e-18
2.637,0.3,0.2903416156768799,0.012942874077725718,9.168571818189225e-17,0.0023932161275297403,1.850911475334518e-18
2.638,0.3,0.2903458774089813,0.012942874077725718,9.175391095159112e-17,0.0023930449970066547,1.7323085294032238e-18
2.6390000000000002,0.3,0.290350079536438,0.012942874077725718,9.18550188922247e-17,0.002392873866483569,1.6483366378942246e-18
2.64,0.3,0.29035425186157227,0.012942874077725718,9.196967274256946e-17,0.0023927027359604836,1.56437918096012e-18
2.641,0.3,0.2903583347797394,0.012942874077725718,9.211295365955344e-17,0.002392531605437398,1.5323511124859823e-18
2.642,0.3,0.2903623580932617,0.012942874077725718,9.225630736843133e-17,0.0023923602420836687,1.5017903110177086e-18
2.6430000000000002,0.3,0.2903663218021393,0.012942874077725718,9.239553840913626e-17,0.002392189111560583,1.4741580266037695e-18
2.644,0.3,0.29037022590637207,0.012942874077725718,9.253106368069694e-17,0.0023920179810374975,1.4826006554233002e-18
2.645,0.3,0.29037410020828247,0.012942874077725718,9.263856407310434e-17,0.002391846850514412,1.4910410083930242e-18
2.646,0.3,0.2903778851032257,0.012942874077725718,9.271808590847273e-17,0.0023916754871606827,1.4994790872382573e-18
2.6470000000000002,0.3,0.29038161039352417,0.012942874077725718,9.276971521358584e-17,0.002391504356637597,1.5079148936928795e-18
2.648,0.3,0.29038527607917786,0.012942874077725718,9.279347184077837e-17,0.002391332993283868,1.5163484302108637e-18
2.649,0.3,0.29038888216018677,0.012942874077725718,9.278942858194421e-17,0.0023911618627607822,1.5247796992735878e-18
2.65,0.3,0.2903924584388733,0.012942874077725718,9.275765822897727e-17,0.002390990499407053,1.5332087033839544e-18
2.6510000000000002,0.3,0.29039594531059265,0.012942874077725718,9.269818063421226e-17,0.0023908193688839674,1.5416354443833552e-18
2.652,0.3,0.29039937257766724,0.012942874077725718,9.260647608278218e-17,0.002390648005530238,1.534217010670599e-18
2.653,0.3,0.29040277004241943,0.012942874077725718,9.249971022675874e-17,0.0023904768750071526,1.5699466511818628e-18
2.654,0.3,0.29040607810020447,0.012942874077725718,9.238806731384368e-17,0.0023903055116534233,1.6358955284651737e-18
2.6550000000000002,0.3,0.2904093563556671,0.012942874077725718,9.22761530856877e-17,0.002390134148299694,1.7320588892620394e-18
2.656,0.3,0.290412575006485,0.012942874077725718,9.216777919055346e-17,0.002389962784945965,1.855512130521526e-18
2.657,0.3,0.2904157042503357,0.012942874077725718,9.207348721816731e-17,0.0023897914215922356,1.994787986788086e-18
2.658,0.3,0.290418803691864,0.012942874077725718,9.198863833965407e-17,0.0023896200582385063,2.1340409047233393e-18
2.6590000000000003,0.3,0.29042184352874756,0.012942874077725718,9.191321932012394e-17,0.0023894489277154207,2.2732708874175972e-18
2.66,0.3,0.29042482376098633,0.012942874077725718,9.18472103072422e-17,0.002389277331531048,2.4124779381280037e-18
2.661,0.3,0.2904277443885803,0.012942874077725718,9.179060468356398e-17,0.0023891059681773186,2.5516620600578047e-18
2.662,0.3,0.29043063521385193,0.012942874077725718,9.174336274441985e-17,0.0023889346048235893,2.690823256353382e-18
2.6630000000000003,0.3,0.29043343663215637,0.012942874077725718,9.170549110725472e-17,0.00238876324146986,2.8299615303305646e-18
2.664,0.3,0.2904362082481384,0.012942874077725718,9.167695668484409e-17,0.002388591878116131,2.9690768852218237e-18
2.665,0.3,0.2904388904571533,0.012942874077725718,9.166232551416925e-17,0.002388420281931758,3.124012241007623e-18
2.666,0.3,0.2904415428638458,0.012942874077725718,9.164654290808174e-17,0.0023882489185780287,3.2428606285746836e-18
2.6670000000000003,0.3,0.29044413566589355,0.012942874077725718,9.165303462152906e-17,0.0023880773223936558,3.358773114382149e-18
2.668,0.3,0.2904466688632965,0.012942874077725718,9.167262225843431e-17,0.0023879059590399265,3.4083790669906252e-18
2.669,0.3,0.2904491424560547,0.012942874077725718,9.171699222649166e-17,0.0023877343628555536,3.4004387672938544e-18
2.67,0.3,0.2904515862464905,0.012942874077725718,9.177638379447297e-17,0.0023875627666711807,3.3651885679193168e-18
2.6710000000000003,0.3,0.2904539704322815,0.012942874077725718,9.183187768740792e-17,0.002387391170486808,3.2853314413789012e-18
2.672,0.3,0.29045629501342773,0.012942874077725718,9.188341434829243e-17,0.002387219574302435,3.192560114153779e-18
2.673,0.3,0.2904585599899292,0.012942874077725718,9.191297447466262e-17,0.0023870482109487057,3.0566479235603933e-18
2.674,0.3,0.2904607653617859,0.012942874077725718,9.190674745901132e-17,0.002386876381933689,2.877601246424038e-18
2.6750000000000003,0.3,0.2904629111289978,0.012942874077725718,9.185924082207118e-17,0.002386704785749316,2.684197709406873e-18
2.676,0.3,0.29046502709388733,0.012942874077725718,9.176552456739137e-17,0.0023865331895649433,2.474982278611994e-18
2.677,0.3,0.2904670834541321,0.012942874077725718,9.16302772285165e-17,0.0023863615933805704,2.265800512983633e-18
2.678,0.3,0.29046908020973206,0.012942874077725718,9.145774720507264e-17,0.002386189764365554,2.0710384383623733e-18
2.6790000000000003,0.3,0.29047104716300964,0.012942874077725718,9.124845065776202e-17,0.002386018168181181,1.8763077594650076e-18
2.68,0.3,0.29047292470932007,0.012942874077725718,9.101961279566045e-17,0.0023858463391661644,1.74061028516913e-18
2.681,0.3,0.2904747724533081,0.012942874077725718,9.077177624924976e-17,0.002385674510151148,1.61786470633311e-18
2.682,0.3,0.29047656059265137,0.012942874077725718,9.051379515980672e-17,0.0023855026811361313,1.5066130415135507e-18
2.6830000000000003,0.3,0.29047831892967224,0.012942874077725718,9.025621773450261e-17,0.0023853310849517584,1.3953799233724612e-18
2.684,0.3,0.29048001766204834,0.012942874077725718,9.000696505488323e-17,0.002385159255936742,1.3114829168856094e-18
2.685,0.3,0.29048165678977966,0.012942874077725718,8.977616181164624e-17,0.0023849871940910816,1.2419872557078238e-18
2.686,0.3,0.2904832363128662,0.012942874077725718,8.956881079313635e-17,0.002384815365076065,1.1883466295062717e-18
2.6870000000000003,0.3,0.29048478603363037,0.012942874077725718,8.939739911788066e-17,0.0023846435360610485,1.1937200725356723e-18
2.688,0.3,0.29048627614974976,0.012942874077725718,8.92623767721324e-17,0.0023844714742153883,1.2120253306094425e-18
2.689,0.3,0.29048770666122437,0.012942874077725718,8.917708452481083e-17,0.0023842996452003717,1.2576482582408313e-18
2.69,0.3,0.2904890775680542,0.012942874077725718,8.914650531192597e-17,0.0023841275833547115,1.3003545386373162e-18
2.691,0.3,0.29049041867256165,0.012942874077725718,8.919316491591886e-17,0.002383955754339695,1.3862187685720023e-18
2.692,0.3,0.2904917299747467,0.012942874077725718,8.932199333324032e-17,0.0023837836924940348,1.485003722252372e-18
2.693,0.3,0.2904929518699646,0.012942874077725718,8.954293658357569e-17,0.0023836116306483746,1.5996175868238409e-18
2.694,0.3,0.2904941439628601,0.012942874077725718,8.985120363681705e-17,0.0023834395688027143,1.714214792830705e-18
2.695,0.3,0.29049527645111084,0.012942874077725718,9.02420233151912e-17,0.0023832672741264105,1.8129524104592405e-18
2.696,0.3,0.2904963791370392,0.012942874077725718,9.072485194746086e-17,0.0023830952122807503,1.928973452565701e-18
2.697,0.3,0.29049742221832275,0.012942874077725718,9.129949101027899e-17,0.00238292315043509,2.0781176997284024e-18
2.698,0.3,0.29049843549728394,0.012942874077725718,9.196705885183379e-17,0.002382750855758786,2.2805851132337873e-18
2.699,0.3,0.29049935936927795,0.012942874077725718,9.270888104261624e-17,0.0023825785610824823,2.5363657813007635e-18
2.7,0.3,0.290500283241272,0.012942874077725718,9.351227194075225e-17,0.002382406499236822,2.8656547794421766e-18
2.701,0.3,0.29050111770629883,0.012942874077725718,9.434437593231119e-17,0.0023822342045605183,3.2669841878173123e-18
2.702,0.3,0.2905019223690033,0.012942874077725718,9.516699712532783e-17,0.0023820619098842144,3.704293332773592e-18
2.703,0.3,0.2905026972293854,0.012942874077725718,9.597093727139056e-17,0.002381889382377267,4.193418390465502e-18
2.704,0.3,0.2905034124851227,0.012942874077725718,9.672353266247091e-17,0.002381717087700963,4.669524753644812e-18
2.705,0.3,0.2905040681362152,0.012942874077725718,9.742197750193108e-17,0.002381544793024659,5.154270583246776e-18
2.706,0.3,0.29050469398498535,0.012942874077725718,9.804238943112546e-17,0.0023813722655177116,5.660589343075893e-18
2.707,0.3,0.2905052602291107,0.012942874077725718,9.856147504400453e-17,0.002381199738010764,6.1711803817991075e-18
2.708,0.3,0.2905057966709137,0.012942874077725718,9.896889789163385e-17,0.0023810274433344603,6.697526127007987e-18
2.709,0.3,0.2905062735080719,0.012942874077725718,9.926487634969513e-17,0.0023808549158275127,7.239623962298328e-18
2.71,0.3,0.2905066907405853,0.012942874077725718,9.944043716290338e-17,0.0023806823883205652,7.76578541662988e-18
2.711,0.3,0.29050710797309875,0.012942874077725718,9.948996873798306e-17,0.002380509627982974,8.255812287165842e-18
2.712,0.3,0.290507435798645,0.012942874077725718,9.942794342693138e-17,0.0023803371004760265,8.711163866650157e-18
2.713,0.3,0.2905077338218689,0.012942874077725718,9.925334214323369e-17,0.002380164572969079,9.095803364278277e-18
2.714,0.3,0.2905080020427704,0.012942874077725718,9.899950357429831e-17,0.002379991812631488,9.44433421350033e-18
2.715,0.3,0.2905082106590271,0.012942874077725718,9.867034524750631e-17,0.0023798190522938967,9.722172987253781e-18
2.716,0.3,0.29050835967063904,0.012942874077725718,9.82895245283767e-17,0.0023796462919563055,9.930784722518806e-18
2.717,0.3,0.290508508682251,0.012942874077725718,9.787095790353507e-17,0.0023794735316187143,1.0054338996546022e-17
2.718,0.3,0.29050856828689575,0.012942874077725718,9.745282803005686e-17,0.002379300771281123,1.0160578065060081e-17
2.719,0.3,0.29050859808921814,0.012942874077725718,9.702969536823394e-17,0.002379128010943532,1.0214915834560791e-17
2.72,0.3,0.29050859808921814,0.012942874077725718,9.660995083820003e-17,0.002378955017775297,1.0198615619595863e-17
2.721,0.3,0.29050853848457336,0.012942874077725718,9.621246739281115e-17,0.002378782257437706,1.0097298893362975e-17
2.722,0.3,0.2905084490776062,0.012942874077725718,9.587571223927346e-17,0.002378609264269471,9.980157785434033e-18
2.723,0.3,0.29050832986831665,0.012942874077725718,9.559370982484188e-17,0.0023784362711012363,9.82699838109105e-18
2.724,0.3,0.2905081510543823,0.012942874077725718,9.53755789885892e-17,0.0023782632779330015,9.621984455996074e-18
2.725,0.3,0.2905079126358032,0.012942874077725718,9.525009899838735e-17,0.0023780902847647667,9.417007055980303e-18
2.726,0.3,0.2905076742172241,0.012942874077725718,9.52321458703725e-17,0.002377917058765888,9.263947518233675e-18
2.727,0.3,0.29050734639167786,0.012942874077725718,9.52976321051071e-17,0.0023777440655976534,9.128209145392654e-18
2.728,0.3,0.2905070185661316,0.012942874077725718,9.545184504106659e-17,0.002377570839598775,9.0443759142898e-18
2.729,0.3,0.29050663113594055,0.012942874077725718,9.569039731228198e-17,0.0023773976135998964,9.045574838459146e-18
2.73,0.3,0.29050618410110474,0.012942874077725718,9.599008815693239e-17,0.002377224387601018,9.115947883366246e-18
2.731,0.3,0.2905057370662689,0.012942874077725718,9.632734623628251e-17,0.0023770511616021395,9.238189387520706e-18
2.732,0.3,0.29050520062446594,0.012942874077725718,9.668534338795056e-17,0.002376877935603261,9.402247720786023e-18
2.733,0.3,0.29050466418266296,0.012942874077725718,9.703591576644034e-17,0.002376704476773739,9.622507200138024e-18
2.734,0.3,0.2905040681362152,0.012942874077725718,9.733716832808725e-17,0.0023765312507748604,9.849978365688668e-18
2.735,0.3,0.29050344228744507,0.012942874077725718,9.755605355305858e-17,0.0023763577919453382,1.0050073384246604e-17
2.736,0.3,0.29050275683403015,0.012942874077725718,9.766883466649651e-17,0.002376184333115816,1.0188210872044329e-17
2.737,0.3,0.29050207138061523,0.012942874077725718,9.768486211804534e-17,0.002376010874286294,1.0311929740422927e-17
2.738,0.3,0.29050129652023315,0.012942874077725718,9.758088220632497e-17,0.002375837415456772,1.0356410962205685e-17
2.739,0.3,0.2905005216598511,0.012942874077725718,9.736167934399842e-17,0.002375663723796606,1.0337510688248911e-17
2.74,0.3,0.2904996871948242,0.012942874077725718,9.702578445829779e-17,0.002375490264967084,1.0249442462707153e-17
2.741,0.3,0.290498822927475,0.012942874077725718,9.659685491474209e-17,0.002375316573306918,1.0109510791437947e-17
2.742,0.3,0.29049792885780334,0.012942874077725718,9.608893954885493e-17,0.0023751428816467524,9.917724989828584e-18
2.743,0.3,0.29049697518348694,0.012942874077725718,9.551056824711295e-17,0.0023749691899865866,9.655353580443572e-18
2.744,0.3,0.29049599170684814,0.012942874077725718,9.489328636935648e-17,0.002374795498326421,9.35119766712501e-18
2.745,0.3,0.29049497842788696,0.012942874077725718,9.428957025364588e-17,0.0023746215738356113,9.074432315687662e-18
2.746,0.3,0.2904939353466034,0.012942874077725718,9.370742039086576e-17,0.0023744478821754456,8.804864883045615e-18
2.747,0.3,0.29049283266067505,0.012942874077725718,9.318494664619766e-17,0.002374273957684636,8.57852681043871e-18
2.748,0.3,0.2904917001724243,0.012942874077725718,9.272672829151269e-17,0.0023741000331938267,8.36372566607884e-18
2.749,0.3,0.2904905378818512,0.012942874077725718,9.234817073853902e-17,0.0023739261087030172,8.166253262870872e-18
2.75,0.3,0.2904893159866333,0.012942874077725718,9.204450942694835e-17,0.002373752184212208,7.986106490942133e-18
2.751,0.3,0.2904880940914154,0.012942874077725718,9.180638728965149e-17,0.0023735780268907547,7.807439305388752e-18
2.7520000000000002,0.3,0.29048681259155273,0.012942874077725718,9.163365874286062e-17,0.0023734041023999453,7.64609417678278e-18
2.753,0.3,0.2904855012893677,0.012942874077725718,9.152157907858213e-17,0.002373229945078492,7.502068000578367e-18
2.754,0.3,0.29048413038253784,0.012942874077725718,9.147086959831018e-17,0.002373055787757039,7.394096092966486e-18
2.755,0.3,0.290482759475708,0.012942874077725718,9.147677235916136e-17,0.002372881630435586,7.35385768088621e-18
2.7560000000000002,0.3,0.2904813289642334,0.012942874077725718,9.151071985150053e-17,0.0023727072402834892,7.330916967588603e-18
2.757,0.3,0.2904798686504364,0.012942874077725718,9.156384469916114e-17,0.002372533082962036,7.310875349494168e-18
2.758,0.3,0.290478378534317,0.012942874077725718,9.16365174790576e-17,0.0023723586928099394,7.326865124438042e-18
2.759,0.3,0.29047685861587524,0.012942874077725718,9.171486140923372e-17,0.0023721843026578426,7.378879665202704e-18
2.7600000000000002,0.3,0.2904753088951111,0.012942874077725718,9.178501956006802e-17,0.002372009912505746,7.466912349284054e-18
2.761,0.3,0.29047369956970215,0.012942874077725718,9.182730503298173e-17,0.002371835522353649,7.570772576400097e-18
2.762,0.3,0.2904720902442932,0.012942874077725718,9.183718487821806e-17,0.0023716611322015524,7.674614773347879e-18
2.763,0.3,0.2904704213142395,0.012942874077725718,9.181473850511582e-17,0.002371486509218812,7.778438946001694e-18
2.7640000000000002,0.3,0.2904687225818634,0.012942874077725718,9.175999900089951e-17,0.0023713118862360716,7.882245100013222e-18
2.765,0.3,0.2904669940471649,0.012942874077725718,9.167305900979774e-17,0.002371137263253331,7.986033241657341e-18
2.766,0.3,0.29046523571014404,0.012942874077725718,9.15539582364799e-17,0.0023709626402705908,8.089803377025818e-18
2.767,0.3,0.2904634475708008,0.012942874077725718,9.140277609028481e-17,0.0023707880172878504,8.19355551203991e-18
2.7680000000000002,0.3,0.29046159982681274,0.012942874077725718,9.121958536310637e-17,0.0023706131614744663,8.297289652471792e-18
2.769,0.3,0.2904597520828247,0.012942874077725718,9.099981340051838e-17,0.002370438538491726,8.385162865488571e-18
2.77,0.3,0.2904578447341919,0.012942874077725718,9.0742719048692e-17,0.002370263682678342,8.454285579714325e-18
2.771,0.3,0.2904559373855591,0.012942874077725718,9.04525639421431e-17,0.002370088826864958,8.487372367267295e-18
2.7720000000000002,0.3,0.2904539704322815,0.012942874077725718,9.014407851322002e-17,0.0023699139710515738,8.487321650916546e-18
2.773,0.3,0.2904519736766815,0.012942874077725718,8.982654041967317e-17,0.002369738882407546,8.469982090428141e-18
2.774,0.3,0.29044994711875916,0.012942874077725718,8.950955819149795e-17,0.002369564026594162,8.452645420571653e-18
2.775,0.3,0.2904478907585144,0.012942874077725718,8.919775742267976e-17,0.0023693889379501343,8.451154581187964e-18
2.7760000000000002,0.3,0.29044583439826965,0.012942874077725718,8.88911314957737e-17,0.0023692138493061066,8.465506930957867e-18
2.777,0.3,0.2904437184333801,0.012942874077725718,8.858505481679438e-17,0.002369038760662079,8.47985688833618e-18
2.778,0.3,0.2904415726661682,0.012942874077725718,8.82749613487605e-17,0.0023688634391874075,8.478361512879566e-18
2.779,0.3,0.2904393970966339,0.012942874077725718,8.796082462189246e-17,0.00236868835054338,8.461023445818357e-18
2.7800000000000002,0.3,0.2904371917247772,0.012942874077725718,8.764725037784096e-17,0.0023685130290687084,8.443688269121766e-18
2.781,0.3,0.29043492674827576,0.012942874077725718,8.733885097570159e-17,0.002368337707594037,8.442198923656966e-18
2.782,0.3,0.2904326617717743,0.012942874077725718,8.703101405637876e-17,0.0023681623861193657,8.440709826592911e-18
2.783,0.3,0.29043036699295044,0.012942874077725718,8.672373961987246e-17,0.0023679868318140507,8.439220977887074e-18
2.7840000000000003,0.3,0.2904280424118042,0.012942874077725718,8.64170276661827e-17,0.0023678115103393793,8.437732377497254e-18
2.785,0.3,0.29042568802833557,0.012942874077725718,8.611085834297477e-17,0.0023676359560340643,8.436244025381267e-18
2.786,0.3,0.29042330384254456,0.012942874077725718,8.580987047912387e-17,0.0023674604017287493,8.450598863681214e-18
2.787,0.3,0.29042088985443115,0.012942874077725718,8.550943186319971e-17,0.0023672848474234343,8.464951309188943e-18
2.7880000000000003,0.3,0.29041847586631775,0.012942874077725718,8.520955573009209e-17,0.0023671092931181192,8.479301362304718e-18
2.789,0.3,0.29041600227355957,0.012942874077725718,8.49148345865619e-17,0.0023669335059821606,8.509491966103784e-18
2.79,0.3,0.290413498878479,0.012942874077725718,8.462526181516423e-17,0.0023667579516768456,8.555520480170999e-18
2.791,0.3,0.29041096568107605,0.012942874077725718,8.4340844033344e-17,0.002366582164540887,8.617384264536467e-18
2.7920000000000003,0.3,0.2904084026813507,0.012942874077725718,8.40569754994505e-17,0.002366406377404928,8.67923773651554e-18
2.793,0.3,0.29040583968162537,0.012942874077725718,8.377825533768953e-17,0.002366230357438326,8.756923841155411e-18
2.794,0.3,0.29040321707725525,0.012942874077725718,8.35000910413002e-17,0.002366054570302367,8.834596995900438e-18
2.795,0.3,0.29040059447288513,0.012942874077725718,8.32224627579478e-17,0.002365878550335765,8.912257202915339e-18
2.7960000000000003,0.3,0.2903979420661926,0.012942874077725718,8.294999608161774e-17,0.0023657025303691626,9.005747408166505e-18
2.797,0.3,0.29039523005485535,0.012942874077725718,8.26826579250855e-17,0.0023655265104025602,9.115064973016871e-18
2.798,0.3,0.29039251804351807,0.012942874077725718,8.24112566573844e-17,0.002365350490435958,9.208521371059153e-18
2.799,0.3,0.2903897762298584,0.012942874077725718,8.214041125505494e-17,0.002365174237638712,9.301962190415708e-18
2.8000000000000003,0.3,0.29038700461387634,0.012942874077725718,8.18747009899682e-17,0.0023649982176721096,9.411230378111186e-18
2.801,0.3,0.2903842329978943,0.012942874077725718,8.16141324795691e-17,0.0023648219648748636,9.536323295958286e-18
2.802,0.3,0.29038140177726746,0.012942874077725718,8.135409336476203e-17,0.0023646457120776176,9.661395361495215e-18
2.803,0.3,0.29037854075431824,0.012942874077725718,8.109918938719769e-17,0.002364469226449728,9.802289523080049e-18
2.8040000000000003,0.3,0.290375679731369,0.012942874077725718,8.084482804011518e-17,0.002364292973652482,9.94316019839297e-18
2.805,0.3,0.2903727889060974,0.012942874077725718,8.05830419198544e-17,0.0023641164880245924,1.005665025510755e-17
2.806,0.3,0.2903698682785034,0.012942874077725718,8.029540805981256e-17,0.0023639400023967028,1.012692081149481e-17
2.807,0.3,0.29036691784858704,0.012942874077725718,7.998060958845448e-17,0.002363763516768813,1.0197179156472742e-17
2.8080000000000003,0.3,0.29036393761634827,0.012942874077725718,7.963036146476483e-17,0.0023635870311409235,1.0238624741838353e-17
2.809,0.3,0.2903609573841095,0.012942874077725718,7.923505515874818e-17,0.002363410545513034,1.0249819457978017e-17
2.81,0.3,0.29035794734954834,0.012942874077725718,7.879516050899248e-17,0.0023632338270545006,1.0248053638659481e-17
2.811,0.3,0.2903549075126648,0.012942874077725718,7.830111530761661e-17,0.0023630571085959673,1.0231886697962734e-17
2.8120000000000003,0.3,0.29035183787345886,0.012942874077725718,7.775256883004085e-17,0.002362880390137434,1.021572148181495e-17
2.813,0.3,0.29034873843193054,0.012942874077725718,7.712956286244551e-17,0.002362703438848257,1.0130417159193144e-17
2.814,0.3,0.2903456389904022,0.012942874077725718,7.64603075724411e-17,0.0023625267203897238,1.0009113976274576e-17
2.815,0.3,0.2903424799442291,0.012942874077725718,7.576330533596922e-17,0.002362349769100547,9.867661361228347e-18
2.816,0.3,0.29033932089805603,0.012942874077725718,7.504244721063131e-17,0.00236217281781137,9.671493208582465e-18
2.817,0.3,0.29033616185188293,0.012942874077725718,7.431162983071826e-17,0.002361995866522193,9.388933531997543e-18
2.818,0.3,0.29033294320106506,0.012942874077725718,7.360353675659327e-17,0.002361818915233016,9.053125274414144e-18
2.819,0.3,0.2903297245502472,0.012942874077725718,7.295163240711778e-17,0.0023616417311131954,8.71593214019378e-18
2.82,0.3,0.29032647609710693,0.012942874077725718,7.23654392855035e-17,0.002361464546993375,8.394639168355628e-18
2.821,0.3,0.2903231978416443,0.012942874077725718,7.184482504285242e-17,0.002361287595704198,8.089243703194604e-18
2.822,0.3,0.29031991958618164,0.012942874077725718,7.138049878652436e-17,0.0023611101787537336,7.76805719343018e-18
2.823,0.3,0.2903166115283966,0.012942874077725718,7.097691405693728e-17,0.002360932994633913,7.446925213394402e-18
2.824,0.3,0.2903132736682892,0.012942874077725718,7.064441392047057e-17,0.002360755577683449,7.161857863140823e-18
2.825,0.3,0.2903099060058594,0.012942874077725718,7.036357617634146e-17,0.002360578393563628,6.894123063816981e-18
2.826,0.3,0.29030653834342957,0.012942874077725718,7.013054285417303e-17,0.002360400976613164,6.646600283111682e-18
2.827,0.3,0.29030314087867737,0.012942874077725718,6.993010706558408e-17,0.002360223326832056,6.414962157027871e-18
2.828,0.3,0.2902997136116028,0.012942874077725718,6.977224791748446e-17,0.002360045909881592,6.233774146897144e-18
2.829,0.3,0.2902962863445282,0.012942874077725718,6.965312729183192e-17,0.0023598684929311275,6.121752562579224e-18
2.83,0.3,0.2902928292751312,0.012942874077725718,6.95546133895993e-17,0.0023596908431500196,6.0803262491846e-18
2.831,0.3,0.29028934240341187,0.012942874077725718,6.944862177462921e-17,0.0023595131933689117,6.0921988756183986e-18
2.832,0.3,0.2902858257293701,0.012942874077725718,6.931628611151053e-17,0.00235933531075716,6.155920166415429e-18
2.833,0.3,0.29028230905532837,0.012942874077725718,6.914467591290782e-17,0.0023591576609760523,6.274362541910887e-18
2.834,0.3,0.2902787923812866,0.012942874077725718,6.892334223332334e-17,0.0023589797783643007,6.490723004043258e-18
2.835,0.3,0.2902752161026001,0.012942874077725718,6.865198067029164e-17,0.002358802128583193,6.8352302506236615e-18
2.836,0.3,0.2902716398239136,0.012942874077725718,6.830230826430832e-17,0.0023586240131407976,7.225766978819587e-18
2.837,0.3,0.29026806354522705,0.012942874077725718,6.789039217159162e-17,0.002358446130529046,7.701213872454152e-18
2.838,0.3,0.29026445746421814,0.012942874077725718,6.738248342314936e-17,0.0023582682479172945,8.208265811818522e-18
2.839,0.3,0.29026082158088684,0.012942874077725718,6.67825260161422e-17,0.0023580901324748993,8.759879841329828e-18
2.84,0.3,0.29025715589523315,0.012942874077725718,6.609580728904557e-17,0.002357912017032504,9.341646122034175e-18
2.841,0.3,0.29025349020957947,0.012942874077725718,6.531748327219238e-17,0.002357733901590109,9.920433690565066e-18
2.842,0.3,0.2902497947216034,0.012942874077725718,6.443778661690958e-17,0.0023575557861477137,1.0429991290508309e-17
2.843,0.3,0.2902460992336273,0.012942874077725718,6.346277228528108e-17,0.002357377437874675,1.0827122307151275e-17
2.844,0.3,0.29024237394332886,0.012942874077725718,6.239469682601791e-17,0.002357199089601636,1.1103205727095321e-17
2.845,0.3,0.2902386486530304,0.012942874077725718,6.125305523179672e-17,0.0023570209741592407,1.121361364588298e-17
2.846,0.3,0.29023489356040955,0.012942874077725718,6.006519078494607e-17,0.002356842393055558,1.1172777446217023e-17
2.847,0.3,0.2902311086654663,0.012942874077725718,5.886466054855601e-17,0.0023566640447825193,1.1000885430182551e-17
2.848,0.3,0.29022732377052307,0.012942874077725718,5.766904045628206e-17,0.002356485463678837,1.0710923348930983e-17
2.849,0.3,0.29022350907325745,0.012942874077725718,5.650638847450203e-17,0.002356307115405798,1.0320194133039788e-17
2.85,0.3,0.2902196943759918,0.012942874077725718,5.5409252505958645e-17,0.0023561285343021154,9.877683530872491e-18
2.851,0.3,0.2902158498764038,0.012942874077725718,5.44055581681317e-17,0.002355949953198433,9.432368928426806e-18
2.852,0.3,0.2902120053768158,0.012942874077725718,5.3486371910405625e-17,0.0023557711392641068,8.922318693948162e-18
2.853,0.3,0.2902081310749054,0.012942874077725718,5.26615504169596e-17,0.0023555925581604242,8.366265479503177e-18
2.854,0.3,0.290204256772995,0.012942874077725718,5.193587479173418e-17,0.002355413744226098,7.797342054107075e-18
2.855,0.3,0.2902003526687622,0.012942874077725718,5.129991517574626e-17,0.002355234930291772,7.215550303621978e-18
2.856,0.3,0.29019641876220703,0.012942874077725718,5.074883421677363e-17,0.002355055883526802,6.636735067884741e-18
2.857,0.3,0.29019251465797424,0.012942874077725718,5.0274082176004947e-17,0.002354877069592476,6.063773888884828e-18
2.858,0.3,0.2901885509490967,0.012942874077725718,4.987122867407937e-17,0.002354698022827506,5.545633236004446e-18
2.859,0.3,0.2901845872402191,0.012942874077725718,4.9521268409242886e-17,0.00235451920889318,5.096707285190752e-18
2.86,0.3,0.29018062353134155,0.012942874077725718,4.922026731050219e-17,0.00235434016212821,4.767390798720415e-18
2.861,0.3,0.2901766300201416,0.012942874077725718,4.893046292853301e-17,0.0023541608825325966,4.523099404999256e-18
2.862,0.3,0.29017260670661926,0.012942874077725718,4.861877134755568e-17,0.0023539818357676268,4.313411909076656e-18
2.863,0.3,0.2901686131954193,0.012942874077725718,4.828520911118245e-17,0.0023538025561720133,4.1700082154941474e-18
2.864,0.3,0.2901645600795746,0.012942874077725718,4.792229188923093e-17,0.0023536232765764,4.0986489076368895e-18
2.865,0.3,0.29016050696372986,0.012942874077725718,4.7546103381531615e-17,0.0023534439969807863,4.074830003256705e-18
2.866,0.3,0.29015645384788513,0.012942874077725718,4.717508309829953e-17,0.002353264717385173,4.161915392995182e-18
2.867,0.3,0.2901524007320404,0.012942874077725718,4.680384113066328e-17,0.0023530852049589157,4.34116653355891e-18
2.868,0.3,0.2901482880115509,0.012942874077725718,4.643581854997109e-17,0.0023529059253633022,4.592409850187296e-18
2.869,0.3,0.2901442050933838,0.012942874077725718,4.609998322127456e-17,0.002352726412937045,4.9357921845167655e-18
2.87,0.3,0.2901400923728943,0.012942874077725718,4.580137432886537e-17,0.002352546900510788,5.356893833779337e-18
2.871,0.3,0.2901359498500824,0.012942874077725718,4.5540395536882437e-17,0.002352367155253887,5.841297328954752e-18
2.872,0.3,0.2901318371295929,0.012942874077725718,4.531116724553174e-17,0.00235218764282763,6.368834346461403e-18
2.873,0.3,0.2901276648044586,0.012942874077725718,4.513209256908136e-17,0.0023520078975707293,6.955340979306177e-18
2.874,0.3,0.29012352228164673,0.012942874077725718,4.5003591715282474e-17,0.0023518281523138285,7.554717025301658e-18
2.875,0.3,0.29011934995651245,0.012942874077725718,4.493103474067177e-17,0.0023516484070569277,8.153993815344465e-18
2.876,0.3,0.2901151478290558,0.012942874077725718,4.4915159490355655e-17,0.0023514684289693832,8.756047471031874e-18
2.8770000000000002,0.3,0.2901109457015991,0.012942874077725718,4.4919034004344853e-17,0.0023512886837124825,9.265819586253733e-18
2.878,0.3,0.29010674357414246,0.012942874077725718,4.493834701728674e-17,0.002351108705624938,9.70060622776208e-18
2.879,0.3,0.2901025116443634,0.012942874077725718,4.4964608347374075e-17,0.0023509287275373936,1.0079138320644395e-17
2.88,0.3,0.29009827971458435,0.012942874077725718,4.496465466948838e-17,0.002350748749449849,1.0366863122586416e-17
2.8810000000000002,0.3,0.2900940477848053,0.012942874077725718,4.4911271741476656e-17,0.002350568538531661,1.0517704387865653e-17
2.882,0.3,0.29008978605270386,0.012942874077725718,4.4806904709229615e-17,0.0023503885604441166,1.0603710592850567e-17
2.883,0.3,0.2900855243206024,0.012942874077725718,4.464706032765987e-17,0.0023502083495259285,1.0593206739758639e-17
2.884,0.3,0.290081262588501,0.012942874077725718,4.443557671480966e-17,0.0023500281386077404,1.048333374037482e-17
2.8850000000000002,0.3,0.29007697105407715,0.012942874077725718,4.4206828188214246e-17,0.0023498479276895523,1.0344668222914e-17
2.886,0.3,0.2900726795196533,0.012942874077725718,4.395076284906988e-17,0.0023496674839407206,1.0174339710031162e-17
2.887,0.3,0.2900683879852295,0.012942874077725718,4.3656971456548197e-17,0.0023494872730225325,9.936355102173692e-18
2.888,0.3,0.2900640666484833,0.012942874077725718,4.332599333240858e-17,0.0023493068292737007,9.584634547370532e-18
2.8890000000000002,0.3,0.29005974531173706,0.012942874077725718,4.298001676940215e-17,0.002349126385524869,9.163851279002416e-18
2.89,0.3,0.29005539417266846,0.012942874077725718,4.2637107392107067e-17,0.002348945941776037,8.672579849733706e-18
2.891,0.3,0.29005107283592224,0.012942874077725718,4.23249062678724e-17,0.002348765265196562,8.126675438565017e-18
2.892,0.3,0.29004672169685364,0.012942874077725718,4.2067242815784585e-17,0.00234858482144773,7.529022118211448e-18
2.8930000000000002,0.3,0.29004234075546265,0.012942874077725718,4.18974722668642e-17,0.0023484041448682547,6.947312217626477e-18
2.894,0.3,0.29003798961639404,0.012942874077725718,4.181084329567275e-17,0.0023482234682887793,6.365700114874666e-18
2.895,0.3,0.29003360867500305,0.012942874077725718,4.180259134188192e-17,0.00234804255887866,5.768342830264785e-18
2.896,0.3,0.2900291979312897,0.012942874077725718,4.188757918673807e-17,0.002347861882299185,5.207083038483701e-18
2.8970000000000002,0.3,0.2900248169898987,0.012942874077725718,4.2051801008109445e-17,0.0023476809728890657,4.681914442051691e-18
2.898,0.3,0.2900204062461853,0.012942874077725718,4.227164245386889e-17,0.0023475002963095903,4.159707864909228e-18
2.899,0.3,0.2900159955024719,0.012942874077725718,4.254654765864476e-17,0.0023473191540688276,3.670711614010312e-18
2.9,0.3,0.29001158475875854,0.012942874077725718,4.2875133576452876e-17,0.0023471382446587086,3.226452363139339e-18
2.9010000000000002,0.3,0.2900071442127228,0.012942874077725718,4.3273662578136024e-17,0.0023469573352485895,2.851386830104171e-18
2.902,0.3,0.2900027334690094,0.012942874077725718,4.374067882581611e-17,0.002346776193007827,2.6045645620983828e-18
2.903,0.3,0.28999826312065125,0.012942874077725718,4.427149716850364e-17,0.002346595050767064,2.485964095678714e-18
2.904,0.3,0.2899938225746155,0.012942874077725718,4.483721591559601e-17,0.0023464139085263014,2.4120390532990232e-18
2.9050000000000002,0.3,0.2899893820285797,0.012942874077725718,4.544827077770118e-17,0.0023462327662855387,2.3870921656471424e-18
2.906,0.3,0.28998491168022156,0.012942874077725718,4.611001195902115e-17,0.0023460513912141323,2.4456743533517686e-18
2.907,0.3,0.2899804413318634,0.012942874077725718,4.680433082158591e-17,0.0023458702489733696,2.573365073542964e-18
2.908,0.3,0.28997597098350525,0.012942874077725718,4.751274484178858e-17,0.0023456888739019632,2.7701524775221475e-18
2.9090000000000003,0.3,0.2899714708328247,0.012942874077725718,4.821176209023264e-17,0.002345507498830557,3.0187452612508978e-18
2.91,0.3,0.28996700048446655,0.012942874077725718,4.887797335558285e-17,0.0023453261237591505,3.286012172093452e-18
2.911,0.3,0.289962500333786,0.012942874077725718,4.949679378927867e-17,0.0023451445158571005,3.553234134391778e-18
2.912,0.3,0.28995800018310547,0.012942874077725718,5.0068312726826256e-17,0.002344963140785694,3.82041115907954e-18
2.9130000000000003,0.3,0.28995347023010254,0.012942874077725718,5.058802699697087e-17,0.002344781532883644,4.071700300917255e-18
2.914,0.3,0.289948970079422,0.012942874077725718,5.106062836814692e-17,0.002344599924981594,4.3229471699192035e-18
2.915,0.3,0.28994444012641907,0.012942874077725718,5.148160705165476e-17,0.0023444180842489004,4.558308820532335e-18
2.916,0.3,0.2899399399757385,0.012942874077725718,5.185106892661279e-17,0.0023442364763468504,4.777787904388909e-18
2.9170000000000003,0.3,0.2899354100227356,0.012942874077725718,5.215866430919676e-17,0.0023440546356141567,4.9453925769336764e-18
2.918,0.3,0.2899308502674103,0.012942874077725718,5.242837151100335e-17,0.002343872794881463,5.0956899382328344e-18
2.919,0.3,0.28992632031440735,0.012942874077725718,5.266527934716099e-17,0.002343691186979413,5.230119069632391e-18
2.92,0.3,0.2899217903614044,0.012942874077725718,5.28636107882716e-17,0.0023435091134160757,5.328531411417177e-18
2.9210000000000003,0.3,0.2899172306060791,0.012942874077725718,5.303268319675499e-17,0.002343327272683382,5.375090227184881e-18
2.922,0.3,0.2899126708507538,0.012942874077725718,5.3196402092313936e-17,0.0023431451991200447,5.404362312981392e-18
2.923,0.3,0.28990811109542847,0.012942874077725718,5.336398226697228e-17,0.0023429631255567074,5.432193578101311e-18
2.924,0.3,0.28990355134010315,0.012942874077725718,5.354044305268699e-17,0.0023427812848240137,5.460020273506366e-18
2.9250000000000003,0.3,0.28989899158477783,0.012942874077725718,5.3725354315539546e-17,0.0023425989784300327,5.486406492098438e-18
2.926,0.3,0.2898944318294525,0.012942874077725718,5.391872929041974e-17,0.0023424169048666954,5.49550958379181e-18
2.927,0.3,0.2898898422718048,0.012942874077725718,5.411179324538962e-17,0.0023422345984727144,5.441239461700668e-18
2.928,0.3,0.2898852825164795,0.012942874077725718,5.4304513093224674e-17,0.002342052524909377,5.323606686970624e-18
2.9290000000000003,0.3,0.2898806929588318,0.012942874077725718,5.449769616220276e-17,0.002341870218515396,5.1454933643497754e-18
2.93,0.3,0.2898761034011841,0.012942874077725718,5.46996076410045e-17,0.002341687912121415,4.967409794251545e-18
2.931,0.3,0.2898715138435364,0.012942874077725718,5.490187315310842e-17,0.0023415053728967905,4.7605414697815105e-18
2.932,0.3,0.28986692428588867,0.012942874077725718,5.5108195158936295e-17,0.0023413230665028095,4.569550583186711e-18
2.9330000000000003,0.3,0.28986233472824097,0.012942874077725718,5.531856373232078e-17,0.002341140527278185,4.394434488092479e-18
2.934,0.3,0.28985774517059326,0.012942874077725718,5.552380378590744e-17,0.0023409579880535603,4.2035046221115545e-18
2.935,0.3,0.28985312581062317,0.012942874077725718,5.572390870225137e-17,0.0023407754488289356,3.996763620969216e-18
2.936,0.3,0.28984853625297546,0.012942874077725718,5.591888509879747e-17,0.002340592909604311,3.774214119954226e-18
2.9370000000000003,0.3,0.28984391689300537,0.012942874077725718,5.61191620687088e-17,0.0023404101375490427,3.571851234517906e-18
2.938,0.3,0.28983932733535767,0.012942874077725718,5.631966403174676e-17,0.002340227598324418,3.419921847127107e-18
2.939,0.3,0.2898347079753876,0.012942874077725718,5.650698404454307e-17,0.0023400448262691498,3.304009939212507e-18
2.94,0.3,0.2898300886154175,0.012942874077725718,5.66619182819967e-17,0.0023398620542138815,3.20539551027587e-18
2.9410000000000003,0.3,0.2898254990577698,0.012942874077725718,5.678531377705491e-17,0.0023396790493279696,3.1427893914354304e-18
2.942,0.3,0.2898208796977997,0.012942874077725718,5.688051895683731e-17,0.0023394962772727013,3.1752511197132092e-18
2.943,0.3,0.2898162603378296,0.012942874077725718,5.693264457031795e-17,0.002339313505217433,3.2509299322549317e-18
2.944,0.3,0.2898116409778595,0.012942874077725718,5.694642870804554e-17,0.002339130500331521,3.338132878835179e-18
2.945,0.3,0.2898070216178894,0.012942874077725718,5.694042006807595e-17,0.002338947495445609,3.4527011643495276e-18
2.946,0.3,0.2898024022579193,0.012942874077725718,5.693312764379568e-17,0.002338764490559697,3.610473350044521e-18
2.947,0.3,0.2897977828979492,0.012942874077725718,5.693465627356768e-17,0.0023385812528431416,3.798469916490299e-18
2.948,0.3,0.2897931635379791,0.012942874077725718,5.695379392421971e-17,0.0023383982479572296,4.031093623503394e-18
2.949,0.3,0.28978851437568665,0.012942874077725718,5.696724057225737e-17,0.002338215010240674,4.196001235020926e-18
2.95,0.3,0.28978389501571655,0.012942874077725718,5.700339829119329e-17,0.0023380317725241184,4.343603390972678e-18
2.951,0.3,0.28977927565574646,0.012942874077725718,5.705224165200332e-17,0.002337848534807563,4.4235038703936284e-18
2.952,0.3,0.28977465629577637,0.012942874077725718,5.713216715151064e-17,0.0023376652970910072,4.4515570622212364e-18
2.953,0.3,0.2897700369358063,0.012942874077725718,5.725274361504127e-17,0.0023374820593744516,4.413363880697671e-18
2.954,0.3,0.2897654175758362,0.012942874077725718,5.742978011846232e-17,0.0023372985888272524,4.3319537420168636e-18
2.955,0.3,0.2897607684135437,0.012942874077725718,5.765012118131175e-17,0.002337115118280053,4.210203783785676e-18
2.956,0.3,0.2897561490535736,0.012942874077725718,5.788973224371121e-17,0.002336931647732854,4.045250455909314e-18
2.957,0.3,0.2897515296936035,0.012942874077725718,5.813094472777657e-17,0.0023367481771856546,3.824127848066884e-18
2.958,0.3,0.2897469103336334,0.012942874077725718,5.835896864415539e-17,0.0023365647066384554,3.575661069215303e-18
2.959,0.3,0.28974229097366333,0.012942874077725718,5.856790784944139e-17,0.002336381236091256,3.3272356134063112e-18
2.96,0.3,0.28973764181137085,0.012942874077725718,5.876238132017505e-17,0.0023361975327134132,3.0946944343899102e-18
2.961,0.3,0.28973302245140076,0.012942874077725718,5.89424353784707e-17,0.0023360138293355703,2.8780348863851492e-18
2.962,0.3,0.28972840309143066,0.012942874077725718,5.910809649410791e-17,0.0023358301259577274,2.6772543240472844e-18
2.963,0.3,0.28972378373146057,0.012942874077725718,5.92731885094837e-17,0.0023356464225798845,2.5398789807390455e-18
2.964,0.3,0.2897191643714905,0.012942874077725718,5.942980357794204e-17,0.0023354627192020416,2.4385168990891745e-18
2.965,0.3,0.2897145450115204,0.012942874077725718,5.956410462219615e-17,0.002335278782993555,2.3731619561963253e-18
2.966,0.3,0.2897099256515503,0.012942874077725718,5.967484094515985e-17,0.0023350948467850685,2.3870325046429194e-18
2.967,0.3,0.2897053062915802,0.012942874077725718,5.974956513297544e-17,0.002334910910576582,2.436890812813298e-18
2.968,0.3,0.2897006869316101,0.012942874077725718,5.978705957578124e-17,0.0023347269743680954,2.565955358816392e-18
2.969,0.3,0.2896960973739624,0.012942874077725718,5.979658207899295e-17,0.002334543038159609,2.8058988655414216e-18
2.97,0.3,0.2896914780139923,0.012942874077725718,5.975406499550773e-17,0.0023343591019511223,3.0731838789620423e-18
2.971,0.3,0.2896868586540222,0.012942874077725718,5.968433036114706e-17,0.002334174932911992,3.4052307061818495e-18
2.972,0.3,0.2896822690963745,0.012942874077725718,5.957240289810128e-17,0.002333990763872862,3.76603853275867e-18
2.973,0.3,0.2896776497364044,0.012942874077725718,5.941887155896654e-17,0.0023338068276643753,4.1253513913947645e-18
2.974,0.3,0.2896730601787567,0.012942874077725718,5.923719622667029e-17,0.0023336224257946014,4.513420834233993e-18
2.975,0.3,0.2896684408187866,0.012942874077725718,5.903167162295292e-17,0.0023334382567554712,4.912964541802106e-18
2.976,0.3,0.2896638512611389,0.012942874077725718,5.882621319368454e-17,0.002333254087716341,5.358535865631688e-18
2.977,0.3,0.2896592617034912,0.012942874077725718,5.861629460655329e-17,0.002333069685846567,5.818441248022236e-18
2.978,0.3,0.2896546423435211,0.012942874077725718,5.840654807298944e-17,0.002332885516807437,6.292678332544789e-18
2.979,0.3,0.2896500527858734,0.012942874077725718,5.820534466079204e-17,0.002332701114937663,6.794218576360426e-18
2.98,0.3,0.2896454632282257,0.012942874077725718,5.803114042378837e-17,0.0023325164802372456,7.338900480140717e-18
2.981,0.3,0.2896409034729004,0.012942874077725718,5.789774596948562e-17,0.0023323320783674717,7.926716941707748e-18
2.982,0.3,0.2896363139152527,0.012942874077725718,5.781480953254861e-17,0.002332147676497698,8.543252426503594e-18
2.983,0.3,0.289631724357605,0.012942874077725718,5.777851946471468e-17,0.0023319630417972803,9.143842350538278e-18
2.984,0.3,0.28962716460227966,0.012942874077725718,5.779004705373122e-17,0.0023317786399275064,9.73279286690875e-18
2.985,0.3,0.28962257504463196,0.012942874077725718,5.782206225215947e-17,0.002331594005227089,1.026401143546811e-17
2.986,0.3,0.28961801528930664,0.012942874077725718,5.785103342593353e-17,0.0023314093705266714,1.0720230135566155e-17
2.987,0.3,0.2896134555339813,0.012942874077725718,5.788517944161972e-17,0.0023312245029956102,1.1177807269814783e-17
2.988,0.3,0.289608895778656,0.012942874077725718,5.790735449948104e-17,0.0023310398682951927,1.1593517045290733e-17
2.989,0.3,0.2896043360233307,0.012942874077725718,5.787948843900535e-17,0.0023308550007641315,1.1899691195614199e-17
2.99,0.3,0.28959977626800537,0.012942874077725718,5.780701418245591e-17,0.002330670366063714,1.2130902718415207e-17
2.991,0.3,0.28959524631500244,0.012942874077725718,5.766152965632008e-17,0.002330485498532653,1.2236766336761489e-17
2.992,0.3,0.2895906865596771,0.012942874077725718,5.743808501181236e-17,0.0023303006310015917,1.2215868522742132e-17
2.993,0.3,0.2895861566066742,0.012942874077725718,5.716011262132514e-17,0.002330115530639887,1.2148879595375556e-17
2.994,0.3,0.28958162665367126,0.012942874077725718,5.6808501303986e-17,0.0023299306631088257,1.1985409584267848e-17
2.995,0.3,0.28957709670066833,0.012942874077725718,5.639129787279385e-17,0.0023297457955777645,1.1737014458678617e-17
2.996,0.3,0.2895725667476654,0.012942874077725718,5.59241327326035e-17,0.0023295606952160597,1.1393602918016704e-17
2.997,0.3,0.2895680367946625,0.012942874077725718,5.541040725009377e-17,0.002329375594854355,1.0966730726875967e-17
2.998,0.3,0.28956350684165955,0.012942874077725718,5.4860265968297e-17,0.00232919049449265,1.0443437565190692e-17
2.999,0.3,0.289559006690979,0.012942874077725718,5.4273344927743676e-17,0.002329005394130945,9.806462236838748e-18
3.0,0.3,0.28955450654029846,0.012942874077725718,5.366347789699813e-17,0.0023288202937692404,9.071666686049242e-18
3.001,0.3,0.2895500063896179,0.012942874077725718,5.305325352422796e-17,0.002328634960576892,8.285161825369884e-18
3.0020000000000002,0.3,0.2895455062389374,0.012942874077725718,5.246984634691676e-17,0.002328449860215187,7.493050906021874e-18
3.003,0.3,0.28954100608825684,0.012942874077725718,5.1937085784150956e-17,0.0023282645270228386,6.714046468448453e-18
3.004,0.3,0.2895365059375763,0.012942874077725718,5.147870861078837e-17,0.00232807919383049,5.998543803881785e-18
3.005,0.3,0.28953203558921814,0.012942874077725718,5.1084603371021156e-17,0.0023278938606381416,5.311977851589596e-18
3.0060000000000002,0.3,0.28952756524086,0.012942874077725718,5.077848036992753e-17,0.002327708527445793,4.704741232283818e-18
3.007,0.3,0.28952309489250183,0.012942874077725718,5.0542684264513166e-17,0.0023275231942534447,4.116317401349841e-18
3.008,0.3,0.2895186245441437,0.012942874077725718,5.037661948473702e-17,0.0023273376282304525,3.57695485942511e-18
3.009,0.3,0.2895141839981079,0.012942874077725718,5.0280127211921484e-17,0.0023271520622074604,3.1024883737640433e-18
3.0100000000000002,0.3,0.28950971364974976,0.012942874077725718,5.024308606409136e-17,0.002326966729015112,2.6741956684866234e-18
3.011,0.3,0.289505273103714,0.012942874077725718,5.0276249389209836e-17,0.00232678116299212,2.3136489624366398e-18
3.012,0.3,0.2895008325576782,0.012942874077725718,5.0379011691068523e-17,0.0023265955969691277,2.066931578900978e-18
3.013,0.3,0.28949639201164246,0.012942874077725718,5.0529548636385824e-17,0.002326409798115492,1.8907983164596948e-18
3.0140000000000002,0.3,0.2894919812679291,0.012942874077725718,5.070469255056535e-17,0.0023262242320924997,1.7852373587389752e-18
3.015,0.3,0.2894875407218933,0.012942874077725718,5.088094157804325e-17,0.002326038433238864,1.7488026798116627e-18
3.016,0.3,0.28948312997817993,0.012942874077725718,5.1024841226125425e-17,0.002325852867215872,1.729651208663826e-18
3.017,0.3,0.28947874903678894,0.012942874077725718,5.1131851927610185e-17,0.002325667068362236,1.7277800590313886e-18
3.0180000000000002,0.3,0.28947433829307556,0.012942874077725718,5.1201599796860657e-17,0.0023254812695086002,1.7575951023101703e-18
3.019,0.3,0.2894699275493622,0.012942874077725718,5.1242111794541054e-17,0.0023252954706549644,1.8464743846942548e-18
3.02,0.3,0.2894655466079712,0.012942874077725718,5.125939656062096e-17,0.0023251096718013287,1.967024751202584e-18
3.021,0.3,0.2894611656665802,0.012942874077725718,5.1263522537516376e-17,0.0023249236401170492,2.1537952316787248e-18
3.0220000000000002,0.3,0.2894568145275116,0.012942874077725718,5.124530471170551e-17,0.0023247378412634134,2.40677477994933e-18
3.023,0.3,0.2894524335861206,0.012942874077725718,5.1190174778240074e-17,0.002324551809579134,2.7072410181586052e-18
3.024,0.3,0.289448082447052,0.012942874077725718,5.109281562014258e-17,0.0023243657778948545,3.036474705113273e-18
3.025,0.3,0.2894437313079834,0.012942874077725718,5.0962144244416356e-17,0.002324179746210575,3.3930368755652164e-18
3.0260000000000002,0.3,0.2894393801689148,0.012942874077725718,5.081667626189278e-17,0.0023239937145262957,3.792765948557133e-18
3.027,0.3,0.2894350290298462,0.012942874077725718,5.066032919995291e-17,0.0023238076828420162,4.20110046020759e-18
3.028,0.3,0.2894307076931,0.012942874077725718,5.0506619189805854e-17,0.0023236216511577368,4.584918888335701e-18
3.029,0.3,0.28942638635635376,0.012942874077725718,5.0385741632532255e-17,0.0023234353866428137,4.952830391802555e-18
3.0300000000000002,0.3,0.28942209482192993,0.012942874077725718,5.028803505857749e-17,0.0023232493549585342,5.271717521325944e-18
3.031,0.3,0.2894177734851837,0.012942874077725718,5.022346203123915e-17,0.002323063090443611,5.560299760798693e-18
3.032,0.3,0.2894134819507599,0.012942874077725718,5.016481492580914e-17,0.002322876825928688,5.740801531308991e-18
3.033,0.3,0.28940919041633606,0.012942874077725718,5.011736453715065e-17,0.002322690561413765,5.863638080665028e-18
3.0340000000000003,0.3,0.28940489888191223,0.012942874077725718,5.006010378642728e-17,0.002322504296898842,5.9202139587409696e-18
3.035,0.3,0.2894006371498108,0.012942874077725718,4.9994336310284413e-17,0.002322317799553275,5.8831568176975e-18
3.036,0.3,0.28939637541770935,0.012942874077725718,4.9927913707096405e-17,0.002322131535038352,5.795708609511401e-18
3.037,0.3,0.2893921136856079,0.012942874077725718,4.9853371499015576e-17,0.002321945270523429,5.600242604985756e-18
3.0380000000000003,0.3,0.28938785195350647,0.012942874077725718,4.9761018437985256e-17,0.002321758773177862,5.295342630070164e-18
3.039,0.3,0.2893836200237274,0.012942874077725718,4.9656631553403514e-17,0.0023215722758322954,4.917015398192185e-18
3.04,0.3,0.28937938809394836,0.012942874077725718,4.955006091200463e-17,0.0023213857784867287,4.5631992984983454e-18
3.041,0.3,0.2893751561641693,0.012942874077725718,4.9398610759291073e-17,0.002321199281141162,4.182058827791661e-18
3.0420000000000003,0.3,0.28937095403671265,0.012942874077725718,4.917516611478335e-17,0.002321012783795595,3.727503865370528e-18
3.043,0.3,0.289366751909256,0.012942874077725718,4.886552594172515e-17,0.0023208260536193848,3.2139554393776735e-18
3.044,0.3,0.2893625497817993,0.012942874077725718,4.847307175446059e-17,0.002320639556273818,2.700492657890806e-18
3.045,0.3,0.28935837745666504,0.012942874077725718,4.799337648235129e-17,0.0023204528260976076,2.1712725504323126e-18
3.0460000000000003,0.3,0.2893541753292084,0.012942874077725718,4.7426608870242205e-17,0.002320266328752041,1.626297747033237e-18
3.047,0.3,0.2893500030040741,0.012942874077725718,4.679836188628573e-17,0.0023200795985758305,1.1534576127799596e-18
3.048,0.3,0.2893458604812622,0.012942874077725718,4.613230282216823e-17,0.00231989286839962,7.541743014278428e-19
3.049,0.3,0.2893417179584503,0.012942874077725718,4.5441600393241553e-17,0.0023197061382234097,4.0972413300438883e-19
3.0500000000000003,0.3,0.2893375754356384,0.012942874077725718,4.4763213029274564e-17,0.0023195194080471992,1.517838390766658e-19
3.051,0.3,0.28933343291282654,0.012942874077725718,4.4111940645787063e-17,0.002319332445040345,-6.43214888317559e-20
3.052,0.3,0.28932932019233704,0.012942874077725718,4.351081856847743e-17,0.002319145714864135,-2.2275590253792294e-19
3.053,0.3,0.28932520747184753,0.012942874077725718,4.2970732494206854e-17,0.0023189587518572807,-3.494780454551617e-19
3.0540000000000003,0.3,0.28932109475135803,0.012942874077725718,4.251409570885308e-17,0.0023187720216810703,-3.667126406480071e-19
3.055,0.3,0.28931698203086853,0.012942874077725718,4.213623629631641e-17,0.0023185850586742163,-3.0616387221742924e-19
3.056,0.3,0.2893128991127014,0.012942874077725718,4.185083582392846e-17,0.002318398095667362,-1.3615879939981958e-19
3.057,0.3,0.2893088459968567,0.012942874077725718,4.165655756781936e-17,0.002318211132660508,1.2313858749556687e-19
3.0580000000000003,0.3,0.2893047630786896,0.012942874077725718,4.1545470520275936e-17,0.002318024169653654,3.8095837753282955e-19
3.059,0.3,0.28930070996284485,0.012942874077725718,4.1532037107128075e-17,0.0023178372066468,6.718552604551275e-19
3.06,0.3,0.2892966568470001,0.012942874077725718,4.16018809293296e-17,0.0023176500108093023,9.627035337617868e-19
3.061,0.3,0.2892926335334778,0.012942874077725718,4.175482993331311e-17,0.0023174630478024483,1.2535032011854415e-18
3.0620000000000003,0.3,0.28928861021995544,0.012942874077725718,4.199073191784588e-17,0.0023172758519649506,1.544254267286441e-18
3.063,0.3,0.2892845869064331,0.012942874077725718,4.231189967992062e-17,0.002317088656127453,1.8435625320732946e-18
3.064,0.3,0.28928059339523315,0.012942874077725718,4.270297412992344e-17,0.002316901693120599,2.1946526199839002e-18
3.065,0.3,0.2892765998840332,0.012942874077725718,4.312372782030466e-17,0.002316714497283101,2.5067611279399917e-18
3.0660000000000003,0.3,0.28927260637283325,0.012942874077725718,4.3551790478578404e-17,0.0023165273014456034,2.7986062564777913e-18
3.067,0.3,0.2892686426639557,0.012942874077725718,4.3940194789563903e-17,0.002316339872777462,3.0356369326443872e-18
3.068,0.3,0.2892646789550781,0.012942874077725718,4.4260442726797483e-17,0.0023161526769399643,3.214993716486164e-18
3.069,0.3,0.28926071524620056,0.012942874077725718,4.447959926700973e-17,0.0023159654811024666,3.286288713458469e-18
3.0700000000000003,0.3,0.2892567813396454,0.012942874077725718,4.46031370371333e-17,0.0023157780524343252,3.299937571791198e-18
3.071,0.3,0.2892528474330902,0.012942874077725718,4.46023462524677e-17,0.0023155908565968275,3.2199609548503014e-18
3.072,0.3,0.28924891352653503,0.012942874077725718,4.44798871258629e-17,0.002315403427928686,3.07088852752182e-18
3.073,0.3,0.28924500942230225,0.012942874077725718,4.42544340868279e-17,0.0023152159992605448,2.852731734198585e-18
3.074,0.3,0.28924110531806946,0.012942874077725718,4.394423473967561e-17,0.0023150285705924034,2.564067617098569e-18
3.075,0.3,0.28923723101615906,0.012942874077725718,4.3583306059916674e-17,0.002314841141924262,2.242331376347455e-18
3.076,0.3,0.28923335671424866,0.012942874077725718,4.318013161191343e-17,0.0023146537132561207,1.900502630908087e-18
3.077,0.3,0.28922948241233826,0.012942874077725718,4.276612109788574e-17,0.0023144662845879793,1.5990876531891133e-18
3.078,0.3,0.28922563791275024,0.012942874077725718,4.23739845479764e-17,0.002314278855919838,1.3711999596225936e-18
3.079,0.3,0.28922179341316223,0.012942874077725718,4.201304263332766e-17,0.002314091194421053,1.1851412864375026e-18
3.08,0.3,0.2892179489135742,0.012942874077725718,4.172087251480658e-17,0.0023139037657529116,1.107145334296933e-18
3.081,0.3,0.2892141342163086,0.012942874077725718,4.149330520212589e-17,0.0023137161042541265,1.0910996356339597e-18
3.082,0.3,0.28921031951904297,0.012942874077725718,4.1331108318894044e-17,0.0023135284427553415,1.1240198471266126e-18
3.083,0.3,0.28920650482177734,0.012942874077725718,4.1219574593819844e-17,0.0023133410140872,1.1713429166614028e-18
3.084,0.3,0.2892027199268341,0.012942874077725718,4.116945737486648e-17,0.002313153352588415,1.2546474094442631e-18
3.085,0.3,0.28919896483421326,0.012942874077725718,4.117972434062949e-17,0.00231296569108963,1.4185872395553004e-18
3.086,0.3,0.28919517993927,0.012942874077725718,4.123484765665002e-17,0.002312778029590845,1.6257249381130759e-18
3.087,0.3,0.28919142484664917,0.012942874077725718,4.1339879742109556e-17,0.0023125901352614164,1.8458018530377687e-18
3.088,0.3,0.2891876995563507,0.012942874077725718,4.149937339909958e-17,0.0023124024737626314,2.0629728126603487e-18
3.089,0.3,0.28918397426605225,0.012942874077725718,4.171870861032414e-17,0.0023122148122638464,2.2642644316300227e-18
3.09,0.3,0.2891802489757538,0.012942874077725718,4.199400093562669e-17,0.0023120269179344177,2.4367055663508314e-18
3.091,0.3,0.2891765534877777,0.012942874077725718,4.2340056907971924e-17,0.0023118392564356327,2.663819674015018e-18
3.092,0.3,0.28917285799980164,0.012942874077725718,4.2714908691801354e-17,0.002311651362106204,2.880791323746882e-18
3.093,0.3,0.28916916251182556,0.012942874077725718,4.3103792767542134e-17,0.0023114634677767754,3.1005960223104704e-18
3.094,0.3,0.2891654968261719,0.012942874077725718,4.3497854993917496e-17,0.0023112755734473467,3.3246679934566872e-18
3.095,0.3,0.2891618311405182,0.012942874077725718,4.389196685112961e-17,0.002311087679117918,3.5832578763559745e-18
3.096,0.3,0.2891581952571869,0.012942874077725718,4.427400848884335e-17,0.0023108997847884893,3.866255693183653e-18
3.097,0.3,0.2891545593738556,0.012942874077725718,4.4611296346695525e-17,0.0023107118904590607,4.156379908437646e-18
3.098,0.3,0.2891509234905243,0.012942874077725718,4.486626318998642e-17,0.002310523996129632,4.403231206950905e-18
3.099,0.3,0.2891473174095154,0.012942874077725718,4.503768810013191e-17,0.0023103361018002033,4.650041633455141e-18
3.1,0.3,0.28914371132850647,0.012942874077725718,4.511616768792849e-17,0.002310147974640131,4.8636905501628774e-18
3.101,0.3,0.28914013504981995,0.012942874077725718,4.511522139330773e-17,0.0023099600803107023,5.074434631874963e-18
3.102,0.3,0.2891365587711334,0.012942874077725718,4.503550765203722e-17,0.00230977195315063,5.25202314379252e-18
3.103,0.3,0.2891329824924469,0.012942874077725718,4.487719520896192e-17,0.0023095838259905577,5.380618623006513e-18
3.104,0.3,0.28912943601608276,0.012942874077725718,4.4644201591462885e-17,0.002309395931661129,5.457359622356964e-18
3.105,0.3,0.289125919342041,0.012942874077725718,4.436549135586927e-17,0.0023092078045010567,5.534087994018354e-18
3.106,0.3,0.2891223728656769,0.012942874077725718,4.404573972700322e-17,0.0023090196773409843,5.6266467005112946e-18
3.107,0.3,0.2891188859939575,0.012942874077725718,4.3678792481107346e-17,0.002308831550180912,5.71345077989857e-18
3.108,0.3,0.28911536931991577,0.012942874077725718,4.326530474522679e-17,0.0023086434230208397,5.732564078951846e-18
3.109,0.3,0.2891118824481964,0.012942874077725718,4.283293082160042e-17,0.0023084552958607674,5.7315266583671525e-18
3.11,0.3,0.28910842537879944,0.012942874077725718,4.2398885993136695e-17,0.002308267168700695,5.721880058427204e-18
3.111,0.3,0.2891049385070801,0.012942874077725718,4.198296965497768e-17,0.002308078808709979,5.676244316530135e-18
3.112,0.3,0.2891015112400055,0.012942874077725718,4.1603978659363037e-17,0.0023078906815499067,5.6119032117300484e-18
3.113,0.3,0.2890980541706085,0.012942874077725718,4.1266065452967774e-17,0.0023077023215591908,5.511581886297247e-18
3.114,0.3,0.2890946567058563,0.012942874077725718,4.0974239441581516e-17,0.0023075141943991184,5.345035272137909e-18
3.115,0.3,0.28909122943878174,0.012942874077725718,4.074885588571797e-17,0.0023073258344084024,5.1511351512835144e-18
3.116,0.3,0.28908783197402954,0.012942874077725718,4.057965443705902e-17,0.00230713770724833,4.942859152626911e-18
3.117,0.3,0.28908443450927734,0.012942874077725718,4.04864708866937e-17,0.002306949347257614,4.805164566390414e-18
3.118,0.3,0.28908106684684753,0.012942874077725718,4.04381701563655e-17,0.002306760987266898,4.7106589956293546e-18
3.119,0.3,0.2890777289867401,0.012942874077725718,4.039233442426271e-17,0.002306572627276182,4.640622473687571e-18
3.12,0.3,0.2890743613243103,0.012942874077725718,4.031668379416106e-17,0.002306384267285466,4.579208188047941e-18
3.121,0.3,0.28907105326652527,0.012942874077725718,4.018731936380267e-17,0.00230619590729475,4.5393877071760734e-18
3.122,0.3,0.28906771540641785,0.012942874077725718,3.99842332885311e-17,0.0023060075473040342,4.5154171466578936e-18
3.123,0.3,0.2890644073486328,0.012942874077725718,3.970298195409572e-17,0.0023058191873133183,4.491450907916973e-18
3.124,0.3,0.28906112909317017,0.012942874077725718,3.93516485694424e-17,0.0023056305944919586,4.494869466566191e-18
3.125,0.3,0.2890578508377075,0.012942874077725718,3.894007658386051e-17,0.0023054422345012426,4.511260351807782e-18
3.126,0.3,0.2890545725822449,0.012942874077725718,3.84734606915969e-17,0.0023052538745105267,4.526213552980086e-18
3.1270000000000002,0.3,0.2890513241291046,0.012942874077725718,3.796943307458874e-17,0.002305065281689167,4.584387733863247e-18
3.128,0.3,0.28904807567596436,0.012942874077725718,3.74361232638962e-17,0.002304876921698451,4.6656269302233824e-18
3.129,0.3,0.2890448570251465,0.012942874077725718,3.689673533006262e-17,0.0023046883288770914,4.754084097518356e-18
3.13,0.3,0.2890416383743286,0.012942874077725718,3.6379816930388434e-17,0.0023044997360557318,4.852628325079872e-18
3.1310000000000002,0.3,0.28903841972351074,0.012942874077725718,3.590463144697877e-17,0.002304311376065016,4.96412834455401e-18
3.132,0.3,0.28903523087501526,0.012942874077725718,3.5484936547781616e-17,0.002304122783243656,5.1044248702762165e-18
3.133,0.3,0.28903207182884216,0.012942874077725718,3.513401675343457e-17,0.0023039341904222965,5.287920644472497e-18
3.134,0.3,0.28902891278266907,0.012942874077725718,3.484855672404252e-17,0.002303745597600937,5.4555425595557204e-18
3.1350000000000002,0.3,0.28902575373649597,0.012942874077725718,3.463798631858857e-17,0.0023035570047795773,5.640414550436142e-18
3.136,0.3,0.28902262449264526,0.012942874077725718,3.450753000982161e-17,0.0023033684119582176,5.877090487591822e-18
3.137,0.3,0.28901949524879456,0.012942874077725718,3.4416983511249103e-17,0.002303179819136858,6.0748103587053265e-18
3.138,0.3,0.28901639580726624,0.012942874077725718,3.434269276607449e-17,0.0023029912263154984,6.247988436141665e-18
3.1390000000000002,0.3,0.2890132963657379,0.012942874077725718,3.42523712606286e-17,0.0023028026334941387,6.364943110421248e-18
3.14,0.3,0.289010226726532,0.012942874077725718,3.411834814906031e-17,0.0023026138078421354,6.4098410130209554e-18
3.141,0.3,0.28900715708732605,0.012942874077725718,3.391967590953732e-17,0.002302425215020776,6.389924315501372e-18
3.142,0.3,0.2890041172504425,0.012942874077725718,3.3671041961016134e-17,0.002302236622199416,6.339760744507447e-18
3.1430000000000002,0.3,0.28900107741355896,0.012942874077725718,3.3371251854692215e-17,0.002302047796547413,6.270891703501397e-18
3.144,0.3,0.2889980375766754,0.012942874077725718,3.3017142451903164e-17,0.0023018592037260532,6.140098055409684e-18
3.145,0.3,0.28899502754211426,0.012942874077725718,3.259918463199237e-17,0.00230167037807405,5.930111618009167e-18
3.146,0.3,0.2889920473098755,0.012942874077725718,3.212078637908355e-17,0.0023014815524220467,5.652481707294088e-18
3.1470000000000002,0.3,0.2889890670776367,0.012942874077725718,3.1608384385553904e-17,0.002301292959600687,5.3504414249442854e-18
3.148,0.3,0.28898608684539795,0.012942874077725718,3.1099731174560346e-17,0.0023011041339486837,5.058551802877417e-18
3.149,0.3,0.28898313641548157,0.012942874077725718,3.061745179021743e-17,0.0023009153082966805,4.791218240468785e-18
3.15,0.3,0.2889801859855652,0.012942874077725718,3.019001778920923e-17,0.002300726482644677,4.567150783003309e-18
3.1510000000000002,0.3,0.2889772653579712,0.012942874077725718,2.982328561027262e-17,0.0023005378898233175,4.358963350050591e-18
3.152,0.3,0.2889743447303772,0.012942874077725718,2.952962325792649e-17,0.0023003490641713142,4.209874907815558e-18
3.153,0.3,0.2889714539051056,0.012942874077725718,2.93144570369892e-17,0.002300160238519311,4.091061099603759e-18
3.154,0.3,0.288968563079834,0.012942874077725718,2.918684292080697e-17,0.0022999714128673077,4.0183597875860845e-18
3.1550000000000002,0.3,0.28896570205688477,0.012942874077725718,2.913334418750949e-17,0.0022997823543846607,3.929827228903857e-18
3.156,0.3,0.28896284103393555,0.012942874077725718,2.9154228843615226e-17,0.0022995935287326574,3.826901908682577e-18
3.157,0.3,0.28895998001098633,0.012942874077725718,2.924097031136999e-17,0.002299404703080654,3.696615059590464e-18
3.158,0.3,0.2889571487903595,0.012942874077725718,2.9384148657958016e-17,0.002299215877428651,3.554814342692453e-18
3.1590000000000003,0.3,0.28895434737205505,0.012942874077725718,2.9565225111490774e-17,0.0022990270517766476,3.385658864204181e-18
3.16,0.3,0.2889515459537506,0.012942874077725718,2.9774399236070733e-17,0.0022988379932940006,3.2035603422754034e-18
3.161,0.3,0.28894874453544617,0.012942874077725718,2.999822438366023e-17,0.0022986491676419973,2.9941140456595394e-18
3.162,0.3,0.2889459729194641,0.012942874077725718,3.023278302687822e-17,0.002298460341989994,2.7918825869942046e-18
3.1630000000000003,0.3,0.28894323110580444,0.012942874077725718,3.045995660158733e-17,0.002298271283507347,2.6141439912392986e-18
3.164,0.3,0.2889404892921448,0.012942874077725718,3.065081694740537e-17,0.002298082457855344,2.4565863395468017e-18
3.165,0.3,0.2889377474784851,0.012942874077725718,3.079034577313081e-17,0.002297893399372697,2.3148982068572807e-18
3.166,0.3,0.2889350354671478,0.012942874077725718,3.0873669330594504e-17,0.0022977045737206936,2.17179789652932e-18
3.1670000000000003,0.3,0.28893232345581055,0.012942874077725718,3.093755083494075e-17,0.0022975155152380466,2.1381862961306364e-18
3.168,0.3,0.28892964124679565,0.012942874077725718,3.0982122635067556e-17,0.0022973264567553997,2.198202149446245e-18
3.169,0.3,0.28892695903778076,0.012942874077725718,3.10116794527153e-17,0.0022971376311033964,2.350393629044125e-18
3.17,0.3,0.28892430663108826,0.012942874077725718,3.1030132197820134e-17,0.0022969485726207495,2.5760299175684327e-18
3.1710000000000003,0.3,0.28892165422439575,0.012942874077725718,3.1046851172361056e-17,0.0022967595141381025,2.8434126538557523e-18
3.172,0.3,0.28891903162002563,0.012942874077725718,3.1079925161973376e-17,0.0022965706884860992,3.151098424138753e-18
3.173,0.3,0.2889164090156555,0.012942874077725718,3.114660253679005e-17,0.0022963816300034523,3.478928469107548e-18
3.174,0.3,0.2889138162136078,0.012942874077725718,3.127546073261356e-17,0.0022961925715208054,3.798085701822973e-18
3.1750000000000003,0.3,0.28891122341156006,0.012942874077725718,3.149199345592279e-17,0.0022960035130381584,4.101346258947994e-18
3.176,0.3,0.28890863060951233,0.012942874077725718,3.179600880081563e-17,0.0022958144545555115,4.388712788311159e-18
3.177,0.3,0.288906067609787,0.012942874077725718,3.217943017579111e-17,0.0022956253960728645,4.63281116098766e-18
3.178,0.3,0.28890353441238403,0.012942874077725718,3.2632794634641625e-17,0.0022954363375902176,4.849491701700502e-18
3.1790000000000003,0.3,0.2889010012149811,0.012942874077725718,3.3137103493058055e-17,0.0022952472791075706,5.02147974958888e-18
3.18,0.3,0.2888984978199005,0.012942874077725718,3.3683413274257477e-17,0.0022950582206249237,5.150219320310724e-18
3.181,0.3,0.28889599442481995,0.012942874077725718,3.425358887049028e-17,0.0022948691621422768,5.221311313085004e-18
3.182,0.3,0.2888934910297394,0.012942874077725718,3.48295117176191e-17,0.00229468010365963,5.2362020649912e-18
3.1830000000000003,0.3,0.2888910174369812,0.012942874077725718,3.539220629239197e-17,0.002294491045176983,5.209307629101818e-18
3.184,0.3,0.288888543844223,0.012942874077725718,3.5931524743054095e-17,0.002294301986694336,5.169447964856742e-18
3.185,0.3,0.28888610005378723,0.012942874077725718,3.642495452205423e-17,0.0022941126953810453,5.070533069161202e-18
3.186,0.3,0.28888368606567383,0.012942874077725718,3.6854545810099967e-17,0.0022939236368983984,4.898166617404709e-18
3.1870000000000003,0.3,0.2888812720775604,0.012942874077725718,3.721896519204388e-17,0.0022937345784157515,4.711422947060634e-18
3.188,0.3,0.288878858089447,0.012942874077725718,3.7504981086807564e-17,0.0022935455199331045,4.480055274625612e-18
3.189,0.3,0.288876473903656,0.012942874077725718,3.771098214655777e-17,0.002293356228619814,4.230010240927764e-18
3.19,0.3,0.288874089717865,0.012942874077725718,3.7836786391559735e-17,0.002293167170137167,3.92816820435116e-18
3.1910000000000003,0.3,0.28887173533439636,0.012942874077725718,3.7918846017047445e-17,0.00229297811165452,3.6523156528578106e-18
3.192,0.3,0.2888694107532501,0.012942874077725718,3.795701213051064e-17,0.0022927888203412294,3.3376394187899444e-18
3.193,0.3,0.2888670563697815,0.012942874077725718,3.7992339360111557e-17,0.0022925997618585825,3.0460807016168573e-18
3.194,0.3,0.28886476159095764,0.012942874077725718,3.805213459223179e-17,0.002292410470545292,2.776198467488062e-18
3.1950000000000003,0.3,0.2888624668121338,0.012942874077725718,3.816410837739187e-17,0.002292221412062645,2.512145753685052e-18
3.196,0.3,0.28886017203330994,0.012942874077725718,3.8352179470184375e-17,0.002292032353579998,2.2251090857386302e-18
3.197,0.3,0.28885790705680847,0.012942874077725718,3.8658401732951506e-17,0.0022918430622667074,1.981337692920307e-18
3.198,0.3,0.288855642080307,0.012942874077725718,3.909684385355156e-17,0.0022916540037840605,1.7822611492380206e-18
3.1990000000000003,0.3,0.28885340690612793,0.012942874077725718,3.968314285428425e-17,0.00229146471247077,1.6508997735835487e-18
3.2,0.3,0.28885117173194885,0.012942874077725718,4.039322116187937e-17,0.002291275653988123,1.5526825072634209e-18
3.201,0.3,0.28884896636009216,0.012942874077725718,4.121722209215774e-17,0.0022910863626748323,1.4703238819382372e-18
3.202,0.3,0.2888467609882355,0.012942874077725718,4.2150364541178813e-17,0.0022908970713615417,1.3879782963227473e-18
3.203,0.3,0.2888445556163788,0.012942874077725718,4.3217384517980366e-17,0.002290708012878895,1.3920460258098836e-18
3.204,0.3,0.28884240984916687,0.012942874077725718,4.438957554658436e-17,0.002290518721565604,1.4637957378735759e-18
3.205,0.3,0.28884023427963257,0.012942874077725718,4.564872972734728e-17,0.0022903296630829573,1.5888105272995337e-18
3.206,0.3,0.28883808851242065,0.012942874077725718,4.698081807708023e-17,0.0022901403717696667,1.7829247034571764e-18
3.207,0.3,0.28883597254753113,0.012942874077725718,4.8363510027966717e-17,0.002289951080456376,2.033158460008685e-18
3.208,0.3,0.2888338565826416,0.012942874077725718,4.974863719857656e-17,0.002289762021973729,2.2689447420996066e-18
3.209,0.3,0.28883177042007446,0.012942874077725718,5.114031894836028e-17,0.0022895727306604385,2.520534651382089e-18
3.21,0.3,0.2888296842575073,0.012942874077725718,5.254352828716053e-17,0.002289383439347148,2.805205814073641e-18
3.211,0.3,0.2888275980949402,0.012942874077725718,5.394158263638336e-17,0.002289194380864501,3.081173248149534e-18
3.212,0.3,0.28882554173469543,0.012942874077725718,5.5302238495751434e-17,0.0022890050895512104,3.316752789900569e-18
3.213,0.3,0.28882351517677307,0.012942874077725718,5.662410620183567e-17,0.00228881579823792,3.5868540622399066e-18
3.214,0.3,0.2888214886188507,0.012942874077725718,5.789842756631037e-17,0.002288626739755273,3.892908853308246e-18
3.215,0.3,0.28881949186325073,0.012942874077725718,5.909650273064237e-17,0.0022884374484419823,4.1830701235770604e-18
3.216,0.3,0.28881749510765076,0.012942874077725718,6.022306316793549e-17,0.0022882481571286917,4.473183476873906e-18
3.217,0.3,0.2888154983520508,0.012942874077725718,6.128280726406903e-17,0.0022880590986460447,4.7790918758775085e-18
3.218,0.3,0.2888135313987732,0.012942874077725718,6.227587398538589e-17,0.002287869807332754,5.100792689495893e-18
3.219,0.3,0.2888115644454956,0.012942874077725718,6.31932702242664e-17,0.0022876805160194635,5.406597377637338e-18
3.22,0.3,0.2888096272945404,0.012942874077725718,6.404427363846096e-17,0.002287491224706173,5.7281945009219454e-18
3.221,0.3,0.2888077199459076,0.012942874077725718,6.482445053988627e-17,0.002287302166223526,6.049738474037456e-18
3.222,0.3,0.2888058125972748,0.012942874077725718,6.551979179768815e-17,0.0022871128749102354,6.3222627794069326e-18
3.223,0.3,0.28880390524864197,0.012942874077725718,6.613422817413744e-17,0.002286923583596945,6.542900141930842e-18
3.224,0.3,0.28880202770233154,0.012942874077725718,6.668176880008834e-17,0.002286734292283654,6.71165903028026e-18
3.225,0.3,0.2888001501560211,0.012942874077725718,6.718674602043971e-17,0.0022865450009703636,6.864547079280033e-18
3.226,0.3,0.2887983024120331,0.012942874077725718,6.764384602693651e-17,0.0022863559424877167,6.982848413372891e-18
3.227,0.3,0.28879648447036743,0.012942874077725718,6.806736250056366e-17,0.002286166651174426,7.08384944462323e-18
3.228,0.3,0.2887946665287018,0.012942874077725718,6.845738146810486e-17,0.0022859773598611355,7.151710041223547e-18
3.229,0.3,0.28879284858703613,0.012942874077725718,6.881777413482687e-17,0.002285788068547845,7.183559915548656e-18
3.23,0.3,0.28879106044769287,0.012942874077725718,6.91582482923986e-17,0.002285599010065198,7.164999838467806e-18
3.231,0.3,0.2887892723083496,0.012942874077725718,6.94843361247568e-17,0.0022854097187519073,7.083071008605936e-18
3.232,0.3,0.28878751397132874,0.012942874077725718,6.979558102820335e-17,0.0022852204274386168,6.936346021137593e-18
3.233,0.3,0.28878575563430786,0.012942874077725718,7.009621155002962e-17,0.002285031136125326,6.723397616740608e-18
3.234,0.3,0.2887840270996094,0.012942874077725718,7.039959492893447e-17,0.002284842077642679,6.458641635065942e-18
3.235,0.3,0.2887822985649109,0.012942874077725718,7.072039542281724e-17,0.0022846527863293886,6.144962645159734e-18
3.236,0.3,0.2887805998325348,0.012942874077725718,7.107355522226308e-17,0.002284463495016098,5.818368919201074e-18
3.237,0.3,0.2887789011001587,0.012942874077725718,7.144811583851689e-17,0.002284274436533451,5.473110246371758e-18
3.238,0.3,0.2887772023677826,0.012942874077725718,7.184825287931084e-17,0.0022840851452201605,5.091908506583573e-18
3.239,0.3,0.28877556324005127,0.012942874077725718,7.228862398509937e-17,0.00228389585390687,4.6776458706704126e-18
3.24,0.3,0.28877389430999756,0.012942874077725718,7.277869210209009e-17,0.0022837065625935793,4.247608955617553e-18
3.241,0.3,0.28877225518226624,0.012942874077725718,7.332296371026018e-17,0.0022835175041109324,3.817643344157774e-18
3.242,0.3,0.2887706458568573,0.012942874077725718,7.39317024666502e-17,0.0022833282127976418,3.4237497642626265e-18
3.243,0.3,0.28876903653144836,0.012942874077725718,7.4605517176191e-17,0.002283138921484351,3.1163278709447436e-18
3.244,0.3,0.2887674570083618,0.012942874077725718,7.530625826903162e-17,0.002282949863001704,2.8435196822313296e-18
3.245,0.3,0.28876587748527527,0.012942874077725718,7.603046482148915e-17,0.0022827605716884136,2.6254776237776315e-18
3.246,0.3,0.2887642979621887,0.012942874077725718,7.675337435474619e-17,0.002282571280375123,2.4564392664575675e-18
3.247,0.3,0.28876274824142456,0.012942874077725718,7.748160431370318e-17,0.002282382221892476,2.375274585851213e-18
3.248,0.3,0.2887612283229828,0.012942874077725718,7.818211379597228e-17,0.0022821929305791855,2.3632494274078504e-18
3.249,0.3,0.288759708404541,0.012942874077725718,7.883647321750583e-17,0.002282003639265895,2.4203525181166266e-18
3.25,0.3,0.28875818848609924,0.012942874077725718,7.941680990038324e-17,0.002281814580783248,2.5134481512148985e-18
3.251,0.3,0.28875669836997986,0.012942874077725718,7.989443722096115e-17,0.0022816252894699574,2.590685976883619e-18
3.2520000000000002,0.3,0.2887552082538605,0.012942874077725718,8.02695603200315e-17,0.0022814362309873104,2.6520686399963356e-18
3.253,0.3,0.2887537479400635,0.012942874077725718,8.054237110349639e-17,0.00228124693967402,2.6975987849054222e-18
3.254,0.3,0.2887522876262665,0.012942874077725718,8.072222002100012e-17,0.0022810576483607292,2.758964960983844e-18
3.255,0.3,0.28875085711479187,0.012942874077725718,8.080470647168391e-17,0.0022808685898780823,2.8203215771763403e-18
3.2560000000000002,0.3,0.28874942660331726,0.012942874077725718,8.078546955935838e-17,0.0022806792985647917,2.865825683447022e-18
3.257,0.3,0.28874802589416504,0.012942874077725718,8.067383326388822e-17,0.0022804902400821447,2.9271658282095266e-18
3.258,0.3,0.2887466251850128,0.012942874077725718,8.046541021930446e-17,0.002280300948768854,2.9884964198963216e-18
3.259,0.3,0.288745254278183,0.012942874077725718,8.016042541873371e-17,0.002280111890286207,3.0498174604555423e-18
3.2600000000000002,0.3,0.28874388337135315,0.012942874077725718,7.975444517409268e-17,0.0022799228318035603,3.0952859991574214e-18
3.261,0.3,0.2887425422668457,0.012942874077725718,7.925603245908253e-17,0.0022797335404902697,3.153712824612483e-18
3.262,0.3,0.28874120116233826,0.012942874077725718,7.868288232136699e-17,0.0022795444820076227,3.2539037310191093e-18
3.263,0.3,0.2887398898601532,0.012942874077725718,7.805367580789995e-17,0.002279355190694332,3.39585150097627e-18
3.2640000000000002,0.3,0.28873857855796814,0.012942874077725718,7.739115045935928e-17,0.002279166132211685,3.593952895496695e-18
3.265,0.3,0.2887372672557831,0.012942874077725718,7.671892393659458e-17,0.0022789770737290382,3.849637242219654e-18
3.266,0.3,0.2887359857559204,0.012942874077725718,7.605551846788216e-17,0.0022787877824157476,4.1628946873460595e-18
3.267,0.3,0.2887347340583801,0.012942874077725718,7.541899306035525e-17,0.0022785987239331007,4.532276306361555e-18
3.2680000000000002,0.3,0.28873348236083984,0.012942874077725718,7.48332565424391e-17,0.0022784096654504538,4.960650630148514e-18
3.269,0.3,0.28873223066329956,0.012942874077725718,7.42950398963529e-17,0.002278220374137163,5.388953232034964e-18
3.27,0.3,0.28873100876808167,0.012942874077725718,7.38084062332655e-17,0.0022780313156545162,5.831587907612476e-18
3.271,0.3,0.28872978687286377,0.012942874077725718,7.33778951203786e-17,0.0022778422571718693,6.28855220290583e-18
3.2720000000000002,0.3,0.28872859477996826,0.012942874077725718,7.301175189403813e-17,0.0022776531986892223,6.772808152021661e-18
3.273,0.3,0.28872743248939514,0.012942874077725718,7.271580652320136e-17,0.0022774641402065754,7.256982901031541e-18
3.274,0.3,0.28872624039649963,0.012942874077725718,7.24762086956917e-17,0.0022772750817239285,7.69354760972209e-18
3.275,0.3,0.2887251079082489,0.012942874077725718,7.228367413631386e-17,0.0022770860232412815,8.050824310266535e-18
3.2760000000000002,0.3,0.2887239456176758,0.012942874077725718,7.215055761469692e-17,0.002276896731927991,8.372036989465669e-18
3.277,0.3,0.28872281312942505,0.012942874077725718,7.206477567645272e-17,0.002276707673445344,8.567891329458576e-18
3.278,0.3,0.2887217104434967,0.012942874077725718,7.203526848964173e-17,0.002276518614962697,8.68593714231584e-18
3.279,0.3,0.28872060775756836,0.012942874077725718,7.205271869184415e-17,0.0022763297893106937,8.710344511048539e-18
3.2800000000000002,0.3,0.2887195348739624,0.012942874077725718,7.211193820625805e-17,0.002276140730828047,8.639689618026639e-18
3.281,0.3,0.28871846199035645,0.012942874077725718,7.223149558327401e-17,0.0022759516723454,8.53879963706666e-18
3.282,0.3,0.2887173891067505,0.012942874077725718,7.238087116701129e-17,0.002275762613862753,8.318380187722805e-18
3.283,0.3,0.2887163460254669,0.012942874077725718,7.257220135141725e-17,0.002275573555380106,8.100876362173769e-18
3.2840000000000003,0.3,0.28871530294418335,0.012942874077725718,7.278325813907138e-17,0.002275384496897459,7.841638191222724e-18
3.285,0.3,0.28871428966522217,0.012942874077725718,7.298262851903136e-17,0.002275195438414812,7.496023343693607e-18
3.286,0.3,0.288713276386261,0.012942874077725718,7.316378769062538e-17,0.002275006612762809,7.137502620880013e-18
3.287,0.3,0.2887122929096222,0.012942874077725718,7.332126964436567e-17,0.002274817554280162,6.779041819289302e-18
3.2880000000000003,0.3,0.2887113094329834,0.012942874077725718,7.345512070236655e-17,0.002274628495797515,6.420640928932626e-18
3.289,0.3,0.288710355758667,0.012942874077725718,7.356540042163212e-17,0.002274439437314868,6.062299939736757e-18
3.29,0.3,0.2887094020843506,0.012942874077725718,7.366461577302418e-17,0.0022742506116628647,5.747228246873092e-18
3.291,0.3,0.28870847821235657,0.012942874077725718,7.376665677338872e-17,0.0022740615531802177,5.475418442873797e-18
3.2920000000000003,0.3,0.28870755434036255,0.012942874077725718,7.38879015988543e-17,0.0022738727275282145,5.255502405419894e-18
3.293,0.3,0.28870663046836853,0.012942874077725718,7.400741927120086e-17,0.0022736836690455675,5.062989250703804e-18
3.294,0.3,0.2887057363986969,0.012942874077725718,7.41390799549397e-17,0.0022734948433935642,4.89787421646479e-18
3.295,0.3,0.28870484232902527,0.012942874077725718,7.431669217606708e-17,0.0022733057849109173,4.829284254440151e-18
3.2960000000000003,0.3,0.288703978061676,0.012942874077725718,7.452685560865966e-17,0.002273116959258914,4.826957450347033e-18
3.297,0.3,0.28870314359664917,0.012942874077725718,7.476569904745067e-17,0.0022729281336069107,4.9096059260688795e-18
3.298,0.3,0.2887022793292999,0.012942874077725718,7.500519761328682e-17,0.0022727390751242638,5.044089801544738e-18
3.299,0.3,0.28870144486427307,0.012942874077725718,7.523649716489135e-17,0.0022725502494722605,5.24768368989726e-18
3.3000000000000003,0.3,0.2887006402015686,0.012942874077725718,7.544160486958e-17,0.002272361423820257,5.5218164737107926e-18
3.301,0.3,0.28869983553886414,0.012942874077725718,7.558211307715071e-17,0.002272172598168254,5.81318717768621e-18
3.302,0.3,0.28869906067848206,0.012942874077725718,7.565397191132441e-17,0.0022719837725162506,6.123233198845341e-18
3.303,0.3,0.2886982858181,0.012942874077725718,7.564267593287939e-17,0.0022717947140336037,6.433228127027634e-18
3.3040000000000003,0.3,0.2886975109577179,0.012942874077725718,7.554838396049324e-17,0.0022716058883816004,6.7431719696945365e-18
3.305,0.3,0.2886967658996582,0.012942874077725718,7.536586821269464e-17,0.002271417062729597,7.034341179952908e-18
3.306,0.3,0.2886960208415985,0.012942874077725718,7.512241241480804e-17,0.002271228237077594,7.368670221149196e-18
3.307,0.3,0.2886953055858612,0.012942874077725718,7.480787864124597e-17,0.0022710394114255905,7.662615850710566e-18
3.3080000000000003,0.3,0.2886945903301239,0.012942874077725718,7.444137807288088e-17,0.002270850818604231,7.88593891054065e-18
3.309,0.3,0.2886938750743866,0.012942874077725718,7.403566252603587e-17,0.0022706619929522276,8.002643646869546e-18
3.31,0.3,0.28869321942329407,0.012942874077725718,7.363146237407306e-17,0.0022704731673002243,8.025709326035895e-18
3.311,0.3,0.28869253396987915,0.012942874077725718,7.328030104298715e-17,0.002270284341648221,7.973874850846644e-18
3.3120000000000003,0.3,0.2886918783187866,0.012942874077725718,7.303561440034906e-17,0.0022700955159962177,7.904764753226451e-18
3.313,0.3,0.2886912226676941,0.012942874077725718,7.290637570144377e-17,0.002269906923174858,7.83422479617421e-18
3.314,0.3,0.28869059681892395,0.012942874077725718,7.288699982277533e-17,0.002269718097522855,7.727688060867955e-18
3.315,0.3,0.2886899709701538,0.012942874077725718,7.299774276318393e-17,0.002269529504701495,7.608206446633775e-18
3.3160000000000003,0.3,0.28868937492370605,0.012942874077725718,7.321914923466233e-17,0.002269340679049492,7.44121502053003e-18
3.317,0.3,0.2886887788772583,0.012942874077725718,7.353267053915462e-17,0.0022691520862281322,7.163349906260766e-18
3.318,0.3,0.28868818283081055,0.012942874077725718,7.396011115760773e-17,0.002268963260576129,6.850962878302185e-18
3.319,0.3,0.2886876165866852,0.012942874077725718,7.450379381318168e-17,0.0022687746677547693,6.481018217189965e-18
3.3200000000000003,0.3,0.2886870801448822,0.012942874077725718,7.516495596807286e-17,0.002268585842102766,6.1226607397728714e-18
3.321,0.3,0.2886865437030792,0.012942874077725718,7.590434955657686e-17,0.0022683972492814064,5.768684915445828e-18
3.322,0.3,0.28868600726127625,0.012942874077725718,7.670420673913604e-17,0.0022682086564600468,5.4061289741150445e-18
3.323,0.3,0.28868550062179565,0.012942874077725718,7.75459060258006e-17,0.002268020063638687,5.05083761799018e-18
3.3240000000000003,0.3,0.28868499398231506,0.012942874077725718,7.838715532621193e-17,0.0022678314708173275,4.63655632195628e-18
3.325,0.3,0.2886844873428345,0.012942874077725718,7.922360697907045e-17,0.002267642877995968,4.196421962789399e-18
3.326,0.3,0.28868401050567627,0.012942874077725718,8.004926557929638e-17,0.0022674542851746082,3.773644997123457e-18
3.327,0.3,0.28868353366851807,0.012942874077725718,8.085540271706606e-17,0.0022672656923532486,3.3538206660185645e-18
3.3280000000000003,0.3,0.28868308663368225,0.012942874077725718,8.165484300059651e-17,0.002267077099531889,3.013281248909059e-18
3.329,0.3,0.28868263959884644,0.012942874077725718,8.242849510135e-17,0.0022668885067105293,2.685759571173564e-18
3.33,0.3,0.288682222366333,0.012942874077725718,8.318195737771231e-17,0.0022666999138891697,2.3582926151805105e-18
3.331,0.3,0.2886818051338196,0.012942874077725718,8.392062966472216e-17,0.00226651132106781,2.049605614986772e-18
3.332,0.3,0.28868138790130615,0.012942874077725718,8.462536769428264e-17,0.002266322961077094,1.7251273131562905e-18
3.333,0.3,0.2886810004711151,0.012942874077725718,8.531034603337045e-17,0.0022661343682557344,1.433830398885276e-18
3.334,0.3,0.28868064284324646,0.012942874077725718,8.597018469928155e-17,0.0022659460082650185,1.1728269172055358e-18
3.335,0.3,0.2886802554130554,0.012942874077725718,8.660040368181835e-17,0.002265757415443659,9.104258571145464e-19
3.336,0.3,0.28867989778518677,0.012942874077725718,8.722856463899112e-17,0.002265569055452943,7.25842127179889e-19
3.337,0.3,0.2886795699596405,0.012942874077725718,8.785017432571247e-17,0.002265380462631583,5.87376796367298e-19
3.338,0.3,0.28867924213409424,0.012942874077725718,8.847404717858976e-17,0.0022651921026408672,5.094236872080959e-19
3.339,0.3,0.288678914308548,0.012942874077725718,8.910153977382759e-17,0.0022650035098195076,4.646109057803768e-19
3.34,0.3,0.2886786162853241,0.012942874077725718,8.97459267058962e-17,0.0022648151498287916,5.148633459498454e-19
3.341,0.3,0.2886783182621002,0.012942874077725718,9.039351648129661e-17,0.0022646267898380756,6.126363186880066e-19
3.342,0.3,0.28867805004119873,0.012942874077725718,9.104929865348375e-17,0.0022644384298473597,7.752063527770926e-19
3.343,0.3,0.28867778182029724,0.012942874077725718,9.170285736418435e-17,0.0022642500698566437,9.82395161947872e-19
3.344,0.3,0.28867751359939575,0.012942874077725718,9.236802969068519e-17,0.0022640617098659277,1.2500381286345079e-18
3.345,0.3,0.28867727518081665,0.012942874077725718,9.30374239470325e-17,0.0022638733498752117,1.5205196498572436e-18
3.346,0.3,0.28867703676223755,0.012942874077725718,9.370556750629364e-17,0.0022636849898844957,1.806799068072416e-18
3.347,0.3,0.28867682814598083,0.012942874077725718,9.437201699966026e-17,0.0022634966298937798,2.1074320882140925e-18
3.348,0.3,0.2886766195297241,0.012942874077725718,9.503517762291138e-17,0.0022633085027337074,2.4008065316734366e-18
3.349,0.3,0.2886764109134674,0.012942874077725718,9.571065992856708e-17,0.0022631201427429914,2.6610042975445637e-18
3.35,0.3,0.2886762320995331,0.012942874077725718,9.640721217878573e-17,0.0022629317827522755,2.9024320417044824e-18
3.351,0.3,0.28867605328559875,0.012942874077725718,9.714398525910916e-17,0.002262743655592203,3.159662238257723e-18
3.352,0.3,0.2886759042739868,0.012942874077725718,9.791632048832748e-17,0.002262555295601487,3.4168493062569164e-18
3.353,0.3,0.2886757552623749,0.012942874077725718,9.871919522576124e-17,0.002262367168441415,3.656708453162663e-18
3.354,0.3,0.28867560625076294,0.012942874077725718,9.956668477671367e-17,0.0022621790412813425,3.912370283128225e-18
3.355,0.3,0.2886754870414734,0.012942874077725718,1.00448340195687e-16,0.0022619906812906265,4.1478205183426134e-18
3.356,0.3,0.28867536783218384,0.012942874077725718,1.0138374250214156e-16,0.002261802554130554,4.383231129072286e-18
3.357,0.3,0.2886752784252167,0.012942874077725718,1.0237735847138516e-16,0.002261614426970482,4.6344450692337936e-18
3.358,0.3,0.2886751890182495,0.012942874077725718,1.0341995015033679e-16,0.0022614262998104095,4.86977381188804e-18
3.359,0.3,0.28867509961128235,0.012942874077725718,1.0450849336667698e-16,0.0022612381726503372,5.079145232664222e-18
3.36,0.3,0.2886750400066376,0.012942874077725718,1.0561109865343056e-16,0.002261050045490265,5.216477145941353e-18
3.361,0.3,0.2886749804019928,0.012942874077725718,1.0671335321560442e-16,0.0022608619183301926,5.312025662118267e-18
3.362,0.3,0.288674920797348,0.012942874077725718,1.0778844316646204e-16,0.0022606737911701202,5.336996381148699e-18
3.363,0.3,0.28867489099502563,0.012942874077725718,1.0880410184466895e-16,0.0022604858968406916,5.275558499388742e-18
3.364,0.3,0.28867489099502563,0.012942874077725718,1.0975430737536577e-16,0.0022602977696806192,5.202614927106328e-18
3.365,0.3,0.28867486119270325,0.012942874077725718,1.1062489842646558e-16,0.002260109642520547,5.1167255361634644e-18
3.366,0.3,0.28867486119270325,0.012942874077725718,1.114022496789184e-16,0.0022599217481911182,5.0020496626668724e-18
3.367,0.3,0.28867489099502563,0.012942874077725718,1.1208558027422602e-16,0.002259733621031046,4.887393532696545e-18
3.368,0.3,0.288674920797348,0.012942874077725718,1.126750887357354e-16,0.0022595457267016172,4.77275714069143e-18
3.369,0.3,0.2886749505996704,0.012942874077725718,1.131709338821242e-16,0.002259357599541545,4.6581404805773256e-18
3.37,0.3,0.2886749804019928,0.012942874077725718,1.135687481997581e-16,0.0022591697052121162,4.527700602013142e-18
3.371,0.3,0.2886750400066376,0.012942874077725718,1.1386873021198413e-16,0.0022589818108826876,4.381440143334507e-18
3.372,0.3,0.28867512941360474,0.012942874077725718,1.14075618009351e-16,0.002258793916553259,4.235204687890013e-18
3.373,0.3,0.2886751890182495,0.012942874077725718,1.141942026219666e-16,0.0022586060222238302,4.104837174916959e-18
3.374,0.3,0.2886752784252167,0.012942874077725718,1.1422002389196805e-16,0.0022584181278944016,3.974492012823139e-18
3.375,0.3,0.2886753976345062,0.012942874077725718,1.141616315581667e-16,0.002258230233564973,3.872970001087251e-18
3.376,0.3,0.2886755168437958,0.012942874077725718,1.1403259138260843e-16,0.002258042339235544,3.814666579466915e-18
3.3770000000000002,0.3,0.2886756360530853,0.012942874077725718,1.1383443861251013e-16,0.0022578544449061155,3.756373339206819e-18
3.378,0.3,0.2886757552623749,0.012942874077725718,1.135798125676316e-16,0.0022576667834073305,3.741291202690492e-18
3.379,0.3,0.2886759042739868,0.012942874077725718,1.1327891734800932e-16,0.002257478889077902,3.756455173805278e-18
3.38,0.3,0.28867608308792114,0.012942874077725718,1.129448422596563e-16,0.002257290994748473,3.830660641976191e-18
3.3810000000000002,0.3,0.2886762320995331,0.012942874077725718,1.1258690466499236e-16,0.002257103333249688,3.94805463431276e-18
3.382,0.3,0.2886764109134674,0.012942874077725718,1.1220202083469388e-16,0.002256915671750903,4.049586267861279e-18
3.383,0.3,0.2886766195297241,0.012942874077725718,1.118031344909861e-16,0.0022567277774214745,4.179901439686902e-18
3.384,0.3,0.28867679834365845,0.012942874077725718,1.1139076179457127e-16,0.0022565401159226894,4.308752160422526e-18
3.3850000000000002,0.3,0.28867700695991516,0.012942874077725718,1.109824654442151e-16,0.0022563524544239044,4.4807817427004244e-18
3.386,0.3,0.28867724537849426,0.012942874077725718,1.1059210236953908e-16,0.0022561647929251194,4.6959828052531234e-18
3.387,0.3,0.28867748379707336,0.012942874077725718,1.102289369934038e-16,0.0022559771314263344,4.9385050234832076e-18
3.388,0.3,0.28867772221565247,0.012942874077725718,1.0989431265712404e-16,0.0022557894699275494,5.16514366007291e-18
3.3890000000000002,0.3,0.28867796063423157,0.012942874077725718,1.0959274907556681e-16,0.0022556018084287643,5.391744307987548e-18
3.39,0.3,0.28867822885513306,0.012942874077725718,1.0932085811694308e-16,0.0022554141469299793,5.606793045233418e-18
3.391,0.3,0.28867849707603455,0.012942874077725718,1.090684422986613e-16,0.002255226718261838,5.8232488528671975e-18
3.392,0.3,0.2886787950992584,0.012942874077725718,1.0883045251026244e-16,0.002255039056763053,6.039668490880592e-18
3.3930000000000002,0.3,0.2886790931224823,0.012942874077725718,1.0859437516343981e-16,0.002254851395264268,6.2128524214357504e-18
3.394,0.3,0.2886793911457062,0.012942874077725718,1.083463202413474e-16,0.0022546639665961266,6.342808032775093e-18
3.395,0.3,0.28867971897125244,0.012942874077725718,1.0806206789564968e-16,0.002254476537927985,6.393527350222734e-18
3.396,0.3,0.2886800467967987,0.012942874077725718,1.0774619078077283e-16,0.0022542888764292,6.380866525457746e-18
3.3970000000000002,0.3,0.28868037462234497,0.012942874077725718,1.0739416256440497e-16,0.002254101447761059,6.2889931778070684e-18
3.398,0.3,0.2886807322502136,0.012942874077725718,1.0702013796118809e-16,0.0022539140190929174,6.166892591526168e-18
3.399,0.3,0.2886810898780823,0.012942874077725718,1.0660623001755635e-16,0.002253726590424776,5.968484308346558e-18
3.4,0.3,0.2886814475059509,0.012942874077725718,1.0616528981150639e-16,0.0022535391617566347,5.770109274514184e-18
3.4010000000000002,0.3,0.28868183493614197,0.012942874077725718,1.0569234102447307e-16,0.0022533517330884933,5.5544812030154124e-18
3.402,0.3,0.288682222366333,0.012942874077725718,1.0518336024995694e-16,0.002253164304420352,5.291360387800287e-18
3.403,0.3,0.28868260979652405,0.012942874077725718,1.0462965878280374e-16,0.0022529771085828543,4.950512252572608e-18
3.404,0.3,0.2886830270290375,0.012942874077725718,1.0403663645805223e-16,0.002252789679914713,4.56652255375499e-18
3.4050000000000002,0.3,0.2886834442615509,0.012942874077725718,1.034075490585934e-16,0.0022526022512465715,4.198440068981363e-18
3.406,0.3,0.28868386149406433,0.012942874077725718,1.027383070034788e-16,0.002252415055409074,3.8318626876919066e-18
3.407,0.3,0.28868430852890015,0.012942874077725718,1.0202063186913799e-16,0.0022522276267409325,3.453834304988376e-18
3.408,0.3,0.28868475556373596,0.012942874077725718,1.0123535953513935e-16,0.0022520404309034348,3.0456269727372846e-18
3.4090000000000003,0.3,0.2886852025985718,0.012942874077725718,1.0038673178366404e-16,0.002251853235065937,2.637488092576651e-18
3.41,0.3,0.28868567943573,0.012942874077725718,9.947942714825668e-17,0.0022516660392284393,2.2452605968375818e-18
3.411,0.3,0.2886861562728882,0.012942874077725718,9.850899870594417e-17,0.0022514788433909416,1.853098888695514e-18
3.412,0.3,0.2886866331100464,0.012942874077725718,9.747100615119833e-17,0.002251291647553444,1.4451600119163544e-18
3.4130000000000003,0.3,0.288687139749527,0.012942874077725718,9.638260190120105e-17,0.002251104451715946,1.0804872941336086e-18
3.414,0.3,0.28868764638900757,0.012942874077725718,9.525322243238035e-17,0.0022509172558784485,7.43230403237343e-19
3.415,0.3,0.28868815302848816,0.012942874077725718,9.409262847596435e-17,0.0022507300600409508,4.189854002631941e-19
3.416,0.3,0.28868868947029114,0.012942874077725718,9.29234516935125e-17,0.0022505430970340967,1.538350504690198e-19
3.4170000000000003,0.3,0.2886892259120941,0.012942874077725718,9.175127059107586e-17,0.002250355901196599,-8.102894020661216e-20
3.418,0.3,0.2886897623538971,0.012942874077725718,9.057947330044344e-17,0.002250168938189745,-2.8994319194016933e-19
3.419,0.3,0.28869032859802246,0.012942874077725718,8.943985664436178e-17,0.0022499817423522472,-4.268272978555799e-19
3.42,0.3,0.2886908948421478,0.012942874077725718,8.835505890183524e-17,0.002249794779345393,-4.931374478306712e-19
3.4210000000000003,0.3,0.2886914610862732,0.012942874077725718,8.734401258272392e-17,0.002249607816338539,-5.191277113301338e-19
3.422,0.3,0.28869205713272095,0.012942874077725718,8.643465653939743e-17,0.002249420853331685,-4.875181987991208e-19
3.423,0.3,0.2886926233768463,0.012942874077725718,8.564946361473759e-17,0.002249233890324831,-3.8391977686815896e-19
3.424,0.3,0.28869324922561646,0.012942874077725718,8.501128384598558e-17,0.002249046927317977,-2.0834473077151346e-19
3.4250000000000003,0.3,0.2886938452720642,0.012942874077725718,8.452721775151955e-17,0.002248859964311123,-1.5512881709089382e-20
3.426,0.3,0.28869447112083435,0.012942874077725718,8.420270487104764e-17,0.002248673001304269,2.3059104193610954e-19
3.427,0.3,0.2886950969696045,0.012942874077725718,8.401400842971205e-17,0.0022484860382974148,5.126713501062084e-19
3.428,0.3,0.28869572281837463,0.012942874077725718,8.395327352041595e-17,0.0022482993081212044,8.523416585338607e-19
3.4290000000000003,0.3,0.28869637846946716,0.012942874077725718,8.398253586176563e-17,0.0022481123451143503,1.230861517729092e-18
3.43,0.3,0.2886970341205597,0.012942874077725718,8.40897781738219e-17,0.00224792561493814,1.687131528729958e-18
3.431,0.3,0.2886976897716522,0.012942874077725718,8.419959467194444e-17,0.0022477388847619295,2.1203048048242053e-18
3.432,0.3,0.28869837522506714,0.012942874077725718,8.429423736891031e-17,0.0022475519217550755,2.564959896988932e-18
3.4330000000000003,0.3,0.28869906067848206,0.012942874077725718,8.433138770458129e-17,0.002247365191578865,3.0023638682739146e-18
3.434,0.3,0.288699746131897,0.012942874077725718,8.428842725228774e-17,0.0022471784614026546,3.449805500351057e-18
3.435,0.3,0.2887004613876343,0.012942874077725718,8.412697483160719e-17,0.0022469917312264442,3.885663280379721e-18
3.436,0.3,0.2887011468410492,0.012942874077725718,8.383672046338478e-17,0.0022468052338808775,4.321449196158784e-18
3.4370000000000003,0.3,0.2887018918991089,0.012942874077725718,8.341788252330223e-17,0.002246618503704667,4.757163258589684e-18
3.438,0.3,0.2887026071548462,0.012942874077725718,8.286744345648494e-17,0.0022464317735284567,5.181295752919854e-18
3.439,0.3,0.2887033522129059,0.012942874077725718,8.216677515553823e-17,0.00224624527618289,5.57656139599439e-18
3.44,0.3,0.2887040972709656,0.012942874077725718,8.130028030283178e-17,0.0022460585460066795,5.9198998582656e-18
3.4410000000000003,0.3,0.28870484232902527,0.012942874077725718,8.028210037811781e-17,0.002245872048661113,6.21131962601302e-18
3.442,0.3,0.28870558738708496,0.012942874077725718,7.913926764381454e-17,0.0022456853184849024,6.495468980478584e-18
3.443,0.3,0.28870636224746704,0.012942874077725718,7.790841627489074e-17,0.0022454988211393356,6.818433141213195e-18
3.444,0.3,0.2887071371078491,0.012942874077725718,7.659830776839455e-17,0.002245312323793769,7.113944395130214e-18
3.4450000000000003,0.3,0.2887079417705536,0.012942874077725718,7.52373243455039e-17,0.002245125826448202,7.351765591952475e-18
3.446,0.3,0.28870874643325806,0.012942874077725718,7.385742164764294e-17,0.0022449393291026354,7.530461336676814e-18
3.447,0.3,0.2887095510959625,0.012942874077725718,7.248516871608687e-17,0.0022447528317570686,7.61402120344322e-18
3.448,0.3,0.288710355758667,0.012942874077725718,7.118337172038562e-17,0.002244566334411502,7.644259104211812e-18
3.4490000000000003,0.3,0.28871116042137146,0.012942874077725718,6.997490716755995e-17,0.002244380069896579,7.637026652654617e-18
3.45,0.3,0.2887119948863983,0.012942874077725718,6.886100590236134e-17,0.002244193572551012,7.533292314250209e-18
3.451,0.3,0.28871282935142517,0.012942874077725718,6.784770965198388e-17,0.002244007308036089,7.338851168902953e-18
3.452,0.3,0.2887136936187744,0.012942874077725718,6.690635164511893e-17,0.002243820810690522,7.003300095885883e-18
3.4530000000000003,0.3,0.28871452808380127,0.012942874077725718,6.604127292562118e-17,0.002243634546175599,6.558348555761e-18
3.454,0.3,0.2887153923511505,0.012942874077725718,6.526259818418826e-17,0.002243448281660676,6.0558781925512305e-18
3.455,0.3,0.28871625661849976,0.012942874077725718,6.458410494110286e-17,0.002243262017145753,5.608244269865975e-18
3.456,0.3,0.2887171506881714,0.012942874077725718,6.396921196095544e-17,0.00224307575263083,5.169353988288294e-18
3.457,0.3,0.288718044757843,0.012942874077725718,6.339550595786827e-17,0.0022428894881159067,4.757939000249851e-18
3.458,0.3,0.28871893882751465,0.012942874077725718,6.283844944615055e-17,0.0022427032236009836,4.417189126835754e-18
3.459,0.3,0.2887198328971863,0.012942874077725718,6.227243953148257e-17,0.002242517191916704,4.138422996400258e-18
3.46,0.3,0.2887207269668579,0.012942874077725718,6.171712340777367e-17,0.002242330927401781,3.9734940566520015e-18
3.461,0.3,0.28872165083885193,0.012942874077725718,6.115790299157352e-17,0.0022421448957175016,3.9036504396368e-18
3.462,0.3,0.28872257471084595,0.012942874077725718,6.06006611913986e-17,0.0022419586312025785,3.949054403961594e-18
3.463,0.3,0.28872352838516235,0.012942874077725718,6.001618198801353e-17,0.002241772599518299,4.056377746679327e-18
3.464,0.3,0.28872445225715637,0.012942874077725718,5.941420626031174e-17,0.0022415865678340197,4.242898142465392e-18
3.465,0.3,0.2887254059314728,0.012942874077725718,5.879144513817772e-17,0.0022414003033190966,4.497094850790546e-18
3.466,0.3,0.2887263596057892,0.012942874077725718,5.815202128978442e-17,0.002241214271634817,4.8808833521760124e-18
3.467,0.3,0.2887273132801056,0.012942874077725718,5.746726132637833e-17,0.0022410284727811813,5.326534826845069e-18
3.468,0.3,0.2887282967567444,0.012942874077725718,5.673231466084741e-17,0.002240842441096902,5.800907817140723e-18
3.469,0.3,0.2887292802333832,0.012942874077725718,5.595612807869705e-17,0.0022406564094126225,6.302552193240258e-18
3.47,0.3,0.288730263710022,0.012942874077725718,5.514475654201114e-17,0.002240470377728343,6.8041131625687524e-18
3.471,0.3,0.28873124718666077,0.012942874077725718,5.429369026209003e-17,0.0022402845788747072,7.289747797488904e-18
3.472,0.3,0.28873226046562195,0.012942874077725718,5.341547591446493e-17,0.0022400985471904278,7.802651629975078e-18
3.473,0.3,0.28873327374458313,0.012942874077725718,5.251572178368895e-17,0.002239912748336792,8.31402476020187e-18
3.474,0.3,0.2887342870235443,0.012942874077725718,5.161654337061931e-17,0.002239726949483156,8.88434842269895e-18
3.475,0.3,0.2887353003025055,0.012942874077725718,5.072352910747441e-17,0.0022395411506295204,9.484817540493995e-18
3.476,0.3,0.28873634338378906,0.012942874077725718,4.9822150393975375e-17,0.0022393553517758846,1.004916444174519e-17
3.477,0.3,0.28873738646507263,0.012942874077725718,4.892543697913114e-17,0.002239169552922249,1.0574504111163145e-17
3.478,0.3,0.2887384295463562,0.012942874077725718,4.804770901370622e-17,0.002238983754068613,1.1030602385279216e-17
3.479,0.3,0.28873947262763977,0.012942874077725718,4.71940784738862e-17,0.0022387979552149773,1.1371387275759493e-17
3.48,0.3,0.2887405455112457,0.012942874077725718,4.6383679701600647e-17,0.002238612389191985,1.1615611828146008e-17
3.481,0.3,0.2887416183948517,0.012942874077725718,4.5616016388482034e-17,0.0022384265903383493,1.1746003605176926e-17
3.482,0.3,0.28874269127845764,0.012942874077725718,4.491973214478185e-17,0.002238241024315357,1.1830289946893132e-17
3.483,0.3,0.2887437641620636,0.012942874077725718,4.42950254938471e-17,0.002238055458292365,1.1885767121678526e-17
3.484,0.3,0.28874483704566956,0.012942874077725718,4.3714635871410493e-17,0.0022378696594387293,1.1850513886550842e-17
3.485,0.3,0.2887459397315979,0.012942874077725718,4.3163726966005277e-17,0.002237684093415737,1.1721654229197891e-17
3.486,0.3,0.28874704241752625,0.012942874077725718,4.263883785394853e-17,0.002237498527392745,1.1503540801559894e-17
3.487,0.3,0.2887481451034546,0.012942874077725718,4.213094895784097e-17,0.002237312961369753,1.122932025066549e-17
3.488,0.3,0.2887492775917053,0.012942874077725718,4.1620657929234556e-17,0.0022371276281774044,1.0911953683489021e-17
3.489,0.3,0.28875038027763367,0.012942874077725718,4.109741325223556e-17,0.0022369420621544123,1.0562954157720393e-17
3.49,0.3,0.2887515127658844,0.012942874077725718,4.056121161812154e-17,0.00223675649613142,1.018232694580189e-17
3.491,0.3,0.28875264525413513,0.012942874077725718,4.000624291026991e-17,0.0022365711629390717,9.74989701134986e-18
3.492,0.3,0.28875380754470825,0.012942874077725718,3.946135587972408e-17,0.0022363855969160795,9.317539103551707e-18
3.493,0.3,0.288754940032959,0.012942874077725718,3.893109671113064e-17,0.002236200263723731,8.901096150643864e-18
3.494,0.3,0.2887561023235321,0.012942874077725718,3.842085862208343e-17,0.0022360149305313826,8.519300163946382e-18
3.495,0.3,0.2887572646141052,0.012942874077725718,3.793593887722524e-17,0.002235829597339034,8.222566056377124e-18
3.496,0.3,0.28875842690467834,0.012942874077725718,3.74532889159679e-17,0.0022356442641466856,7.995036901543859e-18
3.497,0.3,0.28875961899757385,0.012942874077725718,3.6966519595260045e-17,0.002235458930954337,7.878446439283817e-18
3.498,0.3,0.28876081109046936,0.012942874077725718,3.6462802998162204e-17,0.0022352735977619886,7.828139273411246e-18
3.499,0.3,0.2887619733810425,0.012942874077725718,3.593671943730093e-17,0.00223508826456964,7.857055426213914e-18
3.5,0.3,0.2887631952762604,0.012942874077725718,3.536921398008545e-17,0.0022349031642079353,7.898917924947802e-18
3.501,0.3,0.2887643873691559,0.012942874077725718,3.477918604915137e-17,0.002234717831015587,7.986856424406978e-18
3.5020000000000002,0.3,0.2887655794620514,0.012942874077725718,3.4158009805071e-17,0.002234532730653882,8.07478042980655e-18
3.503,0.3,0.2887668013572693,0.012942874077725718,3.350575142229334e-17,0.002234347630292177,8.162689943835978e-18
3.504,0.3,0.2887680232524872,0.012942874077725718,3.282703980352623e-17,0.0022341622970998287,8.266427908201293e-18
3.505,0.3,0.2887692451477051,0.012942874077725718,3.2121944431941126e-17,0.002233977196738124,8.385991684006295e-18
3.5060000000000002,0.3,0.288770467042923,0.012942874077725718,3.1370970314861384e-17,0.002233792096376419,8.45366844115325e-18
3.507,0.3,0.28877171874046326,0.012942874077725718,3.058844752921887e-17,0.002233607228845358,8.470912856597347e-18
3.508,0.3,0.28877297043800354,0.012942874077725718,2.978823300463507e-17,0.002233422128483653,8.453576182572058e-18
3.509,0.3,0.2887742221355438,0.012942874077725718,2.898457079125815e-17,0.0022332370281219482,8.418953244072433e-18
3.5100000000000002,0.3,0.2887754738330841,0.012942874077725718,2.8172087523828965e-17,0.002233052160590887,8.332468523552478e-18
3.511,0.3,0.2887767255306244,0.012942874077725718,2.7370877073787652e-17,0.0022328670602291822,8.21575850757818e-18
3.512,0.3,0.28877800703048706,0.012942874077725718,2.6567133796710702e-17,0.002232682192698121,8.03714240157164e-18
3.513,0.3,0.28877925872802734,0.012942874077725718,2.5769098065860367e-17,0.00223249732516706,7.841266775444003e-18
3.5140000000000002,0.3,0.28878054022789,0.012942874077725718,2.4977633457796154e-17,0.0022323124576359987,7.615184178604358e-18
3.515,0.3,0.2887818515300751,0.012942874077725718,2.418809287183674e-17,0.0022321275901049376,7.35889969142091e-18
3.516,0.3,0.28878313302993774,0.012942874077725718,2.3385014647972282e-17,0.0022319427225738764,7.034947019897585e-18
3.517,0.3,0.2887844145298004,0.012942874077725718,2.257850031584328e-17,0.002231757855042815,6.6303871621190026e-18
3.5180000000000002,0.3,0.2887857258319855,0.012942874077725718,2.1777301446330542e-17,0.002231572987511754,6.159630028810321e-18
3.519,0.3,0.28878703713417053,0.012942874077725718,2.0991019951984586e-17,0.0022313883528113365,5.624133005567972e-18
3.52,0.3,0.2887883484363556,0.012942874077725718,2.0237104380646605e-17,0.0022312034852802753,5.068542729473495e-18
3.521,0.3,0.28878965973854065,0.012942874077725718,1.952642884864922e-17,0.002231018850579858,4.482805420512296e-18
3.5220000000000002,0.3,0.2887910008430481,0.012942874077725718,1.885843418189835e-17,0.0022308342158794403,3.8813225794864646e-18
3.523,0.3,0.28879234194755554,0.012942874077725718,1.8237597081869124e-17,0.002230649348348379,3.279939770746487e-18
3.524,0.3,0.2887936532497406,0.012942874077725718,1.7676307059776367e-17,0.0022304647136479616,2.7218461418722603e-18
3.525,0.3,0.28879502415657043,0.012942874077725718,1.7188313511761933e-17,0.002230280078947544,2.207034347359899e-18
3.5260000000000002,0.3,0.2887963652610779,0.012942874077725718,1.678362036015404e-17,0.0022300956770777702,1.7225472950525455e-18
3.527,0.3,0.2887977063655853,0.012942874077725718,1.646585396475812e-17,0.0022299110423773527,1.265486657878569e-18
3.528,0.3,0.28879907727241516,0.012942874077725718,1.62487157452405e-17,0.002229726407676935,8.358477353958961e-19
3.529,0.3,0.2888004183769226,0.012942874077725718,1.6165433546807435e-17,0.0022295420058071613,5.013375605634511e-19
3.5300000000000002,0.3,0.28880178928375244,0.012942874077725718,1.6189171976026482e-17,0.002229357371106744,1.6977600836928327e-19
3.531,0.3,0.2888031601905823,0.012942874077725718,1.6309649177883605e-17,0.00222917296923697,-1.6173073111609727e-19
3.532,0.3,0.2888045608997345,0.012942874077725718,1.6541238242702526e-17,0.002228988567367196,-4.427604042039856e-19
3.533,0.3,0.28880593180656433,0.012942874077725718,1.6867031598762662e-17,0.0022288041654974222,-6.992202347495837e-19
3.5340000000000003,0.3,0.28880733251571655,0.012942874077725718,1.72720308071972e-17,0.0022286197636276484,-8.864787787364518e-19
3.535,0.3,0.2888087034225464,0.012942874077725718,1.773432716230206e-17,0.0022284353617578745,-1.0160499784679694e-18
3.536,0.3,0.2888101041316986,0.012942874077725718,1.821692749272265e-17,0.0022282509598881006,-1.1037860917949111e-18
3.537,0.3,0.2888115346431732,0.012942874077725718,1.8691232855960555e-17,0.0022280665580183268,-1.1367445161140965e-18
3.5380000000000003,0.3,0.28881293535232544,0.012942874077725718,1.9145431112868522e-17,0.0022278823889791965,-1.076014047349584e-18
3.539,0.3,0.28881433606147766,0.012942874077725718,1.95413263714813e-17,0.0022276982199400663,-8.942646233519394e-19
3.54,0.3,0.28881576657295227,0.012942874077725718,1.9835946598976764e-17,0.0022275138180702925,-6.289895663800479e-19
3.541,0.3,0.2888171970844269,0.012942874077725718,2.0022745487987164e-17,0.0022273296490311623,-2.557513611205734e-19
3.5420000000000003,0.3,0.2888186275959015,0.012942874077725718,2.0111640934057012e-17,0.002227145479992032,2.2687884333504347e-19
3.543,0.3,0.2888200581073761,0.012942874077725718,2.0104585083431935e-17,0.002226961310952902,8.087540975301134e-19
3.544,0.3,0.2888214886188507,0.012942874077725718,2.0015044436484295e-17,0.0022267771419137716,1.4077488953212033e-18
3.545,0.3,0.2888229191303253,0.012942874077725718,1.9901035787017336e-17,0.0022265929728746414,2.0642278149651408e-18
3.5460000000000003,0.3,0.2888243794441223,0.012942874077725718,1.9758236289149857e-17,0.002226408803835511,2.6989664235065487e-18
3.547,0.3,0.2888258397579193,0.012942874077725718,1.9595587765303555e-17,0.0022262248676270247,3.2788352722347807e-18
3.548,0.3,0.2888272702693939,0.012942874077725718,1.9459076494452704e-17,0.0022260406985878944,3.883057994497169e-18
3.549,0.3,0.2888287603855133,0.012942874077725718,1.9354285945732036e-17,0.002225856762379408,4.451152728697365e-18
3.5500000000000003,0.3,0.2888302206993103,0.012942874077725718,1.9289577260773238e-17,0.0022256728261709213,4.9643882507290395e-18
3.551,0.3,0.2888316810131073,0.012942874077725718,1.9271723394431893e-17,0.0022254888899624348,5.366637329454723e-18
3.552,0.3,0.2888331711292267,0.012942874077725718,1.929599618232665e-17,0.002225304953753948,5.642075526408825e-18
3.553,0.3,0.2888346314430237,0.012942874077725718,1.9367236285402166e-17,0.0022251210175454617,5.8080140710309344e-18
3.5540000000000003,0.3,0.28883612155914307,0.012942874077725718,1.9458636434366826e-17,0.002224937081336975,5.78815091390894e-18
3.555,0.3,0.28883761167526245,0.012942874077725718,1.9594060789892782e-17,0.0022247531451284885,5.713602221184851e-18
3.556,0.3,0.28883910179138184,0.012942874077725718,1.9732373660117774e-17,0.0022245694417506456,5.5382957433447335e-18
3.557,0.3,0.2888405919075012,0.012942874077725718,1.9849092153271456e-17,0.002224385505542159,5.289592725696272e-18
3.5580000000000003,0.3,0.2888420820236206,0.012942874077725718,1.992200316118433e-17,0.002224201802164316,4.9545571222697664e-18
3.559,0.3,0.2888436019420624,0.012942874077725718,1.9932170865273832e-17,0.0022240178659558296,4.56344215908858e-18
3.56,0.3,0.28884512186050415,0.012942874077725718,1.9869070219425837e-17,0.0022238341625779867,4.159444316793655e-18
3.561,0.3,0.28884661197662354,0.012942874077725718,1.970655569883877e-17,0.002223650459200144,3.6835359946422684e-18
3.5620000000000003,0.3,0.2888481318950653,0.012942874077725718,1.942627051135885e-17,0.002223466755822301,3.1515723056572552e-18
3.563,0.3,0.2888496518135071,0.012942874077725718,1.900033039853692e-17,0.0022232832852751017,2.5462724988646913e-18
3.564,0.3,0.28885120153427124,0.012942874077725718,1.8423820253173187e-17,0.0022230995818972588,1.913730392148716e-18
3.565,0.3,0.288852721452713,0.012942874077725718,1.7668606008273498e-17,0.002222915878519416,1.2035270517188687e-18
3.5660000000000003,0.3,0.2888542413711548,0.012942874077725718,1.6742438346177475e-17,0.0022227324079722166,4.57414650547393e-19
3.567,0.3,0.28885579109191895,0.012942874077725718,1.565449069987833e-17,0.0022225487045943737,-3.418912975171622e-19
3.568,0.3,0.2888573408126831,0.012942874077725718,1.4427277271288533e-17,0.0022223652340471745,-1.1814340225653073e-18
3.569,0.3,0.2888588607311249,0.012942874077725718,1.3097069930268533e-17,0.002222181763499975,-2.032416088663603e-18
3.5700000000000003,0.3,0.28886041045188904,0.012942874077725718,1.1719323692264498e-17,0.002221998292952776,-2.831464136283745e-18
3.571,0.3,0.2888619601726532,0.012942874077725718,1.0317375803898386e-17,0.0022218148224055767,-3.6261159273125514e-18
3.572,0.3,0.28886353969573975,0.012942874077725718,8.94820246576285e-18,0.0022216313518583775,-4.347210682554437e-18
3.573,0.3,0.2888650894165039,0.012942874077725718,7.653133757164103e-18,0.002221447881311178,-4.9155461232107585e-18
3.5740000000000003,0.3,0.28886666893959045,0.012942874077725718,6.433526667897037e-18,0.0022212646435946226,-5.3901769489714366e-18
3.575,0.3,0.2888682186603546,0.012942874077725718,5.305955002305071e-18,0.0022210811730474234,-5.729380278760508e-18
3.576,0.3,0.28886979818344116,0.012942874077725718,4.293820113507637e-18,0.0022208979353308678,-5.9317312767933575e-18
3.577,0.3,0.2888713777065277,0.012942874077725718,3.4075407549101456e-18,0.0022207144647836685,-6.024595954607948e-18
3.5780000000000003,0.3,0.28887295722961426,0.012942874077725718,2.6573758272646333e-18,0.002220531227067113,-5.9878067893002745e-18
3.579,0.3,0.2888745367527008,0.012942874077725718,2.0288941308093466e-18,0.0022203479893505573,-5.838675895329826e-18
3.58,0.3,0.28887611627578735,0.012942874077725718,1.5177142966347454e-18,0.0022201647516340017,-5.57577430279608e-18
3.581,0.3,0.2888776957988739,0.012942874077725718,1.1102694253216177e-18,0.002219981513917446,-5.21351616435269e-18
3.5820000000000003,0.3,0.28887930512428284,0.012942874077725718,7.92134624360381e-19,0.002219798509031534,-4.7533656277334305e-18
3.583,0.3,0.2888808846473694,0.012942874077725718,5.456312346031871e-19,0.0022196152713149786,-4.22412938927747e-18
3.584,0.3,0.2888824939727783,0.012942874077725718,3.488588221520821e-19,0.0022194322664290667,-3.6373185750320976e-18
3.585,0.3,0.28888410329818726,0.012942874077725718,1.7316178263669768e-19,0.002219249028712511,-2.97999509203363e-18
3.586,0.3,0.2888856828212738,0.012942874077725718,-3.719159130403266e-21,0.002219066023826599,-2.2492749943483654e-18
3.587,0.3,0.28888729214668274,0.012942874077725718,-2.2531655423393176e-19,0.002218883018940687,-1.484095047677542e-18
3.588,0.3,0.2888889014720917,0.012942874077725718,-5.232261688327875e-19,0.0022187000140547752,-7.622278109322389e-19
3.589,0.3,0.288890540599823,0.012942874077725718,-9.303190747952739e-19,0.0022185170091688633,-1.4993333788233338e-19
3.59,0.3,0.28889214992523193,0.012942874077725718,-1.446896882852243e-18,0.0022183340042829514,3.6720177013133835e-19
3.591,0.3,0.28889375925064087,0.012942874077725718,-2.0819474273469664e-18,0.0022181509993970394,7.575074983435389e-19
3.592,0.3,0.2888953983783722,0.012942874077725718,-2.8224089060217723e-18,0.0022179679945111275,1.0656380636850678e-18
3.593,0.3,0.28889700770378113,0.012942874077725718,-3.672193055993424e-18,0.002217785222455859,1.2455261671377325e-18
3.594,0.3,0.28889864683151245,0.012942874077725718,-4.61489192263132e-18,0.0022176022175699472,1.337482463265799e-18
3.595,0.3,0.2889002859592438,0.012942874077725718,-5.636808222172194e-18,0.002217419445514679,1.2925446838530014e-18
3.596,0.3,0.2889019250869751,0.012942874077725718,-6.681389270497021e-18,0.0022172366734594107,1.1942938905527981e-18
3.597,0.3,0.2889035642147064,0.012942874077725718,-7.734722716883271e-18,0.0022170539014041424,1.0268959022231586e-18
3.598,0.3,0.28890520334243774,0.012942874077725718,-8.792919158090721e-18,0.002216871129348874,7.399373768657026e-19
3.599,0.3,0.28890684247016907,0.012942874077725718,-9.824583781150532e-18,0.002216688357293606,3.4638502315743283e-19
3.6,0.3,0.2889085114002228,0.012942874077725718,-1.0772477342035261e-17,0.0022165055852383375,-8.313192202081494e-20
3.601,0.3,0.2889101505279541,0.012942874077725718,-1.1631245500639851e-17,0.002216323046013713,-5.773974043145944e-19
3.602,0.3,0.2889117896556854,0.012942874077725718,-1.239023086195217e-17,0.0022161402739584446,-1.1147656104009397e-18
3.603,0.3,0.28891345858573914,0.012942874077725718,-1.3053515562295166e-17,0.00221595773473382,-1.6606472999411845e-18
3.604,0.3,0.28891512751579285,0.012942874077725718,-1.361982657070612e-17,0.0022157749626785517,-2.1300339712774602e-18
3.605,0.3,0.28891676664352417,0.012942874077725718,-1.4132969718064616e-17,0.002215592423453927,-2.5301784699817505e-18
3.606,0.3,0.2889184355735779,0.012942874077725718,-1.4596500226643406e-17,0.0022154098842293024,-2.809219126303613e-18
3.607,0.3,0.2889201045036316,0.012942874077725718,-1.5049866339855145e-17,0.0022152273450046778,-2.9917074880267434e-18
3.608,0.3,0.2889217734336853,0.012942874077725718,-1.5505561793671833e-17,0.002215044805780053,-3.105001117330321e-18
3.609,0.3,0.288923442363739,0.012942874077725718,-1.5979524704136142e-17,0.0022148622665554285,-3.1405091835213877e-18
3.61,0.3,0.2889251112937927,0.012942874077725718,-1.6465389089253864e-17,0.0022146799601614475,-3.0924520633133105e-18
3.611,0.3,0.2889268100261688,0.012942874077725718,-1.697278498571634e-17,0.002214497420936823,-2.946448826737739e-18
3.612,0.3,0.28892847895622253,0.012942874077725718,-1.7528744655941807e-17,0.002214315114542842,-2.7644392958796844e-18
3.613,0.3,0.28893014788627625,0.012942874077725718,-1.8139107995054885e-17,0.0022141325753182173,-2.5190881142164923e-18
3.614,0.3,0.28893184661865234,0.012942874077725718,-1.8790004838544287e-17,0.0022139502689242363,-2.162877032126566e-18
3.615,0.3,0.28893354535102844,0.012942874077725718,-1.9490443183280715e-17,0.0022137679625302553,-1.727510399895769e-18
3.616,0.3,0.28893521428108215,0.012942874077725718,-2.0255284156149296e-17,0.0022135856561362743,-1.2648749604156265e-18
3.617,0.3,0.28893691301345825,0.012942874077725718,-2.1079255307925618e-17,0.0022134033497422934,-8.052129588150641e-19
3.618,0.3,0.28893861174583435,0.012942874077725718,-2.1943854262668094e-17,0.002213221276178956,-3.1683808847990187e-19
3.619,0.3,0.28894031047821045,0.012942874077725718,-2.2844746593966947e-17,0.002213038969784975,1.8295357766600625e-19
3.62,0.3,0.28894200921058655,0.012942874077725718,-2.3763418345352015e-17,0.002212856663390994,7.100029833206822e-19
3.621,0.3,0.28894370794296265,0.012942874077725718,-2.4690126983568648e-17,0.0022126745898276567,1.2499108823540297e-18
3.622,0.3,0.28894540667533875,0.012942874077725718,-2.5616029947868655e-17,0.0022124925162643194,1.8012267384481333e-18
3.623,0.3,0.28894710540771484,0.012942874077725718,-2.6522687728037002e-17,0.0022123102098703384,2.3797914988064883e-18
3.624,0.3,0.28894880414009094,0.012942874077725718,-2.7414163435242552e-17,0.002212128136307001,2.923677157416207e-18
3.625,0.3,0.28895053267478943,0.012942874077725718,-2.8271279714163874e-17,0.002211946062743664,3.467472063981724e-18
3.626,0.3,0.2889522314071655,0.012942874077725718,-2.910325135682481e-17,0.0022117639891803265,3.979490363714485e-18
3.6270000000000002,0.3,0.2889539301395416,0.012942874077725718,-2.9918887836749046e-17,0.002211582148447633,4.429499889826054e-18
3.628,0.3,0.2889556586742401,0.012942874077725718,-3.0722867687481186e-17,0.0022114000748842955,4.8175110058339114e-18
3.629,0.3,0.2889573872089386,0.012942874077725718,-3.151944923481465e-17,0.002211218001320958,5.144982509364987e-18
3.63,0.3,0.2889590859413147,0.012942874077725718,-3.230627335964244e-17,0.0022110361605882645,5.4522111068414245e-18
3.6310000000000002,0.3,0.2889608144760132,0.012942874077725718,-3.3062845835107944e-17,0.002210854319855571,5.762285340280091e-18
3.632,0.3,0.28896254301071167,0.012942874077725718,-3.381593422583337e-17,0.0022106722462922335,6.014730005203518e-18
3.633,0.3,0.28896424174308777,0.012942874077725718,-3.460320171946949e-17,0.00221049040555954,6.143286095199306e-18
3.634,0.3,0.28896597027778625,0.012942874077725718,-3.542555159724521e-17,0.002210308564826846,6.176763174910257e-18
3.6350000000000002,0.3,0.28896769881248474,0.012942874077725718,-3.6271734202829805e-17,0.0022101267240941525,6.154105555532373e-18
3.636,0.3,0.2889694273471832,0.012942874077725718,-3.717231551421834e-17,0.0022099451161921024,6.0493400677565554e-18
3.637,0.3,0.2889711558818817,0.012942874077725718,-3.812049279805317e-17,0.0022097632754594088,5.853880137097774e-18
3.638,0.3,0.2889729142189026,0.012942874077725718,-3.910884789860093e-17,0.002209581434726715,5.641161397305331e-18
3.6390000000000002,0.3,0.2889746427536011,0.012942874077725718,-4.0150589235882865e-17,0.002209399826824665,5.3492635296567564e-18
3.64,0.3,0.28897637128829956,0.012942874077725718,-4.123275985278394e-17,0.002209218218922615,5.022831362528257e-18
3.641,0.3,0.28897809982299805,0.012942874077725718,-4.2341469732458165e-17,0.0022090363781899214,4.6777135339504445e-18
3.642,0.3,0.2889798581600189,0.012942874077725718,-4.347245393166722e-17,0.0022088547702878714,4.296621558216936e-18
3.6430000000000002,0.3,0.2889815866947174,0.012942874077725718,-4.461140553453638e-17,0.0022086731623858213,3.881009978290485e-18
3.644,0.3,0.2889833152294159,0.012942874077725718,-4.5740344943271205e-17,0.0022084915544837713,3.4611217272991675e-18
3.645,0.3,0.28898507356643677,0.012942874077725718,-4.6854606859216886e-17,0.0022083099465817213,3.0052715704840137e-18
3.646,0.3,0.28898683190345764,0.012942874077725718,-4.79366352010526e-17,0.002208128571510315,2.5264110310143942e-18
3.6470000000000002,0.3,0.28898856043815613,0.012942874077725718,-4.8953425462337484e-17,0.002207946963608265,2.059127041942986e-18
3.648,0.3,0.288990318775177,0.012942874077725718,-4.990581474985144e-17,0.0022077655885368586,1.5529914143598086e-18
3.649,0.3,0.2889920473098755,0.012942874077725718,-5.0751712805305316e-17,0.0022075839806348085,1.0742796414894602e-18
3.65,0.3,0.28899380564689636,0.012942874077725718,-5.1471618018577567e-17,0.002207402605563402,6.431761566962128e-19
3.6510000000000002,0.3,0.28899556398391724,0.012942874077725718,-5.205159735943035e-17,0.002207221230491996,3.0865055701189815e-19
3.652,0.3,0.2889973223209381,0.012942874077725718,-5.2505659958717855e-17,0.0022070398554205894,3.9000903882473745e-20
3.653,0.3,0.288999080657959,0.012942874077725718,-5.283737261924142e-17,0.002206858480349183,-1.6143733067994595e-19
3.654,0.3,0.28900080919265747,0.012942874077725718,-5.3061263941279923e-17,0.0022066771052777767,-2.782814118124646e-19
3.6550000000000002,0.3,0.28900256752967834,0.012942874077725718,-5.3187193917734996e-17,0.0022064957302063704,-2.971510413316466e-19
3.656,0.3,0.2890043258666992,0.012942874077725718,-5.3224125877724264e-17,0.0022063145879656076,-2.1661371012259754e-19
3.657,0.3,0.2890060842037201,0.012942874077725718,-5.3190608519303615e-17,0.0022061332128942013,-5.252884627403466e-20
3.658,0.3,0.28900784254074097,0.012942874077725718,-5.309143949002586e-17,0.0022059520706534386,2.2677556851110296e-19
3.6590000000000003,0.3,0.28900963068008423,0.012942874077725718,-5.295386281054604e-17,0.002205770928412676,5.752004264293768e-19
3.66,0.3,0.2890113890171051,0.012942874077725718,-5.279638085680574e-17,0.002205589786171913,9.927343034744435e-19
3.661,0.3,0.289013147354126,0.012942874077725718,-5.264163852525422e-17,0.0022054084111005068,1.4649716909597948e-18
3.662,0.3,0.28901490569114685,0.012942874077725718,-5.250811503077591e-17,0.0022052275016903877,2.007746522948736e-18
3.6630000000000003,0.3,0.2890166640281677,0.012942874077725718,-5.243839032258259e-17,0.002205046359449625,2.5533288008742237e-18
3.664,0.3,0.289018452167511,0.012942874077725718,-5.243783445721096e-17,0.0022048652172088623,3.114663267143736e-18
3.665,0.3,0.28902021050453186,0.012942874077725718,-5.2506305159595647e-17,0.0022046840749680996,3.691747294173414e-18
3.666,0.3,0.28902196884155273,0.012942874077725718,-5.2653228979997316e-17,0.0022045031655579805,4.251443478060733e-18
3.6670000000000003,0.3,0.289023756980896,0.012942874077725718,-5.288884310567692e-17,0.002204322023317218,4.741879132206188e-18
3.668,0.3,0.28902551531791687,0.012942874077725718,-5.3194516120517316e-17,0.0022041411139070988,5.163065708327253e-18
3.669,0.3,0.28902727365493774,0.012942874077725718,-5.3566694456606975e-17,0.0022039602044969797,5.463139027948419e-18
3.67,0.3,0.289029061794281,0.012942874077725718,-5.3973376150407446e-17,0.0022037792950868607,5.640670166162395e-18
3.6710000000000003,0.3,0.2890308201313019,0.012942874077725718,-5.4348055880669465e-17,0.0022035983856767416,5.79798179702379e-18
3.672,0.3,0.28903260827064514,0.012942874077725718,-5.4691527740781084e-17,0.0022034174762666225,5.884650469740235e-18
3.673,0.3,0.289034366607666,0.012942874077725718,-5.4983697859302164e-17,0.0022032365668565035,5.890640861501592e-18
3.674,0.3,0.2890361547470093,0.012942874077725718,-5.521967594445129e-17,0.002203055890277028,5.817415395855344e-18
3.6750000000000003,0.3,0.28903791308403015,0.012942874077725718,-5.541417919368701e-17,0.002202874980866909,5.6145604562482976e-18
3.676,0.3,0.2890397012233734,0.012942874077725718,-5.553441155008282e-17,0.0022026943042874336,5.364210316122413e-18
3.677,0.3,0.2890414595603943,0.012942874077725718,-5.557093984593316e-17,0.0022025133948773146,5.099507791628046e-18
3.678,0.3,0.28904324769973755,0.012942874077725718,-5.554563473663394e-17,0.002202332718297839,4.7614306854762924e-18
3.6790000000000003,0.3,0.2890450358390808,0.012942874077725718,-5.545754992756439e-17,0.0022021520417183638,4.417710208176523e-18
3.68,0.3,0.2890467941761017,0.012942874077725718,-5.535412588121566e-17,0.0022019713651388884,4.016471460074136e-18
3.681,0.3,0.28904858231544495,0.012942874077725718,-5.523976319844653e-17,0.002201790688559413,3.6067019889087536e-18
3.682,0.3,0.2890503704547882,0.012942874077725718,-5.51371431716532e-17,0.0022016100119799376,3.189852406413163e-18
3.6830000000000003,0.3,0.2890521287918091,0.012942874077725718,-5.507188523876767e-17,0.002201429568231106,2.7730723838031848e-18
3.684,0.3,0.28905391693115234,0.012942874077725718,-5.5028944638808814e-17,0.0022012488916516304,2.40823802626606e-18
3.685,0.3,0.2890557050704956,0.012942874077725718,-5.5037077478591436e-17,0.0022010684479027987,2.0434645897203774e-18
3.686,0.3,0.28905749320983887,0.012942874077725718,-5.507661009442657e-17,0.0022008877713233232,1.7464711750787665e-18
3.6870000000000003,0.3,0.28905925154685974,0.012942874077725718,-5.517130573095164e-17,0.0022007073275744915,1.4826624050777432e-18
3.688,0.3,0.289061039686203,0.012942874077725718,-5.532023794588059e-17,0.0022005268838256598,1.2707739939960958e-18
3.689,0.3,0.28906282782554626,0.012942874077725718,-5.553754821896562e-17,0.002200346440076828,1.1093481927075081e-18
3.69,0.3,0.2890646159648895,0.012942874077725718,-5.584688068083595e-17,0.0022001659963279963,9.479494949924162e-19
3.6910000000000003,0.3,0.2890664041042328,0.012942874077725718,-5.6250134538178e-17,0.0021999855525791645,7.793320167398651e-19
3.692,0.3,0.28906816244125366,0.012942874077725718,-5.67290654954013e-17,0.0021998051088303328,5.862047426636298e-19
3.693,0.3,0.2890699505805969,0.012942874077725718,-5.725997648231744e-17,0.0021996248979121447,3.541779022197361e-19
3.694,0.3,0.2890717387199402,0.012942874077725718,-5.779679023008475e-17,0.002199444454163313,1.6247255083376996e-19
3.6950000000000003,0.3,0.28907352685928345,0.012942874077725718,-5.832222197262333e-17,0.002199264243245125,-9.108706003752285e-21
3.696,0.3,0.2890753149986267,0.012942874077725718,-5.87943303441543e-17,0.0021990840323269367,-1.4327721781962305e-19
3.697,0.3,0.28907710313796997,0.012942874077725718,-5.919379240556841e-17,0.002198903588578105,-2.8466968697306305e-19
3.698,0.3,0.28907886147499084,0.012942874077725718,-5.947431912978719e-17,0.002198723377659917,-3.526210902260581e-19
3.6990000000000003,0.3,0.2890806496143341,0.012942874077725718,-5.962681814751747e-17,0.0021985431667417288,-3.7882961190192965e-19
3.7,0.3,0.28908243775367737,0.012942874077725718,-5.963218489533171e-17,0.0021983629558235407,-3.6040376233393137e-19
3.701,0.3,0.28908422589302063,0.012942874077725718,-5.948979733340928e-17,0.0021981829777359962,-3.261383409464244e-19
3.702,0.3,0.2890860140323639,0.012942874077725718,-5.919281302372315e-17,0.002198002766817808,-2.5149736839807354e-19
3.7030000000000003,0.3,0.28908780217170715,0.012942874077725718,-5.878632985326969e-17,0.00219782255589962,-1.9551132676266533e-19
3.704,0.3,0.2890895903110504,0.012942874077725718,-5.830004691476201e-17,0.0021976425778120756,-1.164453343652292e-19
3.705,0.3,0.2890913486480713,0.012942874077725718,-5.777051897383007e-17,0.002197462599724531,-6.038263968989787e-20
3.706,0.3,0.28909313678741455,0.012942874077725718,-5.721183457066685e-17,0.002197282388806343,2.0209500449725676e-20
3.7070000000000003,0.3,0.2890949249267578,0.012942874077725718,-5.66758877081815e-17,0.0021971024107187986,4.176446035553931e-20
3.708,0.3,0.2890967130661011,0.012942874077725718,-5.618026755491932e-17,0.002196922432631254,-8.652130695396729e-21
3.709,0.3,0.28909850120544434,0.012942874077725718,-5.573512527135759e-17,0.0021967424545437098,-8.639807549225384e-20
3.71,0.3,0.2891002893447876,0.012942874077725718,-5.53625498885739e-17,0.002196562709286809,-2.2025593012495387e-19
3.7110000000000003,0.3,0.28910207748413086,0.012942874077725718,-5.508220183536743e-17,0.0021963827311992645,-3.9872140673200195e-19
3.712,0.3,0.28910383582115173,0.012942874077725718,-5.489441860142809e-17,0.00219620275311172,-5.915505405257995e-19
3.713,0.3,0.289105623960495,0.012942874077725718,-5.481404642438999e-17,0.0021960230078548193,-8.347749214693648e-19
3.714,0.3,0.28910741209983826,0.012942874077725718,-5.482293696161371e-17,0.002195843029767275,-1.0981497035888712e-18
3.715,0.3,0.2891092002391815,0.012942874077725718,-5.491122360275272e-17,0.002195663284510374,-1.396065119485558e-18
3.716,0.3,0.2891109883785248,0.012942874077725718,-5.5064529948760846e-17,0.0021954835392534733,-1.7112231102911592e-18
3.717,0.3,0.28911274671554565,0.012942874077725718,-5.527437905272065e-17,0.0021953037939965725,-2.03067670984132e-18
3.718,0.3,0.2891145348548889,0.012942874077725718,-5.5506423066876474e-17,0.0021951240487396717,-2.283907103654927e-18
3.719,0.3,0.2891163229942322,0.012942874077725718,-5.57369185989256e-17,0.002194944303482771,-2.5328477837375236e-18
3.72,0.3,0.28911811113357544,0.012942874077725718,-5.592223352591708e-17,0.00219476455822587,-2.754409480429992e-18
3.721,0.3,0.2891198992729187,0.012942874077725718,-5.605276924402285e-17,0.002194585045799613,-2.962990293486547e-18
3.722,0.3,0.2891216576099396,0.012942874077725718,-5.612769857263035e-17,0.002194405300542712,-3.187379379171083e-18
3.723,0.3,0.28912344574928284,0.012942874077725718,-5.614213121995818e-17,0.002194225788116455,-3.4102817090444067e-18
3.724,0.3,0.2891252338886261,0.012942874077725718,-5.609583557543481e-17,0.0021940460428595543,-3.614405113349992e-18
3.725,0.3,0.289126992225647,0.012942874077725718,-5.599354972960895e-17,0.002193866530433297,-3.783909755844844e-18
3.726,0.3,0.28912878036499023,0.012942874077725718,-5.585918912835074e-17,0.00219368701800704,-3.969229143090314e-18
3.727,0.3,0.2891305685043335,0.012942874077725718,-5.568657307812317e-17,0.002193507505580783,-4.148719738737429e-18
3.728,0.3,0.28913232684135437,0.012942874077725718,-5.5480082327450335e-17,0.0021933279931545258,-4.273404152131294e-18
3.729,0.3,0.28913411498069763,0.012942874077725718,-5.52782701103221e-17,0.0021931484807282686,-4.396618269553221e-18
3.73,0.3,0.2891359031200409,0.012942874077725718,-5.507532300139344e-17,0.0021929689683020115,-4.4823279097632224e-18
3.731,0.3,0.28913766145706177,0.012942874077725718,-5.490718034391856e-17,0.002192789688706398,-4.591011952585058e-18
3.732,0.3,0.28913944959640503,0.012942874077725718,-5.479817779151877e-17,0.002192610176280141,-4.711172135442805e-18
3.733,0.3,0.2891412079334259,0.012942874077725718,-5.47674662297359e-17,0.0021924308966845274,-4.861548509187342e-18
3.734,0.3,0.28914299607276917,0.012942874077725718,-5.4809963460886426e-17,0.0021922513842582703,-5.009000612484925e-18
3.735,0.3,0.28914475440979004,0.012942874077725718,-5.493558241743118e-17,0.002192072104662657,-5.156428008037047e-18
3.736,0.3,0.2891465425491333,0.012942874077725718,-5.5139575082654107e-17,0.0021918928250670433,-5.287987767766028e-18
3.737,0.3,0.2891483008861542,0.012942874077725718,-5.543680092907911e-17,0.00219171354547143,-5.455560036388849e-18
3.738,0.3,0.28915008902549744,0.012942874077725718,-5.58227997988433e-17,0.0021915342658758163,-5.692274295819324e-18
3.739,0.3,0.2891518473625183,0.012942874077725718,-5.627896674560915e-17,0.002191354986280203,-5.998119079848777e-18
3.74,0.3,0.2891536355018616,0.012942874077725718,-5.67867232928187e-17,0.002191175939515233,-6.373082923323686e-18
3.741,0.3,0.28915539383888245,0.012942874077725718,-5.732253780640605e-17,0.0021909966599196196,-6.799861834341144e-18
3.742,0.3,0.2891571521759033,0.012942874077725718,-5.787336068502756e-17,0.002190817380324006,-7.281346420859642e-18
3.743,0.3,0.2891589403152466,0.012942874077725718,-5.841193467313839e-17,0.0021906383335590363,-7.803134308752062e-18
3.744,0.3,0.28916069865226746,0.012942874077725718,-5.890643647821239e-17,0.0021904592867940664,-8.350825543316067e-18
3.745,0.3,0.28916245698928833,0.012942874077725718,-5.93246325261396e-17,0.0021902802400290966,-8.924415899736421e-18
3.746,0.3,0.2891642153263092,0.012942874077725718,-5.962936586380413e-17,0.002190100960433483,-9.506608593966263e-18
3.747,0.3,0.28916600346565247,0.012942874077725718,-5.979690633379307e-17,0.0021899219136685133,-1.0110345935948543e-17
3.748,0.3,0.28916776180267334,0.012942874077725718,-5.979486816076374e-17,0.002189743099734187,-1.0686645943119746e-17
3.749,0.3,0.2891695201396942,0.012942874077725718,-5.960517910269308e-17,0.0021895640529692173,-1.1219670290094703e-17
3.75,0.3,0.2891712784767151,0.012942874077725718,-5.918971605950975e-17,0.0021893850062042475,-1.1624412944262081e-17
3.751,0.3,0.28917303681373596,0.012942874077725718,-5.855680377689847e-17,0.0021892059594392776,-1.1912389222634676e-17
3.7520000000000002,0.3,0.28917479515075684,0.012942874077725718,-5.77194587689784e-17,0.0021890271455049515,-1.2063426598693379e-17
3.753,0.3,0.2891765534877777,0.012942874077725718,-5.671907315360166e-17,0.0021888483315706253,-1.2107783997409327e-17
3.754,0.3,0.2891783118247986,0.012942874077725718,-5.557869549135646e-17,0.0021886692848056555,-1.1996500616803878e-17
3.755,0.3,0.28918007016181946,0.012942874077725718,-5.434467436632535e-17,0.0021884904708713293,-1.1745445215944416e-17
3.7560000000000002,0.3,0.28918182849884033,0.012942874077725718,-5.307868105625784e-17,0.002188311656937003,-1.1423811480738834e-17
3.757,0.3,0.2891835868358612,0.012942874077725718,-5.180548134869377e-17,0.002188132843002677,-1.1037306153097344e-17
3.758,0.3,0.2891853451728821,0.012942874077725718,-5.057631742821957e-17,0.002187954029068351,-1.0571546671586189e-17
3.759,0.3,0.28918707370758057,0.012942874077725718,-4.9441862379160246e-17,0.0021877752151340246,-1.0026546115149717e-17
3.7600000000000002,0.3,0.28918883204460144,0.012942874077725718,-4.846852887853645e-17,0.002187596634030342,-9.457094942323929e-18
3.761,0.3,0.2891905903816223,0.012942874077725718,-4.768037133856122e-17,0.002187417820096016,-8.851703392045805e-18
3.762,0.3,0.2891923487186432,0.012942874077725718,-4.710128866149245e-17,0.0021872392389923334,-8.246412476680764e-18
3.763,0.3,0.2891940772533417,0.012942874077725718,-4.6736690608536227e-17,0.0021870604250580072,-7.661414322004354e-18
3.7640000000000002,0.3,0.28919583559036255,0.012942874077725718,-4.658149167328658e-17,0.0021868818439543247,-7.128391446932295e-18
3.765,0.3,0.2891975939273834,0.012942874077725718,-4.6614373756996786e-17,0.002186703262850642,-6.622898088852002e-18
3.766,0.3,0.2891993224620819,0.012942874077725718,-4.679761411501198e-17,0.0021865246817469597,-6.14348000262071e-18
3.767,0.3,0.2892010807991028,0.012942874077725718,-4.7118189615768133e-17,0.002186346100643277,-5.757853924142936e-18
3.7680000000000002,0.3,0.28920280933380127,0.012942874077725718,-4.752469263855629e-17,0.0021861675195395947,-5.448711636538583e-18
3.769,0.3,0.28920453786849976,0.012942874077725718,-4.7983327892269994e-17,0.002185988938435912,-5.243377052348424e-18
3.77,0.3,0.28920629620552063,0.012942874077725718,-4.846134564209704e-17,0.0021858103573322296,-5.124540229366347e-18
3.771,0.3,0.2892080247402191,0.012942874077725718,-4.894650361497164e-17,0.0021856320090591908,-5.129671787795645e-18
3.7720000000000002,0.3,0.2892097532749176,0.012942874077725718,-4.939185765677019e-17,0.0021854534279555082,-5.240008660378145e-18
3.773,0.3,0.2892115116119385,0.012942874077725718,-4.975063566693649e-17,0.0021852750796824694,-5.4051050103750506e-18
3.774,0.3,0.28921324014663696,0.012942874077725718,-5.000159564734018e-17,0.0021850967314094305,-5.630646128143437e-18
3.775,0.3,0.28921496868133545,0.012942874077725718,-5.0155040959691215e-17,0.002184918150305748,-5.91952151650012e-18
3.7760000000000002,0.3,0.28921669721603394,0.012942874077725718,-5.020747759308218e-17,0.002184739802032709,-6.258777297891468e-18
3.777,0.3,0.2892184257507324,0.012942874077725718,-5.01540450342337e-17,0.0021845614537596703,-6.662798217772826e-18
3.778,0.3,0.2892201542854309,0.012942874077725718,-4.9975360787032447e-17,0.0021843831054866314,-7.079695245115827e-18
3.779,0.3,0.2892218828201294,0.012942874077725718,-4.969383151991125e-17,0.002184204990044236,-7.554095368469518e-18
3.7800000000000002,0.3,0.2892236113548279,0.012942874077725718,-4.932273844478526e-17,0.0021840266417711973,-8.067246376964063e-18
3.781,0.3,0.28922533988952637,0.012942874077725718,-4.8890410843273194e-17,0.0021838482934981585,-8.620591581783195e-18
3.782,0.3,0.28922706842422485,0.012942874077725718,-4.8404660609080005e-17,0.0021836701780557632,-9.160796091148271e-18
3.783,0.3,0.28922879695892334,0.012942874077725718,-4.7906721041380233e-17,0.0021834918297827244,-9.686412166665141e-18
3.7840000000000003,0.3,0.28923049569129944,0.012942874077725718,-4.742405784523309e-17,0.002183313714340329,-1.0132620568680646e-17
3.785,0.3,0.2892322242259979,0.012942874077725718,-4.700365487943159e-17,0.002183135598897934,-1.0486491195659109e-17
3.786,0.3,0.2892339527606964,0.012942874077725718,-4.6678152690947074e-17,0.0021829574834555387,-1.071780334181942e-17
3.787,0.3,0.2892356514930725,0.012942874077725718,-4.649967358453773e-17,0.0021827791351825,-1.0879905600252499e-17
3.7880000000000003,0.3,0.289237380027771,0.012942874077725718,-4.647761764068462e-17,0.0021826012525707483,-1.094257346887188e-17
3.789,0.3,0.2892390787601471,0.012942874077725718,-4.663548671495159e-17,0.002182423137128353,-1.0940409096999657e-17
3.79,0.3,0.2892408072948456,0.012942874077725718,-4.6980020674969726e-17,0.002182245021685958,-1.088212252261808e-17
3.791,0.3,0.2892425060272217,0.012942874077725718,-4.7471081408695506e-17,0.0021820669062435627,-1.07101509269332e-17
3.7920000000000003,0.3,0.28924423456192017,0.012942874077725718,-4.807049618522083e-17,0.002181889023631811,-1.0437456507808442e-17
3.793,0.3,0.28924593329429626,0.012942874077725718,-4.873734603400393e-17,0.002181710908189416,-1.0035270023314653e-17
3.794,0.3,0.28924763202667236,0.012942874077725718,-4.9429858334110876e-17,0.0021815330255776644,-9.503613134333523e-18
3.795,0.3,0.28924933075904846,0.012942874077725718,-5.011967733414335e-17,0.002181355142965913,-8.888586399282537e-18
3.7960000000000003,0.3,0.28925102949142456,0.012942874077725718,-5.078356918505596e-17,0.0021811772603541613,-8.237732580081738e-18
3.797,0.3,0.28925272822380066,0.012942874077725718,-5.139085541229034e-17,0.002180999144911766,-7.572594256147089e-18
3.798,0.3,0.28925442695617676,0.012942874077725718,-5.194368337671668e-17,0.0021808212623000145,-6.916266289282534e-18
3.799,0.3,0.28925612568855286,0.012942874077725718,-5.241779683405247e-17,0.0021806436125189066,-6.280240457502524e-18
3.8000000000000003,0.3,0.28925782442092896,0.012942874077725718,-5.2804073636502486e-17,0.002180465729907155,-5.680356333869894e-18
3.801,0.3,0.28925952315330505,0.012942874077725718,-5.3090933255490975e-17,0.0021802878472954035,-5.1237513269997954e-18
3.802,0.3,0.28926122188568115,0.012942874077725718,-5.3284529914775336e-17,0.002180109964683652,-4.583082105947389e-18
3.803,0.3,0.28926292061805725,0.012942874077725718,-5.3379642450329133e-17,0.002179932314902544,-4.039603222864181e-18
3.8040000000000003,0.3,0.28926458954811096,0.012942874077725718,-5.33986047386913e-17,0.002179754665121436,-3.5379440613065305e-18
3.805,0.3,0.28926628828048706,0.012942874077725718,-5.3364230421156045e-17,0.0021795767825096846,-3.092490616886368e-18
3.806,0.3,0.28926795721054077,0.012942874077725718,-5.329516084000787e-17,0.0021793991327285767,-2.68739055098957e-18
3.807,0.3,0.28926965594291687,0.012942874077725718,-5.322706402326005e-17,0.0021792214829474688,-2.365816066028228e-18
3.8080000000000003,0.3,0.2892713248729706,0.012942874077725718,-5.319361283928841e-17,0.002179043833166361,-2.1162600908982873e-18
3.809,0.3,0.2892730236053467,0.012942874077725718,-5.323451857494038e-17,0.002178866183385253,-1.996282510595824e-18
3.81,0.3,0.2892746925354004,0.012942874077725718,-5.337003061161127e-17,0.002178688533604145,-1.932446820473147e-18
3.811,0.3,0.2892763614654541,0.012942874077725718,-5.3628501391976937e-17,0.002178510883823037,-1.9434864785311756e-18
3.8120000000000003,0.3,0.2892780303955078,0.012942874077725718,-5.4014841060153504e-17,0.002178333466872573,-1.9991530802198582e-18
3.813,0.3,0.2892797291278839,0.012942874077725718,-5.4544316061526247e-17,0.002178155817091465,-2.1210819680652563e-18
3.814,0.3,0.2892813980579376,0.012942874077725718,-5.520869760336149e-17,0.0021779784001410007,-2.313612022867822e-18
3.815,0.3,0.28928306698799133,0.012942874077725718,-5.598425883696876e-17,0.002177800750359893,-2.5752815419825197e-18
3.8160000000000003,0.3,0.28928473591804504,0.012942874077725718,-5.68569079134326e-17,0.0021776233334094286,-2.9219219617761765e-18
3.817,0.3,0.28928640484809875,0.012942874077725718,-5.778844563206532e-17,0.0021774459164589643,-3.285797479729041e-18
3.818,0.3,0.2892880439758301,0.012942874077725718,-5.879413843825219e-17,0.0021772684995085,-3.736076890274261e-18
3.819,0.3,0.2892897129058838,0.012942874077725718,-5.985081865739683e-17,0.002177091082558036,-4.272745825339548e-18
3.8200000000000003,0.3,0.2892913818359375,0.012942874077725718,-6.091990658572976e-17,0.0021769136656075716,-4.842461165793839e-18
3.821,0.3,0.2892930209636688,0.012942874077725718,-6.200677558851014e-17,0.0021767362486571074,-5.479803260471105e-18
3.822,0.3,0.28929468989372253,0.012942874077725718,-6.307796124687651e-17,0.002176558831706643,-6.117039140689753e-18
3.823,0.3,0.28929635882377625,0.012942874077725718,-6.412310725955971e-17,0.0021763816475868225,-6.718132961949858e-18
3.8240000000000003,0.3,0.28929799795150757,0.012942874077725718,-6.515149128431014e-17,0.0021762042306363583,-7.267247796324725e-18
3.825,0.3,0.2892996370792389,0.012942874077725718,-6.617449532635652e-17,0.0021760270465165377,-7.755799382587733e-18
3.826,0.3,0.2893013060092926,0.012942874077725718,-6.716911714722498e-17,0.0021758496295660734,-8.136269029755553e-18
3.827,0.3,0.2893029451370239,0.012942874077725718,-6.81302613143422e-17,0.002175672445446253,-8.423067684885356e-18
3.8280000000000003,0.3,0.28930458426475525,0.012942874077725718,-6.90600321751865e-17,0.0021754952613264322,-8.63930397027457e-18
3.829,0.3,0.2893062233924866,0.012942874077725718,-6.992488590155764e-17,0.0021753180772066116,-8.764796697294192e-18
3.83,0.3,0.2893078625202179,0.012942874077725718,-7.071062807414421e-17,0.002175140893086791,-8.798110987188337e-18
3.831,0.3,0.2893095016479492,0.012942874077725718,-7.142979875103252e-17,0.0021749637089669704,-8.814126806872276e-18
3.8320000000000003,0.3,0.28931114077568054,0.012942874077725718,-7.206005743823872e-17,0.00217478652484715,-8.719239464716853e-18
3.833,0.3,0.28931277990341187,0.012942874077725718,-7.261900653919795e-17,0.0021746093407273293,-8.57393911586069e-18
3.834,0.3,0.2893144190311432,0.012942874077725718,-7.312100590934413e-17,0.0021744323894381523,-8.395527114696412e-18
3.835,0.3,0.2893160283565521,0.012942874077725718,-7.357076055200147e-17,0.0021742552053183317,-8.184008973712359e-18
3.8360000000000003,0.3,0.28931766748428345,0.012942874077725718,-7.398341779854702e-17,0.0021740782540291548,-7.975426180716975e-18
3.837,0.3,0.28931930661201477,0.012942874077725718,-7.434062085682702e-17,0.002173901069909334,-7.738092392245323e-18
3.838,0.3,0.2893209159374237,0.012942874077725718,-7.464158225089831e-17,0.0021737241186201572,-7.500798189721376e-18
3.839,0.3,0.28932255506515503,0.012942874077725718,-7.488181535311841e-17,0.0021735471673309803,-7.247700633859672e-18
3.84,0.3,0.28932416439056396,0.012942874077725718,-7.504643091246137e-17,0.0021733702160418034,-6.926923420378484e-18
3.841,0.3,0.2893257737159729,0.012942874077725718,-7.516896613968252e-17,0.0021731932647526264,-6.606199691639773e-18
3.842,0.3,0.28932738304138184,0.012942874077725718,-7.523911105562702e-17,0.0021730163134634495,-6.249493419309614e-18
3.843,0.3,0.28932899236679077,0.012942874077725718,-7.527578493526517e-17,0.0021728393621742725,-5.87410357250571e-18
3.844,0.3,0.2893306314945221,0.012942874077725718,-7.527412395659516e-17,0.0021726624108850956,-5.43105440146766e-18
3.845,0.3,0.28933224081993103,0.012942874077725718,-7.527219828012914e-17,0.0021724856924265623,-5.003922007112823e-18
3.846,0.3,0.2893338203430176,0.012942874077725718,-7.525042688640674e-17,0.0021723087411373854,-4.524981822954534e-18
3.847,0.3,0.2893354296684265,0.012942874077725718,-7.523308256332273e-17,0.002172132022678852,-4.030278525562701e-18
3.848,0.3,0.28933703899383545,0.012942874077725718,-7.52247445827482e-17,0.002171955071389675,-3.535657674384517e-18
3.849,0.3,0.2893386483192444,0.012942874077725718,-7.523332079133915e-17,0.002171778352931142,-3.0684549152136585e-18
3.85,0.3,0.28934022784233093,0.012942874077725718,-7.526887632278913e-17,0.0021716016344726086,-2.615722874155788e-18
3.851,0.3,0.28934183716773987,0.012942874077725718,-7.536392268389392e-17,0.0021714249160140753,-2.2739668017715916e-18
3.852,0.3,0.2893434464931488,0.012942874077725718,-7.550131407491653e-17,0.002171248197555542,-1.984146697987189e-18
3.853,0.3,0.28934502601623535,0.012942874077725718,-7.567506170822207e-17,0.0021710714790970087,-1.773589553241422e-18
3.854,0.3,0.2893466055393219,0.012942874077725718,-7.586761611993461e-17,0.0021708947606384754,-1.5818105860559054e-18
3.855,0.3,0.28934821486473083,0.012942874077725718,-7.606931584049954e-17,0.002170718042179942,-1.4073565936019906e-18
3.856,0.3,0.2893497943878174,0.012942874077725718,-7.629344869927691e-17,0.0021705415565520525,-1.3121463384891402e-18
3.857,0.3,0.28935137391090393,0.012942874077725718,-7.653625598756327e-17,0.002170364838093519,-1.2832238509695386e-18
3.858,0.3,0.2893529534339905,0.012942874077725718,-7.680141038727837e-17,0.002170188119634986,-1.3652067137331798e-18
3.859,0.3,0.289354532957077,0.012942874077725718,-7.707977320701472e-17,0.0021700116340070963,-1.5263905778503867e-18
3.86,0.3,0.2893561124801636,0.012942874077725718,-7.734885836900067e-17,0.0021698351483792067,-1.6889976721202338e-18
3.861,0.3,0.2893576920032501,0.012942874077725718,-7.760404027925083e-17,0.002169658662751317,-1.8530277628703886e-18
3.862,0.3,0.2893592417240143,0.012942874077725718,-7.785034819588952e-17,0.0021694819442927837,-2.051616574945171e-18
3.863,0.3,0.28936082124710083,0.012942874077725718,-7.8073144330797e-17,0.002169305458664894,-2.266015231834362e-18
3.864,0.3,0.2893624007701874,0.012942874077725718,-7.827247500608758e-17,0.0021691289730370045,-2.496221098698971e-18
3.865,0.3,0.28936395049095154,0.012942874077725718,-7.845883548937332e-17,0.0021689527202397585,-2.77826770319369e-18
3.866,0.3,0.2893655300140381,0.012942874077725718,-7.861384251872086e-17,0.002168776234611869,-3.096303483038866e-18
3.867,0.3,0.28936707973480225,0.012942874077725718,-7.870869035647864e-17,0.0021685997489839792,-3.3984433445347436e-18
3.868,0.3,0.2893686294555664,0.012942874077725718,-7.875267651273176e-17,0.0021684232633560896,-3.7163758009785125e-18
3.869,0.3,0.28937017917633057,0.012942874077725718,-7.873631818893791e-17,0.0021682470105588436,-4.016962250183673e-18
3.87,0.3,0.2893717288970947,0.012942874077725718,-7.86534810136744e-17,0.002168070524930954,-4.262719284322713e-18
3.871,0.3,0.2893733084201813,0.012942874077725718,-7.852779588268064e-17,0.002167894272133708,-4.45510613419585e-18
3.872,0.3,0.28937482833862305,0.012942874077725718,-7.837821515815146e-17,0.002167718019336462,-4.59558179262977e-18
3.873,0.3,0.2893763780593872,0.012942874077725718,-7.822819106481394e-17,0.002167541766539216,-4.7172908794329314e-18
3.874,0.3,0.28937792778015137,0.012942874077725718,-7.808236904898819e-17,0.0021673652809113264,-4.8043935837952495e-18
3.875,0.3,0.2893794775009155,0.012942874077725718,-7.793994178239636e-17,0.0021671890281140804,-4.822309572024475e-18
3.876,0.3,0.2893810272216797,0.012942874077725718,-7.781393239660248e-17,0.0021670127753168344,-4.7523071984816e-18
3.8770000000000002,0.3,0.28938254714012146,0.012942874077725718,-7.774782412204724e-17,0.002166836755350232,-4.649180490330206e-18
3.878,0.3,0.2893840968608856,0.012942874077725718,-7.774608373403843e-17,0.002166660502552986,-4.512934966050971e-18
3.879,0.3,0.2893856167793274,0.012942874077725718,-7.779777259615564e-17,0.00216648424975574,-4.290246863771335e-18
3.88,0.3,0.28938713669776917,0.012942874077725718,-7.79312266074625e-17,0.002166308229789138,-3.9998737556029076e-18
3.8810000000000002,0.3,0.2893886864185333,0.012942874077725718,-7.81793146167794e-17,0.002166131976991892,-3.708098888907263e-18
3.882,0.3,0.2893902063369751,0.012942874077725718,-7.854181824842464e-17,0.0021659559570252895,-3.3990795644785448e-18
3.883,0.3,0.28939172625541687,0.012942874077725718,-7.901939262944336e-17,0.0021657797042280436,-3.0598759750113732e-18
3.884,0.3,0.28939324617385864,0.012942874077725718,-7.961632586413103e-17,0.0021656036842614412,-2.72217901742234e-18
3.8850000000000002,0.3,0.2893947660923004,0.012942874077725718,-8.031571038076706e-17,0.002165427664294839,-2.3442601566492813e-18
3.886,0.3,0.2893962860107422,0.012942874077725718,-8.111464773848508e-17,0.0021652516443282366,-1.9967484802391254e-18
3.887,0.3,0.28939780592918396,0.012942874077725718,-8.19713818599634e-17,0.0021650756243616343,-1.6954818744306207e-18
3.888,0.3,0.28939929604530334,0.012942874077725718,-8.282503225211813e-17,0.002164899604395032,-1.3900235941916162e-18
3.8890000000000002,0.3,0.2894008159637451,0.012942874077725718,-8.364322637449638e-17,0.0021647235844284296,-1.0962172873995333e-18
3.89,0.3,0.2894023060798645,0.012942874077725718,-8.43970261405486e-17,0.0021645475644618273,-8.413964952970742e-19
3.891,0.3,0.2894038259983063,0.012942874077725718,-8.506724096006357e-17,0.0021643717773258686,-6.384973954050791e-19
3.892,0.3,0.28940531611442566,0.012942874077725718,-8.56293399647954e-17,0.0021641957573592663,-4.500249351116541e-19
3.8930000000000002,0.3,0.28940680623054504,0.012942874077725718,-8.609564483714869e-17,0.002164019737392664,-3.0186202649101965e-19
3.894,0.3,0.2894083261489868,0.012942874077725718,-8.648157422374143e-17,0.0021638439502567053,-1.6666648891302866e-19
3.895,0.3,0.2894098162651062,0.012942874077725718,-8.679691532558135e-17,0.0021636681631207466,-4.588629375875121e-20
3.896,0.3,0.2894113063812256,0.012942874077725718,-8.704606212608232e-17,0.0021634921431541443,6.193110427920691e-20
3.8970000000000002,0.3,0.28941279649734497,0.012942874077725718,-8.723417623226668e-17,0.0021633163560181856,1.7118066159316708e-19
3.898,0.3,0.28941428661346436,0.012942874077725718,-8.736601558701783e-17,0.002163140568882227,2.818621416119593e-19
3.899,0.3,0.28941574692726135,0.012942874077725718,-8.746756027901484e-17,0.0021629647817462683,3.2056121314924233e-19
3.9,0.3,0.28941723704338074,0.012942874077725718,-8.754533510892953e-17,0.0021627889946103096,3.448610401726147e-19
3.9010000000000002,0.3,0.2894187271595001,0.012942874077725718,-8.76119198395176e-17,0.002162613207474351,3.2742858930109513e-19
3.902,0.3,0.2894201874732971,0.012942874077725718,-8.768624698063916e-17,0.002162437653169036,2.6682067829741235e-19
3.903,0.3,0.2894216775894165,0.012942874077725718,-8.777760080748952e-17,0.0021622618660330772,1.7888743949324123e-19
3.904,0.3,0.2894231379032135,0.012942874077725718,-8.789191716814435e-17,0.0021620860788971186,9.096885958023145e-20
3.9050000000000002,0.3,0.2894245982170105,0.012942874077725718,-8.802912327070974e-17,0.0021619105245918036,3.0649358593932858e-21
3.906,0.3,0.2894260883331299,0.012942874077725718,-8.8189199262851e-17,0.002161734737455845,-8.482433387579284e-20
3.907,0.3,0.2894275486469269,0.012942874077725718,-8.836749969824803e-17,0.00216155918315053,-1.5685602030794092e-19
3.908,0.3,0.2894290089607239,0.012942874077725718,-8.855607702557542e-17,0.002161383628845215,-1.856973453574701e-19
3.9090000000000003,0.3,0.2894304692745209,0.012942874077725718,-8.874102137565248e-17,0.0021612080745399,-1.713555102813572e-19
3.91,0.3,0.28943192958831787,0.012942874077725718,-8.891223452756115e-17,0.002161032287403941,-1.2678035015899872e-19
3.911,0.3,0.2894333600997925,0.012942874077725718,-8.905673305440682e-17,0.002160856733098626,-2.319133832515093e-20
3.912,0.3,0.2894348204135895,0.012942874077725718,-8.917781244374988e-17,0.0021606814116239548,8.038040613478222e-20
3.9130000000000003,0.3,0.2894362807273865,0.012942874077725718,-8.92763329634274e-17,0.0021605058573186398,1.810345857533856e-19
3.914,0.3,0.2894377112388611,0.012942874077725718,-8.934686169117612e-17,0.0021603303030133247,2.6582905420187823e-19
3.915,0.3,0.2894391715526581,0.012942874077725718,-8.938485244234945e-17,0.0021601547487080097,3.506093869021867e-19
3.916,0.3,0.2894406020641327,0.012942874077725718,-8.938581197186001e-17,0.0021599794272333384,4.512185184870096e-19
3.9170000000000003,0.3,0.2894420325756073,0.012942874077725718,-8.935897823278879e-17,0.0021598038729280233,5.359679467064429e-19
3.918,0.3,0.2894434630870819,0.012942874077725718,-8.930770626970031e-17,0.0021596283186227083,5.933678393321219e-19
3.919,0.3,0.2894449234008789,0.012942874077725718,-8.925053154576064e-17,0.002159452997148037,6.075798253137779e-19
3.92,0.3,0.2894463539123535,0.012942874077725718,-8.919259581565743e-17,0.0021592776756733656,6.088468166012767e-19
3.9210000000000003,0.3,0.2894477844238281,0.012942874077725718,-8.914728617042422e-17,0.0021591023541986942,5.827781933190303e-19
3.922,0.3,0.28944918513298035,0.012942874077725718,-8.912886982126634e-17,0.002158926799893379,5.2792835905414835e-19
3.923,0.3,0.28945061564445496,0.012942874077725718,-8.913364099903955e-17,0.002158751478418708,4.889306004910504e-19
3.924,0.3,0.28945204615592957,0.012942874077725718,-8.917862638947263e-17,0.0021585761569440365,4.067610106088434e-19
3.9250000000000003,0.3,0.2894534468650818,0.012942874077725718,-8.926427597881882e-17,0.002158400835469365,3.275054275430717e-19
3.926,0.3,0.2894548773765564,0.012942874077725718,-8.9408939941787e-17,0.0021582257468253374,2.194775023547843e-19
3.927,0.3,0.2894562780857086,0.012942874077725718,-8.96304787621634e-17,0.002158050425350666,5.2446322125282215e-20
3.928,0.3,0.2894577085971832,0.012942874077725718,-8.992097135840222e-17,0.0021578751038759947,-9.871408406411766e-20
3.9290000000000003,0.3,0.28945910930633545,0.012942874077725718,-9.028943730790274e-17,0.0021576997824013233,-2.6569222663852234e-19
3.93,0.3,0.28946051001548767,0.012942874077725718,-9.073114513756116e-17,0.0021575246937572956,-4.326425383574772e-19
3.931,0.3,0.2894619107246399,0.012942874077725718,-9.124721981301054e-17,0.002157349605113268,-6.03915490838692e-19
3.932,0.3,0.2894633114337921,0.012942874077725718,-9.182824471015759e-17,0.0021571742836385965,-7.953532963322495e-19
3.9330000000000003,0.3,0.28946471214294434,0.012942874077725718,-9.245065510771189e-17,0.002156999194994569,-9.738165744053017e-19
3.934,0.3,0.28946611285209656,0.012942874077725718,-9.309552511325823e-17,0.002156824106350541,-1.106171467644706e-18
3.935,0.3,0.2894675135612488,0.012942874077725718,-9.37673281195493e-17,0.0021566487848758698,-1.2241115255391999e-18
3.936,0.3,0.2894688844680786,0.012942874077725718,-9.446851919864315e-17,0.002156473696231842,-1.3521830189743553e-18
3.9370000000000003,0.3,0.28947028517723083,0.012942874077725718,-9.514419341020096e-17,0.0021562986075878143,-1.4126197539575606e-18
3.938,0.3,0.28947165608406067,0.012942874077725718,-9.576659719031036e-17,0.0021561237517744303,-1.4371188672490954e-18
3.939,0.3,0.2894730567932129,0.012942874077725718,-9.630761963303435e-17,0.0021559486631304026,-1.4559220567297589e-18
3.94,0.3,0.2894744277000427,0.012942874077725718,-9.671588951361092e-17,0.002155773574486375,-1.402758230413065e-18
3.9410000000000003,0.3,0.28947579860687256,0.012942874077725718,-9.696813989577019e-17,0.002155598485842347,-1.2761892252709282e-18
3.942,0.3,0.2894771695137024,0.012942874077725718,-9.705907682359182e-17,0.002155423630028963,-1.1208557617864559e-18
3.943,0.3,0.2894785404205322,0.012942874077725718,-9.698350560282898e-17,0.0021552485413849354,-9.497052555968156e-19
3.944,0.3,0.28947991132736206,0.012942874077725718,-9.674425188245414e-17,0.0021550736855715513,-7.713324958976644e-19
3.9450000000000003,0.3,0.2894812822341919,0.012942874077725718,-9.636429804860648e-17,0.0021548985969275236,-5.842885298213506e-19
3.946,0.3,0.28948265314102173,0.012942874077725718,-9.584742927976905e-17,0.0021547237411141396,-3.050096733476921e-19
3.947,0.3,0.28948402404785156,0.012942874077725718,-9.524337567436852e-17,0.0021545488853007555,3.915330357516498e-20
3.948,0.3,0.289485365152359,0.012942874077725718,-9.461933738536872e-17,0.0021543740294873714,4.078027859950327e-19
3.9490000000000003,0.3,0.28948673605918884,0.012942874077725718,-9.399308225232727e-17,0.0021541991736739874,8.355208656902874e-19
3.95,0.3,0.2894880771636963,0.012942874077725718,-9.34148432994833e-17,0.0021540243178606033,1.2762190535466304e-18
3.951,0.3,0.2894894480705261,0.012942874077725718,-9.293611086560701e-17,0.0021538494620472193,1.6953090077982144e-18
3.952,0.3,0.28949078917503357,0.012942874077725718,-9.258943616216359e-17,0.0021536746062338352,2.0913441706731398e-18
3.9530000000000003,0.3,0.289492130279541,0.012942874077725718,-9.241230701451393e-17,0.002153499750420451,2.4297422060755e-18
3.954,0.3,0.28949347138404846,0.012942874077725718,-9.243374753599131e-17,0.0021533251274377108,2.673026238478853e-18
3.955,0.3,0.2894948124885559,0.012942874077725718,-9.264464550496783e-17,0.0021531502716243267,2.8514478315143935e-18
3.956,0.3,0.28949615359306335,0.012942874077725718,-9.303712616201199e-17,0.0021529754158109426,2.9750601139176164e-18
3.9570000000000003,0.3,0.2894974946975708,0.012942874077725718,-9.357946547627115e-17,0.0021528007928282022,3.072657780317731e-18
3.958,0.3,0.28949883580207825,0.012942874077725718,-9.426155860938238e-17,0.002152626169845462,3.0664806617704733e-18
3.959,0.3,0.2895001471042633,0.012942874077725718,-9.504127890710957e-17,0.002152451314032078,3.0055250063243407e-18
3.96,0.3,0.28950148820877075,0.012942874077725718,-9.588288554954552e-17,0.0021522766910493374,2.932978287292505e-18
3.9610000000000003,0.3,0.2895027995109558,0.012942874077725718,-9.677766336175638e-17,0.002152102068066597,2.7508845445581754e-18
3.962,0.3,0.28950414061546326,0.012942874077725718,-9.766851702914129e-17,0.0021519274450838566,2.4967485133425224e-18
3.963,0.3,0.2895054519176483,0.012942874077725718,-9.850029676590011e-17,0.002151752822101116,2.2656397978628196e-18
3.964,0.3,0.2895067632198334,0.012942874077725718,-9.92503841453632e-17,0.0021515781991183758,2.0402614820263602e-18
3.9650000000000003,0.3,0.2895081043243408,0.012942874077725718,-9.987993476596506e-17,0.0021514035761356354,1.843706300050286e-18
3.966,0.3,0.2895094156265259,0.012942874077725718,-1.0036946686991884e-16,0.002151228953152895,1.7120057669656023e-18
3.967,0.3,0.28951072692871094,0.012942874077725718,-1.0071429530623504e-16,0.0021510545630007982,1.6782850894699202e-18
3.968,0.3,0.2895120084285736,0.012942874077725718,-1.0094678599792165e-16,0.002150879940018058,1.6633132746651226e-18
3.969,0.3,0.28951331973075867,0.012942874077725718,-1.0107347036309537e-16,0.0021507053170353174,1.6772382356268122e-18
3.97,0.3,0.2895146310329437,0.012942874077725718,-1.0113777869263769e-16,0.0021505309268832207,1.7142545545072514e-18
3.971,0.3,0.2895159423351288,0.012942874077725718,-1.0116624694059932e-16,0.0021503563039004803,1.762865891364219e-18
3.972,0.3,0.28951722383499146,0.012942874077725718,-1.0120673246850011e-16,0.0021501819137483835,1.7855838516709105e-18
3.973,0.3,0.2895185351371765,0.012942874077725718,-1.0126978348351135e-16,0.0021500075235962868,1.8097481702526564e-18
3.974,0.3,0.2895198166370392,0.012942874077725718,-1.0135997925750414e-16,0.00214983313344419,1.835358605000404e-18
3.975,0.3,0.28952109813690186,0.012942874077725718,-1.0147228391490924e-16,0.0021496585104614496,1.8955509240793237e-18
3.976,0.3,0.2895223796367645,0.012942874077725718,-1.0161086644601392e-16,0.002149484120309353,2.007612440211716e-18
3.977,0.3,0.2895236611366272,0.012942874077725718,-1.0179451377689049e-16,0.002149309730157256,2.1542414290568026e-18
3.978,0.3,0.28952494263648987,0.012942874077725718,-1.0203194108247281e-16,0.002149135572835803,2.336882272723896e-18
3.979,0.3,0.28952622413635254,0.012942874077725718,-1.0232768131251767e-16,0.0021489611826837063,2.587214831048259e-18
3.98,0.3,0.2895275056362152,0.012942874077725718,-1.0271048726511741e-16,0.0021487867925316095,2.8533485905625707e-18
3.981,0.3,0.2895287871360779,0.012942874077725718,-1.0319976790616498e-16,0.002148612402379513,3.0675587576131e-18
3.982,0.3,0.28953006863594055,0.012942874077725718,-1.0377689512826568e-16,0.0021484382450580597,3.2456969202407567e-18
3.983,0.3,0.28953132033348083,0.012942874077725718,-1.04432465542216e-16,0.002148263854905963,3.371926160682715e-18
3.984,0.3,0.2895326018333435,0.012942874077725718,-1.0515247663460666e-16,0.00214808969758451,3.446255134528466e-18
3.985,0.3,0.2895338535308838,0.012942874077725718,-1.0591755914421411e-16,0.002147915307432413,3.4874357095746984e-18
3.986,0.3,0.2895351052284241,0.012942874077725718,-1.0672844760742229e-16,0.00214774115011096,3.4767301994415175e-18
3.987,0.3,0.28953638672828674,0.012942874077725718,-1.0757121892016072e-16,0.002147566992789507,3.414147256139522e-18
3.988,0.3,0.289537638425827,0.012942874077725718,-1.0843282348108575e-16,0.00214739260263741,3.2967952523508957e-18
3.989,0.3,0.2895388901233673,0.012942874077725718,-1.0929891466965327e-16,0.002147218445315957,3.0944475974082794e-18
3.99,0.3,0.2895401418209076,0.012942874077725718,-1.1014604687858108e-16,0.002147044287994504,2.8244115325018492e-18
3.991,0.3,0.2895413935184479,0.012942874077725718,-1.1095043701089705e-16,0.002146870130673051,2.521284480742458e-18
3.992,0.3,0.28954264521598816,0.012942874077725718,-1.1170753888195458e-16,0.002146695973351598,2.1850719588069664e-18
3.993,0.3,0.28954386711120605,0.012942874077725718,-1.1242289791058024e-16,0.0021465220488607883,1.781193348213225e-18
3.994,0.3,0.28954511880874634,0.012942874077725718,-1.130681517279308e-16,0.0021463478915393353,1.3600889950771674e-18
3.995,0.3,0.28954634070396423,0.012942874077725718,-1.1363841665966976e-16,0.002146173734217882,9.232119044338604e-19
3.996,0.3,0.2895475924015045,0.012942874077725718,-1.1412925901771383e-16,0.0021459998097270727,4.86407636795925e-19
3.997,0.3,0.2895488142967224,0.012942874077725718,-1.1455041968095643e-16,0.0021458256524056196,1.6540182942172987e-20
3.998,0.3,0.2895500659942627,0.012942874077725718,-1.148932827361372e-16,0.00214565172791481,-4.719921447089059e-19
3.999,0.3,0.2895512878894806,0.012942874077725718,-1.1514794848568513e-16,0.002145477570593357,-9.762859693176667e-19
4.0,0.3,0.2895525097846985,0.012942874077725718,-1.1531957853662254e-16,0.0021453036461025476,-1.5136317253518687e-18
4.001,0.3,0.2895537316799164,0.012942874077725718,-1.1538953816410982e-16,0.0021451294887810946,-2.0350449767491306e-18
4.002,0.3,0.2895549535751343,0.012942874077725718,-1.1536222135156087e-16,0.002144955564290285,-2.5549211820806463e-18
4.003,0.3,0.2895561754703522,0.012942874077725718,-1.1525081004921733e-16,0.0021447816397994757,-3.1020462061067376e-18
4.0040000000000004,0.3,0.2895573675632477,0.012942874077725718,-1.1505173083683297e-16,0.0021446077153086662,-3.615944037631991e-18
4.005,0.3,0.2895585894584656,0.012942874077725718,-1.1476400433256252e-16,0.002144433790817857,-4.076426903549343e-18
4.006,0.3,0.28955981135368347,0.012942874077725718,-1.1439618027521734e-16,0.0021442598663270473,-4.4489175949899904e-18
4.007,0.3,0.289561003446579,0.012942874077725718,-1.1397525783999116e-16,0.002144085941836238,-4.730530533969076e-18
4.008,0.3,0.2895622253417969,0.012942874077725718,-1.135390623419348e-16,0.002143912250176072,-4.92418112871125e-18
4.009,0.3,0.2895634174346924,0.012942874077725718,-1.1310989457036268e-16,0.0021437383256852627,-5.011140868906173e-18
4.01,0.3,0.2895646095275879,0.012942874077725718,-1.1272211229919782e-16,0.0021435644011944532,-4.98283523398197e-18
4.011,0.3,0.2895658314228058,0.012942874077725718,-1.1240697633814982e-16,0.0021433907095342875,-4.899754922826113e-18
4.0120000000000005,0.3,0.2895670235157013,0.012942874077725718,-1.1217529959218597e-16,0.002143216785043478,-4.7201807642408655e-18
4.013,0.3,0.2895682156085968,0.012942874077725718,-1.1202646002148563e-16,0.0021430430933833122,-4.426835791887727e-18
4.014,0.3,0.2895694077014923,0.012942874077725718,-1.1197575715865858e-16,0.002142869168892503,-4.0413823819611935e-18
4.015,0.3,0.28957056999206543,0.012942874077725718,-1.1202873642253137e-16,0.002142695477232337,-3.615715034928679e-18
4.016,0.3,0.28957176208496094,0.012942874077725718,-1.1216749100720347e-16,0.002142521785572171,-3.1685836100445592e-18
4.017,0.3,0.28957295417785645,0.012942874077725718,-1.1236830399015174e-16,0.0021423480939120054,-2.7302274196153233e-18
4.018,0.3,0.28957411646842957,0.012942874077725718,-1.126016218624509e-16,0.0021421744022518396,-2.294844526936396e-18
4.019,0.3,0.2895753085613251,0.012942874077725718,-1.1286735197987233e-16,0.00214200047776103,-1.8941202975294026e-18
4.0200000000000005,0.3,0.2895764708518982,0.012942874077725718,-1.131461846381966e-16,0.002141827018931508,-1.4934628579107735e-18
4.021,0.3,0.2895776629447937,0.012942874077725718,-1.1345687367627153e-16,0.0021416533272713423,-1.1576940398629753e-18
4.022,0.3,0.2895788252353668,0.012942874077725718,-1.1380853793316987e-16,0.0021414796356111765,-9.34331823797401e-19
4.023,0.3,0.28957998752593994,0.012942874077725718,-1.1418857779380123e-16,0.0021413059439510107,-7.960219457167203e-19
4.024,0.3,0.28958114981651306,0.012942874077725718,-1.1457773649350538e-16,0.002141132252290845,-7.398500008600966e-19
4.025,0.3,0.2895823121070862,0.012942874077725718,-1.1496091302301954e-16,0.002140958793461323,-7.456090324615864e-19
4.026,0.3,0.2895834743976593,0.012942874077725718,-1.1535737738189376e-16,0.002140785101801157,-8.637177366119259e-19
4.027,0.3,0.2895846366882324,0.012942874077725718,-1.1575839454285947e-16,0.002140611642971635,-1.0797645633411126e-18
4.0280000000000005,0.3,0.28958579897880554,0.012942874077725718,-1.1613554919751425e-16,0.002140437951311469,-1.327461240718624e-18
4.029,0.3,0.28958696126937866,0.012942874077725718,-1.165077010638243e-16,0.002140264492481947,-1.6716243295804548e-18
4.03,0.3,0.2895880937576294,0.012942874077725718,-1.168665253961049e-16,0.002140091033652425,-2.099295029795039e-18
4.031,0.3,0.2895892560482025,0.012942874077725718,-1.1717405129551742e-16,0.002139917341992259,-2.526894440777517e-18
4.032,0.3,0.28959038853645325,0.012942874077725718,-1.174358241808884e-16,0.002139743883162737,-2.9731657153941934e-18
4.033,0.3,0.289591521024704,0.012942874077725718,-1.1763723273387771e-16,0.0021395704243332148,-3.41936259885824e-18
4.034,0.3,0.2895926833152771,0.012942874077725718,-1.177788592896366e-16,0.0021393969655036926,-3.866935207269903e-18
4.035,0.3,0.28959381580352783,0.012942874077725718,-1.1785576723426932e-16,0.0021392235066741705,-4.3144332074762236e-18
4.0360000000000005,0.3,0.28959494829177856,0.012942874077725718,-1.1786810215156371e-16,0.0021390500478446484,-4.761856611072657e-18
4.037,0.3,0.2895960807800293,0.012942874077725718,-1.1781595668574837e-16,0.00213887682184577,-5.209205431063418e-18
4.038,0.3,0.28959721326828003,0.012942874077725718,-1.1768444158579734e-16,0.0021387033630162477,-5.6046005870398685e-18
4.039,0.3,0.28959834575653076,0.012942874077725718,-1.174967576135315e-16,0.0021385299041867256,-5.979736607936487e-18
4.04,0.3,0.2895994782447815,0.012942874077725718,-1.1725264007115486e-16,0.002138356678187847,-6.285637981774525e-18
4.041,0.3,0.28960058093070984,0.012942874077725718,-1.1697480002956565e-16,0.002138183219358325,-6.536709091246486e-18
4.042,0.3,0.28960171341896057,0.012942874077725718,-1.1668637207613576e-16,0.002138009760528803,-6.732959083842991e-18
4.043,0.3,0.2896028161048889,0.012942874077725718,-1.1642131693809417e-16,0.0021378365345299244,-6.911883346562472e-18
4.0440000000000005,0.3,0.28960394859313965,0.012942874077725718,-1.161566456118568e-16,0.002137663308531046,-6.978427174843648e-18
4.045,0.3,0.289605051279068,0.012942874077725718,-1.1590278719058672e-16,0.0021374898497015238,-6.952802510650764e-18
4.046,0.3,0.2896061837673187,0.012942874077725718,-1.1564123929834236e-16,0.0021373166237026453,-6.803338847618606e-18
4.047,0.3,0.28960728645324707,0.012942874077725718,-1.1536061992989497e-16,0.002137143397703767,-6.5228063679430786e-18
4.048,0.3,0.2896083891391754,0.012942874077725718,-1.1508855030025893e-16,0.0021369701717048883,-6.1587557194361554e-18
4.049,0.3,0.28960949182510376,0.012942874077725718,-1.148400255395786e-16,0.00213679694570601,-5.715551094066235e-18
4.05,0.3,0.2896105945110321,0.012942874077725718,-1.1462540856656804e-16,0.0021366237197071314,-5.229241812702216e-18
4.051,0.3,0.28961169719696045,0.012942874077725718,-1.144454008303867e-16,0.002136450493708253,-4.750264025037568e-18
4.0520000000000005,0.3,0.2896127998828888,0.012942874077725718,-1.1428973205654912e-16,0.0021362772677093744,-4.323245124423089e-18
4.053,0.3,0.28961387276649475,0.012942874077725718,-1.1414409532918058e-16,0.002136104041710496,-3.9467263600439075e-18
4.054,0.3,0.2896149754524231,0.012942874077725718,-1.1400348785993637e-16,0.002135931048542261,-3.635092159639015e-18
4.055,0.3,0.28961607813835144,0.012942874077725718,-1.1385492622192184e-16,0.0021357578225433826,-3.3595460096202442e-18
4.056,0.3,0.2896171510219574,0.012942874077725718,-1.1370170590269742e-16,0.002135584829375148,-3.179103371121639e-18
4.057,0.3,0.28961822390556335,0.012942874077725718,-1.1353386103024306e-16,0.0021354116033762693,-3.0591623660617795e-18
4.058,0.3,0.2896193265914917,0.012942874077725718,-1.1335233128173462e-16,0.0021352386102080345,-2.9709272115617778e-18
4.059,0.3,0.28962039947509766,0.012942874077725718,-1.1317183385463065e-16,0.002135065384209156,-2.9648215795347223e-18
4.0600000000000005,0.3,0.2896214723587036,0.012942874077725718,-1.1296432401744315e-16,0.002134892391040921,-2.9760099696833886e-18
4.061,0.3,0.28962254524230957,0.012942874077725718,-1.1273862944166928e-16,0.0021347193978726864,-3.0505682172543606e-18
4.062,0.3,0.2896236181259155,0.012942874077725718,-1.1248522100665244e-16,0.002134546171873808,-3.1553498191300517e-18
4.063,0.3,0.2896246910095215,0.012942874077725718,-1.1221505720114772e-16,0.002134373178705573,-3.3119929768953893e-18
4.064,0.3,0.28962576389312744,0.012942874077725718,-1.1191430756531324e-16,0.0021342001855373383,-3.520489041611419e-18
4.065,0.3,0.2896268367767334,0.012942874077725718,-1.1155423915339135e-16,0.0021340271923691034,-3.728950345148625e-18
4.066,0.3,0.28962790966033936,0.012942874077725718,-1.1113033886795998e-16,0.0021338541992008686,-3.92153396030281e-18
4.067,0.3,0.2896289527416229,0.012942874077725718,-1.1064522721719968e-16,0.0021336812060326338,-4.106835102702603e-18
4.0680000000000005,0.3,0.2896300256252289,0.012942874077725718,-1.1012628057066351e-16,0.0021335084456950426,-4.299247857334217e-18
4.069,0.3,0.28963106870651245,0.012942874077725718,-1.0961170805520653e-16,0.002133335452526808,-4.534807126777118e-18
4.07,0.3,0.2896321415901184,0.012942874077725718,-1.0911123069738744e-16,0.002133162459358573,-4.7991128628768386e-18
4.071,0.3,0.289633184671402,0.012942874077725718,-1.0862570876504332e-16,0.002132989699020982,-5.06337455086195e-18
4.072,0.3,0.28963422775268555,0.012942874077725718,-1.0815971491260034e-16,0.002132816705852747,-5.343435130459677e-18
4.073,0.3,0.2896352708339691,0.012942874077725718,-1.0768360960434952e-16,0.002132643712684512,-5.536984041087852e-18
4.074,0.3,0.2896363437175751,0.012942874077725718,-1.0722958670973142e-16,0.002132470952346921,-5.6757215744230114e-18
4.075,0.3,0.28963738679885864,0.012942874077725718,-1.0681195314462074e-16,0.00213229819200933,-5.7294210757907924e-18
4.0760000000000005,0.3,0.2896384000778198,0.012942874077725718,-1.0645361850326277e-16,0.002132125198841095,-5.713939659888719e-18
4.077,0.3,0.2896394431591034,0.012942874077725718,-1.0617087493500235e-16,0.002131952438503504,-5.62214630722451e-18
4.078,0.3,0.28964048624038696,0.012942874077725718,-1.059625974742064e-16,0.0021317796781659126,-5.482839471486824e-18
4.079,0.3,0.28964152932167053,0.012942874077725718,-1.0582488844582857e-16,0.0021316069178283215,-5.283084262512069e-18
4.08,0.3,0.2896425426006317,0.012942874077725718,-1.0574706067635468e-16,0.0021314341574907303,-5.0185405712036994e-18
4.081,0.3,0.2896435856819153,0.012942874077725718,-1.0574861577590628e-16,0.002131261397153139,-4.741098172488763e-18
4.082,0.3,0.28964462876319885,0.012942874077725718,-1.0582600017657184e-16,0.002131088636815548,-4.470952321235957e-18
4.083,0.3,0.28964564204216003,0.012942874077725718,-1.0595889832250706e-16,0.0021309158764779568,-4.218144494760424e-18
4.0840000000000005,0.3,0.2896466553211212,0.012942874077725718,-1.0613883326679449e-16,0.0021307431161403656,-3.9697289831810674e-18
4.085,0.3,0.2896476984024048,0.012942874077725718,-1.0635685822392877e-16,0.0021305703558027744,-3.742998036899034e-18
4.086,0.3,0.28964871168136597,0.012942874077725718,-1.0658443877149926e-16,0.002130397828295827,-3.503362059863393e-18
4.087,0.3,0.28964972496032715,0.012942874077725718,-1.068081150265785e-16,0.0021302250679582357,-3.2364303211479977e-18
4.088,0.3,0.28965073823928833,0.012942874077725718,-1.070374293447129e-16,0.0021300525404512882,-3.0228720796004558e-18
4.089,0.3,0.2896517515182495,0.012942874077725718,-1.0725931227222412e-16,0.002129879780113697,-2.881421469721338e-18
4.09,0.3,0.2896527647972107,0.012942874077725718,-1.0744111995341838e-16,0.0021297072526067495,-2.7947734791150587e-18
4.091,0.3,0.2896537780761719,0.012942874077725718,-1.0757612244683193e-16,0.0021295344922691584,-2.819040441266406e-18
4.0920000000000005,0.3,0.28965476155281067,0.012942874077725718,-1.0764486446445754e-16,0.002129361964762211,-2.8864819913094783e-18
4.093,0.3,0.28965577483177185,0.012942874077725718,-1.0764882831395289e-16,0.0021291894372552633,-2.9539122893711995e-18
4.094,0.3,0.28965678811073303,0.012942874077725718,-1.0759230871705837e-16,0.002129016676917672,-3.0357242223983282e-18
4.095,0.3,0.2896577715873718,0.012942874077725718,-1.0747132197194391e-16,0.0021288441494107246,-3.1016795766130104e-18
4.096,0.3,0.289658784866333,0.012942874077725718,-1.0728343285888617e-16,0.002128671621903777,-3.1430807164842075e-18
4.097,0.3,0.2896597683429718,0.012942874077725718,-1.0707110552181116e-16,0.0021284990943968296,-3.2103606327038635e-18
4.098,0.3,0.2896607518196106,0.012942874077725718,-1.0682575713468303e-16,0.002128326566889882,-3.209907469293264e-18
4.099,0.3,0.2896617352962494,0.012942874077725718,-1.0657375159798507e-16,0.0021281542722135782,-3.1849111850478526e-18
4.1,0.3,0.28966274857521057,0.012942874077725718,-1.0635410536685019e-16,0.0021279817447066307,-3.174311960113165e-18
4.101,0.3,0.28966373205184937,0.012942874077725718,-1.0616260312887682e-16,0.002127809217199683,-3.1478715747375955e-18
4.102,0.3,0.28966471552848816,0.012942874077725718,-1.0599919856195064e-16,0.0021276366896927357,-3.1055926697603924e-18
4.103,0.3,0.28966569900512695,0.012942874077725718,-1.0587301050514445e-16,0.002127464395016432,-3.0791637496386086e-18
4.104,0.3,0.28966668248176575,0.012942874077725718,-1.0578395954911944e-16,0.0021272918675094843,-3.0685821727397054e-18
4.105,0.3,0.28966763615608215,0.012942874077725718,-1.0572280112334972e-16,0.0021271193400025368,-3.0421594331947238e-18
4.106,0.3,0.28966861963272095,0.012942874077725718,-1.057036568552528e-16,0.002126947045326233,-3.0488770060641626e-18
4.107,0.3,0.28966960310935974,0.012942874077725718,-1.0571726893941297e-16,0.002126774750649929,-3.0728864336520925e-18
4.108,0.3,0.28967055678367615,0.012942874077725718,-1.0576897103641998e-16,0.0021266022231429815,-3.1487707710861135e-18
4.109,0.3,0.28967154026031494,0.012942874077725718,-1.0583986372363823e-16,0.0021264299284666777,-3.2592283994039134e-18
4.11,0.3,0.28967249393463135,0.012942874077725718,-1.0591649373558514e-16,0.002126257633790374,-3.3898606562024033e-18
4.111,0.3,0.28967347741127014,0.012942874077725718,-1.0598962973662463e-16,0.00212608533911407,-3.556507106890555e-18
4.112,0.3,0.28967443108558655,0.012942874077725718,-1.0604039877390068e-16,0.0021259128116071224,-3.74186877828467e-18
4.113,0.3,0.28967538475990295,0.012942874077725718,-1.0605422261629767e-16,0.0021257405169308186,-3.927199549524113e-18
4.114,0.3,0.28967633843421936,0.012942874077725718,-1.06026555079169e-16,0.0021255682222545147,-4.096656493890036e-18
4.115,0.3,0.28967732191085815,0.012942874077725718,-1.0596666720282015e-16,0.0021253961604088545,-4.281928122210793e-18
4.116,0.3,0.28967827558517456,0.012942874077725718,-1.0587003927238416e-16,0.0021252238657325506,-4.467168865643862e-18
4.117,0.3,0.28967922925949097,0.012942874077725718,-1.0574132335162601e-16,0.0021250515710562468,-4.6682216609581135e-18
4.118,0.3,0.2896801829338074,0.012942874077725718,-1.0557601296056851e-16,0.002124879276379943,-4.869240940486704e-18
4.119,0.3,0.2896811068058014,0.012942874077725718,-1.0536958838434468e-16,0.002124706981703639,-5.0543837774207955e-18
4.12,0.3,0.2896820604801178,0.012942874077725718,-1.051313008109253e-16,0.002124534919857979,-5.2553386834861975e-18
4.121,0.3,0.2896830141544342,0.012942874077725718,-1.0486120317986959e-16,0.002124362625181675,-5.4721030240682814e-18
4.122,0.3,0.2896839380264282,0.012942874077725718,-1.0455482209842485e-16,0.0021241905633360147,-5.688831231507749e-18
4.123,0.3,0.28968489170074463,0.012942874077725718,-1.0421676992568667e-16,0.002124018268659711,-5.921366244667396e-18
4.124,0.3,0.28968581557273865,0.012942874077725718,-1.0384255341656769e-16,0.0021238462068140507,-6.153862496968448e-18
4.125,0.3,0.28968676924705505,0.012942874077725718,-1.0343683125227778e-16,0.0021236741449683905,-6.402162927399269e-18
4.126,0.3,0.2896876931190491,0.012942874077725718,-1.0299509033539486e-16,0.0021235018502920866,-6.650421969494937e-18
4.127,0.3,0.2896886467933655,0.012942874077725718,-1.0252196949479413e-16,0.0021233297884464264,-6.9144825623684484e-18
4.128,0.3,0.2896895706653595,0.012942874077725718,-1.020129688679433e-16,0.002123157726600766,-7.17849913970101e-18
4.1290000000000004,0.3,0.2896904945373535,0.012942874077725718,-1.0147276037094207e-16,0.002122985664755106,-7.458314640793728e-18
4.13,0.3,0.28969141840934753,0.012942874077725718,-1.0088634887364607e-16,0.0021228136029094458,-7.702047573543099e-18
4.131,0.3,0.28969234228134155,0.012942874077725718,-1.0026018638483323e-16,0.0021226415410637856,-7.8838181712205e-18
4.132,0.3,0.28969326615333557,0.012942874077725718,-9.958469084428773e-17,0.0021224694792181253,-7.986343807886971e-18
4.133,0.3,0.2896941900253296,0.012942874077725718,-9.886992738570311e-17,0.002122297417372465,-8.044223593469168e-18
4.134,0.3,0.2896951138973236,0.012942874077725718,-9.810131116051883e-17,0.002122125355526805,-8.03872199759635e-18
4.135,0.3,0.2896960377693176,0.012942874077725718,-9.728931096656738e-17,0.0021219532936811447,-8.005885500885461e-18
4.136,0.3,0.28969693183898926,0.012942874077725718,-9.64005682641057e-17,0.002121781464666128,-7.877996874608104e-18
4.1370000000000005,0.3,0.2896978557109833,0.012942874077725718,-9.545266560423424e-17,0.002121609402820468,-7.715543658976295e-18
4.138,0.3,0.2896987497806549,0.012942874077725718,-9.446246423655926e-17,0.0021214375738054514,-7.544417420438094e-18
4.139,0.3,0.2896996736526489,0.012942874077725718,-9.346442781412218e-17,0.002121265511959791,-7.387712618779465e-18
4.14,0.3,0.28970056772232056,0.012942874077725718,-9.247614550546832e-17,0.0021210936829447746,-7.29005561999587e-18
4.141,0.3,0.2897014915943146,0.012942874077725718,-9.150312302475485e-17,0.0021209216210991144,-7.222650748939296e-18
4.142,0.3,0.2897023856639862,0.012942874077725718,-9.054997273107734e-17,0.002120749792084098,-7.185492964715262e-18
4.143,0.3,0.28970327973365784,0.012942874077725718,-8.961255210392815e-17,0.0021205779630690813,-7.148341375252135e-18
4.144,0.3,0.28970420360565186,0.012942874077725718,-8.869078835141336e-17,0.002120405901223421,-7.111195979307314e-18
4.1450000000000005,0.3,0.2897050976753235,0.012942874077725718,-8.778009558421698e-17,0.0021202340722084045,-7.058213843597592e-18
4.146,0.3,0.2897059917449951,0.012942874077725718,-8.68804274802247e-17,0.002120062243193388,-6.98939760780432e-18
4.147,0.3,0.28970688581466675,0.012942874077725718,-8.600093596573382e-17,0.0021198904141783714,-6.936435775718436e-18
4.148,0.3,0.2897077798843384,0.012942874077725718,-8.514159457096473e-17,0.002119718585163355,-6.899325704867795e-18
4.149,0.3,0.28970867395401,0.012942874077725718,-8.430237020869293e-17,0.0021195467561483383,-6.878064753254362e-18
4.15,0.3,0.28970953822135925,0.012942874077725718,-8.348322979169392e-17,0.0021193749271333218,-6.872650279354465e-18
4.151,0.3,0.2897104322910309,0.012942874077725718,-8.26795543434272e-17,0.002119203098118305,-6.867236709335419e-18
4.152,0.3,0.2897113263607025,0.012942874077725718,-8.189131739411317e-17,0.0021190315019339323,-6.8618240427868115e-18
4.1530000000000005,0.3,0.28971219062805176,0.012942874077725718,-8.111847923908242e-17,0.0021188596729189157,-6.8564122797025496e-18
4.154,0.3,0.2897130846977234,0.012942874077725718,-8.036560591531626e-17,0.002118687843903899,-6.866844352225647e-18
4.155,0.3,0.289713978767395,0.012942874077725718,-7.963267095303507e-17,0.0021185162477195263,-6.89311761962398e-18
4.156,0.3,0.28971484303474426,0.012942874077725718,-7.891044301660277e-17,0.0021183444187045097,-6.9035435771176245e-18
4.157,0.3,0.2897157073020935,0.012942874077725718,-7.820350799533536e-17,0.002118172822520137,-6.9139677983740295e-18
4.158,0.3,0.28971660137176514,0.012942874077725718,-7.751641207387941e-17,0.0021180009935051203,-6.940233215829215e-18
4.159,0.3,0.2897174656391144,0.012942874077725718,-7.684454951058424e-17,0.0021178293973207474,-6.966494256934951e-18
4.16,0.3,0.2897183299064636,0.012942874077725718,-7.618786736589064e-17,0.0021176578011363745,-6.992750922560532e-18
4.1610000000000005,0.3,0.28971919417381287,0.012942874077725718,-7.554634578746391e-17,0.002117485972121358,-7.019003213270884e-18
4.162,0.3,0.2897200584411621,0.012942874077725718,-7.492455742973025e-17,0.002117314375936985,-7.061094062124402e-18
4.163,0.3,0.28972092270851135,0.012942874077725718,-7.431327757449847e-17,0.002117142779752612,-7.087334964392249e-18
4.164,0.3,0.2897217869758606,0.012942874077725718,-7.371705240641514e-17,0.002116971183568239,-7.113571494163128e-18
4.165,0.3,0.28972265124320984,0.012942874077725718,-7.313589516037009e-17,0.0021167995873838663,-7.139803652194636e-18
4.166,0.3,0.2897235155105591,0.012942874077725718,-7.257433878612009e-17,0.0021166279911994934,-7.181874371739617e-18
4.167,0.3,0.2897243797779083,0.012942874077725718,-7.203235019644064e-17,0.0021164563950151205,-7.239781013148355e-18
4.168,0.3,0.28972524404525757,0.012942874077725718,-7.150073114292016e-17,0.0021162847988307476,-7.281835072336507e-18
4.1690000000000005,0.3,0.2897260785102844,0.012942874077725718,-7.098862693441103e-17,0.0021161132026463747,-7.339725056472168e-18
4.17,0.3,0.28972694277763367,0.012942874077725718,-7.049140535948296e-17,0.0021159418392926455,-7.397605393612481e-18
4.171,0.3,0.2897278070449829,0.012942874077725718,-7.001364569000703e-17,0.0021157702431082726,-7.471319017683482e-18
4.172,0.3,0.28972864151000977,0.012942874077725718,-6.954613644268186e-17,0.0021155986469238997,-7.529177425119621e-18
4.173,0.3,0.289729505777359,0.012942874077725718,-6.909802292635983e-17,0.0021154272835701704,-7.602869123270876e-18
4.174,0.3,0.28973034024238586,0.012942874077725718,-6.866468616450045e-17,0.0021152556873857975,-7.676548540723739e-18
4.175,0.3,0.2897311747074127,0.012942874077725718,-6.824610630476902e-17,0.0021150843240320683,-7.750215679468561e-18
4.176,0.3,0.28973203897476196,0.012942874077725718,-6.784224364249613e-17,0.0021149127278476954,-7.823870541187445e-18
4.1770000000000005,0.3,0.2897328734397888,0.012942874077725718,-6.744846596625149e-17,0.002114741364493966,-7.881670195491338e-18
4.178,0.3,0.2897337079048157,0.012942874077725718,-6.706477327603509e-17,0.002114570001140237,-7.923617284971607e-18
4.179,0.3,0.28973454236984253,0.012942874077725718,-6.670031088069933e-17,0.002114398404955864,-7.981400316399165e-18
4.18,0.3,0.2897353768348694,0.012942874077725718,-6.6350439951369e-17,0.0021142270416021347,-8.039173717794363e-18
4.181,0.3,0.28973621129989624,0.012942874077725718,-6.60151538705992e-17,0.0021140556782484055,-8.096937490624132e-18
4.182,0.3,0.2897370457649231,0.012942874077725718,-6.569441293372054e-17,0.002113884314894676,-8.154691636415828e-18
4.183,0.3,0.28973788022994995,0.012942874077725718,-6.53927765602694e-17,0.002113712951540947,-8.228279089218491e-18
4.184,0.3,0.2897387146949768,0.012942874077725718,-6.510564562604e-17,0.0021135415881872177,-8.301854277729116e-18
4.1850000000000005,0.3,0.28973954916000366,0.012942874077725718,-6.483294733913841e-17,0.0021133702248334885,-8.375417204087097e-18
4.186,0.3,0.28974035382270813,0.012942874077725718,-6.457470816934426e-17,0.002113198861479759,-8.448967870476234e-18
4.187,0.3,0.289741188287735,0.012942874077725718,-6.433086855965343e-17,0.0021130277309566736,-8.522506278774333e-18
4.188,0.3,0.28974202275276184,0.012942874077725718,-6.410139542284142e-17,0.0021128563676029444,-8.59603243091172e-18
4.189,0.3,0.2897428274154663,0.012942874077725718,-6.387834782502772e-17,0.002112685004249215,-8.642210452216065e-18
4.19,0.3,0.28974366188049316,0.012942874077725718,-6.365161431040448e-17,0.002112513640895486,-8.67398784054285e-18
4.191,0.3,0.28974446654319763,0.012942874077725718,-6.340819159974238e-17,0.0021123425103724003,-8.662581122108527e-18
4.192,0.3,0.2897453010082245,0.012942874077725718,-6.313427570297912e-17,0.002112171147018671,-8.607997493292747e-18
4.1930000000000005,0.3,0.28974610567092896,0.012942874077725718,-6.281561926124409e-17,0.0021120000164955854,-8.508794153785121e-18
4.194,0.3,0.2897469103336334,0.012942874077725718,-6.244093291353717e-17,0.002111828653141856,-8.357728563582031e-18
4.195,0.3,0.2897477447986603,0.012942874077725718,-6.203877755204859e-17,0.0021116575226187706,-8.205238155261818e-18
4.196,0.3,0.28974854946136475,0.012942874077725718,-6.160381289874371e-17,0.002111486392095685,-8.01673731173033e-18
4.197,0.3,0.2897493541240692,0.012942874077725718,-6.115953088301903e-17,0.0021113152615725994,-7.825367895321458e-18
4.198,0.3,0.2897501587867737,0.012942874077725718,-6.072060899766369e-17,0.00211114389821887,-7.649873306293472e-18
4.199,0.3,0.28975096344947815,0.012942874077725718,-6.027661814951462e-17,0.0021109727676957846,-7.454215050710457e-18
4.2,0.3,0.2897517681121826,0.012942874077725718,-5.983222363722664e-17,0.002110801637172699,-7.206710624574337e-18
4.2010000000000005,0.3,0.2897525727748871,0.012942874077725718,-5.941919581376666e-17,0.0021106305066496134,-6.969290404504119e-18
4.202,0.3,0.28975337743759155,0.012942874077725718,-5.905053134091912e-17,0.002110459376126528,-6.72320978865324e-18
4.203,0.3,0.289754182100296,0.012942874077725718,-5.875635944531567e-17,0.002110288245603442,-6.477170186273784e-18
4.204,0.3,0.2897549867630005,0.012942874077725718,-5.852149970835471e-17,0.0021101171150803566,-6.179292810353889e-18
4.205,0.3,0.28975576162338257,0.012942874077725718,-5.835966347586994e-17,0.0021099462173879147,-5.8295863009977355e-18
4.206,0.3,0.28975656628608704,0.012942874077725718,-5.829498456941319e-17,0.002109775086864829,-5.46409514237463e-18
4.207,0.3,0.2897573709487915,0.012942874077725718,-5.83418691665327e-17,0.0021096039563417435,-5.13325075002981e-18
4.208,0.3,0.2897581458091736,0.012942874077725718,-5.849044403943702e-17,0.002109432825818658,-4.8355973565506776e-18
4.2090000000000005,0.3,0.28975895047187805,0.012942874077725718,-5.874177459675513e-17,0.002109261928126216,-4.5913223458378885e-18
4.21,0.3,0.28975972533226013,0.012942874077725718,-5.908682802619795e-17,0.0021090907976031303,-4.4335526817599745e-18
4.211,0.3,0.2897605299949646,0.012942874077725718,-5.94822997683371e-17,0.0021089198999106884,-4.293102238537044e-18
4.212,0.3,0.2897613048553467,0.012942874077725718,-5.993894978858068e-17,0.002108748769387603,-4.223296907562588e-18
4.213,0.3,0.28976210951805115,0.012942874077725718,-6.042774073870561e-17,0.002108577871695161,-4.203931998057839e-18
4.214,0.3,0.2897628843784332,0.012942874077725718,-6.093065993369295e-17,0.002108406974002719,-4.2047632341622984e-18
4.215,0.3,0.2897636592388153,0.012942874077725718,-6.142837781698856e-17,0.0021082358434796333,-4.207044327147036e-18
4.216,0.3,0.2897644340991974,0.012942874077725718,-6.19359226059613e-17,0.0021080649457871914,-4.278496752023986e-18
4.2170000000000005,0.3,0.28976520895957947,0.012942874077725718,-6.243025235746789e-17,0.0021078940480947495,-4.403266049429458e-18
4.218,0.3,0.28976601362228394,0.012942874077725718,-6.288208487782395e-17,0.0021077231504023075,-4.5438574867829684e-18
4.219,0.3,0.289766788482666,0.012942874077725718,-6.329983755694283e-17,0.0021075522527098656,-4.729054299006854e-18
4.22,0.3,0.2897675633430481,0.012942874077725718,-6.370454725216298e-17,0.0021073813550174236,-4.999234892453302e-18
4.221,0.3,0.2897683382034302,0.012942874077725718,-6.40715639812303e-17,0.0021072104573249817,-5.332742186628085e-18
4.222,0.3,0.28976911306381226,0.012942874077725718,-6.43959378953593e-17,0.0021070395596325397,-5.712272698470113e-18
4.223,0.3,0.28976985812187195,0.012942874077725718,-6.468244678976807e-17,0.002106868661940098,-6.137818757337941e-18
4.224,0.3,0.28977063298225403,0.012942874077725718,-6.49449475940781e-17,0.002106697764247656,-6.641058559727399e-18
4.225,0.3,0.2897714078426361,0.012942874077725718,-6.516563938150724e-17,0.0021065270993858576,-7.144214491701626e-18
4.226,0.3,0.2897721827030182,0.012942874077725718,-6.534918083326541e-17,0.0021063562016934156,-7.663129499481391e-18
4.227,0.3,0.28977295756340027,0.012942874077725718,-6.54956645935812e-17,0.0021061853040009737,-8.1978009562209e-18
4.228,0.3,0.28977370262145996,0.012942874077725718,-6.559972391464037e-17,0.0021060146391391754,-8.729483307455287e-18
4.229,0.3,0.28977447748184204,0.012942874077725718,-6.56469129142253e-17,0.0021058437414467335,-9.17606239243913e-18
4.23,0.3,0.28977522253990173,0.012942874077725718,-6.564153293152125e-17,0.002105673076584935,-9.488573597050151e-18
4.231,0.3,0.2897759974002838,0.012942874077725718,-6.561387201183748e-17,0.0021055021788924932,-9.69158218722059e-18
4.232,0.3,0.2897767424583435,0.012942874077725718,-6.554798873040885e-17,0.002105331514030695,-9.746170553710745e-18
4.233,0.3,0.2897775173187256,0.012942874077725718,-6.547612327879025e-17,0.0021051608491688967,-9.69989222747998e-18
4.234,0.3,0.2897782623767853,0.012942874077725718,-6.541337666624442e-17,0.0021049901843070984,-9.541271083757957e-18
4.235,0.3,0.28977903723716736,0.012942874077725718,-6.539728965769149e-17,0.0021048192866146564,-9.384126373441208e-18
4.236,0.3,0.28977978229522705,0.012942874077725718,-6.539475517629463e-17,0.002104648621752858,-9.130500255496172e-18
4.237,0.3,0.28978052735328674,0.012942874077725718,-6.542199257950478e-17,0.00210447795689106,-8.82079468020234e-18
4.238,0.3,0.28978127241134644,0.012942874077725718,-6.545834882178771e-17,0.0021043072920292616,-8.463611923256151e-18
4.239,0.3,0.2897820472717285,0.012942874077725718,-6.550085267038313e-17,0.0021041366271674633,-8.048916971753992e-18
4.24,0.3,0.2897827923297882,0.012942874077725718,-6.553599792024929e-17,0.002103965962305665,-7.594012349080012e-18
4.241,0.3,0.2897835373878479,0.012942874077725718,-6.553108115868827e-17,0.0021037952974438667,-7.065768892741903e-18
4.242,0.3,0.2897842824459076,0.012942874077725718,-6.54722785433031e-17,0.0021036246325820684,-6.4800417614014986e-18
4.243,0.3,0.2897850275039673,0.012942874077725718,-6.534534271522316e-17,0.002103454200550914,-5.851233468379454e-18
4.244,0.3,0.289785772562027,0.012942874077725718,-6.514904944714188e-17,0.0021032835356891155,-5.222529983203401e-18
4.245,0.3,0.28978651762008667,0.012942874077725718,-6.487562985874615e-17,0.0021031128708273172,-4.56659543606363e-18
4.246,0.3,0.28978726267814636,0.012942874077725718,-6.45192672159685e-17,0.0021029424387961626,-3.9107702196749414e-18
4.247,0.3,0.28978800773620605,0.012942874077725718,-6.408014018982126e-17,0.0021027717739343643,-3.2550543158822556e-18
4.248,0.3,0.28978872299194336,0.012942874077725718,-6.358219731339903e-17,0.0021026013419032097,-2.6815623795293382e-18
4.249,0.3,0.28978946805000305,0.012942874077725718,-6.300465980971451e-17,0.0021024306770414114,-2.149894809704144e-18
4.25,0.3,0.28979021310806274,0.012942874077725718,-6.238121709075574e-17,0.0021022602450102568,-1.7119234496157908e-18
4.251,0.3,0.28979095816612244,0.012942874077725718,-6.171495950329123e-17,0.0021020895801484585,-1.3618326522611769e-18
4.252,0.3,0.28979167342185974,0.012942874077725718,-6.102951132561549e-17,0.002101919148117304,-1.1010577723361384e-18
4.253,0.3,0.28979241847991943,0.012942874077725718,-6.035387020128218e-17,0.002101748716086149,-9.656198096647757e-19
4.2540000000000004,0.3,0.2897931635379791,0.012942874077725718,-5.969646675509443e-17,0.0021015782840549946,-9.684407879482283e-19
4.255,0.3,0.28979387879371643,0.012942874077725718,-5.907995911839131e-17,0.00210140785202384,-1.1397335153959816e-18
4.256,0.3,0.2897946238517761,0.012942874077725718,-5.850528696834867e-17,0.0021012371871620417,-1.4189981994069761e-18
4.257,0.3,0.2897953391075134,0.012942874077725718,-5.795871248935323e-17,0.002101066755130887,-1.727002179996587e-18
4.258,0.3,0.2897960841655731,0.012942874077725718,-5.745360953754875e-17,0.002100896555930376,-2.078133585793314e-18
4.259,0.3,0.2897967994213104,0.012942874077725718,-5.699499413616975e-17,0.0021007261238992214,-2.4421493724110716e-18
4.26,0.3,0.28979751467704773,0.012942874077725718,-5.658370008327368e-17,0.002100555691868067,-2.79026155058217e-18
4.261,0.3,0.2897982597351074,0.012942874077725718,-5.622795286287178e-17,0.002100385259836912,-3.15125860792449e-18
4.2620000000000005,0.3,0.2897989749908447,0.012942874077725718,-5.592854656835208e-17,0.0021002148278057575,-3.496352557736861e-18
4.263,0.3,0.28979969024658203,0.012942874077725718,-5.568995459246729e-17,0.002100044395774603,-3.841388983407531e-18
4.264,0.3,0.28980040550231934,0.012942874077725718,-5.551665032797008e-17,0.002099874196574092,-4.2022108259686884e-18
4.265,0.3,0.28980112075805664,0.012942874077725718,-5.539514742215339e-17,0.0020997037645429373,-4.532736672584199e-18
4.266,0.3,0.28980186581611633,0.012942874077725718,-5.5312386347506235e-17,0.0020995333325117826,-4.8041857428146626e-18
4.267,0.3,0.28980258107185364,0.012942874077725718,-5.525813984293501e-17,0.0020993631333112717,-5.029510785113954e-18
4.268,0.3,0.28980329632759094,0.012942874077725718,-5.523272554579493e-17,0.0020991929341107607,-5.2260124398582906e-18
4.269,0.3,0.28980401158332825,0.012942874077725718,-5.521432243152685e-17,0.002099022502079606,-5.350516773860563e-18
4.2700000000000005,0.3,0.28980472683906555,0.012942874077725718,-5.5188554101084596e-17,0.002098852302879095,-5.433271638777884e-18
4.271,0.3,0.28980544209480286,0.012942874077725718,-5.513234221537794e-17,0.0020986818708479404,-5.458441066397973e-18
4.272,0.3,0.28980615735054016,0.012942874077725718,-5.5032256669981477e-17,0.0020985116716474295,-5.443327614226976e-18
4.273,0.3,0.28980687260627747,0.012942874077725718,-5.486442172369447e-17,0.0020983414724469185,-5.385037959385601e-18
4.274,0.3,0.2898075580596924,0.012942874077725718,-5.461970199383188e-17,0.0020981712732464075,-5.2994222349001346e-18
4.275,0.3,0.2898082733154297,0.012942874077725718,-5.428437289967023e-17,0.0020980010740458965,-5.186485001958659e-18
4.276,0.3,0.289808988571167,0.012942874077725718,-5.385266402925636e-17,0.0020978308748453856,-5.073566612204387e-18
4.277,0.3,0.2898097038269043,0.012942874077725718,-5.331474516819067e-17,0.0020976606756448746,-4.926081145612266e-18
4.2780000000000005,0.3,0.2898103892803192,0.012942874077725718,-5.268546917155218e-17,0.0020974904764443636,-4.762777344533211e-18
4.279,0.3,0.2898111045360565,0.012942874077725718,-5.198671662090414e-17,0.0020973202772438526,-4.658522425907585e-18
4.28,0.3,0.2898118197917938,0.012942874077725718,-5.121830553651178e-17,0.0020971500780433416,-4.564327717381649e-18
4.281,0.3,0.28981250524520874,0.012942874077725718,-5.0398864025769796e-17,0.0020969798788428307,-4.4801915335830295e-18
4.282,0.3,0.28981322050094604,0.012942874077725718,-4.953735872651827e-17,0.0020968099124729633,-4.372976295468272e-18
4.283,0.3,0.28981390595436096,0.012942874077725718,-4.865821462788466e-17,0.0020966397132724524,-4.247035934224348e-18
4.284,0.3,0.28981462121009827,0.012942874077725718,-4.7778193717801744e-17,0.0020964695140719414,-4.128259301717496e-18
4.285,0.3,0.2898153066635132,0.012942874077725718,-4.6921687898172486e-17,0.002096299547702074,-4.0051523599294095e-18
4.2860000000000005,0.3,0.2898160219192505,0.012942874077725718,-4.609749175326955e-17,0.002096129348501563,-3.86042285775085e-18
4.287,0.3,0.2898167073726654,0.012942874077725718,-4.5319826172183947e-17,0.0020959593821316957,-3.6796814942086504e-18
4.288,0.3,0.2898174226284027,0.012942874077725718,-4.459325388317452e-17,0.0020957891829311848,-3.4312484009111144e-18
4.289,0.3,0.2898181080818176,0.012942874077725718,-4.394653099305606e-17,0.0020956192165613174,-3.1670137637543642e-18
4.29,0.3,0.28981879353523254,0.012942874077725718,-4.338408457246695e-17,0.00209544925019145,-2.9028231491569818e-18
4.291,0.3,0.28981950879096985,0.012942874077725718,-4.290573925911734e-17,0.002095279050990939,-2.6386765482147787e-18
4.292,0.3,0.28982019424438477,0.012942874077725718,-4.251175975080323e-17,0.002095109084621072,-2.376023994439817e-18
4.293,0.3,0.2898208796977997,0.012942874077725718,-4.221281667742657e-17,0.0020949391182512045,-2.1681942033480598e-18
4.2940000000000005,0.3,0.2898215651512146,0.012942874077725718,-4.198523282113363e-17,0.002094769151881337,-2.013728004452983e-18
4.295,0.3,0.2898222804069519,0.012942874077725718,-4.180041420250968e-17,0.00209459918551147,-1.8780305602580155e-18
4.296,0.3,0.2898229658603668,0.012942874077725718,-4.164068562622569e-17,0.0020944292191416025,-1.732312971264457e-18
4.297,0.3,0.28982365131378174,0.012942874077725718,-4.1493801510493423e-17,0.002094259252771735,-1.5982200297824793e-18
4.298,0.3,0.28982433676719666,0.012942874077725718,-4.133989959444426e-17,0.002094089286401868,-1.5347714053409365e-18
4.299,0.3,0.2898250222206116,0.012942874077725718,-4.1150514938839017e-17,0.0020939193200320005,-1.5232123078537518e-18
4.3,0.3,0.2898257076740265,0.012942874077725718,-4.090144093023195e-17,0.002093749586492777,-1.5274980856163684e-18
4.301,0.3,0.2898263931274414,0.012942874077725718,-4.0583618286554375e-17,0.0020935796201229095,-1.5159402336548837e-18
4.3020000000000005,0.3,0.2898270785808563,0.012942874077725718,-4.01971727392594e-17,0.0020934096537530422,-1.4885413930212878e-18
4.303,0.3,0.28982776403427124,0.012942874077725718,-3.974683576145083e-17,0.002093239687383175,-1.4611471365388892e-18
4.304,0.3,0.28982844948768616,0.012942874077725718,-3.9222270904194204e-17,0.0020930699538439512,-1.3977214376405655e-18
4.305,0.3,0.2898291349411011,0.012942874077725718,-3.8630780517937135e-17,0.002092899987474084,-1.2751770865121597e-18
4.306,0.3,0.289829820394516,0.012942874077725718,-3.801357804951947e-17,0.0020927302539348602,-1.1079167920427264e-18
4.307,0.3,0.2898304760456085,0.012942874077725718,-3.741352468956125e-17,0.002092560287564993,-9.002981569974449e-19
4.308,0.3,0.28983116149902344,0.012942874077725718,-3.685409251512429e-17,0.0020923905540257692,-6.379350177278601e-19
4.309,0.3,0.28983184695243835,0.012942874077725718,-3.636914299176405e-17,0.0020922208204865456,-3.5832258908202392e-19
4.3100000000000005,0.3,0.28983253240585327,0.012942874077725718,-3.596813244824324e-17,0.0020920508541166782,-7.875673803431018e-20
4.311,0.3,0.2898331880569458,0.012942874077725718,-3.565592139784123e-17,0.0020918811205774546,1.8346954684453296e-19
4.312,0.3,0.2898338735103607,0.012942874077725718,-3.544276357143121e-17,0.002091711387038231,3.7648016371960743e-19
4.313,0.3,0.28983455896377563,0.012942874077725718,-3.5305842018996535e-17,0.0020915416534990072,5.146795046967273e-19
4.314,0.3,0.28983524441719055,0.012942874077725718,-3.52265418680323e-17,0.0020913719199597836,5.822337584498395e-19
4.315,0.3,0.2898359000682831,0.012942874077725718,-3.517626583040133e-17,0.00209120218642056,5.978977550458966e-19
4.316,0.3,0.289836585521698,0.012942874077725718,-3.515114931828177e-17,0.002091032452881336,5.270941316669679e-19
4.317,0.3,0.2898372411727905,0.012942874077725718,-3.512308142573662e-17,0.0020908627193421125,3.871302898319115e-19
4.3180000000000005,0.3,0.28983792662620544,0.012942874077725718,-3.50736391861631e-17,0.002090692985802889,1.7801774554754183e-19
4.319,0.3,0.289838582277298,0.012942874077725718,-3.497022837470417e-17,0.002090523252263665,-5.125311691484908e-20
4.32,0.3,0.2898392677307129,0.012942874077725718,-3.482080977757504e-17,0.0020903535187244415,-3.755433833267111e-19
4.321,0.3,0.2898399233818054,0.012942874077725718,-3.462092323691283e-17,0.0020901840180158615,-7.789942850222889e-19
4.322,0.3,0.28984060883522034,0.012942874077725718,-3.436028855206472e-17,0.002090014284476638,-1.2255565310953923e-18
4.323,0.3,0.28984126448631287,0.012942874077725718,-3.4029075508631136e-17,0.002089844550937414,-1.6331081082014898e-18
4.324,0.3,0.2898419499397278,0.012942874077725718,-3.3655947569198266e-17,0.002089675050228834,-2.020398597343768e-18
4.325,0.3,0.2898426055908203,0.012942874077725718,-3.3258153103899065e-17,0.0020895053166896105,-2.398924053350613e-18
4.3260000000000005,0.3,0.28984326124191284,0.012942874077725718,-3.28546874883202e-17,0.0020893358159810305,-2.73845013874585e-18
4.327,0.3,0.28984394669532776,0.012942874077725718,-3.2467785337327097e-17,0.0020891663152724504,-3.0360831682291754e-18
4.328,0.3,0.2898446023464203,0.012942874077725718,-3.213057027136883e-17,0.0020889965817332268,-3.2947302756172292e-18
4.329,0.3,0.2898452579975128,0.012942874077725718,-3.1884798367767074e-17,0.0020888270810246468,-3.57921976092859e-18
4.33,0.3,0.28984591364860535,0.012942874077725718,-3.1729993170489e-17,0.0020886575803160667,-3.824725484049265e-18
4.331,0.3,0.28984659910202026,0.012942874077725718,-3.170281201556051e-17,0.002088487846776843,-4.078782720682537e-18
4.332,0.3,0.2898472547531128,0.012942874077725718,-3.1831958070237186e-17,0.002088318346068263,-4.361583241204968e-18
4.333,0.3,0.2898479104042053,0.012942874077725718,-3.2118040139449876e-17,0.002088148845359683,-4.644336574641587e-18
4.3340000000000005,0.3,0.28984856605529785,0.012942874077725718,-3.2571169679006425e-17,0.002087979344651103,-4.963078879539789e-18
4.335,0.3,0.2898492217063904,0.012942874077725718,-3.31596755976134e-17,0.002087809843942523,-5.25733263239209e-18
4.336,0.3,0.2898498773574829,0.012942874077725718,-3.386101556921751e-17,0.002087640343233943,-5.53000212940266e-18
4.337,0.3,0.2898505628108978,0.012942874077725718,-3.4636778634894244e-17,0.002087470842525363,-5.760897755962719e-18
4.338,0.3,0.28985121846199036,0.012942874077725718,-3.5474169964928626e-17,0.0020873015746474266,-5.970219730061035e-18
4.339,0.3,0.2898518741130829,0.012942874077725718,-3.634157140758643e-17,0.0020871320739388466,-6.160871879203842e-18
4.34,0.3,0.2898525297641754,0.012942874077725718,-3.71927601102382e-17,0.0020869625732302666,-6.3170144108573035e-18
4.341,0.3,0.28985318541526794,0.012942874077725718,-3.797948828211493e-17,0.0020867930725216866,-6.415559635473246e-18
4.3420000000000005,0.3,0.2898538410663605,0.012942874077725718,-3.8686327350431296e-17,0.00208662380464375,-6.466667929295975e-18
4.343,0.3,0.289854496717453,0.012942874077725718,-3.927886329298263e-17,0.00208645430393517,-6.526468409847785e-18
4.344,0.3,0.28985515236854553,0.012942874077725718,-3.9728776754317574e-17,0.002086285036057234,-6.592059423777116e-18
4.345,0.3,0.28985580801963806,0.012942874077725718,-4.0020801289050845e-17,0.002086115535348654,-6.673482495931032e-18
4.346,0.3,0.2898564636707306,0.012942874077725718,-4.013772492299644e-17,0.0020859462674707174,-6.7102634904727594e-18
4.347,0.3,0.28985708951950073,0.012942874077725718,-4.008356775393137e-17,0.0020857767667621374,-6.747038416982584e-18
4.348,0.3,0.28985774517059326,0.012942874077725718,-3.9842361887310905e-17,0.002085607498884201,-6.7275777694109364e-18
4.349,0.3,0.2898584008216858,0.012942874077725718,-3.943547174399607e-17,0.0020854382310062647,-6.628797364017576e-18
4.3500000000000005,0.3,0.2898590564727783,0.012942874077725718,-3.892025733638374e-17,0.0020852687302976847,-6.472353802653114e-18
4.351,0.3,0.28985971212387085,0.012942874077725718,-3.833006396932716e-17,0.0020850994624197483,-6.2611569187767916e-18
4.352,0.3,0.2898603677749634,0.012942874077725718,-3.769477933271908e-17,0.002084930194541812,-6.0182009231418555e-18
4.353,0.3,0.2898609936237335,0.012942874077725718,-3.70711182380786e-17,0.0020847609266638756,-5.763684386493791e-18
4.354,0.3,0.28986164927482605,0.012942874077725718,-3.648723791345702e-17,0.002084591658785939,-5.46737347109473e-18
4.355,0.3,0.2898623049259186,0.012942874077725718,-3.5980798237782654e-17,0.002084422390908003,-5.148018311599309e-18
4.356,0.3,0.2898629605770111,0.012942874077725718,-3.557097987509938e-17,0.0020842531230300665,-4.792680067134331e-18
4.357,0.3,0.28986358642578125,0.012942874077725718,-3.5277274509361403e-17,0.00208408385515213,-4.421558065915035e-18
4.358,0.3,0.2898642420768738,0.012942874077725718,-3.510863223479654e-17,0.0020839145872741938,-4.066340801694596e-18
4.359,0.3,0.2898648977279663,0.012942874077725718,-3.5055629809866595e-17,0.002083745552226901,-3.695339758090853e-18
4.36,0.3,0.28986552357673645,0.012942874077725718,-3.513306715009136e-17,0.0020835762843489647,-3.360436789688176e-18
4.361,0.3,0.289866179227829,0.012942874077725718,-3.531808760078477e-17,0.0020834070164710283,-3.031390169808002e-18
4.362,0.3,0.2898668348789215,0.012942874077725718,-3.558951864698792e-17,0.0020832379814237356,-2.6996067332011177e-18
4.363,0.3,0.28986746072769165,0.012942874077725718,-3.590604427146501e-17,0.0020830687135457993,-2.3665371185497693e-18
4.364,0.3,0.2898681163787842,0.012942874077725718,-3.6234739377113983e-17,0.0020828996784985065,-2.0782602249543173e-18
4.365,0.3,0.2898687422275543,0.012942874077725718,-3.652903700417055e-17,0.00208273041062057,-1.817475538198328e-18
4.366,0.3,0.28986939787864685,0.012942874077725718,-3.676458495540115e-17,0.0020825613755732775,-1.6273568445459825e-18
4.367,0.3,0.289870023727417,0.012942874077725718,-3.689548794169889e-17,0.002082392107695341,-1.4286777258826933e-18
4.368,0.3,0.2898706793785095,0.012942874077725718,-3.691637259780463e-17,0.0020822230726480484,-1.2819110437524665e-18
4.369,0.3,0.28987133502960205,0.012942874077725718,-3.680651970373514e-17,0.0020820540376007557,-1.16250427036235e-18
4.37,0.3,0.2898719608783722,0.012942874077725718,-3.660845957786544e-17,0.002081885002553463,-1.1684107467808913e-18
4.371,0.3,0.28987258672714233,0.012942874077725718,-3.630741546573289e-17,0.0020817157346755266,-1.2318873653353742e-18
4.372,0.3,0.28987324237823486,0.012942874077725718,-3.592208826662609e-17,0.002081546699628234,-1.3529245175601862e-18
4.373,0.3,0.289873868227005,0.012942874077725718,-3.547031199455168e-17,0.002081377664580941,-1.5286122582775247e-18
4.374,0.3,0.28987452387809753,0.012942874077725718,-3.499331663996175e-17,0.0020812086295336485,-1.805020080495361e-18
4.375,0.3,0.2898751497268677,0.012942874077725718,-3.450600138004961e-17,0.0020810395944863558,-2.1216597827047464e-18
4.376,0.3,0.2898758053779602,0.012942874077725718,-3.4045271705024924e-17,0.002080870559439063,-2.5260534348186436e-18
4.377,0.3,0.28987643122673035,0.012942874077725718,-3.362962999082928e-17,0.002080701757222414,-3.002343457870928e-18
4.378,0.3,0.2898770570755005,0.012942874077725718,-3.328628717089322e-17,0.0020805327221751213,-3.564910602208838e-18
4.3790000000000004,0.3,0.289877712726593,0.012942874077725718,-3.3019044967312036e-17,0.0020803636871278286,-4.131625439595121e-18
4.38,0.3,0.28987833857536316,0.012942874077725718,-3.2853033127095094e-17,0.002080194652080536,-4.662209360051508e-18
4.381,0.3,0.2898789644241333,0.012942874077725718,-3.2801883586737265e-17,0.002080025849863887,-5.1566683730526224e-18
4.382,0.3,0.28987962007522583,0.012942874077725718,-3.2885491694331675e-17,0.002079856814816594,-5.6366521631548114e-18
4.383,0.3,0.28988024592399597,0.012942874077725718,-3.3100624828044466e-17,0.0020796877797693014,-6.107963904608783e-18
4.384,0.3,0.2898808717727661,0.012942874077725718,-3.341269029465867e-17,0.0020795189775526524,-6.531777416820062e-18
4.385,0.3,0.28988152742385864,0.012942874077725718,-3.3750613427221285e-17,0.0020793501753360033,-6.838928161522143e-18
4.386,0.3,0.2898821532726288,0.012942874077725718,-3.4086961607897597e-17,0.0020791811402887106,-7.046728741998817e-18
4.3870000000000005,0.3,0.2898827791213989,0.012942874077725718,-3.438057432940697e-17,0.0020790123380720615,-7.14080301751361e-18
4.388,0.3,0.28988340497016907,0.012942874077725718,-3.459365936392308e-17,0.0020788435358554125,-7.13411251487787e-18
4.389,0.3,0.2898840606212616,0.012942874077725718,-3.4706503343087563e-17,0.0020786745008081198,-7.069852250343053e-18
4.39,0.3,0.28988468647003174,0.012942874077725718,-3.4701235856946826e-17,0.0020785056985914707,-6.949482040800454e-18
4.391,0.3,0.2898853123188019,0.012942874077725718,-3.45549605461454e-17,0.0020783368963748217,-6.773011258902287e-18
4.392,0.3,0.289885938167572,0.012942874077725718,-3.4240244792848573e-17,0.0020781680941581726,-6.524606347147914e-18
4.393,0.3,0.28988656401634216,0.012942874077725718,-3.373930090516401e-17,0.0020779992919415236,-6.221572463521996e-18
4.394,0.3,0.2898872196674347,0.012942874077725718,-3.3024338923232376e-17,0.0020778304897248745,-5.862468529784292e-18
4.3950000000000005,0.3,0.28988784551620483,0.012942874077725718,-3.206555387522216e-17,0.0020776616875082254,-5.4227596820964974e-18
4.396,0.3,0.289888471364975,0.012942874077725718,-3.08704797221525e-17,0.0020774928852915764,-4.91105118663667e-18
4.397,0.3,0.2898890972137451,0.012942874077725718,-2.94743510493957e-17,0.0020773240830749273,-4.35178977809816e-18
4.398,0.3,0.28988972306251526,0.012942874077725718,-2.794127104570217e-17,0.0020771552808582783,-3.789611681838038e-18
4.399,0.3,0.2898903489112854,0.012942874077725718,-2.6320683605006653e-17,0.002076986711472273,-3.187030556172979e-18
4.4,0.3,0.28989097476005554,0.012942874077725718,-2.470713381696274e-17,0.002076817909255624,-2.5988329885831848e-18
4.401,0.3,0.28989163041114807,0.012942874077725718,-2.3160625363205022e-17,0.0020766491070389748,-2.040859454001655e-18
4.402,0.3,0.2898922562599182,0.012942874077725718,-2.1741054391888468e-17,0.0020764805376529694,-1.528947790263221e-18
4.4030000000000005,0.3,0.28989288210868835,0.012942874077725718,-2.0508631379800812e-17,0.0020763117354363203,-1.0803834338261952e-18
4.404,0.3,0.2898935079574585,0.012942874077725718,-1.9515918691786123e-17,0.002076143166050315,-7.024069618611921e-19
4.405,0.3,0.28989413380622864,0.012942874077725718,-1.8796890289963178e-17,0.002075974363833666,-4.1810071149345684e-19
4.406,0.3,0.2898947596549988,0.012942874077725718,-1.8353180683222384e-17,0.0020758057944476604,-2.188573445111927e-19
4.407,0.3,0.2898953855037689,0.012942874077725718,-1.8166658072536576e-17,0.002075637225061655,-1.0756319140711949e-19
4.408,0.3,0.28989601135253906,0.012942874077725718,-1.8209153649325876e-17,0.002075468422845006,-8.420362224264532e-20
4.409,0.3,0.2898966372013092,0.012942874077725718,-1.8448794490227388e-17,0.0020752998534590006,-1.3582157805695272e-19
4.41,0.3,0.28989726305007935,0.012942874077725718,-1.8857894860138964e-17,0.002075131284072995,-2.955407188236898e-19
4.4110000000000005,0.3,0.2898978888988495,0.012942874077725718,-1.9379991410447734e-17,0.00207496271468699,-5.129137670674917e-19
4.412,0.3,0.28989851474761963,0.012942874077725718,-1.9989256253707342e-17,0.0020747941453009844,-8.110253697094031e-19
4.413,0.3,0.28989914059638977,0.012942874077725718,-2.0629302141921273e-17,0.002074625575914979,-1.1869616118320454e-18
4.414,0.3,0.2898997664451599,0.012942874077725718,-2.123512922255511e-17,0.0020744570065289736,-1.5758875837502428e-18
4.415,0.3,0.28990039229393005,0.012942874077725718,-2.1770265448040166e-17,0.002074288437142968,-1.995094364680215e-18
4.416,0.3,0.2899010181427002,0.012942874077725718,-2.2187420902756783e-17,0.0020741198677569628,-2.440226155649722e-18
4.417,0.3,0.28990164399147034,0.012942874077725718,-2.243571736158805e-17,0.0020739512983709574,-2.8464566735008845e-18
4.418,0.3,0.2899022698402405,0.012942874077725718,-2.249484754049579e-17,0.0020737829618155956,-3.238226930616539e-18
4.4190000000000005,0.3,0.2899028956890106,0.012942874077725718,-2.2343443709896536e-17,0.0020736143924295902,-3.556518441460805e-18
4.42,0.3,0.28990352153778076,0.012942874077725718,-2.196046735809061e-17,0.002073445823043585,-3.791191524442457e-18
4.421,0.3,0.2899041473865509,0.012942874077725718,-2.1336387710060177e-17,0.002073277486488223,-3.86014487881067e-18
4.422,0.3,0.28990477323532104,0.012942874077725718,-2.05021793710229e-17,0.0020731089171022177,-3.7892908288182175e-18
4.423,0.3,0.2899053990840912,0.012942874077725718,-1.9504349743738956e-17,0.002072940580546856,-3.59449556156539e-18
4.424,0.3,0.28990599513053894,0.012942874077725718,-1.8388052963486394e-17,0.0020727720111608505,-3.287271753922899e-18
4.425,0.3,0.2899066209793091,0.012942874077725718,-1.7195099701507318e-17,0.0020726036746054888,-2.820109286065572e-18
4.426,0.3,0.2899072468280792,0.012942874077725718,-1.5994758062296918e-17,0.0020724351052194834,-2.240563544000946e-18
4.4270000000000005,0.3,0.28990787267684937,0.012942874077725718,-1.4852433216889763e-17,0.0020722667686641216,-1.5832396490805605e-18
4.428,0.3,0.2899084985256195,0.012942874077725718,-1.3825440509929651e-17,0.00207209843210876,-8.87087871385394e-19
4.429,0.3,0.28990912437438965,0.012942874077725718,-1.2944548578661718e-17,0.002071930095553398,-1.7944961166456137e-19
4.43,0.3,0.2899097502231598,0.012942874077725718,-1.2249350423105813e-17,0.0020717615261673927,5.295211224099239e-19
4.431,0.3,0.28991037607192993,0.012942874077725718,-1.1761629844693522e-17,0.002071593189612031,1.1793530014549824e-18
4.432,0.3,0.2899109721183777,0.012942874077725718,-1.1500717227159596e-17,0.0020714248530566692,1.7498620335506756e-18
4.433,0.3,0.2899115979671478,0.012942874077725718,-1.144657494734555e-17,0.0020712565165013075,2.308784111042498e-18
4.434,0.3,0.28991222381591797,0.012942874077725718,-1.1614755655128607e-17,0.0020710881799459457,2.8488696049342816e-18
4.4350000000000005,0.3,0.2899128496646881,0.012942874077725718,-1.1997274576055791e-17,0.0020709200762212276,3.364320365441033e-18
4.436,0.3,0.28991347551345825,0.012942874077725718,-1.2572710213803818e-17,0.002070751739665866,3.832045921688725e-18
4.437,0.3,0.2899141013622284,0.012942874077725718,-1.3284469352403646e-17,0.002070583403110504,4.270797746767024e-18
4.438,0.3,0.28991472721099854,0.012942874077725718,-1.410201992826533e-17,0.0020704150665551424,4.641643118524715e-18
4.439,0.3,0.2899153232574463,0.012942874077725718,-1.4983079777197613e-17,0.0020702467299997807,4.86682894914784e-18
4.44,0.3,0.28991594910621643,0.012942874077725718,-1.584876730162621e-17,0.0020700786262750626,5.0112015034194925e-18
4.441,0.3,0.2899165749549866,0.012942874077725718,-1.6657933574799057e-17,0.002069910289719701,5.025795048911642e-18
4.442,0.3,0.2899172008037567,0.012942874077725718,-1.7334001524328448e-17,0.0020697421859949827,4.968312308190126e-18
4.4430000000000005,0.3,0.28991782665252686,0.012942874077725718,-1.7849138176963196e-17,0.002069573849439621,4.840215602582636e-18
4.444,0.3,0.2899184226989746,0.012942874077725718,-1.8183100768752905e-17,0.002069405745714903,4.632925464001158e-18
4.445,0.3,0.28991904854774475,0.012942874077725718,-1.833168887654703e-17,0.002069237409159541,4.362298019409414e-18
4.446,0.3,0.2899196743965149,0.012942874077725718,-1.8289454688831298e-17,0.002069069305434823,4.0485378037489855e-18
4.447,0.3,0.28992030024528503,0.012942874077725718,-1.8065212642213073e-17,0.002068901201710105,3.710395663094841e-18
4.448,0.3,0.2899209260940552,0.012942874077725718,-1.7671562351782762e-17,0.002068733097985387,3.385362979515219e-18
4.449,0.3,0.28992152214050293,0.012942874077725718,-1.713952474487233e-17,0.002068564761430025,3.1109249204494296e-18
4.45,0.3,0.28992214798927307,0.012942874077725718,-1.654526992100811e-17,0.002068396657705307,2.8322925232970965e-18
4.4510000000000005,0.3,0.2899227738380432,0.012942874077725718,-1.591584172313691e-17,0.002068228553980589,2.5840531280739097e-18
4.452,0.3,0.28992339968681335,0.012942874077725718,-1.5298316654280347e-17,0.002068060450255871,2.3633009935646105e-18
4.453,0.3,0.2899240255355835,0.012942874077725718,-1.4716244546477807e-17,0.0020678923465311527,2.216110010100863e-18
4.454,0.3,0.28992462158203125,0.012942874077725718,-1.4207700523325106e-17,0.0020677242428064346,2.1222739045337206e-18
4.455,0.3,0.2899252474308014,0.012942874077725718,-1.3805605546021242e-17,0.00206755637191236,2.0313542607701414e-18
4.456,0.3,0.28992587327957153,0.012942874077725718,-1.3515651444361191e-17,0.002067388268187642,1.9548423989469452e-18
4.457,0.3,0.2899264991283417,0.012942874077725718,-1.3348873634897025e-17,0.002067220164462924,1.8379552010326804e-18
4.458,0.3,0.28992709517478943,0.012942874077725718,-1.3267734661431086e-17,0.002067052060738206,1.7138356088881472e-18
4.4590000000000005,0.3,0.28992772102355957,0.012942874077725718,-1.3245225422602293e-17,0.0020668841898441315,1.5954269526988662e-18
4.46,0.3,0.2899283468723297,0.012942874077725718,-1.3238868539594823e-17,0.0020667160861194134,1.5173148853726052e-18
4.461,0.3,0.28992897272109985,0.012942874077725718,-1.3248068442367638e-17,0.0020665479823946953,1.4017283960925625e-18
4.462,0.3,0.2899295687675476,0.012942874077725718,-1.3240560123947494e-17,0.002066380111500621,1.2962025016124398e-18
4.463,0.3,0.28993019461631775,0.012942874077725718,-1.3187870373289091e-17,0.0020662120077759027,1.2353221660698221e-18
4.464,0.3,0.2899308204650879,0.012942874077725718,-1.3076655112750724e-17,0.0020660441368818283,1.2334724627585168e-18
4.465,0.3,0.28993144631385803,0.012942874077725718,-1.2910256979187719e-17,0.002065876265987754,1.2316230304850908e-18
4.466,0.3,0.2899320423603058,0.012942874077725718,-1.2675842265396317e-17,0.0020657081622630358,1.2744018439426696e-18
4.4670000000000005,0.3,0.2899326682090759,0.012942874077725718,-1.237347714582552e-17,0.0020655402913689613,1.3301155883607336e-18
4.468,0.3,0.28993329405784607,0.012942874077725718,-1.1994468779418011e-17,0.002065372420474887,1.3973116774644633e-18
4.469,0.3,0.2899339199066162,0.012942874077725718,-1.152510912906256e-17,0.0020652045495808125,1.4759881795879552e-18
4.47,0.3,0.28993451595306396,0.012942874077725718,-1.095504768375429e-17,0.002065036678686738,1.5546515012240844e-18
4.471,0.3,0.2899351418018341,0.012942874077725718,-1.028865774739177e-17,0.0020648688077926636,1.6189091376286357e-18
4.472,0.3,0.28993576765060425,0.012942874077725718,-9.529070198593513e-18,0.002064700936898589,1.6745652122782989e-18
4.473,0.3,0.2899363934993744,0.012942874077725718,-8.708335804554111e-18,0.0020645330660045147,1.6913857606171198e-18
4.474,0.3,0.28993698954582214,0.012942874077725718,-7.849289713263703e-18,0.0020643651951104403,1.6866706607072486e-18
4.4750000000000005,0.3,0.2899376153945923,0.012942874077725718,-6.977261849439888e-18,0.002064197324216366,1.6848572148780213e-18
4.476,0.3,0.2899382412433624,0.012942874077725718,-6.108598542757632e-18,0.0020640294533222914,1.6615112993291388e-18
4.477,0.3,0.28993886709213257,0.012942874077725718,-5.2727230211957535e-18,0.002063861582428217,1.6266776982494139e-18
4.478,0.3,0.2899394631385803,0.012942874077725718,-4.479257049639468e-18,0.002063693944364786,1.5947508281349065e-18
4.479,0.3,0.28994008898735046,0.012942874077725718,-3.73149818360072e-18,0.0020635260734707117,1.5859245046400644e-18
4.48,0.3,0.2899407148361206,0.012942874077725718,-3.0628839585710446e-18,0.002063358435407281,1.5641576832700713e-18
4.481,0.3,0.28994134068489075,0.012942874077725718,-2.4787488623207977e-18,0.0020631905645132065,1.5423945483020555e-18
4.482,0.3,0.2899419367313385,0.012942874077725718,-1.978927045137162e-18,0.0020630229264497757,1.5206350983031378e-18
4.483,0.3,0.28994256258010864,0.012942874077725718,-1.563251933524285e-18,0.0020628550555557013,1.4988793339384146e-18
4.484,0.3,0.2899431884288788,0.012942874077725718,-1.2361510117108563e-18,0.0020626874174922705,1.4612843242413823e-18
4.485,0.3,0.2899438142776489,0.012942874077725718,-1.00289217942792e-18,0.002062519546598196,1.3891088340226764e-18
4.486,0.3,0.28994444012641907,0.012942874077725718,-8.50740370759763e-19,0.0020623519085347652,1.2938501207798717e-18
4.487,0.3,0.2899450361728668,0.012942874077725718,-7.551941340710465e-19,0.0020621842704713345,1.1798634322909537e-18
4.488,0.3,0.28994566202163696,0.012942874077725718,-6.994099524398711e-19,0.0020620166324079037,1.0730358165032198e-18
4.489,0.3,0.2899462878704071,0.012942874077725718,-6.547548138663491e-19,0.002061848994344473,9.762670094253121e-19
4.49,0.3,0.28994691371917725,0.012942874077725718,-6.114945086007445e-19,0.002061681356281042,8.593199324664079e-19
4.491,0.3,0.289947509765625,0.012942874077725718,-5.499269386205398e-19,0.0020615137182176113,7.423923337136983e-19
4.492,0.3,0.28994813561439514,0.012942874077725718,-4.579896909443922e-19,0.0020613460801541805,6.672110266984403e-19
4.493,0.3,0.2899487614631653,0.012942874077725718,-3.314488416069488e-19,0.0020611784420907497,5.847897332966914e-19
4.494,0.3,0.2899493873119354,0.012942874077725718,-1.4728511738359545e-19,0.002061010804027319,4.95129626513413e-19
4.495,0.3,0.2899499833583832,0.012942874077725718,1.2834498195220978e-19,0.002060843165963888,4.357197612779249e-19
4.496,0.3,0.2899506092071533,0.012942874077725718,4.911282523432798e-19,0.0020606755279004574,3.7631973260901256e-19
4.497,0.3,0.28995123505592346,0.012942874077725718,9.400513716898431e-19,0.0020605081226676702,3.140285144658676e-19
4.498,0.3,0.2899518609046936,0.012942874077725718,1.4996423648044165e-18,0.0020603404846042395,3.021774303555488e-19
4.499,0.3,0.28995248675346375,0.012942874077725718,2.1504441859209513e-18,0.0020601728465408087,3.0617118832790713e-19
4.5,0.3,0.2899530827999115,0.012942874077725718,2.885620807662156e-18,0.0020600054413080215,3.030244159615267e-19
4.501,0.3,0.28995370864868164,0.012942874077725718,3.6889699331772245e-18,0.0020598378032445908,3.3301451177791742e-19
4.502,0.3,0.2899543344974518,0.012942874077725718,4.539063862288277e-18,0.0020596703980118036,3.385663477507363e-19
4.503,0.3,0.2899549603462219,0.012942874077725718,5.411021829350332e-18,0.002059502759948373,3.1388190348942026e-19
4.5040000000000004,0.3,0.28995558619499207,0.012942874077725718,6.306444015258372e-18,0.0020593353547155857,2.806112992938536e-19
4.505,0.3,0.2899561822414398,0.012942874077725718,7.211794850058886e-18,0.0020591679494827986,2.718924020871888e-19
4.506,0.3,0.28995680809020996,0.012942874077725718,8.093922589161973e-18,0.0020590005442500114,2.6897714498755333e-19
4.507,0.3,0.2899574339389801,0.012942874077725718,8.924794908788825e-18,0.0020588329061865807,2.387281805190446e-19
4.508,0.3,0.28995805978775024,0.012942874077725718,9.68896007509695e-18,0.0020586655009537935,1.7534788733261196e-19
4.509,0.3,0.2899586856365204,0.012942874077725718,1.0405353079488301e-17,0.0020584980957210064,1.2782112728818525e-19
4.51,0.3,0.28995928168296814,0.012942874077725718,1.1059033385738944e-17,0.0020583306904882193,4.426479444053325e-20
4.511,0.3,0.2899599075317383,0.012942874077725718,1.1673990058793529e-17,0.002058163285255432,-4.0728143818686944e-20
4.5120000000000005,0.3,0.2899605333805084,0.012942874077725718,1.2235697807095626e-17,0.002057995880022645,-1.934303072277065e-19
4.513,0.3,0.28996115922927856,0.012942874077725718,1.279483550523452e-17,0.0020578287076205015,-2.8708698101094097e-19
4.514,0.3,0.2899617850780487,0.012942874077725718,1.3352770482762762e-17,0.0020576613023877144,-3.648851101604191e-19
4.515,0.3,0.28996241092681885,0.012942874077725718,1.3900328479506527e-17,0.0020574938971549273,-4.585132006683791e-19
4.516,0.3,0.2899630069732666,0.012942874077725718,1.4454633788506886e-17,0.00205732649192214,-5.089486212752246e-19
4.517,0.3,0.28996363282203674,0.012942874077725718,1.5017028923898015e-17,0.0020571593195199966,-5.593756429805065e-19
4.518,0.3,0.2899642586708069,0.012942874077725718,1.558750395951256e-17,0.0020569919142872095,-6.097942673579572e-19
4.519,0.3,0.289964884519577,0.012942874077725718,1.6166035734293373e-17,0.0020568245090544224,-6.602044957523453e-19
4.5200000000000005,0.3,0.28996551036834717,0.012942874077725718,1.6752612667711877e-17,0.002056657336652279,-7.106063295052818e-19
4.521,0.3,0.2899661362171173,0.012942874077725718,1.735180906855549e-17,0.0020564899314194918,-7.451568385772627e-19
4.522,0.3,0.28996676206588745,0.012942874077725718,1.795442337969017e-17,0.0020563227590173483,-7.955445275829687e-19
4.523,0.3,0.2899673581123352,0.012942874077725718,1.8560437403142445e-17,0.002056155586615205,-8.617667569220314e-19
4.524,0.3,0.28996798396110535,0.012942874077725718,1.917443206514463e-17,0.0020559881813824177,-9.279779563038643e-19
4.525,0.3,0.2899686098098755,0.012942874077725718,1.9800986637567822e-17,0.002055821008980274,-9.783351963950976e-19
4.526,0.3,0.28996923565864563,0.012942874077725718,2.0440082922438543e-17,0.0020556538365781307,-1.0128411195076017e-18
4.527,0.3,0.28996986150741577,0.012942874077725718,2.1087108560661196e-17,0.0020554866641759872,-1.0473412988515954e-18
4.5280000000000005,0.3,0.2899704873561859,0.012942874077725718,2.1737454501862638e-17,0.0020553194917738438,-1.0976786666732806e-18
4.529,0.3,0.28997111320495605,0.012942874077725718,2.239110916551429e-17,0.0020551523193717003,-1.163850583369344e-18
4.53,0.3,0.2899717390537262,0.012942874077725718,2.3048052699281456e-17,0.002054985146969557,-1.2458544097829523e-18
4.531,0.3,0.28997236490249634,0.012942874077725718,2.3708273522635555e-17,0.0020548179745674133,-1.3436875072061132e-18
4.532,0.3,0.2899729907512665,0.012942874077725718,2.4380943414208578e-17,0.00205465080216527,-1.4256613747612489e-18
4.533,0.3,0.2899736166000366,0.012942874077725718,2.5061448360543702e-17,0.0020544836297631264,-1.5076215869782882e-18
4.534,0.3,0.28997424244880676,0.012942874077725718,2.5749780089834804e-17,0.002054316457360983,-1.589568146139251e-18
4.535,0.3,0.2899748384952545,0.012942874077725718,2.6445917095385956e-17,0.002054149517789483,-1.6715010545379505e-18
4.5360000000000005,0.3,0.28997546434402466,0.012942874077725718,2.7154440303429477e-17,0.0020539823453873396,-1.7375773834161856e-18
4.537,0.3,0.2899760901927948,0.012942874077725718,2.786614319374765e-17,0.002053815172985196,-1.8194856383621595e-18
4.538,0.3,0.28997671604156494,0.012942874077725718,2.859020747113982e-17,0.0020536482334136963,-1.8855373181618917e-18
4.539,0.3,0.2899773418903351,0.012942874077725718,2.9326603357103927e-17,0.002053481061011553,-1.9357350656053675e-18
4.54,0.3,0.2899779677391052,0.012942874077725718,3.007072510998928e-17,0.002053314121440053,-1.9859244542876883e-18
4.541,0.3,0.28997859358787537,0.012942874077725718,3.081797029686763e-17,0.0020531469490379095,-2.0519484168301556e-18
4.542,0.3,0.2899792194366455,0.012942874077725718,3.1568315756681835e-17,0.0020529800094664097,-2.133804314080956e-18
4.543,0.3,0.28997984528541565,0.012942874077725718,3.232634407002543e-17,0.00205281306989491,-2.2156465760898556e-18
4.5440000000000005,0.3,0.2899804711341858,0.012942874077725718,3.3092038693286166e-17,0.00205264613032341,-2.2974752050990226e-18
4.545,0.3,0.28998109698295593,0.012942874077725718,3.3869982207057587e-17,0.0020524789579212666,-2.3634472721306254e-18
4.546,0.3,0.2899817228317261,0.012942874077725718,3.4661001791952246e-17,0.0020523120183497667,-2.410664042726448e-18
4.547,0.3,0.2899823486804962,0.012942874077725718,3.54558297163871e-17,0.002052145078778267,-2.4391286276739924e-18
4.548,0.3,0.28998297452926636,0.012942874077725718,3.623981495735261e-17,0.002051978139206767,-2.467588460806077e-18
4.549,0.3,0.2899836003780365,0.012942874077725718,3.701296744101612e-17,0.0020518111996352673,-2.4960435429171078e-18
4.55,0.3,0.28998425602912903,0.012942874077725718,3.778993488166473e-17,0.0020516442600637674,-2.4740636738079902e-18
4.551,0.3,0.28998488187789917,0.012942874077725718,3.85569033630688e-17,0.0020514773204922676,-2.417500176099568e-18
4.5520000000000005,0.3,0.2899855077266693,0.012942874077725718,3.930257359806085e-17,0.002051310380920768,-2.3336123546579377e-18
4.553,0.3,0.28998613357543945,0.012942874077725718,4.00458714790561e-17,0.0020511436741799116,-2.2051111393199348e-18
4.554,0.3,0.2899867594242096,0.012942874077725718,4.079104871440307e-17,0.002050976734608412,-2.049297629652553e-18
4.555,0.3,0.28998738527297974,0.012942874077725718,4.1544031226010093e-17,0.002050809795036912,-1.893510096444788e-18
4.556,0.3,0.2899880111217499,0.012942874077725718,4.2304822322599615e-17,0.002050643088296056,-1.737748535498268e-18
4.557,0.3,0.28998863697052,0.012942874077725718,4.306879971890869e-17,0.002050476148724556,-1.5978558737625734e-18
4.558,0.3,0.28998926281929016,0.012942874077725718,4.3840545995530865e-17,0.0020503094419837,-1.4579865353945359e-18
4.559,0.3,0.2899898886680603,0.012942874077725718,4.4620044608853886e-17,0.0020501425024122,-1.3181405166368329e-18
4.5600000000000005,0.3,0.28999051451683044,0.012942874077725718,4.5407288941432854e-17,0.002049975795671344,-1.1783178137203776e-18
4.561,0.3,0.2899911403656006,0.012942874077725718,4.6202249214765716e-17,0.002049808856099844,-1.0385184228596678e-18
4.562,0.3,0.2899917960166931,0.012942874077725718,4.7009508009446016e-17,0.002049642149358988,-8.828994091448646e-19
4.563,0.3,0.28999242186546326,0.012942874077725718,4.782446620126796e-17,0.0020494754426181316,-7.273063401422137e-19
4.564,0.3,0.2899930477142334,0.012942874077725718,4.8647094011729496e-17,0.0020493087358772755,-5.717392113431832e-19
4.565,0.3,0.28999367356300354,0.012942874077725718,4.947278900790238e-17,0.0020491420291364193,-4.3204094955709937e-19
4.566,0.3,0.2899942994117737,0.012942874077725718,5.0310719659696145e-17,0.0020489750895649195,-2.7652304783819697e-19
4.567,0.3,0.2899949252605438,0.012942874077725718,5.115628353418255e-17,0.0020488083828240633,-1.2103107393515895e-19
4.5680000000000005,0.3,0.28999558091163635,0.012942874077725718,5.2009460779026896e-17,0.002048641676083207,3.4434976435680924e-20
4.569,0.3,0.2899962067604065,0.012942874077725718,5.286564565257848e-17,0.002048474969342351,1.7403217673298304e-19
4.57,0.3,0.28999683260917664,0.012942874077725718,5.372481499378016e-17,0.0020483084954321384,2.9776317198780264e-19
4.571,0.3,0.2899974584579468,0.012942874077725718,5.4591551383225475e-17,0.0020481417886912823,4.214735375799474e-19
4.572,0.3,0.2899981141090393,0.012942874077725718,5.5452907789966743e-17,0.002047975081950426,5.005360630492192e-19
4.573,0.3,0.28999873995780945,0.012942874077725718,5.629962640858827e-17,0.00204780837520957,5.349582053784308e-19
4.574,0.3,0.2899993658065796,0.012942874077725718,5.711830360444426e-17,0.0020476419012993574,5.10355286184608e-19
4.575,0.3,0.28999999165534973,0.012942874077725718,5.789969811573125e-17,0.0020474751945585012,4.42580097388953e-19
4.5760000000000005,0.3,0.2900006175041199,0.012942874077725718,5.863876744943513e-17,0.002047308487817645,3.618749153128881e-19
4.577,0.3,0.2900012731552124,0.012942874077725718,5.93309786557991e-17,0.0020471420139074326,2.8408484259754926e-19
4.578,0.3,0.29000189900398254,0.012942874077725718,5.995838522425322e-17,0.0020469753071665764,1.789743599566612e-19
4.579,0.3,0.2900025248527527,0.012942874077725718,6.050725595662911e-17,0.002046808833256364,4.654804404217625e-20
4.58,0.3,0.2900031805038452,0.012942874077725718,6.097640633028959e-17,0.0020466423593461514,-7.001319717033667e-20
4.581,0.3,0.29000380635261536,0.012942874077725718,6.135680353294557e-17,0.002046475652605295,-2.0239787031971854e-19
4.582,0.3,0.2900044322013855,0.012942874077725718,6.165195481039429e-17,0.0020463091786950827,-3.3911289455156896e-19
4.583,0.3,0.290005087852478,0.012942874077725718,6.18658504819107e-17,0.00204614270478487,-5.147450988292396e-19
4.5840000000000005,0.3,0.29000571370124817,0.012942874077725718,6.203089617517219e-17,0.0020459762308746576,-6.97602175741872e-19
4.585,0.3,0.2900063395500183,0.012942874077725718,6.216695745976981e-17,0.002045809756964445,-8.991733691826093e-19
4.586,0.3,0.29000699520111084,0.012942874077725718,6.228749421863103e-17,0.0020456432830542326,-1.1050634904175357e-18
4.587,0.3,0.290007621049881,0.012942874077725718,6.240595971723843e-17,0.00204547680914402,-1.316722693667883e-18
4.588,0.3,0.2900082468986511,0.012942874077725718,6.254250407531378e-17,0.0020453103352338076,-1.5283466363599878e-18
4.589,0.3,0.29000890254974365,0.012942874077725718,6.27096408811638e-17,0.002045143861323595,-1.6967591048853523e-18
4.59,0.3,0.2900095283985138,0.012942874077725718,6.290821716773573e-17,0.0020449773874133825,-1.866594395247533e-18
4.591,0.3,0.29001015424728394,0.012942874077725718,6.314740471366156e-17,0.00204481091350317,-2.0220093475152093e-18
4.5920000000000005,0.3,0.29001080989837646,0.012942874077725718,6.345972164318198e-17,0.002044644672423601,-2.0664979187755974e-18
4.593,0.3,0.2900114357471466,0.012942874077725718,6.382168264434539e-17,0.0020444781985133886,-2.0807441254507984e-18
4.594,0.3,0.29001209139823914,0.012942874077725718,6.423911106866415e-17,0.0020443119574338198,-2.060400380512494e-18
4.595,0.3,0.2900127172470093,0.012942874077725718,6.470266308393886e-17,0.0020441454835236073,-2.005472432174208e-18
4.596,0.3,0.2900133728981018,0.012942874077725718,6.520804396842916e-17,0.0020439790096133947,-1.898672210293143e-18
4.597,0.3,0.29001399874687195,0.012942874077725718,6.574593635971524e-17,0.002043812768533826,-1.7241654048863114e-18
4.598,0.3,0.2900146543979645,0.012942874077725718,6.628282289937646e-17,0.002043646527454257,-1.5496876841007304e-18
4.599,0.3,0.2900152802467346,0.012942874077725718,6.682999294841294e-17,0.0020434800535440445,-1.3362986868306205e-18
4.6000000000000005,0.3,0.29001593589782715,0.012942874077725718,6.735559012707403e-17,0.0020433138124644756,-1.1142398166624068e-18
4.601,0.3,0.2900165617465973,0.012942874077725718,6.782693087499655e-17,0.0020431475713849068,-9.008063079056552e-19
4.602,0.3,0.2900172173976898,0.012942874077725718,6.821559326633316e-17,0.002042981330305338,-7.147414352706614e-19
4.603,0.3,0.29001784324645996,0.012942874077725718,6.852290740750887e-17,0.0020428148563951254,-5.041590748127835e-19
4.604,0.3,0.2900184988975525,0.012942874077725718,6.870172400360813e-17,0.0020426486153155565,-3.3678774412784776e-19
4.605,0.3,0.29001912474632263,0.012942874077725718,6.875091808899788e-17,0.0020424823742359877,-1.6944419352006423e-19
4.606,0.3,0.29001978039741516,0.012942874077725718,6.868326133233595e-17,0.002042316133156419,4.104759240646549e-20
4.607,0.3,0.2900204062461853,0.012942874077725718,6.851372901143198e-17,0.0020421501249074936,2.975822613329248e-19
4.6080000000000005,0.3,0.29002106189727783,0.012942874077725718,6.824503427869515e-17,0.0020419838838279247,5.928974523074166e-19
4.609,0.3,0.290021687746048,0.012942874077725718,6.790554612041359e-17,0.002041817642748356,9.2843759170949e-19
4.61,0.3,0.2900223433971405,0.012942874077725718,6.750974350602942e-17,0.002041651401668787,1.2739610159306478e-18
4.611,0.3,0.29002299904823303,0.012942874077725718,6.70665864559378e-17,0.002041485160589218,1.596329216686661e-18
4.612,0.3,0.2900236248970032,0.012942874077725718,6.6606363015448e-17,0.002041319152340293,1.9199771068961795e-18
4.613,0.3,0.2900242805480957,0.012942874077725718,6.616274274421336e-17,0.002041152911260724,2.201728467851369e-18
4.614,0.3,0.29002490639686584,0.012942874077725718,6.577846110140083e-17,0.002040986903011799,2.4776289682853606e-18
4.615,0.3,0.2900255620479584,0.012942874077725718,6.546811617046073e-17,0.00204082066193223,2.7347385494984544e-18
4.616,0.3,0.2900262176990509,0.012942874077725718,6.523788864493007e-17,0.002040654653683305,2.963021275366379e-18
4.617,0.3,0.29002684354782104,0.012942874077725718,6.507793838424192e-17,0.002040488412603736,3.1610309947889584e-18
4.618,0.3,0.2900274991989136,0.012942874077725718,6.497013358936911e-17,0.0020403224043548107,3.2826949479417704e-18
4.619,0.3,0.2900281548500061,0.012942874077725718,6.490507748855304e-17,0.0020401563961058855,3.3280258759825114e-18
4.62,0.3,0.29002881050109863,0.012942874077725718,6.486799332733106e-17,0.0020399903878569603,3.278291614441218e-18
4.621,0.3,0.2900294363498688,0.012942874077725718,6.485960902464222e-17,0.0020398241467773914,3.1364099910069913e-18
4.622,0.3,0.2900300920009613,0.012942874077725718,6.486598824152623e-17,0.0020396581385284662,2.8865534492056393e-18
4.623,0.3,0.29003074765205383,0.012942874077725718,6.48732211088024e-17,0.002039492130279541,2.5128970707643833e-18
4.624,0.3,0.290031373500824,0.012942874077725718,6.488159217660143e-17,0.002039326122030616,2.0485983712934156e-18
4.625,0.3,0.2900320291519165,0.012942874077725718,6.48997835326327e-17,0.0020391601137816906,1.57143612823806e-18
4.626,0.3,0.29003268480300903,0.012942874077725718,6.493354573651466e-17,0.002038994338363409,1.1332943309970581e-18
4.627,0.3,0.29003334045410156,0.012942874077725718,6.495980375787955e-17,0.002038828330114484,7.341665185358218e-19
4.628,0.3,0.2900339961051941,0.012942874077725718,6.493752282089982e-17,0.0020386623218655586,3.1212552846842307e-19
4.6290000000000004,0.3,0.29003462195396423,0.012942874077725718,6.48653992889301e-17,0.0020384963136166334,-4.212026134850424e-20
4.63,0.3,0.29003527760505676,0.012942874077725718,6.471550092704569e-17,0.002038330538198352,-3.775619442706774e-19
4.631,0.3,0.2900359332561493,0.012942874077725718,6.448835713083862e-17,0.0020381645299494267,-6.6106574073634e-19
4.632,0.3,0.2900365889072418,0.012942874077725718,6.416069434659412e-17,0.0020379985217005014,-9.25777180655446e-19
4.633,0.3,0.29003724455833435,0.012942874077725718,6.372348637946799e-17,0.00203783274628222,-1.1716993795069677e-18
4.634,0.3,0.2900379002094269,0.012942874077725718,6.316813055108969e-17,0.0020376667380332947,-1.3973844060192065e-18
4.635,0.3,0.290038526058197,0.012942874077725718,6.247933394629433e-17,0.002037500962615013,-1.6086398103172176e-18
4.636,0.3,0.29003918170928955,0.012942874077725718,6.165155114625537e-17,0.0020373351871967316,-1.841507029000271e-18
4.6370000000000005,0.3,0.2900398373603821,0.012942874077725718,6.072103251413731e-17,0.0020371691789478064,-2.035512889442146e-18
4.638,0.3,0.2900404930114746,0.012942874077725718,5.97052745742569e-17,0.002037003403529525,-2.2267029749050026e-18
4.639,0.3,0.29004114866256714,0.012942874077725718,5.867400534352989e-17,0.0020368376281112432,-2.3185691831432676e-18
4.64,0.3,0.29004180431365967,0.012942874077725718,5.765838636999238e-17,0.0020366718526929617,-2.3313242871097825e-18
4.641,0.3,0.2900424599647522,0.012942874077725718,5.670675147119707e-17,0.00203650607727468,-2.2735691137764798e-18
4.642,0.3,0.2900431156158447,0.012942874077725718,5.584295653601e-17,0.0020363403018563986,-2.1582562347077747e-18
4.643,0.3,0.29004377126693726,0.012942874077725718,5.5072805063608826e-17,0.002036174526438117,-2.02857081182858e-18
4.644,0.3,0.2900444269180298,0.012942874077725718,5.44086816021247e-17,0.0020360087510198355,-1.857182657648535e-18
4.6450000000000005,0.3,0.2900450825691223,0.012942874077725718,5.386928705084622e-17,0.002035842975601554,-1.6426476626080137e-18
4.646,0.3,0.29004573822021484,0.012942874077725718,5.3460325647277556e-17,0.0020356772001832724,-1.4123056090222428e-18
4.647,0.3,0.2900463938713074,0.012942874077725718,5.31965973069385e-17,0.002035511424764991,-1.1142770317382134e-18
4.648,0.3,0.2900470495223999,0.012942874077725718,5.3059391204373103e-17,0.002035345882177353,-7.644161168775795e-19
4.649,0.3,0.29004770517349243,0.012942874077725718,5.303004614496217e-17,0.0020351801067590714,-3.785744081841211e-19
4.65,0.3,0.29004836082458496,0.012942874077725718,5.3079882122507267e-17,0.00203501433134079,-7.18889971197651e-21
4.651,0.3,0.2900490164756775,0.012942874077725718,5.3192014726344955e-17,0.002034848788753152,3.080185152125435e-19
4.652,0.3,0.29004967212677,0.012942874077725718,5.334694896379859e-17,0.0020346830133348703,5.799979246143023e-19
4.6530000000000005,0.3,0.29005032777786255,0.012942874077725718,5.352697986103708e-17,0.0020345174707472324,7.958158866669146e-19
4.654,0.3,0.2900509834289551,0.012942874077725718,5.3713515706612687e-17,0.0020343519281595945,9.713247362492206e-19
4.655,0.3,0.2900516390800476,0.012942874077725718,5.3886780266440494e-17,0.002034186152741313,1.1180207532861359e-18
4.656,0.3,0.29005229473114014,0.012942874077725718,5.403378349618097e-17,0.002034020610153675,1.2229681120413462e-18
4.657,0.3,0.29005298018455505,0.012942874077725718,5.413942769529379e-17,0.002033855067566037,1.2976632969889334e-18
4.658,0.3,0.2900536358356476,0.012942874077725718,5.4190788993888433e-17,0.0020336895249783993,1.3133277999704205e-18
4.659,0.3,0.2900542914867401,0.012942874077725718,5.41878938617445e-17,0.0020335239823907614,1.3175002759058986e-18
4.66,0.3,0.29005494713783264,0.012942874077725718,5.410404421741122e-17,0.0020333584398031235,1.2655561952266728e-18
4.6610000000000005,0.3,0.29005560278892517,0.012942874077725718,5.391542056796953e-17,0.0020331928972154856,1.1546026267287614e-18
4.662,0.3,0.2900562584400177,0.012942874077725718,5.3612109980958586e-17,0.0020330273546278477,9.975900257619732e-19
4.663,0.3,0.2900569438934326,0.012942874077725718,5.3179243057687136e-17,0.0020328618120402098,7.584866986242029e-19
4.664,0.3,0.29005759954452515,0.012942874077725718,5.2635457831717226e-17,0.002032696269452572,4.689921686584257e-19
4.665,0.3,0.2900582551956177,0.012942874077725718,5.199519687654403e-17,0.002032530726864934,1.4640892792303885e-19
4.666,0.3,0.2900589108467102,0.012942874077725718,5.12724527794095e-17,0.002032365184277296,-1.775716558561414e-19
4.667,0.3,0.2900595963001251,0.012942874077725718,5.0477002815154005e-17,0.002032199874520302,-4.856552366373083e-19
4.668,0.3,0.29006025195121765,0.012942874077725718,4.9599413816071996e-17,0.002032034331932664,-8.109815205653013e-19
4.6690000000000005,0.3,0.2900609076023102,0.012942874077725718,4.864902299691797e-17,0.0020318690221756697,-1.137704713048693e-18
4.67,0.3,0.2900615632534027,0.012942874077725718,4.7615986908402545e-17,0.0020317034795880318,-1.5162557874390676e-18
4.671,0.3,0.2900622487068176,0.012942874077725718,4.6529342898748784e-17,0.0020315381698310375,-1.8947437156623988e-18
4.672,0.3,0.29006290435791016,0.012942874077725718,4.538918361218529e-17,0.0020313726272433996,-2.273168508703869e-18
4.673,0.3,0.2900635600090027,0.012942874077725718,4.420815498591678e-17,0.0020312073174864054,-2.6083550382533413e-18
4.674,0.3,0.2900642454624176,0.012942874077725718,4.3000203285070894e-17,0.002031042007729411,-2.90031053675875e-18
4.675,0.3,0.29006490111351013,0.012942874077725718,4.1779264848607923e-17,0.002030876697972417,-3.1490422365411838e-18
4.676,0.3,0.29006555676460266,0.012942874077725718,4.05504748137706e-17,0.002030711155384779,-3.3847919983658727e-18
4.6770000000000005,0.3,0.2900662422180176,0.012942874077725718,3.9327266593706784e-17,0.0020305458456277847,-3.59317030857779e-18
4.678,0.3,0.2900668978691101,0.012942874077725718,3.8115566110324807e-17,0.0020303805358707905,-3.801513897864101e-18
4.679,0.3,0.290067583322525,0.012942874077725718,3.691868870351978e-17,0.0020302152261137962,-3.998333573861968e-18
4.68,0.3,0.29006823897361755,0.012942874077725718,3.575506064861693e-17,0.002030049916356802,-4.167788353660409e-18
4.681,0.3,0.2900688946247101,0.012942874077725718,3.4630554927965395e-17,0.0020298846065998077,-4.3372149262756674e-18
4.682,0.3,0.290069580078125,0.012942874077725718,3.354467523319763e-17,0.002029719529673457,-4.508064554629629e-18
4.683,0.3,0.29007023572921753,0.012942874077725718,3.251490816246302e-17,0.002029554219916463,-4.6357107437838066e-18
4.684,0.3,0.29007092118263245,0.012942874077725718,3.1550852319589616e-17,0.0020293889101594687,-4.7345523850000455e-18
4.6850000000000005,0.3,0.290071576833725,0.012942874077725718,3.0662466959152564e-17,0.0020292236004024744,-4.801691755034867e-18
4.686,0.3,0.2900722622871399,0.012942874077725718,2.9860071986474075e-17,0.002029058523476124,-4.801094451002482e-18
4.687,0.3,0.2900729179382324,0.012942874077725718,2.9120059666871886e-17,0.0020288932137191296,-4.765908875752435e-18
4.688,0.3,0.29007360339164734,0.012942874077725718,2.841847815852891e-17,0.002028728136792779,-4.746572135285143e-18
4.689,0.3,0.29007425904273987,0.012942874077725718,2.777487208495855e-17,0.0020285628270357847,-4.675356001107657e-18
4.69,0.3,0.2900749444961548,0.012942874077725718,2.7175726969312916e-17,0.002028397750109434,-4.550817799771784e-18
4.691,0.3,0.2900756001472473,0.012942874077725718,2.6607528334744116e-17,0.00202823244035244,-4.355672154650503e-18
4.692,0.3,0.29007628560066223,0.012942874077725718,2.6025024438661824e-17,0.0020280673634260893,-4.166242834787097e-18
4.6930000000000005,0.3,0.29007697105407715,0.012942874077725718,2.540717180628269e-17,0.0020279022864997387,-3.94370787471784e-18
4.694,0.3,0.2900776267051697,0.012942874077725718,2.4739823994770834e-17,0.002027737209573388,-3.7212099556482774e-18
4.695,0.3,0.2900783121585846,0.012942874077725718,2.4035610397718714e-17,0.0020275721326470375,-3.455574227882752e-18
4.696,0.3,0.2900789678096771,0.012942874077725718,2.3310159765619908e-17,0.0020274068228900433,-3.1410026271064756e-18
4.697,0.3,0.29007965326309204,0.012942874077725718,2.2563941937062346e-17,0.0020272417459636927,-2.7602090453867998e-18
4.698,0.3,0.29008033871650696,0.012942874077725718,2.1768569727784432e-17,0.0020270769018679857,-2.379478880016877e-18
4.699,0.3,0.2900809943675995,0.012942874077725718,2.0932068444089157e-17,0.002026911824941635,-1.9714802621674236e-18
4.7,0.3,0.2900816798210144,0.012942874077725718,2.0068390968549065e-17,0.0020267467480152845,-1.5362177632548078e-18
4.7010000000000005,0.3,0.2900823652744293,0.012942874077725718,1.9187283143141255e-17,0.002026581671088934,-1.0880875416294006e-18
4.702,0.3,0.29008302092552185,0.012942874077725718,1.830679570319286e-17,0.0020264165941625834,-5.968572474062801e-19
4.703,0.3,0.29008370637893677,0.012942874077725718,1.743494733756197e-17,0.0020262517500668764,-8.273107644643078e-20
4.704,0.3,0.2900843918323517,0.012942874077725718,1.659526637159204e-17,0.002026086673140526,4.398955264620324e-19
4.705,0.3,0.2900850772857666,0.012942874077725718,1.57932436301892e-17,0.0020259215962141752,9.10552101455894e-19
4.706,0.3,0.29008573293685913,0.012942874077725718,1.5048913427789484e-17,0.0020257567521184683,1.3508956756157274e-18
4.707,0.3,0.29008641839027405,0.012942874077725718,1.4357531056399286e-17,0.0020255916751921177,1.7609313094049133e-18
4.708,0.3,0.29008710384368896,0.012942874077725718,1.3714772015776181e-17,0.0020254268310964108,2.1421154370439976e-18
4.7090000000000005,0.3,0.2900877892971039,0.012942874077725718,1.3102947048520722e-17,0.002025261987000704,2.465669784040571e-18
4.71,0.3,0.2900884449481964,0.012942874077725718,1.2495556596529159e-17,0.0020250969100743532,2.7042722824474025e-18
4.711,0.3,0.29008913040161133,0.012942874077725718,1.1864397109635885e-17,0.0020249320659786463,2.8723286963881643e-18
4.712,0.3,0.29008981585502625,0.012942874077725718,1.1173420056745839e-17,0.0020247672218829393,2.9410677647748486e-18
4.713,0.3,0.29009050130844116,0.012942874077725718,1.0405775768781316e-17,0.0020246023777872324,2.9795609825833823e-18
4.714,0.3,0.2900911867618561,0.012942874077725718,9.544876792918789e-18,0.0020244375336915255,2.9460902167198587e-18
4.715,0.3,0.290091872215271,0.012942874077725718,8.578200441864819e-18,0.0020242726895958185,2.8765850450080685e-18
4.716,0.3,0.2900925278663635,0.012942874077725718,7.525226819045029e-18,0.0020241078455001116,2.789797197197458e-18
4.7170000000000005,0.3,0.29009321331977844,0.012942874077725718,6.385721005165454e-18,0.0020239430014044046,2.668435200968217e-18
4.718,0.3,0.29009389877319336,0.012942874077725718,5.167387360451413e-18,0.0020237781573086977,2.5066991217748687e-18
4.719,0.3,0.2900945842266083,0.012942874077725718,3.926489469397845e-18,0.0020236133132129908,2.4025560614241857e-18
4.72,0.3,0.2900952696800232,0.012942874077725718,2.657752608033651e-18,0.002023448469117284,2.2738788762424324e-18
4.721,0.3,0.2900959551334381,0.012942874077725718,1.3826494544825197e-18,0.0020232838578522205,2.099022935611685e-18
4.722,0.3,0.290096640586853,0.012942874077725718,1.6366582675277134e-19,0.0020231190137565136,1.934233264590386e-18
4.723,0.3,0.29009732604026794,0.012942874077725718,-9.94197270419069e-19,0.0020229541696608067,1.7334308027171528e-18
4.724,0.3,0.29009801149368286,0.012942874077725718,-2.071364685385116e-18,0.0020227895583957434,1.5168187971201215e-18
4.7250000000000005,0.3,0.2900986969470978,0.012942874077725718,-3.0533738630685224e-18,0.0020226247143000364,1.3348315760236314e-18
4.726,0.3,0.2900993824005127,0.012942874077725718,-3.944192788867705e-18,0.002022460103034973,1.2062092290241245e-18
4.727,0.3,0.2901000678539276,0.012942874077725718,-4.772480169080328e-18,0.00202229549176991,1.0963541165610186e-18
4.728,0.3,0.29010075330734253,0.012942874077725718,-5.538394408793697e-18,0.002022130647674203,1.0369489882948609e-18
4.729,0.3,0.29010143876075745,0.012942874077725718,-6.250005482063879e-18,0.0020219660364091396,1.032339863347386e-18
4.73,0.3,0.29010212421417236,0.012942874077725718,-6.926728558638411e-18,0.0020218014251440763,1.0954576352770803e-18
4.731,0.3,0.2901028096675873,0.012942874077725718,-7.587046989304792e-18,0.002021636813879013,1.2104481137167356e-18
4.732,0.3,0.2901034951210022,0.012942874077725718,-8.264469860677544e-18,0.0020214722026139498,1.309576510801479e-18
4.7330000000000005,0.3,0.2901041805744171,0.012942874077725718,-8.953531163268917e-18,0.0020213075913488865,1.4115913765274231e-18
4.734,0.3,0.29010486602783203,0.012942874077725718,-9.659690289121762e-18,0.002021142980083823,1.5294321925133924e-18
4.735,0.3,0.29010555148124695,0.012942874077725718,-1.0402553900295422e-17,0.00202097836881876,1.5953701095205778e-18
4.736,0.3,0.29010623693466187,0.012942874077725718,-1.1153167366628091e-17,0.0020208137575536966,1.661297046035283e-18
4.737,0.3,0.29010695219039917,0.012942874077725718,-1.1917377200689294e-17,0.0020206491462886333,1.7070155533368215e-18
4.738,0.3,0.2901076376438141,0.012942874077725718,-1.2685904917548024e-17,0.00202048453502357,1.7166860419419351e-18
4.739,0.3,0.290108323097229,0.012942874077725718,-1.3434873948822938e-17,0.0020203201565891504,1.7249033845394383e-18
4.74,0.3,0.2901090085506439,0.012942874077725718,-1.4178931181620512e-17,0.002020155545324087,1.665393054057678e-18
4.741,0.3,0.29010969400405884,0.012942874077725718,-1.48846188145242e-17,0.002019990934059024,1.6058926054086248e-18
4.742,0.3,0.29011037945747375,0.012942874077725718,-1.5567064326576375e-17,0.0020198265556246042,1.4945186582264365e-18
4.743,0.3,0.29011109471321106,0.012942874077725718,-1.6212485234410676e-17,0.0020196621771901846,1.3312798301033532e-18
4.744,0.3,0.290111780166626,0.012942874077725718,-1.6802534672040677e-17,0.0020194975659251213,1.1320276684779313e-18
4.745,0.3,0.2901124656200409,0.012942874077725718,-1.7332673072264687e-17,0.0020193331874907017,8.650822903706023e-19
4.746,0.3,0.2901131510734558,0.012942874077725718,-1.7774147636990364e-17,0.0020191685762256384,5.82338383098102e-19
4.747,0.3,0.2901138663291931,0.012942874077725718,-1.812254618483035e-17,0.0020190041977912188,2.996415083553231e-19
4.748,0.3,0.29011455178260803,0.012942874077725718,-1.8381809404222844e-17,0.002018839819356799,4.051844080454393e-21
4.749,0.3,0.29011523723602295,0.012942874077725718,-1.857472115796001e-17,0.0020186754409223795,-3.5050566923829957e-19
4.75,0.3,0.29011595249176025,0.012942874077725718,-1.8710703033218828e-17,0.00201851106248796,-7.481782477654122e-19
4.751,0.3,0.29011663794517517,0.012942874077725718,-1.879037872418116e-17,0.0020183466840535402,-1.1428814596852666e-18
4.752,0.3,0.2901173233985901,0.012942874077725718,-1.8803443214775823e-17,0.0020181823056191206,-1.4668893374238898e-18
4.753,0.3,0.290118008852005,0.012942874077725718,-1.8780589868812208e-17,0.002018017927184701,-1.7460931587217375e-18
4.7540000000000004,0.3,0.2901187241077423,0.012942874077725718,-1.8765119936996242e-17,0.0020178535487502813,-1.986306645231065e-18
4.755,0.3,0.2901194095611572,0.012942874077725718,-1.8783842342980767e-17,0.0020176891703158617,-2.2004760003426778e-18
4.756,0.3,0.29012012481689453,0.012942874077725718,-1.8856051901734196e-17,0.0020175250247120857,-2.343979899040759e-18
4.757,0.3,0.29012081027030945,0.012942874077725718,-1.900930199946067e-17,0.002017360646277666,-2.4326730029922513e-18
4.758,0.3,0.29012149572372437,0.012942874077725718,-1.9279856234214515e-17,0.0020171962678432465,-2.5126415878515257e-18
4.759,0.3,0.29012221097946167,0.012942874077725718,-1.9697297893423075e-17,0.0020170321222394705,-2.5911450872330674e-18
4.76,0.3,0.2901228964328766,0.012942874077725718,-2.0280164094613666e-17,0.002016867743805051,-2.717164137595358e-18
4.761,0.3,0.2901236116886139,0.012942874077725718,-2.1023554619837522e-17,0.002016703598201275,-2.874847890717422e-18
4.7620000000000005,0.3,0.2901242971420288,0.012942874077725718,-2.1938045800406747e-17,0.0020165392197668552,-3.101683414921451e-18
4.763,0.3,0.2901249825954437,0.012942874077725718,-2.2991079807411253e-17,0.0020163750741630793,-3.3501304335753612e-18
4.764,0.3,0.29012569785118103,0.012942874077725718,-2.4170614545493494e-17,0.0020162109285593033,-3.6432864631656355e-18
4.765,0.3,0.29012638330459595,0.012942874077725718,-2.542356652602349e-17,0.0020160465501248837,-3.942200100219763e-18
4.766,0.3,0.29012709856033325,0.012942874077725718,-2.6736755453120825e-17,0.0020158824045211077,-4.26561663264367e-18
4.767,0.3,0.29012778401374817,0.012942874077725718,-2.808236489714656e-17,0.0020157182589173317,-4.613532032574319e-18
4.768,0.3,0.2901284992694855,0.012942874077725718,-2.942513049422634e-17,0.0020155541133135557,-4.960063011454115e-18
4.769,0.3,0.2901292145252228,0.012942874077725718,-3.0707568154871405e-17,0.0020153899677097797,-5.2662657630003164e-18
4.7700000000000005,0.3,0.2901298999786377,0.012942874077725718,-3.1921320046172515e-17,0.0020152258221060038,-5.582579157983431e-18
4.771,0.3,0.290130615234375,0.012942874077725718,-3.302374004446889e-17,0.002015061676502228,-5.872960726046608e-18
4.772,0.3,0.2901313006877899,0.012942874077725718,-3.398779257861984e-17,0.002014897530898452,-6.107180634118849e-18
4.773,0.3,0.2901320159435272,0.012942874077725718,-3.48131831723273e-17,0.0020147336181253195,-6.363011263355186e-18
4.774,0.3,0.29013270139694214,0.012942874077725718,-3.547169504053587e-17,0.0020145694725215435,-6.605859836818651e-18
4.775,0.3,0.29013341665267944,0.012942874077725718,-3.593935648909375e-17,0.0020144053269177675,-6.783844705544575e-18
4.776,0.3,0.29013413190841675,0.012942874077725718,-3.623450114909757e-17,0.0020142411813139915,-6.943053774674964e-18
4.777,0.3,0.29013481736183167,0.012942874077725718,-3.6344135667485346e-17,0.0020140772685408592,-7.005727195932345e-18
4.7780000000000005,0.3,0.29013553261756897,0.012942874077725718,-3.627651861549281e-17,0.0020139131229370832,-6.983368895624808e-18
4.779,0.3,0.2901362180709839,0.012942874077725718,-3.6045834486264023e-17,0.002013749210163951,-6.8601500810295354e-18
4.78,0.3,0.2901369333267212,0.012942874077725718,-3.568462456509682e-17,0.0020135852973908186,-6.683616314615573e-18
4.781,0.3,0.2901376485824585,0.012942874077725718,-3.520698731835155e-17,0.0020134211517870426,-6.4379335163812106e-18
4.782,0.3,0.2901383638381958,0.012942874077725718,-3.462657122613534e-17,0.0020132572390139103,-6.105818529732291e-18
4.783,0.3,0.2901390492916107,0.012942874077725718,-3.3971649321785254e-17,0.002013093326240778,-5.704580360834603e-18
4.784,0.3,0.290139764547348,0.012942874077725718,-3.3260793464414334e-17,0.0020129294134676456,-5.2342304939829265e-18
4.785,0.3,0.2901404798030853,0.012942874077725718,-3.2527200066365556e-17,0.0020127652678638697,-4.745212653925148e-18
4.7860000000000005,0.3,0.29014116525650024,0.012942874077725718,-3.1793073964002294e-17,0.0020126013550907373,-4.282155257229997e-18
4.787,0.3,0.29014188051223755,0.012942874077725718,-3.1078171539074764e-17,0.002012437442317605,-3.8494091500637966e-18
4.788,0.3,0.29014259576797485,0.012942874077725718,-3.0382919616779043e-17,0.0020122737623751163,-3.4325780830797422e-18
4.789,0.3,0.29014331102371216,0.012942874077725718,-2.9728576738857746e-17,0.002012109849601984,-3.105067066167358e-18
4.79,0.3,0.2901439964771271,0.012942874077725718,-2.91265050582049e-17,0.0020119459368288517,-2.842434070645069e-18
4.791,0.3,0.2901447117328644,0.012942874077725718,-2.8589982478013204e-17,0.0020117820240557194,-2.706588254126722e-18
4.792,0.3,0.2901454269886017,0.012942874077725718,-2.8113916874431786e-17,0.002011618111282587,-2.680213795518329e-18
4.793,0.3,0.290146142244339,0.012942874077725718,-2.7695366793202404e-17,0.0020114544313400984,-2.7374136404364982e-18
4.7940000000000005,0.3,0.2901468575000763,0.012942874077725718,-2.7330020968972433e-17,0.002011290518566966,-2.9113115153107596e-18
4.795,0.3,0.2901475727558136,0.012942874077725718,-2.6989746989108944e-17,0.0020111266057938337,-3.1687503744118535e-18
4.796,0.3,0.2901482582092285,0.012942874077725718,-2.666570063850252e-17,0.002010962925851345,-3.527011028511577e-18
4.797,0.3,0.2901489734649658,0.012942874077725718,-2.634318788075177e-17,0.0020107990130782127,-3.999016074155781e-18
4.798,0.3,0.2901496887207031,0.012942874077725718,-2.600383703445189e-17,0.002010635333135724,-4.553060714389949e-18
4.799,0.3,0.29015040397644043,0.012942874077725718,-2.5638059421942167e-17,0.0020104716531932354,-5.1876795018887554e-18
4.8,0.3,0.29015111923217773,0.012942874077725718,-2.521792942574281e-17,0.0020103079732507467,-5.82219257354821e-18
4.801,0.3,0.29015183448791504,0.012942874077725718,-2.4743559542417124e-17,0.0020101440604776144,-6.456599946696729e-18
4.8020000000000005,0.3,0.29015254974365234,0.012942874077725718,-2.4210453218155273e-17,0.0020099803805351257,-7.075058709515738e-18
4.803,0.3,0.29015326499938965,0.012942874077725718,-2.362373731839386e-17,0.002009816700592637,-7.694866259526784e-18
4.804,0.3,0.29015398025512695,0.012942874077725718,-2.2955499460542897e-17,0.0020096530206501484,-8.235355920083696e-18
4.805,0.3,0.29015469551086426,0.012942874077725718,-2.21962386480866e-17,0.0020094893407076597,-8.663403233212612e-18
4.806,0.3,0.29015541076660156,0.012942874077725718,-2.1350277726906167e-17,0.002009325660765171,-8.977575106578603e-18
4.807,0.3,0.29015612602233887,0.012942874077725718,-2.0435313399026562e-17,0.0020091619808226824,-9.206672702915502e-18
4.808,0.3,0.29015684127807617,0.012942874077725718,-1.9469068836252344e-17,0.0020089983008801937,-9.34780649896963e-18
4.809,0.3,0.2901575565338135,0.012942874077725718,-1.8484323551897766e-17,0.0020088348537683487,-9.418285867488443e-18
4.8100000000000005,0.3,0.2901582717895508,0.012942874077725718,-1.7489539603629244e-17,0.00200867117382586,-9.367690066416642e-18
4.811,0.3,0.2901589870452881,0.012942874077725718,-1.652201952835047e-17,0.0020085074938833714,-9.21333398633316e-18
4.812,0.3,0.2901597023010254,0.012942874077725718,-1.5609363034379887e-17,0.0020083440467715263,-8.955234864771953e-18
4.813,0.3,0.2901604175567627,0.012942874077725718,-1.4793751369874026e-17,0.0020081803668290377,-8.643842435744386e-18
4.814,0.3,0.2901611328125,0.012942874077725718,-1.4108915305851574e-17,0.0020080169197171926,-8.332501774460099e-18
4.815,0.3,0.2901618480682373,0.012942874077725718,-1.35545959347808e-17,0.002007853239774704,-8.021212871824301e-18
4.816,0.3,0.2901625633239746,0.012942874077725718,-1.3135133473335773e-17,0.002007689792662859,-7.725818647929522e-18
4.817,0.3,0.2901632785797119,0.012942874077725718,-1.2865323701133226e-17,0.002007526345551014,-7.498200865800861e-18
4.8180000000000005,0.3,0.2901639938354492,0.012942874077725718,-1.273649280226993e-17,0.0020073626656085253,-7.357094946197306e-18
4.819,0.3,0.2901647090911865,0.012942874077725718,-1.2715699963212184e-17,0.0020071992184966803,-7.2693487750123e-18
4.82,0.3,0.29016542434692383,0.012942874077725718,-1.279432348043535e-17,0.0020070357713848352,-7.269543133489331e-18
4.821,0.3,0.29016613960266113,0.012942874077725718,-1.2931977914892749e-17,0.0020068723242729902,-7.314490316512808e-18
4.822,0.3,0.2901668846607208,0.012942874077725718,-1.308616024516957e-17,0.002006708877161145,-7.401279152820779e-18
4.823,0.3,0.29016759991645813,0.012942874077725718,-1.3233729266449031e-17,0.0020065454300493,-7.561588591290931e-18
4.824,0.3,0.29016831517219543,0.012942874077725718,-1.3328193292402587e-17,0.002006381982937455,-7.746425745495276e-18
4.825,0.3,0.29016903042793274,0.012942874077725718,-1.3350733136914044e-17,0.00200621853582561,-7.986020527070202e-18
4.8260000000000005,0.3,0.29016974568367004,0.012942874077725718,-1.3289273617401354e-17,0.002006055088713765,-8.317729224226079e-18
4.827,0.3,0.29017046093940735,0.012942874077725718,-1.313196040850602e-17,0.0020058918744325638,-8.668129507320726e-18
4.828,0.3,0.29017120599746704,0.012942874077725718,-1.2876848808607928e-17,0.0020057284273207188,-9.061644508373329e-18
4.829,0.3,0.29017192125320435,0.012942874077725718,-1.2519197418435925e-17,0.0020055649802088737,-9.433443366437523e-18
4.83,0.3,0.29017263650894165,0.012942874077725718,-1.2091460669323529e-17,0.0020054017659276724,-9.831058451092962e-18
4.831,0.3,0.29017335176467896,0.012942874077725718,-1.1606827128957286e-17,0.0020052383188158274,-1.0235738617232903e-17
4.832,0.3,0.29017409682273865,0.012942874077725718,-1.108518883670787e-17,0.002005075104534626,-1.0620152607245847e-17
4.833,0.3,0.29017481207847595,0.012942874077725718,-1.0530430232731832e-17,0.002004911657422781,-1.0949714017051924e-17
4.8340000000000005,0.3,0.29017552733421326,0.012942874077725718,-9.971115517941851e-18,0.0020047484431415796,-1.1243178778616904e-17
4.835,0.3,0.29017624258995056,0.012942874077725718,-9.418986521133118e-18,0.0020045852288603783,-1.1493293094091507e-17
4.836,0.3,0.29017698764801025,0.012942874077725718,-8.921410085722258e-18,0.002004422014579177,-1.173610585782847e-17
4.837,0.3,0.29017770290374756,0.012942874077725718,-8.487152671841107e-18,0.002004258567467332,-1.1922637487666438e-17
4.838,0.3,0.29017841815948486,0.012942874077725718,-8.140436609367055e-18,0.0020040953531861305,-1.204141029393746e-17
4.839,0.3,0.29017916321754456,0.012942874077725718,-7.89490789686539e-18,0.002003932138904929,-1.2092435539845217e-17
4.84,0.3,0.29017987847328186,0.012942874077725718,-7.779242404631488e-18,0.002003768924623728,-1.2127609217773754e-17
4.841,0.3,0.29018059372901917,0.012942874077725718,-7.797772077533288e-18,0.0020036057103425264,-1.2162776899423134e-17
4.8420000000000005,0.3,0.29018133878707886,0.012942874077725718,-7.942303691603453e-18,0.002003442496061325,-1.2170608695035935e-17
4.843,0.3,0.29018205404281616,0.012942874077725718,-8.194118149579909e-18,0.0020032795146107674,-1.2135266260798568e-17
4.844,0.3,0.29018276929855347,0.012942874077725718,-8.539970635494455e-18,0.002003116300329566,-1.2059660819464524e-17
4.845,0.3,0.29018351435661316,0.012942874077725718,-8.966599789766643e-18,0.0020029530860483646,-1.1978388992302319e-17
4.846,0.3,0.29018422961235046,0.012942874077725718,-9.427301340650502e-18,0.0020027898717671633,-1.1842470994864183e-17
4.847,0.3,0.29018497467041016,0.012942874077725718,-9.918941927985681e-18,0.0020026268903166056,-1.1736938687617223e-17
4.848,0.3,0.29018568992614746,0.012942874077725718,-1.0384833210032698e-17,0.002002463676035404,-1.1625745187445106e-17
4.849,0.3,0.29018643498420715,0.012942874077725718,-1.0797715449704867e-17,0.0020023006945848465,-1.1526186452506952e-17
4.8500000000000005,0.3,0.29018715023994446,0.012942874077725718,-1.1132857601048076e-17,0.002002137480303645,-1.1479981294845072e-17
4.851,0.3,0.29018786549568176,0.012942874077725718,-1.135231688936452e-17,0.0020019744988530874,-1.1419393048476362e-17
4.852,0.3,0.29018861055374146,0.012942874077725718,-1.1442498601286889e-17,0.0020018115174025297,-1.1312738264455975e-17
4.853,0.3,0.29018932580947876,0.012942874077725718,-1.1412385918267508e-17,0.0020016483031213284,-1.1206101375217641e-17
4.854,0.3,0.29019007086753845,0.012942874077725718,-1.1274745545880522e-17,0.0020014853216707706,-1.1142655028709622e-17
4.855,0.3,0.29019078612327576,0.012942874077725718,-1.1042826435997192e-17,0.002001322340220213,-1.1119487899773035e-17
4.856,0.3,0.29019153118133545,0.012942874077725718,-1.0730310155949145e-17,0.0020011593587696552,-1.1103455317988668e-17
4.857,0.3,0.29019224643707275,0.012942874077725718,-1.0378439931078276e-17,0.0020009963773190975,-1.1140632767410824e-17
4.8580000000000005,0.3,0.29019299149513245,0.012942874077725718,-1.0015052043358218e-17,0.00200083339586854,-1.1215168387359387e-17
4.859,0.3,0.29019370675086975,0.012942874077725718,-9.668341771148454e-18,0.002000670414417982,-1.131266502679281e-17
4.86,0.3,0.29019445180892944,0.012942874077725718,-9.352626783671664e-18,0.0020005074329674244,-1.138704209028241e-17
4.861,0.3,0.29019519686698914,0.012942874077725718,-9.095522505677932e-18,0.0020003444515168667,-1.1454146314153954e-17
4.862,0.3,0.29019591212272644,0.012942874077725718,-8.915404754475123e-18,0.0020001817028969526,-1.1498135938539534e-17
4.863,0.3,0.29019665718078613,0.012942874077725718,-8.835620702852546e-18,0.002000018721446395,-1.1520466856433209e-17
4.864,0.3,0.29019737243652344,0.012942874077725718,-8.88278654138032e-18,0.001999855739995837,-1.1549924317828713e-17
4.865,0.3,0.29019811749458313,0.012942874077725718,-9.067239546173519e-18,0.001999692991375923,-1.1527491649257038e-17
4.866,0.3,0.29019883275032043,0.012942874077725718,-9.421769156713747e-18,0.0019995300099253654,-1.1519453384075104e-17
4.867,0.3,0.2901995778083801,0.012942874077725718,-9.941892881261578e-18,0.0019993672613054514,-1.1495573359433047e-17
4.868,0.3,0.2902003228664398,0.012942874077725718,-1.0627272402946478e-17,0.0019992042798548937,-1.1455854214509054e-17
4.869,0.3,0.2902010381221771,0.012942874077725718,-1.1486769307670727e-17,0.0019990415312349796,-1.1431984449622513e-17
4.87,0.3,0.2902017831802368,0.012942874077725718,-1.2494147907945981e-17,0.0019988787826150656,-1.1334712321289552e-17
4.871,0.3,0.2902025282382965,0.012942874077725718,-1.363144845831249e-17,0.001998715801164508,-1.1166954344034464e-17
4.872,0.3,0.2902032434940338,0.012942874077725718,-1.4875683609547403e-17,0.001998553052544594,-1.0946017378430137e-17
4.873,0.3,0.2902039885520935,0.012942874077725718,-1.6191373930817098e-17,0.0019983903039246798,-1.0661875948240965e-17
4.874,0.3,0.2902047336101532,0.012942874077725718,-1.7539650205137706e-17,0.0019982275553047657,-1.0356260929728441e-17
4.875,0.3,0.2902054488658905,0.012942874077725718,-1.8883514298070956e-17,0.0019980648066848516,-1.0013333037308367e-17
4.876,0.3,0.2902061939239502,0.012942874077725718,-2.0176827729409866e-17,0.0019979020580649376,-9.58556976786096e-18
4.877,0.3,0.2902069389820099,0.012942874077725718,-2.1401958317217255e-17,0.0019977393094450235,-9.123418410667282e-18
4.878,0.3,0.2902076542377472,0.012942874077725718,-2.252998451855582e-17,0.0019975765608251095,-8.67005710040946e-18
4.8790000000000004,0.3,0.2902083992958069,0.012942874077725718,-2.3522932125864473e-17,0.001997414045035839,-8.18944209392719e-18
4.88,0.3,0.2902091443538666,0.012942874077725718,-2.4367198981150396e-17,0.001997251296415925,-7.681577962309781e-18
4.881,0.3,0.29020988941192627,0.012942874077725718,-2.5052539625346506e-17,0.001997088547796011,-7.157955696664057e-18
4.882,0.3,0.2902106046676636,0.012942874077725718,-2.558677422396388e-17,0.0019969260320067406,-6.64445508830994e-18
4.883,0.3,0.29021134972572327,0.012942874077725718,-2.5992010006053607e-17,0.0019967632833868265,-6.152560813449886e-18
4.884,0.3,0.29021209478378296,0.012942874077725718,-2.6292069773257218e-17,0.0019966005347669125,-5.652035533099294e-18
4.885,0.3,0.29021283984184265,0.012942874077725718,-2.6521949882930605e-17,0.001996438018977642,-5.1673055571833636e-18
4.886,0.3,0.29021355509757996,0.012942874077725718,-2.673762233840278e-17,0.0019962755031883717,-4.715663273287531e-18
4.8870000000000005,0.3,0.29021430015563965,0.012942874077725718,-2.699576886396833e-17,0.0019961127545684576,-4.3331455187600936e-18
4.888,0.3,0.29021504521369934,0.012942874077725718,-2.732450532864793e-17,0.001995950238779187,-4.0053499793506915e-18
4.889,0.3,0.29021579027175903,0.012942874077725718,-2.775977107569578e-17,0.001995787722989917,-3.761048929479447e-18
4.89,0.3,0.2902165353298187,0.012942874077725718,-2.8335442459918387e-17,0.0019956252072006464,-3.590194288232893e-18
4.891,0.3,0.29021725058555603,0.012942874077725718,-2.9094003477576465e-17,0.001995462691411376,-3.576345061427454e-18
4.892,0.3,0.2902179956436157,0.012942874077725718,-3.0025577592156135e-17,0.0019953001756221056,-3.670494066861082e-18
4.893,0.3,0.2902187407016754,0.012942874077725718,-3.112617117565999e-17,0.001995137659832835,-3.827998942795833e-18
4.894,0.3,0.2902194857597351,0.012942874077725718,-3.240969078854627e-17,0.001994975144043565,-4.097830143131432e-18
4.8950000000000005,0.3,0.2902202308177948,0.012942874077725718,-3.3858275947028736e-17,0.0019948126282542944,-4.4353446341207156e-18
4.896,0.3,0.2902209758758545,0.012942874077725718,-3.5454019845206834e-17,0.001994650112465024,-4.82759270624907e-18
4.897,0.3,0.2902217209339142,0.012942874077725718,-3.717816202678786e-17,0.0019944875966757536,-5.290408211068208e-18
4.898,0.3,0.2902224361896515,0.012942874077725718,-3.9002803344071634e-17,0.001994325080886483,-5.807936503729333e-18
4.899,0.3,0.2902231812477112,0.012942874077725718,-4.0905100377261884e-17,0.0019941627979278564,-6.381620757938444e-18
4.9,0.3,0.2902239263057709,0.012942874077725718,-4.2839243864035425e-17,0.001994000282138586,-6.949532208472134e-18
4.901,0.3,0.29022467136383057,0.012942874077725718,-4.476825221356624e-17,0.0019938379991799593,-7.49582895351442e-18
4.902,0.3,0.29022541642189026,0.012942874077725718,-4.664224312619492e-17,0.001993675483390689,-7.960047471721572e-18
4.9030000000000005,0.3,0.29022616147994995,0.012942874077725718,-4.841426913907542e-17,0.001993513200432062,-8.323454061101708e-18
4.904,0.3,0.29022690653800964,0.012942874077725718,-5.004671338667127e-17,0.0019933509174734354,-8.567318114239323e-18
4.905,0.3,0.29022765159606934,0.012942874077725718,-5.152002793674662e-17,0.001993188401684165,-8.703145698460697e-18
4.906,0.3,0.29022839665412903,0.012942874077725718,-5.283443778242808e-17,0.0019930261187255383,-8.76264069399645e-18
4.907,0.3,0.2902291417121887,0.012942874077725718,-5.3966331880310944e-17,0.0019928638357669115,-8.695382484713017e-18
4.908,0.3,0.2902298867702484,0.012942874077725718,-5.4935658518047534e-17,0.0019927015528082848,-8.56912077857016e-18
4.909,0.3,0.2902306318283081,0.012942874077725718,-5.570794080770664e-17,0.001992539269849658,-8.311779957645773e-18
4.91,0.3,0.2902313768863678,0.012942874077725718,-5.629735000754253e-17,0.0019923769868910313,-7.923381842156638e-18
4.9110000000000005,0.3,0.2902321219444275,0.012942874077725718,-5.672807287866624e-17,0.0019922147039324045,-7.438538711449899e-18
4.912,0.3,0.2902328670024872,0.012942874077725718,-5.700748125469685e-17,0.0019920524209737778,-6.86584802235028e-18
4.913,0.3,0.2902336120605469,0.012942874077725718,-5.716019203066394e-17,0.001991890138015151,-6.193838370651131e-18
4.914,0.3,0.29023435711860657,0.012942874077725718,-5.71985864459762e-17,0.0019917278550565243,-5.416717017886138e-18
4.915,0.3,0.29023510217666626,0.012942874077725718,-5.71610258287214e-17,0.0019915655720978975,-4.554701311257359e-18
4.916,0.3,0.29023584723472595,0.012942874077725718,-5.70752769777017e-17,0.0019914035219699144,-3.639491220765113e-18
4.917,0.3,0.29023659229278564,0.012942874077725718,-5.695485271540378e-17,0.0019912412390112877,-2.653800318176377e-18
4.918,0.3,0.29023733735084534,0.012942874077725718,-5.682833378635257e-17,0.0019910791888833046,-1.6163879021716198e-18
4.9190000000000005,0.3,0.29023808240890503,0.012942874077725718,-5.672461857242822e-17,0.001990916905924678,-5.791483672767605e-19
4.92,0.3,0.2902388274669647,0.012942874077725718,-5.666204401344981e-17,0.0019907548557966948,3.945466024452463e-19
4.921,0.3,0.2902395725250244,0.012942874077725718,-5.663638156212596e-17,0.001990592572838068,1.319098178118364e-18
4.922,0.3,0.2902403175830841,0.012942874077725718,-5.665761694281142e-17,0.001990430522710085,2.1440810514242362e-18
4.923,0.3,0.2902410626411438,0.012942874077725718,-5.671603574639237e-17,0.001990268472582102,2.8551212189008474e-18
4.924,0.3,0.2902418076992035,0.012942874077725718,-5.678731886285974e-17,0.0019901064224541187,3.5041235228279665e-18
4.925,0.3,0.2902425527572632,0.012942874077725718,-5.68990875072279e-17,0.001989944139495492,4.011883671173524e-18
4.926,0.3,0.29024332761764526,0.012942874077725718,-5.703798105824291e-17,0.001989782089367509,4.440344555575736e-18
4.9270000000000005,0.3,0.29024407267570496,0.012942874077725718,-5.72048068441826e-17,0.001989620039239526,4.78661464199597e-18
4.928,0.3,0.29024481773376465,0.012942874077725718,-5.739914134857336e-17,0.0019894579891115427,5.0204741350165314e-18
4.929,0.3,0.29024556279182434,0.012942874077725718,-5.760544681078899e-17,0.0019892959389835596,5.179437153490542e-18
4.93,0.3,0.29024630784988403,0.012942874077725718,-5.783761324767547e-17,0.00198913412168622,5.2635162063368315e-18
4.931,0.3,0.2902470529079437,0.012942874077725718,-5.812453904111296e-17,0.001988972071558237,5.220837838141721e-18
4.932,0.3,0.2902477979660034,0.012942874077725718,-5.846241916028372e-17,0.001988810021430254,5.064361309531034e-18
4.933,0.3,0.2902485728263855,0.012942874077725718,-5.884030173387755e-17,0.001988647971302271,4.799915175496689e-18
4.934,0.3,0.2902493178844452,0.012942874077725718,-5.926364615393729e-17,0.0019884861540049314,4.440455564883951e-18
4.9350000000000005,0.3,0.2902500629425049,0.012942874077725718,-5.973700522255443e-17,0.0019883241038769484,3.970155385059178e-18
4.936,0.3,0.2902508080005646,0.012942874077725718,-6.025029395370074e-17,0.001988162286579609,3.423623795017942e-18
4.937,0.3,0.29025155305862427,0.012942874077725718,-6.079057524259587e-17,0.001988000236451626,2.8771833207523773e-18
4.938,0.3,0.29025229811668396,0.012942874077725718,-6.1361958522523e-17,0.0019878384191542864,2.3164434426633178e-18
4.939,0.3,0.29025307297706604,0.012942874077725718,-6.197738751570735e-17,0.0019876763690263033,1.7126255528785445e-18
4.94,0.3,0.29025381803512573,0.012942874077725718,-6.262302514486214e-17,0.001987514551728964,1.1607944259303005e-18
4.941,0.3,0.2902545630931854,0.012942874077725718,-6.331264893027005e-17,0.0019873527344316244,6.60941423036874e-19
4.942,0.3,0.2902553081512451,0.012942874077725718,-6.406461566408486e-17,0.001987190917134285,1.9721498052545597e-19
4.9430000000000005,0.3,0.2902560830116272,0.012942874077725718,-6.489431090570005e-17,0.0019870290998369455,-2.362006773418651e-19
4.944,0.3,0.2902568280696869,0.012942874077725718,-6.579404518414133e-17,0.001986867282539606,-6.292774848436181e-19
4.945,0.3,0.2902575731277466,0.012942874077725718,-6.673969791274665e-17,0.0019867054652422667,-9.791173012846697e-19
4.946,0.3,0.2902583181858063,0.012942874077725718,-6.770104722065578e-17,0.001986543647944927,-1.2296179415482252e-18
4.947,0.3,0.29025909304618835,0.012942874077725718,-6.864522425904831e-17,0.0019863818306475878,-1.3951864985068927e-18
4.948,0.3,0.29025983810424805,0.012942874077725718,-6.95482407901602e-17,0.0019862200133502483,-1.5046181102633001e-18
4.949,0.3,0.29026058316230774,0.012942874077725718,-7.036825470988606e-17,0.001986058196052909,-1.4930979923459197e-18
4.95,0.3,0.29026132822036743,0.012942874077725718,-7.109606776981432e-17,0.0019858963787555695,-1.3923321956740514e-18
4.9510000000000005,0.3,0.2902621030807495,0.012942874077725718,-7.171711497371914e-17,0.0019857347942888737,-1.2152735969738385e-18
4.952,0.3,0.2902628481388092,0.012942874077725718,-7.221857171338348e-17,0.0019855729769915342,-9.4899697179244e-19
4.953,0.3,0.2902635931968689,0.012942874077725718,-7.258087682168171e-17,0.0019854113925248384,-5.891597536597857e-19
4.954,0.3,0.290264368057251,0.012942874077725718,-7.281888646241527e-17,0.001985249575227499,-2.0205424712367256e-19
4.955,0.3,0.29026511311531067,0.012942874077725718,-7.29068455400317e-17,0.0019850879907608032,2.5416832586776725e-19
4.956,0.3,0.29026585817337036,0.012942874077725718,-7.28755516430976e-17,0.001984926173463464,7.377777104084074e-19
4.957,0.3,0.29026660323143005,0.012942874077725718,-7.277183642917325e-17,0.001984764588996768,1.2156310471295368e-18
4.958,0.3,0.29026737809181213,0.012942874077725718,-7.264737552548607e-17,0.001984603004530072,1.6214526209675316e-18
4.9590000000000005,0.3,0.2902681231498718,0.012942874077725718,-7.250237407282798e-17,0.0019844414200633764,2.034469121424477e-18
4.96,0.3,0.2902688682079315,0.012942874077725718,-7.236915167209263e-17,0.001984279602766037,2.4229935372680835e-18
4.961,0.3,0.2902696430683136,0.012942874077725718,-7.226992970325567e-17,0.001984118018299341,2.7899350451681362e-18
4.962,0.3,0.2902703881263733,0.012942874077725718,-7.223656454606774e-17,0.0019839564338326454,3.1367498329096787e-18
4.963,0.3,0.29027116298675537,0.012942874077725718,-7.230383749092545e-17,0.0019837948493659496,3.4705690485687026e-18
4.964,0.3,0.29027190804481506,0.012942874077725718,-7.249412873648205e-17,0.0019836334977298975,3.7453186290112105e-18
4.965,0.3,0.29027265310287476,0.012942874077725718,-7.281403587530325e-17,0.0019834719132632017,3.9854315877412e-18
4.966,0.3,0.29027342796325684,0.012942874077725718,-7.324485139065557e-17,0.001983310328796506,4.2225995381590205e-18
4.9670000000000005,0.3,0.29027417302131653,0.012942874077725718,-7.376794055769941e-17,0.00198314874432981,4.488508808887935e-18
4.968,0.3,0.2902749180793762,0.012942874077725718,-7.438976862010247e-17,0.0019829871598631144,4.728363031203497e-18
4.969,0.3,0.2902756929397583,0.012942874077725718,-7.509078102818401e-17,0.0019828258082270622,4.8975428240163e-18
4.97,0.3,0.290276437997818,0.012942874077725718,-7.584776378523334e-17,0.0019826642237603664,4.996059922402261e-18
4.971,0.3,0.2902772128582001,0.012942874077725718,-7.664717098153928e-17,0.0019825028721243143,4.990787635535365e-18
4.972,0.3,0.29027795791625977,0.012942874077725718,-7.744372605909315e-17,0.0019823412876576185,4.942209774990845e-18
4.973,0.3,0.29027870297431946,0.012942874077725718,-7.820339549877205e-17,0.0019821799360215664,4.840300870509054e-18
4.974,0.3,0.29027947783470154,0.012942874077725718,-7.890909305784309e-17,0.0019820185843855143,4.6807120290718636e-18
4.9750000000000005,0.3,0.29028022289276123,0.012942874077725718,-7.951732888842068e-17,0.0019818569999188185,4.502401588871355e-18
4.976,0.3,0.2902809977531433,0.012942874077725718,-8.001903709099124e-17,0.0019816956482827663,4.305372653125147e-18
4.977,0.3,0.290281742811203,0.012942874077725718,-8.041401252476286e-17,0.001981534296646714,4.059395064011586e-18
4.978,0.3,0.2902825176715851,0.012942874077725718,-8.068864310557537e-17,0.001981372945010662,3.796162827151197e-18
4.979,0.3,0.2902832627296448,0.012942874077725718,-8.082895940724396e-17,0.00198121159337461,3.548817269337646e-18
4.98,0.3,0.29028400778770447,0.012942874077725718,-8.083938850040703e-17,0.001981050241738558,3.302965423363034e-18
4.981,0.3,0.29028478264808655,0.012942874077725718,-8.072730221868365e-17,0.0019808888901025057,3.0500271799722413e-18
4.982,0.3,0.29028552770614624,0.012942874077725718,-8.05269326045437e-17,0.0019807275384664536,2.7683503790572218e-18
4.9830000000000005,0.3,0.2902863025665283,0.012942874077725718,-8.024268687629088e-17,0.0019805661868304014,2.4752353770972788e-18
4.984,0.3,0.290287047624588,0.012942874077725718,-7.98827243434874e-17,0.0019804048351943493,2.190884910858635e-18
4.985,0.3,0.2902878224849701,0.012942874077725718,-7.9484943113078e-17,0.001980243716388941,1.8807064569951798e-18
4.986,0.3,0.2902885675430298,0.012942874077725718,-7.905914362096021e-17,0.0019800823647528887,1.5749375763182158e-18
4.987,0.3,0.29028934240341187,0.012942874077725718,-7.861545717527656e-17,0.0019799210131168365,1.286515210811881e-18
4.988,0.3,0.29029008746147156,0.012942874077725718,-7.814849717587813e-17,0.001979759894311428,1.050027618596294e-18
4.989,0.3,0.29029086232185364,0.012942874077725718,-7.767715642795561e-17,0.0019795987755060196,8.481705948692894e-19
4.99,0.3,0.29029160737991333,0.012942874077725718,-7.720606714293931e-17,0.0019794374238699675,6.967813125677325e-19
4.9910000000000005,0.3,0.2902923822402954,0.012942874077725718,-7.673818731869972e-17,0.001979276305064559,6.173686446220564e-19
4.992,0.3,0.2902931272983551,0.012942874077725718,-7.626248567458782e-17,0.001979114953428507,5.682024079296665e-19
4.993,0.3,0.2902939021587372,0.012942874077725718,-7.576013557986192e-17,0.0019789538346230984,5.982589997531956e-19
4.994,0.3,0.2902946472167969,0.012942874077725718,-7.5242035966273e-17,0.00197879271581769,6.700286877283726e-19
4.995,0.3,0.29029542207717896,0.012942874077725718,-7.468382801914262e-17,0.0019786315970122814,8.037054305780038e-19
4.996,0.3,0.29029616713523865,0.012942874077725718,-7.407638628195308e-17,0.001978470478206873,1.0151218293075272e-18
4.997,0.3,0.2902969419956207,0.012942874077725718,-7.341513148283329e-17,0.0019783093594014645,1.3042649184655222e-18
4.998,0.3,0.2902977168560028,0.012942874077725718,-7.271849320583093e-17,0.001978148240596056,1.5919070966424122e-18
4.999,0.3,0.2902984619140625,0.012942874077725718,-7.196814112857183e-17,0.0019779871217906475,1.9255773892152e-18
5.0,0.3,0.2902992367744446,0.012942874077725718,-7.115868203346214e-17,0.001977826002985239,2.3081735040636036e-18
5.001,0.3,0.2902999818325043,0.012942874077725718,-7.029900976644803e-17,0.0019776648841798306,2.7252970657226655e-18
5.002,0.3,0.29030075669288635,0.012942874077725718,-6.939343228415967e-17,0.0019775039982050657,3.1942379665526846e-18
5.003,0.3,0.29030150175094604,0.012942874077725718,-6.846546798577318e-17,0.0019773428793996572,3.6818490339013335e-18
5.0040000000000004,0.3,0.2903022766113281,0.012942874077725718,-6.75298473036369e-17,0.0019771817605942488,4.169378823453708e-18
5.005,0.3,0.2903030216693878,0.012942874077725718,-6.658197773098994e-17,0.001977020874619484,4.672670276262366e-18
5.006,0.3,0.2903037965297699,0.012942874077725718,-6.563066046954985e-17,0.0019768597558140755,5.161487630024207e-18
5.007,0.3,0.290304571390152,0.012942874077725718,-6.469014287818726e-17,0.0019766988698393106,5.6026947265535256e-18
5.008,0.3,0.29030531644821167,0.012942874077725718,-6.37641836656056e-17,0.001976537751033902,5.9833620304429945e-18
5.009,0.3,0.29030609130859375,0.012942874077725718,-6.286159726841224e-17,0.0019763768650591373,6.304952381600416e-18
5.01,0.3,0.29030683636665344,0.012942874077725718,-6.200669617917133e-17,0.0019762159790843725,6.5314315859963864e-18
5.011,0.3,0.2903076112270355,0.012942874077725718,-6.118648373609845e-17,0.0019760550931096077,6.707438795680226e-18
5.0120000000000005,0.3,0.2903083860874176,0.012942874077725718,-6.039959674554411e-17,0.001975894207134843,6.805654787370193e-18
5.013,0.3,0.2903091311454773,0.012942874077725718,-5.965610034120185e-17,0.0019757330883294344,6.807344107497245e-18
5.014,0.3,0.2903099060058594,0.012942874077725718,-5.894629996629254e-17,0.0019755722023546696,6.7298185171718676e-18
5.015,0.3,0.29031065106391907,0.012942874077725718,-5.826224145204589e-17,0.0019754113163799047,6.600418799171671e-18
5.016,0.3,0.29031142592430115,0.012942874077725718,-5.758877746708482e-17,0.0019752506632357836,6.423511861414837e-18
5.017,0.3,0.2903122007846832,0.012942874077725718,-5.69209118405095e-17,0.0019750897772610188,6.216401316158409e-18
5.018,0.3,0.2903129458427429,0.012942874077725718,-5.626493114497535e-17,0.001974928891286254,5.973281121779427e-18
5.019,0.3,0.290313720703125,0.012942874077725718,-5.559567585497095e-17,0.001974768005311489,5.733106985749031e-18
5.0200000000000005,0.3,0.2903144955635071,0.012942874077725718,-5.490817957809852e-17,0.0019746071193367243,5.5448599957368084e-18
5.021,0.3,0.2903152406215668,0.012942874077725718,-5.422177517963467e-17,0.001974446466192603,5.389783027423028e-18
5.022,0.3,0.29031601548194885,0.012942874077725718,-5.3550653770168346e-17,0.0019742855802178383,5.2347319181728736e-18
5.023,0.3,0.29031679034233093,0.012942874077725718,-5.28893559576567e-17,0.001974124927073717,5.0984551752637255e-18
5.024,0.3,0.2903175354003906,0.012942874077725718,-5.224207058472171e-17,0.0019739640410989523,4.9982454095316405e-18
5.025,0.3,0.2903183102607727,0.012942874077725718,-5.161800251721985e-17,0.001973803387954831,4.949939562494653e-18
5.026,0.3,0.2903190553188324,0.012942874077725718,-5.1050589704232976e-17,0.0019736425019800663,4.8857988857737155e-18
5.027,0.3,0.2903198301792145,0.012942874077725718,-5.053973950153248e-17,0.001973481848835945,4.805826019018099e-18
5.0280000000000005,0.3,0.29032060503959656,0.012942874077725718,-5.008074690579415e-17,0.001973321195691824,4.725866528791484e-18
5.029,0.3,0.29032135009765625,0.012942874077725718,-4.966557172146399e-17,0.001973160542547703,4.6732478144640716e-18
5.03,0.3,0.29032212495803833,0.012942874077725718,-4.927565863304119e-17,0.0019729998894035816,4.663808221272486e-18
5.031,0.3,0.2903228998184204,0.012942874077725718,-4.889708784517772e-17,0.0019728392362594604,4.697540526999088e-18
5.032,0.3,0.2903236746788025,0.012942874077725718,-4.851595279741534e-17,0.0019726785831153393,4.7744375104490166e-18
5.033,0.3,0.2903244197368622,0.012942874077725718,-4.811377758359206e-17,0.001972517929971218,4.910334879736828e-18
5.034,0.3,0.29032519459724426,0.012942874077725718,-4.7681327559349334e-17,0.001972357276827097,5.089379848900126e-18
5.035,0.3,0.29032596945762634,0.012942874077725718,-4.72135569229506e-17,0.0019721966236829758,5.281332189262878e-18
5.0360000000000005,0.3,0.29032671451568604,0.012942874077725718,-4.6700446862816603e-17,0.0019720359705388546,5.489095427409499e-18
5.037,0.3,0.2903274893760681,0.012942874077725718,-4.614208671445351e-17,0.0019718753173947334,5.712666927794626e-18
5.038,0.3,0.2903282642364502,0.012942874077725718,-4.554314508523856e-17,0.001971714897081256,5.9362011279811705e-18
5.039,0.3,0.2903290092945099,0.012942874077725718,-4.490371461940037e-17,0.0019715542439371347,6.159698034840313e-18
5.04,0.3,0.29032978415489197,0.012942874077725718,-4.422386480011039e-17,0.0019713938236236572,6.38315765419381e-18
5.041,0.3,0.29033055901527405,0.012942874077725718,-4.3508284087080565e-17,0.001971233170479536,6.5907370645661315e-18
5.042,0.3,0.29033130407333374,0.012942874077725718,-4.2747850332515666e-17,0.0019710727501660585,6.814124767897013e-18
5.043,0.3,0.2903320789337158,0.012942874077725718,-4.195558997670218e-17,0.0019709120970219374,7.008695099862014e-18
5.0440000000000005,0.3,0.2903328537940979,0.012942874077725718,-4.113665470049508e-17,0.00197075167670846,7.18884292675506e-18
5.045,0.3,0.29033362865448,0.012942874077725718,-4.029528959479799e-17,0.0019705912563949823,7.35602354600278e-18
5.046,0.3,0.2903343737125397,0.012942874077725718,-3.9449570210356425e-17,0.001970430836081505,7.480006170087017e-18
5.047,0.3,0.29033514857292175,0.012942874077725718,-3.8608770896198324e-17,0.0019702701829373837,7.576640950765783e-18
5.048,0.3,0.29033592343330383,0.012942874077725718,-3.778300641685399e-17,0.001970109762623906,7.658869604022296e-18
5.049,0.3,0.2903366982936859,0.012942874077725718,-3.697644907133313e-17,0.0019699493423104286,7.72814744039993e-18
5.05,0.3,0.2903374433517456,0.012942874077725718,-3.620707845743021e-17,0.001969788921996951,7.754243685473048e-18
5.051,0.3,0.2903382182121277,0.012942874077725718,-3.54933043068582e-17,0.0019696287345141172,7.721322634068647e-18
5.0520000000000005,0.3,0.29033899307250977,0.012942874077725718,-3.4840536380823206e-17,0.0019694683142006397,7.65817417498831e-18
5.053,0.3,0.29033973813056946,0.012942874077725718,-3.4252880803885933e-17,0.001969307893887162,7.566256271651569e-18
5.054,0.3,0.29034051299095154,0.012942874077725718,-3.373903620736799e-17,0.0019691474735736847,7.44702665847005e-18
5.055,0.3,0.2903412878513336,0.012942874077725718,-3.330018380518411e-17,0.001968987053260207,7.343659916361873e-18
5.056,0.3,0.2903420627117157,0.012942874077725718,-3.292363464673772e-17,0.0019688268657773733,7.299323390585969e-18
5.057,0.3,0.2903428077697754,0.012942874077725718,-3.2619228872595755e-17,0.001968666445463896,7.231886711952315e-18
5.058,0.3,0.29034358263015747,0.012942874077725718,-3.2349528288234066e-17,0.001968506257981062,7.190335409814105e-18
5.059,0.3,0.29034435749053955,0.012942874077725718,-3.2095120619037257e-17,0.0019683458376675844,7.1775710225043e-18
5.0600000000000005,0.3,0.29034513235092163,0.012942874077725718,-3.186053219731722e-17,0.0019681856501847506,7.146059953763957e-18
5.061,0.3,0.2903459072113037,0.012942874077725718,-3.164611043893122e-17,0.0019680254627019167,7.062666506035874e-18
5.062,0.3,0.2903466522693634,0.012942874077725718,-3.1433399290051986e-17,0.001967865042388439,6.943242229349261e-18
5.063,0.3,0.2903474271297455,0.012942874077725718,-3.120854512978047e-17,0.0019677048549056053,6.78779310423299e-18
5.064,0.3,0.29034820199012756,0.012942874077725718,-3.095315477001595e-17,0.0019675446674227715,6.612168036787611e-18
5.065,0.3,0.29034897685050964,0.012942874077725718,-3.0670570020433134e-17,0.0019673844799399376,6.357357559860046e-18
5.066,0.3,0.29034972190856934,0.012942874077725718,-3.0342060203241374e-17,0.0019672242924571037,6.088199551770749e-18
5.067,0.3,0.2903504967689514,0.012942874077725718,-2.997234355665467e-17,0.00196706410497427,5.804696411312712e-18
5.0680000000000005,0.3,0.2903512716293335,0.012942874077725718,-2.957909196727961e-17,0.001966903917491436,5.462227715728525e-18
5.069,0.3,0.2903520464897156,0.012942874077725718,-2.9163268273349206e-17,0.001966743730008602,5.105426131067488e-18
5.07,0.3,0.29035279154777527,0.012942874077725718,-2.872077627647009e-17,0.0019665835425257683,4.764526920620501e-18
5.071,0.3,0.29035356640815735,0.012942874077725718,-2.82545706657903e-17,0.0019664233550429344,4.429496475797499e-18
5.072,0.3,0.29035434126853943,0.012942874077725718,-2.779236199183037e-17,0.001966263400390744,4.0686479977417306e-18
5.073,0.3,0.2903551161289215,0.012942874077725718,-2.7345123632596426e-17,0.0019661032129079103,3.707859674209265e-18
5.074,0.3,0.2903558909893036,0.012942874077725718,-2.6902782182588794e-17,0.0019659430254250765,3.3817233585994865e-18
5.075,0.3,0.2903566360473633,0.012942874077725718,-2.647914163186976e-17,0.0019657830707728863,3.0743903644626513e-18
5.0760000000000005,0.3,0.29035741090774536,0.012942874077725718,-2.607837593381027e-17,0.0019656228832900524,2.8031535145194747e-18
5.077,0.3,0.29035818576812744,0.012942874077725718,-2.5714691088250304e-17,0.001965462928637862,2.56655380102162e-18
5.078,0.3,0.2903589606285095,0.012942874077725718,-2.53847022721233e-17,0.001965302973985672,2.4077551844008423e-18
5.079,0.3,0.2903597354888916,0.012942874077725718,-2.5089127478200952e-17,0.001965142786502838,2.3079957114105305e-18
5.08,0.3,0.2903604805469513,0.012942874077725718,-2.4822366693736276e-17,0.001964982831850648,2.2384857219670293e-18
5.081,0.3,0.2903612554073334,0.012942874077725718,-2.4579733113378546e-17,0.0019648228771984577,2.199220166824098e-18
5.082,0.3,0.29036203026771545,0.012942874077725718,-2.4352782877434822e-17,0.0019646629225462675,2.2031308494897367e-18
5.083,0.3,0.29036280512809753,0.012942874077725718,-2.4127189217695685e-17,0.0019645029678940773,2.2516635905442042e-18
5.0840000000000005,0.3,0.2903635799884796,0.012942874077725718,-2.3907069839250424e-17,0.001964343013241887,2.298735201253608e-18
5.085,0.3,0.2903643250465393,0.012942874077725718,-2.3670233140625466e-17,0.001964183058589697,2.404811525835791e-18
5.086,0.3,0.2903650999069214,0.012942874077725718,-2.3424570424864568e-17,0.0019640231039375067,2.495027231766711e-18
5.087,0.3,0.29036587476730347,0.012942874077725718,-2.3165499111374185e-17,0.0019638631492853165,2.585227889238243e-18
5.088,0.3,0.29036664962768555,0.012942874077725718,-2.2888449854450574e-17,0.0019637031946331263,2.691256427832127e-18
5.089,0.3,0.2903674244880676,0.012942874077725718,-2.2598049902440357e-17,0.0019635434728115797,2.797267282747049e-18
5.09,0.3,0.2903681695461273,0.012942874077725718,-2.2289723292194892e-17,0.0019633835181593895,2.9191033839862395e-18
5.091,0.3,0.2903689444065094,0.012942874077725718,-2.1968098926422023e-17,0.0019632235635071993,3.040919166847763e-18
5.0920000000000005,0.3,0.2903697192668915,0.012942874077725718,-2.1641139245698188e-17,0.0019630638416856527,3.1353880150827412e-18
5.093,0.3,0.29037049412727356,0.012942874077725718,-2.1319385839749762e-17,0.0019629038870334625,3.2139981915216707e-18
5.094,0.3,0.29037126898765564,0.012942874077725718,-2.0997821030980997e-17,0.001962744165211916,3.2940483524883523e-18
5.095,0.3,0.2903720438480377,0.012942874077725718,-2.0699033467559493e-17,0.0019625842105597258,3.3136196487481353e-18
5.096,0.3,0.2903727889060974,0.012942874077725718,-2.0438120850025567e-17,0.001962424488738179,3.2525199663880698e-18
5.097,0.3,0.2903735637664795,0.012942874077725718,-2.0196623815829485e-17,0.0019622647669166327,3.1582915234879874e-18
5.098,0.3,0.2903743386268616,0.012942874077725718,-1.997033036129213e-17,0.001962105045095086,3.0294867311062223e-18
5.099,0.3,0.29037511348724365,0.012942874077725718,-1.9762107494416605e-17,0.001961945090442896,2.824394981020194e-18
5.1000000000000005,0.3,0.29037588834762573,0.012942874077725718,-1.9569496834422407e-17,0.0019617853686213493,2.5832922321114576e-18
5.101,0.3,0.2903766334056854,0.012942874077725718,-1.9368175962578026e-17,0.0019616256467998028,2.3422296594414623e-18
5.102,0.3,0.2903774082660675,0.012942874077725718,-1.915021552553153e-17,0.0019614659249782562,2.1285337542771075e-18
5.103,0.3,0.2903781831264496,0.012942874077725718,-1.8901788372163478e-17,0.0019613062031567097,1.942199930570979e-18
5.104,0.3,0.29037895798683167,0.012942874077725718,-1.8617860281265876e-17,0.0019611467141658068,1.7529908767628644e-18
5.105,0.3,0.29037973284721375,0.012942874077725718,-1.8288422367426832e-17,0.00196098699234426,1.563813317835422e-18
5.106,0.3,0.2903805077075958,0.012942874077725718,-1.79135639661525e-17,0.0019608272705227137,1.3746672490152866e-18
5.107,0.3,0.2903812527656555,0.012942874077725718,-1.749337772167149e-17,0.001960667548701167,1.1855526654996174e-18
5.1080000000000005,0.3,0.2903820276260376,0.012942874077725718,-1.7032553748056973e-17,0.001960508059710264,9.806266345225987e-19
5.109,0.3,0.2903828024864197,0.012942874077725718,-1.652657563916441e-17,0.0019603483378887177,7.757347174287627e-19
5.11,0.3,0.29038357734680176,0.012942874077725718,-1.5979294747925852e-17,0.001960188616067171,5.579402838399686e-19
5.111,0.3,0.29038435220718384,0.012942874077725718,-1.5400035054205993e-17,0.001960029127076268,3.2724550063987834e-19
5.112,0.3,0.2903851270675659,0.012942874077725718,-1.47972553069488e-17,0.0019598696380853653,8.655885161520259e-20
5.113,0.3,0.2903858721256256,0.012942874077725718,-1.4176107187009256e-17,0.0019597099162638187,-1.180423487749992e-19
5.114,0.3,0.2903866469860077,0.012942874077725718,-1.3562990990817601e-17,0.001959550427272916,-3.2973337124828765e-19
5.115,0.3,0.29038742184638977,0.012942874077725718,-1.2967631880835622e-17,0.001959390938282013,-4.865944490036787e-19
5.1160000000000005,0.3,0.29038819670677185,0.012942874077725718,-1.2441501170679431e-17,0.0019592312164604664,-6.865985903999066e-19
5.117,0.3,0.29038897156715393,0.012942874077725718,-1.1978672938440699e-17,0.0019590717274695635,-8.620073381893347e-19
5.118,0.3,0.290389746427536,0.012942874077725718,-1.1603381921706002e-17,0.0019589122384786606,-1.0013413662956096e-18
5.119,0.3,0.2903904914855957,0.012942874077725718,-1.1324694019988924e-17,0.0019587527494877577,-1.0887637378405316e-18
5.12,0.3,0.2903912663459778,0.012942874077725718,-1.1165866243392005e-17,0.0019585932604968548,-1.1574221230273228e-18
5.121,0.3,0.29039204120635986,0.012942874077725718,-1.1128801107324116e-17,0.001958433771505952,-1.182899750927027e-18
5.122,0.3,0.29039281606674194,0.012942874077725718,-1.1194353516507719e-17,0.0019582745153456926,-1.1479077183619766e-18
5.123,0.3,0.290393590927124,0.012942874077725718,-1.1347611058859706e-17,0.0019581150263547897,-1.033706788661632e-18
5.124,0.3,0.2903943657875061,0.012942874077725718,-1.1592114067401805e-17,0.001957955537363887,-8.532466778003276e-19
5.125,0.3,0.2903951108455658,0.012942874077725718,-1.1956552474499806e-17,0.001957796048372984,-6.742697528460889e-19
5.126,0.3,0.2903958857059479,0.012942874077725718,-1.2437759005588242e-17,0.0019576367922127247,-5.025886308714285e-19
5.127,0.3,0.29039666056632996,0.012942874077725718,-1.3016596837195699e-17,0.001957477303221822,-3.5259184268470738e-19
5.128,0.3,0.29039743542671204,0.012942874077725718,-1.3674829945537833e-17,0.0019573180470615625,-2.2572902987360534e-19
5.1290000000000004,0.3,0.2903982102870941,0.012942874077725718,-1.4365377691689964e-17,0.0019571585580706596,-3.98752907531358e-20
5.13,0.3,0.2903989851474762,0.012942874077725718,-1.5090198012162005e-17,0.0019569993019104004,1.501645859643576e-19
5.131,0.3,0.2903997600078583,0.012942874077725718,-1.580683586201467e-17,0.001956840045750141,3.6313923555220874e-19
5.132,0.3,0.29040050506591797,0.012942874077725718,-1.6495938523636672e-17,0.0019566805567592382,5.702654126636839e-19
5.133,0.3,0.29040127992630005,0.012942874077725718,-1.7134487214941882e-17,0.001956521300598979,7.873869867248039e-19
5.134,0.3,0.29040205478668213,0.012942874077725718,-1.7694483526556607e-17,0.0019563620444387197,1.0476413583438103e-18
5.135,0.3,0.2904028296470642,0.012942874077725718,-1.817473962712122e-17,0.0019562027882784605,1.3078522861671752e-18
5.136,0.3,0.2904036045074463,0.012942874077725718,-1.8587951084677184e-17,0.0019560435321182013,1.5248507608000062e-18
5.1370000000000005,0.3,0.29040437936782837,0.012942874077725718,-1.893474324776759e-17,0.001955884275957942,1.7447195301352837e-18
5.138,0.3,0.29040512442588806,0.012942874077725718,-1.9224909934845067e-17,0.0019557250197976828,1.9660048698138238e-18
5.139,0.3,0.29040589928627014,0.012942874077725718,-1.9476132958683547e-17,0.0019555657636374235,2.1440843027317712e-18
5.14,0.3,0.2904066741466522,0.012942874077725718,-1.9694012332030015e-17,0.0019554065074771643,2.3077443665389154e-18
5.141,0.3,0.2904074490070343,0.012942874077725718,-1.9900377351249744e-17,0.0019552474841475487,2.397975588346049e-18
5.142,0.3,0.2904082238674164,0.012942874077725718,-2.010122673014497e-17,0.0019550882279872894,2.4579591843808106e-18
5.143,0.3,0.29040899872779846,0.012942874077725718,-2.0308715060636546e-17,0.00195492897182703,2.461827478013598e-18
5.144,0.3,0.29040974378585815,0.012942874077725718,-2.0533840536148978e-17,0.0019547699484974146,2.451305497660492e-18
5.1450000000000005,0.3,0.29041051864624023,0.012942874077725718,-2.0789125016795094e-17,0.0019546106923371553,2.3990696656499707e-18
5.146,0.3,0.2904112935066223,0.012942874077725718,-2.1084651834241914e-17,0.0019544516690075397,2.3339062326146885e-18
5.147,0.3,0.2904120683670044,0.012942874077725718,-2.144338352229391e-17,0.0019542924128472805,2.2082885891966942e-18
5.148,0.3,0.2904128432273865,0.012942874077725718,-2.1856902691037745e-17,0.001954133389517665,2.0826919293739273e-18
5.149,0.3,0.29041361808776855,0.012942874077725718,-2.232595214866349e-17,0.0019539741333574057,1.9542096382042474e-18
5.15,0.3,0.29041436314582825,0.012942874077725718,-2.2850804864773286e-17,0.00195381511002779,1.789703018472779e-18
5.151,0.3,0.2904151380062103,0.012942874077725718,-2.341291379567247e-17,0.0019536560866981745,1.6050209780281302e-18
5.152,0.3,0.2904159128665924,0.012942874077725718,-2.399709852275947e-17,0.001953497063368559,1.4045268075938404e-18
5.1530000000000005,0.3,0.2904166877269745,0.012942874077725718,-2.4603319341364883e-17,0.0019533380400389433,1.1882231423676114e-18
5.154,0.3,0.29041746258735657,0.012942874077725718,-2.5226942385697187e-17,0.0019531790167093277,9.71955543565034e-19
5.155,0.3,0.29041823744773865,0.012942874077725718,-2.586333378996486e-17,0.001953019993379712,7.715669314435032e-19
5.156,0.3,0.29041898250579834,0.012942874077725718,-2.651245550385972e-17,0.0019528609700500965,5.870546593044475e-19
5.157,0.3,0.2904197573661804,0.012942874077725718,-2.7178878527446743e-17,0.001952701946720481,4.025731549232898e-19
5.158,0.3,0.2904205322265625,0.012942874077725718,-2.786256315605652e-17,0.0019525430398061872,2.181224134837621e-19
5.159,0.3,0.2904213070869446,0.012942874077725718,-2.855888379570366e-17,0.0019523840164765716,4.9545356117129043e-20
5.16,0.3,0.29042208194732666,0.012942874077725718,-2.927239986592455e-17,0.0019522251095622778,-1.190035894117116e-19
5.1610000000000005,0.3,0.29042285680770874,0.012942874077725718,-2.999053822140839e-17,0.001952066202647984,-2.4435570508944614e-19
5.162,0.3,0.29042360186576843,0.012942874077725718,-3.070401789568233e-17,0.0019519072957336903,-3.423611398132235e-19
5.163,0.3,0.2904243767261505,0.012942874077725718,-3.14031608755795e-17,0.0019517483888193965,-4.274140412021743e-19
5.164,0.3,0.2904251515865326,0.012942874077725718,-3.207790202740635e-17,0.0019515894819051027,-4.966098565036501e-19
5.165,0.3,0.2904259264469147,0.012942874077725718,-3.2728704572305924e-17,0.001951430574990809,-5.514045961108933e-19
5.166,0.3,0.29042670130729675,0.012942874077725718,-3.3340520440574645e-17,0.0019512716680765152,-5.557547004099769e-19
5.167,0.3,0.29042747616767883,0.012942874077725718,-3.392474487233105e-17,0.0019511128775775433,-5.169354383175107e-19
5.168,0.3,0.2904282212257385,0.012942874077725718,-3.446544636897736e-17,0.0019509539706632495,-4.27687131552917e-19
5.1690000000000005,0.3,0.2904289960861206,0.012942874077725718,-3.497821563069898e-17,0.0019507951801642776,-3.0967462861305497e-19
5.17,0.3,0.2904297709465027,0.012942874077725718,-3.545803001681649e-17,0.0019506363896653056,-1.7729227904337203e-19
5.171,0.3,0.29043054580688477,0.012942874077725718,-3.5887366533233564e-17,0.0019504775991663337,1.407951177042438e-20
5.172,0.3,0.29043132066726685,0.012942874077725718,-3.625704347515086e-17,0.0019503188086673617,2.485879629240822e-19
5.173,0.3,0.29043206572532654,0.012942874077725718,-3.656166100752964e-17,0.0019501600181683898,4.974468069763202e-19
5.174,0.3,0.2904328405857086,0.012942874077725718,-3.679671265039271e-17,0.0019500012276694179,7.606536434633511e-19
5.175,0.3,0.2904336154460907,0.012942874077725718,-3.695143182088708e-17,0.001949842437170446,1.0598626243343481e-18
5.176,0.3,0.2904343903064728,0.012942874077725718,-3.704440361301559e-17,0.0019496837630867958,1.3792248471037086e-18
5.1770000000000005,0.3,0.29043516516685486,0.012942874077725718,-3.709547043531216e-17,0.0019495249725878239,1.6985338076452296e-18
5.178,0.3,0.29043591022491455,0.012942874077725718,-3.7104705079670704e-17,0.0019493662985041738,2.01778951532429e-18
5.179,0.3,0.29043668508529663,0.012942874077725718,-3.707220349904227e-17,0.0019492076244205236,2.3369919784572337e-18
5.18,0.3,0.2904374599456787,0.012942874077725718,-3.699344266983742e-17,0.0019490489503368735,2.6719841316363247e-18
5.181,0.3,0.2904382348060608,0.012942874077725718,-3.6881032133313915e-17,0.0019488902762532234,2.9795948540575625e-18
5.182,0.3,0.29043900966644287,0.012942874077725718,-3.675769950398226e-17,0.0019487316021695733,3.2295963137581955e-18
5.183,0.3,0.29043978452682495,0.012942874077725718,-3.662483113654909e-17,0.0019485729280859232,3.481009535981529e-18
5.184,0.3,0.29044052958488464,0.012942874077725718,-3.650377821698563e-17,0.001948414370417595,3.6762763519394495e-18
5.1850000000000005,0.3,0.2904413044452667,0.012942874077725718,-3.642979187427644e-17,0.0019482556963339448,3.773546191265318e-18
5.186,0.3,0.2904420793056488,0.012942874077725718,-3.6379373561580105e-17,0.0019480971386656165,3.821817599182658e-18
5.187,0.3,0.2904428541660309,0.012942874077725718,-3.63512163335288e-17,0.0019479385809972882,3.809616165563763e-18
5.188,0.3,0.2904435992240906,0.012942874077725718,-3.635623566548577e-17,0.0019477799069136381,3.731138159535632e-18
5.189,0.3,0.29044437408447266,0.012942874077725718,-3.637553544353786e-17,0.0019476213492453098,3.6195339246549715e-18
5.19,0.3,0.29044514894485474,0.012942874077725718,-3.639571203303925e-17,0.0019474627915769815,3.505041362746925e-18
5.191,0.3,0.2904459238052368,0.012942874077725718,-3.641629890412447e-17,0.001947304350323975,3.3574285551578743e-18
5.192,0.3,0.2904466986656189,0.012942874077725718,-3.641847935221916e-17,0.0019471457926556468,3.2256832646800426e-18
5.1930000000000005,0.3,0.2904474437236786,0.012942874077725718,-3.6402276538380473e-17,0.0019469872349873185,3.109802846843963e-18
5.194,0.3,0.29044821858406067,0.012942874077725718,-3.637691848952205e-17,0.001946828793734312,2.978098804909742e-18
5.195,0.3,0.29044899344444275,0.012942874077725718,-3.63332334270119e-17,0.0019466702360659838,2.8622596283448558e-18
5.196,0.3,0.29044976830482483,0.012942874077725718,-3.6280455995208564e-17,0.0019465117948129773,2.7305968207969217e-18
5.197,0.3,0.2904505431652069,0.012942874077725718,-3.620352819824113e-17,0.0019463533535599709,2.6350022704704185e-18
5.198,0.3,0.2904512882232666,0.012942874077725718,-3.6116343361678043e-17,0.0019461949123069644,2.575469988488608e-18
5.199,0.3,0.2904520630836487,0.012942874077725718,-3.6032755106418335e-17,0.001946036471053958,2.551993987194826e-18
5.2,0.3,0.29045283794403076,0.012942874077725718,-3.597119301650969e-17,0.0019458780298009515,2.5487253543520102e-18
5.2010000000000005,0.3,0.29045361280441284,0.012942874077725718,-3.5951334064363515e-17,0.0019457197049632668,2.5454573005515697e-18
5.202,0.3,0.29045435786247253,0.012942874077725718,-3.597308229702876e-17,0.0019455612637102604,2.542189825202253e-18
5.203,0.3,0.2904551327228546,0.012942874077725718,-3.604096404681731e-17,0.0019454029388725758,2.523080002631061e-18
5.204,0.3,0.2904559075832367,0.012942874077725718,-3.615029416273967e-17,0.0019452444976195693,2.5039733998992925e-18
5.205,0.3,0.2904566824436188,0.012942874077725718,-3.6296390802528785e-17,0.0019450861727818847,2.5007129420421007e-18
5.206,0.3,0.29045745730400085,0.012942874077725718,-3.6479174556845853e-17,0.0019449278479442,2.513295987464987e-18
5.207,0.3,0.29045820236206055,0.012942874077725718,-3.670315852311296e-17,0.0019447695231065154,2.5258769689420715e-18
5.208,0.3,0.2904589772224426,0.012942874077725718,-3.696827321815866e-17,0.0019446111982688308,2.538455887358129e-18
5.2090000000000005,0.3,0.2904597520828247,0.012942874077725718,-3.7274419380309434e-17,0.0019444528734311461,2.5510327435985516e-18
5.21,0.3,0.2904605269432068,0.012942874077725718,-3.762613988548943e-17,0.0019442946650087833,2.5477646114341652e-18
5.211,0.3,0.2904612720012665,0.012942874077725718,-3.8010378514910113e-17,0.0019441363401710987,2.5732758220405315e-18
5.212,0.3,0.29046204686164856,0.012942874077725718,-3.8413635680974615e-17,0.001943978015333414,2.6419509428678247e-18
5.213,0.3,0.29046282172203064,0.012942874077725718,-3.883205010458354e-17,0.0019438198069110513,2.719189802560534e-18
5.214,0.3,0.2904635965824127,0.012942874077725718,-3.924667934970942e-17,0.0019436615984886885,2.7906015648482287e-18
5.215,0.3,0.2904643416404724,0.012942874077725718,-3.9639904469304877e-17,0.0019435033900663257,2.8532800536073735e-18
5.216,0.3,0.2904651165008545,0.012942874077725718,-3.9979028668116917e-17,0.0019433451816439629,2.9245231673509505e-18
5.2170000000000005,0.3,0.2904658913612366,0.012942874077725718,-4.0254039752011197e-17,0.0019431869732216,2.9597077943812127e-18
5.218,0.3,0.29046666622161865,0.012942874077725718,-4.043613860078107e-17,0.0019430287647992373,3.010729411479361e-18
5.219,0.3,0.29046741127967834,0.012942874077725718,-4.0530109627089544e-17,0.0019428706727921963,3.061742454277453e-18
5.22,0.3,0.2904681861400604,0.012942874077725718,-4.0540733934877176e-17,0.0019427124643698335,3.09690399717691e-18
5.221,0.3,0.2904689610004425,0.012942874077725718,-4.048071370963033e-17,0.0019425543723627925,3.073048647667475e-18
5.222,0.3,0.2904697060585022,0.012942874077725718,-4.036826677715987e-17,0.0019423961639404297,2.975796925078681e-18
5.223,0.3,0.2904704809188843,0.012942874077725718,-4.020650002784655e-17,0.0019422380719333887,2.858504226229244e-18
5.224,0.3,0.29047125577926636,0.012942874077725718,-4.0032054254104016e-17,0.0019420799799263477,2.722627545355769e-18
5.2250000000000005,0.3,0.29047203063964844,0.012942874077725718,-3.9884458763044954e-17,0.0019419218879193068,2.575291393852931e-18
5.226,0.3,0.29047277569770813,0.012942874077725718,-3.977625030403322e-17,0.0019417637959122658,2.42085850471413e-18
5.227,0.3,0.2904735505580902,0.012942874077725718,-3.9750144483901044e-17,0.0019416057039052248,2.2074405156614506e-18
5.228,0.3,0.2904743254184723,0.012942874077725718,-3.980605527586473e-17,0.0019414477283135056,1.9825760587808694e-18
5.229,0.3,0.29047510027885437,0.012942874077725718,-3.994430031727949e-17,0.0019412896363064647,1.792342228992766e-18
5.23,0.3,0.29047584533691406,0.012942874077725718,-4.016097200693163e-17,0.0019411316607147455,1.6813548147929505e-18
5.231,0.3,0.29047662019729614,0.012942874077725718,-4.0483483110321155e-17,0.0019409736851230264,1.554543053724172e-18
5.232,0.3,0.2904773950576782,0.012942874077725718,-4.0890740521827963e-17,0.0019408155931159854,1.4838561003805732e-18
5.2330000000000005,0.3,0.2904781401157379,0.012942874077725718,-4.136490030127806e-17,0.0019406576175242662,1.4505343837567157e-18
5.234,0.3,0.29047891497612,0.012942874077725718,-4.1869295186478195e-17,0.001940499641932547,1.4689609208851907e-18
5.235,0.3,0.2904796898365021,0.012942874077725718,-4.235853612285636e-17,0.0019403417827561498,1.567905611282753e-18
5.236,0.3,0.29048043489456177,0.012942874077725718,-4.2802732111797334e-17,0.0019401838071644306,1.6912514451172909e-18
5.237,0.3,0.29048120975494385,0.012942874077725718,-4.316922937143998e-17,0.0019400258315727115,1.8721338106866877e-18
5.238,0.3,0.2904819846153259,0.012942874077725718,-4.3427147595156464e-17,0.0019398679723963141,2.1537109298530038e-18
5.239,0.3,0.290482759475708,0.012942874077725718,-4.35618787733291e-17,0.001939709996804595,2.4755015632135017e-18
5.24,0.3,0.2904835045337677,0.012942874077725718,-4.355764691731528e-17,0.0019395521376281977,2.8130813843033257e-18
5.2410000000000005,0.3,0.2904842793941498,0.012942874077725718,-4.3400492527097555e-17,0.0019393942784518003,3.2154301940490863e-18
5.242,0.3,0.29048505425453186,0.012942874077725718,-4.31040806263953e-17,0.001939236419275403,3.652305011893301e-18
5.243,0.3,0.29048579931259155,0.012942874077725718,-4.267288460796121e-17,0.0019390785600990057,4.14099668956843e-18
5.244,0.3,0.29048657417297363,0.012942874077725718,-4.212892732842389e-17,0.0019389207009226084,4.654171762221155e-18
5.245,0.3,0.2904873490333557,0.012942874077725718,-4.148675393167447e-17,0.001938762841746211,5.2379012998015195e-18
5.246,0.3,0.2904880940914154,0.012942874077725718,-4.078383569946161e-17,0.0019386050989851356,5.843191128994645e-18
5.247,0.3,0.2904888689517975,0.012942874077725718,-4.004082236859708e-17,0.0019384472398087382,6.4629168307300864e-18
5.248,0.3,0.29048964381217957,0.012942874077725718,-3.932739894260479e-17,0.0019382894970476627,7.016407762639169e-18
5.249,0.3,0.29049038887023926,0.012942874077725718,-3.867299981640184e-17,0.0019381317542865872,7.545389063908801e-18
5.25,0.3,0.29049116373062134,0.012942874077725718,-3.811440805746723e-17,0.00193797389511019,8.002336079715022e-18
5.251,0.3,0.2904919385910034,0.012942874077725718,-3.767124108120827e-17,0.0019378161523491144,8.398742699552818e-18
5.252,0.3,0.2904926836490631,0.012942874077725718,-3.7347925958263346e-17,0.001937658409588039,8.750461952324985e-18
5.253,0.3,0.2904934585094452,0.012942874077725718,-3.7168986939433425e-17,0.0019375007832422853,9.00415772109438e-18
5.2540000000000004,0.3,0.29049423336982727,0.012942874077725718,-3.7116596628156766e-17,0.0019373430404812098,9.188624771622094e-18
5.255,0.3,0.29049497842788696,0.012942874077725718,-3.717122694453222e-17,0.0019371852977201343,9.306782027304921e-18
5.256,0.3,0.29049575328826904,0.012942874077725718,-3.732931770320335e-17,0.0019370276713743806,9.338436464490452e-18
5.257,0.3,0.29049649834632874,0.012942874077725718,-3.7553831065062496e-17,0.001936870045028627,9.331131241156447e-18
5.258,0.3,0.2904972732067108,0.012942874077725718,-3.783075128181055e-17,0.0019367123022675514,9.253186962119716e-18
5.259,0.3,0.2904980480670929,0.012942874077725718,-3.812688524982698e-17,0.0019365546759217978,9.139208660804768e-18
5.26,0.3,0.2904987931251526,0.012942874077725718,-3.842835949587806e-17,0.001936397049576044,8.989202320751453e-18
5.261,0.3,0.29049956798553467,0.012942874077725718,-3.8720470057395035e-17,0.0019362394232302904,8.806081385321423e-18
5.2620000000000005,0.3,0.29050034284591675,0.012942874077725718,-3.899865089739662e-17,0.0019360817968845367,8.589851366179906e-18
5.263,0.3,0.29050108790397644,0.012942874077725718,-3.9263758974997413e-17,0.001935924286954105,8.321767373652874e-18
5.264,0.3,0.2905018627643585,0.012942874077725718,-3.9491538045914915e-17,0.0019357666606083512,8.037885103680892e-18
5.265,0.3,0.2905026376247406,0.012942874077725718,-3.966739995286614e-17,0.0019356091506779194,7.78864345628417e-18
5.266,0.3,0.2905033826828003,0.012942874077725718,-3.981030698421325e-17,0.0019354515243321657,7.54089707307082e-18
5.267,0.3,0.2905041575431824,0.012942874077725718,-3.992451746574967e-17,0.0019352940144017339,7.296099464016679e-18
5.268,0.3,0.29050490260124207,0.012942874077725718,-4.000508816613479e-17,0.001935136504471302,7.103232684888308e-18
5.269,0.3,0.29050567746162415,0.012942874077725718,-4.00855926920709e-17,0.0019349789945408702,6.894555121140268e-18
5.2700000000000005,0.3,0.2905064523220062,0.012942874077725718,-4.015599237964406e-17,0.0019348214846104383,6.704662785623293e-18
5.271,0.3,0.2905071973800659,0.012942874077725718,-4.023097464781077e-17,0.0019346639746800065,6.514802102698151e-18
5.272,0.3,0.290507972240448,0.012942874077725718,-4.0292540046441865e-17,0.0019345065811648965,6.3868909993073255e-18
5.273,0.3,0.2905087172985077,0.012942874077725718,-4.033650304163783e-17,0.0019343490712344646,6.319465368993526e-18
5.274,0.3,0.29050949215888977,0.012942874077725718,-4.036281731128437e-17,0.0019341916777193546,6.280829264648197e-18
5.275,0.3,0.29051023721694946,0.012942874077725718,-4.036185447305136e-17,0.0019340341677889228,6.272431654558583e-18
5.276,0.3,0.29051101207733154,0.012942874077725718,-4.0338236812201744e-17,0.0019338767742738128,6.26258164009649e-18
5.277,0.3,0.2905117869377136,0.012942874077725718,-4.0274421482304503e-17,0.0019337193807587028,6.295900654555026e-18
5.2780000000000005,0.3,0.2905125319957733,0.012942874077725718,-4.014615223907713e-17,0.0019335619872435927,6.408428711034667e-18
5.279,0.3,0.2905133068561554,0.012942874077725718,-3.996101598309796e-17,0.0019334045937284827,6.574281941986429e-18
5.28,0.3,0.2905140519142151,0.012942874077725718,-3.9730053921183356e-17,0.0019332472002133727,6.819322140213376e-18
5.281,0.3,0.29051482677459717,0.012942874077725718,-3.944201308828014e-17,0.0019330898066982627,7.182490977366537e-18
5.282,0.3,0.29051560163497925,0.012942874077725718,-3.913467578604729e-17,0.0019329325295984745,7.613332410375857e-18
5.283,0.3,0.29051634669303894,0.012942874077725718,-3.882693151095306e-17,0.0019327751360833645,8.094538445256258e-18
5.284,0.3,0.290517121553421,0.012942874077725718,-3.852337938720325e-17,0.0019326178589835763,8.641943627726882e-18
5.285,0.3,0.2905178666114807,0.012942874077725718,-3.822946226322846e-17,0.0019324605818837881,9.268472228235213e-18
5.2860000000000005,0.3,0.2905186414718628,0.012942874077725718,-3.7960191812785296e-17,0.001932303304784,9.92222081774261e-18
5.287,0.3,0.2905193865299225,0.012942874077725718,-3.771545884803291e-17,0.0019321460276842117,1.055565606127111e-17
5.288,0.3,0.29052016139030457,0.012942874077725718,-3.747090124557038e-17,0.0019319887505844235,1.1204828660609889e-17
5.289,0.3,0.29052090644836426,0.012942874077725718,-3.725956652523043e-17,0.0019318314734846354,1.1755927848895725e-17
5.29,0.3,0.29052168130874634,0.012942874077725718,-3.706342876710431e-17,0.0019316741963848472,1.2239201972174435e-17
5.291,0.3,0.29052242636680603,0.012942874077725718,-3.6886197049058696e-17,0.0019315170357003808,1.2594198290365717e-17
5.292,0.3,0.2905232012271881,0.012942874077725718,-3.672747432439957e-17,0.0019313597586005926,1.2806549093987085e-17
5.293,0.3,0.2905239462852478,0.012942874077725718,-3.6577661989298867e-17,0.0019312025979161263,1.2909417855753444e-17
5.2940000000000005,0.3,0.2905247211456299,0.012942874077725718,-3.642761804362665e-17,0.0019310454372316599,1.2950351606746997e-17
5.295,0.3,0.29052549600601196,0.012942874077725718,-3.6295788615042847e-17,0.0019308882765471935,1.2881831900409135e-17
5.296,0.3,0.29052624106407166,0.012942874077725718,-3.619228185063286e-17,0.0019307311158627272,1.268512634494433e-17
5.297,0.3,0.29052701592445374,0.012942874077725718,-3.610242025760755e-17,0.0019305739551782608,1.239484987205294e-17
5.298,0.3,0.2905277609825134,0.012942874077725718,-3.6028371049171804e-17,0.0019304167944937944,1.2019591683634839e-17
5.299,0.3,0.2905285358428955,0.012942874077725718,-3.593907855640793e-17,0.00193025975022465,1.1602682716015907e-17
5.3,0.3,0.2905292809009552,0.012942874077725718,-3.586814947324273e-17,0.0019301025895401835,1.1092239546166948e-17
5.301,0.3,0.2905300557613373,0.012942874077725718,-3.580306690264706e-17,0.001929945545271039,1.0547287844555375e-17
5.3020000000000005,0.3,0.290530800819397,0.012942874077725718,-3.5734189227400995e-17,0.0019297883845865726,9.969287227822583e-18
5.303,0.3,0.29053157567977905,0.012942874077725718,-3.5661506521337185e-17,0.0019296313403174281,9.34240027149485e-18
5.304,0.3,0.29053232073783875,0.012942874077725718,-3.554907944120143e-17,0.0019294742960482836,8.774627820916754e-18
5.305,0.3,0.29053306579589844,0.012942874077725718,-3.5385999129075373e-17,0.001929317251779139,8.255932637615791e-18
5.306,0.3,0.2905338406562805,0.012942874077725718,-3.5163570262359864e-17,0.0019291602075099945,7.832381430775311e-18
5.307,0.3,0.2905345857143402,0.012942874077725718,-3.48810285261689e-17,0.00192900316324085,7.506866138446375e-18
5.308,0.3,0.2905353605747223,0.012942874077725718,-3.4552273863515826e-17,0.0019288462353870273,7.263527510639054e-18
5.309,0.3,0.290536105632782,0.012942874077725718,-3.4182405015696415e-17,0.0019286891911178827,7.116740886228542e-18
5.3100000000000005,0.3,0.29053688049316406,0.012942874077725718,-3.379280294718394e-17,0.00192853226326406,7.008934114199206e-18
5.311,0.3,0.29053762555122375,0.012942874077725718,-3.3389843566139957e-17,0.0019283752189949155,6.997656786021674e-18
5.312,0.3,0.29053840041160583,0.012942874077725718,-3.2968927748358673e-17,0.0019282182911410928,7.114578671225607e-18
5.313,0.3,0.2905391454696655,0.012942874077725718,-3.2558073755548485e-17,0.00192806136328727,7.279009863465726e-18
5.314,0.3,0.2905399203300476,0.012942874077725718,-3.214802709101615e-17,0.0019279044354334474,7.522628295062866e-18
5.315,0.3,0.2905406653881073,0.012942874077725718,-3.17533990731018e-17,0.0019277475075796247,7.794984138134631e-18
5.316,0.3,0.2905414402484894,0.012942874077725718,-3.1366599492504654e-17,0.0019275906961411238,8.090256867651171e-18
5.317,0.3,0.2905421853065491,0.012942874077725718,-3.0972431387010885e-17,0.001927433768287301,8.365275647453334e-18
5.3180000000000005,0.3,0.29054293036460876,0.012942874077725718,-3.055665070647233e-17,0.0019272768404334784,8.621497769711132e-18
5.319,0.3,0.29054370522499084,0.012942874077725718,-3.012472015165429e-17,0.0019271200289949775,8.808489694516219e-18
5.32,0.3,0.29054445028305054,0.012942874077725718,-2.9658653507317413e-17,0.0019269632175564766,8.924808987469802e-18
5.321,0.3,0.2905452251434326,0.012942874077725718,-2.913462466309772e-17,0.0019268062897026539,8.973375288023027e-18
5.322,0.3,0.2905459702014923,0.012942874077725718,-2.8523857659845715e-17,0.001926649478264153,9.006090497970636e-18
5.323,0.3,0.2905467450618744,0.012942874077725718,-2.783990502471747e-17,0.0019264926668256521,8.976882438500249e-18
5.324,0.3,0.2905474901199341,0.012942874077725718,-2.7092605243918688e-17,0.001926335971802473,8.868464553594892e-18
5.325,0.3,0.2905482351779938,0.012942874077725718,-2.6267034324837688e-17,0.0019261791603639722,8.732740707449141e-18
5.3260000000000005,0.3,0.29054901003837585,0.012942874077725718,-2.5377226213747046e-17,0.0019260223489254713,8.569715470845142e-18
5.327,0.3,0.29054975509643555,0.012942874077725718,-2.4437171843527482e-17,0.0019258656539022923,8.379393415942334e-18
5.328,0.3,0.2905505299568176,0.012942874077725718,-2.3470047160581508e-17,0.0019257088424637914,8.130093263464908e-18
5.329,0.3,0.2905512750148773,0.012942874077725718,-2.2489791812591867e-17,0.0019255521474406123,7.821824864878631e-18
5.33,0.3,0.290552020072937,0.012942874077725718,-2.1482702725531006e-17,0.0019253954524174333,7.549655621512888e-18
5.331,0.3,0.2905527949333191,0.012942874077725718,-2.046350702302482e-17,0.0019252387573942542,7.310671570851923e-18
5.332,0.3,0.2905535399913788,0.012942874077725718,-1.9430963934154477e-17,0.0019250820623710752,7.125072076706632e-18
5.333,0.3,0.2905542850494385,0.012942874077725718,-1.8401054588354503e-17,0.001924925367347896,7.00142124065612e-18
5.3340000000000005,0.3,0.29055505990982056,0.012942874077725718,-1.7363248976427098e-17,0.001924768672324717,6.959913640056072e-18
5.335,0.3,0.29055580496788025,0.012942874077725718,-1.6326338373922475e-17,0.001924611977301538,7.001989596982815e-18
5.336,0.3,0.29055657982826233,0.012942874077725718,-1.532004834333334e-17,0.0019244553986936808,7.072836416764545e-18
5.337,0.3,0.290557324886322,0.012942874077725718,-1.4319995254562855e-17,0.0019242987036705017,7.224340081724655e-18
5.338,0.3,0.2905580699443817,0.012942874077725718,-1.3327405816459436e-17,0.0019241421250626445,7.467968053969843e-18
5.339,0.3,0.2905588448047638,0.012942874077725718,-1.2335890058791111e-17,0.0019239855464547873,7.793678090448796e-18
5.34,0.3,0.2905595898628235,0.012942874077725718,-1.1364273785118974e-17,0.00192382896784693,8.168316658066869e-18
5.341,0.3,0.2905603349208832,0.012942874077725718,-1.0422977816799968e-17,0.0019236723892390728,8.571670624750362e-18
5.3420000000000005,0.3,0.29056110978126526,0.012942874077725718,-9.511053377671496e-18,0.0019235158106312156,8.974957386739096e-18
5.343,0.3,0.29056185483932495,0.012942874077725718,-8.605426264546389e-18,0.0019233592320233583,9.457391580949785e-18
5.344,0.3,0.29056259989738464,0.012942874077725718,-7.719850009469568e-18,0.001923202769830823,9.971431240218046e-18
5.345,0.3,0.2905633747577667,0.012942874077725718,-6.863480261051075e-18,0.0019230461912229657,1.0485385246989269e-17
5.346,0.3,0.2905641198158264,0.012942874077725718,-6.027893425522977e-18,0.0019228897290304303,1.1028031391214756e-17
5.347,0.3,0.2905648648738861,0.012942874077725718,-5.208824973237257e-18,0.001922733150422573,1.1582067910824297e-17
5.348,0.3,0.2905656397342682,0.012942874077725718,-4.395717184445594e-18,0.0019225766882300377,1.2136012093946913e-17
5.349,0.3,0.2905663847923279,0.012942874077725718,-3.5801973369877265e-18,0.0019224202260375023,1.271864171068384e-17
5.3500000000000005,0.3,0.2905671298503876,0.012942874077725718,-2.756775639933293e-18,0.0019222637638449669,1.3317017143501171e-17
5.351,0.3,0.29056790471076965,0.012942874077725718,-1.9300634184021234e-18,0.0019221073016524315,1.3915292842832543e-17
5.352,0.3,0.29056864976882935,0.012942874077725718,-1.0875253705964362e-18,0.001921950955875218,1.4556635425692824e-17
5.353,0.3,0.29056939482688904,0.012942874077725718,-2.2785765307569466e-19,0.0019217944936826825,1.5197871103451772e-17
5.354,0.3,0.29057013988494873,0.012942874077725718,6.489054061646803e-19,0.0019216380314901471,1.583899989360553e-17
5.355,0.3,0.2905709147453308,0.012942874077725718,1.5389718044015925e-18,0.0019214816857129335,1.646708702662081e-17
5.356,0.3,0.2905716598033905,0.012942874077725718,2.4288897237185514e-18,0.00192132533993572,1.7067745838189982e-17
5.357,0.3,0.2905724048614502,0.012942874077725718,3.299341808475453e-18,0.0019211688777431846,1.7622229843674682e-17
5.3580000000000005,0.3,0.2905731797218323,0.012942874077725718,4.149905989764742e-18,0.001921012531965971,1.8144935591537142e-17
5.359,0.3,0.29057392477989197,0.012942874077725718,4.981869774209858e-18,0.0019208561861887574,1.86402306280451e-17
5.36,0.3,0.29057466983795166,0.012942874077725718,5.769659218812498e-18,0.0019206999568268657,1.906770917152149e-17
5.361,0.3,0.29057541489601135,0.012942874077725718,6.541412940060185e-18,0.001920543611049652,1.9476365369418597e-17
5.362,0.3,0.29057618975639343,0.012942874077725718,7.284217821410353e-18,0.0019203872652724385,1.9789895907066785e-17
5.363,0.3,0.2905769348144531,0.012942874077725718,8.003106429709776e-18,0.0019202310359105468,2.002561366147137e-17
5.364,0.3,0.2905776798725128,0.012942874077725718,8.706008118310387e-18,0.0019200746901333332,2.0226698080776674e-17
5.365,0.3,0.2905784249305725,0.012942874077725718,9.379999844502269e-18,0.0019199184607714415,2.03168485069369e-17
5.3660000000000005,0.3,0.2905791997909546,0.012942874077725718,1.0058152289175293e-17,0.0019197622314095497,2.0409892120607433e-17
5.367,0.3,0.2905799448490143,0.012942874077725718,1.0702753461022554e-17,0.001919606002047658,2.0407862680248312e-17
5.368,0.3,0.290580689907074,0.012942874077725718,1.131842316376516e-17,0.0019194497726857662,2.0326618956498878e-17
5.369,0.3,0.29058143496513367,0.012942874077725718,1.1906022492420779e-17,0.0019192935433238745,2.0169082389035754e-17
5.37,0.3,0.29058220982551575,0.012942874077725718,1.2465537384918997e-17,0.0019191373139619827,1.9966951557765782e-17
5.371,0.3,0.29058295488357544,0.012942874077725718,1.2978131284350758e-17,0.001918981084600091,1.968709393326191e-17
5.372,0.3,0.29058369994163513,0.012942874077725718,1.3457651194170198e-17,0.001918824971653521,1.9392894176669924e-17
5.373,0.3,0.2905844449996948,0.012942874077725718,1.3899962865675778e-17,0.0019186687422916293,1.9085808818138763e-17
5.3740000000000006,0.3,0.2905851900577545,0.012942874077725718,1.4286262829182943e-17,0.0019185126293450594,1.8732700033779504e-17
5.375,0.3,0.2905859649181366,0.012942874077725718,1.4630014276341604e-17,0.0019183565163984895,1.839549306223506e-17
5.376,0.3,0.2905867099761963,0.012942874077725718,1.4943851563827898e-17,0.0019182004034519196,1.8117351598106172e-17
5.377,0.3,0.290587455034256,0.012942874077725718,1.524171764804702e-17,0.0019180442905053496,1.789826577565775e-17
5.378,0.3,0.2905882000923157,0.012942874077725718,1.5537533978708232e-17,0.0019178881775587797,1.7738225731542116e-17
5.3790000000000004,0.3,0.29058894515037537,0.012942874077725718,1.583597908935614e-17,0.0019177320646122098,1.760553575368433e-17
5.38,0.3,0.29058972001075745,0.012942874077725718,1.614298221062152e-17,0.0019175760680809617,1.7472867883880645e-17
5.381,0.3,0.29059046506881714,0.012942874077725718,1.6463124268736694e-17,0.0019174199551343918,1.7356065043548283e-17
5.382,0.3,0.29059121012687683,0.012942874077725718,1.6791787941522388e-17,0.0019172639586031437,1.7239281663684258e-17
5.383,0.3,0.2905919551849365,0.012942874077725718,1.7128953376643903e-17,0.0019171078456565738,1.7122517740966036e-17
5.384,0.3,0.2905927002429962,0.012942874077725718,1.7474604030488986e-17,0.0019169518491253257,1.700577327207234e-17
5.385,0.3,0.2905934453010559,0.012942874077725718,1.7824120926517142e-17,0.0019167958525940776,1.6873205328759732e-17
5.386,0.3,0.290594220161438,0.012942874077725718,1.817749082983857e-17,0.0019166398560628295,1.672481654823693e-17
5.3870000000000005,0.3,0.2905949652194977,0.012942874077725718,1.8539293012324365e-17,0.0019164838595315814,1.6576452492421645e-17
5.388,0.3,0.2905957102775574,0.012942874077725718,1.89095192021684e-17,0.0019163278630003333,1.6428113157353824e-17
5.389,0.3,0.29059645533561707,0.012942874077725718,1.929819979147849e-17,0.001916171982884407,1.6314392766079934e-17
5.39,0.3,0.29059720039367676,0.012942874077725718,1.969105598852075e-17,0.001916015986353159,1.6217988445518432e-17
5.391,0.3,0.29059794545173645,0.012942874077725718,2.0088498074879004e-17,0.0019158601062372327,1.615619443728523e-17
5.392,0.3,0.29059869050979614,0.012942874077725718,2.0481718231390787e-17,0.0019157041097059846,1.61304591864411e-17
5.393,0.3,0.2905994653701782,0.012942874077725718,2.0861493394226133e-17,0.0019155482295900583,1.615661962953556e-17
5.394,0.3,0.2906002104282379,0.012942874077725718,2.119979041242562e-17,0.001915392349474132,1.618568415658526e-17
5.3950000000000005,0.3,0.2906009554862976,0.012942874077725718,2.1501688174950324e-17,0.0019152364693582058,1.626663528061438e-17
5.396,0.3,0.2906017005443573,0.012942874077725718,2.1747137478113183e-17,0.0019150805892422795,1.6377804597147115e-17
5.397,0.3,0.290602445602417,0.012942874077725718,2.1944641738611245e-17,0.001914924825541675,1.6532121554959563e-17
5.398,0.3,0.2906031906604767,0.012942874077725718,2.209102623725353e-17,0.0019147689454257488,1.6670569903026855e-17
5.399,0.3,0.2906039357185364,0.012942874077725718,2.2199352155912248e-17,0.0019146130653098226,1.683777261381768e-17
5.4,0.3,0.29060468077659607,0.012942874077725718,2.2270157161985562e-17,0.0019144573016092181,1.700349325845199e-17
5.401,0.3,0.29060542583465576,0.012942874077725718,2.2316495819900783e-17,0.0019143015379086137,1.7196509465363016e-17
5.402,0.3,0.29060620069503784,0.012942874077725718,2.2344350299847894e-17,0.0019141456577926874,1.7389493516957922e-17
5.4030000000000005,0.3,0.29060694575309753,0.012942874077725718,2.235375203469017e-17,0.001913989894092083,1.758244541819298e-17
5.404,0.3,0.2906076908111572,0.012942874077725718,2.234013664180755e-17,0.0019138341303914785,1.775952224923189e-17
5.405,0.3,0.2906084358692169,0.012942874077725718,2.2308141295713997e-17,0.001913678366690874,1.793656958082267e-17
5.406,0.3,0.2906091809272766,0.012942874077725718,2.2253199959428225e-17,0.0019135227194055915,1.809774449317502e-17
5.407,0.3,0.2906099259853363,0.012942874077725718,2.2169481009631733e-17,0.001913366955704987,1.8222843953072836e-17
5.408,0.3,0.290610671043396,0.012942874077725718,2.2062088150703974e-17,0.0019132111920043826,1.828164235766979e-17
5.409,0.3,0.2906114161014557,0.012942874077725718,2.1946565760716043e-17,0.0019130555447191,1.8295810701187486e-17
5.41,0.3,0.2906121611595154,0.012942874077725718,2.179482940351054e-17,0.0019128998974338174,1.8200530475204548e-17
5.4110000000000005,0.3,0.2906129062175751,0.012942874077725718,2.161021427131728e-17,0.001912744133733213,1.8023142981990743e-17
5.412,0.3,0.29061365127563477,0.012942874077725718,2.1413302272137807e-17,0.0019125884864479303,1.7802619085908228e-17
5.413,0.3,0.29061439633369446,0.012942874077725718,2.119860092670477e-17,0.0019124328391626477,1.7567743302426543e-17
5.414,0.3,0.29061514139175415,0.012942874077725718,2.0947710429472535e-17,0.0019122771918773651,1.7270989256443585e-17
5.415,0.3,0.29061588644981384,0.012942874077725718,2.064181407586675e-17,0.0019121216610074043,1.6863384214467708e-17
5.416,0.3,0.29061663150787354,0.012942874077725718,2.029811225954484e-17,0.0019119660137221217,1.6403955501500588e-17
5.417,0.3,0.2906173765659332,0.012942874077725718,1.9930503269158925e-17,0.001911810366436839,1.589271173361293e-17
5.418,0.3,0.2906181216239929,0.012942874077725718,1.9567523181480856e-17,0.0019116548355668783,1.538009888000496e-17
5.4190000000000005,0.3,0.2906188666820526,0.012942874077725718,1.9214201254634956e-17,0.0019114991882815957,1.486757145551438e-17
5.42,0.3,0.2906196117401123,0.012942874077725718,1.8865915203358278e-17,0.001911343657411635,1.433928652123215e-17
5.421,0.3,0.290620356798172,0.012942874077725718,1.8527254225689268e-17,0.0019111881265416741,1.381108962817419e-17
5.422,0.3,0.2906211018562317,0.012942874077725718,1.8198195160570773e-17,0.0019110325956717134,1.3282980761703606e-17
5.423,0.3,0.2906218469142914,0.012942874077725718,1.788459444673967e-17,0.0019108770648017526,1.2775165754348308e-17
5.424,0.3,0.2906225919723511,0.012942874077725718,1.756585363258216e-17,0.0019107215339317918,1.2264526765067279e-17
5.425,0.3,0.29062333703041077,0.012942874077725718,1.7279698771475566e-17,0.0019105661194771528,1.1849030427577904e-17
5.426,0.3,0.29062408208847046,0.012942874077725718,1.7023572220965872e-17,0.001910410588607192,1.1519934978456104e-17
5.4270000000000005,0.3,0.29062482714653015,0.012942874077725718,1.681304979198745e-17,0.0019102550577372313,1.1235514487153936e-17
5.428,0.3,0.29062557220458984,0.012942874077725718,1.6666511437751232e-17,0.0019100996432825923,1.1027447343605176e-17
5.429,0.3,0.29062631726264954,0.012942874077725718,1.6579718684798493e-17,0.0019099442288279533,1.0849646362502796e-17
5.43,0.3,0.29062706232070923,0.012942874077725718,1.657602449618283e-17,0.0019097888143733144,1.0766932522443932e-17
5.431,0.3,0.2906278073787689,0.012942874077725718,1.6650710633690244e-17,0.0019096333999186754,1.076344705071679e-17
5.432,0.3,0.2906285524368286,0.012942874077725718,1.6804091425953502e-17,0.0019094779854640365,1.0840631080368643e-17
5.433,0.3,0.2906292974948883,0.012942874077725718,1.7013434295378422e-17,0.0019093225710093975,1.0936553815938889e-17
5.434,0.3,0.290630042552948,0.012942874077725718,1.727443459405728e-17,0.0019091671565547585,1.1068509417255934e-17
5.4350000000000005,0.3,0.2906307876110077,0.012942874077725718,1.7567278037596977e-17,0.0019090118585154414,1.1216285929923692e-17
5.436,0.3,0.2906315326690674,0.012942874077725718,1.7888154632096097e-17,0.0019088564440608025,1.1366946495766558e-17
5.437,0.3,0.2906322777271271,0.012942874077725718,1.8209775689146515e-17,0.0019087011460214853,1.1458573304528529e-17
5.438,0.3,0.29063302278518677,0.012942874077725718,1.8527039158730004e-17,0.0019085458479821682,1.1521407706574027e-17
5.439,0.3,0.29063376784324646,0.012942874077725718,1.883949009150966e-17,0.0019083904335275292,1.1585686001666865e-17
5.44,0.3,0.29063451290130615,0.012942874077725718,1.912955089946873e-17,0.0019082351354882121,1.1606787913279979e-17
5.441,0.3,0.29063525795936584,0.012942874077725718,1.9387996864416022e-17,0.0019080799538642168,1.1600563582887892e-17
5.442,0.3,0.29063600301742554,0.012942874077725718,1.9589693276258502e-17,0.0019079246558248997,1.15280598745337e-17
5.4430000000000005,0.3,0.29063671827316284,0.012942874077725718,1.9759884032930063e-17,0.0019077693577855825,1.1444088473980083e-17
5.444,0.3,0.29063746333122253,0.012942874077725718,1.987052936602638e-17,0.0019076140597462654,1.12996681614531e-17
5.445,0.3,0.2906382083892822,0.012942874077725718,1.9914977089061305e-17,0.00190745887812227,1.1103380036595849e-17
5.446,0.3,0.2906389534473419,0.012942874077725718,1.991807901635838e-17,0.0019073036964982748,1.0892736117927137e-17
5.447,0.3,0.2906396985054016,0.012942874077725718,1.9874450202129882e-17,0.0019071483984589577,1.0664830024383063e-17
5.448,0.3,0.2906404435634613,0.012942874077725718,1.9785025360468e-17,0.0019069932168349624,1.0406730488656555e-17
5.449,0.3,0.290641188621521,0.012942874077725718,1.963145597102508e-17,0.001906838035210967,1.0070913776035524e-17
5.45,0.3,0.2906419336795807,0.012942874077725718,1.942635488378133e-17,0.0019066828535869718,9.71640134164751e-18
5.4510000000000005,0.3,0.2906426787376404,0.012942874077725718,1.9174867162146834e-17,0.0019065276719629765,9.32880776703842e-18
5.452,0.3,0.2906433939933777,0.012942874077725718,1.8891321228692232e-17,0.0019063724903389812,8.941278815228375e-18
5.453,0.3,0.2906441390514374,0.012942874077725718,1.857493457055805e-17,0.0019062174251303077,8.55090565408237e-18
5.454,0.3,0.29064488410949707,0.012942874077725718,1.8252153806288832e-17,0.0019060622435063124,8.216697198984862e-18
5.455,0.3,0.29064562916755676,0.012942874077725718,1.7945696624227736e-17,0.001905907178297639,7.9371896366186e-18
5.456,0.3,0.29064637422561646,0.012942874077725718,1.7671560697421537e-17,0.0019057521130889654,7.672117142099031e-18
5.457,0.3,0.29064711928367615,0.012942874077725718,1.7452311512980682e-17,0.0019055969314649701,7.483394576444939e-18
5.458,0.3,0.29064786434173584,0.012942874077725718,1.7310501323125816e-17,0.0019054418662562966,7.417083547096075e-18
5.4590000000000005,0.3,0.29064857959747314,0.012942874077725718,1.7241909852371694e-17,0.0019052868010476232,7.411246365863343e-18
5.46,0.3,0.29064932465553284,0.012942874077725718,1.725189392236521e-17,0.0019051318522542715,7.452938883760126e-18
5.461,0.3,0.29065006971359253,0.012942874077725718,1.7334458128026577e-17,0.001904976787045598,7.521946939418892e-18
5.462,0.3,0.2906508147716522,0.012942874077725718,1.7513375640160572e-17,0.0019048217218369246,7.652860691739352e-18
5.463,0.3,0.2906515598297119,0.012942874077725718,1.779438047477341e-17,0.001904666773043573,7.850033151144817e-18
5.464,0.3,0.2906522750854492,0.012942874077725718,1.8162189642867565e-17,0.0019045117078348994,8.093247019383332e-18
5.465,0.3,0.2906530201435089,0.012942874077725718,1.8607894409245837e-17,0.0019043567590415478,8.33642029287364e-18
5.466,0.3,0.2906537652015686,0.012942874077725718,1.9145565116127756e-17,0.0019042018102481961,8.628536205434249e-18
5.4670000000000005,0.3,0.2906545102596283,0.012942874077725718,1.9751594028831056e-17,0.0019040468614548445,8.90476045117776e-18
5.468,0.3,0.290655255317688,0.012942874077725718,2.0428371699326017e-17,0.0019038919126614928,9.173822452505942e-18
5.469,0.3,0.2906559705734253,0.012942874077725718,2.1155986235907262e-17,0.0019037369638681412,9.463045896922107e-18
5.47,0.3,0.290656715631485,0.012942874077725718,2.1912550439566637e-17,0.0019035820150747895,9.745105002865998e-18
5.471,0.3,0.2906574606895447,0.012942874077725718,2.2678233482298798e-17,0.0019034270662814379,1.0047323437433525e-17
5.472,0.3,0.29065820574760437,0.012942874077725718,2.3425788034726246e-17,0.001903272233903408,1.0323623564690162e-17
5.473,0.3,0.29065895080566406,0.012942874077725718,2.413966806441666e-17,0.0019031172851100564,1.058403473787748e-17
5.474,0.3,0.29065966606140137,0.012942874077725718,2.4801516779216264e-17,0.0019029624527320266,1.0765187907330166e-17
5.4750000000000005,0.3,0.29066041111946106,0.012942874077725718,2.5411817252602788e-17,0.0019028076203539968,1.0868550769524059e-17
5.476,0.3,0.29066115617752075,0.012942874077725718,2.5965586548566214e-17,0.001902652787975967,1.089268180708144e-17
5.477,0.3,0.29066190123558044,0.012942874077725718,2.6476291167478903e-17,0.0019024978391826153,1.0883668504808607e-17
5.478,0.3,0.29066261649131775,0.012942874077725718,2.695824298829925e-17,0.0019023431232199073,1.0874656724957357e-17
5.479,0.3,0.29066336154937744,0.012942874077725718,2.7411079705918954e-17,0.0019021882908418775,1.086419196759599e-17
5.48,0.3,0.29066410660743713,0.012942874077725718,2.78294229919952e-17,0.0019020334584638476,1.0817679612696964e-17
5.481,0.3,0.2906648516654968,0.012942874077725718,2.8227174443902546e-17,0.0019018787425011396,1.0735125647547195e-17
5.482,0.3,0.29066556692123413,0.012942874077725718,2.8614023655336446e-17,0.0019017239101231098,1.0602147644867413e-17
5.4830000000000005,0.3,0.2906663119792938,0.012942874077725718,2.901386952855478e-17,0.0019015691941604018,1.0469191795246255e-17
5.484,0.3,0.2906670570373535,0.012942874077725718,2.942668559377794e-17,0.001901414361782372,1.0336258094833968e-17
5.485,0.3,0.2906677722930908,0.012942874077725718,2.985704450543213e-17,0.001901259645819664,1.021918946442049e-17
5.486,0.3,0.2906685173511505,0.012942874077725718,3.0304923102460193e-17,0.001901104929856956,1.0117983259641428e-17
5.487,0.3,0.2906692624092102,0.012942874077725718,3.076569909959918e-17,0.0019009503303095698,1.0016793912297072e-17
5.488,0.3,0.2906700074672699,0.012942874077725718,3.124393853383039e-17,0.0019007956143468618,9.931464344062056e-18
5.489,0.3,0.2906707227230072,0.012942874077725718,3.1730406760795276e-17,0.0019006408983841538,9.83030606325727e-18
5.49,0.3,0.2906714677810669,0.012942874077725718,3.221714961172353e-17,0.0019004861824214458,9.685999472000452e-18
5.4910000000000005,0.3,0.2906722128391266,0.012942874077725718,3.269948193562565e-17,0.0019003315828740597,9.530237630869101e-18
5.492,0.3,0.2906729280948639,0.012942874077725718,3.316732205519584e-17,0.0019001769833266735,9.375956304868502e-18
5.493,0.3,0.2906736731529236,0.012942874077725718,3.3598511456185034e-17,0.0019000222673639655,9.162692652861129e-18
5.494,0.3,0.2906744182109833,0.012942874077725718,3.398842454460783e-17,0.0018998676678165793,8.922142374841208e-18
5.495,0.3,0.2906751334667206,0.012942874077725718,3.43186946021431e-17,0.0018997130682691932,8.638467114239795e-18
5.496,0.3,0.2906758785247803,0.012942874077725718,3.4583481733666227e-17,0.001899558468721807,8.33899625371962e-18
5.497,0.3,0.29067662358283997,0.012942874077725718,3.479213308009905e-17,0.0018994038691744208,8.055418274848991e-18
5.498,0.3,0.29067733883857727,0.012942874077725718,3.494475782928244e-17,0.0018992493860423565,7.78773052772533e-18
5.4990000000000006,0.3,0.29067808389663696,0.012942874077725718,3.503227353809055e-17,0.0018990947864949703,7.504244515942586e-18
5.5,0.3,0.29067882895469666,0.012942874077725718,3.506817979412025e-17,0.0018989401869475842,7.251037073736278e-18
5.501,0.3,0.29067954421043396,0.012942874077725718,3.506098001406859e-17,0.0018987857038155198,7.041036920452615e-18
5.502,0.3,0.29068028926849365,0.012942874077725718,3.5028825849297426e-17,0.0018986312206834555,6.888625180267536e-18
5.503,0.3,0.29068103432655334,0.012942874077725718,3.4990259380417754e-17,0.0018984767375513911,6.793792227809622e-18
5.5040000000000004,0.3,0.29068174958229065,0.012942874077725718,3.496337931923223e-17,0.0018983222544193268,6.7550738538455745e-18
5.505,0.3,0.29068249464035034,0.012942874077725718,3.49629227155341e-17,0.0018981677712872624,6.743684001375129e-18
5.506,0.3,0.29068323969841003,0.012942874077725718,3.4998094435179856e-17,0.001898013288155198,6.7437751708381475e-18
5.507,0.3,0.29068395495414734,0.012942874077725718,3.507891990719364e-17,0.0018978588050231338,6.742411696290088e-18
5.508,0.3,0.29068470001220703,0.012942874077725718,3.521497126562391e-17,0.0018977043218910694,6.756891336204796e-18
5.509,0.3,0.29068541526794434,0.012942874077725718,3.5409894722610805e-17,0.001897549955174327,6.800145169168195e-18
5.51,0.3,0.29068616032600403,0.012942874077725718,3.5682884177088006e-17,0.0018973954720422626,6.906763445155273e-18
5.511,0.3,0.2906869053840637,0.012942874077725718,3.6028377666616704e-17,0.00189724110532552,7.057983460348256e-18
5.5120000000000005,0.3,0.290687620639801,0.012942874077725718,3.646303791745617e-17,0.0018970867386087775,7.279822980957648e-18
5.513,0.3,0.2906883656978607,0.012942874077725718,3.696280720867091e-17,0.001896932371892035,7.569361038585664e-18
5.514,0.3,0.290689080953598,0.012942874077725718,3.7496573623061575e-17,0.0018967780051752925,7.867578532115977e-18
5.515,0.3,0.2906898260116577,0.012942874077725718,3.804578184512738e-17,0.00189662363845855,8.206159904489738e-18
5.516,0.3,0.2906905710697174,0.012942874077725718,3.8569314380979545e-17,0.0018964692717418075,8.539024324002134e-18
5.517,0.3,0.2906912863254547,0.012942874077725718,3.902737060826446e-17,0.0018963150214403868,8.84030546098951e-18
5.518,0.3,0.2906920313835144,0.012942874077725718,3.937133546802116e-17,0.0018961606547236443,9.117123779614602e-18
5.519,0.3,0.2906927466392517,0.012942874077725718,3.9573726711578184e-17,0.0018960062880069017,9.353640467422706e-18
5.5200000000000005,0.3,0.2906934916973114,0.012942874077725718,3.961964847046468e-17,0.001895852037705481,9.57718420438573e-18
5.521,0.3,0.2906942069530487,0.012942874077725718,3.948634996911298e-17,0.0018956977874040604,9.740228394592174e-18
5.522,0.3,0.2906949520111084,0.012942874077725718,3.916698546077361e-17,0.0018955435371026397,9.849898178528398e-18
5.523,0.3,0.2906956970691681,0.012942874077725718,3.8687892376150246e-17,0.001895389286801219,9.932069671530086e-18
5.524,0.3,0.2906964123249054,0.012942874077725718,3.808673059417121e-17,0.0018952350364997983,9.988202053178776e-18
5.525,0.3,0.2906971573829651,0.012942874077725718,3.739230254376559e-17,0.0018950807861983776,1.0005366006534631e-17
5.526,0.3,0.2906978726387024,0.012942874077725718,3.664167584254312e-17,0.001894926535896957,1.0031096765080517e-17
5.527,0.3,0.2906986176967621,0.012942874077725718,3.583250129756415e-17,0.001894772402010858,9.977450264785166e-18
5.5280000000000005,0.3,0.2906993329524994,0.012942874077725718,3.502485538235717e-17,0.0018946181517094374,9.876125509079578e-18
5.529,0.3,0.2907000780105591,0.012942874077725718,3.426030557706421e-17,0.0018944640178233385,9.695444521701165e-18
5.53,0.3,0.2907007932662964,0.012942874077725718,3.359708539680899e-17,0.0018943098839372396,9.461446095254716e-18
5.531,0.3,0.2907015383243561,0.012942874077725718,3.306811662997113e-17,0.0018941557500511408,9.224577215291837e-18
5.532,0.3,0.2907022535800934,0.012942874077725718,3.2663506196424494e-17,0.001894001616165042,8.920011969610077e-18
5.533,0.3,0.2907029986381531,0.012942874077725718,3.2421138968224007e-17,0.001893847482278943,8.631340292897107e-18
5.534,0.3,0.2907037138938904,0.012942874077725718,3.233148582471306e-17,0.0018936933483928442,8.326873688145996e-18
5.535,0.3,0.2907044589519501,0.012942874077725718,3.24093169029094e-17,0.0018935392145067453,8.058507632862252e-18
5.5360000000000005,0.3,0.2907051742076874,0.012942874077725718,3.2637138987218754e-17,0.0018933851970359683,7.81475729012151e-18
5.537,0.3,0.29070591926574707,0.012942874077725718,3.296641973674141e-17,0.0018932310631498694,7.524973413286543e-18
5.538,0.3,0.2907066345214844,0.012942874077725718,3.3410728222245696e-17,0.0018930770456790924,7.252535377585954e-18
5.539,0.3,0.29070737957954407,0.012942874077725718,3.3968204941714584e-17,0.0018929229117929935,7.00762323155353e-18
5.54,0.3,0.29070809483528137,0.012942874077725718,3.461004746621898e-17,0.0018927688943222165,6.819008873866945e-18
5.541,0.3,0.29070883989334106,0.012942874077725718,3.53084095876179e-17,0.0018926148768514395,6.686682962239144e-18
5.542,0.3,0.29070955514907837,0.012942874077725718,3.604095742937241e-17,0.0018924608593806624,6.629388509361128e-18
5.543,0.3,0.29071030020713806,0.012942874077725718,3.6779930810125234e-17,0.0018923068419098854,6.678798911687212e-18
5.5440000000000005,0.3,0.29071101546287537,0.012942874077725718,3.748211450595415e-17,0.0018921529408544302,6.813234628537615e-18
5.545,0.3,0.29071176052093506,0.012942874077725718,3.8135037941944305e-17,0.0018919989233836532,7.052888614240191e-18
5.546,0.3,0.29071247577667236,0.012942874077725718,3.8691439326616874e-17,0.0018918449059128761,7.345850422502188e-18
5.547,0.3,0.29071319103240967,0.012942874077725718,3.912803848881216e-17,0.001891691004857421,7.67481353973684e-18
5.548,0.3,0.29071393609046936,0.012942874077725718,3.941613887871948e-17,0.0018915371038019657,7.987879012576503e-18
5.549,0.3,0.29071465134620667,0.012942874077725718,3.9560640714287595e-17,0.0018913832027465105,8.300892414273493e-18
5.55,0.3,0.29071539640426636,0.012942874077725718,3.9574375221178426e-17,0.0018912291852757335,8.657018299075992e-18
5.551,0.3,0.29071611166000366,0.012942874077725718,3.945808024449837e-17,0.0018910752842202783,9.010175434137572e-18
5.5520000000000005,0.3,0.29071685671806335,0.012942874077725718,3.922627776708141e-17,0.0018909214995801449,9.377661972794545e-18
5.553,0.3,0.29071757197380066,0.012942874077725718,3.887250254525983e-17,0.0018907675985246897,9.720515911160083e-18
5.554,0.3,0.29071828722953796,0.012942874077725718,3.8428435596494413e-17,0.0018906136974692345,1.0051674726790404e-17
5.555,0.3,0.29071903228759766,0.012942874077725718,3.793121071284389e-17,0.001890459912829101,1.0371140315326656e-17
5.556,0.3,0.29071974754333496,0.012942874077725718,3.7422478092511525e-17,0.0018903060117736459,1.0694757494278886e-17
5.557,0.3,0.29072049260139465,0.012942874077725718,3.69354341478403e-17,0.0018901522271335125,1.1009592124794855e-17
5.558,0.3,0.29072120785713196,0.012942874077725718,3.6480607233666795e-17,0.0018899984424933791,1.1256638242283813e-17
5.559,0.3,0.29072195291519165,0.012942874077725718,3.607216199080036e-17,0.001889844541437924,1.1437361897650857e-17
5.5600000000000005,0.3,0.29072266817092896,0.012942874077725718,3.57108428817923e-17,0.0018896907567977905,1.152299783582196e-17
5.561,0.3,0.29072338342666626,0.012942874077725718,3.53965175577446e-17,0.001889537088572979,1.1513561905284576e-17
5.562,0.3,0.29072412848472595,0.012942874077725718,3.513279252612799e-17,0.0018893833039328456,1.1422003308714304e-17
5.563,0.3,0.29072484374046326,0.012942874077725718,3.4938821981206756e-17,0.0018892295192927122,1.1282931139742407e-17
5.564,0.3,0.29072555899620056,0.012942874077725718,3.482825771181047e-17,0.0018890757346525788,1.1143882089235496e-17
5.565,0.3,0.29072630405426025,0.012942874077725718,3.4797612324476604e-17,0.0018889220664277673,1.099337760614403e-17
5.566,0.3,0.29072701930999756,0.012942874077725718,3.483744934277716e-17,0.0018887683982029557,1.084726254455026e-17
5.567,0.3,0.29072776436805725,0.012942874077725718,3.4935069889948216e-17,0.0018886146135628223,1.0709900592347314e-17
5.5680000000000005,0.3,0.29072847962379456,0.012942874077725718,3.5062640992738594e-17,0.0018884609453380108,1.0581290331380298e-17
5.569,0.3,0.29072919487953186,0.012942874077725718,3.520203085212113e-17,0.0018883072771131992,1.0494570997016981e-17
5.57,0.3,0.29072993993759155,0.012942874077725718,3.53146233683794e-17,0.0018881536088883877,1.0428073492759085e-17
5.571,0.3,0.29073065519332886,0.012942874077725718,3.540127880935045e-17,0.0018879999406635761,1.0432232865831557e-17
5.572,0.3,0.29073137044906616,0.012942874077725718,3.544361391310092e-17,0.0018878463888540864,1.0522880296992845e-17
5.573,0.3,0.29073211550712585,0.012942874077725718,3.541405709545317e-17,0.0018876927206292748,1.0684158483283755e-17
5.574,0.3,0.29073283076286316,0.012942874077725718,3.5274184162592905e-17,0.0018875391688197851,1.0862707621797956e-17
5.575,0.3,0.29073354601860046,0.012942874077725718,3.501457518170436e-17,0.0018873855005949736,1.1041227089447456e-17
5.5760000000000005,0.3,0.29073429107666016,0.012942874077725718,3.465262410670831e-17,0.0018872319487854838,1.1278724097900024e-17
5.577,0.3,0.29073500633239746,0.012942874077725718,3.41969733206447e-17,0.0018870783969759941,1.155643620526818e-17
5.578,0.3,0.29073572158813477,0.012942874077725718,3.365666887069241e-17,0.0018869248451665044,1.1825373066350867e-17
5.579,0.3,0.29073646664619446,0.012942874077725718,3.3055828034791044e-17,0.0018867712933570147,1.2072602860599423e-17
5.58,0.3,0.29073718190193176,0.012942874077725718,3.240885037304392e-17,0.001886617741547525,1.228374109818214e-17
5.581,0.3,0.29073789715766907,0.012942874077725718,3.173759661467959e-17,0.0018864641897380352,1.2486115080432753e-17
5.582,0.3,0.29073861241340637,0.012942874077725718,3.1079895383471324e-17,0.0018863106379285455,1.2714321775720397e-17
5.583,0.3,0.29073935747146606,0.012942874077725718,3.0440795789878154e-17,0.0018861572025343776,1.292228293344743e-17
5.5840000000000005,0.3,0.29074007272720337,0.012942874077725718,2.984375005862718e-17,0.0018860036507248878,1.3143142612329247e-17
5.585,0.3,0.2907407879829407,0.012942874077725718,2.9283672683312425e-17,0.00188585021533072,1.3327915017821698e-17
5.586,0.3,0.29074153304100037,0.012942874077725718,2.8775174982274026e-17,0.001885696779936552,1.3479515871594603e-17
5.587,0.3,0.29074224829673767,0.012942874077725718,2.832735925097252e-17,0.0018855433445423841,1.3613793619984694e-17
5.588,0.3,0.290742963552475,0.012942874077725718,2.794598928391617e-17,0.0018853899091482162,1.3735115756765248e-17
5.589,0.3,0.2907436788082123,0.012942874077725718,2.762544687038452e-17,0.0018852364737540483,1.3856417629154868e-17
5.59,0.3,0.290744423866272,0.012942874077725718,2.736561124200814e-17,0.0018850830383598804,1.3977699239766295e-17
5.591,0.3,0.2907451391220093,0.012942874077725718,2.71680556963121e-17,0.0018849296029657125,1.410478011663612e-17
5.5920000000000005,0.3,0.2907458543777466,0.012942874077725718,2.700958112583674e-17,0.0018847762839868665,1.422181639686662e-17
5.593,0.3,0.2907465994358063,0.012942874077725718,2.6871632215081272e-17,0.0018846228485926986,1.43288097810633e-17
5.594,0.3,0.2907473146915436,0.012942874077725718,2.672605835343929e-17,0.0018844695296138525,1.43926212316524e-17
5.595,0.3,0.2907480299472809,0.012942874077725718,2.6571537706291934e-17,0.0018843162106350064,1.4456422053462627e-17
5.596,0.3,0.2907487452030182,0.012942874077725718,2.6395546759165152e-17,0.0018841628916561604,1.447704817033397e-17
5.597,0.3,0.2907494604587555,0.012942874077725718,2.6179637730037786e-17,0.0018840095726773143,1.4438663875057858e-17
5.598,0.3,0.2907502055168152,0.012942874077725718,2.5927164009113125e-17,0.0018838562536984682,1.4400286004939994e-17
5.599,0.3,0.2907509207725525,0.012942874077725718,2.5642802475574546e-17,0.0018837029347196221,1.4377757482063348e-17
5.6000000000000005,0.3,0.2907516360282898,0.012942874077725718,2.5317412783653336e-17,0.001883549615740776,1.4339389817182266e-17
5.601,0.3,0.2907523512840271,0.012942874077725718,2.49510677252434e-17,0.00188339629676193,1.428518565062577e-17
5.602,0.3,0.2907530963420868,0.012942874077725718,2.4553051575540036e-17,0.0018832430941984057,1.424683346942836e-17
5.603,0.3,0.2907538115978241,0.012942874077725718,2.4122588439128665e-17,0.0018830898916348815,1.4221420788021283e-17
5.604,0.3,0.2907545268535614,0.012942874077725718,2.3677353511338323e-17,0.0018829365726560354,1.423772143340408e-17
5.605,0.3,0.2907552421092987,0.012942874077725718,2.3217449362564965e-17,0.0018827833700925112,1.423235673226635e-17
5.606,0.3,0.290755957365036,0.012942874077725718,2.27609383086643e-17,0.001882630167528987,1.4203875336552532e-17
5.607,0.3,0.2907567024230957,0.012942874077725718,2.232713501693944e-17,0.0018824769649654627,1.4139348010962875e-17
5.6080000000000005,0.3,0.290757417678833,0.012942874077725718,2.1935704879273222e-17,0.0018823237624019384,1.4058988482461705e-17
5.609,0.3,0.2907581329345703,0.012942874077725718,2.1591167610532635e-17,0.0018821705598384142,1.3978642314073496e-17
5.61,0.3,0.2907588481903076,0.012942874077725718,2.129845155280727e-17,0.0018820174736902118,1.3915607371909366e-17
5.611,0.3,0.2907595634460449,0.012942874077725718,2.1052428186299298e-17,0.0018818642711266875,1.3868425828537605e-17
5.612,0.3,0.2907603085041046,0.012942874077725718,2.0853436655059866e-17,0.001881711184978485,1.3838549993408346e-17
5.613,0.3,0.2907610237598419,0.012942874077725718,2.0696771955764773e-17,0.0018815580988302827,1.3825976989648335e-17
5.614,0.3,0.2907617390155792,0.012942874077725718,2.0578165836453245e-17,0.0018814048962667584,1.3832158899313234e-17
5.615,0.3,0.29076245427131653,0.012942874077725718,2.0497532270341576e-17,0.001881251810118556,1.3888778456589e-17
5.6160000000000005,0.3,0.29076316952705383,0.012942874077725718,2.0441401448334952e-17,0.0018810987239703536,1.3981439310272124e-17
5.617,0.3,0.29076388478279114,0.012942874077725718,2.040049240396053e-17,0.0018809456378221512,1.4125978397246004e-17
5.618,0.3,0.29076462984085083,0.012942874077725718,2.0355920603833722e-17,0.0018807926680892706,1.4305089196002612e-17
5.619,0.3,0.29076534509658813,0.012942874077725718,2.0298898081126767e-17,0.0018806395819410682,1.452022093337869e-17
5.62,0.3,0.29076606035232544,0.012942874077725718,2.0219796453509546e-17,0.0018804864957928658,1.4785755569752277e-17
5.621,0.3,0.29076677560806274,0.012942874077725718,2.0094784647534407e-17,0.0018803335260599852,1.5051245983307858e-17
5.622,0.3,0.29076749086380005,0.012942874077725718,1.9923955307429956e-17,0.0018801805563271046,1.531669218180904e-17
5.623,0.3,0.29076820611953735,0.012942874077725718,1.9707392805618672e-17,0.0018800274701789021,1.5582094173007747e-17
5.6240000000000006,0.3,0.29076892137527466,0.012942874077725718,1.944519144069039e-17,0.0018798745004460216,1.5847451964623823e-17
5.625,0.3,0.29076966643333435,0.012942874077725718,1.9137021994761308e-17,0.001879721530713141,1.6111310568399273e-17
5.626,0.3,0.29077038168907166,0.012942874077725718,1.8767890992048294e-17,0.0018795685609802604,1.63059335348417e-17
5.627,0.3,0.29077109694480896,0.012942874077725718,1.8360961144064057e-17,0.0018794155912473798,1.6447175299588465e-17
5.628,0.3,0.29077181220054626,0.012942874077725718,1.793015224615664e-17,0.001879262737929821,1.6519201809671615e-17
5.6290000000000004,0.3,0.29077252745628357,0.012942874077725718,1.7508607771109816e-17,0.0018791097681969404,1.657246336309749e-17
5.63,0.3,0.2907732427120209,0.012942874077725718,1.7100935114935507e-17,0.0018789569148793817,1.6591120150320623e-17
5.631,0.3,0.2907739579677582,0.012942874077725718,1.6710446308806374e-17,0.001878803945146501,1.655496995328373e-17
5.632,0.3,0.2907746732234955,0.012942874077725718,1.6361862472509177e-17,0.0018786510918289423,1.6469841950200754e-17
5.633,0.3,0.2907753884792328,0.012942874077725718,1.606054042769081e-17,0.0018784982385113835,1.6338654343003564e-17
5.634,0.3,0.2907761335372925,0.012942874077725718,1.5806774650649342e-17,0.0018783453851938248,1.6178712765037764e-17
5.635,0.3,0.2907768487930298,0.012942874077725718,1.5591639862575326e-17,0.001878192531876266,1.5991477053317818e-17
5.636,0.3,0.2907775640487671,0.012942874077725718,1.54091356953053e-17,0.0018780396785587072,1.5804272524858588e-17
5.6370000000000005,0.3,0.2907782793045044,0.012942874077725718,1.5263806679124635e-17,0.0018778868252411485,1.5632942097723264e-17
5.638,0.3,0.2907789945602417,0.012942874077725718,1.5142189622383413e-17,0.0018777339719235897,1.5431409395727226e-17
5.639,0.3,0.290779709815979,0.012942874077725718,1.5031234923738e-17,0.0018775812350213528,1.5170903698608654e-17
5.64,0.3,0.2907804250717163,0.012942874077725718,1.493001117781866e-17,0.001877428381703794,1.48960535324649e-17
5.641,0.3,0.2907811403274536,0.012942874077725718,1.484266090513306e-17,0.001877275644801557,1.463709209162388e-17
5.642,0.3,0.2907818555831909,0.012942874077725718,1.475661923217652e-17,0.0018771229078993201,1.4350853117577095e-17
5.643,0.3,0.2907825708389282,0.012942874077725718,1.4661347877945113e-17,0.0018769701709970832,1.4048818930491238e-17
5.644,0.3,0.2907832860946655,0.012942874077725718,1.456146416461811e-17,0.0018768174340948462,1.3746835086274016e-17
5.6450000000000005,0.3,0.29078400135040283,0.012942874077725718,1.4474137052989662e-17,0.0018766646971926093,1.3503908079196683e-17
5.646,0.3,0.29078471660614014,0.012942874077725718,1.4413225127042482e-17,0.0018765119602903724,1.3320028045615509e-17
5.647,0.3,0.29078543186187744,0.012942874077725718,1.4392565464063357e-17,0.0018763592233881354,1.3195185123506986e-17
5.648,0.3,0.29078617691993713,0.012942874077725718,1.4404197277837078e-17,0.0018762066029012203,1.3054520057771352e-17
5.649,0.3,0.29078689217567444,0.012942874077725718,1.4462291826617902e-17,0.0018760538659989834,1.2947019333569357e-17
5.65,0.3,0.29078760743141174,0.012942874077725718,1.455294254994759e-17,0.0018759012455120683,1.2840991584240737e-17
5.651,0.3,0.29078832268714905,0.012942874077725718,1.467650017240586e-17,0.0018757485086098313,1.2753734577700354e-17
5.652,0.3,0.29078903794288635,0.012942874077725718,1.4825364558524578e-17,0.0018755958881229162,1.269106554615203e-17
5.6530000000000005,0.3,0.29078975319862366,0.012942874077725718,1.496172693686517e-17,0.0018754432676360011,1.2618384403640927e-17
5.654,0.3,0.29079046845436096,0.012942874077725718,1.506210530419848e-17,0.001875290647149086,1.2518394828425653e-17
5.655,0.3,0.29079118371009827,0.012942874077725718,1.5112700633545898e-17,0.0018751381430774927,1.2391101391981163e-17
5.656,0.3,0.29079189896583557,0.012942874077725718,1.5099742022069642e-17,0.0018749855225905776,1.2236508665283543e-17
5.657,0.3,0.2907926142215729,0.012942874077725718,1.5017852795788117e-17,0.0018748329021036625,1.2083396858272746e-17
5.658,0.3,0.2907933294773102,0.012942874077725718,1.485879258143907e-17,0.0018746803980320692,1.1918833021874843e-17
5.659,0.3,0.2907940447330475,0.012942874077725718,1.460758279249039e-17,0.001874527777545154,1.1738453754679475e-17
5.66,0.3,0.2907947599887848,0.012942874077725718,1.4281556171497516e-17,0.0018743752734735608,1.1601268044617383e-17
5.6610000000000005,0.3,0.2907954752445221,0.012942874077725718,1.3890552859027375e-17,0.0018742227694019675,1.1492880866232086e-17
5.662,0.3,0.2907961905002594,0.012942874077725718,1.344353204829453e-17,0.0018740702653303742,1.1411832285340233e-17
5.663,0.3,0.2907969057559967,0.012942874077725718,1.2946526367506332e-17,0.001873917761258781,1.13307972507006e-17
5.664,0.3,0.290797621011734,0.012942874077725718,1.2402973579288549e-17,0.0018737652571871877,1.1261253300441318e-17
5.665,0.3,0.2907983362674713,0.012942874077725718,1.1831858305879887e-17,0.0018736127531155944,1.1220496552803741e-17
5.666,0.3,0.2907990515232086,0.012942874077725718,1.1234116915733755e-17,0.001873460249044001,1.11797466185988e-17
5.667,0.3,0.2907997667789459,0.012942874077725718,1.061774741819293e-17,0.0018733078613877296,1.1166323929224396e-17
5.668,0.3,0.2908004820346832,0.012942874077725718,9.996658028076876e-18,0.0018731553573161364,1.1180223909539922e-17
5.6690000000000005,0.3,0.29080119729042053,0.012942874077725718,9.376780457558213e-18,0.001873002969659865,1.1194121573114034e-17
5.67,0.3,0.29080188274383545,0.012942874077725718,8.766903500645316e-18,0.0018728505820035934,1.1238247618597284e-17
5.671,0.3,0.29080259799957275,0.012942874077725718,8.16285237678663e-18,0.001872698194347322,1.1282366306163293e-17
5.672,0.3,0.29080331325531006,0.012942874077725718,7.569222074284887e-18,0.0018725458066910505,1.1342320560104263e-17
5.673,0.3,0.29080402851104736,0.012942874077725718,6.98600101261151e-18,0.001872393419034779,1.141810774116914e-17
5.674,0.3,0.29080474376678467,0.012942874077725718,6.408568147274475e-18,0.0018722410313785076,1.1493882287409311e-17
5.675,0.3,0.290805459022522,0.012942874077725718,5.8323073968654265e-18,0.0018720886437222362,1.1553801277840195e-17
5.676,0.3,0.2908061742782593,0.012942874077725718,5.261813749687098e-18,0.0018719362560659647,1.1613710278261572e-17
5.6770000000000005,0.3,0.2908068895339966,0.012942874077725718,4.7016842619937524e-18,0.001871783984825015,1.1689452213511954e-17
5.678,0.3,0.2908076047897339,0.012942874077725718,4.147299543654588e-18,0.0018716317135840654,1.1765181521667091e-17
5.679,0.3,0.2908083200454712,0.012942874077725718,3.594041031719414e-18,0.001871479325927794,1.1825055281755363e-17
5.68,0.3,0.2908090353012085,0.012942874077725718,3.0465053688521884e-18,0.0018713270546868443,1.188491905953203e-17
5.681,0.3,0.2908097505569458,0.012942874077725718,2.494620597119312e-18,0.0018711747834458947,1.191017664010495e-17
5.682,0.3,0.2908104658126831,0.012942874077725718,1.943006727037047e-18,0.001871022512204945,1.1884990855362109e-17
5.683,0.3,0.2908111810684204,0.012942874077725718,1.4155413609625017e-18,0.0018708702409639955,1.1859809252271256e-17
5.684,0.3,0.2908118963241577,0.012942874077725718,9.121773496007609e-19,0.0018707179697230458,1.1834631830110617e-17
5.6850000000000005,0.3,0.290812611579895,0.012942874077725718,4.374736988979105e-19,0.001870565814897418,1.1825301511199772e-17
5.686,0.3,0.29081329703330994,0.012942874077725718,-1.3224343248038392e-20,0.0018704135436564684,1.1815972731160901e-17
5.687,0.3,0.29081401228904724,0.012942874077725718,-4.445712187463452e-19,0.0018702613888308406,1.1790802565984129e-17
5.688,0.3,0.29081472754478455,0.012942874077725718,-8.520066808800051e-19,0.0018701092340052128,1.1765636578322551e-17
5.689,0.3,0.29081544280052185,0.012942874077725718,-1.2309695523538241e-18,0.0018699569627642632,1.1756317690486846e-17
5.69,0.3,0.29081615805625916,0.012942874077725718,-1.566416933343066e-18,0.0018698048079386353,1.1814737675731164e-17
5.691,0.3,0.29081687331199646,0.012942874077725718,-1.8911054862975603e-18,0.0018696526531130075,1.1876058354418725e-17
5.692,0.3,0.29081758856773376,0.012942874077725718,-2.1954386753407732e-18,0.0018695004982873797,1.2005106171325694e-17
5.6930000000000005,0.3,0.29081830382347107,0.012942874077725718,-2.5029149439165344e-18,0.0018693484598770738,1.2168728787651043e-17
5.694,0.3,0.290818989276886,0.012942874077725718,-2.8374139623334842e-18,0.001869196305051446,1.2316481227461234e-17
5.695,0.3,0.2908197045326233,0.012942874077725718,-3.194283046441165e-18,0.0018690441502258182,1.2464209059231463e-17
5.696,0.3,0.2908204197883606,0.012942874077725718,-3.568870752860038e-18,0.0018688921118155122,1.2627755210423162e-17
5.697,0.3,0.2908211350440979,0.012942874077725718,-3.965739603053792e-18,0.0018687400734052062,1.2791274121355962e-17
5.698,0.3,0.2908218502998352,0.012942874077725718,-4.38945625438918e-18,0.0018685879185795784,1.2938922873273385e-17
5.699,0.3,0.2908225655555725,0.012942874077725718,-4.835366161559366e-18,0.0018684358801692724,1.3086547033902378e-17
5.7,0.3,0.2908232808113098,0.012942874077725718,-5.303424656811272e-18,0.0018682838417589664,1.3234146607022097e-17
5.7010000000000005,0.3,0.2908239960670471,0.012942874077725718,-5.79819777712619e-18,0.0018681318033486605,1.3365878673446556e-17
5.702,0.3,0.29082468152046204,0.012942874077725718,-6.3104252355465894e-18,0.0018679797649383545,1.3513431723458965e-17
5.703,0.3,0.29082539677619934,0.012942874077725718,-6.845515966097955e-18,0.0018678277265280485,1.3658049678134463e-17
5.704,0.3,0.29082611203193665,0.012942874077725718,-7.408438015539279e-18,0.0018676758045330644,1.375074898154637e-17
5.705,0.3,0.29082682728767395,0.012942874077725718,-7.98530715728886e-18,0.0018675237661227584,1.3791538266800059e-17
5.706,0.3,0.29082754254341125,0.012942874077725718,-8.56184542679342e-18,0.0018673718441277742,1.3781881435632888e-17
5.707,0.3,0.29082825779914856,0.012942874077725718,-9.131335290298416e-18,0.0018672198057174683,1.3713220324709014e-17
5.708,0.3,0.2908289432525635,0.012942874077725718,-9.694276364893829e-18,0.0018670678837224841,1.3631638280288331e-17
5.7090000000000005,0.3,0.2908296585083008,0.012942874077725718,-1.0265804401428155e-17,0.0018669159617275,1.351692870757516e-17
5.71,0.3,0.2908303737640381,0.012942874077725718,-1.0845479339815516e-17,0.0018667640397325158,1.3354709481031401e-17
5.711,0.3,0.2908310890197754,0.012942874077725718,-1.1434587445908432e-17,0.0018666121177375317,1.3140622660241286e-17
5.712,0.3,0.2908318042755127,0.012942874077725718,-1.2014671838699006e-17,0.0018664603121578693,1.2890519792696434e-17
5.713,0.3,0.29083251953125,0.012942874077725718,-1.2571490122400302e-17,0.0018663083901628852,1.2605862154199814e-17
5.714,0.3,0.2908332049846649,0.012942874077725718,-1.3095447001906704e-17,0.001866156468167901,1.2288110787132361e-17
5.715,0.3,0.2908339202404022,0.012942874077725718,-1.358285490604745e-17,0.0018660046625882387,1.1934360600243548e-17
5.716,0.3,0.2908346354961395,0.012942874077725718,-1.402455446389974e-17,0.0018658527405932546,1.1528774648733481e-17
5.7170000000000005,0.3,0.29083535075187683,0.012942874077725718,-1.4397172860075278e-17,0.0018657009350135922,1.1104502704051106e-17
5.718,0.3,0.29083606600761414,0.012942874077725718,-1.470125437941712e-17,0.00186554912943393,1.0628406711733706e-17
5.719,0.3,0.29083675146102905,0.012942874077725718,-1.4908019754053326e-17,0.0018653973238542676,1.015238999844461e-17
5.72,0.3,0.29083746671676636,0.012942874077725718,-1.5017657581163555e-17,0.0018652455182746053,9.676452549458211e-18
5.721,0.3,0.29083818197250366,0.012942874077725718,-1.502574906191555e-17,0.001865093712694943,9.216437273051296e-18
5.722,0.3,0.29083889722824097,0.012942874077725718,-1.4927461807170773e-17,0.0018649420235306025,8.789639763307939e-18
5.723,0.3,0.29083961248397827,0.012942874077725718,-1.4727179874175758e-17,0.0018647902179509401,8.397509819126898e-18
5.724,0.3,0.2908402979373932,0.012942874077725718,-1.443892728303573e-17,0.0018646384123712778,8.024198754243774e-18
5.7250000000000005,0.3,0.2908410131931305,0.012942874077725718,-1.407253590251149e-17,0.0018644867232069373,7.668248110788048e-18
5.726,0.3,0.2908417284488678,0.012942874077725718,-1.3636947555024742e-17,0.0018643350340425968,7.31526741598769e-18
5.727,0.3,0.2908424437046051,0.012942874077725718,-1.3132743748546107e-17,0.0018641832284629345,6.995486694198393e-18
5.728,0.3,0.29084312915802,0.012942874077725718,-1.2562967680549168e-17,0.001864031539298594,6.7147217960460036e-18
5.729,0.3,0.2908438444137573,0.012942874077725718,-1.194160449365036e-17,0.0018638798501342535,6.504652097622999e-18
5.73,0.3,0.29084455966949463,0.012942874077725718,-1.1297263883696053e-17,0.001863728160969913,6.34651222556177e-18
5.731,0.3,0.29084527492523193,0.012942874077725718,-1.0633758326129506e-17,0.0018635765882208943,6.274890099354942e-18
5.732,0.3,0.29084596037864685,0.012942874077725718,-9.989685722693667e-18,0.0018634248990565538,6.236421133372886e-18
5.7330000000000005,0.3,0.29084667563438416,0.012942874077725718,-9.364156027049429e-18,0.0018632732098922133,6.2498534538115266e-18
5.734,0.3,0.29084739089012146,0.012942874077725718,-8.782292368761252e-18,0.0018631216371431947,6.2762157637255074e-18
5.735,0.3,0.29084810614585876,0.012942874077725718,-8.233917944752898e-18,0.001862970064394176,6.318416629549461e-18
5.736,0.3,0.2908487915992737,0.012942874077725718,-7.704711777079235e-18,0.0018628183752298355,6.4254375503500656e-18
5.737,0.3,0.290849506855011,0.012942874077725718,-7.200490599807736e-18,0.0018626668024808168,6.592901606698116e-18
5.738,0.3,0.2908502221107483,0.012942874077725718,-6.7018731575959776e-18,0.0018625152297317982,6.8553953126091546e-18
5.739,0.3,0.2908509373664856,0.012942874077725718,-6.2217762892992815e-18,0.0018623636569827795,7.168284823288141e-18
5.74,0.3,0.2908516228199005,0.012942874077725718,-5.784043889664795e-18,0.0018622120842337608,7.481122215044279e-18
5.7410000000000005,0.3,0.2908523380756378,0.012942874077725718,-5.3852543260886924e-18,0.001862060627900064,7.805384256470914e-18
5.742,0.3,0.2908530533313751,0.012942874077725718,-5.0018312967519875e-18,0.0018619090551510453,8.174210260134236e-18
5.743,0.3,0.2908537685871124,0.012942874077725718,-4.635392766932834e-18,0.0018617575988173485,8.550085361114684e-18
5.744,0.3,0.29085445404052734,0.012942874077725718,-4.26110677464239e-18,0.0018616060260683298,8.922987013451439e-18
5.745,0.3,0.29085516929626465,0.012942874077725718,-3.878970424748511e-18,0.001861454569734633,9.261229853704912e-18
5.746,0.3,0.29085588455200195,0.012942874077725718,-3.494027864626546e-18,0.0018613031134009361,9.515835471629533e-18
5.747,0.3,0.29085657000541687,0.012942874077725718,-3.095811744010096e-18,0.0018611516570672393,9.675341088467418e-18
5.748,0.3,0.2908572852611542,0.012942874077725718,-2.6693050124685667e-18,0.0018610002007335424,9.791657556398278e-18
5.7490000000000006,0.3,0.2908580005168915,0.012942874077725718,-2.252751952033041e-18,0.0018608487443998456,9.78121123578183e-18
5.75,0.3,0.2908586859703064,0.012942874077725718,-1.837830298560623e-18,0.0018606972880661488,9.672798262982843e-18
5.751,0.3,0.2908594012260437,0.012942874077725718,-1.4107436100121176e-18,0.001860545831732452,9.482277874524651e-18
5.752,0.3,0.290860116481781,0.012942874077725718,-9.623232096828334e-19,0.001860394491814077,9.209663740830403e-18
5.753,0.3,0.2908608317375183,0.012942874077725718,-4.8844911773679715e-19,0.00186024303548038,8.837671180063522e-18
5.7540000000000004,0.3,0.2908615171909332,0.012942874077725718,3.1777797592449664e-20,0.001860091695562005,8.390892251548545e-18
5.755,0.3,0.29086223244667053,0.012942874077725718,6.061430636278327e-19,0.00185994035564363,7.944187746409898e-18
5.756,0.3,0.29086294770240784,0.012942874077725718,1.2114980309270556e-18,0.0018597888993099332,7.418343038632456e-18
5.757000000000001,0.3,0.29086363315582275,0.012942874077725718,1.861987694759928e-18,0.0018596375593915582,6.8623555294139884e-18
5.758,0.3,0.29086434841156006,0.012942874077725718,2.559189902144895e-18,0.0018594862194731832,6.2978949536482985e-18
5.759,0.3,0.29086506366729736,0.012942874077725718,3.3042271371731913e-18,0.00185933499597013,5.808543717049463e-18
5.76,0.3,0.2908657491207123,0.012942874077725718,4.026570465300942e-18,0.001859183656051755,5.27902253975147e-18
5.761,0.3,0.2908664643764496,0.012942874077725718,4.7349869670454436e-18,0.00185903231613338,4.818783153163325e-18
5.7620000000000005,0.3,0.2908671796321869,0.012942874077725718,5.4010030177710895e-18,0.0018588810926303267,4.393217274459215e-18
5.763,0.3,0.2908678650856018,0.012942874077725718,6.0196687686923625e-18,0.0018587297527119517,4.016706597379837e-18
5.764,0.3,0.2908685803413391,0.012942874077725718,6.613712247910076e-18,0.0018585785292088985,3.7828450231052344e-18
5.765,0.3,0.2908692955970764,0.012942874077725718,7.187017481990472e-18,0.0018584273057058454,3.7045407615099624e-18
5.766,0.3,0.29086998105049133,0.012942874077725718,7.73469624710367e-18,0.0018582760822027922,3.732783631555048e-18
5.767,0.3,0.29087069630622864,0.012942874077725718,8.271134454872884e-18,0.001858124858699739,3.8690113312750636e-18
5.768,0.3,0.29087138175964355,0.012942874077725718,8.808983832767113e-18,0.0018579736351966858,4.12468233463961e-18
5.769,0.3,0.29087209701538086,0.012942874077725718,9.354234822782467e-18,0.0018578224116936326,4.4407714577432485e-18
5.7700000000000005,0.3,0.29087281227111816,0.012942874077725718,9.91783350596486e-18,0.0018576713046059012,4.823090561530627e-18
5.771,0.3,0.2908734977245331,0.012942874077725718,1.0481323828487009e-17,0.001857520081102848,5.2399427760537735e-18
5.772,0.3,0.2908742129802704,0.012942874077725718,1.1044709926251975e-17,0.0018573689740151167,5.723008204586501e-18
5.773,0.3,0.2908749282360077,0.012942874077725718,1.1592058646300764e-17,0.0018572177505120635,6.249155420701756e-18
5.774,0.3,0.2908756136894226,0.012942874077725718,1.2128065065790226e-17,0.0018570666434243321,6.786691378287019e-18
5.775,0.3,0.2908763289451599,0.012942874077725718,1.2667882306361719e-17,0.0018569155363366008,7.339980668475525e-18
5.776,0.3,0.2908770442008972,0.012942874077725718,1.3186776840519296e-17,0.0018567644292488694,7.823984026835804e-18
5.777,0.3,0.29087772965431213,0.012942874077725718,1.3683097615760301e-17,0.001856613322161138,8.169519245164208e-18
5.7780000000000005,0.3,0.29087844491004944,0.012942874077725718,1.419418770083844e-17,0.0018564622150734067,8.378064861458136e-18
5.779,0.3,0.29087913036346436,0.012942874077725718,1.476106450078838e-17,0.0018563111079856753,8.479873988575224e-18
5.78,0.3,0.29087984561920166,0.012942874077725718,1.5423474044043295e-17,0.0018561601173132658,8.485153000993462e-18
5.781,0.3,0.29088056087493896,0.012942874077725718,1.6192091923588794e-17,0.0018560090102255344,8.415582995642951e-18
5.782,0.3,0.2908812463283539,0.012942874077725718,1.7052396156590895e-17,0.001855858019553125,8.269720943246974e-18
5.783,0.3,0.2908819615840912,0.012942874077725718,1.7990318055191297e-17,0.0018557069124653935,8.031736649535994e-18
5.784,0.3,0.2908826470375061,0.012942874077725718,1.898846862855291e-17,0.001855555921792984,7.67432623664971e-18
5.785,0.3,0.2908833622932434,0.012942874077725718,2.0041588662341122e-17,0.0018554049311205745,7.259425795712261e-18
5.7860000000000005,0.3,0.2908840775489807,0.012942874077725718,2.1131908662637068e-17,0.001855253940448165,6.7899560161917576e-18
5.787,0.3,0.29088476300239563,0.012942874077725718,2.2218220145684583e-17,0.0018551029497757554,6.219852810568293e-18
5.788,0.3,0.29088547825813293,0.012942874077725718,2.3295799910185988e-17,0.0018549520755186677,5.644190532956482e-18
5.789,0.3,0.29088616371154785,0.012942874077725718,2.4328564683460495e-17,0.0018548010848462582,5.050038335776394e-18
5.79,0.3,0.29088687896728516,0.012942874077725718,2.527291873850411e-17,0.0018546500941738486,4.430121593298417e-18
5.791,0.3,0.29088759422302246,0.012942874077725718,2.610678462476779e-17,0.001854499219916761,3.771512819558703e-18
5.792,0.3,0.2908882796764374,0.012942874077725718,2.6807261019812395e-17,0.0018543482292443514,3.0900614237341046e-18
5.793,0.3,0.2908889949321747,0.012942874077725718,2.736865692102356e-17,0.0018541973549872637,2.4606191740347294e-18
5.7940000000000005,0.3,0.2908896803855896,0.012942874077725718,2.777530883632198e-17,0.001854046480730176,1.875899586513909e-18
5.795,0.3,0.2908903956413269,0.012942874077725718,2.804975743739972e-17,0.0018538956064730883,1.3805128201739207e-18
5.796,0.3,0.2908910810947418,0.012942874077725718,2.8206594190262227e-17,0.0018537447322160006,9.600566110871204e-19
5.797,0.3,0.2908917963504791,0.012942874077725718,2.82498921322457e-17,0.0018535938579589128,5.799214506104142e-19
5.798,0.3,0.29089251160621643,0.012942874077725718,2.8209714315532777e-17,0.001853443100117147,2.6322141187877834e-19
5.799,0.3,0.29089319705963135,0.012942874077725718,2.8082060494681143e-17,0.0018532922258600593,-4.441418057806684e-21
5.8,0.3,0.29089391231536865,0.012942874077725718,2.7859979043822906e-17,0.0018531413516029716,-2.3180873150522527e-19
5.801,0.3,0.29089459776878357,0.012942874077725718,2.75755629163639e-17,0.0018529905937612057,-3.886570241769886e-19
5.8020000000000005,0.3,0.2908953130245209,0.012942874077725718,2.725874943303364e-17,0.0018528398359194398,-4.678887341642293e-19
5.803,0.3,0.2908959984779358,0.012942874077725718,2.6957963401252206e-17,0.001852689078077674,-4.939247344085555e-19
5.804,0.3,0.2908967137336731,0.012942874077725718,2.6697580179310314e-17,0.0018525382038205862,-4.940929795384904e-19
5.805,0.3,0.290897399187088,0.012942874077725718,2.648679139817465e-17,0.0018523874459788203,-5.000836529896669e-19
5.806,0.3,0.2908981144428253,0.012942874077725718,2.633056841332666e-17,0.0018522368045523763,-5.579689707404713e-19
5.807,0.3,0.29089879989624023,0.012942874077725718,2.6257725234224017e-17,0.0018520860467106104,-6.158447026248667e-19
5.808,0.3,0.29089951515197754,0.012942874077725718,2.626809477038298e-17,0.0018519352888688445,-6.737108502871643e-19
5.809,0.3,0.29090023040771484,0.012942874077725718,2.636612394477664e-17,0.0018517846474424005,-7.157244929986301e-19
5.8100000000000005,0.3,0.29090091586112976,0.012942874077725718,2.6547039925270563e-17,0.0018516338896006346,-7.577311931062021e-19
5.811,0.3,0.29090163111686707,0.012942874077725718,2.681067727574224e-17,0.0018514832481741905,-7.9973095180507595e-19
5.812,0.3,0.290902316570282,0.012942874077725718,2.7156873868791608e-17,0.0018513324903324246,-8.417237703438502e-19
5.813,0.3,0.2909030318260193,0.012942874077725718,2.7585464268296158e-17,0.0018511818489059806,-8.837096500216122e-19
5.814,0.3,0.2909037172794342,0.012942874077725718,2.8096291309939506e-17,0.0018510312074795365,-9.256885921707532e-19
5.815,0.3,0.2909044325351715,0.012942874077725718,2.8689181285793014e-17,0.0018508805660530925,-9.676605981508289e-19
5.816,0.3,0.2909051179885864,0.012942874077725718,2.935937625297328e-17,0.0018507299246266484,-1.0254685916068636e-18
5.817,0.3,0.29090583324432373,0.012942874077725718,3.011592887610408e-17,0.0018505793996155262,-1.067424088852304e-18
5.8180000000000005,0.3,0.29090651869773865,0.012942874077725718,3.095867041034045e-17,0.0018504287581890821,-1.0935297321921244e-18
5.819,0.3,0.29090723395347595,0.012942874077725718,3.1887445345727243e-17,0.00185027823317796,-1.1037881634700143e-18
5.82,0.3,0.29090791940689087,0.012942874077725718,3.2897479195768793e-17,0.0018501275917515159,-1.1140449463074209e-18
5.821,0.3,0.2909086346626282,0.012942874077725718,3.3990307207682e-17,0.0018499770667403936,-1.1184774457837344e-18
5.822,0.3,0.2909093201160431,0.012942874077725718,3.5151897089555516e-17,0.0018498265417292714,-1.1012436830452802e-18
5.823,0.3,0.2909100353717804,0.012942874077725718,3.6358637797984626e-17,0.0018496760167181492,-1.0796458296856265e-18
5.824,0.3,0.2909107208251953,0.012942874077725718,3.759614300775581e-17,0.001849525491707027,-1.0551402615956576e-18
5.825,0.3,0.2909114360809326,0.012942874077725718,3.8850089259382094e-17,0.0018493749666959047,-1.0450260444285719e-18
5.8260000000000005,0.3,0.29091212153434753,0.012942874077725718,4.01355345487344e-17,0.0018492244416847825,-9.815620560702285e-19
5.827,0.3,0.29091283679008484,0.012942874077725718,4.141637409643601e-17,0.0018490739166736603,-9.25217491083548e-19
5.828,0.3,0.29091352224349976,0.012942874077725718,4.266278638704316e-17,0.0018489235080778599,-8.832695358070461e-19
5.829,0.3,0.29091423749923706,0.012942874077725718,4.386560625936877e-17,0.0018487729830667377,-8.715587062503005e-19
5.83,0.3,0.290914922952652,0.012942874077725718,4.5016092068699375e-17,0.0018486225744709373,-9.044671888154254e-19
5.831,0.3,0.2909156382083893,0.012942874077725718,4.6113469573981624e-17,0.001848472049459815,-9.532130748748492e-19
5.832,0.3,0.2909163236618042,0.012942874077725718,4.7167046211467965e-17,0.0018483216408640146,-9.861078805627687e-19
5.833,0.3,0.2909170091152191,0.012942874077725718,4.817230888373631e-17,0.0018481712322682142,-1.0189971700013858e-18
5.8340000000000005,0.3,0.2909177243709564,0.012942874077725718,4.912935023501526e-17,0.0018480208236724138,-1.0518809430384367e-18
5.835,0.3,0.29091840982437134,0.012942874077725718,5.0042878577351475e-17,0.0018478705314919353,-1.0689162785510545e-18
5.836,0.3,0.29091912508010864,0.012942874077725718,5.090837419587796e-17,0.0018477201228961349,-1.0859487402806559e-18
5.837,0.3,0.29091981053352356,0.012942874077725718,5.172593304354577e-17,0.0018475697143003345,-1.102978328885087e-18
5.838,0.3,0.29092052578926086,0.012942874077725718,5.249104533165527e-17,0.0018474194221198559,-1.1358479671796173e-18
5.839,0.3,0.2909212112426758,0.012942874077725718,5.3203380187961434e-17,0.0018472690135240555,-1.1860107355231773e-18
5.84,0.3,0.2909219264984131,0.012942874077725718,5.387267849135769e-17,0.001847118721343577,-1.236165112934418e-18
5.841,0.3,0.290922611951828,0.012942874077725718,5.4493146668833716e-17,0.0018469684291630983,-1.3065212038283073e-18
5.8420000000000005,0.3,0.2909233272075653,0.012942874077725718,5.50887961192107e-17,0.001846818020567298,-1.3624783566412833e-18
5.843,0.3,0.2909240126609802,0.012942874077725718,5.565842246751677e-17,0.0018466677283868194,-1.424249100757966e-18
5.844,0.3,0.29092469811439514,0.012942874077725718,5.622222877303291e-17,0.0018465175526216626,-1.4860095462656766e-18
5.845,0.3,0.29092541337013245,0.012942874077725718,5.677770371541942e-17,0.001846367260441184,-1.5564941366053426e-18
5.846,0.3,0.29092609882354736,0.012942874077725718,5.735381185100545e-17,0.0018462169682607055,-1.6313342275545137e-18
5.847,0.3,0.29092681407928467,0.012942874077725718,5.797822071691968e-17,0.001846066676080227,-1.6630003473023037e-18
5.848,0.3,0.2909274995326996,0.012942874077725718,5.864753556392819e-17,0.0018459165003150702,-1.7105041486167837e-18
5.849,0.3,0.2909282147884369,0.012942874077725718,5.936626948945307e-17,0.0018457663245499134,-1.7580000696522943e-18
5.8500000000000005,0.3,0.2909289002418518,0.012942874077725718,6.015026465658592e-17,0.0018456160323694348,-1.7506805590396044e-18
5.851,0.3,0.2909296154975891,0.012942874077725718,6.096583827078361e-17,0.001845465856604278,-1.7246078450668955e-18
5.852,0.3,0.29093030095100403,0.012942874077725718,6.181838354963996e-17,0.0018453156808391213,-1.6293447457126687e-18
5.853,0.3,0.29093098640441895,0.012942874077725718,6.268896136584997e-17,0.0018451655050739646,-1.466358533366816e-18
5.854,0.3,0.29093170166015625,0.012942874077725718,6.354948066581134e-17,0.0018450153293088078,-1.2846450115337834e-18
5.855,0.3,0.29093238711357117,0.012942874077725718,6.438779182068688e-17,0.001844865269958973,-1.0942271129539094e-18
5.856,0.3,0.29093310236930847,0.012942874077725718,6.51649313149029e-17,0.0018447150941938162,-9.340709795705348e-19
5.857,0.3,0.2909337878227234,0.012942874077725718,6.588138883938203e-17,0.0018445649184286594,-7.868728580087881e-19
5.8580000000000005,0.3,0.2909344732761383,0.012942874077725718,6.651925758822372e-17,0.0018444148590788245,-6.828606348270072e-19
5.859,0.3,0.2909351885318756,0.012942874077725718,6.705893668963292e-17,0.0018442647997289896,-6.42237375828694e-19
5.86,0.3,0.2909358739852905,0.012942874077725718,6.749597922063653e-17,0.0018441146239638329,-6.808354385046149e-19
5.861,0.3,0.29093658924102783,0.012942874077725718,6.783471299019945e-17,0.001843964564613998,-7.842544924631017e-19
5.862,0.3,0.29093727469444275,0.012942874077725718,6.808915374662076e-17,0.001843814505264163,-9.207978974310713e-19
5.863,0.3,0.29093796014785767,0.012942874077725718,6.825067234175031e-17,0.001843664445914328,-1.1365331042382846e-18
5.864,0.3,0.29093867540359497,0.012942874077725718,6.832859937289771e-17,0.001843514502979815,-1.3997610688948492e-18
5.865,0.3,0.2909393608570099,0.012942874077725718,6.83314845788743e-17,0.00184336444362998,-1.6816996493869062e-18
5.8660000000000005,0.3,0.2909400761127472,0.012942874077725718,6.826865855698967e-17,0.0018432143842801452,-1.9823457413554687e-18
5.867,0.3,0.2909407615661621,0.012942874077725718,6.813987646178251e-17,0.001843064441345632,-2.3348378998981815e-18
5.868,0.3,0.290941447019577,0.012942874077725718,6.796955666493539e-17,0.0018429143819957972,-2.703114204634033e-18
5.869,0.3,0.29094216227531433,0.012942874077725718,6.775778519323202e-17,0.001842764439061284,-3.087172024158449e-18
5.87,0.3,0.29094284772872925,0.012942874077725718,6.751718813154239e-17,0.001842614496126771,-3.4438474386806582e-18
5.871,0.3,0.29094356298446655,0.012942874077725718,6.72537476500565e-17,0.0018424645531922579,-3.800463390083733e-18
5.872,0.3,0.29094424843788147,0.012942874077725718,6.6971275397037e-17,0.0018423146102577448,-4.144088630561552e-18
5.873,0.3,0.2909449338912964,0.012942874077725718,6.667988282829172e-17,0.0018421646673232317,-4.4718136679066215e-18
5.8740000000000006,0.3,0.2909456491470337,0.012942874077725718,6.637962288337987e-17,0.0018420147243887186,-4.783641151886224e-18
5.875,0.3,0.2909463346004486,0.012942874077725718,6.60868141814259e-17,0.0018418647814542055,-5.023481255123892e-18
5.876,0.3,0.2909470200538635,0.012942874077725718,6.580700875870126e-17,0.0018417149549350142,-5.25180600595471e-18
5.877,0.3,0.29094773530960083,0.012942874077725718,6.55720166728423e-17,0.0018415650120005012,-5.406701505824622e-18
5.878,0.3,0.29094842076301575,0.012942874077725718,6.54020012784606e-17,0.0018414151854813099,-5.4823566109305024e-18
5.8790000000000004,0.3,0.29094913601875305,0.012942874077725718,6.529139068695e-17,0.0018412653589621186,-5.4975391613135044e-18
5.88,0.3,0.29094982147216797,0.012942874077725718,6.525563663215301e-17,0.0018411155324429274,-5.43059289067003e-18
5.881,0.3,0.2909505069255829,0.012942874077725718,6.526195629203292e-17,0.001840965705923736,-5.362201945460842e-18
5.882000000000001,0.3,0.2909512221813202,0.012942874077725718,6.532028245138526e-17,0.0018408158794045448,-5.2419260629237484e-18
5.883,0.3,0.2909519076347351,0.012942874077725718,6.539701172500568e-17,0.0018406660528853536,-5.13751316541296e-18
5.884,0.3,0.29095259308815,0.012942874077725718,6.549669691498567e-17,0.0018405162263661623,-5.033117687061728e-18
5.885,0.3,0.29095330834388733,0.012942874077725718,6.563900506756929e-17,0.001840366399846971,-4.861000309410662e-18
5.886,0.3,0.29095399379730225,0.012942874077725718,6.579534882078671e-17,0.0018402166897431016,-4.67161282356828e-18
5.8870000000000005,0.3,0.29095467925071716,0.012942874077725718,6.596654873780559e-17,0.0018400669796392322,-4.446203413152209e-18
5.888,0.3,0.29095539450645447,0.012942874077725718,6.614335363065512e-17,0.001839917153120041,-4.1689351392646214e-18
5.889,0.3,0.2909560799598694,0.012942874077725718,6.630646703000568e-17,0.0018397674430161715,-3.85857132630671e-18
5.89,0.3,0.2909567654132843,0.012942874077725718,6.644422238049781e-17,0.001839617732912302,-3.53952386069018e-18
5.891,0.3,0.2909574806690216,0.012942874077725718,6.652895214500284e-17,0.0018394680228084326,-3.211794147729713e-18
5.892,0.3,0.2909581661224365,0.012942874077725718,6.654519135478848e-17,0.0018393183127045631,-2.8336784294388752e-18
5.893,0.3,0.29095885157585144,0.012942874077725718,6.648053891811134e-17,0.0018391686026006937,-2.416660301998544e-18
5.894,0.3,0.29095956683158875,0.012942874077725718,6.62927755365067e-17,0.001839019008912146,-2.027029714710411e-18
5.8950000000000005,0.3,0.29096025228500366,0.012942874077725718,6.596575464441754e-17,0.0018388692988082767,-1.6735175462403025e-18
5.896,0.3,0.2909609377384186,0.012942874077725718,6.549933065805603e-17,0.0018387195887044072,-1.4051024772677696e-18
5.897,0.3,0.2909616529941559,0.012942874077725718,6.490170259165382e-17,0.0018385699950158596,-1.2578239454414461e-18
5.898,0.3,0.2909623384475708,0.012942874077725718,6.421420962350385e-17,0.001838420401327312,-1.2014318862335157e-18
5.899,0.3,0.2909630239009857,0.012942874077725718,6.348314078068458e-17,0.0018382708076387644,-1.2042253620179744e-18
5.9,0.3,0.290963739156723,0.012942874077725718,6.274675151216538e-17,0.0018381212139502168,-1.2618267806243345e-18
5.901,0.3,0.29096442461013794,0.012942874077725718,6.202728966770145e-17,0.0018379716202616692,-1.3771389020269921e-18
5.902,0.3,0.29096511006355286,0.012942874077725718,6.137168616652663e-17,0.0018378220265731215,-1.4997115207867741e-18
5.9030000000000005,0.3,0.29096582531929016,0.012942874077725718,6.07941089581727e-17,0.001837672432884574,-1.6597733680455322e-18
5.904,0.3,0.2909665107727051,0.012942874077725718,6.032292702892779e-17,0.0018375228391960263,-1.8227204968904528e-18
5.905,0.3,0.29096719622612,0.012942874077725718,5.996800698913844e-17,0.0018373733619228005,-1.985640550919188e-18
5.906,0.3,0.2909678816795349,0.012942874077725718,5.972911722823313e-17,0.001837223768234253,-2.1485335366739043e-18
5.907,0.3,0.2909685969352722,0.012942874077725718,5.961063849473593e-17,0.0018370742909610271,-2.2955565389136387e-18
5.908,0.3,0.29096928238868713,0.012942874077725718,5.961278254688367e-17,0.0018369248136878014,-2.4252562472745617e-18
5.909,0.3,0.29096996784210205,0.012942874077725718,5.97256496871053e-17,0.0018367753364145756,-2.554934420597967e-18
5.91,0.3,0.29097068309783936,0.012942874077725718,5.99548912133458e-17,0.0018366258591413498,-2.664380258648099e-18
5.9110000000000005,0.3,0.2909713685512543,0.012942874077725718,6.028647152497136e-17,0.001836476381868124,-2.7535971117618245e-18
5.912,0.3,0.2909720540046692,0.012942874077725718,6.070589180020514e-17,0.0018363269045948982,-2.8240442982107817e-18
5.913,0.3,0.2909727692604065,0.012942874077725718,6.121339026706358e-17,0.0018361774273216724,-2.842583118801785e-18
5.914,0.3,0.2909734547138214,0.012942874077725718,6.180045027395981e-17,0.0018360280664637685,-2.790467332350453e-18
5.915,0.3,0.29097414016723633,0.012942874077725718,6.244844371349915e-17,0.0018358785891905427,-2.651865758994584e-18
5.916,0.3,0.29097482562065125,0.012942874077725718,6.312961040432432e-17,0.0018357292283326387,-2.442635701292752e-18
5.917,0.3,0.29097554087638855,0.012942874077725718,6.381621001741274e-17,0.0018355798674747348,-2.1786318179250397e-18
5.918,0.3,0.29097622632980347,0.012942874077725718,6.448517413984152e-17,0.001835430390201509,-1.859863203902782e-18
5.9190000000000005,0.3,0.2909769117832184,0.012942874077725718,6.509837967153933e-17,0.001835281029343605,-1.5382356941427414e-18
5.92,0.3,0.2909775972366333,0.012942874077725718,6.56517237966679e-17,0.001835131668485701,-1.196450833758721e-18
5.921,0.3,0.2909783124923706,0.012942874077725718,6.6135253878097e-17,0.0018349823076277971,-8.215810366110431e-19
5.922,0.3,0.2909789979457855,0.012942874077725718,6.654492665699246e-17,0.001834833063185215,-4.1217580885578345e-19
5.923,0.3,0.29097968339920044,0.012942874077725718,6.686748077377384e-17,0.001834683702327311,1.7372189907944438e-20
5.924,0.3,0.29098039865493774,0.012942874077725718,6.708755713882725e-17,0.001834534341469407,4.612355880964668e-19
5.925,0.3,0.29098108410835266,0.012942874077725718,6.72099600171504e-17,0.001834385097026825,9.194119916977259e-19
5.926,0.3,0.2909817695617676,0.012942874077725718,6.723281667183646e-17,0.0018342358525842428,1.368776007378999e-18
5.9270000000000005,0.3,0.2909824550151825,0.012942874077725718,6.718108810504985e-17,0.0018340864917263389,1.7993102193385864e-18
5.928,0.3,0.2909831702709198,0.012942874077725718,6.706875697786514e-17,0.0018339372472837567,2.226860674700862e-18
5.929,0.3,0.2909838557243347,0.012942874077725718,6.687415115823347e-17,0.0018337880028411746,2.5447221202586538e-18
5.93,0.3,0.29098454117774963,0.012942874077725718,6.665529240304174e-17,0.0018336387583985925,2.793334788827471e-18
5.931,0.3,0.29098522663116455,0.012942874077725718,6.641265716832278e-17,0.0018334895139560103,2.9107945411898706e-18
5.932,0.3,0.29098594188690186,0.012942874077725718,6.617307919314783e-17,0.00183334038592875,2.9417399080941678e-18
5.933,0.3,0.2909866273403168,0.012942874077725718,6.594786769085169e-17,0.001833191141486168,2.8459367074904673e-18
5.934,0.3,0.2909873127937317,0.012942874077725718,6.574741866737294e-17,0.0018330418970435858,2.6594600363717065e-18
5.9350000000000005,0.3,0.2909879982471466,0.012942874077725718,6.556614699921562e-17,0.0018328927690163255,2.411098777640478e-18
5.936,0.3,0.2909887135028839,0.012942874077725718,6.539478164607423e-17,0.0018327436409890652,2.0850203304304223e-18
5.937,0.3,0.29098939895629883,0.012942874077725718,6.524161426640901e-17,0.0018325945129618049,1.7258543134075897e-18
5.938,0.3,0.29099008440971375,0.012942874077725718,6.510451404296202e-17,0.0018324452685192227,1.3106567304542335e-18
5.939,0.3,0.29099076986312866,0.012942874077725718,6.496411171450972e-17,0.0018322961404919624,8.523677558384938e-19
5.94,0.3,0.29099148511886597,0.012942874077725718,6.481489494945006e-17,0.001832147128880024,3.797683086266472e-19
5.941,0.3,0.2909921705722809,0.012942874077725718,6.46438869383333e-17,0.0018319980008527637,-1.359129288366678e-19
5.942,0.3,0.2909928560256958,0.012942874077725718,6.443476244459009e-17,0.0018318488728255033,-7.032313272508639e-19
5.9430000000000005,0.3,0.2909935414791107,0.012942874077725718,6.416738458338845e-17,0.001831699744798243,-1.2646308336268582e-18
5.944,0.3,0.29099422693252563,0.012942874077725718,6.383216467706766e-17,0.0018315507331863046,-1.7898826400941522e-18
5.945,0.3,0.29099494218826294,0.012942874077725718,6.342003020866924e-17,0.001831401721574366,-2.263149827983172e-18
5.946,0.3,0.29099562764167786,0.012942874077725718,6.291185676243096e-17,0.0018312525935471058,-2.703196131556194e-18
5.947,0.3,0.2909963130950928,0.012942874077725718,6.230279375124082e-17,0.0018311035819351673,-3.111483169882769e-18
5.948,0.3,0.2909969985485077,0.012942874077725718,6.160645987670388e-17,0.0018309545703232288,-3.441943561430571e-18
5.949,0.3,0.290997713804245,0.012942874077725718,6.083691720923354e-17,0.0018308055587112904,-3.662904440378658e-18
5.95,0.3,0.2909983992576599,0.012942874077725718,5.998977176541594e-17,0.0018306565470993519,-3.806069908166132e-18
5.9510000000000005,0.3,0.29099908471107483,0.012942874077725718,5.905891564360796e-17,0.0018305075354874134,-3.9089631851524516e-18
5.952,0.3,0.29099977016448975,0.012942874077725718,5.807308178956726e-17,0.0018303586402907968,-3.952835886232986e-18
5.953,0.3,0.29100045561790466,0.012942874077725718,5.705590771647816e-17,0.0018302096286788583,-3.904555917479495e-18
5.954,0.3,0.29100117087364197,0.012942874077725718,5.601632035751131e-17,0.0018300607334822416,-3.765594762065731e-18
5.955,0.3,0.2910018563270569,0.012942874077725718,5.496869280299045e-17,0.0018299117218703032,-3.53451144033347e-18
5.956,0.3,0.2910025417804718,0.012942874077725718,5.3927361747292346e-17,0.0018297628266736865,-3.1940222807765543e-18
5.957,0.3,0.2910032272338867,0.012942874077725718,5.287308366064656e-17,0.0018296139314770699,-2.8262723736238764e-18
5.958,0.3,0.29100391268730164,0.012942874077725718,5.182437415388448e-17,0.0018294650362804532,-2.415423361271509e-18
5.9590000000000005,0.3,0.29100462794303894,0.012942874077725718,5.079509346535005e-17,0.0018293161410838366,-1.961482447724195e-18
5.96,0.3,0.29100531339645386,0.012942874077725718,4.9786101862880314e-17,0.00182916724588722,-1.5090733367294885e-18
5.961,0.3,0.2910059988498688,0.012942874077725718,4.880239220865265e-17,0.001829018467105925,-1.0567396445984725e-18
5.962,0.3,0.2910066843032837,0.012942874077725718,4.7833436147830485e-17,0.0018288695719093084,-6.405356161959254e-19
5.963,0.3,0.2910073697566986,0.012942874077725718,4.688926903560531e-17,0.0018287206767126918,-2.733858889255521e-19
5.964,0.3,0.2910080850124359,0.012942874077725718,4.59664828878534e-17,0.001828571897931397,1.7400298108695472e-20
5.965,0.3,0.29100877046585083,0.012942874077725718,4.5058681944078506e-17,0.0018284231191501021,2.4185401409056965e-19
5.966,0.3,0.29100945591926575,0.012942874077725718,4.4166233472472594e-17,0.0018282742239534855,3.6975661080364373e-19
5.9670000000000005,0.3,0.29101014137268066,0.012942874077725718,4.3303325274902176e-17,0.0018281254451721907,4.342661709649765e-19
5.968,0.3,0.2910108268260956,0.012942874077725718,4.245561073082313e-17,0.0018279766663908958,3.864083370981644e-19
5.969,0.3,0.2910115420818329,0.012942874077725718,4.163599054906884e-17,0.001827827887609601,2.5497534844586184e-19
5.97,0.3,0.2910122275352478,0.012942874077725718,4.084607607747255e-17,0.001827679225243628,-1.7229873264147378e-21
5.971,0.3,0.2910129129886627,0.012942874077725718,4.010965041300639e-17,0.0018275304464623332,-2.8569591925571697e-19
5.972,0.3,0.29101359844207764,0.012942874077725718,3.9404353209351826e-17,0.0018273816676810384,-6.257123802082311e-19
5.973,0.3,0.29101428389549255,0.012942874077725718,3.8710772191893463e-17,0.0018272330053150654,-1.0088324256523648e-18
5.974,0.3,0.29101496934890747,0.012942874077725718,3.8010388441077464e-17,0.0018270843429490924,-1.4508917723600616e-18
5.9750000000000005,0.3,0.2910156846046448,0.012942874077725718,3.730232514545452e-17,0.0018269355641677976,-1.9072641772637917e-18
5.976,0.3,0.2910163700580597,0.012942874077725718,3.6582810361431397e-17,0.0018267869018018246,-2.375034876174341e-18
5.977,0.3,0.2910170555114746,0.012942874077725718,3.586106218975438e-17,0.0018266382394358516,-2.774987343061738e-18
5.978,0.3,0.2910177409648895,0.012942874077725718,3.5118651046375785e-17,0.0018264895770698786,-3.1229757818912603e-18
5.979,0.3,0.29101842641830444,0.012942874077725718,3.434095237806568e-17,0.0018263409147039056,-3.421921224771963e-18
5.98,0.3,0.29101911187171936,0.012942874077725718,3.351420851687608e-17,0.0018261922523379326,-3.7035176808391205e-18
5.981,0.3,0.29101982712745667,0.012942874077725718,3.2638535268092743e-17,0.0018260437063872814,-3.95192511297714e-18
5.982,0.3,0.2910205125808716,0.012942874077725718,3.169977129962876e-17,0.0018258950440213084,-4.200291095978104e-18
5.9830000000000005,0.3,0.2910211980342865,0.012942874077725718,3.0720674004496696e-17,0.0018257464980706573,-4.370857241431707e-18
5.984,0.3,0.2910218834877014,0.012942874077725718,2.9692998046350615e-17,0.0018255978357046843,-4.5082528598479224e-18
5.985,0.3,0.29102256894111633,0.012942874077725718,2.861515523841442e-17,0.001825449289754033,-4.602465417215319e-18
5.986,0.3,0.29102325439453125,0.012942874077725718,2.7501123278679026e-17,0.001825300743803382,-4.653502130857201e-18
5.987,0.3,0.29102396965026855,0.012942874077725718,2.6356479018834272e-17,0.0018251521978527308,-4.690143612892305e-18
5.988,0.3,0.29102465510368347,0.012942874077725718,2.5185482439034804e-17,0.0018250036519020796,-4.713848496752153e-18
5.989,0.3,0.2910253405570984,0.012942874077725718,2.400622894236083e-17,0.0018248551059514284,-4.694389339980825e-18
5.99,0.3,0.2910260260105133,0.012942874077725718,2.2824234169136857e-17,0.001824706676416099,-4.6605467320822855e-18
5.9910000000000005,0.3,0.2910267114639282,0.012942874077725718,2.1639948105616112e-17,0.001824558130465448,-4.626709761405864e-18
5.992,0.3,0.29102739691734314,0.012942874077725718,2.0466362450499352e-17,0.0018244095845147967,-4.548262143831423e-18
5.993,0.3,0.29102808237075806,0.012942874077725718,1.9295112753432443e-17,0.0018242611549794674,-4.485670525738856e-18
5.994,0.3,0.29102879762649536,0.012942874077725718,1.8130804756066078e-17,0.001824112725444138,-4.423089343288263e-18
5.995,0.3,0.2910294830799103,0.012942874077725718,1.6973418606065557e-17,0.0018239642959088087,-4.360518594652881e-18
5.996,0.3,0.2910301685333252,0.012942874077725718,1.582294768598598e-17,0.0018238157499581575,-4.297958278002956e-18
5.997,0.3,0.2910308539867401,0.012942874077725718,1.468398781131069e-17,0.0018236673204228282,-4.219565470470491e-18
5.998,0.3,0.29103153944015503,0.012942874077725718,1.3551910079331841e-17,0.0018235190073028207,-4.141185732025513e-18
5.9990000000000006,0.3,0.29103222489356995,0.012942874077725718,1.2431314441435841e-17,0.0018233705777674913,-4.046976139373832e-18
