time,command,measured,model,cross1,cross2,yaw
0.0,0.0,-0.04072115570306778,0.11379629499278962,0.0,0.0,0.0
0.001,0.0,-0.0807088166475296,0.11379629499278962,0.0,0.0,0.0
0.002,0.0,-0.11952421814203262,0.11379629499278962,0.0,0.0,0.0
0.003,0.0,-0.15681280195713043,0.11379629499278962,0.0,0.0,0.0
0.004,0.0,-0.19229675829410553,0.11379629499278962,0.0,0.0,0.0
0.005,0.0,-0.2257671058177948,0.11379629499278962,0.0,0.0,0.0
0.006,0.0,-0.25707584619522095,0.11379629499278962,0.0,0.0,0.0
0.007,0.0,-0.28612813353538513,0.11379629499278962,0.0,0.0,0.0
0.008,0.0,-0.3128749132156372,0.11379629499278962,0.0,0.0,0.0
0.009000000000000001,0.0,-0.3373059332370758,0.11379629499278962,0.0,0.0,0.0
0.01,0.0,-0.35944312810897827,0.11379629499278962,0.0,0.0,0.0
0.011,0.0,-0.3793348968029022,0.11379629499278962,0.0,0.0,0.0
0.012,0.0,-0.3970506191253662,0.11379629499278962,0.0,0.0,0.0
0.013000000000000001,0.0,-0.41267597675323486,0.11379629499278962,0.0,0.0,0.0
0.014,0.0,-0.42630884051322937,0.11379629499278962,0.0,0.0,0.0
0.015,0.0,-0.4380556046962738,0.11379629499278962,0.0,0.0,0.0
0.016,0.0,-0.44802817702293396,0.11379629499278962,0.0,0.0,0.0
0.017,0.0,-0.45634129643440247,0.11379629499278962,0.0,0.0,0.0
0.018000000000000002,0.0,-0.4631105363368988,0.11379629499278962,0.0,0.0,0.0
0.019,0.0,-0.4684503674507141,0.11379629499278962,0.0,0.0,0.0
0.02,0.0,-0.4724729359149933,0.11379629499278962,0.0,0.0,0.0
0.021,0.0,-0.4752868413925171,0.11379629499278962,0.0,0.0,0.0
0.022,0.0,-0.47699642181396484,0.11379629499278962,0.0,0.0,0.0
0.023,0.0,-0.47770100831985474,0.11379629499278962,0.0,0.0,0.0
0.024,0.0,-0.4774947762489319,0.11379629499278962,0.0,0.0,0.0
0.025,0.0,-0.47646620869636536,0.11379629499278962,0.0,0.0,0.0
0.026000000000000002,0.0,-0.4746982157230377,0.11379629499278962,0.0,0.0,0.0
0.027,0.0,-0.47226810455322266,0.11379629499278962,0.0,0.0,0.0
0.028,0.0,-0.4692475199699402,0.11379629499278962,0.0,0.0,0.0
0.029,0.0,-0.46570271253585815,0.11379629499278962,0.0,0.0,0.0
0.03,0.0,-0.46169477701187134,0.11379629499278962,0.0,0.0,0.0
0.031,0.0,-0.4572798013687134,0.11379629499278962,0.0,0.0,0.0
0.032,0.0,-0.4525090754032135,0.11379629499278962,0.0,0.0,0.0
0.033,0.0,-0.4474295675754547,0.11379629499278962,0.0,0.0,0.0
0.034,0.0,-0.4420839548110962,0.11379629499278962,0.0,0.0,0.0
0.035,0.0,-0.4365110993385315,0.11379629499278962,0.0,0.0,0.0
0.036000000000000004,0.0,-0.4307461977005005,0.11379629499278962,0.0,0.0,0.0
0.037,0.0,-0.4248211085796356,0.11379629499278962,0.0,0.0,0.0
0.038,0.0,-0.418764591217041,0.11379629499278962,0.0,0.0,0.0
0.039,0.0,-0.41260260343551636,0.11379629499278962,0.0,0.0,0.0
0.04,0.0,-0.4063584506511688,0.11379629499278962,0.0,0.0,0.0
0.041,0.0,-0.4000530540943146,0.11379629499278962,0.0,0.0,0.0
0.042,0.0,-0.3937051296234131,0.11379629499278962,0.0,0.0,0.0
0.043000000000000003,0.0,-0.38733145594596863,0.11379629499278962,0.0,0.0,0.0
0.044,0.0,-0.3809469938278198,0.11379629499278962,0.0,0.0,0.0
0.045,0.0,-0.3745650053024292,0.11379629499278962,0.0,0.0,0.0
0.046,0.0,-0.3681972920894623,0.11379629499278962,0.0,0.0,0.0
0.047,0.0,-0.36185431480407715,0.11379629499278962,0.0,0.0,0.0
0.048,0.0,-0.3555452525615692,0.11379629499278962,0.0,0.0,0.0
0.049,0.0,-0.3492782413959503,0.11379629499278962,0.0,0.0,0.0
0.05,0.0,-0.3430604040622711,0.11379629499278962,0.0,0.0,0.0
0.051000000000000004,0.0,-0.33689790964126587,0.11379629499278962,0.0,0.0,0.0
0.052000000000000005,0.0,-0.33079615235328674,0.11379629499278962,0.0,0.0,0.0
0.053,0.0,-0.3247598111629486,0.11379629499278962,0.0,0.0,0.0
0.054,0.0,-0.31879284977912903,0.11379629499278962,0.0,0.0,0.0
0.055,0.0,-0.312898725271225,0.11379629499278962,0.0,0.0,0.0
0.056,0.0,-0.30708029866218567,0.11379629499278962,0.0,0.0,0.0
0.057,0.0,-0.30133992433547974,0.11379629499278962,0.0,0.0,0.0
0.058,0.0,-0.29567965865135193,0.11379629499278962,0.0,0.0,0.0
0.059000000000000004,0.0,-0.290101021528244,0.11379629499278962,0.0,0.0,0.0
0.06,0.0,-0.28460532426834106,0.11379629499278962,0.0,0.0,0.0
0.061,0.0,-0.2791934907436371,0.11379629499278962,0.0,0.0,0.0
0.062,0.0,-0.2738661766052246,0.11379629499278962,0.0,0.0,0.0
0.063,0.0,-0.26862385869026184,0.11379629499278962,0.0,0.0,0.0
0.064,0.0,-0.2634667456150055,0.11379629499278962,0.0,0.0,0.0
0.065,0.0,-0.25839489698410034,0.11379629499278962,0.0,0.0,0.0
0.066,0.0,-0.25340813398361206,0.11379629499278962,0.0,0.0,0.0
0.067,0.0,-0.24850623309612274,0.11379629499278962,0.0,0.0,0.0
0.068,0.0,-0.24368873238563538,0.11379629499278962,0.0,0.0,0.0
0.069,0.0,-0.23895512521266937,0.11379629499278962,0.0,0.0,0.0
0.07,0.0,-0.23430480062961578,0.11379629499278962,0.0,0.0,0.0
0.07100000000000001,0.0,-0.2297370284795761,0.11379629499278962,0.0,0.0,0.0
0.07200000000000001,0.0,-0.22525103390216827,0.11379629499278962,0.0,0.0,0.0
0.073,0.0,-0.22084593772888184,0.11379629499278962,0.0,0.0,0.0
0.074,0.0,-0.21652086079120636,0.11379629499278962,0.0,0.0,0.0
0.075,0.0,-0.21227481961250305,0.11379629499278962,0.0,0.0,0.0
0.076,0.0,-0.20810683071613312,0.11379629499278962,0.0,0.0,0.0
0.077,0.0,-0.2040158361196518,0.11379629499278962,0.0,0.0,0.0
0.078,0.0,-0.2000008076429367,0.11379629499278962,0.0,0.0,0.0
0.079,0.0,-0.1960606426000595,0.11379629499278962,0.0,0.0,0.0
0.08,0.0,-0.19219423830509186,0.11379629499278962,0.0,0.0,0.0
0.081,0.0,-0.1884004920721054,0.11379629499278962,0.0,0.0,0.0
0.082,0.0,-0.18467824161052704,0.11379629499278962,0.0,0.0,0.0
0.083,0.0,-0.1810263991355896,0.11379629499278962,0.0,0.0,0.0
0.084,0.0,-0.17744380235671997,0.11379629499278962,0.0,0.0,0.0
0.085,0.0,-0.17392930388450623,0.11379629499278962,0.0,0.0,0.0
0.08600000000000001,0.0,-0.17048180103302002,0.11379629499278962,0.0,0.0,0.0
0.08700000000000001,0.0,-0.16710011661052704,0.11379629499278962,0.0,0.0,0.0
0.088,0.0,-0.16378316283226013,0.11379629499278962,0.0,0.0,0.0
0.089,0.0,-0.16052977740764618,0.11379629499278962,0.0,0.0,0.0
0.09,0.0,-0.15733888745307922,0.11379629499278962,0.0,0.0,0.0
0.091,0.0,-0.15420936048030853,0.11379629499278962,0.0,0.0,0.0
0.092,0.0,-0.15114009380340576,0.11379629499278962,0.0,0.0,0.0
0.093,0.0,-0.14813002943992615,0.11379629499278962,0.0,0.0,0.0
0.094,0.0,-0.14517807960510254,0.11379629499278962,0.0,0.0,0.0
0.095,0.0,-0.14228320121765137,0.11379629499278962,0.0,0.0,0.0
0.096,0.0,-0.13944432139396667,0.11379629499278962,0.0,0.0,0.0
0.097,0.0,-0.13666042685508728,0.11379629499278962,0.0,0.0,0.0
0.098,0.0,-0.1339304894208908,0.11379629499278962,0.0,0.0,0.0
0.099,0.0,-0.13125351071357727,0.11379629499278962,0.0,0.0,0.0
0.1,0.0,-0.12862850725650787,0.11379629499278962,0.0,0.0,0.0
0.101,0.0,-0.12605449557304382,0.11379629499278962,0.0,0.0,0.0
0.10200000000000001,0.0,-0.12353051453828812,0.11379629499278962,0.0,0.0,0.0
0.10300000000000001,0.0,-0.12105562537908554,0.11379629499278962,0.0,0.0,0.0
0.10400000000000001,0.0,-0.11862889677286148,0.11379629499278962,0.0,0.0,0.0
0.105,0.0,-0.11624941974878311,0.11379629499278962,0.0,0.0,0.0
0.106,0.0,-0.11391628533601761,0.11379629499278962,0.0,0.0,0.0
0.107,0.0,-0.11162861436605453,0.11379629499278962,0.0,0.0,0.0
0.108,0.0,-0.10938553512096405,0.11379629499278962,0.0,0.0,0.0
0.109,0.0,-0.1071861982345581,0.11379629499278962,0.0,0.0,0.0
0.11,0.0,-0.10502976179122925,0.11379629499278962,0.0,0.0,0.0
0.111,0.0,-0.10291540622711182,0.11379629499278962,0.0,0.0,0.0
0.112,0.0,-0.10084231942892075,0.11379629499278962,0.0,0.0,0.0
0.113,0.0,-0.09880970418453217,0.11379629499278962,0.0,0.0,0.0
0.114,0.0,-0.096816785633564,0.11379629499278962,0.0,0.0,0.0
0.115,0.0,-0.09486278891563416,0.11379629499278962,0.0,0.0,0.0
0.116,0.0,-0.09294696897268295,0.11379629499278962,0.0,0.0,0.0
0.117,0.0,-0.0910685807466507,0.11379629499278962,0.0,0.0,0.0
0.11800000000000001,0.0,-0.08922690153121948,0.11379629499278962,0.0,0.0,0.0
0.11900000000000001,0.0,-0.0874212235212326,0.11379629499278962,0.0,0.0,0.0
0.12,0.0,-0.08565084636211395,0.11379629499278962,0.0,0.0,0.0
0.121,0.0,-0.08391508460044861,0.11379629499278962,0.0,0.0,0.0
0.122,0.0,-0.08221326768398285,0.11379629499278962,0.0,0.0,0.0
0.123,0.0,-0.08054473251104355,0.11379629499278962,0.0,0.0,0.0
0.124,0.0,-0.07890883088111877,0.11379629499278962,0.0,0.0,0.0
0.125,0.0,-0.07730493694543839,0.11379629499278962,0.0,0.0,0.0
0.126,0.0,-0.07573241740465164,0.11379629499278962,0.0,0.0,0.0
0.127,0.0,-0.0741906687617302,0.11379629499278962,0.0,0.0,0.0
0.128,0.0,-0.0726790800690651,0.11379629499278962,0.0,0.0,0.0
0.129,0.0,-0.07119707763195038,0.11379629499278962,0.0,0.0,0.0
0.13,0.0,-0.06974408030509949,0.11379629499278962,0.0,0.0,0.0
0.131,0.0,-0.06831951439380646,0.11379629499278962,0.0,0.0,0.0
0.132,0.0,-0.06692283600568771,0.11379629499278962,0.0,0.0,0.0
0.133,0.0,-0.06555350124835968,0.11379629499278962,0.0,0.0,0.0
0.134,0.0,-0.06421096622943878,0.11379629499278962,0.0,0.0,0.0
0.135,0.0,-0.06289471685886383,0.11379629499278962,0.0,0.0,0.0
0.136,0.0,-0.06160423532128334,0.11379629499278962,0.0,0.0,0.0
0.137,0.0,-0.06033901870250702,0.11379629499278962,0.0,0.0,0.0
0.138,0.0,-0.05909857898950577,0.11379629499278962,0.0,0.0,0.0
0.139,0.0,-0.05788242444396019,0.11379629499278962,0.0,0.0,0.0
0.14,0.0,-0.05669008567929268,0.11379629499278962,0.0,0.0,0.0
0.14100000000000001,0.0,-0.05552109330892563,0.11379629499278962,0.0,0.0,0.0
0.14200000000000002,0.0,-0.054374996572732925,0.11379629499278962,0.0,0.0,0.0
0.14300000000000002,0.0,-0.05325134098529816,0.11379629499278962,0.0,0.0,0.0
0.14400000000000002,0.0,-0.0521496944129467,0.11379629499278962,0.0,0.0,0.0
0.145,0.0,-0.05106962472200394,0.11379629499278962,0.0,0.0,0.0
0.146,0.0,-0.05001070722937584,0.11379629499278962,0.0,0.0,0.0
0.147,0.0,-0.04897252842783928,0.11379629499278962,0.0,0.0,0.0
0.148,0.0,-0.04795468971133232,0.11379629499278962,0.0,0.0,0.0
0.149,0.0,-0.046956781297922134,0.11379629499278962,0.0,0.0,0.0
0.15,0.0,-0.045978426933288574,0.11379629499278962,0.0,0.0,0.0
0.151,0.0,-0.045019231736660004,0.11379629499278962,0.0,0.0,0.0
0.152,0.0,-0.044078826904296875,0.11379629499278962,0.0,0.0,0.0
0.153,0.0,-0.04315684735774994,0.11379629499278962,0.0,0.0,0.0
0.154,0.0,-0.042252928018569946,0.11379629499278962,0.0,0.0,0.0
0.155,0.0,-0.04136671498417854,0.11379629499278962,0.0,0.0,0.0
0.156,0.0,-0.04049786552786827,0.11379629499278962,0.0,0.0,0.0
0.157,0.0,-0.03964604064822197,0.11379629499278962,0.0,0.0,0.0
0.158,0.0,-0.03881090134382248,0.11379629499278962,0.0,0.0,0.0
0.159,0.0,-0.037992123514413834,0.11379629499278962,0.0,0.0,0.0
0.16,0.0,-0.037189386785030365,0.11379629499278962,0.0,0.0,0.0
0.161,0.0,-0.0364023819565773,0.11379629499278962,0.0,0.0,0.0
0.162,0.0,-0.03563079610466957,0.11379629499278962,0.0,0.0,0.0
0.163,0.0,-0.034874327480793,0.11379629499278962,0.0,0.0,0.0
0.164,0.0,-0.03413268178701401,0.11379629499278962,0.0,0.0,0.0
0.165,0.0,-0.033405568450689316,0.11379629499278962,0.0,0.0,0.0
0.166,0.0,-0.03269270062446594,0.11379629499278962,0.0,0.0,0.0
0.167,0.0,-0.0319938026368618,0.11379629499278962,0.0,0.0,0.0
0.168,0.0,-0.031308602541685104,0.11379629499278962,0.0,0.0,0.0
0.169,0.0,-0.030636828392744064,0.11379629499278962,0.0,0.0,0.0
0.17,0.0,-0.02997821755707264,0.11379629499278962,0.0,0.0,0.0
0.171,0.0,-0.029332512989640236,0.11379629499278962,0.0,0.0,0.0
0.17200000000000001,0.0,-0.028699463233351707,0.11379629499278962,0.0,0.0,0.0
0.17300000000000001,0.0,-0.028078818693757057,0.11379629499278962,0.0,0.0,0.0
0.17400000000000002,0.0,-0.027470337226986885,0.11379629499278962,0.0,0.0,0.0
0.17500000000000002,0.0,-0.02687378227710724,0.11379629499278962,0.0,0.0,0.0
0.176,0.0,-0.026288917288184166,0.11379629499278962,0.0,0.0,0.0
0.177,0.0,-0.02571551501750946,0.11379629499278962,0.0,0.0,0.0
0.178,0.0,-0.025153351947665215,0.11379629499278962,0.0,0.0,0.0
0.179,0.0,-0.02460220456123352,0.11379629499278962,0.0,0.0,0.0
0.18,0.0,-0.024061862379312515,0.11379629499278962,0.0,0.0,0.0
0.181,0.0,-0.023532109335064888,0.11379629499278962,0.0,0.0,0.0
0.182,0.0,-0.023012738674879074,0.11379629499278962,0.0,0.0,0.0
0.183,0.0,-0.022503549233078957,0.11379629499278962,0.0,0.0,0.0
0.184,0.0,-0.02200433984398842,0.11379629499278962,0.0,0.0,0.0
0.185,0.0,-0.02151491492986679,0.11379629499278962,0.0,0.0,0.0
0.186,0.0,-0.02103508450090885,0.11379629499278962,0.0,0.0,0.0
0.187,0.0,-0.02056465856730938,0.11379629499278962,0.0,0.0,0.0
0.188,0.0,-0.02010345458984375,0.11379629499278962,0.0,0.0,0.0
0.189,0.0,-0.019651291891932487,0.11379629499278962,0.0,0.0,0.0
0.19,0.0,-0.019207991659641266,0.11379629499278962,0.0,0.0,0.0
0.191,0.0,-0.018773382529616356,0.11379629499278962,0.0,0.0,0.0
0.192,0.0,-0.01834729313850403,0.11379629499278962,0.0,0.0,0.0
0.193,0.0,-0.017929555848240852,0.11379629499278962,0.0,0.0,0.0
0.194,0.0,-0.017520008608698845,0.11379629499278962,0.0,0.0,0.0
0.195,0.0,-0.017118489369750023,0.11379629499278962,0.0,0.0,0.0
0.196,0.0,-0.016724843531847,0.11379629499278962,0.0,0.0,0.0
0.197,0.0,-0.01633891463279724,0.11379629499278962,0.0,0.0,0.0
0.198,0.0,-0.01596055179834366,0.11379629499278962,0.0,0.0,0.0
0.199,0.0,-0.015589606016874313,0.11379629499278962,0.0,0.0,0.0
0.2,0.0,-0.015225933864712715,0.11379629499278962,0.0,0.0,0.0
0.201,0.0,-0.014869391918182373,0.11379629499278962,0.0,0.0,0.0
0.202,0.0,-0.01451984141021967,0.11379629499278962,0.0,0.0,0.0
0.203,0.0,-0.014177143573760986,0.11379629499278962,0.0,0.0,0.0
0.20400000000000001,0.0,-0.013841165229678154,0.11379629499278962,0.0,0.0,0.0
0.20500000000000002,0.0,-0.013511775992810726,0.11379629499278962,0.0,0.0,0.0
0.20600000000000002,0.0,-0.013188844546675682,0.11379629499278962,0.0,0.0,0.0
0.20700000000000002,0.0,-0.012872245162725449,0.11379629499278962,0.0,0.0,0.0
0.20800000000000002,0.0,-0.012561853975057602,0.11379629499278962,0.0,0.0,0.0
0.209,0.0,-0.012257549911737442,0.11379629499278962,0.0,0.0,0.0
0.21,0.0,-0.011959212832152843,0.11379629499278962,0.0,0.0,0.0
0.211,0.0,-0.01166672632098198,0.11379629499278962,0.0,0.0,0.0
0.212,0.0,-0.011379975825548172,0.11379629499278962,0.0,0.0,0.0
0.213,0.0,-0.011098848655819893,0.11379629499278962,0.0,0.0,0.0
0.214,0.0,-0.010823233984410763,0.11379629499278962,0.0,0.0,0.0
0.215,0.0,-0.010553025640547276,0.11379629499278962,0.0,0.0,0.0
0.216,0.0,-0.01028811652213335,0.11379629499278962,0.0,0.0,0.0
0.217,0.0,-0.01002840232104063,0.11379629499278962,0.0,0.0,0.0
0.218,0.0,-0.009773782454431057,0.11379629499278962,0.0,0.0,0.0
0.219,0.0,-0.009524156339466572,0.11379629499278962,0.0,0.0,0.0
0.22,0.0,-0.00927942618727684,0.11379629499278962,0.0,0.0,0.0
0.221,0.0,-0.009039497002959251,0.11379629499278962,0.0,0.0,0.0
0.222,0.0,-0.00880427286028862,0.11379629499278962,0.0,0.0,0.0
0.223,0.0,-0.008573663420975208,0.11379629499278962,0.0,0.0,0.0
0.224,0.0,-0.008347577415406704,0.11379629499278962,0.0,0.0,0.0
0.225,0.0,-0.008125926367938519,0.11379629499278962,0.0,0.0,0.0
0.226,0.0,-0.007908623665571213,0.11379629499278962,0.0,0.0,0.0
0.227,0.0,-0.007695583626627922,0.11379629499278962,0.0,0.0,0.0
0.228,0.0,-0.007486722897738218,0.11379629499278962,0.0,0.0,0.0
0.229,0.0,-0.007281959522515535,0.11379629499278962,0.0,0.0,0.0
0.23,0.0,-0.007081213407218456,0.11379629499278962,0.0,0.0,0.0
0.231,0.0,-0.006884405389428139,0.11379629499278962,0.0,0.0,0.0
0.232,0.0,-0.006691459100693464,0.11379629499278962,0.0,0.0,0.0
0.233,0.0,-0.0065022981725633144,0.11379629499278962,0.0,0.0,0.0
0.234,0.0,-0.006316849030554295,0.11379629499278962,0.0,0.0,0.0
0.23500000000000001,0.0,-0.00613503810018301,0.11379629499278962,0.0,0.0,0.0
0.23600000000000002,0.0,-0.0059567950665950775,0.11379629499278962,0.0,0.0,0.0
0.23700000000000002,0.0,-0.005782049614936113,0.11379629499278962,0.0,0.0,0.0
0.23800000000000002,0.0,-0.005610732827335596,0.11379629499278962,0.0,0.0,0.0
0.23900000000000002,0.0,-0.005442778114229441,0.11379629499278962,0.0,0.0,0.0
0.24,0.0,-0.0052781193517148495,0.11379629499278962,0.0,0.0,0.0
0.241,0.0,-0.005116691812872887,0.11379629499278962,0.0,0.0,0.0
0.242,0.0,-0.004958432633429766,0.11379629499278962,0.0,0.0,0.0
0.243,0.0,-0.004803279414772987,0.11379629499278962,0.0,0.0,0.0
0.244,0.0,-0.004651171155273914,0.11379629499278962,0.0,0.0,0.0
0.245,0.0,-0.004502048250287771,0.11379629499278962,0.0,0.0,0.0
0.246,0.0,-0.0043558524921536446,0.11379629499278962,0.0,0.0,0.0
0.247,0.0,-0.004212526138871908,0.11379629499278962,0.0,0.0,0.0
0.248,0.0,-0.004072013311088085,0.11379629499278962,0.0,0.0,0.0
0.249,0.0,-0.003934259060770273,0.11379629499278962,0.0,0.0,0.0
0.25,0.0,-0.0037992086727172136,0.11379629499278962,0.0,0.0,0.0
0.251,0.0,-0.0036668095272034407,0.11379629499278962,0.0,0.0,0.0
0.252,0.0,-0.0035370097029954195,0.11379629499278962,0.0,0.0,0.0
0.253,0.0,-0.00340975821018219,0.11379629499278962,0.0,0.0,0.0
0.254,0.0,-0.0032850049901753664,0.11379629499278962,0.0,0.0,0.0
0.255,0.0,-0.0031627013813704252,0.11379629499278962,0.0,0.0,0.0
0.256,0.0,-0.00304279918782413,0.11379629499278962,0.0,0.0,0.0
0.257,0.0,-0.002925251144915819,0.11379629499278962,0.0,0.0,0.0
0.258,0.0,-0.0028100116178393364,0.11379629499278962,0.0,0.0,0.0
0.259,0.0,-0.0026970352046191692,0.11379629499278962,0.0,0.0,0.0
0.26,0.0,-0.002586277201771736,0.11379629499278962,0.0,0.0,0.0
0.261,0.0,-0.002477694535627961,0.11379629499278962,0.0,0.0,0.0
0.262,0.0,-0.002371244365349412,0.11379629499278962,0.0,0.0,0.0
0.263,0.0,-0.002266885247081518,0.11379629499278962,0.0,0.0,0.0
0.264,0.0,-0.0021645757369697094,0.11379629499278962,0.0,0.0,0.0
0.265,0.0,-0.002064275788143277,0.11379629499278962,0.0,0.0,0.0
0.266,0.0,-0.0019659462850540876,0.11379629499278962,0.0,0.0,0.0
0.267,0.0,-0.0018695484613999724,0.11379629499278962,0.0,0.0,0.0
0.268,0.0,-0.001775044365786016,0.11379629499278962,0.0,0.0,0.0
0.269,0.0,-0.0016823969781398773,0.11379629499278962,0.0,0.0,0.0
0.27,0.0,-0.0015915698604658246,0.11379629499278962,0.0,0.0,0.0
0.271,0.0,-0.0015025275060907006,0.11379629499278962,0.0,0.0,0.0
0.272,0.0,-0.0014152347575873137,0.11379629499278962,0.0,0.0,0.0
0.273,0.0,-0.0013296573888510466,0.11379629499278962,0.0,0.0,0.0
0.274,0.0,-0.0012457617558538914,0.11379629499278962,0.0,0.0,0.0
0.275,0.0,-0.001163514913059771,0.11379629499278962,0.0,0.0,0.0
0.276,0.0,-0.0010828847298398614,0.11379629499278962,0.0,0.0,0.0
0.277,0.0,-0.00100383919198066,0.11379629499278962,0.0,0.0,0.0
0.278,0.0,-0.0009263475658372045,0.11379629499278962,0.0,0.0,0.0
0.279,0.0,-0.0008503791759721935,0.11379629499278962,0.0,0.0,0.0
0.28,0.0,-0.0007759042782709002,0.11379629499278962,0.0,0.0,0.0
0.281,0.0,-0.0007028935942798853,0.11379629499278962,0.0,0.0,0.0
0.28200000000000003,0.0,-0.0006313184276223183,0.11379629499278962,0.0,0.0,0.0
0.28300000000000003,0.0,-0.0005611506057903171,0.11379629499278962,0.0,0.0,0.0
0.28400000000000003,0.0,-0.0004923625965602696,0.11379629499278962,0.0,0.0,0.0
0.28500000000000003,0.0,-0.0004249273333698511,0.11379629499278962,0.0,0.0,0.0
0.28600000000000003,0.0,-0.000358818331733346,0.11379629499278962,0.0,0.0,0.0
0.28700000000000003,0.0,-0.00029400960193015635,0.11379629499278962,0.0,0.0,0.0
0.28800000000000003,0.0,-0.00023047563445288688,0.11379629499278962,0.0,0.0,0.0
0.289,0.0,-0.0001681914582150057,0.11379629499278962,0.0,0.0,0.0
0.29,0.0,-0.00010713258961914107,0.11379629499278962,0.0,0.0,0.0
0.291,0.0,-4.7275014367187396e-05,0.11379629499278962,0.0,0.0,0.0
0.292,0.0,1.1404814358684234e-05,0.11379629499278962,0.0,0.0,0.0
0.293,0.0,6.89299704390578e-05,0.11379629499278962,0.0,0.0,0.0
0.294,0.0,0.00012532308755908161,0.11379629499278962,0.0,0.0,0.0
0.295,0.0,0.0001806063373805955,0.11379629499278962,0.0,0.0,0.0
0.296,0.0,0.0002348014822928235,0.11379629499278962,0.0,0.0,0.0
0.297,0.0,0.00028792984085157514,0.11379629499278962,0.0,0.0,0.0
0.298,0.0,0.00034001230960711837,0.11379629499278962,0.0,0.0,0.0
0.299,0.0,0.00039106939220800996,0.11379629499278962,0.0,0.0,0.0
0.3,0.0,0.00044112117029726505,0.11379629499278962,0.0,0.0,0.0
0.301,0.0,0.0004901873762719333,0.11379629499278962,0.0,0.0,0.0
0.302,0.0,0.0005382872768677771,0.11379629499278962,0.0,0.0,0.0
0.303,0.0,0.0005854398477822542,0.11379629499278962,0.0,0.0,0.0
0.304,0.0,0.0006316635990515351,0.11379629499278962,0.0,0.0,0.0
0.305,0.0,0.0006769768078811467,0.11379629499278962,0.0,0.0,0.0
0.306,0.0,0.0007213972276076674,0.11379629499278962,0.0,0.0,0.0
0.307,0.0,0.0007649424369446933,0.11379629499278962,0.0,0.0,0.0
0.308,0.0,0.0008076296071521938,0.11379629499278962,0.0,0.0,0.0
0.309,0.0,0.000849475443828851,0.11379629499278962,0.0,0.0,0.0
0.31,0.0,0.0008904965361580253,0.11379629499278962,0.0,0.0,0.0
0.311,0.0,0.0009307089494541287,0.11379629499278962,0.0,0.0,0.0
0.312,0.0,0.0009701286326162517,0.11379629499278962,0.0,0.0,0.0
0.313,0.0,0.0010087710106745362,0.11379629499278962,0.0,0.0,0.0
0.314,0.0,0.0010466515086591244,0.11379629499278962,0.0,0.0,0.0
0.315,0.0,0.0010837848531082273,0.11379629499278962,0.0,0.0,0.0
0.316,0.0,0.001120185712352395,0.11379629499278962,0.0,0.0,0.0
0.317,0.0,0.0011558685218915343,0.11379629499278962,0.0,0.0,0.0
0.318,0.0,0.0011908473679795861,0.11379629499278962,0.0,0.0,0.0
0.319,0.0,0.001225135987624526,0.11379629499278962,0.0,0.0,0.0
0.32,0.0,0.001258747885003686,0.11379629499278962,0.0,0.0,0.0
0.321,0.0,0.001291696447879076,0.11379629499278962,0.0,0.0,0.0
0.322,0.0,0.0013239944819360971,0.11379629499278962,0.0,0.0,0.0
0.323,0.0,0.0013556549092754722,0.11379629499278962,0.0,0.0,0.0
0.324,0.0,0.0013866901863366365,0.11379629499278962,0.0,0.0,0.0
0.325,0.0,0.0014171125367283821,0.11379629499278962,0.0,0.0,0.0
0.326,0.0,0.001446933951228857,0.11379629499278962,0.0,0.0,0.0
0.327,0.0,0.0014761661877855659,0.11379629499278962,0.0,0.0,0.0
0.328,0.0,0.0015048208879306912,0.11379629499278962,0.0,0.0,0.0
0.329,0.0,0.0015329092275351286,0.11379629499278962,0.0,0.0,0.0
0.33,0.0,0.0015604424988850951,0.11379629499278962,0.0,0.0,0.0
0.331,0.0,0.0015874315286055207,0.11379629499278962,0.0,0.0,0.0
0.332,0.0,0.0016138867940753698,0.11379629499278962,0.0,0.0,0.0
0.333,0.0,0.0016398190055042505,0.11379629499278962,0.0,0.0,0.0
0.334,0.0,0.0016652382910251617,0.11379629499278962,0.0,0.0,0.0
0.335,0.0,0.0016901546623557806,0.11379629499278962,0.0,0.0,0.0
0.336,0.0,0.0017145780147984624,0.11379629499278962,0.0,0.0,0.0
0.337,0.0,0.0017385181272402406,0.11379629499278962,0.0,0.0,0.0
0.338,0.0,0.0017619841964915395,0.11379629499278962,0.0,0.0,0.0
0.339,0.0,0.0017849858850240707,0.11379629499278962,0.0,0.0,0.0
0.34,0.0,0.0018075320404022932,0.11379629499278962,0.0,0.0,0.0
0.341,0.0,0.0018296315101906657,0.11379629499278962,0.0,0.0,0.0
0.342,0.0,0.0018512933747842908,0.11379629499278962,0.0,0.0,0.0
0.343,0.0,0.0018725258996710181,0.11379629499278962,0.0,0.0,0.0
0.34400000000000003,0.0,0.001893337699584663,0.11379629499278962,0.0,0.0,0.0
0.34500000000000003,0.0,0.0019137368071824312,0.11379629499278962,0.0,0.0,0.0
0.34600000000000003,0.0,0.0019337316043674946,0.11379629499278962,0.0,0.0,0.0
0.34700000000000003,0.0,0.0019533298909664154,0.11379629499278962,0.0,0.0,0.0
0.34800000000000003,0.0,0.0019725391175597906,0.11379629499278962,0.0,0.0,0.0
0.34900000000000003,0.0,0.001991367433220148,0.11379629499278962,0.0,0.0,0.0
0.35000000000000003,0.0,0.002009822055697441,0.11379629499278962,0.0,0.0,0.0
0.35100000000000003,0.0,0.002027910202741623,0.11379629499278962,0.0,0.0,0.0
0.352,0.0,0.0020456393249332905,0.11379629499278962,0.0,0.0,0.0
0.353,0.0,0.0020630161743611097,0.11379629499278962,0.0,0.0,0.0
0.354,0.0,0.002080047968775034,0.11379629499278962,0.0,0.0,0.0
0.355,0.0,0.002096740994602442,0.11379629499278962,0.0,0.0,0.0
0.356,0.0,0.0021131024695932865,0.11379629499278962,0.0,0.0,0.0
0.357,0.0,0.002129138447344303,0.11379629499278962,0.0,0.0,0.0
0.358,0.0,0.0021448556799441576,0.11379629499278962,0.0,0.0,0.0
0.359,0.0,0.0021602599881589413,0.11379629499278962,0.0,0.0,0.0
0.36,0.0,0.002175357658416033,0.11379629499278962,0.0,0.0,0.0
0.361,0.0,0.002190154977142811,0.11379629499278962,0.0,0.0,0.0
0.362,0.0,0.002204657532274723,0.11379629499278962,0.0,0.0,0.0
0.363,0.0,0.002218871144577861,0.11379629499278962,0.0,0.0,0.0
0.364,0.0,0.0022328016348183155,0.11379629499278962,0.0,0.0,0.0
0.365,0.0,0.002246454358100891,0.11379629499278962,0.0,0.0,0.0
0.366,0.0,0.0022598349023610353,0.11379629499278962,0.0,0.0,0.0
0.367,0.0,0.0022729483898729086,0.11379629499278962,0.0,0.0,0.0
0.368,0.0,0.0022858004085719585,0.11379629499278962,0.0,0.0,0.0
0.369,0.0,0.0022983956150710583,0.11379629499278962,0.0,0.0,0.0
0.37,0.0,0.0023107395973056555,0.11379629499278962,0.0,0.0,0.0
0.371,0.0,0.0023228367790579796,0.11379629499278962,0.0,0.0,0.0
0.372,0.0,0.002334692282602191,0.11379629499278962,0.0,0.0,0.0
0.373,0.0,0.0023463107645511627,0.11379629499278962,0.0,0.0,0.0
0.374,0.0,0.002357696881517768,0.11379629499278962,0.0,0.0,0.0
0.375,0.0,0.0023688552901148796,0.11379629499278962,0.0,0.0,0.0
0.376,0.0,0.0023797901812940836,0.11379629499278962,0.0,0.0,0.0
0.377,0.0,0.0023905059788376093,0.11379629499278962,0.0,0.0,0.0
0.378,0.0,0.0024010073393583298,0.11379629499278962,0.0,0.0,0.0
0.379,0.0,0.002411298220977187,0.11379629499278962,0.0,0.0,0.0
0.38,0.0,0.0024213825818151236,0.11379629499278962,0.0,0.0,0.0
0.381,0.0,0.0024312648456543684,0.11379629499278962,0.0,0.0,0.0
0.382,0.0,0.00244094873778522,0.11379629499278962,0.0,0.0,0.0
0.383,0.0,0.0024504379834979773,0.11379629499278962,0.0,0.0,0.0
0.384,0.0,0.0024597367737442255,0.11379629499278962,0.0,0.0,0.0
0.385,0.0,0.0024688486009836197,0.11379629499278962,0.0,0.0,0.0
0.386,0.0,0.0024777771905064583,0.11379629499278962,0.0,0.0,0.0
0.387,0.0,0.002486526034772396,0.11379629499278962,0.0,0.0,0.0
0.388,0.0,0.0024950988590717316,0.11379629499278962,0.0,0.0,0.0
0.389,0.0,0.002503498923033476,0.11379629499278962,0.0,0.0,0.0
0.39,0.0,0.0025117299519479275,0.11379629499278962,0.0,0.0,0.0
0.391,0.0,0.00251979473978281,0.11379629499278962,0.0,0.0,0.0
0.392,0.0,0.002527696778997779,0.11379629499278962,0.0,0.0,0.0
0.393,0.0,0.0025354395620524883,0.11379629499278962,0.0,0.0,0.0
0.394,0.0,0.0025430256500840187,0.11379629499278962,0.0,0.0,0.0
0.395,0.0,0.002550458535552025,0.11379629499278962,0.0,0.0,0.0
0.396,0.0,0.0025577412452548742,0.11379629499278962,0.0,0.0,0.0
0.397,0.0,0.002564876340329647,0.11379629499278962,0.0,0.0,0.0
0.398,0.0,0.0025718670804053545,0.11379629499278962,0.0,0.0,0.0
0.399,0.0,0.0025787160266190767,0.11379629499278962,0.0,0.0,0.0
0.4,0.0,0.0025854262057691813,0.11379629499278962,0.0,0.0,0.0
0.401,0.0,0.0025920001789927483,0.11379629499278962,0.0,0.0,0.0
0.402,0.0,0.0025984407402575016,0.11379629499278962,0.0,0.0,0.0
0.403,0.0,0.002604750217869878,0.11379629499278962,0.0,0.0,0.0
0.404,0.0,0.0026109316386282444,0.11379629499278962,0.0,0.0,0.0
0.405,0.0,0.0026169870980083942,0.11379629499278962,0.0,0.0,0.0
0.406,0.0,0.0026229191571474075,0.11379629499278962,0.0,0.0,0.0
0.40700000000000003,0.0,0.0026287303771823645,0.11379629499278962,0.0,0.0,0.0
0.40800000000000003,0.0,0.0026344230864197016,0.11379629499278962,0.0,0.0,0.0
0.40900000000000003,0.0,0.0026399996131658554,0.11379629499278962,0.0,0.0,0.0
0.41000000000000003,0.0,0.002645462052896619,0.11379629499278962,0.0,0.0,0.0
0.41100000000000003,0.0,0.002650812966749072,0.11379629499278962,0.0,0.0,0.0
0.41200000000000003,0.0,0.0026560542173683643,0.11379629499278962,0.0,0.0,0.0
0.41300000000000003,0.0,0.002661188365891576,0.11379629499278962,0.0,0.0,0.0
0.41400000000000003,0.0,0.002666217042133212,0.11379629499278962,0.0,0.0,0.0
0.41500000000000004,0.0,0.002671142341569066,0.11379629499278962,0.0,0.0,0.0
0.41600000000000004,0.0,0.0026759665925055742,0.11379629499278962,0.0,0.0,0.0
0.417,0.0,0.0026806918904185295,0.11379629499278962,0.0,0.0,0.0
0.418,0.0,0.002685319632291794,0.11379629499278962,0.0,0.0,0.0
0.419,0.0,0.0026898521464318037,0.11379629499278962,0.0,0.0,0.0
0.42,0.0,0.0026942910626530647,0.11379629499278962,0.0,0.0,0.0
0.421,0.0,0.0026986384764313698,0.11379629499278962,0.0,0.0,0.0
0.422,0.0,0.0027028960175812244,0.11379629499278962,0.0,0.0,0.0
0.423,0.0,0.002707065548747778,0.11379629499278962,0.0,0.0,0.0
0.424,0.0,0.002711148699745536,0.11379629499278962,0.0,0.0,0.0
0.425,0.0,0.0027151471003890038,0.11379629499278962,0.0,0.0,0.0
0.426,0.0,0.0027190623804926872,0.11379629499278962,0.0,0.0,0.0
0.427,0.0,0.0027228964027017355,0.11379629499278962,0.0,0.0,0.0
0.428,0.0,0.002726650796830654,0.11379629499278962,0.0,0.0,0.0
0.429,0.0,0.0027303267270326614,0.11379629499278962,0.0,0.0,0.0
0.43,0.0,0.0027339260559529066,0.11379629499278962,0.0,0.0,0.0
0.431,0.0,0.0027374501805752516,0.11379629499278962,0.0,0.0,0.0
0.432,0.0,0.002740900730714202,0.11379629499278962,0.0,0.0,0.0
0.433,0.0,0.002744278870522976,0.11379629499278962,0.0,0.0,0.0
0.434,0.0,0.002747586229816079,0.11379629499278962,0.0,0.0,0.0
0.435,0.0,0.00275082397274673,0.11379629499278962,0.0,0.0,0.0
0.436,0.0,0.0027539939619600773,0.11379629499278962,0.0,0.0,0.0
0.437,0.0,0.0027570968959480524,0.11379629499278962,0.0,0.0,0.0
0.438,0.0,0.002760134404525161,0.11379629499278962,0.0,0.0,0.0
0.439,0.0,0.0027631078846752644,0.11379629499278962,0.0,0.0,0.0
0.44,0.0,0.0027660182677209377,0.11379629499278962,0.0,0.0,0.0
0.441,0.0,0.0027688671834766865,0.11379629499278962,0.0,0.0,0.0
0.442,0.0,0.0027716555632650852,0.11379629499278962,0.0,0.0,0.0
0.443,0.0,0.0027743845712393522,0.11379629499278962,0.0,0.0,0.0
0.444,0.0,0.0027770553715527058,0.11379629499278962,0.0,0.0,0.0
0.445,0.0,0.0027796693611890078,0.11379629499278962,0.0,0.0,0.0
0.446,0.0,0.002782227471470833,0.11379629499278962,0.0,0.0,0.0
0.447,0.0,0.0027847308665513992,0.11379629499278962,0.0,0.0,0.0
0.448,0.0,0.0027871804777532816,0.11379629499278962,0.0,0.0,0.0
0.449,0.0,0.002789577469229698,0.11379629499278962,0.0,0.0,0.0
0.45,0.0,0.0027919227723032236,0.11379629499278962,0.0,0.0,0.0
0.451,0.0,0.002794217551127076,0.11379629499278962,0.0,0.0,0.0
0.452,0.0,0.0027964627370238304,0.11379629499278962,0.0,0.0,0.0
0.453,0.0,0.002798659261316061,0.11379629499278962,0.0,0.0,0.0
0.454,0.0,0.0028008080553263426,0.11379629499278962,0.0,0.0,0.0
0.455,0.0,0.0028029100503772497,0.11379629499278962,0.0,0.0,0.0
0.456,0.0,0.0028049664106220007,0.11379629499278962,0.0,0.0,0.0
0.457,0.0,0.0028069778345525265,0.11379629499278962,0.0,0.0,0.0
0.458,0.0,0.002808945020660758,0.11379629499278962,0.0,0.0,0.0
0.459,0.0,0.0028108691330999136,0.11379629499278962,0.0,0.0,0.0
0.46,0.0,0.002812750870361924,0.11379629499278962,0.0,0.0,0.0
0.461,0.0,0.0028145911637693644,0.11379629499278962,0.0,0.0,0.0
0.462,0.0,0.002816390711814165,0.11379629499278962,0.0,0.0,0.0
0.463,0.0,0.002818150445818901,0.11379629499278962,0.0,0.0,0.0
0.464,0.0,0.002819871064275503,0.11379629499278962,0.0,0.0,0.0
0.465,0.0,0.0028215530328452587,0.11379629499278962,0.0,0.0,0.0
0.466,0.0,0.0028231977485120296,0.11379629499278962,0.0,0.0,0.0
0.467,0.0,0.0028248054441064596,0.11379629499278962,0.0,0.0,0.0
0.468,0.0,0.0028263770509511232,0.11379629499278962,0.0,0.0,0.0
0.46900000000000003,0.0,0.0028279132675379515,0.11379629499278962,0.0,0.0,0.0
0.47000000000000003,0.0,0.0028294147923588753,0.11379629499278962,0.0,0.0,0.0
0.47100000000000003,0.0,0.002830882091075182,0.11379629499278962,0.0,0.0,0.0
0.47200000000000003,0.0,0.002832316095009446,0.11379629499278962,0.0,0.0,0.0
0.47300000000000003,0.0,0.002833717502653599,0.11379629499278962,0.0,0.0,0.0
0.47400000000000003,0.0,0.002835086779668927,0.11379629499278962,0.0,0.0,0.0
0.47500000000000003,0.0,0.0028364243917167187,0.11379629499278962,0.0,0.0,0.0
0.47600000000000003,0.0,0.002837731270119548,0.11379629499278962,0.0,0.0,0.0
0.47700000000000004,0.0,0.002839007880538702,0.11379629499278962,0.0,0.0,0.0
0.47800000000000004,0.0,0.002840254921466112,0.11379629499278962,0.0,0.0,0.0
0.47900000000000004,0.0,0.002841473091393709,0.11379629499278962,0.0,0.0,0.0
0.48,0.0,0.002842662390321493,0.11379629499278962,0.0,0.0,0.0
0.481,0.0,0.0028438239824026823,0.11379629499278962,0.0,0.0,0.0
0.482,0.0,0.0028449581004679203,0.11379629499278962,0.0,0.0,0.0
0.483,0.0,0.002846065443009138,0.11379629499278962,0.0,0.0,0.0
0.484,0.0,0.002847146475687623,0.11379629499278962,0.0,0.0,0.0
0.485,0.0,0.0028482016641646624,0.11379629499278962,0.0,0.0,0.0
0.486,0.0,0.0028492314741015434,0.11379629499278962,0.0,0.0,0.0
0.487,0.0,0.002850236603990197,0.11379629499278962,0.0,0.0,0.0
0.488,0.0,0.0028512172866612673,0.11379629499278962,0.0,0.0,0.0
0.489,0.0,0.0028521742206066847,0.11379629499278962,0.0,0.0,0.0
0.49,0.0,0.0028531078714877367,0.11379629499278962,0.0,0.0,0.0
0.491,0.0,0.002854018472135067,0.11379629499278962,0.0,0.0,0.0
0.492,0.0,0.0028549067210406065,0.11379629499278962,0.0,0.0,0.0
0.493,0.0,0.002855772851034999,0.11379629499278962,0.0,0.0,0.0
0.494,0.0,0.0028566173277795315,0.11379629499278962,0.0,0.0,0.0
0.495,0.0,0.0028574406169354916,0.11379629499278962,0.0,0.0,0.0
0.496,0.0,0.00285824341699481,0.11379629499278962,0.0,0.0,0.0
0.497,0.0,0.002859025727957487,0.11379629499278962,0.0,0.0,0.0
0.498,0.0,0.00285978801548481,0.11379629499278962,0.0,0.0,0.0
0.499,0.0,0.0028605307452380657,0.11379629499278962,0.0,0.0,0.0
0.5,0.2,0.00732346810400486,0.11379629499278962,0.0,0.0,0.0
0.501,0.2,0.011624586768448353,0.11379629499278962,0.0,0.0,0.0
0.502,0.2,0.015774471685290337,0.11379629499278962,0.0,0.0,0.0
0.503,0.2,0.019782744348049164,0.11379629499278962,0.0,0.0,0.0
0.504,0.2,0.02365816757082939,0.11379629499278962,0.0,0.0,0.0
0.505,0.2,0.02740873210132122,0.11379629499278962,0.0,0.0,0.0
0.506,0.2,0.03104172646999359,0.11379629499278962,0.0,0.0,0.0
0.507,0.2,0.0345638133585453,0.11379629499278962,0.0,0.0,0.0
0.508,0.2,0.03798108547925949,0.11379629499278962,0.0,0.0,0.0
0.509,0.2,0.041299134492874146,0.11379629499278962,0.0,0.0,0.0
0.51,0.2,0.044523078948259354,0.11379629499278962,0.0,0.0,0.0
0.511,0.2,0.04765763506293297,0.11379629499278962,0.0,0.0,0.0
0.512,0.2,0.050707124173641205,0.11379629499278962,0.0,0.0,0.0
0.513,0.2,0.053675539791584015,0.11379629499278962,0.0,0.0,0.0
0.514,0.2,0.056566569954156876,0.11379629499278962,0.0,0.0,0.0
0.515,0.2,0.05938361585140228,0.11379629499278962,0.0,0.0,0.0
0.516,0.2,0.062129825353622437,0.11379629499278962,0.0,0.0,0.0
0.517,0.2,0.06480812281370163,0.11379629499278962,0.0,0.0,0.0
0.518,0.2,0.06742122024297714,0.11379629499278962,0.0,0.0,0.0
0.519,0.2,0.06997163593769073,0.11379629499278962,0.0,0.0,0.0
0.52,0.2,0.07246173173189163,0.11379629499278962,0.0,0.0,0.0
0.521,0.2,0.07489369809627533,0.11379629499278962,0.0,0.0,0.0
0.522,0.2,0.07726958394050598,0.11379629499278962,0.0,0.0,0.0
0.523,0.2,0.07959131896495819,0.11379629499278962,0.0,0.0,0.0
0.524,0.2,0.08186070621013641,0.11379629499278962,0.0,0.0,0.0
0.525,0.2,0.08407943695783615,0.11379629499278962,0.0,0.0,0.0
0.526,0.2,0.08624910563230515,0.11379629499278962,0.0,0.0,0.0
0.527,0.2,0.08837123215198517,0.11379629499278962,0.0,0.0,0.0
0.528,0.2,0.09044722467660904,0.11379629499278962,0.0,0.0,0.0
0.529,0.2,0.0924784392118454,0.11379629499278962,0.0,0.0,0.0
0.53,0.2,0.09446615725755692,0.11379629499278962,0.0,0.0,0.0
0.531,0.2,0.0964115783572197,0.11379629499278962,0.0,0.0,0.0
0.532,0.2,0.09831587225198746,0.11379629499278962,0.0,0.0,0.0
0.533,0.2,0.10018013417720795,0.11379629499278962,0.0,0.0,0.0
0.534,0.2,0.10200540721416473,0.11379629499278962,0.0,0.0,0.0
0.535,0.2,0.1037926971912384,0.11379629499278962,0.0,0.0,0.0
0.536,0.2,0.10554297268390656,0.11379629499278962,0.0,0.0,0.0
0.537,0.2,0.10725714266300201,0.11379629499278962,0.0,0.0,0.0
0.538,0.2,0.10893609374761581,0.11379629499278962,0.0,0.0,0.0
0.539,0.2,0.1105806827545166,0.11379629499278962,0.0,0.0,0.0
0.54,0.2,0.11219171434640884,0.11379629499278962,0.0,0.0,0.0
0.541,0.2,0.11376998573541641,0.11379629499278962,0.0,0.0,0.0
0.542,0.2,0.115316241979599,0.11379629499278962,0.0,0.0,0.0
0.543,0.2,0.1168312281370163,0.11379629499278962,0.0,0.0,0.0
0.544,0.2,0.11831564456224442,0.11379629499278962,0.0,0.0,0.0
0.545,0.2,0.11977017670869827,0.11379629499278962,0.0,0.0,0.0
0.546,0.2,0.12119549512863159,0.11379629499278962,0.0,0.0,0.0
0.547,0.2,0.12259223312139511,0.11379629499278962,0.0,0.0,0.0
0.548,0.2,0.12396100908517838,0.11379629499278962,0.0,0.0,0.0
0.549,0.2,0.12530244886875153,0.11379629499278962,0.0,0.0,0.0
0.55,0.2,0.12661711871623993,0.11379629499278962,0.0,0.0,0.0
0.551,0.2,0.12790559232234955,0.11379629499278962,0.0,0.0,0.0
0.552,0.2,0.12916842103004456,0.11379629499278962,0.0,0.0,0.0
0.553,0.2,0.13040617108345032,0.11379629499278962,0.0,0.0,0.0
0.554,0.2,0.13161933422088623,0.11379629499278962,0.0,0.0,0.0
0.555,0.2,0.13280844688415527,0.11379629499278962,0.0,0.0,0.0
0.556,0.2,0.13397398591041565,0.11379629499278962,0.0,0.0,0.0
0.557,0.2,0.13511645793914795,0.11379629499278962,0.0,0.0,0.0
0.558,0.2,0.13623633980751038,0.11379629499278962,0.0,0.0,0.0
0.559,0.2,0.13733407855033875,0.11379629499278962,0.0,0.0,0.0
0.56,0.2,0.13841013610363007,0.11379629499278962,0.0,0.0,0.0
0.561,0.2,0.13946494460105896,0.11379629499278962,0.0,0.0,0.0
0.562,0.2,0.14049893617630005,0.11379629499278962,0.0,0.0,0.0
0.5630000000000001,0.2,0.14151255786418915,0.11379629499278962,0.0,0.0,0.0
0.5640000000000001,0.2,0.1425061821937561,0.11379629499278962,0.0,0.0,0.0
0.5650000000000001,0.2,0.14348024129867554,0.11379629499278962,0.0,0.0,0.0
0.5660000000000001,0.2,0.1444351077079773,0.11379629499278962,0.0,0.0,0.0
0.5670000000000001,0.2,0.1453711837530136,0.11379629499278962,0.0,0.0,0.0
0.5680000000000001,0.2,0.14628884196281433,0.11379629499278962,0.0,0.0,0.0
0.5690000000000001,0.2,0.1471884399652481,0.11379629499278962,0.0,0.0,0.0
0.5700000000000001,0.2,0.1480703502893448,0.11379629499278962,0.0,0.0,0.0
0.5710000000000001,0.2,0.14893493056297302,0.11379629499278962,0.0,0.0,0.0
0.5720000000000001,0.2,0.14978250861167908,0.11379629499278962,0.0,0.0,0.0
0.5730000000000001,0.2,0.1506134271621704,0.11379629499278962,0.0,0.0,0.0
0.5740000000000001,0.2,0.1514280140399933,0.11379629499278962,0.0,0.0,0.0
0.5750000000000001,0.2,0.15222659707069397,0.11379629499278962,0.0,0.0,0.0
0.5760000000000001,0.2,0.15300950407981873,0.11379629499278962,0.0,0.0,0.0
0.577,0.2,0.15377704799175262,0.11379629499278962,0.0,0.0,0.0
0.578,0.2,0.15452951192855835,0.11379629499278962,0.0,0.0,0.0
0.579,0.2,0.15526719391345978,0.11379629499278962,0.0,0.0,0.0
0.58,0.2,0.15599040687084198,0.11379629499278962,0.0,0.0,0.0
0.581,0.2,0.15669943392276764,0.11379629499278962,0.0,0.0,0.0
0.582,0.2,0.15739452838897705,0.11379629499278962,0.0,0.0,0.0
0.583,0.2,0.1580759882926941,0.11379629499278962,0.0,0.0,0.0
0.584,0.2,0.15874408185482025,0.11379629499278962,0.0,0.0,0.0
0.585,0.2,0.15939907729625702,0.11379629499278962,0.0,0.0,0.0
0.586,0.2,0.1600412130355835,0.11379629499278962,0.0,0.0,0.0
0.587,0.2,0.16067075729370117,0.11379629499278962,0.0,0.0,0.0
0.588,0.2,0.16128794848918915,0.11379629499278962,0.0,0.0,0.0
0.589,0.2,0.16189303994178772,0.11379629499278962,0.0,0.0,0.0
0.59,0.2,0.162486270070076,0.11379629499278962,0.0,0.0,0.0
0.591,0.2,0.16306786239147186,0.11379629499278962,0.0,0.0,0.0
0.592,0.2,0.16363804042339325,0.11379629499278962,0.0,0.0,0.0
0.593,0.2,0.16419704258441925,0.11379629499278962,0.0,0.0,0.0
0.594,0.2,0.16474509239196777,0.11379629499278962,0.0,0.0,0.0
0.595,0.2,0.16528239846229553,0.11379629499278962,0.0,0.0,0.0
0.596,0.2,0.16580916941165924,0.11379629499278962,0.0,0.0,0.0
0.597,0.2,0.1663256138563156,0.11379629499278962,0.0,0.0,0.0
0.598,0.2,0.16683192551136017,0.11379629499278962,0.0,0.0,0.0
0.599,0.2,0.16732831299304962,0.11379629499278962,0.0,0.0,0.0
0.6,0.2,0.16781498491764069,0.11379629499278962,0.0,0.0,0.0
0.601,0.2,0.1682921051979065,0.11379629499278962,0.0,0.0,0.0
0.602,0.2,0.16875986754894257,0.11379629499278962,0.0,0.0,0.0
0.603,0.2,0.16921848058700562,0.11379629499278962,0.0,0.0,0.0
0.604,0.2,0.16966809332370758,0.11379629499278962,0.0,0.0,0.0
0.605,0.2,0.17010889947414398,0.11379629499278962,0.0,0.0,0.0
0.606,0.2,0.17054106295108795,0.11379629499278962,0.0,0.0,0.0
0.607,0.2,0.17096474766731262,0.11379629499278962,0.0,0.0,0.0
0.608,0.2,0.1713801473379135,0.11379629499278962,0.0,0.0,0.0
0.609,0.2,0.17178739607334137,0.11379629499278962,0.0,0.0,0.0
0.61,0.2,0.17218667268753052,0.11379629499278962,0.0,0.0,0.0
0.611,0.2,0.1725781261920929,0.11379629499278962,0.0,0.0,0.0
0.612,0.2,0.17296190559864044,0.11379629499278962,0.0,0.0,0.0
0.613,0.2,0.1733381599187851,0.11379629499278962,0.0,0.0,0.0
0.614,0.2,0.1737070530653,0.11379629499278962,0.0,0.0,0.0
0.615,0.2,0.17406870424747467,0.11379629499278962,0.0,0.0,0.0
0.616,0.2,0.17442327737808228,0.11379629499278962,0.0,0.0,0.0
0.617,0.2,0.17477090656757355,0.11379629499278962,0.0,0.0,0.0
0.618,0.2,0.17511172592639923,0.11379629499278962,0.0,0.0,0.0
0.619,0.2,0.17544586956501007,0.11379629499278962,0.0,0.0,0.0
0.62,0.2,0.1757734715938568,0.11379629499278962,0.0,0.0,0.0
0.621,0.2,0.176094651222229,0.11379629499278962,0.0,0.0,0.0
0.622,0.2,0.1764095425605774,0.11379629499278962,0.0,0.0,0.0
0.623,0.2,0.17671826481819153,0.11379629499278962,0.0,0.0,0.0
0.624,0.2,0.17702093720436096,0.11379629499278962,0.0,0.0,0.0
0.625,0.2,0.17731767892837524,0.11379629499278962,0.0,0.0,0.0
0.626,0.2,0.17760860919952393,0.11379629499278962,0.0,0.0,0.0
0.627,0.2,0.17789384722709656,0.11379629499278962,0.0,0.0,0.0
0.628,0.2,0.1781734973192215,0.11379629499278962,0.0,0.0,0.0
0.629,0.2,0.1784476786851883,0.11379629499278962,0.0,0.0,0.0
0.63,0.2,0.1787164807319641,0.11379629499278962,0.0,0.0,0.0
0.631,0.2,0.1789800226688385,0.11379629499278962,0.0,0.0,0.0
0.632,0.2,0.17923840880393982,0.11379629499278962,0.0,0.0,0.0
0.633,0.2,0.17949172854423523,0.11379629499278962,0.0,0.0,0.0
0.634,0.2,0.17974010109901428,0.11379629499278962,0.0,0.0,0.0
0.635,0.2,0.17998360097408295,0.11379629499278962,0.0,0.0,0.0
0.636,0.2,0.18022233247756958,0.11379629499278962,0.0,0.0,0.0
0.637,0.2,0.18045639991760254,0.11379629499278962,0.0,0.0,0.0
0.638,0.2,0.1806858777999878,0.11379629499278962,0.0,0.0,0.0
0.639,0.2,0.1809108704328537,0.11379629499278962,0.0,0.0,0.0
0.64,0.2,0.18113145232200623,0.11379629499278962,0.0,0.0,0.0
0.641,0.2,0.18134771287441254,0.11379629499278962,0.0,0.0,0.0
0.642,0.2,0.181559756398201,0.11379629499278962,0.0,0.0,0.0
0.643,0.2,0.18176764249801636,0.11379629499278962,0.0,0.0,0.0
0.644,0.2,0.1819714456796646,0.11379629499278962,0.0,0.0,0.0
0.645,0.2,0.1821712851524353,0.11379629499278962,0.0,0.0,0.0
0.646,0.2,0.182367205619812,0.11379629499278962,0.0,0.0,0.0
0.647,0.2,0.1825592815876007,0.11379629499278962,0.0,0.0,0.0
0.648,0.2,0.18274761736392975,0.11379629499278962,0.0,0.0,0.0
0.649,0.2,0.18293225765228271,0.11379629499278962,0.0,0.0,0.0
0.65,0.2,0.18311329185962677,0.11379629499278962,0.0,0.0,0.0
0.651,0.2,0.1832907795906067,0.11379629499278962,0.0,0.0,0.0
0.652,0.2,0.18346481025218964,0.11379629499278962,0.0,0.0,0.0
0.653,0.2,0.183635413646698,0.11379629499278962,0.0,0.0,0.0
0.654,0.2,0.18380269408226013,0.11379629499278962,0.0,0.0,0.0
0.655,0.2,0.1839667111635208,0.11379629499278962,0.0,0.0,0.0
0.656,0.2,0.18412750959396362,0.11379629499278962,0.0,0.0,0.0
0.657,0.2,0.18428516387939453,0.11379629499278962,0.0,0.0,0.0
0.658,0.2,0.1844397485256195,0.11379629499278962,0.0,0.0,0.0
0.659,0.2,0.18459129333496094,0.11379629499278962,0.0,0.0,0.0
0.66,0.2,0.184739887714386,0.11379629499278962,0.0,0.0,0.0
0.661,0.2,0.18488557636737823,0.11379629499278962,0.0,0.0,0.0
0.662,0.2,0.18502841889858246,0.11379629499278962,0.0,0.0,0.0
0.663,0.2,0.18516846001148224,0.11379629499278962,0.0,0.0,0.0
0.664,0.2,0.18530577421188354,0.11379629499278962,0.0,0.0,0.0
0.665,0.2,0.18544040620326996,0.11379629499278962,0.0,0.0,0.0
0.666,0.2,0.18557240068912506,0.11379629499278962,0.0,0.0,0.0
0.667,0.2,0.18570181727409363,0.11379629499278962,0.0,0.0,0.0
0.668,0.2,0.18582871556282043,0.11379629499278962,0.0,0.0,0.0
0.669,0.2,0.18595312535762787,0.11379629499278962,0.0,0.0,0.0
0.67,0.2,0.1860751062631607,0.11379629499278962,0.0,0.0,0.0
0.671,0.2,0.18619470298290253,0.11379629499278962,0.0,0.0,0.0
0.672,0.2,0.1863119751214981,0.11379629499278962,0.0,0.0,0.0
0.673,0.2,0.18642695248126984,0.11379629499278962,0.0,0.0,0.0
0.674,0.2,0.1865396797657013,0.11379629499278962,0.0,0.0,0.0
0.675,0.2,0.18665020167827606,0.11379629499278962,0.0,0.0,0.0
0.676,0.2,0.18675857782363892,0.11379629499278962,0.0,0.0,0.0
0.677,0.2,0.18686483800411224,0.11379629499278962,0.0,0.0,0.0
0.678,0.2,0.18696902692317963,0.11379629499278962,0.0,0.0,0.0
0.679,0.2,0.18707117438316345,0.11379629499278962,0.0,0.0,0.0
0.68,0.2,0.1871713399887085,0.11379629499278962,0.0,0.0,0.0
0.681,0.2,0.18726953864097595,0.11379629499278962,0.0,0.0,0.0
0.682,0.2,0.1873658299446106,0.11379629499278962,0.0,0.0,0.0
0.683,0.2,0.18746024370193481,0.11379629499278962,0.0,0.0,0.0
0.684,0.2,0.187552809715271,0.11379629499278962,0.0,0.0,0.0
0.685,0.2,0.18764357268810272,0.11379629499278962,0.0,0.0,0.0
0.686,0.2,0.18773257732391357,0.11379629499278962,0.0,0.0,0.0
0.687,0.2,0.18781983852386475,0.11379629499278962,0.0,0.0,0.0
0.6880000000000001,0.2,0.18790540099143982,0.11379629499278962,0.0,0.0,0.0
0.6890000000000001,0.2,0.18798929452896118,0.11379629499278962,0.0,0.0,0.0
0.6900000000000001,0.2,0.18807154893875122,0.11379629499278962,0.0,0.0,0.0
0.6910000000000001,0.2,0.18815220892429352,0.11379629499278962,0.0,0.0,0.0
0.6920000000000001,0.2,0.18823128938674927,0.11379629499278962,0.0,0.0,0.0
0.6930000000000001,0.2,0.18830883502960205,0.11379629499278962,0.0,0.0,0.0
0.6940000000000001,0.2,0.18838487565517426,0.11379629499278962,0.0,0.0,0.0
0.6950000000000001,0.2,0.18845942616462708,0.11379629499278962,0.0,0.0,0.0
0.6960000000000001,0.2,0.1885325312614441,0.11379629499278962,0.0,0.0,0.0
0.6970000000000001,0.2,0.1886042207479477,0.11379629499278962,0.0,0.0,0.0
0.6980000000000001,0.2,0.18867450952529907,0.11379629499278962,0.0,0.0,0.0
0.6990000000000001,0.2,0.18874342739582062,0.11379629499278962,0.0,0.0,0.0
0.7000000000000001,0.2,0.18881100416183472,0.11379629499278962,0.0,0.0,0.0
0.7010000000000001,0.2,0.18887726962566376,0.11379629499278962,0.0,0.0,0.0
0.7020000000000001,0.2,0.18894223868846893,0.11379629499278962,0.0,0.0,0.0
0.7030000000000001,0.2,0.18900595605373383,0.11379629499278962,0.0,0.0,0.0
0.704,0.2,0.18906843662261963,0.11379629499278962,0.0,0.0,0.0
0.705,0.2,0.18912969529628754,0.11379629499278962,0.0,0.0,0.0
0.706,0.2,0.18918976187705994,0.11379629499278962,0.0,0.0,0.0
0.707,0.2,0.18924866616725922,0.11379629499278962,0.0,0.0,0.0
0.708,0.2,0.18930642306804657,0.11379629499278962,0.0,0.0,0.0
0.709,0.2,0.18936306238174438,0.11379629499278962,0.0,0.0,0.0
0.71,0.2,0.18941859900951385,0.11379629499278962,0.0,0.0,0.0
0.711,0.2,0.18947306275367737,0.11379629499278962,0.0,0.0,0.0
0.712,0.2,0.18952646851539612,0.11379629499278962,0.0,0.0,0.0
0.713,0.2,0.1895788311958313,0.11379629499278962,0.0,0.0,0.0
0.714,0.2,0.1896301954984665,0.11379629499278962,0.0,0.0,0.0
0.715,0.2,0.1896805465221405,0.11379629499278962,0.0,0.0,0.0
0.716,0.2,0.18972992897033691,0.11379629499278962,0.0,0.0,0.0
0.717,0.2,0.18977834284305573,0.11379629499278962,0.0,0.0,0.0
0.718,0.2,0.18982583284378052,0.11379629499278962,0.0,0.0,0.0
0.719,0.2,0.1898723989725113,0.11379629499278962,0.0,0.0,0.0
0.72,0.2,0.18991805613040924,0.11379629499278962,0.0,0.0,0.0
0.721,0.2,0.18996283411979675,0.11379629499278962,0.0,0.0,0.0
0.722,0.2,0.19000674784183502,0.11379629499278962,0.0,0.0,0.0
0.723,0.2,0.19004981219768524,0.11379629499278962,0.0,0.0,0.0
0.724,0.2,0.1900920420885086,0.11379629499278962,0.0,0.0,0.0
0.725,0.2,0.1901334524154663,0.11379629499278962,0.0,0.0,0.0
0.726,0.2,0.19017407298088074,0.11379629499278962,0.0,0.0,0.0
0.727,0.2,0.1902139037847519,0.11379629499278962,0.0,0.0,0.0
0.728,0.2,0.19025295972824097,0.11379629499278962,0.0,0.0,0.0
0.729,0.2,0.19029125571250916,0.11379629499278962,0.0,0.0,0.0
0.73,0.2,0.19032882153987885,0.11379629499278962,0.0,0.0,0.0
0.731,0.2,0.19036565721035004,0.11379629499278962,0.0,0.0,0.0
0.732,0.2,0.19040179252624512,0.11379629499278962,0.0,0.0,0.0
0.733,0.2,0.1904372125864029,0.11379629499278962,0.0,0.0,0.0
0.734,0.2,0.19047196209430695,0.11379629499278962,0.0,0.0,0.0
0.735,0.2,0.19050604104995728,0.11379629499278962,0.0,0.0,0.0
0.736,0.2,0.19053946435451508,0.11379629499278962,0.0,0.0,0.0
0.737,0.2,0.19057224690914154,0.11379629499278962,0.0,0.0,0.0
0.738,0.2,0.19060438871383667,0.11379629499278962,0.0,0.0,0.0
0.739,0.2,0.19063591957092285,0.11379629499278962,0.0,0.0,0.0
0.74,0.2,0.19066683948040009,0.11379629499278962,0.0,0.0,0.0
0.741,0.2,0.19069716334342957,0.11379629499278962,0.0,0.0,0.0
0.742,0.2,0.19072690606117249,0.11379629499278962,0.0,0.0,0.0
0.743,0.2,0.19075608253479004,0.11379629499278962,0.0,0.0,0.0
0.744,0.2,0.19078469276428223,0.11379629499278962,0.0,0.0,0.0
0.745,0.2,0.19081275165081024,0.11379629499278962,0.0,0.0,0.0
0.746,0.2,0.19084027409553528,0.11379629499278962,0.0,0.0,0.0
0.747,0.2,0.19086727499961853,0.11379629499278962,0.0,0.0,0.0
0.748,0.2,0.19089375436306,0.11379629499278962,0.0,0.0,0.0
0.749,0.2,0.19091972708702087,0.11379629499278962,0.0,0.0,0.0
0.75,0.2,0.19094519317150116,0.11379629499278962,0.0,0.0,0.0
0.751,0.2,0.19097018241882324,0.11379629499278962,0.0,0.0,0.0
0.752,0.2,0.19099469482898712,0.11379629499278962,0.0,0.0,0.0
0.753,0.2,0.1910187304019928,0.11379629499278962,0.0,0.0,0.0
0.754,0.2,0.19104230403900146,0.11379629499278962,0.0,0.0,0.0
0.755,0.2,0.19106543064117432,0.11379629499278962,0.0,0.0,0.0
0.756,0.2,0.19108812510967255,0.11379629499278962,0.0,0.0,0.0
0.757,0.2,0.19111037254333496,0.11379629499278962,0.0,0.0,0.0
0.758,0.2,0.19113220274448395,0.11379629499278962,0.0,0.0,0.0
0.759,0.2,0.1911536157131195,0.11379629499278962,0.0,0.0,0.0
0.76,0.2,0.19117462635040283,0.11379629499278962,0.0,0.0,0.0
0.761,0.2,0.19119523465633392,0.11379629499278962,0.0,0.0,0.0
0.762,0.2,0.19121544063091278,0.11379629499278962,0.0,0.0,0.0
0.763,0.2,0.1912352740764618,0.11379629499278962,0.0,0.0,0.0
0.764,0.2,0.19125472009181976,0.11379629499278962,0.0,0.0,0.0
0.765,0.2,0.19127380847930908,0.11379629499278962,0.0,0.0,0.0
0.766,0.2,0.19129252433776855,0.11379629499278962,0.0,0.0,0.0
0.767,0.2,0.19131088256835938,0.11379629499278962,0.0,0.0,0.0
0.768,0.2,0.19132889807224274,0.11379629499278962,0.0,0.0,0.0
0.769,0.2,0.19134657084941864,0.11379629499278962,0.0,0.0,0.0
0.77,0.2,0.19136391580104828,0.11379629499278962,0.0,0.0,0.0
0.771,0.2,0.19138093292713165,0.11379629499278962,0.0,0.0,0.0
0.772,0.2,0.19139762222766876,0.11379629499278962,0.0,0.0,0.0
0.773,0.2,0.1914139986038208,0.11379629499278962,0.0,0.0,0.0
0.774,0.2,0.19143006205558777,0.11379629499278962,0.0,0.0,0.0
0.775,0.2,0.19144582748413086,0.11379629499278962,0.0,0.0,0.0
0.776,0.2,0.19146129488945007,0.11379629499278962,0.0,0.0,0.0
0.777,0.2,0.1914764642715454,0.11379629499278962,0.0,0.0,0.0
0.778,0.2,0.19149135053157806,0.11379629499278962,0.0,0.0,0.0
0.779,0.2,0.19150595366954803,0.11379629499278962,0.0,0.0,0.0
0.78,0.2,0.19152028858661652,0.11379629499278962,0.0,0.0,0.0
0.781,0.2,0.1915343552827835,0.11379629499278962,0.0,0.0,0.0
0.782,0.2,0.1915481686592102,0.11379629499278962,0.0,0.0,0.0
0.783,0.2,0.19156169891357422,0.11379629499278962,0.0,0.0,0.0
0.784,0.2,0.19157499074935913,0.11379629499278962,0.0,0.0,0.0
0.785,0.2,0.19158802926540375,0.11379629499278962,0.0,0.0,0.0
0.786,0.2,0.19160082936286926,0.11379629499278962,0.0,0.0,0.0
0.787,0.2,0.19161339104175568,0.11379629499278962,0.0,0.0,0.0
0.788,0.2,0.191625714302063,0.11379629499278962,0.0,0.0,0.0
0.789,0.2,0.1916378140449524,0.11379629499278962,0.0,0.0,0.0
0.79,0.2,0.1916496753692627,0.11379629499278962,0.0,0.0,0.0
0.791,0.2,0.19166132807731628,0.11379629499278962,0.0,0.0,0.0
0.792,0.2,0.19167275726795197,0.11379629499278962,0.0,0.0,0.0
0.793,0.2,0.19168397784233093,0.11379629499278962,0.0,0.0,0.0
0.794,0.2,0.19169498980045319,0.11379629499278962,0.0,0.0,0.0
0.795,0.2,0.19170580804347992,0.11379629499278962,0.0,0.0,0.0
0.796,0.2,0.19171641767024994,0.11379629499278962,0.0,0.0,0.0
0.797,0.2,0.19172681868076324,0.11379629499278962,0.0,0.0,0.0
0.798,0.2,0.19173704087734222,0.11379629499278962,0.0,0.0,0.0
0.799,0.2,0.19174706935882568,0.11379629499278962,0.0,0.0,0.0
0.8,0.2,0.19175691902637482,0.11379629499278962,0.0,0.0,0.0
0.801,0.2,0.19176658987998962,0.11379629499278962,0.0,0.0,0.0
0.802,0.2,0.1917760819196701,0.11379629499278962,0.0,0.0,0.0
0.803,0.2,0.19178539514541626,0.11379629499278962,0.0,0.0,0.0
0.804,0.2,0.19179454445838928,0.11379629499278962,0.0,0.0,0.0
0.805,0.2,0.19180351495742798,0.11379629499278962,0.0,0.0,0.0
0.806,0.2,0.19181232154369354,0.11379629499278962,0.0,0.0,0.0
0.807,0.2,0.19182097911834717,0.11379629499278962,0.0,0.0,0.0
0.808,0.2,0.19182947278022766,0.11379629499278962,0.0,0.0,0.0
0.809,0.2,0.19183781743049622,0.11379629499278962,0.0,0.0,0.0
0.81,0.2,0.19184601306915283,0.11379629499278962,0.0,0.0,0.0
0.811,0.2,0.19185404479503632,0.11379629499278962,0.0,0.0,0.0
0.812,0.2,0.19186194241046906,0.11379629499278962,0.0,0.0,0.0
0.8130000000000001,0.2,0.19186969101428986,0.11379629499278962,0.0,0.0,0.0
0.8140000000000001,0.2,0.1918773055076599,0.11379629499278962,0.0,0.0,0.0
0.8150000000000001,0.2,0.19188478589057922,0.11379629499278962,0.0,0.0,0.0
0.8160000000000001,0.2,0.1918921172618866,0.11379629499278962,0.0,0.0,0.0
0.8170000000000001,0.2,0.19189932942390442,0.11379629499278962,0.0,0.0,0.0
0.8180000000000001,0.2,0.1919064074754715,0.11379629499278962,0.0,0.0,0.0
0.8190000000000001,0.2,0.19191336631774902,0.11379629499278962,0.0,0.0,0.0
0.8200000000000001,0.2,0.1919201910495758,0.11379629499278962,0.0,0.0,0.0
0.8210000000000001,0.2,0.19192691147327423,0.11379629499278962,0.0,0.0,0.0
0.8220000000000001,0.2,0.1919334977865219,0.11379629499278962,0.0,0.0,0.0
0.8230000000000001,0.2,0.19193996489048004,0.11379629499278962,0.0,0.0,0.0
0.8240000000000001,0.2,0.19194631278514862,0.11379629499278962,0.0,0.0,0.0
0.8250000000000001,0.2,0.19195255637168884,0.11379629499278962,0.0,0.0,0.0
0.8260000000000001,0.2,0.1919586956501007,0.11379629499278962,0.0,0.0,0.0
0.8270000000000001,0.2,0.19196471571922302,0.11379629499278962,0.0,0.0,0.0
0.8280000000000001,0.2,0.19197064638137817,0.11379629499278962,0.0,0.0,0.0
0.8290000000000001,0.2,0.19197645783424377,0.11379629499278962,0.0,0.0,0.0
0.8300000000000001,0.2,0.19198216497898102,0.11379629499278962,0.0,0.0,0.0
0.8310000000000001,0.2,0.1919877827167511,0.11379629499278962,0.0,0.0,0.0
0.8320000000000001,0.2,0.19199329614639282,0.11379629499278962,0.0,0.0,0.0
0.833,0.2,0.19199872016906738,0.11379629499278962,0.0,0.0,0.0
0.834,0.2,0.1920040398836136,0.11379629499278962,0.0,0.0,0.0
0.835,0.2,0.19200928509235382,0.11379629499278962,0.0,0.0,0.0
0.836,0.2,0.1920144259929657,0.11379629499278962,0.0,0.0,0.0
0.837,0.2,0.1920194774866104,0.11379629499278962,0.0,0.0,0.0
0.838,0.2,0.19202443957328796,0.11379629499278962,0.0,0.0,0.0
0.839,0.2,0.19202932715415955,0.11379629499278962,0.0,0.0,0.0
0.84,0.2,0.19203412532806396,0.11379629499278962,0.0,0.0,0.0
0.841,0.2,0.19203883409500122,0.11379629499278962,0.0,0.0,0.0
0.842,0.2,0.1920434832572937,0.11379629499278962,0.0,0.0,0.0
0.843,0.2,0.19204802811145782,0.11379629499278962,0.0,0.0,0.0
0.844,0.2,0.19205251336097717,0.11379629499278962,0.0,0.0,0.0
0.845,0.2,0.19205692410469055,0.11379629499278962,0.0,0.0,0.0
0.846,0.2,0.19206124544143677,0.11379629499278962,0.0,0.0,0.0
0.847,0.2,0.1920655071735382,0.11379629499278962,0.0,0.0,0.0
0.848,0.2,0.19206969439983368,0.11379629499278962,0.0,0.0,0.0
0.849,0.2,0.19207380712032318,0.11379629499278962,0.0,0.0,0.0
0.85,0.2,0.1920778602361679,0.11379629499278962,0.0,0.0,0.0
0.851,0.2,0.19208183884620667,0.11379629499278962,0.0,0.0,0.0
0.852,0.2,0.19208575785160065,0.11379629499278962,0.0,0.0,0.0
0.853,0.2,0.19208960235118866,0.11379629499278962,0.0,0.0,0.0
0.854,0.2,0.1920933872461319,0.11379629499278962,0.0,0.0,0.0
0.855,0.2,0.19209711253643036,0.11379629499278962,0.0,0.0,0.0
0.856,0.2,0.19210077822208405,0.11379629499278962,0.0,0.0,0.0
0.857,0.2,0.19210438430309296,0.11379629499278962,0.0,0.0,0.0
0.858,0.2,0.1921079307794571,0.11379629499278962,0.0,0.0,0.0
0.859,0.2,0.19211141765117645,0.11379629499278962,0.0,0.0,0.0
0.86,0.2,0.19211485981941223,0.11379629499278962,0.0,0.0,0.0
0.861,0.2,0.19211822748184204,0.11379629499278962,0.0,0.0,0.0
0.862,0.2,0.19212155044078827,0.11379629499278962,0.0,0.0,0.0
0.863,0.2,0.19212482869625092,0.11379629499278962,0.0,0.0,0.0
0.864,0.2,0.1921280473470688,0.11379629499278962,0.0,0.0,0.0
0.865,0.2,0.19213120639324188,0.11379629499278962,0.0,0.0,0.0
0.866,0.2,0.1921343356370926,0.11379629499278962,0.0,0.0,0.0
0.867,0.2,0.19213739037513733,0.11379629499278962,0.0,0.0,0.0
0.868,0.2,0.19214041531085968,0.11379629499278962,0.0,0.0,0.0
0.869,0.2,0.19214339554309845,0.11379629499278962,0.0,0.0,0.0
0.87,0.2,0.19214631617069244,0.11379629499278962,0.0,0.0,0.0
0.871,0.2,0.19214920699596405,0.11379629499278962,0.0,0.0,0.0
0.872,0.2,0.19215203821659088,0.11379629499278962,0.0,0.0,0.0
0.873,0.2,0.19215483963489532,0.11379629499278962,0.0,0.0,0.0
0.874,0.2,0.192157581448555,0.11379629499278962,0.0,0.0,0.0
0.875,0.2,0.19216029345989227,0.11379629499278962,0.0,0.0,0.0
0.876,0.2,0.19216296076774597,0.11379629499278962,0.0,0.0,0.0
0.877,0.2,0.19216559827327728,0.11379629499278962,0.0,0.0,0.0
0.878,0.2,0.19216817617416382,0.11379629499278962,0.0,0.0,0.0
0.879,0.2,0.19217073917388916,0.11379629499278962,0.0,0.0,0.0
0.88,0.2,0.19217324256896973,0.11379629499278962,0.0,0.0,0.0
0.881,0.2,0.1921757161617279,0.11379629499278962,0.0,0.0,0.0
0.882,0.2,0.1921781599521637,0.11379629499278962,0.0,0.0,0.0
0.883,0.2,0.1921805739402771,0.11379629499278962,0.0,0.0,0.0
0.884,0.2,0.19218294322490692,0.11379629499278962,0.0,0.0,0.0
0.885,0.2,0.19218526780605316,0.11379629499278962,0.0,0.0,0.0
0.886,0.2,0.1921875774860382,0.11379629499278962,0.0,0.0,0.0
0.887,0.2,0.19218984246253967,0.11379629499278962,0.0,0.0,0.0
0.888,0.2,0.19219207763671875,0.11379629499278962,0.0,0.0,0.0
0.889,0.2,0.19219428300857544,0.11379629499278962,0.0,0.0,0.0
0.89,0.2,0.19219645857810974,0.11379629499278962,0.0,0.0,0.0
0.891,0.2,0.19219860434532166,0.11379629499278962,0.0,0.0,0.0
0.892,0.2,0.19220070540905,0.11379629499278962,0.0,0.0,0.0
0.893,0.2,0.19220279157161713,0.11379629499278962,0.0,0.0,0.0
0.894,0.2,0.19220484793186188,0.11379629499278962,0.0,0.0,0.0
0.895,0.2,0.19220687448978424,0.11379629499278962,0.0,0.0,0.0
0.896,0.2,0.19220887124538422,0.11379629499278962,0.0,0.0,0.0
0.897,0.2,0.192210853099823,0.11379629499278962,0.0,0.0,0.0
0.898,0.2,0.1922127902507782,0.11379629499278962,0.0,0.0,0.0
0.899,0.2,0.1922147125005722,0.11379629499278962,0.0,0.0,0.0
0.9,0.2,0.19221660494804382,0.11379629499278962,0.0,0.0,0.0
0.901,0.2,0.19221848249435425,0.11379629499278962,0.0,0.0,0.0
0.902,0.2,0.19222033023834229,0.11379629499278962,0.0,0.0,0.0
0.903,0.2,0.19222214818000793,0.11379629499278962,0.0,0.0,0.0
0.904,0.2,0.1922239512205124,0.11379629499278962,0.0,0.0,0.0
0.905,0.2,0.19222572445869446,0.11379629499278962,0.0,0.0,0.0
0.906,0.2,0.19222746789455414,0.11379629499278962,0.0,0.0,0.0
0.907,0.2,0.19222919642925262,0.11379629499278962,0.0,0.0,0.0
0.908,0.2,0.19223091006278992,0.11379629499278962,0.0,0.0,0.0
0.909,0.2,0.19223259389400482,0.11379629499278962,0.0,0.0,0.0
0.91,0.2,0.19223426282405853,0.11379629499278962,0.0,0.0,0.0
0.911,0.2,0.19223590195178986,0.11379629499278962,0.0,0.0,0.0
0.912,0.2,0.19223752617835999,0.11379629499278962,0.0,0.0,0.0
0.913,0.2,0.19223913550376892,0.11379629499278962,0.0,0.0,0.0
0.914,0.2,0.19224072992801666,0.11379629499278962,0.0,0.0,0.0
0.915,0.2,0.19224229454994202,0.11379629499278962,0.0,0.0,0.0
0.916,0.2,0.19224384427070618,0.11379629499278962,0.0,0.0,0.0
0.917,0.2,0.19224537909030914,0.11379629499278962,0.0,0.0,0.0
0.918,0.2,0.19224688410758972,0.11379629499278962,0.0,0.0,0.0
0.919,0.2,0.1922483742237091,0.11379629499278962,0.0,0.0,0.0
0.92,0.2,0.1922498643398285,0.11379629499278962,0.0,0.0,0.0
0.921,0.2,0.1922513246536255,0.11379629499278962,0.0,0.0,0.0
0.922,0.2,0.1922527700662613,0.11379629499278962,0.0,0.0,0.0
0.923,0.2,0.1922542005777359,0.11379629499278962,0.0,0.0,0.0
0.924,0.2,0.19225560128688812,0.11379629499278962,0.0,0.0,0.0
0.925,0.2,0.19225700199604034,0.11379629499278962,0.0,0.0,0.0
0.926,0.2,0.19225838780403137,0.11379629499278962,0.0,0.0,0.0
0.927,0.2,0.1922597587108612,0.11379629499278962,0.0,0.0,0.0
0.928,0.2,0.19226109981536865,0.11379629499278962,0.0,0.0,0.0
0.929,0.2,0.1922624409198761,0.11379629499278962,0.0,0.0,0.0
0.93,0.2,0.19226376712322235,0.11379629499278962,0.0,0.0,0.0
0.931,0.2,0.1922650784254074,0.11379629499278962,0.0,0.0,0.0
0.932,0.2,0.19226637482643127,0.11379629499278962,0.0,0.0,0.0
0.933,0.2,0.19226765632629395,0.11379629499278962,0.0,0.0,0.0
0.934,0.2,0.19226893782615662,0.11379629499278962,0.0,0.0,0.0
0.935,0.2,0.1922701895236969,0.11379629499278962,0.0,0.0,0.0
0.936,0.2,0.192271426320076,0.11379629499278962,0.0,0.0,0.0
0.937,0.2,0.19227266311645508,0.11379629499278962,0.0,0.0,0.0
0.9380000000000001,0.2,0.19227388501167297,0.11379629499278962,0.0,0.0,0.0
0.9390000000000001,0.2,0.19227509200572968,0.11379629499278962,0.0,0.0,0.0
0.9400000000000001,0.2,0.19227629899978638,0.11379629499278962,0.0,0.0,0.0
0.9410000000000001,0.2,0.1922774761915207,0.11379629499278962,0.0,0.0,0.0
0.9420000000000001,0.2,0.192278653383255,0.11379629499278962,0.0,0.0,0.0
0.9430000000000001,0.2,0.19227981567382812,0.11379629499278962,0.0,0.0,0.0
0.9440000000000001,0.2,0.19228097796440125,0.11379629499278962,0.0,0.0,0.0
0.9450000000000001,0.2,0.19228212535381317,0.11379629499278962,0.0,0.0,0.0
0.9460000000000001,0.2,0.1922832578420639,0.11379629499278962,0.0,0.0,0.0
0.9470000000000001,0.2,0.19228437542915344,0.11379629499278962,0.0,0.0,0.0
0.9480000000000001,0.2,0.19228549301624298,0.11379629499278962,0.0,0.0,0.0
0.9490000000000001,0.2,0.19228659570217133,0.11379629499278962,0.0,0.0,0.0
0.9500000000000001,0.2,0.19228768348693848,0.11379629499278962,0.0,0.0,0.0
0.9510000000000001,0.2,0.19228877127170563,0.11379629499278962,0.0,0.0,0.0
0.9520000000000001,0.2,0.19228984415531158,0.11379629499278962,0.0,0.0,0.0
0.9530000000000001,0.2,0.19229091703891754,0.11379629499278962,0.0,0.0,0.0
0.9540000000000001,0.2,0.1922919750213623,0.11379629499278962,0.0,0.0,0.0
0.9550000000000001,0.2,0.19229301810264587,0.11379629499278962,0.0,0.0,0.0
0.9560000000000001,0.2,0.19229406118392944,0.11379629499278962,0.0,0.0,0.0
0.9570000000000001,0.2,0.19229508936405182,0.11379629499278962,0.0,0.0,0.0
0.9580000000000001,0.2,0.1922961175441742,0.11379629499278962,0.0,0.0,0.0
0.9590000000000001,0.2,0.19229713082313538,0.11379629499278962,0.0,0.0,0.0
0.96,0.2,0.19229814410209656,0.11379629499278962,0.0,0.0,0.0
0.961,0.2,0.19229914247989655,0.11379629499278962,0.0,0.0,0.0
0.962,0.2,0.19230014085769653,0.11379629499278962,0.0,0.0,0.0
0.963,0.2,0.19230112433433533,0.11379629499278962,0.0,0.0,0.0
0.964,0.2,0.19230210781097412,0.11379629499278962,0.0,0.0,0.0
0.965,0.2,0.19230307638645172,0.11379629499278962,0.0,0.0,0.0
0.966,0.2,0.19230404496192932,0.11379629499278962,0.0,0.0,0.0
0.967,0.2,0.19230499863624573,0.11379629499278962,0.0,0.0,0.0
0.968,0.2,0.19230595231056213,0.11379629499278962,0.0,0.0,0.0
0.969,0.2,0.19230689108371735,0.11379629499278962,0.0,0.0,0.0
0.97,0.2,0.19230784475803375,0.11379629499278962,0.0,0.0,0.0
0.971,0.2,0.19230876863002777,0.11379629499278962,0.0,0.0,0.0
0.972,0.2,0.1923096925020218,0.11379629499278962,0.0,0.0,0.0
0.973,0.2,0.1923106163740158,0.11379629499278962,0.0,0.0,0.0
0.974,0.2,0.19231152534484863,0.11379629499278962,0.0,0.0,0.0
0.975,0.2,0.19231243431568146,0.11379629499278962,0.0,0.0,0.0
0.976,0.2,0.19231334328651428,0.11379629499278962,0.0,0.0,0.0
0.977,0.2,0.1923142373561859,0.11379629499278962,0.0,0.0,0.0
0.978,0.2,0.19231513142585754,0.11379629499278962,0.0,0.0,0.0
0.979,0.2,0.19231602549552917,0.11379629499278962,0.0,0.0,0.0
0.98,0.2,0.1923169046640396,0.11379629499278962,0.0,0.0,0.0
0.981,0.2,0.19231778383255005,0.11379629499278962,0.0,0.0,0.0
0.982,0.2,0.1923186480998993,0.11379629499278962,0.0,0.0,0.0
0.983,0.2,0.19231951236724854,0.11379629499278962,0.0,0.0,0.0
0.984,0.2,0.19232037663459778,0.11379629499278962,0.0,0.0,0.0
0.985,0.2,0.19232124090194702,0.11379629499278962,0.0,0.0,0.0
0.986,0.2,0.19232209026813507,0.11379629499278962,0.0,0.0,0.0
0.987,0.2,0.19232293963432312,0.11379629499278962,0.0,0.0,0.0
0.988,0.2,0.19232377409934998,0.11379629499278962,0.0,0.0,0.0
0.989,0.2,0.19232460856437683,0.11379629499278962,0.0,0.0,0.0
0.99,0.2,0.1923254430294037,0.11379629499278962,0.0,0.0,0.0
0.991,0.2,0.19232627749443054,0.11379629499278962,0.0,0.0,0.0
0.992,0.2,0.1923270970582962,0.11379629499278962,0.0,0.0,0.0
0.993,0.2,0.19232793152332306,0.11379629499278962,0.0,0.0,0.0
0.994,0.2,0.19232875108718872,0.11379629499278962,0.0,0.0,0.0
0.995,0.2,0.1923295557498932,0.11379629499278962,0.0,0.0,0.0
0.996,0.2,0.19233036041259766,0.11379629499278962,0.0,0.0,0.0
0.997,0.2,0.19233117997646332,0.11379629499278962,0.0,0.0,0.0
0.998,0.2,0.1923319697380066,0.11379629499278962,0.0,0.0,0.0
0.999,0.2,0.19233277440071106,0.11379629499278962,0.0,0.0,0.0
1.0,0.2,0.19233357906341553,0.11379629499278962,0.0,0.0,0.0
1.0010000000000001,0.2,0.1923343688249588,0.11379629499278962,0.0,0.0,0.0
1.002,0.2,0.19233515858650208,0.11379629499278962,0.0,0.0,0.0
1.0030000000000001,0.2,0.19233593344688416,0.11379629499278962,0.0,0.0,0.0
1.004,0.2,0.19233672320842743,0.11379629499278962,0.0,0.0,0.0
1.0050000000000001,0.2,0.1923374980688095,0.11379629499278962,0.0,0.0,0.0
1.006,0.2,0.1923382729291916,0.11379629499278962,0.0,0.0,0.0
1.0070000000000001,0.2,0.19233904778957367,0.11379629499278962,0.0,0.0,0.0
1.008,0.2,0.19233980774879456,0.11379629499278962,0.0,0.0,0.0
1.0090000000000001,0.2,0.19234058260917664,0.11379629499278962,0.0,0.0,0.0
1.01,0.2,0.19234134256839752,0.11379629499278962,0.0,0.0,0.0
1.0110000000000001,0.2,0.1923421025276184,0.11379629499278962,0.0,0.0,0.0
1.012,0.2,0.1923428624868393,0.11379629499278962,0.0,0.0,0.0
1.0130000000000001,0.2,0.19234362244606018,0.11379629499278962,0.0,0.0,0.0
1.014,0.2,0.19234436750411987,0.11379629499278962,0.0,0.0,0.0
1.0150000000000001,0.2,0.19234512746334076,0.11379629499278962,0.0,0.0,0.0
1.016,0.2,0.19234587252140045,0.11379629499278962,0.0,0.0,0.0
1.0170000000000001,0.2,0.19234661757946014,0.11379629499278962,0.0,0.0,0.0
1.018,0.2,0.19234734773635864,0.11379629499278962,0.0,0.0,0.0
1.0190000000000001,0.2,0.19234809279441833,0.11379629499278962,0.0,0.0,0.0
1.02,0.2,0.19234883785247803,0.11379629499278962,0.0,0.0,0.0
1.0210000000000001,0.2,0.19234956800937653,0.11379629499278962,0.0,0.0,0.0
1.022,0.2,0.19235029816627502,0.11379629499278962,0.0,0.0,0.0
1.0230000000000001,0.2,0.19235102832317352,0.11379629499278962,0.0,0.0,0.0
1.024,0.2,0.19235175848007202,0.11379629499278962,0.0,0.0,0.0
1.025,0.2,0.19235248863697052,0.11379629499278962,0.0,0.0,0.0
1.026,0.2,0.19235320389270782,0.11379629499278962,0.0,0.0,0.0
1.027,0.2,0.19235393404960632,0.11379629499278962,0.0,0.0,0.0
1.028,0.2,0.19235464930534363,0.11379629499278962,0.0,0.0,0.0
1.029,0.2,0.19235536456108093,0.11379629499278962,0.0,0.0,0.0
1.03,0.2,0.19235607981681824,0.11379629499278962,0.0,0.0,0.0
1.031,0.2,0.19235679507255554,0.11379629499278962,0.0,0.0,0.0
1.032,0.2,0.19235751032829285,0.11379629499278962,0.0,0.0,0.0
1.033,0.2,0.19235821068286896,0.11379629499278962,0.0,0.0,0.0
1.034,0.2,0.19235892593860626,0.11379629499278962,0.0,0.0,0.0
1.035,0.2,0.19235962629318237,0.11379629499278962,0.0,0.0,0.0
1.036,0.2,0.19236034154891968,0.11379629499278962,0.0,0.0,0.0
1.037,0.2,0.1923610419034958,0.11379629499278962,0.0,0.0,0.0
1.038,0.2,0.1923617422580719,0.11379629499278962,0.0,0.0,0.0
1.039,0.2,0.192362442612648,0.11379629499278962,0.0,0.0,0.0
1.04,0.2,0.19236312806606293,0.11379629499278962,0.0,0.0,0.0
1.041,0.2,0.19236382842063904,0.11379629499278962,0.0,0.0,0.0
1.042,0.2,0.19236452877521515,0.11379629499278962,0.0,0.0,0.0
1.043,0.2,0.19236521422863007,0.11379629499278962,0.0,0.0,0.0
1.044,0.2,0.19236591458320618,0.11379629499278962,0.0,0.0,0.0
1.045,0.2,0.1923666000366211,0.11379629499278962,0.0,0.0,0.0
1.046,0.2,0.192367285490036,0.11379629499278962,0.0,0.0,0.0
1.047,0.2,0.19236797094345093,0.11379629499278962,0.0,0.0,0.0
1.048,0.2,0.19236865639686584,0.11379629499278962,0.0,0.0,0.0
1.049,0.2,0.19236934185028076,0.11379629499278962,0.0,0.0,0.0
1.05,0.2,0.19237002730369568,0.11379629499278962,0.0,0.0,0.0
1.051,0.2,0.1923707127571106,0.11379629499278962,0.0,0.0,0.0
1.052,0.2,0.1923713982105255,0.11379629499278962,0.0,0.0,0.0
1.053,0.2,0.19237206876277924,0.11379629499278962,0.0,0.0,0.0
1.054,0.2,0.19237275421619415,0.11379629499278962,0.0,0.0,0.0
1.055,0.2,0.19237342476844788,0.11379629499278962,0.0,0.0,0.0
1.056,0.2,0.1923741102218628,0.11379629499278962,0.0,0.0,0.0
1.057,0.2,0.19237478077411652,0.11379629499278962,0.0,0.0,0.0
1.058,0.2,0.19237545132637024,0.11379629499278962,0.0,0.0,0.0
1.059,0.2,0.19237612187862396,0.11379629499278962,0.0,0.0,0.0
1.06,0.2,0.19237679243087769,0.11379629499278962,0.0,0.0,0.0
1.061,0.2,0.1923774629831314,0.11379629499278962,0.0,0.0,0.0
1.062,0.2,0.19237813353538513,0.11379629499278962,0.0,0.0,0.0
1.063,0.2,0.19237880408763885,0.11379629499278962,0.0,0.0,0.0
1.064,0.2,0.19237945973873138,0.11379629499278962,0.0,0.0,0.0
1.065,0.2,0.1923801302909851,0.11379629499278962,0.0,0.0,0.0
1.066,0.2,0.19238080084323883,0.11379629499278962,0.0,0.0,0.0
1.067,0.2,0.19238145649433136,0.11379629499278962,0.0,0.0,0.0
1.068,0.2,0.19238212704658508,0.11379629499278962,0.0,0.0,0.0
1.069,0.2,0.1923827826976776,0.11379629499278962,0.0,0.0,0.0
1.07,0.2,0.19238343834877014,0.11379629499278962,0.0,0.0,0.0
1.071,0.2,0.19238410890102386,0.11379629499278962,0.0,0.0,0.0
1.072,0.2,0.1923847645521164,0.11379629499278962,0.0,0.0,0.0
1.073,0.2,0.19238542020320892,0.11379629499278962,0.0,0.0,0.0
1.074,0.2,0.19238607585430145,0.11379629499278962,0.0,0.0,0.0
1.075,0.2,0.19238673150539398,0.11379629499278962,0.0,0.0,0.0
1.076,0.2,0.1923873871564865,0.11379629499278962,0.0,0.0,0.0
1.077,0.2,0.19238804280757904,0.11379629499278962,0.0,0.0,0.0
1.078,0.2,0.19238869845867157,0.11379629499278962,0.0,0.0,0.0
1.079,0.2,0.1923893541097641,0.11379629499278962,0.0,0.0,0.0
1.08,0.2,0.19239000976085663,0.11379629499278962,0.0,0.0,0.0
1.081,0.2,0.19239066541194916,0.11379629499278962,0.0,0.0,0.0
1.082,0.2,0.1923913061618805,0.11379629499278962,0.0,0.0,0.0
1.083,0.2,0.19239196181297302,0.11379629499278962,0.0,0.0,0.0
1.084,0.2,0.19239260256290436,0.11379629499278962,0.0,0.0,0.0
1.085,0.2,0.1923932582139969,0.11379629499278962,0.0,0.0,0.0
1.086,0.2,0.19239389896392822,0.11379629499278962,0.0,0.0,0.0
1.087,0.2,0.19239455461502075,0.11379629499278962,0.0,0.0,0.0
1.088,0.2,0.1923951953649521,0.11379629499278962,0.0,0.0,0.0
1.089,0.2,0.19239585101604462,0.11379629499278962,0.0,0.0,0.0
1.09,0.2,0.19239649176597595,0.11379629499278962,0.0,0.0,0.0
1.091,0.2,0.1923971325159073,0.11379629499278962,0.0,0.0,0.0
1.092,0.2,0.19239778816699982,0.11379629499278962,0.0,0.0,0.0
1.093,0.2,0.19239842891693115,0.11379629499278962,0.0,0.0,0.0
1.094,0.2,0.1923990696668625,0.11379629499278962,0.0,0.0,0.0
1.095,0.2,0.19239971041679382,0.11379629499278962,0.0,0.0,0.0
1.096,0.2,0.19240035116672516,0.11379629499278962,0.0,0.0,0.0
1.097,0.2,0.1924009919166565,0.11379629499278962,0.0,0.0,0.0
1.098,0.2,0.19240163266658783,0.11379629499278962,0.0,0.0,0.0
1.099,0.2,0.19240227341651917,0.11379629499278962,0.0,0.0,0.0
1.1,0.2,0.1924029141664505,0.11379629499278962,0.0,0.0,0.0
1.101,0.2,0.19240355491638184,0.11379629499278962,0.0,0.0,0.0
1.102,0.2,0.19240419566631317,0.11379629499278962,0.0,0.0,0.0
1.103,0.2,0.1924048364162445,0.11379629499278962,0.0,0.0,0.0
1.104,0.2,0.19240546226501465,0.11379629499278962,0.0,0.0,0.0
1.105,0.2,0.19240610301494598,0.11379629499278962,0.0,0.0,0.0
1.106,0.2,0.19240674376487732,0.11379629499278962,0.0,0.0,0.0
1.107,0.2,0.19240738451480865,0.11379629499278962,0.0,0.0,0.0
1.108,0.2,0.1924080103635788,0.11379629499278962,0.0,0.0,0.0
1.109,0.2,0.19240865111351013,0.11379629499278962,0.0,0.0,0.0
1.11,0.2,0.19240929186344147,0.11379629499278962,0.0,0.0,0.0
1.111,0.2,0.1924099177122116,0.11379629499278962,0.0,0.0,0.0
1.112,0.2,0.19241055846214294,0.11379629499278962,0.0,0.0,0.0
1.113,0.2,0.19241118431091309,0.11379629499278962,0.0,0.0,0.0
1.114,0.2,0.19241182506084442,0.11379629499278962,0.0,0.0,0.0
1.115,0.2,0.19241245090961456,0.11379629499278962,0.0,0.0,0.0
1.116,0.2,0.1924130916595459,0.11379629499278962,0.0,0.0,0.0
1.117,0.2,0.19241371750831604,0.11379629499278962,0.0,0.0,0.0
1.118,0.2,0.19241435825824738,0.11379629499278962,0.0,0.0,0.0
1.119,0.2,0.19241498410701752,0.11379629499278962,0.0,0.0,0.0
1.12,0.2,0.19241560995578766,0.11379629499278962,0.0,0.0,0.0
1.121,0.2,0.1924162358045578,0.11379629499278962,0.0,0.0,0.0
1.122,0.2,0.19241687655448914,0.11379629499278962,0.0,0.0,0.0
1.123,0.2,0.19241750240325928,0.11379629499278962,0.0,0.0,0.0
1.124,0.2,0.19241812825202942,0.11379629499278962,0.0,0.0,0.0
1.125,0.2,0.19241876900196075,0.11379629499278962,0.0,0.0,0.0
1.1260000000000001,0.2,0.1924193948507309,0.11379629499278962,0.0,0.0,0.0
1.127,0.2,0.19242002069950104,0.11379629499278962,0.0,0.0,0.0
1.1280000000000001,0.2,0.19242064654827118,0.11379629499278962,0.0,0.0,0.0
1.129,0.2,0.19242127239704132,0.11379629499278962,0.0,0.0,0.0
1.1300000000000001,0.2,0.19242189824581146,0.11379629499278962,0.0,0.0,0.0
1.131,0.2,0.1924225240945816,0.11379629499278962,0.0,0.0,0.0
1.1320000000000001,0.2,0.19242316484451294,0.11379629499278962,0.0,0.0,0.0
1.133,0.2,0.19242379069328308,0.11379629499278962,0.0,0.0,0.0
1.1340000000000001,0.2,0.19242441654205322,0.11379629499278962,0.0,0.0,0.0
1.135,0.2,0.19242504239082336,0.11379629499278962,0.0,0.0,0.0
1.1360000000000001,0.2,0.1924256533384323,0.11379629499278962,0.0,0.0,0.0
1.137,0.2,0.19242629408836365,0.11379629499278962,0.0,0.0,0.0
1.1380000000000001,0.2,0.1924269050359726,0.11379629499278962,0.0,0.0,0.0
1.139,0.2,0.19242753088474274,0.11379629499278962,0.0,0.0,0.0
1.1400000000000001,0.2,0.19242815673351288,0.11379629499278962,0.0,0.0,0.0
1.141,0.2,0.19242878258228302,0.11379629499278962,0.0,0.0,0.0
1.1420000000000001,0.2,0.19242940843105316,0.11379629499278962,0.0,0.0,0.0
1.143,0.2,0.1924300342798233,0.11379629499278962,0.0,0.0,0.0
1.1440000000000001,0.2,0.19243066012859344,0.11379629499278962,0.0,0.0,0.0
1.145,0.2,0.1924312859773636,0.11379629499278962,0.0,0.0,0.0
1.1460000000000001,0.2,0.19243189692497253,0.11379629499278962,0.0,0.0,0.0
1.147,0.2,0.19243252277374268,0.11379629499278962,0.0,0.0,0.0
1.1480000000000001,0.2,0.19243314862251282,0.11379629499278962,0.0,0.0,0.0
1.149,0.2,0.19243377447128296,0.11379629499278962,0.0,0.0,0.0
1.1500000000000001,0.2,0.1924344003200531,0.11379629499278962,0.0,0.0,0.0
1.151,0.2,0.19243501126766205,0.11379629499278962,0.0,0.0,0.0
1.1520000000000001,0.2,0.1924356371164322,0.11379629499278962,0.0,0.0,0.0
1.153,0.2,0.19243626296520233,0.11379629499278962,0.0,0.0,0.0
1.154,0.2,0.19243687391281128,0.11379629499278962,0.0,0.0,0.0
1.155,0.2,0.19243749976158142,0.11379629499278962,0.0,0.0,0.0
1.156,0.2,0.19243812561035156,0.11379629499278962,0.0,0.0,0.0
1.157,0.2,0.1924387514591217,0.11379629499278962,0.0,0.0,0.0
1.158,0.2,0.19243936240673065,0.11379629499278962,0.0,0.0,0.0
1.159,0.2,0.1924399882555008,0.11379629499278962,0.0,0.0,0.0
1.16,0.2,0.19244059920310974,0.11379629499278962,0.0,0.0,0.0
1.161,0.2,0.19244122505187988,0.11379629499278962,0.0,0.0,0.0
1.162,0.2,0.19244185090065002,0.11379629499278962,0.0,0.0,0.0
1.163,0.2,0.19244246184825897,0.11379629499278962,0.0,0.0,0.0
1.164,0.2,0.1924430876970291,0.11379629499278962,0.0,0.0,0.0
1.165,0.2,0.19244369864463806,0.11379629499278962,0.0,0.0,0.0
1.166,0.2,0.1924443244934082,0.11379629499278962,0.0,0.0,0.0
1.167,0.2,0.19244493544101715,0.11379629499278962,0.0,0.0,0.0
1.168,0.2,0.1924455612897873,0.11379629499278962,0.0,0.0,0.0
1.169,0.2,0.19244617223739624,0.11379629499278962,0.0,0.0,0.0
1.17,0.2,0.19244679808616638,0.11379629499278962,0.0,0.0,0.0
1.171,0.2,0.19244740903377533,0.11379629499278962,0.0,0.0,0.0
1.172,0.2,0.19244803488254547,0.11379629499278962,0.0,0.0,0.0
1.173,0.2,0.19244864583015442,0.11379629499278962,0.0,0.0,0.0
1.174,0.2,0.19244927167892456,0.11379629499278962,0.0,0.0,0.0
1.175,0.2,0.1924498826265335,0.11379629499278962,0.0,0.0,0.0
1.176,0.2,0.19245050847530365,0.11379629499278962,0.0,0.0,0.0
1.177,0.2,0.1924511194229126,0.11379629499278962,0.0,0.0,0.0
1.178,0.2,0.19245173037052155,0.11379629499278962,0.0,0.0,0.0
1.179,0.2,0.1924523562192917,0.11379629499278962,0.0,0.0,0.0
1.18,0.2,0.19245296716690063,0.11379629499278962,0.0,0.0,0.0
1.181,0.2,0.19245357811450958,0.11379629499278962,0.0,0.0,0.0
1.182,0.2,0.19245420396327972,0.11379629499278962,0.0,0.0,0.0
1.183,0.2,0.19245481491088867,0.11379629499278962,0.0,0.0,0.0
1.184,0.2,0.1924554407596588,0.11379629499278962,0.0,0.0,0.0
1.185,0.2,0.19245605170726776,0.11379629499278962,0.0,0.0,0.0
1.186,0.2,0.1924566626548767,0.11379629499278962,0.0,0.0,0.0
1.187,0.2,0.19245728850364685,0.11379629499278962,0.0,0.0,0.0
1.188,0.2,0.1924578994512558,0.11379629499278962,0.0,0.0,0.0
1.189,0.2,0.19245851039886475,0.11379629499278962,0.0,0.0,0.0
1.19,0.2,0.1924591213464737,0.11379629499278962,0.0,0.0,0.0
1.191,0.2,0.19245974719524384,0.11379629499278962,0.0,0.0,0.0
1.192,0.2,0.19246035814285278,0.11379629499278962,0.0,0.0,0.0
1.193,0.2,0.19246096909046173,0.11379629499278962,0.0,0.0,0.0
1.194,0.2,0.19246159493923187,0.11379629499278962,0.0,0.0,0.0
1.195,0.2,0.19246220588684082,0.11379629499278962,0.0,0.0,0.0
1.196,0.2,0.19246281683444977,0.11379629499278962,0.0,0.0,0.0
1.197,0.2,0.19246342778205872,0.11379629499278962,0.0,0.0,0.0
1.198,0.2,0.19246403872966766,0.11379629499278962,0.0,0.0,0.0
1.199,0.2,0.1924646645784378,0.11379629499278962,0.0,0.0,0.0
1.2,0.2,0.19246527552604675,0.11379629499278962,0.0,0.0,0.0
1.201,0.2,0.1924658864736557,0.11379629499278962,0.0,0.0,0.0
1.202,0.2,0.19246649742126465,0.11379629499278962,0.0,0.0,0.0
1.203,0.2,0.1924671232700348,0.11379629499278962,0.0,0.0,0.0
1.204,0.2,0.19246773421764374,0.11379629499278962,0.0,0.0,0.0
1.205,0.2,0.19246834516525269,0.11379629499278962,0.0,0.0,0.0
1.206,0.2,0.19246895611286163,0.11379629499278962,0.0,0.0,0.0
1.207,0.2,0.19246956706047058,0.11379629499278962,0.0,0.0,0.0
1.208,0.2,0.19247017800807953,0.11379629499278962,0.0,0.0,0.0
1.209,0.2,0.19247078895568848,0.11379629499278962,0.0,0.0,0.0
1.21,0.2,0.19247141480445862,0.11379629499278962,0.0,0.0,0.0
1.211,0.2,0.19247202575206757,0.11379629499278962,0.0,0.0,0.0
1.212,0.2,0.1924726366996765,0.11379629499278962,0.0,0.0,0.0
1.213,0.2,0.19247324764728546,0.11379629499278962,0.0,0.0,0.0
1.214,0.2,0.1924738585948944,0.11379629499278962,0.0,0.0,0.0
1.215,0.2,0.19247446954250336,0.11379629499278962,0.0,0.0,0.0
1.216,0.2,0.1924750804901123,0.11379629499278962,0.0,0.0,0.0
1.217,0.2,0.19247569143772125,0.11379629499278962,0.0,0.0,0.0
1.218,0.2,0.1924763023853302,0.11379629499278962,0.0,0.0,0.0
1.219,0.2,0.19247692823410034,0.11379629499278962,0.0,0.0,0.0
1.22,0.2,0.1924775391817093,0.11379629499278962,0.0,0.0,0.0
1.221,0.2,0.19247815012931824,0.11379629499278962,0.0,0.0,0.0
1.222,0.2,0.19247876107692719,0.11379629499278962,0.0,0.0,0.0
1.223,0.2,0.19247937202453613,0.11379629499278962,0.0,0.0,0.0
1.224,0.2,0.19247998297214508,0.11379629499278962,0.0,0.0,0.0
1.225,0.2,0.19248059391975403,0.11379629499278962,0.0,0.0,0.0
1.226,0.2,0.19248120486736298,0.11379629499278962,0.0,0.0,0.0
1.227,0.2,0.19248181581497192,0.11379629499278962,0.0,0.0,0.0
1.228,0.2,0.19248242676258087,0.11379629499278962,0.0,0.0,0.0
1.229,0.2,0.19248303771018982,0.11379629499278962,0.0,0.0,0.0
1.23,0.2,0.19248364865779877,0.11379629499278962,0.0,0.0,0.0
1.231,0.2,0.19248425960540771,0.11379629499278962,0.0,0.0,0.0
1.232,0.2,0.19248487055301666,0.11379629499278962,0.0,0.0,0.0
1.233,0.2,0.1924854815006256,0.11379629499278962,0.0,0.0,0.0
1.234,0.2,0.19248609244823456,0.11379629499278962,0.0,0.0,0.0
1.235,0.2,0.1924867033958435,0.11379629499278962,0.0,0.0,0.0
1.236,0.2,0.19248731434345245,0.11379629499278962,0.0,0.0,0.0
1.237,0.2,0.1924879252910614,0.11379629499278962,0.0,0.0,0.0
1.238,0.2,0.19248853623867035,0.11379629499278962,0.0,0.0,0.0
1.239,0.2,0.1924891471862793,0.11379629499278962,0.0,0.0,0.0
1.24,0.2,0.19248975813388824,0.11379629499278962,0.0,0.0,0.0
1.241,0.2,0.1924903690814972,0.11379629499278962,0.0,0.0,0.0
1.242,0.2,0.19249098002910614,0.11379629499278962,0.0,0.0,0.0
1.243,0.2,0.1924915909767151,0.11379629499278962,0.0,0.0,0.0
1.244,0.2,0.19249218702316284,0.11379629499278962,0.0,0.0,0.0
1.245,0.2,0.1924927979707718,0.11379629499278962,0.0,0.0,0.0
1.246,0.2,0.19249340891838074,0.11379629499278962,0.0,0.0,0.0
1.247,0.2,0.19249401986598969,0.11379629499278962,0.0,0.0,0.0
1.248,0.2,0.19249463081359863,0.11379629499278962,0.0,0.0,0.0
1.249,0.2,0.19249524176120758,0.11379629499278962,0.0,0.0,0.0
1.25,0.2,0.19249585270881653,0.11379629499278962,0.0,0.0,0.0
1.2510000000000001,0.2,0.19249646365642548,0.11379629499278962,0.0,0.0,0.0
1.252,0.2,0.19249707460403442,0.11379629499278962,0.0,0.0,0.0
1.2530000000000001,0.2,0.19249768555164337,0.11379629499278962,0.0,0.0,0.0
1.254,0.2,0.19249829649925232,0.11379629499278962,0.0,0.0,0.0
1.2550000000000001,0.2,0.19249890744686127,0.11379629499278962,0.0,0.0,0.0
1.256,0.2,0.19249950349330902,0.11379629499278962,0.0,0.0,0.0
1.2570000000000001,0.2,0.19250011444091797,0.11379629499278962,0.0,0.0,0.0
1.258,0.2,0.19250072538852692,0.11379629499278962,0.0,0.0,0.0
1.2590000000000001,0.2,0.19250133633613586,0.11379629499278962,0.0,0.0,0.0
1.26,0.2,0.1925019472837448,0.11379629499278962,0.0,0.0,0.0
1.2610000000000001,0.2,0.19250255823135376,0.11379629499278962,0.0,0.0,0.0
1.262,0.2,0.1925031691789627,0.11379629499278962,0.0,0.0,0.0
1.2630000000000001,0.2,0.19250376522541046,0.11379629499278962,0.0,0.0,0.0
1.264,0.2,0.1925043761730194,0.11379629499278962,0.0,0.0,0.0
1.2650000000000001,0.2,0.19250498712062836,0.11379629499278962,0.0,0.0,0.0
1.266,0.2,0.1925055980682373,0.11379629499278962,0.0,0.0,0.0
1.2670000000000001,0.2,0.19250620901584625,0.11379629499278962,0.0,0.0,0.0
1.268,0.2,0.1925068199634552,0.11379629499278962,0.0,0.0,0.0
1.2690000000000001,0.2,0.19250741600990295,0.11379629499278962,0.0,0.0,0.0
1.27,0.2,0.1925080269575119,0.11379629499278962,0.0,0.0,0.0
1.2710000000000001,0.2,0.19250863790512085,0.11379629499278962,0.0,0.0,0.0
1.272,0.2,0.1925092488527298,0.11379629499278962,0.0,0.0,0.0
1.2730000000000001,0.2,0.19250985980033875,0.11379629499278962,0.0,0.0,0.0
1.274,0.2,0.1925104558467865,0.11379629499278962,0.0,0.0,0.0
1.2750000000000001,0.2,0.19251106679439545,0.11379629499278962,0.0,0.0,0.0
1.276,0.2,0.1925116777420044,0.11379629499278962,0.0,0.0,0.0
1.2770000000000001,0.2,0.19251228868961334,0.11379629499278962,0.0,0.0,0.0
1.278,0.2,0.1925128996372223,0.11379629499278962,0.0,0.0,0.0
1.2790000000000001,0.2,0.19251349568367004,0.11379629499278962,0.0,0.0,0.0
1.28,0.2,0.192514106631279,0.11379629499278962,0.0,0.0,0.0
1.281,0.2,0.19251471757888794,0.11379629499278962,0.0,0.0,0.0
1.282,0.2,0.1925153285264969,0.11379629499278962,0.0,0.0,0.0
1.283,0.2,0.19251592457294464,0.11379629499278962,0.0,0.0,0.0
1.284,0.2,0.1925165355205536,0.11379629499278962,0.0,0.0,0.0
1.285,0.2,0.19251714646816254,0.11379629499278962,0.0,0.0,0.0
1.286,0.2,0.19251775741577148,0.11379629499278962,0.0,0.0,0.0
1.287,0.2,0.19251835346221924,0.11379629499278962,0.0,0.0,0.0
1.288,0.2,0.19251896440982819,0.11379629499278962,0.0,0.0,0.0
1.289,0.2,0.19251957535743713,0.11379629499278962,0.0,0.0,0.0
1.29,0.2,0.19252018630504608,0.11379629499278962,0.0,0.0,0.0
1.291,0.2,0.19252078235149384,0.11379629499278962,0.0,0.0,0.0
1.292,0.2,0.19252139329910278,0.11379629499278962,0.0,0.0,0.0
1.293,0.2,0.19252200424671173,0.11379629499278962,0.0,0.0,0.0
1.294,0.2,0.19252260029315948,0.11379629499278962,0.0,0.0,0.0
1.295,0.2,0.19252321124076843,0.11379629499278962,0.0,0.0,0.0
1.296,0.2,0.19252382218837738,0.11379629499278962,0.0,0.0,0.0
1.297,0.2,0.19252441823482513,0.11379629499278962,0.0,0.0,0.0
1.298,0.2,0.19252502918243408,0.11379629499278962,0.0,0.0,0.0
1.299,0.2,0.19252564013004303,0.11379629499278962,0.0,0.0,0.0
1.3,0.2,0.19252625107765198,0.11379629499278962,0.0,0.0,0.0
1.301,0.2,0.19252684712409973,0.11379629499278962,0.0,0.0,0.0
1.302,0.2,0.19252745807170868,0.11379629499278962,0.0,0.0,0.0
1.303,0.2,0.19252806901931763,0.11379629499278962,0.0,0.0,0.0
1.304,0.2,0.19252866506576538,0.11379629499278962,0.0,0.0,0.0
1.305,0.2,0.19252927601337433,0.11379629499278962,0.0,0.0,0.0
1.306,0.2,0.19252988696098328,0.11379629499278962,0.0,0.0,0.0
1.307,0.2,0.19253048300743103,0.11379629499278962,0.0,0.0,0.0
1.308,0.2,0.19253109395503998,0.11379629499278962,0.0,0.0,0.0
1.309,0.2,0.19253170490264893,0.11379629499278962,0.0,0.0,0.0
1.31,0.2,0.19253230094909668,0.11379629499278962,0.0,0.0,0.0
1.311,0.2,0.19253291189670563,0.11379629499278962,0.0,0.0,0.0
1.312,0.2,0.19253352284431458,0.11379629499278962,0.0,0.0,0.0
1.313,0.2,0.19253411889076233,0.11379629499278962,0.0,0.0,0.0
1.314,0.2,0.19253472983837128,0.11379629499278962,0.0,0.0,0.0
1.315,0.2,0.19253532588481903,0.11379629499278962,0.0,0.0,0.0
1.316,0.2,0.19253593683242798,0.11379629499278962,0.0,0.0,0.0
1.317,0.2,0.19253654778003693,0.11379629499278962,0.0,0.0,0.0
1.318,0.2,0.19253714382648468,0.11379629499278962,0.0,0.0,0.0
1.319,0.2,0.19253775477409363,0.11379629499278962,0.0,0.0,0.0
1.32,0.2,0.19253836572170258,0.11379629499278962,0.0,0.0,0.0
1.321,0.2,0.19253896176815033,0.11379629499278962,0.0,0.0,0.0
1.322,0.2,0.19253957271575928,0.11379629499278962,0.0,0.0,0.0
1.323,0.2,0.19254016876220703,0.11379629499278962,0.0,0.0,0.0
1.324,0.2,0.19254077970981598,0.11379629499278962,0.0,0.0,0.0
1.325,0.2,0.19254139065742493,0.11379629499278962,0.0,0.0,0.0
1.326,0.2,0.19254198670387268,0.11379629499278962,0.0,0.0,0.0
1.327,0.2,0.19254259765148163,0.11379629499278962,0.0,0.0,0.0
1.328,0.2,0.19254319369792938,0.11379629499278962,0.0,0.0,0.0
1.329,0.2,0.19254380464553833,0.11379629499278962,0.0,0.0,0.0
1.33,0.2,0.19254440069198608,0.11379629499278962,0.0,0.0,0.0
1.331,0.2,0.19254501163959503,0.11379629499278962,0.0,0.0,0.0
1.332,0.2,0.19254562258720398,0.11379629499278962,0.0,0.0,0.0
1.333,0.2,0.19254621863365173,0.11379629499278962,0.0,0.0,0.0
1.334,0.2,0.19254682958126068,0.11379629499278962,0.0,0.0,0.0
1.335,0.2,0.19254742562770844,0.11379629499278962,0.0,0.0,0.0
1.336,0.2,0.19254803657531738,0.11379629499278962,0.0,0.0,0.0
1.337,0.2,0.19254863262176514,0.11379629499278962,0.0,0.0,0.0
1.338,0.2,0.19254924356937408,0.11379629499278962,0.0,0.0,0.0
1.339,0.2,0.19254985451698303,0.11379629499278962,0.0,0.0,0.0
1.34,0.2,0.1925504505634308,0.11379629499278962,0.0,0.0,0.0
1.341,0.2,0.19255106151103973,0.11379629499278962,0.0,0.0,0.0
1.342,0.2,0.1925516575574875,0.11379629499278962,0.0,0.0,0.0
1.343,0.2,0.19255226850509644,0.11379629499278962,0.0,0.0,0.0
1.344,0.2,0.1925528645515442,0.11379629499278962,0.0,0.0,0.0
1.345,0.2,0.19255347549915314,0.11379629499278962,0.0,0.0,0.0
1.346,0.2,0.1925540715456009,0.11379629499278962,0.0,0.0,0.0
1.347,0.2,0.19255468249320984,0.11379629499278962,0.0,0.0,0.0
1.348,0.2,0.1925552785396576,0.11379629499278962,0.0,0.0,0.0
1.349,0.2,0.19255588948726654,0.11379629499278962,0.0,0.0,0.0
1.35,0.2,0.1925564855337143,0.11379629499278962,0.0,0.0,0.0
1.351,0.2,0.19255709648132324,0.11379629499278962,0.0,0.0,0.0
1.352,0.2,0.192557692527771,0.11379629499278962,0.0,0.0,0.0
1.353,0.2,0.19255830347537994,0.11379629499278962,0.0,0.0,0.0
1.354,0.2,0.1925588995218277,0.11379629499278962,0.0,0.0,0.0
1.355,0.2,0.19255951046943665,0.11379629499278962,0.0,0.0,0.0
1.356,0.2,0.1925601065158844,0.11379629499278962,0.0,0.0,0.0
1.357,0.2,0.19256071746349335,0.11379629499278962,0.0,0.0,0.0
1.358,0.2,0.1925613135099411,0.11379629499278962,0.0,0.0,0.0
1.359,0.2,0.19256192445755005,0.11379629499278962,0.0,0.0,0.0
1.36,0.2,0.1925625205039978,0.11379629499278962,0.0,0.0,0.0
1.361,0.2,0.19256313145160675,0.11379629499278962,0.0,0.0,0.0
1.362,0.2,0.1925637274980545,0.11379629499278962,0.0,0.0,0.0
1.363,0.2,0.19256432354450226,0.11379629499278962,0.0,0.0,0.0
1.364,0.2,0.1925649344921112,0.11379629499278962,0.0,0.0,0.0
1.365,0.2,0.19256553053855896,0.11379629499278962,0.0,0.0,0.0
1.366,0.2,0.1925661414861679,0.11379629499278962,0.0,0.0,0.0
1.367,0.2,0.19256673753261566,0.11379629499278962,0.0,0.0,0.0
1.368,0.2,0.1925673484802246,0.11379629499278962,0.0,0.0,0.0
1.369,0.2,0.19256794452667236,0.11379629499278962,0.0,0.0,0.0
1.37,0.2,0.1925685554742813,0.11379629499278962,0.0,0.0,0.0
1.371,0.2,0.19256915152072906,0.11379629499278962,0.0,0.0,0.0
1.372,0.2,0.19256974756717682,0.11379629499278962,0.0,0.0,0.0
1.373,0.2,0.19257035851478577,0.11379629499278962,0.0,0.0,0.0
1.374,0.2,0.19257095456123352,0.11379629499278962,0.0,0.0,0.0
1.375,0.2,0.19257156550884247,0.11379629499278962,0.0,0.0,0.0
1.3760000000000001,0.2,0.19257216155529022,0.11379629499278962,0.0,0.0,0.0
1.377,0.2,0.19257277250289917,0.11379629499278962,0.0,0.0,0.0
1.3780000000000001,0.2,0.19257336854934692,0.11379629499278962,0.0,0.0,0.0
1.379,0.2,0.19257396459579468,0.11379629499278962,0.0,0.0,0.0
1.3800000000000001,0.2,0.19257457554340363,0.11379629499278962,0.0,0.0,0.0
1.381,0.2,0.19257517158985138,0.11379629499278962,0.0,0.0,0.0
1.3820000000000001,0.2,0.19257578253746033,0.11379629499278962,0.0,0.0,0.0
1.383,0.2,0.19257637858390808,0.11379629499278962,0.0,0.0,0.0
1.3840000000000001,0.2,0.19257697463035583,0.11379629499278962,0.0,0.0,0.0
1.385,0.2,0.19257758557796478,0.11379629499278962,0.0,0.0,0.0
1.3860000000000001,0.2,0.19257818162441254,0.11379629499278962,0.0,0.0,0.0
1.387,0.2,0.1925787776708603,0.11379629499278962,0.0,0.0,0.0
1.3880000000000001,0.2,0.19257938861846924,0.11379629499278962,0.0,0.0,0.0
1.389,0.2,0.192579984664917,0.11379629499278962,0.0,0.0,0.0
1.3900000000000001,0.2,0.19258059561252594,0.11379629499278962,0.0,0.0,0.0
1.391,0.2,0.1925811916589737,0.11379629499278962,0.0,0.0,0.0
1.3920000000000001,0.2,0.19258178770542145,0.11379629499278962,0.0,0.0,0.0
1.393,0.2,0.1925823986530304,0.11379629499278962,0.0,0.0,0.0
1.3940000000000001,0.2,0.19258299469947815,0.11379629499278962,0.0,0.0,0.0
1.395,0.2,0.1925835907459259,0.11379629499278962,0.0,0.0,0.0
1.3960000000000001,0.2,0.19258420169353485,0.11379629499278962,0.0,0.0,0.0
1.397,0.2,0.1925847977399826,0.11379629499278962,0.0,0.0,0.0
1.3980000000000001,0.2,0.19258539378643036,0.11379629499278962,0.0,0.0,0.0
1.399,0.2,0.1925860047340393,0.11379629499278962,0.0,0.0,0.0
1.4000000000000001,0.2,0.19258660078048706,0.11379629499278962,0.0,0.0,0.0
1.401,0.2,0.19258719682693481,0.11379629499278962,0.0,0.0,0.0
1.4020000000000001,0.2,0.19258780777454376,0.11379629499278962,0.0,0.0,0.0
1.403,0.2,0.19258840382099152,0.11379629499278962,0.0,0.0,0.0
1.4040000000000001,0.2,0.19258899986743927,0.11379629499278962,0.0,0.0,0.0
1.405,0.2,0.19258961081504822,0.11379629499278962,0.0,0.0,0.0
1.4060000000000001,0.2,0.19259020686149597,0.11379629499278962,0.0,0.0,0.0
1.407,0.2,0.19259080290794373,0.11379629499278962,0.0,0.0,0.0
1.408,0.2,0.19259141385555267,0.11379629499278962,0.0,0.0,0.0
1.409,0.2,0.19259200990200043,0.11379629499278962,0.0,0.0,0.0
1.41,0.2,0.19259260594844818,0.11379629499278962,0.0,0.0,0.0
1.411,0.2,0.19259321689605713,0.11379629499278962,0.0,0.0,0.0
1.412,0.2,0.19259381294250488,0.11379629499278962,0.0,0.0,0.0
1.413,0.2,0.19259440898895264,0.11379629499278962,0.0,0.0,0.0
1.414,0.2,0.1925950050354004,0.11379629499278962,0.0,0.0,0.0
1.415,0.2,0.19259561598300934,0.11379629499278962,0.0,0.0,0.0
1.416,0.2,0.1925962120294571,0.11379629499278962,0.0,0.0,0.0
1.417,0.2,0.19259680807590485,0.11379629499278962,0.0,0.0,0.0
1.418,0.2,0.1925974190235138,0.11379629499278962,0.0,0.0,0.0
1.419,0.2,0.19259801506996155,0.11379629499278962,0.0,0.0,0.0
1.42,0.2,0.1925986111164093,0.11379629499278962,0.0,0.0,0.0
1.421,0.2,0.19259920716285706,0.11379629499278962,0.0,0.0,0.0
1.422,0.2,0.192599818110466,0.11379629499278962,0.0,0.0,0.0
1.423,0.2,0.19260041415691376,0.11379629499278962,0.0,0.0,0.0
1.424,0.2,0.1926010102033615,0.11379629499278962,0.0,0.0,0.0
1.425,0.2,0.19260160624980927,0.11379629499278962,0.0,0.0,0.0
1.426,0.2,0.1926022171974182,0.11379629499278962,0.0,0.0,0.0
1.427,0.2,0.19260281324386597,0.11379629499278962,0.0,0.0,0.0
1.428,0.2,0.19260340929031372,0.11379629499278962,0.0,0.0,0.0
1.429,0.2,0.19260400533676147,0.11379629499278962,0.0,0.0,0.0
1.43,0.2,0.19260461628437042,0.11379629499278962,0.0,0.0,0.0
1.431,0.2,0.19260521233081818,0.11379629499278962,0.0,0.0,0.0
1.432,0.2,0.19260580837726593,0.11379629499278962,0.0,0.0,0.0
1.433,0.2,0.19260640442371368,0.11379629499278962,0.0,0.0,0.0
1.434,0.2,0.19260700047016144,0.11379629499278962,0.0,0.0,0.0
1.435,0.2,0.19260761141777039,0.11379629499278962,0.0,0.0,0.0
1.436,0.2,0.19260820746421814,0.11379629499278962,0.0,0.0,0.0
1.437,0.2,0.1926088035106659,0.11379629499278962,0.0,0.0,0.0
1.438,0.2,0.19260939955711365,0.11379629499278962,0.0,0.0,0.0
1.439,0.2,0.1926100105047226,0.11379629499278962,0.0,0.0,0.0
1.44,0.2,0.19261060655117035,0.11379629499278962,0.0,0.0,0.0
1.441,0.2,0.1926112025976181,0.11379629499278962,0.0,0.0,0.0
1.442,0.2,0.19261179864406586,0.11379629499278962,0.0,0.0,0.0
1.443,0.2,0.1926123946905136,0.11379629499278962,0.0,0.0,0.0
1.444,0.2,0.19261299073696136,0.11379629499278962,0.0,0.0,0.0
1.445,0.2,0.1926136016845703,0.11379629499278962,0.0,0.0,0.0
1.446,0.2,0.19261419773101807,0.11379629499278962,0.0,0.0,0.0
1.447,0.2,0.19261479377746582,0.11379629499278962,0.0,0.0,0.0
1.448,0.2,0.19261538982391357,0.11379629499278962,0.0,0.0,0.0
1.449,0.2,0.19261598587036133,0.11379629499278962,0.0,0.0,0.0
1.45,0.2,0.19261659681797028,0.11379629499278962,0.0,0.0,0.0
1.451,0.2,0.19261719286441803,0.11379629499278962,0.0,0.0,0.0
1.452,0.2,0.19261778891086578,0.11379629499278962,0.0,0.0,0.0
1.453,0.2,0.19261838495731354,0.11379629499278962,0.0,0.0,0.0
1.454,0.2,0.1926189810037613,0.11379629499278962,0.0,0.0,0.0
1.455,0.2,0.19261957705020905,0.11379629499278962,0.0,0.0,0.0
1.456,0.2,0.1926201730966568,0.11379629499278962,0.0,0.0,0.0
1.457,0.2,0.19262078404426575,0.11379629499278962,0.0,0.0,0.0
1.458,0.2,0.1926213800907135,0.11379629499278962,0.0,0.0,0.0
1.459,0.2,0.19262197613716125,0.11379629499278962,0.0,0.0,0.0
1.46,0.2,0.192622572183609,0.11379629499278962,0.0,0.0,0.0
1.461,0.2,0.19262316823005676,0.11379629499278962,0.0,0.0,0.0
1.462,0.2,0.19262376427650452,0.11379629499278962,0.0,0.0,0.0
1.463,0.2,0.19262436032295227,0.11379629499278962,0.0,0.0,0.0
1.464,0.2,0.19262497127056122,0.11379629499278962,0.0,0.0,0.0
1.465,0.2,0.19262556731700897,0.11379629499278962,0.0,0.0,0.0
1.466,0.2,0.19262616336345673,0.11379629499278962,0.0,0.0,0.0
1.467,0.2,0.19262675940990448,0.11379629499278962,0.0,0.0,0.0
1.468,0.2,0.19262735545635223,0.11379629499278962,0.0,0.0,0.0
1.469,0.2,0.1926279515028,0.11379629499278962,0.0,0.0,0.0
1.47,0.2,0.19262854754924774,0.11379629499278962,0.0,0.0,0.0
1.471,0.2,0.1926291435956955,0.11379629499278962,0.0,0.0,0.0
1.472,0.2,0.19262973964214325,0.11379629499278962,0.0,0.0,0.0
1.473,0.2,0.1926303505897522,0.11379629499278962,0.0,0.0,0.0
1.474,0.2,0.19263094663619995,0.11379629499278962,0.0,0.0,0.0
1.475,0.2,0.1926315426826477,0.11379629499278962,0.0,0.0,0.0
1.476,0.2,0.19263213872909546,0.11379629499278962,0.0,0.0,0.0
1.477,0.2,0.1926327347755432,0.11379629499278962,0.0,0.0,0.0
1.478,0.2,0.19263333082199097,0.11379629499278962,0.0,0.0,0.0
1.479,0.2,0.19263392686843872,0.11379629499278962,0.0,0.0,0.0
1.48,0.2,0.19263452291488647,0.11379629499278962,0.0,0.0,0.0
1.481,0.2,0.19263511896133423,0.11379629499278962,0.0,0.0,0.0
1.482,0.2,0.19263571500778198,0.11379629499278962,0.0,0.0,0.0
1.483,0.2,0.19263631105422974,0.11379629499278962,0.0,0.0,0.0
1.484,0.2,0.1926369071006775,0.11379629499278962,0.0,0.0,0.0
1.485,0.2,0.19263750314712524,0.11379629499278962,0.0,0.0,0.0
1.486,0.2,0.192638099193573,0.11379629499278962,0.0,0.0,0.0
1.487,0.2,0.19263869524002075,0.11379629499278962,0.0,0.0,0.0
1.488,0.2,0.1926393061876297,0.11379629499278962,0.0,0.0,0.0
1.489,0.2,0.19263990223407745,0.11379629499278962,0.0,0.0,0.0
1.49,0.2,0.1926404982805252,0.11379629499278962,0.0,0.0,0.0
1.491,0.2,0.19264109432697296,0.11379629499278962,0.0,0.0,0.0
1.492,0.2,0.19264169037342072,0.11379629499278962,0.0,0.0,0.0
1.493,0.2,0.19264228641986847,0.11379629499278962,0.0,0.0,0.0
1.494,0.2,0.19264288246631622,0.11379629499278962,0.0,0.0,0.0
1.495,0.2,0.19264347851276398,0.11379629499278962,0.0,0.0,0.0
1.496,0.2,0.19264407455921173,0.11379629499278962,0.0,0.0,0.0
1.497,0.2,0.19264467060565948,0.11379629499278962,0.0,0.0,0.0
1.498,0.2,0.19264526665210724,0.11379629499278962,0.0,0.0,0.0
1.499,0.2,0.192645862698555,0.11379629499278962,0.0,0.0,0.0
1.5,0.2,0.19264645874500275,0.11379629499278962,0.0,0.0,0.0
1.5010000000000001,0.2,0.1926470547914505,0.11379629499278962,0.0,0.0,0.0
1.502,0.2,0.19264765083789825,0.11379629499278962,0.0,0.0,0.0
1.5030000000000001,0.2,0.192648246884346,0.11379629499278962,0.0,0.0,0.0
1.504,0.2,0.19264884293079376,0.11379629499278962,0.0,0.0,0.0
1.5050000000000001,0.2,0.19264943897724152,0.11379629499278962,0.0,0.0,0.0
1.506,0.2,0.19265003502368927,0.11379629499278962,0.0,0.0,0.0
1.5070000000000001,0.2,0.19265061616897583,0.11379629499278962,0.0,0.0,0.0
1.508,0.2,0.19265121221542358,0.11379629499278962,0.0,0.0,0.0
1.5090000000000001,0.2,0.19265182316303253,0.11379629499278962,0.0,0.0,0.0
1.51,0.2,0.1926524043083191,0.11379629499278962,0.0,0.0,0.0
1.5110000000000001,0.2,0.19265300035476685,0.11379629499278962,0.0,0.0,0.0
1.512,0.2,0.1926535964012146,0.11379629499278962,0.0,0.0,0.0
1.5130000000000001,0.2,0.19265419244766235,0.11379629499278962,0.0,0.0,0.0
1.514,0.2,0.1926547884941101,0.11379629499278962,0.0,0.0,0.0
1.5150000000000001,0.2,0.19265538454055786,0.11379629499278962,0.0,0.0,0.0
1.516,0.2,0.19265598058700562,0.11379629499278962,0.0,0.0,0.0
1.5170000000000001,0.2,0.19265657663345337,0.11379629499278962,0.0,0.0,0.0
1.518,0.2,0.19265717267990112,0.11379629499278962,0.0,0.0,0.0
1.5190000000000001,0.2,0.19265776872634888,0.11379629499278962,0.0,0.0,0.0
1.52,0.2,0.19265836477279663,0.11379629499278962,0.0,0.0,0.0
1.5210000000000001,0.2,0.19265896081924438,0.11379629499278962,0.0,0.0,0.0
1.522,0.2,0.19265955686569214,0.11379629499278962,0.0,0.0,0.0
1.5230000000000001,0.2,0.1926601529121399,0.11379629499278962,0.0,0.0,0.0
1.524,0.2,0.19266074895858765,0.11379629499278962,0.0,0.0,0.0
1.5250000000000001,0.2,0.1926613450050354,0.11379629499278962,0.0,0.0,0.0
1.526,0.2,0.19266194105148315,0.11379629499278962,0.0,0.0,0.0
1.5270000000000001,0.2,0.1926625370979309,0.11379629499278962,0.0,0.0,0.0
1.528,0.2,0.19266313314437866,0.11379629499278962,0.0,0.0,0.0
1.5290000000000001,0.2,0.19266371428966522,0.11379629499278962,0.0,0.0,0.0
1.53,0.2,0.19266431033611298,0.11379629499278962,0.0,0.0,0.0
1.5310000000000001,0.2,0.19266490638256073,0.11379629499278962,0.0,0.0,0.0
1.532,0.2,0.19266550242900848,0.11379629499278962,0.0,0.0,0.0
1.5330000000000001,0.2,0.19266609847545624,0.11379629499278962,0.0,0.0,0.0
1.534,0.2,0.192666694521904,0.11379629499278962,0.0,0.0,0.0
1.5350000000000001,0.2,0.19266729056835175,0.11379629499278962,0.0,0.0,0.0
1.536,0.2,0.1926678866147995,0.11379629499278962,0.0,0.0,0.0
1.537,0.2,0.19266848266124725,0.11379629499278962,0.0,0.0,0.0
1.538,0.2,0.192669078707695,0.11379629499278962,0.0,0.0,0.0
1.539,0.2,0.19266965985298157,0.11379629499278962,0.0,0.0,0.0
1.54,0.2,0.19267025589942932,0.11379629499278962,0.0,0.0,0.0
1.541,0.2,0.19267085194587708,0.11379629499278962,0.0,0.0,0.0
1.542,0.2,0.19267144799232483,0.11379629499278962,0.0,0.0,0.0
1.543,0.2,0.19267204403877258,0.11379629499278962,0.0,0.0,0.0
1.544,0.2,0.19267264008522034,0.11379629499278962,0.0,0.0,0.0
1.545,0.2,0.1926732361316681,0.11379629499278962,0.0,0.0,0.0
1.546,0.2,0.19267381727695465,0.11379629499278962,0.0,0.0,0.0
1.547,0.2,0.1926744133234024,0.11379629499278962,0.0,0.0,0.0
1.548,0.2,0.19267500936985016,0.11379629499278962,0.0,0.0,0.0
1.549,0.2,0.1926756054162979,0.11379629499278962,0.0,0.0,0.0
1.55,0.2,0.19267620146274567,0.11379629499278962,0.0,0.0,0.0
1.551,0.2,0.19267679750919342,0.11379629499278962,0.0,0.0,0.0
1.552,0.2,0.19267739355564117,0.11379629499278962,0.0,0.0,0.0
1.553,0.2,0.19267797470092773,0.11379629499278962,0.0,0.0,0.0
1.554,0.2,0.1926785707473755,0.11379629499278962,0.0,0.0,0.0
1.555,0.2,0.19267916679382324,0.11379629499278962,0.0,0.0,0.0
1.556,0.2,0.192679762840271,0.11379629499278962,0.0,0.0,0.0
1.557,0.2,0.19268035888671875,0.11379629499278962,0.0,0.0,0.0
1.558,0.2,0.1926809400320053,0.11379629499278962,0.0,0.0,0.0
1.559,0.2,0.19268153607845306,0.11379629499278962,0.0,0.0,0.0
1.56,0.2,0.19268213212490082,0.11379629499278962,0.0,0.0,0.0
1.561,0.2,0.19268272817134857,0.11379629499278962,0.0,0.0,0.0
1.562,0.2,0.19268332421779633,0.11379629499278962,0.0,0.0,0.0
1.563,0.2,0.19268390536308289,0.11379629499278962,0.0,0.0,0.0
1.564,0.2,0.19268450140953064,0.11379629499278962,0.0,0.0,0.0
1.565,0.2,0.1926850974559784,0.11379629499278962,0.0,0.0,0.0
1.566,0.2,0.19268569350242615,0.11379629499278962,0.0,0.0,0.0
1.567,0.2,0.1926862895488739,0.11379629499278962,0.0,0.0,0.0
1.568,0.2,0.19268687069416046,0.11379629499278962,0.0,0.0,0.0
1.569,0.2,0.19268746674060822,0.11379629499278962,0.0,0.0,0.0
1.57,0.2,0.19268806278705597,0.11379629499278962,0.0,0.0,0.0
1.571,0.2,0.19268865883350372,0.11379629499278962,0.0,0.0,0.0
1.572,0.2,0.19268925487995148,0.11379629499278962,0.0,0.0,0.0
1.573,0.2,0.19268983602523804,0.11379629499278962,0.0,0.0,0.0
1.574,0.2,0.1926904320716858,0.11379629499278962,0.0,0.0,0.0
1.575,0.2,0.19269102811813354,0.11379629499278962,0.0,0.0,0.0
1.576,0.2,0.1926916241645813,0.11379629499278962,0.0,0.0,0.0
1.577,0.2,0.19269220530986786,0.11379629499278962,0.0,0.0,0.0
1.578,0.2,0.1926928013563156,0.11379629499278962,0.0,0.0,0.0
1.579,0.2,0.19269339740276337,0.11379629499278962,0.0,0.0,0.0
1.58,0.2,0.19269399344921112,0.11379629499278962,0.0,0.0,0.0
1.581,0.2,0.19269457459449768,0.11379629499278962,0.0,0.0,0.0
1.582,0.2,0.19269517064094543,0.11379629499278962,0.0,0.0,0.0
1.583,0.2,0.1926957666873932,0.11379629499278962,0.0,0.0,0.0
1.584,0.2,0.19269636273384094,0.11379629499278962,0.0,0.0,0.0
1.585,0.2,0.1926969438791275,0.11379629499278962,0.0,0.0,0.0
1.586,0.2,0.19269753992557526,0.11379629499278962,0.0,0.0,0.0
1.587,0.2,0.192698135972023,0.11379629499278962,0.0,0.0,0.0
1.588,0.2,0.19269871711730957,0.11379629499278962,0.0,0.0,0.0
1.589,0.2,0.19269931316375732,0.11379629499278962,0.0,0.0,0.0
1.59,0.2,0.19269990921020508,0.11379629499278962,0.0,0.0,0.0
1.591,0.2,0.19270050525665283,0.11379629499278962,0.0,0.0,0.0
1.592,0.2,0.1927010864019394,0.11379629499278962,0.0,0.0,0.0
1.593,0.2,0.19270168244838715,0.11379629499278962,0.0,0.0,0.0
1.594,0.2,0.1927022784948349,0.11379629499278962,0.0,0.0,0.0
1.595,0.2,0.19270285964012146,0.11379629499278962,0.0,0.0,0.0
1.596,0.2,0.1927034556865692,0.11379629499278962,0.0,0.0,0.0
1.597,0.2,0.19270405173301697,0.11379629499278962,0.0,0.0,0.0
1.598,0.2,0.19270463287830353,0.11379629499278962,0.0,0.0,0.0
1.599,0.2,0.19270522892475128,0.11379629499278962,0.0,0.0,0.0
1.6,0.2,0.19270582497119904,0.11379629499278962,0.0,0.0,0.0
1.601,0.2,0.1927064210176468,0.11379629499278962,0.0,0.0,0.0
1.602,0.2,0.19270700216293335,0.11379629499278962,0.0,0.0,0.0
1.603,0.2,0.1927075982093811,0.11379629499278962,0.0,0.0,0.0
1.604,0.2,0.19270819425582886,0.11379629499278962,0.0,0.0,0.0
1.605,0.2,0.19270877540111542,0.11379629499278962,0.0,0.0,0.0
1.606,0.2,0.19270937144756317,0.11379629499278962,0.0,0.0,0.0
1.607,0.2,0.19270995259284973,0.11379629499278962,0.0,0.0,0.0
1.608,0.2,0.19271054863929749,0.11379629499278962,0.0,0.0,0.0
1.609,0.2,0.19271114468574524,0.11379629499278962,0.0,0.0,0.0
1.61,0.2,0.1927117258310318,0.11379629499278962,0.0,0.0,0.0
1.611,0.2,0.19271232187747955,0.11379629499278962,0.0,0.0,0.0
1.612,0.2,0.1927129179239273,0.11379629499278962,0.0,0.0,0.0
1.613,0.2,0.19271349906921387,0.11379629499278962,0.0,0.0,0.0
1.614,0.2,0.19271409511566162,0.11379629499278962,0.0,0.0,0.0
1.615,0.2,0.19271469116210938,0.11379629499278962,0.0,0.0,0.0
1.616,0.2,0.19271527230739594,0.11379629499278962,0.0,0.0,0.0
1.617,0.2,0.1927158683538437,0.11379629499278962,0.0,0.0,0.0
1.618,0.2,0.19271646440029144,0.11379629499278962,0.0,0.0,0.0
1.619,0.2,0.192717045545578,0.11379629499278962,0.0,0.0,0.0
1.62,0.2,0.19271764159202576,0.11379629499278962,0.0,0.0,0.0
1.621,0.2,0.19271822273731232,0.11379629499278962,0.0,0.0,0.0
1.622,0.2,0.19271881878376007,0.11379629499278962,0.0,0.0,0.0
1.623,0.2,0.19271941483020782,0.11379629499278962,0.0,0.0,0.0
1.624,0.2,0.19271999597549438,0.11379629499278962,0.0,0.0,0.0
1.625,0.2,0.19272059202194214,0.11379629499278962,0.0,0.0,0.0
1.6260000000000001,0.2,0.1927211731672287,0.11379629499278962,0.0,0.0,0.0
1.627,0.2,0.19272176921367645,0.11379629499278962,0.0,0.0,0.0
1.6280000000000001,0.2,0.1927223652601242,0.11379629499278962,0.0,0.0,0.0
1.629,0.2,0.19272294640541077,0.11379629499278962,0.0,0.0,0.0
1.6300000000000001,0.2,0.19272354245185852,0.11379629499278962,0.0,0.0,0.0
1.631,0.2,0.19272412359714508,0.11379629499278962,0.0,0.0,0.0
1.6320000000000001,0.2,0.19272471964359283,0.11379629499278962,0.0,0.0,0.0
1.633,0.2,0.1927253156900406,0.11379629499278962,0.0,0.0,0.0
1.6340000000000001,0.2,0.19272589683532715,0.11379629499278962,0.0,0.0,0.0
1.635,0.2,0.1927264928817749,0.11379629499278962,0.0,0.0,0.0
1.6360000000000001,0.2,0.19272707402706146,0.11379629499278962,0.0,0.0,0.0
1.637,0.2,0.19272767007350922,0.11379629499278962,0.0,0.0,0.0
1.6380000000000001,0.2,0.19272825121879578,0.11379629499278962,0.0,0.0,0.0
1.639,0.2,0.19272884726524353,0.11379629499278962,0.0,0.0,0.0
1.6400000000000001,0.2,0.1927294284105301,0.11379629499278962,0.0,0.0,0.0
1.641,0.2,0.19273002445697784,0.11379629499278962,0.0,0.0,0.0
1.6420000000000001,0.2,0.1927306205034256,0.11379629499278962,0.0,0.0,0.0
1.643,0.2,0.19273120164871216,0.11379629499278962,0.0,0.0,0.0
1.6440000000000001,0.2,0.1927317976951599,0.11379629499278962,0.0,0.0,0.0
1.645,0.2,0.19273237884044647,0.11379629499278962,0.0,0.0,0.0
1.6460000000000001,0.2,0.19273297488689423,0.11379629499278962,0.0,0.0,0.0
1.647,0.2,0.1927335560321808,0.11379629499278962,0.0,0.0,0.0
1.6480000000000001,0.2,0.19273415207862854,0.11379629499278962,0.0,0.0,0.0
1.649,0.2,0.1927347332239151,0.11379629499278962,0.0,0.0,0.0
1.6500000000000001,0.2,0.19273532927036285,0.11379629499278962,0.0,0.0,0.0
1.651,0.2,0.19273591041564941,0.11379629499278962,0.0,0.0,0.0
1.6520000000000001,0.2,0.19273650646209717,0.11379629499278962,0.0,0.0,0.0
1.653,0.2,0.19273708760738373,0.11379629499278962,0.0,0.0,0.0
1.6540000000000001,0.2,0.19273768365383148,0.11379629499278962,0.0,0.0,0.0
1.655,0.2,0.19273826479911804,0.11379629499278962,0.0,0.0,0.0
1.6560000000000001,0.2,0.1927388608455658,0.11379629499278962,0.0,0.0,0.0
1.657,0.2,0.19273944199085236,0.11379629499278962,0.0,0.0,0.0
1.6580000000000001,0.2,0.1927400380373001,0.11379629499278962,0.0,0.0,0.0
1.659,0.2,0.19274061918258667,0.11379629499278962,0.0,0.0,0.0
1.6600000000000001,0.2,0.19274121522903442,0.11379629499278962,0.0,0.0,0.0
1.661,0.2,0.19274179637432098,0.11379629499278962,0.0,0.0,0.0
1.6620000000000001,0.2,0.19274239242076874,0.11379629499278962,0.0,0.0,0.0
1.663,0.2,0.1927429735660553,0.11379629499278962,0.0,0.0,0.0
1.6640000000000001,0.2,0.19274356961250305,0.11379629499278962,0.0,0.0,0.0
1.665,0.2,0.1927441507577896,0.11379629499278962,0.0,0.0,0.0
1.666,0.2,0.19274474680423737,0.11379629499278962,0.0,0.0,0.0
1.667,0.2,0.19274532794952393,0.11379629499278962,0.0,0.0,0.0
1.668,0.2,0.19274592399597168,0.11379629499278962,0.0,0.0,0.0
1.669,0.2,0.19274650514125824,0.11379629499278962,0.0,0.0,0.0
1.67,0.2,0.192747101187706,0.11379629499278962,0.0,0.0,0.0
1.671,0.2,0.19274768233299255,0.11379629499278962,0.0,0.0,0.0
1.672,0.2,0.1927482634782791,0.11379629499278962,0.0,0.0,0.0
1.673,0.2,0.19274885952472687,0.11379629499278962,0.0,0.0,0.0
1.674,0.2,0.19274944067001343,0.11379629499278962,0.0,0.0,0.0
1.675,0.2,0.19275003671646118,0.11379629499278962,0.0,0.0,0.0
1.676,0.2,0.19275061786174774,0.11379629499278962,0.0,0.0,0.0
1.677,0.2,0.1927512139081955,0.11379629499278962,0.0,0.0,0.0
1.678,0.2,0.19275179505348206,0.11379629499278962,0.0,0.0,0.0
1.679,0.2,0.19275237619876862,0.11379629499278962,0.0,0.0,0.0
1.68,0.2,0.19275297224521637,0.11379629499278962,0.0,0.0,0.0
1.681,0.2,0.19275355339050293,0.11379629499278962,0.0,0.0,0.0
1.682,0.2,0.19275414943695068,0.11379629499278962,0.0,0.0,0.0
1.683,0.2,0.19275473058223724,0.11379629499278962,0.0,0.0,0.0
1.684,0.2,0.192755326628685,0.11379629499278962,0.0,0.0,0.0
1.685,0.2,0.19275590777397156,0.11379629499278962,0.0,0.0,0.0
1.686,0.2,0.19275648891925812,0.11379629499278962,0.0,0.0,0.0
1.687,0.2,0.19275708496570587,0.11379629499278962,0.0,0.0,0.0
1.688,0.2,0.19275766611099243,0.11379629499278962,0.0,0.0,0.0
1.689,0.2,0.19275826215744019,0.11379629499278962,0.0,0.0,0.0
1.69,0.2,0.19275884330272675,0.11379629499278962,0.0,0.0,0.0
1.691,0.2,0.1927594244480133,0.11379629499278962,0.0,0.0,0.0
1.692,0.2,0.19276002049446106,0.11379629499278962,0.0,0.0,0.0
1.693,0.2,0.19276060163974762,0.11379629499278962,0.0,0.0,0.0
1.694,0.2,0.19276119768619537,0.11379629499278962,0.0,0.0,0.0
1.695,0.2,0.19276177883148193,0.11379629499278962,0.0,0.0,0.0
1.696,0.2,0.1927623599767685,0.11379629499278962,0.0,0.0,0.0
1.697,0.2,0.19276295602321625,0.11379629499278962,0.0,0.0,0.0
1.698,0.2,0.1927635371685028,0.11379629499278962,0.0,0.0,0.0
1.699,0.2,0.19276411831378937,0.11379629499278962,0.0,0.0,0.0
1.7,0.2,0.19276471436023712,0.11379629499278962,0.0,0.0,0.0
1.701,0.2,0.19276529550552368,0.11379629499278962,0.0,0.0,0.0
1.702,0.2,0.19276587665081024,0.11379629499278962,0.0,0.0,0.0
1.703,0.2,0.192766472697258,0.11379629499278962,0.0,0.0,0.0
1.704,0.2,0.19276705384254456,0.11379629499278962,0.0,0.0,0.0
1.705,0.2,0.19276763498783112,0.11379629499278962,0.0,0.0,0.0
1.706,0.2,0.19276823103427887,0.11379629499278962,0.0,0.0,0.0
1.707,0.2,0.19276881217956543,0.11379629499278962,0.0,0.0,0.0
1.708,0.2,0.19276940822601318,0.11379629499278962,0.0,0.0,0.0
1.709,0.2,0.19276998937129974,0.11379629499278962,0.0,0.0,0.0
1.71,0.2,0.1927705705165863,0.11379629499278962,0.0,0.0,0.0
1.711,0.2,0.19277115166187286,0.11379629499278962,0.0,0.0,0.0
1.712,0.2,0.19277174770832062,0.11379629499278962,0.0,0.0,0.0
1.713,0.2,0.19277232885360718,0.11379629499278962,0.0,0.0,0.0
1.714,0.2,0.19277290999889374,0.11379629499278962,0.0,0.0,0.0
1.715,0.2,0.1927735060453415,0.11379629499278962,0.0,0.0,0.0
1.716,0.2,0.19277408719062805,0.11379629499278962,0.0,0.0,0.0
1.717,0.2,0.1927746683359146,0.11379629499278962,0.0,0.0,0.0
1.718,0.2,0.19277526438236237,0.11379629499278962,0.0,0.0,0.0
1.719,0.2,0.19277584552764893,0.11379629499278962,0.0,0.0,0.0
1.72,0.2,0.19277642667293549,0.11379629499278962,0.0,0.0,0.0
1.721,0.2,0.19277702271938324,0.11379629499278962,0.0,0.0,0.0
1.722,0.2,0.1927776038646698,0.11379629499278962,0.0,0.0,0.0
1.723,0.2,0.19277818500995636,0.11379629499278962,0.0,0.0,0.0
1.724,0.2,0.19277876615524292,0.11379629499278962,0.0,0.0,0.0
1.725,0.2,0.19277936220169067,0.11379629499278962,0.0,0.0,0.0
1.726,0.2,0.19277994334697723,0.11379629499278962,0.0,0.0,0.0
1.727,0.2,0.1927805244922638,0.11379629499278962,0.0,0.0,0.0
1.728,0.2,0.19278112053871155,0.11379629499278962,0.0,0.0,0.0
1.729,0.2,0.1927817016839981,0.11379629499278962,0.0,0.0,0.0
1.73,0.2,0.19278228282928467,0.11379629499278962,0.0,0.0,0.0
1.731,0.2,0.19278286397457123,0.11379629499278962,0.0,0.0,0.0
1.732,0.2,0.19278346002101898,0.11379629499278962,0.0,0.0,0.0
1.733,0.2,0.19278404116630554,0.11379629499278962,0.0,0.0,0.0
1.734,0.2,0.1927846223115921,0.11379629499278962,0.0,0.0,0.0
1.735,0.2,0.19278520345687866,0.11379629499278962,0.0,0.0,0.0
1.736,0.2,0.19278579950332642,0.11379629499278962,0.0,0.0,0.0
1.737,0.2,0.19278638064861298,0.11379629499278962,0.0,0.0,0.0
1.738,0.2,0.19278696179389954,0.11379629499278962,0.0,0.0,0.0
1.739,0.2,0.1927875429391861,0.11379629499278962,0.0,0.0,0.0
1.74,0.2,0.19278813898563385,0.11379629499278962,0.0,0.0,0.0
1.741,0.2,0.1927887201309204,0.11379629499278962,0.0,0.0,0.0
1.742,0.2,0.19278930127620697,0.11379629499278962,0.0,0.0,0.0
1.743,0.2,0.19278988242149353,0.11379629499278962,0.0,0.0,0.0
1.744,0.2,0.1927904635667801,0.11379629499278962,0.0,0.0,0.0
1.745,0.2,0.19279105961322784,0.11379629499278962,0.0,0.0,0.0
1.746,0.2,0.1927916407585144,0.11379629499278962,0.0,0.0,0.0
1.747,0.2,0.19279222190380096,0.11379629499278962,0.0,0.0,0.0
1.748,0.2,0.19279280304908752,0.11379629499278962,0.0,0.0,0.0
1.749,0.2,0.19279338419437408,0.11379629499278962,0.0,0.0,0.0
1.75,0.2,0.19279398024082184,0.11379629499278962,0.0,0.0,0.0
1.7510000000000001,0.2,0.1927945613861084,0.11379629499278962,0.0,0.0,0.0
1.752,0.2,0.19279514253139496,0.11379629499278962,0.0,0.0,0.0
1.7530000000000001,0.2,0.19279572367668152,0.11379629499278962,0.0,0.0,0.0
1.754,0.2,0.19279630482196808,0.11379629499278962,0.0,0.0,0.0
1.7550000000000001,0.2,0.19279690086841583,0.11379629499278962,0.0,0.0,0.0
1.756,0.2,0.1927974820137024,0.11379629499278962,0.0,0.0,0.0
1.7570000000000001,0.2,0.19279806315898895,0.11379629499278962,0.0,0.0,0.0
1.758,0.2,0.1927986443042755,0.11379629499278962,0.0,0.0,0.0
1.7590000000000001,0.2,0.19279922544956207,0.11379629499278962,0.0,0.0,0.0
1.76,0.2,0.19279982149600983,0.11379629499278962,0.0,0.0,0.0
1.7610000000000001,0.2,0.1928004026412964,0.11379629499278962,0.0,0.0,0.0
1.762,0.2,0.19280098378658295,0.11379629499278962,0.0,0.0,0.0
1.7630000000000001,0.2,0.1928015649318695,0.11379629499278962,0.0,0.0,0.0
1.764,0.2,0.19280214607715607,0.11379629499278962,0.0,0.0,0.0
1.7650000000000001,0.2,0.19280272722244263,0.11379629499278962,0.0,0.0,0.0
1.766,0.2,0.1928033083677292,0.11379629499278962,0.0,0.0,0.0
1.7670000000000001,0.2,0.19280390441417694,0.11379629499278962,0.0,0.0,0.0
1.768,0.2,0.1928044855594635,0.11379629499278962,0.0,0.0,0.0
1.7690000000000001,0.2,0.19280506670475006,0.11379629499278962,0.0,0.0,0.0
1.77,0.2,0.19280564785003662,0.11379629499278962,0.0,0.0,0.0
1.7710000000000001,0.2,0.19280622899532318,0.11379629499278962,0.0,0.0,0.0
1.772,0.2,0.19280681014060974,0.11379629499278962,0.0,0.0,0.0
1.7730000000000001,0.2,0.1928073912858963,0.11379629499278962,0.0,0.0,0.0
1.774,0.2,0.19280798733234406,0.11379629499278962,0.0,0.0,0.0
1.7750000000000001,0.2,0.19280856847763062,0.11379629499278962,0.0,0.0,0.0
1.776,0.2,0.19280914962291718,0.11379629499278962,0.0,0.0,0.0
1.7770000000000001,0.2,0.19280973076820374,0.11379629499278962,0.0,0.0,0.0
1.778,0.2,0.1928103119134903,0.11379629499278962,0.0,0.0,0.0
1.7790000000000001,0.2,0.19281089305877686,0.11379629499278962,0.0,0.0,0.0
1.78,0.2,0.19281147420406342,0.11379629499278962,0.0,0.0,0.0
1.7810000000000001,0.2,0.19281205534934998,0.11379629499278962,0.0,0.0,0.0
1.782,0.2,0.19281263649463654,0.11379629499278962,0.0,0.0,0.0
1.7830000000000001,0.2,0.1928132325410843,0.11379629499278962,0.0,0.0,0.0
1.784,0.2,0.19281381368637085,0.11379629499278962,0.0,0.0,0.0
1.7850000000000001,0.2,0.1928143948316574,0.11379629499278962,0.0,0.0,0.0
1.786,0.2,0.19281497597694397,0.11379629499278962,0.0,0.0,0.0
1.7870000000000001,0.2,0.19281555712223053,0.11379629499278962,0.0,0.0,0.0
1.788,0.2,0.1928161382675171,0.11379629499278962,0.0,0.0,0.0
1.7890000000000001,0.2,0.19281671941280365,0.11379629499278962,0.0,0.0,0.0
1.79,0.2,0.1928173005580902,0.11379629499278962,0.0,0.0,0.0
1.7910000000000001,0.2,0.19281788170337677,0.11379629499278962,0.0,0.0,0.0
1.792,0.2,0.19281846284866333,0.11379629499278962,0.0,0.0,0.0
1.793,0.2,0.1928190439939499,0.11379629499278962,0.0,0.0,0.0
1.794,0.2,0.19281962513923645,0.11379629499278962,0.0,0.0,0.0
1.795,0.2,0.192820206284523,0.11379629499278962,0.0,0.0,0.0
1.796,0.2,0.19282080233097076,0.11379629499278962,0.0,0.0,0.0
1.797,0.2,0.19282138347625732,0.11379629499278962,0.0,0.0,0.0
1.798,0.2,0.19282196462154388,0.11379629499278962,0.0,0.0,0.0
1.799,0.2,0.19282254576683044,0.11379629499278962,0.0,0.0,0.0
1.8,0.2,0.192823126912117,0.11379629499278962,0.0,0.0,0.0
1.801,0.2,0.19282370805740356,0.11379629499278962,0.0,0.0,0.0
1.802,0.2,0.19282428920269012,0.11379629499278962,0.0,0.0,0.0
1.803,0.2,0.19282487034797668,0.11379629499278962,0.0,0.0,0.0
1.804,0.2,0.19282545149326324,0.11379629499278962,0.0,0.0,0.0
1.805,0.2,0.1928260326385498,0.11379629499278962,0.0,0.0,0.0
1.806,0.2,0.19282661378383636,0.11379629499278962,0.0,0.0,0.0
1.807,0.2,0.19282719492912292,0.11379629499278962,0.0,0.0,0.0
1.808,0.2,0.19282777607440948,0.11379629499278962,0.0,0.0,0.0
1.809,0.2,0.19282835721969604,0.11379629499278962,0.0,0.0,0.0
1.81,0.2,0.1928289383649826,0.11379629499278962,0.0,0.0,0.0
1.811,0.2,0.19282951951026917,0.11379629499278962,0.0,0.0,0.0
1.812,0.2,0.19283010065555573,0.11379629499278962,0.0,0.0,0.0
1.813,0.2,0.19283068180084229,0.11379629499278962,0.0,0.0,0.0
1.814,0.2,0.19283126294612885,0.11379629499278962,0.0,0.0,0.0
1.815,0.2,0.1928318440914154,0.11379629499278962,0.0,0.0,0.0
1.816,0.2,0.19283242523670197,0.11379629499278962,0.0,0.0,0.0
1.817,0.2,0.19283300638198853,0.11379629499278962,0.0,0.0,0.0
1.818,0.2,0.19283358752727509,0.11379629499278962,0.0,0.0,0.0
1.819,0.2,0.19283416867256165,0.11379629499278962,0.0,0.0,0.0
1.82,0.2,0.1928347498178482,0.11379629499278962,0.0,0.0,0.0
1.821,0.2,0.19283533096313477,0.11379629499278962,0.0,0.0,0.0
1.822,0.2,0.19283591210842133,0.11379629499278962,0.0,0.0,0.0
1.823,0.2,0.19283649325370789,0.11379629499278962,0.0,0.0,0.0
1.824,0.2,0.19283707439899445,0.11379629499278962,0.0,0.0,0.0
1.825,0.2,0.192837655544281,0.11379629499278962,0.0,0.0,0.0
1.826,0.2,0.19283823668956757,0.11379629499278962,0.0,0.0,0.0
1.827,0.2,0.19283880293369293,0.11379629499278962,0.0,0.0,0.0
1.828,0.2,0.1928393840789795,0.11379629499278962,0.0,0.0,0.0
1.829,0.2,0.19283996522426605,0.11379629499278962,0.0,0.0,0.0
1.83,0.2,0.1928405463695526,0.11379629499278962,0.0,0.0,0.0
1.831,0.2,0.19284112751483917,0.11379629499278962,0.0,0.0,0.0
1.832,0.2,0.19284170866012573,0.11379629499278962,0.0,0.0,0.0
1.833,0.2,0.1928422898054123,0.11379629499278962,0.0,0.0,0.0
1.834,0.2,0.19284287095069885,0.11379629499278962,0.0,0.0,0.0
1.835,0.2,0.1928434520959854,0.11379629499278962,0.0,0.0,0.0
1.836,0.2,0.19284403324127197,0.11379629499278962,0.0,0.0,0.0
1.837,0.2,0.19284461438655853,0.11379629499278962,0.0,0.0,0.0
1.838,0.2,0.1928451955318451,0.11379629499278962,0.0,0.0,0.0
1.839,0.2,0.19284577667713165,0.11379629499278962,0.0,0.0,0.0
1.84,0.2,0.1928463578224182,0.11379629499278962,0.0,0.0,0.0
1.841,0.2,0.19284693896770477,0.11379629499278962,0.0,0.0,0.0
1.842,0.2,0.19284752011299133,0.11379629499278962,0.0,0.0,0.0
1.843,0.2,0.1928481012582779,0.11379629499278962,0.0,0.0,0.0
1.844,0.2,0.19284866750240326,0.11379629499278962,0.0,0.0,0.0
1.845,0.2,0.19284924864768982,0.11379629499278962,0.0,0.0,0.0
1.846,0.2,0.19284982979297638,0.11379629499278962,0.0,0.0,0.0
1.847,0.2,0.19285041093826294,0.11379629499278962,0.0,0.0,0.0
1.848,0.2,0.1928509920835495,0.11379629499278962,0.0,0.0,0.0
1.849,0.2,0.19285157322883606,0.11379629499278962,0.0,0.0,0.0
1.85,0.2,0.19285215437412262,0.11379629499278962,0.0,0.0,0.0
1.851,0.2,0.19285273551940918,0.11379629499278962,0.0,0.0,0.0
1.852,0.2,0.19285331666469574,0.11379629499278962,0.0,0.0,0.0
1.853,0.2,0.1928538829088211,0.11379629499278962,0.0,0.0,0.0
1.854,0.2,0.19285446405410767,0.11379629499278962,0.0,0.0,0.0
1.855,0.2,0.19285504519939423,0.11379629499278962,0.0,0.0,0.0
1.856,0.2,0.1928556263446808,0.11379629499278962,0.0,0.0,0.0
1.857,0.2,0.19285620748996735,0.11379629499278962,0.0,0.0,0.0
1.858,0.2,0.1928567886352539,0.11379629499278962,0.0,0.0,0.0
1.859,0.2,0.19285736978054047,0.11379629499278962,0.0,0.0,0.0
1.86,0.2,0.19285793602466583,0.11379629499278962,0.0,0.0,0.0
1.861,0.2,0.1928585171699524,0.11379629499278962,0.0,0.0,0.0
1.862,0.2,0.19285909831523895,0.11379629499278962,0.0,0.0,0.0
1.863,0.2,0.1928596794605255,0.11379629499278962,0.0,0.0,0.0
1.864,0.2,0.19286026060581207,0.11379629499278962,0.0,0.0,0.0
1.865,0.2,0.19286084175109863,0.11379629499278962,0.0,0.0,0.0
1.866,0.2,0.1928614228963852,0.11379629499278962,0.0,0.0,0.0
1.867,0.2,0.19286198914051056,0.11379629499278962,0.0,0.0,0.0
1.868,0.2,0.19286257028579712,0.11379629499278962,0.0,0.0,0.0
1.869,0.2,0.19286315143108368,0.11379629499278962,0.0,0.0,0.0
1.87,0.2,0.19286373257637024,0.11379629499278962,0.0,0.0,0.0
1.871,0.2,0.1928643137216568,0.11379629499278962,0.0,0.0,0.0
1.872,0.2,0.19286487996578217,0.11379629499278962,0.0,0.0,0.0
1.873,0.2,0.19286546111106873,0.11379629499278962,0.0,0.0,0.0
1.874,0.2,0.19286604225635529,0.11379629499278962,0.0,0.0,0.0
1.875,0.2,0.19286662340164185,0.11379629499278962,0.0,0.0,0.0
1.8760000000000001,0.2,0.1928672045469284,0.11379629499278962,0.0,0.0,0.0
1.877,0.2,0.19286777079105377,0.11379629499278962,0.0,0.0,0.0
1.8780000000000001,0.2,0.19286835193634033,0.11379629499278962,0.0,0.0,0.0
1.879,0.2,0.1928689330816269,0.11379629499278962,0.0,0.0,0.0
1.8800000000000001,0.2,0.19286951422691345,0.11379629499278962,0.0,0.0,0.0
1.881,0.2,0.1928700953722,0.11379629499278962,0.0,0.0,0.0
1.8820000000000001,0.2,0.19287066161632538,0.11379629499278962,0.0,0.0,0.0
1.883,0.2,0.19287124276161194,0.11379629499278962,0.0,0.0,0.0
1.8840000000000001,0.2,0.1928718239068985,0.11379629499278962,0.0,0.0,0.0
1.885,0.2,0.19287240505218506,0.11379629499278962,0.0,0.0,0.0
1.8860000000000001,0.2,0.19287298619747162,0.11379629499278962,0.0,0.0,0.0
1.887,0.2,0.19287355244159698,0.11379629499278962,0.0,0.0,0.0
1.8880000000000001,0.2,0.19287413358688354,0.11379629499278962,0.0,0.0,0.0
1.889,0.2,0.1928747147321701,0.11379629499278962,0.0,0.0,0.0
1.8900000000000001,0.2,0.19287529587745667,0.11379629499278962,0.0,0.0,0.0
1.891,0.2,0.19287586212158203,0.11379629499278962,0.0,0.0,0.0
1.8920000000000001,0.2,0.1928764432668686,0.11379629499278962,0.0,0.0,0.0
1.893,0.2,0.19287702441215515,0.11379629499278962,0.0,0.0,0.0
1.8940000000000001,0.2,0.1928776055574417,0.11379629499278962,0.0,0.0,0.0
1.895,0.2,0.19287817180156708,0.11379629499278962,0.0,0.0,0.0
1.8960000000000001,0.2,0.19287875294685364,0.11379629499278962,0.0,0.0,0.0
1.897,0.2,0.1928793340921402,0.11379629499278962,0.0,0.0,0.0
1.8980000000000001,0.2,0.19287991523742676,0.11379629499278962,0.0,0.0,0.0
1.899,0.2,0.19288048148155212,0.11379629499278962,0.0,0.0,0.0
1.9000000000000001,0.2,0.19288106262683868,0.11379629499278962,0.0,0.0,0.0
1.901,0.2,0.19288164377212524,0.11379629499278962,0.0,0.0,0.0
1.9020000000000001,0.2,0.1928822100162506,0.11379629499278962,0.0,0.0,0.0
1.903,0.2,0.19288279116153717,0.11379629499278962,0.0,0.0,0.0
1.9040000000000001,0.2,0.19288337230682373,0.11379629499278962,0.0,0.0,0.0
1.905,0.2,0.1928839534521103,0.11379629499278962,0.0,0.0,0.0
1.9060000000000001,0.2,0.19288451969623566,0.11379629499278962,0.0,0.0,0.0
1.907,0.2,0.19288510084152222,0.11379629499278962,0.0,0.0,0.0
1.9080000000000001,0.2,0.19288568198680878,0.11379629499278962,0.0,0.0,0.0
1.909,0.2,0.19288624823093414,0.11379629499278962,0.0,0.0,0.0
1.9100000000000001,0.2,0.1928868293762207,0.11379629499278962,0.0,0.0,0.0
1.911,0.2,0.19288741052150726,0.11379629499278962,0.0,0.0,0.0
1.9120000000000001,0.2,0.19288799166679382,0.11379629499278962,0.0,0.0,0.0
1.913,0.2,0.1928885579109192,0.11379629499278962,0.0,0.0,0.0
1.9140000000000001,0.2,0.19288913905620575,0.11379629499278962,0.0,0.0,0.0
1.915,0.2,0.1928897202014923,0.11379629499278962,0.0,0.0,0.0
1.9160000000000001,0.2,0.19289028644561768,0.11379629499278962,0.0,0.0,0.0
1.917,0.2,0.19289086759090424,0.11379629499278962,0.0,0.0,0.0
1.9180000000000001,0.2,0.1928914487361908,0.11379629499278962,0.0,0.0,0.0
1.919,0.2,0.19289201498031616,0.11379629499278962,0.0,0.0,0.0
1.92,0.2,0.19289259612560272,0.11379629499278962,0.0,0.0,0.0
1.921,0.2,0.19289317727088928,0.11379629499278962,0.0,0.0,0.0
1.922,0.2,0.19289374351501465,0.11379629499278962,0.0,0.0,0.0
1.923,0.2,0.1928943246603012,0.11379629499278962,0.0,0.0,0.0
1.924,0.2,0.19289490580558777,0.11379629499278962,0.0,0.0,0.0
1.925,0.2,0.19289547204971313,0.11379629499278962,0.0,0.0,0.0
1.926,0.2,0.1928960531949997,0.11379629499278962,0.0,0.0,0.0
1.927,0.2,0.19289661943912506,0.11379629499278962,0.0,0.0,0.0
1.928,0.2,0.19289720058441162,0.11379629499278962,0.0,0.0,0.0
1.929,0.2,0.19289778172969818,0.11379629499278962,0.0,0.0,0.0
1.93,0.2,0.19289834797382355,0.11379629499278962,0.0,0.0,0.0
1.931,0.2,0.1928989291191101,0.11379629499278962,0.0,0.0,0.0
1.932,0.2,0.19289951026439667,0.11379629499278962,0.0,0.0,0.0
1.933,0.2,0.19290007650852203,0.11379629499278962,0.0,0.0,0.0
1.934,0.2,0.1929006576538086,0.11379629499278962,0.0,0.0,0.0
1.935,0.2,0.19290122389793396,0.11379629499278962,0.0,0.0,0.0
1.936,0.2,0.19290180504322052,0.11379629499278962,0.0,0.0,0.0
1.937,0.2,0.19290238618850708,0.11379629499278962,0.0,0.0,0.0
1.938,0.2,0.19290295243263245,0.11379629499278962,0.0,0.0,0.0
1.939,0.2,0.192903533577919,0.11379629499278962,0.0,0.0,0.0
1.94,0.2,0.19290411472320557,0.11379629499278962,0.0,0.0,0.0
1.941,0.2,0.19290468096733093,0.11379629499278962,0.0,0.0,0.0
1.942,0.2,0.1929052621126175,0.11379629499278962,0.0,0.0,0.0
1.943,0.2,0.19290582835674286,0.11379629499278962,0.0,0.0,0.0
1.944,0.2,0.19290640950202942,0.11379629499278962,0.0,0.0,0.0
1.945,0.2,0.19290699064731598,0.11379629499278962,0.0,0.0,0.0
1.946,0.2,0.19290755689144135,0.11379629499278962,0.0,0.0,0.0
1.947,0.2,0.1929081380367279,0.11379629499278962,0.0,0.0,0.0
1.948,0.2,0.19290870428085327,0.11379629499278962,0.0,0.0,0.0
1.949,0.2,0.19290928542613983,0.11379629499278962,0.0,0.0,0.0
1.95,0.2,0.1929098516702652,0.11379629499278962,0.0,0.0,0.0
1.951,0.2,0.19291043281555176,0.11379629499278962,0.0,0.0,0.0
1.952,0.2,0.19291101396083832,0.11379629499278962,0.0,0.0,0.0
1.953,0.2,0.19291158020496368,0.11379629499278962,0.0,0.0,0.0
1.954,0.2,0.19291216135025024,0.11379629499278962,0.0,0.0,0.0
1.955,0.2,0.1929127275943756,0.11379629499278962,0.0,0.0,0.0
1.956,0.2,0.19291330873966217,0.11379629499278962,0.0,0.0,0.0
1.957,0.2,0.19291387498378754,0.11379629499278962,0.0,0.0,0.0
1.958,0.2,0.1929144561290741,0.11379629499278962,0.0,0.0,0.0
1.959,0.2,0.19291502237319946,0.11379629499278962,0.0,0.0,0.0
1.96,0.2,0.19291560351848602,0.11379629499278962,0.0,0.0,0.0
1.961,0.2,0.1929161697626114,0.11379629499278962,0.0,0.0,0.0
1.962,0.2,0.19291675090789795,0.11379629499278962,0.0,0.0,0.0
1.963,0.2,0.1929173320531845,0.11379629499278962,0.0,0.0,0.0
1.964,0.2,0.19291789829730988,0.11379629499278962,0.0,0.0,0.0
1.965,0.2,0.19291847944259644,0.11379629499278962,0.0,0.0,0.0
1.966,0.2,0.1929190456867218,0.11379629499278962,0.0,0.0,0.0
1.967,0.2,0.19291962683200836,0.11379629499278962,0.0,0.0,0.0
1.968,0.2,0.19292019307613373,0.11379629499278962,0.0,0.0,0.0
1.969,0.2,0.1929207742214203,0.11379629499278962,0.0,0.0,0.0
1.97,0.2,0.19292134046554565,0.11379629499278962,0.0,0.0,0.0
1.971,0.2,0.19292192161083221,0.11379629499278962,0.0,0.0,0.0
1.972,0.2,0.19292248785495758,0.11379629499278962,0.0,0.0,0.0
1.973,0.2,0.19292306900024414,0.11379629499278962,0.0,0.0,0.0
1.974,0.2,0.1929236352443695,0.11379629499278962,0.0,0.0,0.0
1.975,0.2,0.19292421638965607,0.11379629499278962,0.0,0.0,0.0
1.976,0.2,0.19292478263378143,0.11379629499278962,0.0,0.0,0.0
1.977,0.2,0.192925363779068,0.11379629499278962,0.0,0.0,0.0
1.978,0.2,0.19292593002319336,0.11379629499278962,0.0,0.0,0.0
1.979,0.2,0.19292651116847992,0.11379629499278962,0.0,0.0,0.0
1.98,0.2,0.19292707741260529,0.11379629499278962,0.0,0.0,0.0
1.981,0.2,0.19292764365673065,0.11379629499278962,0.0,0.0,0.0
1.982,0.2,0.1929282248020172,0.11379629499278962,0.0,0.0,0.0
1.983,0.2,0.19292879104614258,0.11379629499278962,0.0,0.0,0.0
1.984,0.2,0.19292937219142914,0.11379629499278962,0.0,0.0,0.0
1.985,0.2,0.1929299384355545,0.11379629499278962,0.0,0.0,0.0
1.986,0.2,0.19293051958084106,0.11379629499278962,0.0,0.0,0.0
1.987,0.2,0.19293108582496643,0.11379629499278962,0.0,0.0,0.0
1.988,0.2,0.192931666970253,0.11379629499278962,0.0,0.0,0.0
1.989,0.2,0.19293223321437836,0.11379629499278962,0.0,0.0,0.0
1.99,0.2,0.19293281435966492,0.11379629499278962,0.0,0.0,0.0
1.991,0.2,0.19293338060379028,0.11379629499278962,0.0,0.0,0.0
1.992,0.2,0.19293396174907684,0.11379629499278962,0.0,0.0,0.0
1.993,0.2,0.1929345279932022,0.11379629499278962,0.0,0.0,0.0
1.994,0.2,0.19293509423732758,0.11379629499278962,0.0,0.0,0.0
1.995,0.2,0.19293567538261414,0.11379629499278962,0.0,0.0,0.0
1.996,0.2,0.1929362416267395,0.11379629499278962,0.0,0.0,0.0
1.997,0.2,0.19293682277202606,0.11379629499278962,0.0,0.0,0.0
1.998,0.2,0.19293738901615143,0.11379629499278962,0.0,0.0,0.0
1.999,0.2,0.192937970161438,0.11379629499278962,0.0,0.0,0.0
2.0,0.2,0.19293853640556335,0.11379629499278962,0.0,0.0,0.0
2.001,0.2,0.19293910264968872,0.11379629499278962,0.0,0.0,0.0
2.0020000000000002,0.2,0.19293968379497528,0.11379629499278962,0.0,0.0,0.0
2.003,0.2,0.19294025003910065,0.11379629499278962,0.0,0.0,0.0
2.004,0.2,0.1929408311843872,0.11379629499278962,0.0,0.0,0.0
2.005,0.2,0.19294139742851257,0.11379629499278962,0.0,0.0,0.0
2.0060000000000002,0.2,0.19294196367263794,0.11379629499278962,0.0,0.0,0.0
2.007,0.2,0.1929425448179245,0.11379629499278962,0.0,0.0,0.0
2.008,0.2,0.19294311106204987,0.11379629499278962,0.0,0.0,0.0
2.009,0.2,0.19294369220733643,0.11379629499278962,0.0,0.0,0.0
2.0100000000000002,0.2,0.1929442584514618,0.11379629499278962,0.0,0.0,0.0
2.011,0.2,0.19294482469558716,0.11379629499278962,0.0,0.0,0.0
2.012,0.2,0.19294540584087372,0.11379629499278962,0.0,0.0,0.0
2.013,0.2,0.19294597208499908,0.11379629499278962,0.0,0.0,0.0
2.0140000000000002,0.2,0.19294653832912445,0.11379629499278962,0.0,0.0,0.0
2.015,0.2,0.192947119474411,0.11379629499278962,0.0,0.0,0.0
2.016,0.2,0.19294768571853638,0.11379629499278962,0.0,0.0,0.0
2.017,0.2,0.19294826686382294,0.11379629499278962,0.0,0.0,0.0
2.0180000000000002,0.2,0.1929488331079483,0.11379629499278962,0.0,0.0,0.0
2.019,0.2,0.19294939935207367,0.11379629499278962,0.0,0.0,0.0
2.02,0.2,0.19294998049736023,0.11379629499278962,0.0,0.0,0.0
2.021,0.2,0.1929505467414856,0.11379629499278962,0.0,0.0,0.0
2.0220000000000002,0.2,0.19295111298561096,0.11379629499278962,0.0,0.0,0.0
2.023,0.2,0.19295169413089752,0.11379629499278962,0.0,0.0,0.0
2.024,0.2,0.1929522603750229,0.11379629499278962,0.0,0.0,0.0
2.025,0.2,0.19295282661914825,0.11379629499278962,0.0,0.0,0.0
2.0260000000000002,0.2,0.19295340776443481,0.11379629499278962,0.0,0.0,0.0
2.027,0.2,0.19295397400856018,0.11379629499278962,0.0,0.0,0.0
2.028,0.2,0.19295454025268555,0.11379629499278962,0.0,0.0,0.0
2.029,0.2,0.1929551213979721,0.11379629499278962,0.0,0.0,0.0
2.0300000000000002,0.2,0.19295568764209747,0.11379629499278962,0.0,0.0,0.0
2.031,0.2,0.19295625388622284,0.11379629499278962,0.0,0.0,0.0
2.032,0.2,0.1929568350315094,0.11379629499278962,0.0,0.0,0.0
2.033,0.2,0.19295740127563477,0.11379629499278962,0.0,0.0,0.0
2.0340000000000003,0.2,0.19295796751976013,0.11379629499278962,0.0,0.0,0.0
2.035,0.2,0.1929585337638855,0.11379629499278962,0.0,0.0,0.0
2.036,0.2,0.19295911490917206,0.11379629499278962,0.0,0.0,0.0
2.037,0.2,0.19295968115329742,0.11379629499278962,0.0,0.0,0.0
2.0380000000000003,0.2,0.1929602473974228,0.11379629499278962,0.0,0.0,0.0
2.039,0.2,0.19296082854270935,0.11379629499278962,0.0,0.0,0.0
2.04,0.2,0.19296139478683472,0.11379629499278962,0.0,0.0,0.0
2.041,0.2,0.19296196103096008,0.11379629499278962,0.0,0.0,0.0
2.0420000000000003,0.2,0.19296254217624664,0.11379629499278962,0.0,0.0,0.0
2.043,0.2,0.192963108420372,0.11379629499278962,0.0,0.0,0.0
2.044,0.2,0.19296367466449738,0.11379629499278962,0.0,0.0,0.0
2.045,0.2,0.19296424090862274,0.11379629499278962,0.0,0.0,0.0
2.0460000000000003,0.2,0.1929648220539093,0.11379629499278962,0.0,0.0,0.0
2.047,0.2,0.19296538829803467,0.11379629499278962,0.0,0.0,0.0
2.048,0.2,0.19296595454216003,0.11379629499278962,0.0,0.0,0.0
2.049,0.2,0.1929665207862854,0.11379629499278962,0.0,0.0,0.0
2.05,0.2,0.19296710193157196,0.11379629499278962,0.0,0.0,0.0
2.051,0.2,0.19296766817569733,0.11379629499278962,0.0,0.0,0.0
2.052,0.2,0.1929682344198227,0.11379629499278962,0.0,0.0,0.0
2.053,0.2,0.19296880066394806,0.11379629499278962,0.0,0.0,0.0
2.054,0.2,0.19296938180923462,0.11379629499278962,0.0,0.0,0.0
2.055,0.2,0.19296994805335999,0.11379629499278962,0.0,0.0,0.0
2.056,0.2,0.19297051429748535,0.11379629499278962,0.0,0.0,0.0
2.057,0.2,0.19297108054161072,0.11379629499278962,0.0,0.0,0.0
2.058,0.2,0.19297166168689728,0.11379629499278962,0.0,0.0,0.0
2.059,0.2,0.19297222793102264,0.11379629499278962,0.0,0.0,0.0
2.06,0.2,0.192972794175148,0.11379629499278962,0.0,0.0,0.0
2.061,0.2,0.19297336041927338,0.11379629499278962,0.0,0.0,0.0
2.062,0.2,0.19297394156455994,0.11379629499278962,0.0,0.0,0.0
2.063,0.2,0.1929745078086853,0.11379629499278962,0.0,0.0,0.0
2.064,0.2,0.19297507405281067,0.11379629499278962,0.0,0.0,0.0
2.065,0.2,0.19297564029693604,0.11379629499278962,0.0,0.0,0.0
2.066,0.2,0.1929762065410614,0.11379629499278962,0.0,0.0,0.0
2.067,0.2,0.19297678768634796,0.11379629499278962,0.0,0.0,0.0
2.068,0.2,0.19297735393047333,0.11379629499278962,0.0,0.0,0.0
2.069,0.2,0.1929779201745987,0.11379629499278962,0.0,0.0,0.0
2.07,0.2,0.19297848641872406,0.11379629499278962,0.0,0.0,0.0
2.071,0.2,0.19297905266284943,0.11379629499278962,0.0,0.0,0.0
2.072,0.2,0.192979633808136,0.11379629499278962,0.0,0.0,0.0
2.073,0.2,0.19298020005226135,0.11379629499278962,0.0,0.0,0.0
2.074,0.2,0.19298076629638672,0.11379629499278962,0.0,0.0,0.0
2.075,0.2,0.19298133254051208,0.11379629499278962,0.0,0.0,0.0
2.076,0.2,0.19298189878463745,0.11379629499278962,0.0,0.0,0.0
2.077,0.2,0.192982479929924,0.11379629499278962,0.0,0.0,0.0
2.078,0.2,0.19298304617404938,0.11379629499278962,0.0,0.0,0.0
2.079,0.2,0.19298361241817474,0.11379629499278962,0.0,0.0,0.0
2.08,0.2,0.1929841786623001,0.11379629499278962,0.0,0.0,0.0
2.081,0.2,0.19298474490642548,0.11379629499278962,0.0,0.0,0.0
2.082,0.2,0.19298531115055084,0.11379629499278962,0.0,0.0,0.0
2.083,0.2,0.1929858922958374,0.11379629499278962,0.0,0.0,0.0
2.084,0.2,0.19298645853996277,0.11379629499278962,0.0,0.0,0.0
2.085,0.2,0.19298702478408813,0.11379629499278962,0.0,0.0,0.0
2.086,0.2,0.1929875910282135,0.11379629499278962,0.0,0.0,0.0
2.087,0.2,0.19298815727233887,0.11379629499278962,0.0,0.0,0.0
2.088,0.2,0.19298872351646423,0.11379629499278962,0.0,0.0,0.0
2.089,0.2,0.1929892897605896,0.11379629499278962,0.0,0.0,0.0
2.09,0.2,0.19298987090587616,0.11379629499278962,0.0,0.0,0.0
2.091,0.2,0.19299043715000153,0.11379629499278962,0.0,0.0,0.0
2.092,0.2,0.1929910033941269,0.11379629499278962,0.0,0.0,0.0
2.093,0.2,0.19299156963825226,0.11379629499278962,0.0,0.0,0.0
2.094,0.2,0.19299213588237762,0.11379629499278962,0.0,0.0,0.0
2.095,0.2,0.192992702126503,0.11379629499278962,0.0,0.0,0.0
2.096,0.2,0.19299326837062836,0.11379629499278962,0.0,0.0,0.0
2.097,0.2,0.19299383461475372,0.11379629499278962,0.0,0.0,0.0
2.098,0.2,0.19299441576004028,0.11379629499278962,0.0,0.0,0.0
2.099,0.2,0.19299498200416565,0.11379629499278962,0.0,0.0,0.0
2.1,0.2,0.19299554824829102,0.11379629499278962,0.0,0.0,0.0
2.101,0.2,0.19299611449241638,0.11379629499278962,0.0,0.0,0.0
2.102,0.2,0.19299668073654175,0.11379629499278962,0.0,0.0,0.0
2.103,0.2,0.19299724698066711,0.11379629499278962,0.0,0.0,0.0
2.104,0.2,0.19299781322479248,0.11379629499278962,0.0,0.0,0.0
2.105,0.2,0.19299837946891785,0.11379629499278962,0.0,0.0,0.0
2.106,0.2,0.1929989457130432,0.11379629499278962,0.0,0.0,0.0
2.107,0.2,0.19299951195716858,0.11379629499278962,0.0,0.0,0.0
2.108,0.2,0.19300009310245514,0.11379629499278962,0.0,0.0,0.0
2.109,0.2,0.1930006593465805,0.11379629499278962,0.0,0.0,0.0
2.11,0.2,0.19300122559070587,0.11379629499278962,0.0,0.0,0.0
2.111,0.2,0.19300179183483124,0.11379629499278962,0.0,0.0,0.0
2.112,0.2,0.1930023580789566,0.11379629499278962,0.0,0.0,0.0
2.113,0.2,0.19300292432308197,0.11379629499278962,0.0,0.0,0.0
2.114,0.2,0.19300349056720734,0.11379629499278962,0.0,0.0,0.0
2.115,0.2,0.1930040568113327,0.11379629499278962,0.0,0.0,0.0
2.116,0.2,0.19300462305545807,0.11379629499278962,0.0,0.0,0.0
2.117,0.2,0.19300518929958344,0.11379629499278962,0.0,0.0,0.0
2.118,0.2,0.1930057555437088,0.11379629499278962,0.0,0.0,0.0
2.119,0.2,0.19300632178783417,0.11379629499278962,0.0,0.0,0.0
2.12,0.2,0.19300688803195953,0.11379629499278962,0.0,0.0,0.0
2.121,0.2,0.1930074542760849,0.11379629499278962,0.0,0.0,0.0
2.122,0.2,0.19300802052021027,0.11379629499278962,0.0,0.0,0.0
2.123,0.2,0.19300858676433563,0.11379629499278962,0.0,0.0,0.0
2.124,0.2,0.193009153008461,0.11379629499278962,0.0,0.0,0.0
2.125,0.2,0.19300971925258636,0.11379629499278962,0.0,0.0,0.0
2.126,0.2,0.19301028549671173,0.11379629499278962,0.0,0.0,0.0
2.1270000000000002,0.2,0.1930108517408371,0.11379629499278962,0.0,0.0,0.0
2.128,0.2,0.19301143288612366,0.11379629499278962,0.0,0.0,0.0
2.129,0.2,0.19301199913024902,0.11379629499278962,0.0,0.0,0.0
2.13,0.2,0.1930125504732132,0.11379629499278962,0.0,0.0,0.0
2.1310000000000002,0.2,0.19301313161849976,0.11379629499278962,0.0,0.0,0.0
2.132,0.2,0.19301368296146393,0.11379629499278962,0.0,0.0,0.0
2.133,0.2,0.1930142641067505,0.11379629499278962,0.0,0.0,0.0
2.134,0.2,0.19301481544971466,0.11379629499278962,0.0,0.0,0.0
2.1350000000000002,0.2,0.19301539659500122,0.11379629499278962,0.0,0.0,0.0
2.136,0.2,0.1930159479379654,0.11379629499278962,0.0,0.0,0.0
2.137,0.2,0.19301651418209076,0.11379629499278962,0.0,0.0,0.0
2.138,0.2,0.19301709532737732,0.11379629499278962,0.0,0.0,0.0
2.1390000000000002,0.2,0.1930176466703415,0.11379629499278962,0.0,0.0,0.0
2.14,0.2,0.19301821291446686,0.11379629499278962,0.0,0.0,0.0
2.141,0.2,0.19301877915859222,0.11379629499278962,0.0,0.0,0.0
2.142,0.2,0.1930193454027176,0.11379629499278962,0.0,0.0,0.0
2.1430000000000002,0.2,0.19301991164684296,0.11379629499278962,0.0,0.0,0.0
2.144,0.2,0.19302047789096832,0.11379629499278962,0.0,0.0,0.0
2.145,0.2,0.1930210441350937,0.11379629499278962,0.0,0.0,0.0
2.146,0.2,0.19302161037921906,0.11379629499278962,0.0,0.0,0.0
2.1470000000000002,0.2,0.19302217662334442,0.11379629499278962,0.0,0.0,0.0
2.148,0.2,0.1930227428674698,0.11379629499278962,0.0,0.0,0.0
2.149,0.2,0.19302330911159515,0.11379629499278962,0.0,0.0,0.0
2.15,0.2,0.19302387535572052,0.11379629499278962,0.0,0.0,0.0
2.1510000000000002,0.2,0.1930244415998459,0.11379629499278962,0.0,0.0,0.0
2.152,0.2,0.19302500784397125,0.11379629499278962,0.0,0.0,0.0
2.153,0.2,0.19302557408809662,0.11379629499278962,0.0,0.0,0.0
2.154,0.2,0.19302614033222198,0.11379629499278962,0.0,0.0,0.0
2.1550000000000002,0.2,0.19302670657634735,0.11379629499278962,0.0,0.0,0.0
2.156,0.2,0.19302727282047272,0.11379629499278962,0.0,0.0,0.0
2.157,0.2,0.19302783906459808,0.11379629499278962,0.0,0.0,0.0
2.158,0.2,0.19302840530872345,0.11379629499278962,0.0,0.0,0.0
2.1590000000000003,0.2,0.19302897155284882,0.11379629499278962,0.0,0.0,0.0
2.16,0.2,0.193029522895813,0.11379629499278962,0.0,0.0,0.0
2.161,0.2,0.19303008913993835,0.11379629499278962,0.0,0.0,0.0
2.162,0.2,0.19303065538406372,0.11379629499278962,0.0,0.0,0.0
2.1630000000000003,0.2,0.1930312216281891,0.11379629499278962,0.0,0.0,0.0
2.164,0.2,0.19303178787231445,0.11379629499278962,0.0,0.0,0.0
2.165,0.2,0.19303235411643982,0.11379629499278962,0.0,0.0,0.0
2.166,0.2,0.19303292036056519,0.11379629499278962,0.0,0.0,0.0
2.1670000000000003,0.2,0.19303348660469055,0.11379629499278962,0.0,0.0,0.0
2.168,0.2,0.19303405284881592,0.11379629499278962,0.0,0.0,0.0
2.169,0.2,0.19303461909294128,0.11379629499278962,0.0,0.0,0.0
2.17,0.2,0.19303517043590546,0.11379629499278962,0.0,0.0,0.0
2.1710000000000003,0.2,0.19303573668003082,0.11379629499278962,0.0,0.0,0.0
2.172,0.2,0.1930363029241562,0.11379629499278962,0.0,0.0,0.0
2.173,0.2,0.19303686916828156,0.11379629499278962,0.0,0.0,0.0
2.174,0.2,0.19303743541240692,0.11379629499278962,0.0,0.0,0.0
2.1750000000000003,0.2,0.1930380016565323,0.11379629499278962,0.0,0.0,0.0
2.176,0.2,0.19303856790065765,0.11379629499278962,0.0,0.0,0.0
2.177,0.2,0.19303913414478302,0.11379629499278962,0.0,0.0,0.0
2.178,0.2,0.1930396854877472,0.11379629499278962,0.0,0.0,0.0
2.179,0.2,0.19304025173187256,0.11379629499278962,0.0,0.0,0.0
2.18,0.2,0.19304081797599792,0.11379629499278962,0.0,0.0,0.0
2.181,0.2,0.1930413842201233,0.11379629499278962,0.0,0.0,0.0
2.182,0.2,0.19304195046424866,0.11379629499278962,0.0,0.0,0.0
2.183,0.2,0.19304251670837402,0.11379629499278962,0.0,0.0,0.0
2.184,0.2,0.1930430829524994,0.11379629499278962,0.0,0.0,0.0
2.185,0.2,0.19304363429546356,0.11379629499278962,0.0,0.0,0.0
2.186,0.2,0.19304420053958893,0.11379629499278962,0.0,0.0,0.0
2.187,0.2,0.1930447667837143,0.11379629499278962,0.0,0.0,0.0
2.188,0.2,0.19304533302783966,0.11379629499278962,0.0,0.0,0.0
2.189,0.2,0.19304589927196503,0.11379629499278962,0.0,0.0,0.0
2.19,0.2,0.1930464655160904,0.11379629499278962,0.0,0.0,0.0
2.191,0.2,0.19304701685905457,0.11379629499278962,0.0,0.0,0.0
2.192,0.2,0.19304758310317993,0.11379629499278962,0.0,0.0,0.0
2.193,0.2,0.1930481493473053,0.11379629499278962,0.0,0.0,0.0
2.194,0.2,0.19304871559143066,0.11379629499278962,0.0,0.0,0.0
2.195,0.2,0.19304928183555603,0.11379629499278962,0.0,0.0,0.0
2.196,0.2,0.1930498331785202,0.11379629499278962,0.0,0.0,0.0
2.197,0.2,0.19305039942264557,0.11379629499278962,0.0,0.0,0.0
2.198,0.2,0.19305096566677094,0.11379629499278962,0.0,0.0,0.0
2.199,0.2,0.1930515319108963,0.11379629499278962,0.0,0.0,0.0
2.2,0.2,0.19305209815502167,0.11379629499278962,0.0,0.0,0.0
2.201,0.2,0.19305264949798584,0.11379629499278962,0.0,0.0,0.0
2.202,0.2,0.1930532157421112,0.11379629499278962,0.0,0.0,0.0
2.203,0.2,0.19305378198623657,0.11379629499278962,0.0,0.0,0.0
2.204,0.2,0.19305434823036194,0.11379629499278962,0.0,0.0,0.0
2.205,0.2,0.1930549144744873,0.11379629499278962,0.0,0.0,0.0
2.206,0.2,0.19305546581745148,0.11379629499278962,0.0,0.0,0.0
2.207,0.2,0.19305603206157684,0.11379629499278962,0.0,0.0,0.0
2.208,0.2,0.1930565983057022,0.11379629499278962,0.0,0.0,0.0
2.209,0.2,0.19305716454982758,0.11379629499278962,0.0,0.0,0.0
2.21,0.2,0.19305771589279175,0.11379629499278962,0.0,0.0,0.0
2.211,0.2,0.19305828213691711,0.11379629499278962,0.0,0.0,0.0
2.212,0.2,0.19305884838104248,0.11379629499278962,0.0,0.0,0.0
2.213,0.2,0.19305941462516785,0.11379629499278962,0.0,0.0,0.0
2.214,0.2,0.1930599808692932,0.11379629499278962,0.0,0.0,0.0
2.215,0.2,0.19306053221225739,0.11379629499278962,0.0,0.0,0.0
2.216,0.2,0.19306109845638275,0.11379629499278962,0.0,0.0,0.0
2.217,0.2,0.19306166470050812,0.11379629499278962,0.0,0.0,0.0
2.218,0.2,0.19306223094463348,0.11379629499278962,0.0,0.0,0.0
2.219,0.2,0.19306278228759766,0.11379629499278962,0.0,0.0,0.0
2.22,0.2,0.19306334853172302,0.11379629499278962,0.0,0.0,0.0
2.221,0.2,0.1930639147758484,0.11379629499278962,0.0,0.0,0.0
2.222,0.2,0.19306446611881256,0.11379629499278962,0.0,0.0,0.0
2.223,0.2,0.19306503236293793,0.11379629499278962,0.0,0.0,0.0
2.224,0.2,0.1930655986070633,0.11379629499278962,0.0,0.0,0.0
2.225,0.2,0.19306616485118866,0.11379629499278962,0.0,0.0,0.0
2.226,0.2,0.19306671619415283,0.11379629499278962,0.0,0.0,0.0
2.227,0.2,0.1930672824382782,0.11379629499278962,0.0,0.0,0.0
2.228,0.2,0.19306784868240356,0.11379629499278962,0.0,0.0,0.0
2.229,0.2,0.19306840002536774,0.11379629499278962,0.0,0.0,0.0
2.23,0.2,0.1930689662694931,0.11379629499278962,0.0,0.0,0.0
2.231,0.2,0.19306953251361847,0.11379629499278962,0.0,0.0,0.0
2.232,0.2,0.19307009875774384,0.11379629499278962,0.0,0.0,0.0
2.233,0.2,0.193070650100708,0.11379629499278962,0.0,0.0,0.0
2.234,0.2,0.19307121634483337,0.11379629499278962,0.0,0.0,0.0
2.235,0.2,0.19307178258895874,0.11379629499278962,0.0,0.0,0.0
2.236,0.2,0.1930723339319229,0.11379629499278962,0.0,0.0,0.0
2.237,0.2,0.19307290017604828,0.11379629499278962,0.0,0.0,0.0
2.238,0.2,0.19307346642017365,0.11379629499278962,0.0,0.0,0.0
2.239,0.2,0.19307401776313782,0.11379629499278962,0.0,0.0,0.0
2.24,0.2,0.19307458400726318,0.11379629499278962,0.0,0.0,0.0
2.241,0.2,0.19307515025138855,0.11379629499278962,0.0,0.0,0.0
2.242,0.2,0.19307570159435272,0.11379629499278962,0.0,0.0,0.0
2.243,0.2,0.1930762678384781,0.11379629499278962,0.0,0.0,0.0
2.244,0.2,0.19307683408260345,0.11379629499278962,0.0,0.0,0.0
2.245,0.2,0.19307738542556763,0.11379629499278962,0.0,0.0,0.0
2.246,0.2,0.193077951669693,0.11379629499278962,0.0,0.0,0.0
2.247,0.2,0.19307851791381836,0.11379629499278962,0.0,0.0,0.0
2.248,0.2,0.19307906925678253,0.11379629499278962,0.0,0.0,0.0
2.249,0.2,0.1930796355009079,0.11379629499278962,0.0,0.0,0.0
2.25,0.2,0.19308020174503326,0.11379629499278962,0.0,0.0,0.0
2.251,0.2,0.19308075308799744,0.11379629499278962,0.0,0.0,0.0
2.2520000000000002,0.2,0.1930813193321228,0.11379629499278962,0.0,0.0,0.0
2.253,0.2,0.19308188557624817,0.11379629499278962,0.0,0.0,0.0
2.254,0.2,0.19308243691921234,0.11379629499278962,0.0,0.0,0.0
2.255,0.2,0.1930830031633377,0.11379629499278962,0.0,0.0,0.0
2.2560000000000002,0.2,0.19308355450630188,0.11379629499278962,0.0,0.0,0.0
2.257,0.2,0.19308412075042725,0.11379629499278962,0.0,0.0,0.0
2.258,0.2,0.1930846869945526,0.11379629499278962,0.0,0.0,0.0
2.259,0.2,0.19308523833751678,0.11379629499278962,0.0,0.0,0.0
2.2600000000000002,0.2,0.19308580458164215,0.11379629499278962,0.0,0.0,0.0
2.261,0.2,0.19308635592460632,0.11379629499278962,0.0,0.0,0.0
2.262,0.2,0.1930869221687317,0.11379629499278962,0.0,0.0,0.0
2.263,0.2,0.19308748841285706,0.11379629499278962,0.0,0.0,0.0
2.2640000000000002,0.2,0.19308803975582123,0.11379629499278962,0.0,0.0,0.0
2.265,0.2,0.1930886059999466,0.11379629499278962,0.0,0.0,0.0
2.266,0.2,0.19308917224407196,0.11379629499278962,0.0,0.0,0.0
2.267,0.2,0.19308972358703613,0.11379629499278962,0.0,0.0,0.0
2.2680000000000002,0.2,0.1930902898311615,0.11379629499278962,0.0,0.0,0.0
2.269,0.2,0.19309084117412567,0.11379629499278962,0.0,0.0,0.0
2.27,0.2,0.19309140741825104,0.11379629499278962,0.0,0.0,0.0
2.271,0.2,0.1930919587612152,0.11379629499278962,0.0,0.0,0.0
2.2720000000000002,0.2,0.19309252500534058,0.11379629499278962,0.0,0.0,0.0
2.273,0.2,0.19309309124946594,0.11379629499278962,0.0,0.0,0.0
2.274,0.2,0.19309364259243011,0.11379629499278962,0.0,0.0,0.0
2.275,0.2,0.19309420883655548,0.11379629499278962,0.0,0.0,0.0
2.2760000000000002,0.2,0.19309476017951965,0.11379629499278962,0.0,0.0,0.0
2.277,0.2,0.19309532642364502,0.11379629499278962,0.0,0.0,0.0
2.278,0.2,0.1930958777666092,0.11379629499278962,0.0,0.0,0.0
2.279,0.2,0.19309644401073456,0.11379629499278962,0.0,0.0,0.0
2.2800000000000002,0.2,0.19309701025485992,0.11379629499278962,0.0,0.0,0.0
2.281,0.2,0.1930975615978241,0.11379629499278962,0.0,0.0,0.0
2.282,0.2,0.19309812784194946,0.11379629499278962,0.0,0.0,0.0
2.283,0.2,0.19309867918491364,0.11379629499278962,0.0,0.0,0.0
2.2840000000000003,0.2,0.193099245429039,0.11379629499278962,0.0,0.0,0.0
2.285,0.2,0.19309979677200317,0.11379629499278962,0.0,0.0,0.0
2.286,0.2,0.19310036301612854,0.11379629499278962,0.0,0.0,0.0
2.287,0.2,0.1931009143590927,0.11379629499278962,0.0,0.0,0.0
2.2880000000000003,0.2,0.19310148060321808,0.11379629499278962,0.0,0.0,0.0
2.289,0.2,0.19310203194618225,0.11379629499278962,0.0,0.0,0.0
2.29,0.2,0.19310259819030762,0.11379629499278962,0.0,0.0,0.0
2.291,0.2,0.1931031495332718,0.11379629499278962,0.0,0.0,0.0
2.2920000000000003,0.2,0.19310371577739716,0.11379629499278962,0.0,0.0,0.0
2.293,0.2,0.19310426712036133,0.11379629499278962,0.0,0.0,0.0
2.294,0.2,0.1931048333644867,0.11379629499278962,0.0,0.0,0.0
2.295,0.2,0.19310538470745087,0.11379629499278962,0.0,0.0,0.0
2.2960000000000003,0.2,0.19310595095157623,0.11379629499278962,0.0,0.0,0.0
2.297,0.2,0.1931065022945404,0.11379629499278962,0.0,0.0,0.0
2.298,0.2,0.19310706853866577,0.11379629499278962,0.0,0.0,0.0
2.299,0.2,0.19310761988162994,0.11379629499278962,0.0,0.0,0.0
2.3000000000000003,0.2,0.1931081861257553,0.11379629499278962,0.0,0.0,0.0
2.301,0.2,0.19310873746871948,0.11379629499278962,0.0,0.0,0.0
2.302,0.2,0.19310930371284485,0.11379629499278962,0.0,0.0,0.0
2.303,0.2,0.19310985505580902,0.11379629499278962,0.0,0.0,0.0
2.3040000000000003,0.2,0.1931104212999344,0.11379629499278962,0.0,0.0,0.0
2.305,0.2,0.19311097264289856,0.11379629499278962,0.0,0.0,0.0
2.306,0.2,0.19311153888702393,0.11379629499278962,0.0,0.0,0.0
2.307,0.2,0.1931120902299881,0.11379629499278962,0.0,0.0,0.0
2.308,0.2,0.19311265647411346,0.11379629499278962,0.0,0.0,0.0
2.309,0.2,0.19311320781707764,0.11379629499278962,0.0,0.0,0.0
2.31,0.2,0.193113774061203,0.11379629499278962,0.0,0.0,0.0
2.311,0.2,0.19311432540416718,0.11379629499278962,0.0,0.0,0.0
2.312,0.2,0.19311489164829254,0.11379629499278962,0.0,0.0,0.0
2.313,0.2,0.1931154429912567,0.11379629499278962,0.0,0.0,0.0
2.314,0.2,0.19311600923538208,0.11379629499278962,0.0,0.0,0.0
2.315,0.2,0.19311656057834625,0.11379629499278962,0.0,0.0,0.0
2.316,0.2,0.19311711192131042,0.11379629499278962,0.0,0.0,0.0
2.317,0.2,0.1931176781654358,0.11379629499278962,0.0,0.0,0.0
2.318,0.2,0.19311822950839996,0.11379629499278962,0.0,0.0,0.0
2.319,0.2,0.19311879575252533,0.11379629499278962,0.0,0.0,0.0
2.32,0.2,0.1931193470954895,0.11379629499278962,0.0,0.0,0.0
2.321,0.2,0.19311991333961487,0.11379629499278962,0.0,0.0,0.0
2.322,0.2,0.19312046468257904,0.11379629499278962,0.0,0.0,0.0
2.323,0.2,0.1931210160255432,0.11379629499278962,0.0,0.0,0.0
2.324,0.2,0.19312158226966858,0.11379629499278962,0.0,0.0,0.0
2.325,0.2,0.19312213361263275,0.11379629499278962,0.0,0.0,0.0
2.326,0.2,0.19312269985675812,0.11379629499278962,0.0,0.0,0.0
2.327,0.2,0.1931232511997223,0.11379629499278962,0.0,0.0,0.0
2.328,0.2,0.19312380254268646,0.11379629499278962,0.0,0.0,0.0
2.329,0.2,0.19312436878681183,0.11379629499278962,0.0,0.0,0.0
2.33,0.2,0.193124920129776,0.11379629499278962,0.0,0.0,0.0
2.331,0.2,0.19312548637390137,0.11379629499278962,0.0,0.0,0.0
2.332,0.2,0.19312603771686554,0.11379629499278962,0.0,0.0,0.0
2.333,0.2,0.1931266039609909,0.11379629499278962,0.0,0.0,0.0
2.334,0.2,0.19312715530395508,0.11379629499278962,0.0,0.0,0.0
2.335,0.2,0.19312770664691925,0.11379629499278962,0.0,0.0,0.0
2.336,0.2,0.19312827289104462,0.11379629499278962,0.0,0.0,0.0
2.337,0.2,0.1931288242340088,0.11379629499278962,0.0,0.0,0.0
2.338,0.2,0.19312937557697296,0.11379629499278962,0.0,0.0,0.0
2.339,0.2,0.19312994182109833,0.11379629499278962,0.0,0.0,0.0
2.34,0.2,0.1931304931640625,0.11379629499278962,0.0,0.0,0.0
2.341,0.2,0.19313104450702667,0.11379629499278962,0.0,0.0,0.0
2.342,0.2,0.19313161075115204,0.11379629499278962,0.0,0.0,0.0
2.343,0.2,0.1931321620941162,0.11379629499278962,0.0,0.0,0.0
2.344,0.2,0.19313272833824158,0.11379629499278962,0.0,0.0,0.0
2.345,0.2,0.19313327968120575,0.11379629499278962,0.0,0.0,0.0
2.346,0.2,0.19313383102416992,0.11379629499278962,0.0,0.0,0.0
2.347,0.2,0.1931343972682953,0.11379629499278962,0.0,0.0,0.0
2.348,0.2,0.19313494861125946,0.11379629499278962,0.0,0.0,0.0
2.349,0.2,0.19313549995422363,0.11379629499278962,0.0,0.0,0.0
2.35,0.2,0.193136066198349,0.11379629499278962,0.0,0.0,0.0
2.351,0.2,0.19313661754131317,0.11379629499278962,0.0,0.0,0.0
2.352,0.2,0.19313716888427734,0.11379629499278962,0.0,0.0,0.0
2.353,0.2,0.1931377351284027,0.11379629499278962,0.0,0.0,0.0
2.354,0.2,0.19313828647136688,0.11379629499278962,0.0,0.0,0.0
2.355,0.2,0.19313883781433105,0.11379629499278962,0.0,0.0,0.0
2.356,0.2,0.19313940405845642,0.11379629499278962,0.0,0.0,0.0
2.357,0.2,0.1931399554014206,0.11379629499278962,0.0,0.0,0.0
2.358,0.2,0.19314050674438477,0.11379629499278962,0.0,0.0,0.0
2.359,0.2,0.19314107298851013,0.11379629499278962,0.0,0.0,0.0
2.36,0.2,0.1931416243314743,0.11379629499278962,0.0,0.0,0.0
2.361,0.2,0.19314217567443848,0.11379629499278962,0.0,0.0,0.0
2.362,0.2,0.19314272701740265,0.11379629499278962,0.0,0.0,0.0
2.363,0.2,0.19314329326152802,0.11379629499278962,0.0,0.0,0.0
2.364,0.2,0.1931438446044922,0.11379629499278962,0.0,0.0,0.0
2.365,0.2,0.19314439594745636,0.11379629499278962,0.0,0.0,0.0
2.366,0.2,0.19314496219158173,0.11379629499278962,0.0,0.0,0.0
2.367,0.2,0.1931455135345459,0.11379629499278962,0.0,0.0,0.0
2.368,0.2,0.19314606487751007,0.11379629499278962,0.0,0.0,0.0
2.369,0.2,0.19314663112163544,0.11379629499278962,0.0,0.0,0.0
2.37,0.2,0.1931471824645996,0.11379629499278962,0.0,0.0,0.0
2.371,0.2,0.19314773380756378,0.11379629499278962,0.0,0.0,0.0
2.372,0.2,0.19314828515052795,0.11379629499278962,0.0,0.0,0.0
2.373,0.2,0.19314885139465332,0.11379629499278962,0.0,0.0,0.0
2.374,0.2,0.1931494027376175,0.11379629499278962,0.0,0.0,0.0
2.375,0.2,0.19314995408058167,0.11379629499278962,0.0,0.0,0.0
2.376,0.2,0.19315050542354584,0.11379629499278962,0.0,0.0,0.0
2.3770000000000002,0.2,0.1931510716676712,0.11379629499278962,0.0,0.0,0.0
2.378,0.2,0.19315162301063538,0.11379629499278962,0.0,0.0,0.0
2.379,0.2,0.19315217435359955,0.11379629499278962,0.0,0.0,0.0
2.38,0.2,0.19315272569656372,0.11379629499278962,0.0,0.0,0.0
2.3810000000000002,0.2,0.1931532919406891,0.11379629499278962,0.0,0.0,0.0
2.382,0.2,0.19315384328365326,0.11379629499278962,0.0,0.0,0.0
2.383,0.2,0.19315439462661743,0.11379629499278962,0.0,0.0,0.0
2.384,0.2,0.1931549459695816,0.11379629499278962,0.0,0.0,0.0
2.3850000000000002,0.2,0.19315551221370697,0.11379629499278962,0.0,0.0,0.0
2.386,0.2,0.19315606355667114,0.11379629499278962,0.0,0.0,0.0
2.387,0.2,0.19315661489963531,0.11379629499278962,0.0,0.0,0.0
2.388,0.2,0.1931571662425995,0.11379629499278962,0.0,0.0,0.0
2.3890000000000002,0.2,0.19315773248672485,0.11379629499278962,0.0,0.0,0.0
2.39,0.2,0.19315828382968903,0.11379629499278962,0.0,0.0,0.0
2.391,0.2,0.1931588351726532,0.11379629499278962,0.0,0.0,0.0
2.392,0.2,0.19315938651561737,0.11379629499278962,0.0,0.0,0.0
2.3930000000000002,0.2,0.19315993785858154,0.11379629499278962,0.0,0.0,0.0
2.394,0.2,0.1931605041027069,0.11379629499278962,0.0,0.0,0.0
2.395,0.2,0.19316105544567108,0.11379629499278962,0.0,0.0,0.0
2.396,0.2,0.19316160678863525,0.11379629499278962,0.0,0.0,0.0
2.3970000000000002,0.2,0.19316215813159943,0.11379629499278962,0.0,0.0,0.0
2.398,0.2,0.1931627094745636,0.11379629499278962,0.0,0.0,0.0
2.399,0.2,0.19316327571868896,0.11379629499278962,0.0,0.0,0.0
2.4,0.2,0.19316382706165314,0.11379629499278962,0.0,0.0,0.0
2.4010000000000002,0.2,0.1931643784046173,0.11379629499278962,0.0,0.0,0.0
2.402,0.2,0.19316492974758148,0.11379629499278962,0.0,0.0,0.0
2.403,0.2,0.19316548109054565,0.11379629499278962,0.0,0.0,0.0
2.404,0.2,0.19316604733467102,0.11379629499278962,0.0,0.0,0.0
2.4050000000000002,0.2,0.1931665986776352,0.11379629499278962,0.0,0.0,0.0
2.406,0.2,0.19316715002059937,0.11379629499278962,0.0,0.0,0.0
2.407,0.2,0.19316770136356354,0.11379629499278962,0.0,0.0,0.0
2.408,0.2,0.1931682527065277,0.11379629499278962,0.0,0.0,0.0
2.4090000000000003,0.2,0.19316880404949188,0.11379629499278962,0.0,0.0,0.0
2.41,0.2,0.19316937029361725,0.11379629499278962,0.0,0.0,0.0
2.411,0.2,0.19316992163658142,0.11379629499278962,0.0,0.0,0.0
2.412,0.2,0.1931704729795456,0.11379629499278962,0.0,0.0,0.0
2.4130000000000003,0.2,0.19317102432250977,0.11379629499278962,0.0,0.0,0.0
2.414,0.2,0.19317157566547394,0.11379629499278962,0.0,0.0,0.0
2.415,0.2,0.1931721270084381,0.11379629499278962,0.0,0.0,0.0
2.416,0.2,0.19317267835140228,0.11379629499278962,0.0,0.0,0.0
2.4170000000000003,0.2,0.19317324459552765,0.11379629499278962,0.0,0.0,0.0
2.418,0.2,0.19317379593849182,0.11379629499278962,0.0,0.0,0.0
2.419,0.2,0.193174347281456,0.11379629499278962,0.0,0.0,0.0
2.42,0.2,0.19317489862442017,0.11379629499278962,0.0,0.0,0.0
2.4210000000000003,0.2,0.19317544996738434,0.11379629499278962,0.0,0.0,0.0
2.422,0.2,0.1931760013103485,0.11379629499278962,0.0,0.0,0.0
2.423,0.2,0.19317655265331268,0.11379629499278962,0.0,0.0,0.0
2.424,0.2,0.19317710399627686,0.11379629499278962,0.0,0.0,0.0
2.4250000000000003,0.2,0.19317767024040222,0.11379629499278962,0.0,0.0,0.0
2.426,0.2,0.1931782215833664,0.11379629499278962,0.0,0.0,0.0
2.427,0.2,0.19317877292633057,0.11379629499278962,0.0,0.0,0.0
2.428,0.2,0.19317932426929474,0.11379629499278962,0.0,0.0,0.0
2.4290000000000003,0.2,0.1931798756122589,0.11379629499278962,0.0,0.0,0.0
2.43,0.2,0.19318042695522308,0.11379629499278962,0.0,0.0,0.0
2.431,0.2,0.19318097829818726,0.11379629499278962,0.0,0.0,0.0
2.432,0.2,0.19318152964115143,0.11379629499278962,0.0,0.0,0.0
2.433,0.2,0.1931820809841156,0.11379629499278962,0.0,0.0,0.0
2.434,0.2,0.19318263232707977,0.11379629499278962,0.0,0.0,0.0
2.435,0.2,0.19318319857120514,0.11379629499278962,0.0,0.0,0.0
2.436,0.2,0.1931837499141693,0.11379629499278962,0.0,0.0,0.0
2.437,0.2,0.19318430125713348,0.11379629499278962,0.0,0.0,0.0
2.438,0.2,0.19318485260009766,0.11379629499278962,0.0,0.0,0.0
2.439,0.2,0.19318540394306183,0.11379629499278962,0.0,0.0,0.0
2.44,0.2,0.193185955286026,0.11379629499278962,0.0,0.0,0.0
2.441,0.2,0.19318650662899017,0.11379629499278962,0.0,0.0,0.0
2.442,0.2,0.19318705797195435,0.11379629499278962,0.0,0.0,0.0
2.443,0.2,0.19318760931491852,0.11379629499278962,0.0,0.0,0.0
2.444,0.2,0.1931881606578827,0.11379629499278962,0.0,0.0,0.0
2.445,0.2,0.19318871200084686,0.11379629499278962,0.0,0.0,0.0
2.446,0.2,0.19318926334381104,0.11379629499278962,0.0,0.0,0.0
2.447,0.2,0.1931898146867752,0.11379629499278962,0.0,0.0,0.0
2.448,0.2,0.19319036602973938,0.11379629499278962,0.0,0.0,0.0
2.449,0.2,0.19319091737270355,0.11379629499278962,0.0,0.0,0.0
2.45,0.2,0.19319146871566772,0.11379629499278962,0.0,0.0,0.0
2.451,0.2,0.1931920349597931,0.11379629499278962,0.0,0.0,0.0
2.452,0.2,0.19319258630275726,0.11379629499278962,0.0,0.0,0.0
2.453,0.2,0.19319313764572144,0.11379629499278962,0.0,0.0,0.0
2.454,0.2,0.1931936889886856,0.11379629499278962,0.0,0.0,0.0
2.455,0.2,0.19319424033164978,0.11379629499278962,0.0,0.0,0.0
2.456,0.2,0.19319479167461395,0.11379629499278962,0.0,0.0,0.0
2.457,0.2,0.19319534301757812,0.11379629499278962,0.0,0.0,0.0
2.458,0.2,0.1931958943605423,0.11379629499278962,0.0,0.0,0.0
2.459,0.2,0.19319644570350647,0.11379629499278962,0.0,0.0,0.0
2.46,0.2,0.19319698214530945,0.11379629499278962,0.0,0.0,0.0
2.461,0.2,0.19319754838943481,0.11379629499278962,0.0,0.0,0.0
2.462,0.2,0.193198099732399,0.11379629499278962,0.0,0.0,0.0
2.463,0.2,0.19319865107536316,0.11379629499278962,0.0,0.0,0.0
2.464,0.2,0.19319918751716614,0.11379629499278962,0.0,0.0,0.0
2.465,0.2,0.1931997537612915,0.11379629499278962,0.0,0.0,0.0
2.466,0.2,0.19320029020309448,0.11379629499278962,0.0,0.0,0.0
2.467,0.2,0.19320085644721985,0.11379629499278962,0.0,0.0,0.0
2.468,0.2,0.19320139288902283,0.11379629499278962,0.0,0.0,0.0
2.469,0.2,0.1932019591331482,0.11379629499278962,0.0,0.0,0.0
2.47,0.2,0.19320249557495117,0.11379629499278962,0.0,0.0,0.0
2.471,0.2,0.19320304691791534,0.11379629499278962,0.0,0.0,0.0
2.472,0.2,0.19320359826087952,0.11379629499278962,0.0,0.0,0.0
2.473,0.2,0.1932041496038437,0.11379629499278962,0.0,0.0,0.0
2.474,0.2,0.19320470094680786,0.11379629499278962,0.0,0.0,0.0
2.475,0.2,0.19320525228977203,0.11379629499278962,0.0,0.0,0.0
2.476,0.2,0.1932058036327362,0.11379629499278962,0.0,0.0,0.0
2.477,0.2,0.19320635497570038,0.11379629499278962,0.0,0.0,0.0
2.478,0.2,0.19320690631866455,0.11379629499278962,0.0,0.0,0.0
2.479,0.2,0.19320745766162872,0.11379629499278962,0.0,0.0,0.0
2.48,0.2,0.1932080090045929,0.11379629499278962,0.0,0.0,0.0
2.481,0.2,0.19320856034755707,0.11379629499278962,0.0,0.0,0.0
2.482,0.2,0.19320911169052124,0.11379629499278962,0.0,0.0,0.0
2.483,0.2,0.1932096630334854,0.11379629499278962,0.0,0.0,0.0
2.484,0.2,0.19321021437644958,0.11379629499278962,0.0,0.0,0.0
2.485,0.2,0.19321076571941376,0.11379629499278962,0.0,0.0,0.0
2.486,0.2,0.19321131706237793,0.11379629499278962,0.0,0.0,0.0
2.487,0.2,0.1932118684053421,0.11379629499278962,0.0,0.0,0.0
2.488,0.2,0.19321241974830627,0.11379629499278962,0.0,0.0,0.0
2.489,0.2,0.19321297109127045,0.11379629499278962,0.0,0.0,0.0
2.49,0.2,0.19321352243423462,0.11379629499278962,0.0,0.0,0.0
2.491,0.2,0.1932140588760376,0.11379629499278962,0.0,0.0,0.0
2.492,0.2,0.19321461021900177,0.11379629499278962,0.0,0.0,0.0
2.493,0.2,0.19321516156196594,0.11379629499278962,0.0,0.0,0.0
2.494,0.2,0.19321571290493011,0.11379629499278962,0.0,0.0,0.0
2.495,0.2,0.1932162642478943,0.11379629499278962,0.0,0.0,0.0
2.496,0.2,0.19321681559085846,0.11379629499278962,0.0,0.0,0.0
2.497,0.2,0.19321736693382263,0.11379629499278962,0.0,0.0,0.0
2.498,0.2,0.1932179182767868,0.11379629499278962,0.0,0.0,0.0
2.499,0.2,0.19321846961975098,0.11379629499278962,0.0,0.0,0.0
2.5,0.2,0.19321902096271515,0.11379629499278962,0.0,0.0,0.0
2.501,0.2,0.19321955740451813,0.11379629499278962,0.0,0.0,0.0
2.5020000000000002,0.2,0.1932201087474823,0.11379629499278962,0.0,0.0,0.0
2.503,0.2,0.19322066009044647,0.11379629499278962,0.0,0.0,0.0
2.504,0.2,0.19322121143341064,0.11379629499278962,0.0,0.0,0.0
2.505,0.2,0.19322176277637482,0.11379629499278962,0.0,0.0,0.0
2.5060000000000002,0.2,0.193222314119339,0.11379629499278962,0.0,0.0,0.0
2.507,0.2,0.19322286546230316,0.11379629499278962,0.0,0.0,0.0
2.508,0.2,0.19322341680526733,0.11379629499278962,0.0,0.0,0.0
2.509,0.2,0.1932239532470703,0.11379629499278962,0.0,0.0,0.0
2.5100000000000002,0.2,0.19322450459003448,0.11379629499278962,0.0,0.0,0.0
2.511,0.2,0.19322505593299866,0.11379629499278962,0.0,0.0,0.0
2.512,0.2,0.19322560727596283,0.11379629499278962,0.0,0.0,0.0
2.513,0.2,0.193226158618927,0.11379629499278962,0.0,0.0,0.0
2.5140000000000002,0.2,0.19322670996189117,0.11379629499278962,0.0,0.0,0.0
2.515,0.2,0.19322724640369415,0.11379629499278962,0.0,0.0,0.0
2.516,0.2,0.19322779774665833,0.11379629499278962,0.0,0.0,0.0
2.517,0.2,0.1932283490896225,0.11379629499278962,0.0,0.0,0.0
2.5180000000000002,0.2,0.19322890043258667,0.11379629499278962,0.0,0.0,0.0
2.519,0.2,0.19322945177555084,0.11379629499278962,0.0,0.0,0.0
2.52,0.2,0.19323000311851501,0.11379629499278962,0.0,0.0,0.0
2.521,0.2,0.1932305544614792,0.11379629499278962,0.0,0.0,0.0
2.5220000000000002,0.2,0.19323109090328217,0.11379629499278962,0.0,0.0,0.0
2.523,0.2,0.19323164224624634,0.11379629499278962,0.0,0.0,0.0
2.524,0.2,0.1932321935892105,0.11379629499278962,0.0,0.0,0.0
2.525,0.2,0.19323274493217468,0.11379629499278962,0.0,0.0,0.0
2.5260000000000002,0.2,0.19323329627513885,0.11379629499278962,0.0,0.0,0.0
2.527,0.2,0.19323383271694183,0.11379629499278962,0.0,0.0,0.0
2.528,0.2,0.193234384059906,0.11379629499278962,0.0,0.0,0.0
2.529,0.2,0.19323493540287018,0.11379629499278962,0.0,0.0,0.0
2.5300000000000002,0.2,0.19323548674583435,0.11379629499278962,0.0,0.0,0.0
2.531,0.2,0.19323603808879852,0.11379629499278962,0.0,0.0,0.0
2.532,0.2,0.1932365745306015,0.11379629499278962,0.0,0.0,0.0
2.533,0.2,0.19323712587356567,0.11379629499278962,0.0,0.0,0.0
2.5340000000000003,0.2,0.19323767721652985,0.11379629499278962,0.0,0.0,0.0
2.535,0.2,0.19323822855949402,0.11379629499278962,0.0,0.0,0.0
2.536,0.2,0.1932387799024582,0.11379629499278962,0.0,0.0,0.0
2.537,0.2,0.19323931634426117,0.11379629499278962,0.0,0.0,0.0
2.5380000000000003,0.2,0.19323986768722534,0.11379629499278962,0.0,0.0,0.0
2.539,0.2,0.19324041903018951,0.11379629499278962,0.0,0.0,0.0
2.54,0.2,0.1932409703731537,0.11379629499278962,0.0,0.0,0.0
2.541,0.2,0.19324150681495667,0.11379629499278962,0.0,0.0,0.0
2.5420000000000003,0.2,0.19324205815792084,0.11379629499278962,0.0,0.0,0.0
2.543,0.2,0.193242609500885,0.11379629499278962,0.0,0.0,0.0
2.544,0.2,0.19324316084384918,0.11379629499278962,0.0,0.0,0.0
2.545,0.2,0.19324369728565216,0.11379629499278962,0.0,0.0,0.0
2.5460000000000003,0.2,0.19324424862861633,0.11379629499278962,0.0,0.0,0.0
2.547,0.2,0.1932447999715805,0.11379629499278962,0.0,0.0,0.0
2.548,0.2,0.19324535131454468,0.11379629499278962,0.0,0.0,0.0
2.549,0.2,0.19324588775634766,0.11379629499278962,0.0,0.0,0.0
2.5500000000000003,0.2,0.19324643909931183,0.11379629499278962,0.0,0.0,0.0
2.551,0.2,0.193246990442276,0.11379629499278962,0.0,0.0,0.0
2.552,0.2,0.19324754178524017,0.11379629499278962,0.0,0.0,0.0
2.553,0.2,0.19324807822704315,0.11379629499278962,0.0,0.0,0.0
2.5540000000000003,0.2,0.19324862957000732,0.11379629499278962,0.0,0.0,0.0
2.555,0.2,0.1932491809129715,0.11379629499278962,0.0,0.0,0.0
2.556,0.2,0.19324973225593567,0.11379629499278962,0.0,0.0,0.0
2.557,0.2,0.19325026869773865,0.11379629499278962,0.0,0.0,0.0
2.5580000000000003,0.2,0.19325082004070282,0.11379629499278962,0.0,0.0,0.0
2.559,0.2,0.193251371383667,0.11379629499278962,0.0,0.0,0.0
2.56,0.2,0.19325190782546997,0.11379629499278962,0.0,0.0,0.0
2.561,0.2,0.19325245916843414,0.11379629499278962,0.0,0.0,0.0
2.562,0.2,0.19325301051139832,0.11379629499278962,0.0,0.0,0.0
2.563,0.2,0.1932535469532013,0.11379629499278962,0.0,0.0,0.0
2.564,0.2,0.19325409829616547,0.11379629499278962,0.0,0.0,0.0
2.565,0.2,0.19325464963912964,0.11379629499278962,0.0,0.0,0.0
2.566,0.2,0.1932552009820938,0.11379629499278962,0.0,0.0,0.0
2.567,0.2,0.1932557374238968,0.11379629499278962,0.0,0.0,0.0
2.568,0.2,0.19325628876686096,0.11379629499278962,0.0,0.0,0.0
2.569,0.2,0.19325684010982513,0.11379629499278962,0.0,0.0,0.0
2.57,0.2,0.1932573765516281,0.11379629499278962,0.0,0.0,0.0
2.571,0.2,0.19325792789459229,0.11379629499278962,0.0,0.0,0.0
2.572,0.2,0.19325847923755646,0.11379629499278962,0.0,0.0,0.0
2.573,0.2,0.19325901567935944,0.11379629499278962,0.0,0.0,0.0
2.574,0.2,0.1932595670223236,0.11379629499278962,0.0,0.0,0.0
2.575,0.2,0.19326011836528778,0.11379629499278962,0.0,0.0,0.0
2.576,0.2,0.19326065480709076,0.11379629499278962,0.0,0.0,0.0
2.577,0.2,0.19326120615005493,0.11379629499278962,0.0,0.0,0.0
2.578,0.2,0.1932617574930191,0.11379629499278962,0.0,0.0,0.0
2.579,0.2,0.19326229393482208,0.11379629499278962,0.0,0.0,0.0
2.58,0.2,0.19326284527778625,0.11379629499278962,0.0,0.0,0.0
2.581,0.2,0.19326339662075043,0.11379629499278962,0.0,0.0,0.0
2.582,0.2,0.1932639330625534,0.11379629499278962,0.0,0.0,0.0
2.583,0.2,0.19326448440551758,0.11379629499278962,0.0,0.0,0.0
2.584,0.2,0.19326503574848175,0.11379629499278962,0.0,0.0,0.0
2.585,0.2,0.19326557219028473,0.11379629499278962,0.0,0.0,0.0
2.586,0.2,0.1932661235332489,0.11379629499278962,0.0,0.0,0.0
2.587,0.2,0.19326665997505188,0.11379629499278962,0.0,0.0,0.0
2.588,0.2,0.19326721131801605,0.11379629499278962,0.0,0.0,0.0
2.589,0.2,0.19326776266098022,0.11379629499278962,0.0,0.0,0.0
2.59,0.2,0.1932682991027832,0.11379629499278962,0.0,0.0,0.0
2.591,0.2,0.19326885044574738,0.11379629499278962,0.0,0.0,0.0
2.592,0.2,0.19326940178871155,0.11379629499278962,0.0,0.0,0.0
2.593,0.2,0.19326993823051453,0.11379629499278962,0.0,0.0,0.0
2.594,0.2,0.1932704895734787,0.11379629499278962,0.0,0.0,0.0
2.595,0.2,0.19327102601528168,0.11379629499278962,0.0,0.0,0.0
2.596,0.2,0.19327157735824585,0.11379629499278962,0.0,0.0,0.0
2.597,0.2,0.19327212870121002,0.11379629499278962,0.0,0.0,0.0
2.598,0.2,0.193272665143013,0.11379629499278962,0.0,0.0,0.0
2.599,0.2,0.19327321648597717,0.11379629499278962,0.0,0.0,0.0
2.6,0.2,0.19327375292778015,0.11379629499278962,0.0,0.0,0.0
2.601,0.2,0.19327430427074432,0.11379629499278962,0.0,0.0,0.0
2.602,0.2,0.1932748556137085,0.11379629499278962,0.0,0.0,0.0
2.603,0.2,0.19327539205551147,0.11379629499278962,0.0,0.0,0.0
2.604,0.2,0.19327594339847565,0.11379629499278962,0.0,0.0,0.0
2.605,0.2,0.19327647984027863,0.11379629499278962,0.0,0.0,0.0
2.606,0.2,0.1932770311832428,0.11379629499278962,0.0,0.0,0.0
2.607,0.2,0.19327756762504578,0.11379629499278962,0.0,0.0,0.0
2.608,0.2,0.19327811896800995,0.11379629499278962,0.0,0.0,0.0
2.609,0.2,0.19327867031097412,0.11379629499278962,0.0,0.0,0.0
2.61,0.2,0.1932792067527771,0.11379629499278962,0.0,0.0,0.0
2.611,0.2,0.19327975809574127,0.11379629499278962,0.0,0.0,0.0
2.612,0.2,0.19328029453754425,0.11379629499278962,0.0,0.0,0.0
2.613,0.2,0.19328084588050842,0.11379629499278962,0.0,0.0,0.0
2.614,0.2,0.1932813823223114,0.11379629499278962,0.0,0.0,0.0
2.615,0.2,0.19328193366527557,0.11379629499278962,0.0,0.0,0.0
2.616,0.2,0.19328247010707855,0.11379629499278962,0.0,0.0,0.0
2.617,0.2,0.19328302145004272,0.11379629499278962,0.0,0.0,0.0
2.618,0.2,0.1932835578918457,0.11379629499278962,0.0,0.0,0.0
2.619,0.2,0.19328410923480988,0.11379629499278962,0.0,0.0,0.0
2.62,0.2,0.19328466057777405,0.11379629499278962,0.0,0.0,0.0
2.621,0.2,0.19328519701957703,0.11379629499278962,0.0,0.0,0.0
2.622,0.2,0.1932857483625412,0.11379629499278962,0.0,0.0,0.0
2.623,0.2,0.19328628480434418,0.11379629499278962,0.0,0.0,0.0
2.624,0.2,0.19328683614730835,0.11379629499278962,0.0,0.0,0.0
2.625,0.2,0.19328737258911133,0.11379629499278962,0.0,0.0,0.0
2.626,0.2,0.1932879239320755,0.11379629499278962,0.0,0.0,0.0
2.6270000000000002,0.2,0.19328846037387848,0.11379629499278962,0.0,0.0,0.0
2.628,0.2,0.19328901171684265,0.11379629499278962,0.0,0.0,0.0
2.629,0.2,0.19328954815864563,0.11379629499278962,0.0,0.0,0.0
2.63,0.2,0.1932900995016098,0.11379629499278962,0.0,0.0,0.0
2.6310000000000002,0.2,0.19329063594341278,0.11379629499278962,0.0,0.0,0.0
2.632,0.2,0.19329118728637695,0.11379629499278962,0.0,0.0,0.0
2.633,0.2,0.19329172372817993,0.11379629499278962,0.0,0.0,0.0
2.634,0.2,0.1932922750711441,0.11379629499278962,0.0,0.0,0.0
2.6350000000000002,0.2,0.19329281151294708,0.11379629499278962,0.0,0.0,0.0
2.636,0.2,0.19329336285591125,0.11379629499278962,0.0,0.0,0.0
2.637,0.2,0.19329389929771423,0.11379629499278962,0.0,0.0,0.0
2.638,0.2,0.1932944506406784,0.11379629499278962,0.0,0.0,0.0
2.6390000000000002,0.2,0.19329498708248138,0.11379629499278962,0.0,0.0,0.0
2.64,0.2,0.19329552352428436,0.11379629499278962,0.0,0.0,0.0
2.641,0.2,0.19329607486724854,0.11379629499278962,0.0,0.0,0.0
2.642,0.2,0.1932966113090515,0.11379629499278962,0.0,0.0,0.0
2.6430000000000002,0.2,0.19329716265201569,0.11379629499278962,0.0,0.0,0.0
2.644,0.2,0.19329769909381866,0.11379629499278962,0.0,0.0,0.0
2.645,0.2,0.19329825043678284,0.11379629499278962,0.0,0.0,0.0
2.646,0.2,0.19329878687858582,0.11379629499278962,0.0,0.0,0.0
2.6470000000000002,0.2,0.19329933822155,0.11379629499278962,0.0,0.0,0.0
2.648,0.2,0.19329987466335297,0.11379629499278962,0.0,0.0,0.0
2.649,0.2,0.19330042600631714,0.11379629499278962,0.0,0.0,0.0
2.65,0.2,0.19330096244812012,0.11379629499278962,0.0,0.0,0.0
2.6510000000000002,0.2,0.1933015137910843,0.11379629499278962,0.0,0.0,0.0
2.652,0.2,0.19330205023288727,0.11379629499278962,0.0,0.0,0.0
2.653,0.2,0.19330258667469025,0.11379629499278962,0.0,0.0,0.0
2.654,0.2,0.19330313801765442,0.11379629499278962,0.0,0.0,0.0
2.6550000000000002,0.2,0.1933036744594574,0.11379629499278962,0.0,0.0,0.0
2.656,0.2,0.19330422580242157,0.11379629499278962,0.0,0.0,0.0
2.657,0.2,0.19330476224422455,0.11379629499278962,0.0,0.0,0.0
2.658,0.2,0.19330531358718872,0.11379629499278962,0.0,0.0,0.0
2.6590000000000003,0.2,0.1933058500289917,0.11379629499278962,0.0,0.0,0.0
2.66,0.2,0.19330638647079468,0.11379629499278962,0.0,0.0,0.0
2.661,0.2,0.19330693781375885,0.11379629499278962,0.0,0.0,0.0
2.662,0.2,0.19330747425556183,0.11379629499278962,0.0,0.0,0.0
2.6630000000000003,0.2,0.193308025598526,0.11379629499278962,0.0,0.0,0.0
2.664,0.2,0.19330856204032898,0.11379629499278962,0.0,0.0,0.0
2.665,0.2,0.19330909848213196,0.11379629499278962,0.0,0.0,0.0
2.666,0.2,0.19330964982509613,0.11379629499278962,0.0,0.0,0.0
2.6670000000000003,0.2,0.1933101862668991,0.11379629499278962,0.0,0.0,0.0
2.668,0.2,0.19331073760986328,0.11379629499278962,0.0,0.0,0.0
2.669,0.2,0.19331127405166626,0.11379629499278962,0.0,0.0,0.0
2.67,0.2,0.19331181049346924,0.11379629499278962,0.0,0.0,0.0
2.6710000000000003,0.2,0.1933123618364334,0.11379629499278962,0.0,0.0,0.0
2.672,0.2,0.1933128982782364,0.11379629499278962,0.0,0.0,0.0
2.673,0.2,0.19331343472003937,0.11379629499278962,0.0,0.0,0.0
2.674,0.2,0.19331398606300354,0.11379629499278962,0.0,0.0,0.0
2.6750000000000003,0.2,0.19331452250480652,0.11379629499278962,0.0,0.0,0.0
2.676,0.2,0.1933150738477707,0.11379629499278962,0.0,0.0,0.0
2.677,0.2,0.19331561028957367,0.11379629499278962,0.0,0.0,0.0
2.678,0.2,0.19331614673137665,0.11379629499278962,0.0,0.0,0.0
2.6790000000000003,0.2,0.19331669807434082,0.11379629499278962,0.0,0.0,0.0
2.68,0.2,0.1933172345161438,0.11379629499278962,0.0,0.0,0.0
2.681,0.2,0.19331777095794678,0.11379629499278962,0.0,0.0,0.0
2.682,0.2,0.19331832230091095,0.11379629499278962,0.0,0.0,0.0
2.6830000000000003,0.2,0.19331885874271393,0.11379629499278962,0.0,0.0,0.0
2.684,0.2,0.1933193951845169,0.11379629499278962,0.0,0.0,0.0
2.685,0.2,0.19331994652748108,0.11379629499278962,0.0,0.0,0.0
2.686,0.2,0.19332048296928406,0.11379629499278962,0.0,0.0,0.0
2.6870000000000003,0.2,0.19332101941108704,0.11379629499278962,0.0,0.0,0.0
2.688,0.2,0.1933215707540512,0.11379629499278962,0.0,0.0,0.0
2.689,0.2,0.1933221071958542,0.11379629499278962,0.0,0.0,0.0
2.69,0.2,0.19332264363765717,0.11379629499278962,0.0,0.0,0.0
2.691,0.2,0.19332319498062134,0.11379629499278962,0.0,0.0,0.0
2.692,0.2,0.19332373142242432,0.11379629499278962,0.0,0.0,0.0
2.693,0.2,0.1933242678642273,0.11379629499278962,0.0,0.0,0.0
2.694,0.2,0.19332481920719147,0.11379629499278962,0.0,0.0,0.0
2.695,0.2,0.19332535564899445,0.11379629499278962,0.0,0.0,0.0
2.696,0.2,0.19332589209079742,0.11379629499278962,0.0,0.0,0.0
2.697,0.2,0.1933264434337616,0.11379629499278962,0.0,0.0,0.0
2.698,0.2,0.19332697987556458,0.11379629499278962,0.0,0.0,0.0
2.699,0.2,0.19332751631736755,0.11379629499278962,0.0,0.0,0.0
2.7,0.2,0.19332806766033173,0.11379629499278962,0.0,0.0,0.0
2.701,0.2,0.1933286041021347,0.11379629499278962,0.0,0.0,0.0
2.702,0.2,0.19332914054393768,0.11379629499278962,0.0,0.0,0.0
2.703,0.2,0.19332967698574066,0.11379629499278962,0.0,0.0,0.0
2.704,0.2,0.19333022832870483,0.11379629499278962,0.0,0.0,0.0
2.705,0.2,0.1933307647705078,0.11379629499278962,0.0,0.0,0.0
2.706,0.2,0.1933313012123108,0.11379629499278962,0.0,0.0,0.0
2.707,0.2,0.19333185255527496,0.11379629499278962,0.0,0.0,0.0
2.708,0.2,0.19333238899707794,0.11379629499278962,0.0,0.0,0.0
2.709,0.2,0.19333292543888092,0.11379629499278962,0.0,0.0,0.0
2.71,0.2,0.1933334618806839,0.11379629499278962,0.0,0.0,0.0
2.711,0.2,0.19333401322364807,0.11379629499278962,0.0,0.0,0.0
2.712,0.2,0.19333454966545105,0.11379629499278962,0.0,0.0,0.0
2.713,0.2,0.19333508610725403,0.11379629499278962,0.0,0.0,0.0
2.714,0.2,0.193335622549057,0.11379629499278962,0.0,0.0,0.0
2.715,0.2,0.19333617389202118,0.11379629499278962,0.0,0.0,0.0
2.716,0.2,0.19333671033382416,0.11379629499278962,0.0,0.0,0.0
2.717,0.2,0.19333724677562714,0.11379629499278962,0.0,0.0,0.0
2.718,0.2,0.19333778321743011,0.11379629499278962,0.0,0.0,0.0
2.719,0.2,0.1933383345603943,0.11379629499278962,0.0,0.0,0.0
2.72,0.2,0.19333887100219727,0.11379629499278962,0.0,0.0,0.0
2.721,0.2,0.19333940744400024,0.11379629499278962,0.0,0.0,0.0
2.722,0.2,0.19333994388580322,0.11379629499278962,0.0,0.0,0.0
2.723,0.2,0.1933404803276062,0.11379629499278962,0.0,0.0,0.0
2.724,0.2,0.19334103167057037,0.11379629499278962,0.0,0.0,0.0
2.725,0.2,0.19334156811237335,0.11379629499278962,0.0,0.0,0.0
2.726,0.2,0.19334210455417633,0.11379629499278962,0.0,0.0,0.0
2.727,0.2,0.1933426409959793,0.11379629499278962,0.0,0.0,0.0
2.728,0.2,0.19334319233894348,0.11379629499278962,0.0,0.0,0.0
2.729,0.2,0.19334372878074646,0.11379629499278962,0.0,0.0,0.0
2.73,0.2,0.19334426522254944,0.11379629499278962,0.0,0.0,0.0
2.731,0.2,0.19334480166435242,0.11379629499278962,0.0,0.0,0.0
2.732,0.2,0.1933453381061554,0.11379629499278962,0.0,0.0,0.0
2.733,0.2,0.19334588944911957,0.11379629499278962,0.0,0.0,0.0
2.734,0.2,0.19334642589092255,0.11379629499278962,0.0,0.0,0.0
2.735,0.2,0.19334696233272552,0.11379629499278962,0.0,0.0,0.0
2.736,0.2,0.1933474987745285,0.11379629499278962,0.0,0.0,0.0
2.737,0.2,0.19334803521633148,0.11379629499278962,0.0,0.0,0.0
2.738,0.2,0.19334858655929565,0.11379629499278962,0.0,0.0,0.0
2.739,0.2,0.19334912300109863,0.11379629499278962,0.0,0.0,0.0
2.74,0.2,0.1933496594429016,0.11379629499278962,0.0,0.0,0.0
2.741,0.2,0.1933501958847046,0.11379629499278962,0.0,0.0,0.0
2.742,0.2,0.19335073232650757,0.11379629499278962,0.0,0.0,0.0
2.743,0.2,0.19335126876831055,0.11379629499278962,0.0,0.0,0.0
2.744,0.2,0.19335182011127472,0.11379629499278962,0.0,0.0,0.0
2.745,0.2,0.1933523565530777,0.11379629499278962,0.0,0.0,0.0
2.746,0.2,0.19335289299488068,0.11379629499278962,0.0,0.0,0.0
2.747,0.2,0.19335342943668365,0.11379629499278962,0.0,0.0,0.0
2.748,0.2,0.19335396587848663,0.11379629499278962,0.0,0.0,0.0
2.749,0.2,0.1933545023202896,0.11379629499278962,0.0,0.0,0.0
2.75,0.2,0.19335505366325378,0.11379629499278962,0.0,0.0,0.0
2.751,0.2,0.19335559010505676,0.11379629499278962,0.0,0.0,0.0
2.7520000000000002,0.2,0.19335612654685974,0.11379629499278962,0.0,0.0,0.0
2.753,0.2,0.19335666298866272,0.11379629499278962,0.0,0.0,0.0
2.754,0.2,0.1933571994304657,0.11379629499278962,0.0,0.0,0.0
2.755,0.2,0.19335773587226868,0.11379629499278962,0.0,0.0,0.0
2.7560000000000002,0.2,0.19335827231407166,0.11379629499278962,0.0,0.0,0.0
2.757,0.2,0.19335882365703583,0.11379629499278962,0.0,0.0,0.0
2.758,0.2,0.1933593600988388,0.11379629499278962,0.0,0.0,0.0
2.759,0.2,0.19335989654064178,0.11379629499278962,0.0,0.0,0.0
2.7600000000000002,0.2,0.19336043298244476,0.11379629499278962,0.0,0.0,0.0
2.761,0.2,0.19336096942424774,0.11379629499278962,0.0,0.0,0.0
2.762,0.2,0.19336150586605072,0.11379629499278962,0.0,0.0,0.0
2.763,0.2,0.1933620423078537,0.11379629499278962,0.0,0.0,0.0
2.7640000000000002,0.2,0.19336257874965668,0.11379629499278962,0.0,0.0,0.0
2.765,0.2,0.19336311519145966,0.11379629499278962,0.0,0.0,0.0
2.766,0.2,0.19336366653442383,0.11379629499278962,0.0,0.0,0.0
2.767,0.2,0.1933642029762268,0.11379629499278962,0.0,0.0,0.0
2.7680000000000002,0.2,0.19336473941802979,0.11379629499278962,0.0,0.0,0.0
2.769,0.2,0.19336527585983276,0.11379629499278962,0.0,0.0,0.0
2.77,0.2,0.19336581230163574,0.11379629499278962,0.0,0.0,0.0
2.771,0.2,0.19336634874343872,0.11379629499278962,0.0,0.0,0.0
2.7720000000000002,0.2,0.1933668851852417,0.11379629499278962,0.0,0.0,0.0
2.773,0.2,0.19336742162704468,0.11379629499278962,0.0,0.0,0.0
2.774,0.2,0.19336795806884766,0.11379629499278962,0.0,0.0,0.0
2.775,0.2,0.19336849451065063,0.11379629499278962,0.0,0.0,0.0
2.7760000000000002,0.2,0.1933690309524536,0.11379629499278962,0.0,0.0,0.0
2.777,0.2,0.1933695673942566,0.11379629499278962,0.0,0.0,0.0
2.778,0.2,0.19337011873722076,0.11379629499278962,0.0,0.0,0.0
2.779,0.2,0.19337065517902374,0.11379629499278962,0.0,0.0,0.0
2.7800000000000002,0.2,0.19337119162082672,0.11379629499278962,0.0,0.0,0.0
2.781,0.2,0.1933717280626297,0.11379629499278962,0.0,0.0,0.0
2.782,0.2,0.19337226450443268,0.11379629499278962,0.0,0.0,0.0
2.783,0.2,0.19337280094623566,0.11379629499278962,0.0,0.0,0.0
2.7840000000000003,0.2,0.19337333738803864,0.11379629499278962,0.0,0.0,0.0
2.785,0.2,0.1933738738298416,0.11379629499278962,0.0,0.0,0.0
2.786,0.2,0.1933744102716446,0.11379629499278962,0.0,0.0,0.0
2.787,0.2,0.19337494671344757,0.11379629499278962,0.0,0.0,0.0
2.7880000000000003,0.2,0.19337548315525055,0.11379629499278962,0.0,0.0,0.0
2.789,0.2,0.19337601959705353,0.11379629499278962,0.0,0.0,0.0
2.79,0.2,0.1933765560388565,0.11379629499278962,0.0,0.0,0.0
2.791,0.2,0.19337709248065948,0.11379629499278962,0.0,0.0,0.0
2.7920000000000003,0.2,0.19337762892246246,0.11379629499278962,0.0,0.0,0.0
2.793,0.2,0.19337816536426544,0.11379629499278962,0.0,0.0,0.0
2.794,0.2,0.19337870180606842,0.11379629499278962,0.0,0.0,0.0
2.795,0.2,0.1933792382478714,0.11379629499278962,0.0,0.0,0.0
2.7960000000000003,0.2,0.19337977468967438,0.11379629499278962,0.0,0.0,0.0
2.797,0.2,0.19338031113147736,0.11379629499278962,0.0,0.0,0.0
2.798,0.2,0.19338084757328033,0.11379629499278962,0.0,0.0,0.0
2.799,0.2,0.1933813840150833,0.11379629499278962,0.0,0.0,0.0
2.8000000000000003,0.2,0.1933819204568863,0.11379629499278962,0.0,0.0,0.0
2.801,0.2,0.19338245689868927,0.11379629499278962,0.0,0.0,0.0
2.802,0.2,0.19338299334049225,0.11379629499278962,0.0,0.0,0.0
2.803,0.2,0.19338352978229523,0.11379629499278962,0.0,0.0,0.0
2.8040000000000003,0.2,0.1933840662240982,0.11379629499278962,0.0,0.0,0.0
2.805,0.2,0.19338460266590118,0.11379629499278962,0.0,0.0,0.0
2.806,0.2,0.19338513910770416,0.11379629499278962,0.0,0.0,0.0
2.807,0.2,0.19338567554950714,0.11379629499278962,0.0,0.0,0.0
2.8080000000000003,0.2,0.19338621199131012,0.11379629499278962,0.0,0.0,0.0
2.809,0.2,0.1933867484331131,0.11379629499278962,0.0,0.0,0.0
2.81,0.2,0.19338728487491608,0.11379629499278962,0.0,0.0,0.0
2.811,0.2,0.19338782131671906,0.11379629499278962,0.0,0.0,0.0
2.8120000000000003,0.2,0.19338835775852203,0.11379629499278962,0.0,0.0,0.0
2.813,0.2,0.193388894200325,0.11379629499278962,0.0,0.0,0.0
2.814,0.2,0.193389430642128,0.11379629499278962,0.0,0.0,0.0
2.815,0.2,0.19338996708393097,0.11379629499278962,0.0,0.0,0.0
2.816,0.2,0.19339050352573395,0.11379629499278962,0.0,0.0,0.0
2.817,0.2,0.19339103996753693,0.11379629499278962,0.0,0.0,0.0
2.818,0.2,0.1933915764093399,0.11379629499278962,0.0,0.0,0.0
2.819,0.2,0.19339211285114288,0.11379629499278962,0.0,0.0,0.0
2.82,0.2,0.19339264929294586,0.11379629499278962,0.0,0.0,0.0
2.821,0.2,0.19339318573474884,0.11379629499278962,0.0,0.0,0.0
2.822,0.2,0.19339372217655182,0.11379629499278962,0.0,0.0,0.0
2.823,0.2,0.1933942437171936,0.11379629499278962,0.0,0.0,0.0
2.824,0.2,0.19339478015899658,0.11379629499278962,0.0,0.0,0.0
2.825,0.2,0.19339531660079956,0.11379629499278962,0.0,0.0,0.0
2.826,0.2,0.19339585304260254,0.11379629499278962,0.0,0.0,0.0
2.827,0.2,0.19339638948440552,0.11379629499278962,0.0,0.0,0.0
2.828,0.2,0.1933969259262085,0.11379629499278962,0.0,0.0,0.0
2.829,0.2,0.19339746236801147,0.11379629499278962,0.0,0.0,0.0
2.83,0.2,0.19339799880981445,0.11379629499278962,0.0,0.0,0.0
2.831,0.2,0.19339853525161743,0.11379629499278962,0.0,0.0,0.0
2.832,0.2,0.1933990716934204,0.11379629499278962,0.0,0.0,0.0
2.833,0.2,0.1933996081352234,0.11379629499278962,0.0,0.0,0.0
2.834,0.2,0.19340014457702637,0.11379629499278962,0.0,0.0,0.0
2.835,0.2,0.19340068101882935,0.11379629499278962,0.0,0.0,0.0
2.836,0.2,0.19340120255947113,0.11379629499278962,0.0,0.0,0.0
2.837,0.2,0.1934017390012741,0.11379629499278962,0.0,0.0,0.0
2.838,0.2,0.1934022754430771,0.11379629499278962,0.0,0.0,0.0
2.839,0.2,0.19340281188488007,0.11379629499278962,0.0,0.0,0.0
2.84,0.2,0.19340334832668304,0.11379629499278962,0.0,0.0,0.0
2.841,0.2,0.19340388476848602,0.11379629499278962,0.0,0.0,0.0
2.842,0.2,0.193404421210289,0.11379629499278962,0.0,0.0,0.0
2.843,0.2,0.19340495765209198,0.11379629499278962,0.0,0.0,0.0
2.844,0.2,0.19340547919273376,0.11379629499278962,0.0,0.0,0.0
2.845,0.2,0.19340601563453674,0.11379629499278962,0.0,0.0,0.0
2.846,0.2,0.19340655207633972,0.11379629499278962,0.0,0.0,0.0
2.847,0.2,0.1934070885181427,0.11379629499278962,0.0,0.0,0.0
2.848,0.2,0.19340762495994568,0.11379629499278962,0.0,0.0,0.0
2.849,0.2,0.19340816140174866,0.11379629499278962,0.0,0.0,0.0
2.85,0.2,0.19340869784355164,0.11379629499278962,0.0,0.0,0.0
2.851,0.2,0.19340923428535461,0.11379629499278962,0.0,0.0,0.0
2.852,0.2,0.1934097558259964,0.11379629499278962,0.0,0.0,0.0
2.853,0.2,0.19341029226779938,0.11379629499278962,0.0,0.0,0.0
2.854,0.2,0.19341082870960236,0.11379629499278962,0.0,0.0,0.0
2.855,0.2,0.19341136515140533,0.11379629499278962,0.0,0.0,0.0
2.856,0.2,0.1934119015932083,0.11379629499278962,0.0,0.0,0.0
2.857,0.2,0.1934124380350113,0.11379629499278962,0.0,0.0,0.0
2.858,0.2,0.19341295957565308,0.11379629499278962,0.0,0.0,0.0
2.859,0.2,0.19341349601745605,0.11379629499278962,0.0,0.0,0.0
2.86,0.2,0.19341403245925903,0.11379629499278962,0.0,0.0,0.0
2.861,0.2,0.193414568901062,0.11379629499278962,0.0,0.0,0.0
2.862,0.2,0.193415105342865,0.11379629499278962,0.0,0.0,0.0
2.863,0.2,0.19341564178466797,0.11379629499278962,0.0,0.0,0.0
2.864,0.2,0.19341616332530975,0.11379629499278962,0.0,0.0,0.0
2.865,0.2,0.19341669976711273,0.11379629499278962,0.0,0.0,0.0
2.866,0.2,0.1934172362089157,0.11379629499278962,0.0,0.0,0.0
2.867,0.2,0.1934177726507187,0.11379629499278962,0.0,0.0,0.0
2.868,0.2,0.19341830909252167,0.11379629499278962,0.0,0.0,0.0
2.869,0.2,0.19341883063316345,0.11379629499278962,0.0,0.0,0.0
2.87,0.2,0.19341936707496643,0.11379629499278962,0.0,0.0,0.0
2.871,0.2,0.1934199035167694,0.11379629499278962,0.0,0.0,0.0
2.872,0.2,0.1934204399585724,0.11379629499278962,0.0,0.0,0.0
2.873,0.2,0.19342097640037537,0.11379629499278962,0.0,0.0,0.0
2.874,0.2,0.19342149794101715,0.11379629499278962,0.0,0.0,0.0
2.875,0.2,0.19342203438282013,0.11379629499278962,0.0,0.0,0.0
2.876,0.2,0.1934225708246231,0.11379629499278962,0.0,0.0,0.0
2.8770000000000002,0.2,0.1934231072664261,0.11379629499278962,0.0,0.0,0.0
2.878,0.2,0.19342362880706787,0.11379629499278962,0.0,0.0,0.0
2.879,0.2,0.19342416524887085,0.11379629499278962,0.0,0.0,0.0
2.88,0.2,0.19342470169067383,0.11379629499278962,0.0,0.0,0.0
2.8810000000000002,0.2,0.1934252381324768,0.11379629499278962,0.0,0.0,0.0
2.882,0.2,0.19342577457427979,0.11379629499278962,0.0,0.0,0.0
2.883,0.2,0.19342629611492157,0.11379629499278962,0.0,0.0,0.0
2.884,0.2,0.19342683255672455,0.11379629499278962,0.0,0.0,0.0
2.8850000000000002,0.2,0.19342736899852753,0.11379629499278962,0.0,0.0,0.0
2.886,0.2,0.1934279054403305,0.11379629499278962,0.0,0.0,0.0
2.887,0.2,0.1934284269809723,0.11379629499278962,0.0,0.0,0.0
2.888,0.2,0.19342896342277527,0.11379629499278962,0.0,0.0,0.0
2.8890000000000002,0.2,0.19342949986457825,0.11379629499278962,0.0,0.0,0.0
2.89,0.2,0.19343003630638123,0.11379629499278962,0.0,0.0,0.0
2.891,0.2,0.193430557847023,0.11379629499278962,0.0,0.0,0.0
2.892,0.2,0.193431094288826,0.11379629499278962,0.0,0.0,0.0
2.8930000000000002,0.2,0.19343163073062897,0.11379629499278962,0.0,0.0,0.0
2.894,0.2,0.19343215227127075,0.11379629499278962,0.0,0.0,0.0
2.895,0.2,0.19343268871307373,0.11379629499278962,0.0,0.0,0.0
2.896,0.2,0.1934332251548767,0.11379629499278962,0.0,0.0,0.0
2.8970000000000002,0.2,0.1934337615966797,0.11379629499278962,0.0,0.0,0.0
2.898,0.2,0.19343428313732147,0.11379629499278962,0.0,0.0,0.0
2.899,0.2,0.19343481957912445,0.11379629499278962,0.0,0.0,0.0
2.9,0.2,0.19343535602092743,0.11379629499278962,0.0,0.0,0.0
2.9010000000000002,0.2,0.1934358924627304,0.11379629499278962,0.0,0.0,0.0
2.902,0.2,0.1934364140033722,0.11379629499278962,0.0,0.0,0.0
2.903,0.2,0.19343695044517517,0.11379629499278962,0.0,0.0,0.0
2.904,0.2,0.19343748688697815,0.11379629499278962,0.0,0.0,0.0
2.9050000000000002,0.2,0.19343800842761993,0.11379629499278962,0.0,0.0,0.0
2.906,0.2,0.1934385448694229,0.11379629499278962,0.0,0.0,0.0
2.907,0.2,0.1934390813112259,0.11379629499278962,0.0,0.0,0.0
2.908,0.2,0.19343960285186768,0.11379629499278962,0.0,0.0,0.0
2.9090000000000003,0.2,0.19344013929367065,0.11379629499278962,0.0,0.0,0.0
2.91,0.2,0.19344067573547363,0.11379629499278962,0.0,0.0,0.0
2.911,0.2,0.19344119727611542,0.11379629499278962,0.0,0.0,0.0
2.912,0.2,0.1934417337179184,0.11379629499278962,0.0,0.0,0.0
2.9130000000000003,0.2,0.19344227015972137,0.11379629499278962,0.0,0.0,0.0
2.914,0.2,0.19344279170036316,0.11379629499278962,0.0,0.0,0.0
2.915,0.2,0.19344332814216614,0.11379629499278962,0.0,0.0,0.0
2.916,0.2,0.19344386458396912,0.11379629499278962,0.0,0.0,0.0
2.9170000000000003,0.2,0.1934443861246109,0.11379629499278962,0.0,0.0,0.0
2.918,0.2,0.19344492256641388,0.11379629499278962,0.0,0.0,0.0
2.919,0.2,0.19344545900821686,0.11379629499278962,0.0,0.0,0.0
2.92,0.2,0.19344598054885864,0.11379629499278962,0.0,0.0,0.0
2.9210000000000003,0.2,0.19344651699066162,0.11379629499278962,0.0,0.0,0.0
2.922,0.2,0.1934470534324646,0.11379629499278962,0.0,0.0,0.0
2.923,0.2,0.19344757497310638,0.11379629499278962,0.0,0.0,0.0
2.924,0.2,0.19344811141490936,0.11379629499278962,0.0,0.0,0.0
2.9250000000000003,0.2,0.19344864785671234,0.11379629499278962,0.0,0.0,0.0
2.926,0.2,0.19344916939735413,0.11379629499278962,0.0,0.0,0.0
2.927,0.2,0.1934497058391571,0.11379629499278962,0.0,0.0,0.0
2.928,0.2,0.19345024228096008,0.11379629499278962,0.0,0.0,0.0
2.9290000000000003,0.2,0.19345076382160187,0.11379629499278962,0.0,0.0,0.0
2.93,0.2,0.19345130026340485,0.11379629499278962,0.0,0.0,0.0
2.931,0.2,0.19345182180404663,0.11379629499278962,0.0,0.0,0.0
2.932,0.2,0.1934523582458496,0.11379629499278962,0.0,0.0,0.0
2.9330000000000003,0.2,0.1934528946876526,0.11379629499278962,0.0,0.0,0.0
2.934,0.2,0.19345341622829437,0.11379629499278962,0.0,0.0,0.0
2.935,0.2,0.19345395267009735,0.11379629499278962,0.0,0.0,0.0
2.936,0.2,0.19345448911190033,0.11379629499278962,0.0,0.0,0.0
2.9370000000000003,0.2,0.19345501065254211,0.11379629499278962,0.0,0.0,0.0
2.938,0.2,0.1934555470943451,0.11379629499278962,0.0,0.0,0.0
2.939,0.2,0.19345606863498688,0.11379629499278962,0.0,0.0,0.0
2.94,0.2,0.19345660507678986,0.11379629499278962,0.0,0.0,0.0
2.9410000000000003,0.2,0.19345714151859283,0.11379629499278962,0.0,0.0,0.0
2.942,0.2,0.19345766305923462,0.11379629499278962,0.0,0.0,0.0
2.943,0.2,0.1934581995010376,0.11379629499278962,0.0,0.0,0.0
2.944,0.2,0.19345872104167938,0.11379629499278962,0.0,0.0,0.0
2.945,0.2,0.19345925748348236,0.11379629499278962,0.0,0.0,0.0
2.946,0.2,0.19345977902412415,0.11379629499278962,0.0,0.0,0.0
2.947,0.2,0.19346031546592712,0.11379629499278962,0.0,0.0,0.0
2.948,0.2,0.1934608519077301,0.11379629499278962,0.0,0.0,0.0
2.949,0.2,0.1934613734483719,0.11379629499278962,0.0,0.0,0.0
2.95,0.2,0.19346190989017487,0.11379629499278962,0.0,0.0,0.0
2.951,0.2,0.19346243143081665,0.11379629499278962,0.0,0.0,0.0
2.952,0.2,0.19346296787261963,0.11379629499278962,0.0,0.0,0.0
2.953,0.2,0.1934634894132614,0.11379629499278962,0.0,0.0,0.0
2.954,0.2,0.1934640258550644,0.11379629499278962,0.0,0.0,0.0
2.955,0.2,0.19346456229686737,0.11379629499278962,0.0,0.0,0.0
2.956,0.2,0.19346508383750916,0.11379629499278962,0.0,0.0,0.0
2.957,0.2,0.19346562027931213,0.11379629499278962,0.0,0.0,0.0
2.958,0.2,0.19346614181995392,0.11379629499278962,0.0,0.0,0.0
2.959,0.2,0.1934666782617569,0.11379629499278962,0.0,0.0,0.0
2.96,0.2,0.19346719980239868,0.11379629499278962,0.0,0.0,0.0
2.961,0.2,0.19346773624420166,0.11379629499278962,0.0,0.0,0.0
2.962,0.2,0.19346825778484344,0.11379629499278962,0.0,0.0,0.0
2.963,0.2,0.19346879422664642,0.11379629499278962,0.0,0.0,0.0
2.964,0.2,0.1934693157672882,0.11379629499278962,0.0,0.0,0.0
2.965,0.2,0.1934698522090912,0.11379629499278962,0.0,0.0,0.0
2.966,0.2,0.19347037374973297,0.11379629499278962,0.0,0.0,0.0
2.967,0.2,0.19347091019153595,0.11379629499278962,0.0,0.0,0.0
2.968,0.2,0.19347143173217773,0.11379629499278962,0.0,0.0,0.0
2.969,0.2,0.1934719681739807,0.11379629499278962,0.0,0.0,0.0
2.97,0.2,0.1934724897146225,0.11379629499278962,0.0,0.0,0.0
2.971,0.2,0.19347302615642548,0.11379629499278962,0.0,0.0,0.0
2.972,0.2,0.19347356259822845,0.11379629499278962,0.0,0.0,0.0
2.973,0.2,0.19347408413887024,0.11379629499278962,0.0,0.0,0.0
2.974,0.2,0.19347460567951202,0.11379629499278962,0.0,0.0,0.0
2.975,0.2,0.193475142121315,0.11379629499278962,0.0,0.0,0.0
2.976,0.2,0.1934756636619568,0.11379629499278962,0.0,0.0,0.0
2.977,0.2,0.19347620010375977,0.11379629499278962,0.0,0.0,0.0
2.978,0.2,0.19347672164440155,0.11379629499278962,0.0,0.0,0.0
2.979,0.2,0.19347725808620453,0.11379629499278962,0.0,0.0,0.0
2.98,0.2,0.1934777796268463,0.11379629499278962,0.0,0.0,0.0
2.981,0.2,0.1934783160686493,0.11379629499278962,0.0,0.0,0.0
2.982,0.2,0.19347883760929108,0.11379629499278962,0.0,0.0,0.0
2.983,0.2,0.19347937405109406,0.11379629499278962,0.0,0.0,0.0
2.984,0.2,0.19347989559173584,0.11379629499278962,0.0,0.0,0.0
2.985,0.2,0.19348043203353882,0.11379629499278962,0.0,0.0,0.0
2.986,0.2,0.1934809535741806,0.11379629499278962,0.0,0.0,0.0
2.987,0.2,0.19348149001598358,0.11379629499278962,0.0,0.0,0.0
2.988,0.2,0.19348201155662537,0.11379629499278962,0.0,0.0,0.0
2.989,0.2,0.19348254799842834,0.11379629499278962,0.0,0.0,0.0
2.99,0.2,0.19348306953907013,0.11379629499278962,0.0,0.0,0.0
2.991,0.2,0.1934836059808731,0.11379629499278962,0.0,0.0,0.0
2.992,0.2,0.1934841275215149,0.11379629499278962,0.0,0.0,0.0
2.993,0.2,0.19348464906215668,0.11379629499278962,0.0,0.0,0.0
2.994,0.2,0.19348518550395966,0.11379629499278962,0.0,0.0,0.0
2.995,0.2,0.19348570704460144,0.11379629499278962,0.0,0.0,0.0
2.996,0.2,0.19348624348640442,0.11379629499278962,0.0,0.0,0.0
2.997,0.2,0.1934867650270462,0.11379629499278962,0.0,0.0,0.0
2.998,0.2,0.19348730146884918,0.11379629499278962,0.0,0.0,0.0
2.999,0.2,0.19348782300949097,0.11379629499278962,0.0,0.0,0.0
3.0,0.2,0.19348834455013275,0.11379629499278962,0.0,0.0,0.0
3.001,0.2,0.19348888099193573,0.11379629499278962,0.0,0.0,0.0
3.0020000000000002,0.2,0.19348940253257751,0.11379629499278962,0.0,0.0,0.0
3.003,0.2,0.1934899389743805,0.11379629499278962,0.0,0.0,0.0
3.004,0.2,0.19349046051502228,0.11379629499278962,0.0,0.0,0.0
3.005,0.2,0.19349099695682526,0.11379629499278962,0.0,0.0,0.0
3.0060000000000002,0.2,0.19349151849746704,0.11379629499278962,0.0,0.0,0.0
3.007,0.2,0.19349204003810883,0.11379629499278962,0.0,0.0,0.0
3.008,0.2,0.1934925764799118,0.11379629499278962,0.0,0.0,0.0
3.009,0.2,0.1934930980205536,0.11379629499278962,0.0,0.0,0.0
3.0100000000000002,0.2,0.19349363446235657,0.11379629499278962,0.0,0.0,0.0
3.011,0.2,0.19349415600299835,0.11379629499278962,0.0,0.0,0.0
3.012,0.2,0.19349467754364014,0.11379629499278962,0.0,0.0,0.0
3.013,0.2,0.19349521398544312,0.11379629499278962,0.0,0.0,0.0
3.0140000000000002,0.2,0.1934957355260849,0.11379629499278962,0.0,0.0,0.0
3.015,0.2,0.19349625706672668,0.11379629499278962,0.0,0.0,0.0
3.016,0.2,0.19349679350852966,0.11379629499278962,0.0,0.0,0.0
3.017,0.2,0.19349731504917145,0.11379629499278962,0.0,0.0,0.0
3.0180000000000002,0.2,0.19349785149097443,0.11379629499278962,0.0,0.0,0.0
3.019,0.2,0.1934983730316162,0.11379629499278962,0.0,0.0,0.0
3.02,0.2,0.193498894572258,0.11379629499278962,0.0,0.0,0.0
3.021,0.2,0.19349943101406097,0.11379629499278962,0.0,0.0,0.0
3.0220000000000002,0.2,0.19349995255470276,0.11379629499278962,0.0,0.0,0.0
3.023,0.2,0.19350047409534454,0.11379629499278962,0.0,0.0,0.0
3.024,0.2,0.19350101053714752,0.11379629499278962,0.0,0.0,0.0
3.025,0.2,0.1935015320777893,0.11379629499278962,0.0,0.0,0.0
3.0260000000000002,0.2,0.1935020536184311,0.11379629499278962,0.0,0.0,0.0
3.027,0.2,0.19350259006023407,0.11379629499278962,0.0,0.0,0.0
3.028,0.2,0.19350311160087585,0.11379629499278962,0.0,0.0,0.0
3.029,0.2,0.19350363314151764,0.11379629499278962,0.0,0.0,0.0
3.0300000000000002,0.2,0.19350416958332062,0.11379629499278962,0.0,0.0,0.0
3.031,0.2,0.1935046911239624,0.11379629499278962,0.0,0.0,0.0
3.032,0.2,0.1935052126646042,0.11379629499278962,0.0,0.0,0.0
3.033,0.2,0.19350574910640717,0.11379629499278962,0.0,0.0,0.0
3.0340000000000003,0.2,0.19350627064704895,0.11379629499278962,0.0,0.0,0.0
3.035,0.2,0.19350679218769073,0.11379629499278962,0.0,0.0,0.0
3.036,0.2,0.1935073286294937,0.11379629499278962,0.0,0.0,0.0
3.037,0.2,0.1935078501701355,0.11379629499278962,0.0,0.0,0.0
3.0380000000000003,0.2,0.19350837171077728,0.11379629499278962,0.0,0.0,0.0
3.039,0.2,0.19350890815258026,0.11379629499278962,0.0,0.0,0.0
3.04,0.2,0.19350942969322205,0.11379629499278962,0.0,0.0,0.0
3.041,0.2,0.19350995123386383,0.11379629499278962,0.0,0.0,0.0
3.0420000000000003,0.2,0.1935104876756668,0.11379629499278962,0.0,0.0,0.0
3.043,0.2,0.1935110092163086,0.11379629499278962,0.0,0.0,0.0
3.044,0.2,0.19351153075695038,0.11379629499278962,0.0,0.0,0.0
3.045,0.2,0.19351206719875336,0.11379629499278962,0.0,0.0,0.0
3.0460000000000003,0.2,0.19351258873939514,0.11379629499278962,0.0,0.0,0.0
3.047,0.2,0.19351311028003693,0.11379629499278962,0.0,0.0,0.0
3.048,0.2,0.1935136318206787,0.11379629499278962,0.0,0.0,0.0
3.049,0.2,0.1935141682624817,0.11379629499278962,0.0,0.0,0.0
3.0500000000000003,0.2,0.19351468980312347,0.11379629499278962,0.0,0.0,0.0
3.051,0.2,0.19351521134376526,0.11379629499278962,0.0,0.0,0.0
3.052,0.2,0.19351574778556824,0.11379629499278962,0.0,0.0,0.0
3.053,0.2,0.19351626932621002,0.11379629499278962,0.0,0.0,0.0
3.0540000000000003,0.2,0.1935167908668518,0.11379629499278962,0.0,0.0,0.0
3.055,0.2,0.1935173124074936,0.11379629499278962,0.0,0.0,0.0
3.056,0.2,0.19351784884929657,0.11379629499278962,0.0,0.0,0.0
3.057,0.2,0.19351837038993835,0.11379629499278962,0.0,0.0,0.0
3.0580000000000003,0.2,0.19351889193058014,0.11379629499278962,0.0,0.0,0.0
3.059,0.2,0.19351941347122192,0.11379629499278962,0.0,0.0,0.0
3.06,0.2,0.1935199499130249,0.11379629499278962,0.0,0.0,0.0
3.061,0.2,0.1935204714536667,0.11379629499278962,0.0,0.0,0.0
3.0620000000000003,0.2,0.19352099299430847,0.11379629499278962,0.0,0.0,0.0
3.063,0.2,0.19352151453495026,0.11379629499278962,0.0,0.0,0.0
3.064,0.2,0.19352205097675323,0.11379629499278962,0.0,0.0,0.0
3.065,0.2,0.19352257251739502,0.11379629499278962,0.0,0.0,0.0
3.0660000000000003,0.2,0.1935230940580368,0.11379629499278962,0.0,0.0,0.0
3.067,0.2,0.1935236155986786,0.11379629499278962,0.0,0.0,0.0
3.068,0.2,0.19352413713932037,0.11379629499278962,0.0,0.0,0.0
3.069,0.2,0.19352467358112335,0.11379629499278962,0.0,0.0,0.0
3.0700000000000003,0.2,0.19352519512176514,0.11379629499278962,0.0,0.0,0.0
3.071,0.2,0.19352571666240692,0.11379629499278962,0.0,0.0,0.0
3.072,0.2,0.1935262382030487,0.11379629499278962,0.0,0.0,0.0
3.073,0.2,0.19352677464485168,0.11379629499278962,0.0,0.0,0.0
3.074,0.2,0.19352729618549347,0.11379629499278962,0.0,0.0,0.0
3.075,0.2,0.19352781772613525,0.11379629499278962,0.0,0.0,0.0
3.076,0.2,0.19352833926677704,0.11379629499278962,0.0,0.0,0.0
3.077,0.2,0.19352886080741882,0.11379629499278962,0.0,0.0,0.0
3.078,0.2,0.1935293972492218,0.11379629499278962,0.0,0.0,0.0
3.079,0.2,0.1935299187898636,0.11379629499278962,0.0,0.0,0.0
3.08,0.2,0.19353044033050537,0.11379629499278962,0.0,0.0,0.0
3.081,0.2,0.19353096187114716,0.11379629499278962,0.0,0.0,0.0
3.082,0.2,0.19353148341178894,0.11379629499278962,0.0,0.0,0.0
3.083,0.2,0.19353201985359192,0.11379629499278962,0.0,0.0,0.0
3.084,0.2,0.1935325413942337,0.11379629499278962,0.0,0.0,0.0
3.085,0.2,0.1935330629348755,0.11379629499278962,0.0,0.0,0.0
3.086,0.2,0.19353358447551727,0.11379629499278962,0.0,0.0,0.0
3.087,0.2,0.19353410601615906,0.11379629499278962,0.0,0.0,0.0
3.088,0.2,0.19353462755680084,0.11379629499278962,0.0,0.0,0.0
3.089,0.2,0.19353516399860382,0.11379629499278962,0.0,0.0,0.0
3.09,0.2,0.1935356855392456,0.11379629499278962,0.0,0.0,0.0
3.091,0.2,0.1935362070798874,0.11379629499278962,0.0,0.0,0.0
3.092,0.2,0.19353672862052917,0.11379629499278962,0.0,0.0,0.0
3.093,0.2,0.19353725016117096,0.11379629499278962,0.0,0.0,0.0
3.094,0.2,0.19353777170181274,0.11379629499278962,0.0,0.0,0.0
3.095,0.2,0.19353830814361572,0.11379629499278962,0.0,0.0,0.0
3.096,0.2,0.1935388296842575,0.11379629499278962,0.0,0.0,0.0
3.097,0.2,0.1935393512248993,0.11379629499278962,0.0,0.0,0.0
3.098,0.2,0.19353987276554108,0.11379629499278962,0.0,0.0,0.0
3.099,0.2,0.19354039430618286,0.11379629499278962,0.0,0.0,0.0
3.1,0.2,0.19354091584682465,0.11379629499278962,0.0,0.0,0.0
3.101,0.2,0.19354143738746643,0.11379629499278962,0.0,0.0,0.0
3.102,0.2,0.1935419738292694,0.11379629499278962,0.0,0.0,0.0
3.103,0.2,0.1935424953699112,0.11379629499278962,0.0,0.0,0.0
3.104,0.2,0.19354301691055298,0.11379629499278962,0.0,0.0,0.0
3.105,0.2,0.19354353845119476,0.11379629499278962,0.0,0.0,0.0
3.106,0.2,0.19354405999183655,0.11379629499278962,0.0,0.0,0.0
3.107,0.2,0.19354458153247833,0.11379629499278962,0.0,0.0,0.0
3.108,0.2,0.19354510307312012,0.11379629499278962,0.0,0.0,0.0
3.109,0.2,0.1935456246137619,0.11379629499278962,0.0,0.0,0.0
3.11,0.2,0.19354616105556488,0.11379629499278962,0.0,0.0,0.0
3.111,0.2,0.19354668259620667,0.11379629499278962,0.0,0.0,0.0
3.112,0.2,0.19354720413684845,0.11379629499278962,0.0,0.0,0.0
3.113,0.2,0.19354772567749023,0.11379629499278962,0.0,0.0,0.0
3.114,0.2,0.19354824721813202,0.11379629499278962,0.0,0.0,0.0
3.115,0.2,0.1935487687587738,0.11379629499278962,0.0,0.0,0.0
3.116,0.2,0.1935492902994156,0.11379629499278962,0.0,0.0,0.0
3.117,0.2,0.19354981184005737,0.11379629499278962,0.0,0.0,0.0
3.118,0.2,0.19355033338069916,0.11379629499278962,0.0,0.0,0.0
3.119,0.2,0.19355085492134094,0.11379629499278962,0.0,0.0,0.0
3.12,0.2,0.19355137646198273,0.11379629499278962,0.0,0.0,0.0
3.121,0.2,0.1935519129037857,0.11379629499278962,0.0,0.0,0.0
3.122,0.2,0.1935524344444275,0.11379629499278962,0.0,0.0,0.0
3.123,0.2,0.19355295598506927,0.11379629499278962,0.0,0.0,0.0
3.124,0.2,0.19355347752571106,0.11379629499278962,0.0,0.0,0.0
3.125,0.2,0.19355399906635284,0.11379629499278962,0.0,0.0,0.0
3.126,0.2,0.19355452060699463,0.11379629499278962,0.0,0.0,0.0
3.1270000000000002,0.2,0.1935550421476364,0.11379629499278962,0.0,0.0,0.0
3.128,0.2,0.1935555636882782,0.11379629499278962,0.0,0.0,0.0
3.129,0.2,0.19355608522891998,0.11379629499278962,0.0,0.0,0.0
3.13,0.2,0.19355660676956177,0.11379629499278962,0.0,0.0,0.0
3.1310000000000002,0.2,0.19355712831020355,0.11379629499278962,0.0,0.0,0.0
3.132,0.2,0.19355764985084534,0.11379629499278962,0.0,0.0,0.0
3.133,0.2,0.19355817139148712,0.11379629499278962,0.0,0.0,0.0
3.134,0.2,0.1935586929321289,0.11379629499278962,0.0,0.0,0.0
3.1350000000000002,0.2,0.1935592144727707,0.11379629499278962,0.0,0.0,0.0
3.136,0.2,0.19355973601341248,0.11379629499278962,0.0,0.0,0.0
3.137,0.2,0.19356025755405426,0.11379629499278962,0.0,0.0,0.0
3.138,0.2,0.19356079399585724,0.11379629499278962,0.0,0.0,0.0
3.1390000000000002,0.2,0.19356130063533783,0.11379629499278962,0.0,0.0,0.0
3.14,0.2,0.1935618370771408,0.11379629499278962,0.0,0.0,0.0
3.141,0.2,0.1935623586177826,0.11379629499278962,0.0,0.0,0.0
3.142,0.2,0.19356288015842438,0.11379629499278962,0.0,0.0,0.0
3.1430000000000002,0.2,0.19356340169906616,0.11379629499278962,0.0,0.0,0.0
3.144,0.2,0.19356390833854675,0.11379629499278962,0.0,0.0,0.0
3.145,0.2,0.19356444478034973,0.11379629499278962,0.0,0.0,0.0
3.146,0.2,0.19356496632099152,0.11379629499278962,0.0,0.0,0.0
3.1470000000000002,0.2,0.1935654878616333,0.11379629499278962,0.0,0.0,0.0
3.148,0.2,0.1935659945011139,0.11379629499278962,0.0,0.0,0.0
3.149,0.2,0.19356653094291687,0.11379629499278962,0.0,0.0,0.0
3.15,0.2,0.19356703758239746,0.11379629499278962,0.0,0.0,0.0
3.1510000000000002,0.2,0.19356757402420044,0.11379629499278962,0.0,0.0,0.0
3.152,0.2,0.19356808066368103,0.11379629499278962,0.0,0.0,0.0
3.153,0.2,0.19356860220432281,0.11379629499278962,0.0,0.0,0.0
3.154,0.2,0.1935691386461258,0.11379629499278962,0.0,0.0,0.0
3.1550000000000002,0.2,0.19356964528560638,0.11379629499278962,0.0,0.0,0.0
3.156,0.2,0.19357016682624817,0.11379629499278962,0.0,0.0,0.0
3.157,0.2,0.19357068836688995,0.11379629499278962,0.0,0.0,0.0
3.158,0.2,0.19357120990753174,0.11379629499278962,0.0,0.0,0.0
3.1590000000000003,0.2,0.19357173144817352,0.11379629499278962,0.0,0.0,0.0
3.16,0.2,0.1935722529888153,0.11379629499278962,0.0,0.0,0.0
3.161,0.2,0.1935727745294571,0.11379629499278962,0.0,0.0,0.0
3.162,0.2,0.19357329607009888,0.11379629499278962,0.0,0.0,0.0
3.1630000000000003,0.2,0.19357381761074066,0.11379629499278962,0.0,0.0,0.0
3.164,0.2,0.19357433915138245,0.11379629499278962,0.0,0.0,0.0
3.165,0.2,0.19357486069202423,0.11379629499278962,0.0,0.0,0.0
3.166,0.2,0.19357538223266602,0.11379629499278962,0.0,0.0,0.0
3.1670000000000003,0.2,0.1935759037733078,0.11379629499278962,0.0,0.0,0.0
3.168,0.2,0.19357642531394958,0.11379629499278962,0.0,0.0,0.0
3.169,0.2,0.19357694685459137,0.11379629499278962,0.0,0.0,0.0
3.17,0.2,0.19357746839523315,0.11379629499278962,0.0,0.0,0.0
3.1710000000000003,0.2,0.19357798993587494,0.11379629499278962,0.0,0.0,0.0
3.172,0.2,0.19357851147651672,0.11379629499278962,0.0,0.0,0.0
3.173,0.2,0.1935790330171585,0.11379629499278962,0.0,0.0,0.0
3.174,0.2,0.1935795545578003,0.11379629499278962,0.0,0.0,0.0
3.1750000000000003,0.2,0.19358007609844208,0.11379629499278962,0.0,0.0,0.0
3.176,0.2,0.19358058273792267,0.11379629499278962,0.0,0.0,0.0
3.177,0.2,0.19358110427856445,0.11379629499278962,0.0,0.0,0.0
3.178,0.2,0.19358162581920624,0.11379629499278962,0.0,0.0,0.0
3.1790000000000003,0.2,0.19358214735984802,0.11379629499278962,0.0,0.0,0.0
3.18,0.2,0.1935826689004898,0.11379629499278962,0.0,0.0,0.0
3.181,0.2,0.1935831904411316,0.11379629499278962,0.0,0.0,0.0
3.182,0.2,0.19358371198177338,0.11379629499278962,0.0,0.0,0.0
3.1830000000000003,0.2,0.19358423352241516,0.11379629499278962,0.0,0.0,0.0
3.184,0.2,0.19358475506305695,0.11379629499278962,0.0,0.0,0.0
3.185,0.2,0.19358527660369873,0.11379629499278962,0.0,0.0,0.0
3.186,0.2,0.19358579814434052,0.11379629499278962,0.0,0.0,0.0
3.1870000000000003,0.2,0.1935863047838211,0.11379629499278962,0.0,0.0,0.0
3.188,0.2,0.1935868263244629,0.11379629499278962,0.0,0.0,0.0
3.189,0.2,0.19358734786510468,0.11379629499278962,0.0,0.0,0.0
3.19,0.2,0.19358786940574646,0.11379629499278962,0.0,0.0,0.0
3.1910000000000003,0.2,0.19358839094638824,0.11379629499278962,0.0,0.0,0.0
3.192,0.2,0.19358891248703003,0.11379629499278962,0.0,0.0,0.0
3.193,0.2,0.19358943402767181,0.11379629499278962,0.0,0.0,0.0
3.194,0.2,0.1935899555683136,0.11379629499278962,0.0,0.0,0.0
3.1950000000000003,0.2,0.1935904622077942,0.11379629499278962,0.0,0.0,0.0
3.196,0.2,0.19359098374843597,0.11379629499278962,0.0,0.0,0.0
3.197,0.2,0.19359150528907776,0.11379629499278962,0.0,0.0,0.0
3.198,0.2,0.19359202682971954,0.11379629499278962,0.0,0.0,0.0
3.1990000000000003,0.2,0.19359254837036133,0.11379629499278962,0.0,0.0,0.0
3.2,0.2,0.1935930699110031,0.11379629499278962,0.0,0.0,0.0
3.201,0.2,0.1935935914516449,0.11379629499278962,0.0,0.0,0.0
3.202,0.2,0.1935940980911255,0.11379629499278962,0.0,0.0,0.0
3.203,0.2,0.19359461963176727,0.11379629499278962,0.0,0.0,0.0
3.204,0.2,0.19359514117240906,0.11379629499278962,0.0,0.0,0.0
3.205,0.2,0.19359566271305084,0.11379629499278962,0.0,0.0,0.0
3.206,0.2,0.19359618425369263,0.11379629499278962,0.0,0.0,0.0
3.207,0.2,0.1935967057943344,0.11379629499278962,0.0,0.0,0.0
3.208,0.2,0.193597212433815,0.11379629499278962,0.0,0.0,0.0
3.209,0.2,0.1935977339744568,0.11379629499278962,0.0,0.0,0.0
3.21,0.2,0.19359825551509857,0.11379629499278962,0.0,0.0,0.0
3.211,0.2,0.19359877705574036,0.11379629499278962,0.0,0.0,0.0
3.212,0.2,0.19359929859638214,0.11379629499278962,0.0,0.0,0.0
3.213,0.2,0.19359982013702393,0.11379629499278962,0.0,0.0,0.0
3.214,0.2,0.19360032677650452,0.11379629499278962,0.0,0.0,0.0
3.215,0.2,0.1936008483171463,0.11379629499278962,0.0,0.0,0.0
3.216,0.2,0.19360136985778809,0.11379629499278962,0.0,0.0,0.0
3.217,0.2,0.19360189139842987,0.11379629499278962,0.0,0.0,0.0
3.218,0.2,0.19360241293907166,0.11379629499278962,0.0,0.0,0.0
3.219,0.2,0.19360291957855225,0.11379629499278962,0.0,0.0,0.0
3.22,0.2,0.19360344111919403,0.11379629499278962,0.0,0.0,0.0
3.221,0.2,0.19360396265983582,0.11379629499278962,0.0,0.0,0.0
3.222,0.2,0.1936044842004776,0.11379629499278962,0.0,0.0,0.0
3.223,0.2,0.19360500574111938,0.11379629499278962,0.0,0.0,0.0
3.224,0.2,0.19360551238059998,0.11379629499278962,0.0,0.0,0.0
3.225,0.2,0.19360603392124176,0.11379629499278962,0.0,0.0,0.0
3.226,0.2,0.19360655546188354,0.11379629499278962,0.0,0.0,0.0
3.227,0.2,0.19360707700252533,0.11379629499278962,0.0,0.0,0.0
3.228,0.2,0.19360758364200592,0.11379629499278962,0.0,0.0,0.0
3.229,0.2,0.1936081051826477,0.11379629499278962,0.0,0.0,0.0
3.23,0.2,0.1936086267232895,0.11379629499278962,0.0,0.0,0.0
3.231,0.2,0.19360914826393127,0.11379629499278962,0.0,0.0,0.0
3.232,0.2,0.19360966980457306,0.11379629499278962,0.0,0.0,0.0
3.233,0.2,0.19361017644405365,0.11379629499278962,0.0,0.0,0.0
3.234,0.2,0.19361069798469543,0.11379629499278962,0.0,0.0,0.0
3.235,0.2,0.19361121952533722,0.11379629499278962,0.0,0.0,0.0
3.236,0.2,0.193611741065979,0.11379629499278962,0.0,0.0,0.0
3.237,0.2,0.1936122477054596,0.11379629499278962,0.0,0.0,0.0
3.238,0.2,0.19361276924610138,0.11379629499278962,0.0,0.0,0.0
3.239,0.2,0.19361329078674316,0.11379629499278962,0.0,0.0,0.0
3.24,0.2,0.19361381232738495,0.11379629499278962,0.0,0.0,0.0
3.241,0.2,0.19361431896686554,0.11379629499278962,0.0,0.0,0.0
3.242,0.2,0.19361484050750732,0.11379629499278962,0.0,0.0,0.0
3.243,0.2,0.1936153620481491,0.11379629499278962,0.0,0.0,0.0
3.244,0.2,0.1936158686876297,0.11379629499278962,0.0,0.0,0.0
3.245,0.2,0.19361639022827148,0.11379629499278962,0.0,0.0,0.0
3.246,0.2,0.19361691176891327,0.11379629499278962,0.0,0.0,0.0
3.247,0.2,0.19361743330955505,0.11379629499278962,0.0,0.0,0.0
3.248,0.2,0.19361793994903564,0.11379629499278962,0.0,0.0,0.0
3.249,0.2,0.19361846148967743,0.11379629499278962,0.0,0.0,0.0
3.25,0.2,0.1936189830303192,0.11379629499278962,0.0,0.0,0.0
3.251,0.2,0.193619504570961,0.11379629499278962,0.0,0.0,0.0
3.2520000000000002,0.2,0.1936200112104416,0.11379629499278962,0.0,0.0,0.0
3.253,0.2,0.19362053275108337,0.11379629499278962,0.0,0.0,0.0
3.254,0.2,0.19362105429172516,0.11379629499278962,0.0,0.0,0.0
3.255,0.2,0.19362156093120575,0.11379629499278962,0.0,0.0,0.0
3.2560000000000002,0.2,0.19362208247184753,0.11379629499278962,0.0,0.0,0.0
3.257,0.2,0.19362260401248932,0.11379629499278962,0.0,0.0,0.0
3.258,0.2,0.1936231106519699,0.11379629499278962,0.0,0.0,0.0
3.259,0.2,0.1936236321926117,0.11379629499278962,0.0,0.0,0.0
3.2600000000000002,0.2,0.19362415373325348,0.11379629499278962,0.0,0.0,0.0
3.261,0.2,0.19362466037273407,0.11379629499278962,0.0,0.0,0.0
3.262,0.2,0.19362518191337585,0.11379629499278962,0.0,0.0,0.0
3.263,0.2,0.19362570345401764,0.11379629499278962,0.0,0.0,0.0
3.2640000000000002,0.2,0.19362622499465942,0.11379629499278962,0.0,0.0,0.0
3.265,0.2,0.19362673163414001,0.11379629499278962,0.0,0.0,0.0
3.266,0.2,0.1936272531747818,0.11379629499278962,0.0,0.0,0.0
3.267,0.2,0.19362777471542358,0.11379629499278962,0.0,0.0,0.0
3.2680000000000002,0.2,0.19362828135490417,0.11379629499278962,0.0,0.0,0.0
3.269,0.2,0.19362880289554596,0.11379629499278962,0.0,0.0,0.0
3.27,0.2,0.19362930953502655,0.11379629499278962,0.0,0.0,0.0
3.271,0.2,0.19362983107566833,0.11379629499278962,0.0,0.0,0.0
3.2720000000000002,0.2,0.19363035261631012,0.11379629499278962,0.0,0.0,0.0
3.273,0.2,0.1936308592557907,0.11379629499278962,0.0,0.0,0.0
3.274,0.2,0.1936313807964325,0.11379629499278962,0.0,0.0,0.0
3.275,0.2,0.19363190233707428,0.11379629499278962,0.0,0.0,0.0
3.2760000000000002,0.2,0.19363240897655487,0.11379629499278962,0.0,0.0,0.0
3.277,0.2,0.19363293051719666,0.11379629499278962,0.0,0.0,0.0
3.278,0.2,0.19363345205783844,0.11379629499278962,0.0,0.0,0.0
3.279,0.2,0.19363395869731903,0.11379629499278962,0.0,0.0,0.0
3.2800000000000002,0.2,0.19363448023796082,0.11379629499278962,0.0,0.0,0.0
3.281,0.2,0.1936350017786026,0.11379629499278962,0.0,0.0,0.0
3.282,0.2,0.1936355084180832,0.11379629499278962,0.0,0.0,0.0
3.283,0.2,0.19363602995872498,0.11379629499278962,0.0,0.0,0.0
3.2840000000000003,0.2,0.19363653659820557,0.11379629499278962,0.0,0.0,0.0
3.285,0.2,0.19363705813884735,0.11379629499278962,0.0,0.0,0.0
3.286,0.2,0.19363757967948914,0.11379629499278962,0.0,0.0,0.0
3.287,0.2,0.19363808631896973,0.11379629499278962,0.0,0.0,0.0
3.2880000000000003,0.2,0.1936386078596115,0.11379629499278962,0.0,0.0,0.0
3.289,0.2,0.1936391144990921,0.11379629499278962,0.0,0.0,0.0
3.29,0.2,0.1936396360397339,0.11379629499278962,0.0,0.0,0.0
3.291,0.2,0.19364015758037567,0.11379629499278962,0.0,0.0,0.0
3.2920000000000003,0.2,0.19364066421985626,0.11379629499278962,0.0,0.0,0.0
3.293,0.2,0.19364118576049805,0.11379629499278962,0.0,0.0,0.0
3.294,0.2,0.19364169239997864,0.11379629499278962,0.0,0.0,0.0
3.295,0.2,0.19364221394062042,0.11379629499278962,0.0,0.0,0.0
3.2960000000000003,0.2,0.1936427354812622,0.11379629499278962,0.0,0.0,0.0
3.297,0.2,0.1936432421207428,0.11379629499278962,0.0,0.0,0.0
3.298,0.2,0.19364376366138458,0.11379629499278962,0.0,0.0,0.0
3.299,0.2,0.19364427030086517,0.11379629499278962,0.0,0.0,0.0
3.3000000000000003,0.2,0.19364479184150696,0.11379629499278962,0.0,0.0,0.0
3.301,0.2,0.19364529848098755,0.11379629499278962,0.0,0.0,0.0
3.302,0.2,0.19364582002162933,0.11379629499278962,0.0,0.0,0.0
3.303,0.2,0.19364634156227112,0.11379629499278962,0.0,0.0,0.0
3.3040000000000003,0.2,0.1936468482017517,0.11379629499278962,0.0,0.0,0.0
3.305,0.2,0.1936473697423935,0.11379629499278962,0.0,0.0,0.0
3.306,0.2,0.19364787638187408,0.11379629499278962,0.0,0.0,0.0
3.307,0.2,0.19364839792251587,0.11379629499278962,0.0,0.0,0.0
3.3080000000000003,0.2,0.19364890456199646,0.11379629499278962,0.0,0.0,0.0
3.309,0.2,0.19364942610263824,0.11379629499278962,0.0,0.0,0.0
3.31,0.2,0.19364993274211884,0.11379629499278962,0.0,0.0,0.0
3.311,0.2,0.19365045428276062,0.11379629499278962,0.0,0.0,0.0
3.3120000000000003,0.2,0.1936509758234024,0.11379629499278962,0.0,0.0,0.0
3.313,0.2,0.193651482462883,0.11379629499278962,0.0,0.0,0.0
3.314,0.2,0.19365200400352478,0.11379629499278962,0.0,0.0,0.0
3.315,0.2,0.19365251064300537,0.11379629499278962,0.0,0.0,0.0
3.3160000000000003,0.2,0.19365303218364716,0.11379629499278962,0.0,0.0,0.0
3.317,0.2,0.19365353882312775,0.11379629499278962,0.0,0.0,0.0
3.318,0.2,0.19365406036376953,0.11379629499278962,0.0,0.0,0.0
3.319,0.2,0.19365456700325012,0.11379629499278962,0.0,0.0,0.0
3.3200000000000003,0.2,0.1936550885438919,0.11379629499278962,0.0,0.0,0.0
3.321,0.2,0.1936555951833725,0.11379629499278962,0.0,0.0,0.0
3.322,0.2,0.19365611672401428,0.11379629499278962,0.0,0.0,0.0
3.323,0.2,0.19365662336349487,0.11379629499278962,0.0,0.0,0.0
3.3240000000000003,0.2,0.19365714490413666,0.11379629499278962,0.0,0.0,0.0
3.325,0.2,0.19365765154361725,0.11379629499278962,0.0,0.0,0.0
3.326,0.2,0.19365817308425903,0.11379629499278962,0.0,0.0,0.0
3.327,0.2,0.19365867972373962,0.11379629499278962,0.0,0.0,0.0
3.3280000000000003,0.2,0.1936592012643814,0.11379629499278962,0.0,0.0,0.0
3.329,0.2,0.193659707903862,0.11379629499278962,0.0,0.0,0.0
3.33,0.2,0.19366022944450378,0.11379629499278962,0.0,0.0,0.0
3.331,0.2,0.19366073608398438,0.11379629499278962,0.0,0.0,0.0
3.332,0.2,0.19366125762462616,0.11379629499278962,0.0,0.0,0.0
3.333,0.2,0.19366176426410675,0.11379629499278962,0.0,0.0,0.0
3.334,0.2,0.19366228580474854,0.11379629499278962,0.0,0.0,0.0
3.335,0.2,0.19366279244422913,0.11379629499278962,0.0,0.0,0.0
3.336,0.2,0.1936633139848709,0.11379629499278962,0.0,0.0,0.0
3.337,0.2,0.1936638206243515,0.11379629499278962,0.0,0.0,0.0
3.338,0.2,0.1936643421649933,0.11379629499278962,0.0,0.0,0.0
3.339,0.2,0.19366484880447388,0.11379629499278962,0.0,0.0,0.0
3.34,0.2,0.19366535544395447,0.11379629499278962,0.0,0.0,0.0
3.341,0.2,0.19366587698459625,0.11379629499278962,0.0,0.0,0.0
3.342,0.2,0.19366638362407684,0.11379629499278962,0.0,0.0,0.0
3.343,0.2,0.19366690516471863,0.11379629499278962,0.0,0.0,0.0
3.344,0.2,0.19366741180419922,0.11379629499278962,0.0,0.0,0.0
3.345,0.2,0.193667933344841,0.11379629499278962,0.0,0.0,0.0
3.346,0.2,0.1936684399843216,0.11379629499278962,0.0,0.0,0.0
3.347,0.2,0.19366896152496338,0.11379629499278962,0.0,0.0,0.0
3.348,0.2,0.19366946816444397,0.11379629499278962,0.0,0.0,0.0
3.349,0.2,0.19366997480392456,0.11379629499278962,0.0,0.0,0.0
3.35,0.2,0.19367049634456635,0.11379629499278962,0.0,0.0,0.0
3.351,0.2,0.19367100298404694,0.11379629499278962,0.0,0.0,0.0
3.352,0.2,0.19367152452468872,0.11379629499278962,0.0,0.0,0.0
3.353,0.2,0.1936720311641693,0.11379629499278962,0.0,0.0,0.0
3.354,0.2,0.1936725527048111,0.11379629499278962,0.0,0.0,0.0
3.355,0.2,0.1936730593442917,0.11379629499278962,0.0,0.0,0.0
3.356,0.2,0.19367356598377228,0.11379629499278962,0.0,0.0,0.0
3.357,0.2,0.19367408752441406,0.11379629499278962,0.0,0.0,0.0
3.358,0.2,0.19367459416389465,0.11379629499278962,0.0,0.0,0.0
3.359,0.2,0.19367511570453644,0.11379629499278962,0.0,0.0,0.0
3.36,0.2,0.19367562234401703,0.11379629499278962,0.0,0.0,0.0
3.361,0.2,0.1936761438846588,0.11379629499278962,0.0,0.0,0.0
3.362,0.2,0.1936766505241394,0.11379629499278962,0.0,0.0,0.0
3.363,0.2,0.19367715716362,0.11379629499278962,0.0,0.0,0.0
3.364,0.2,0.19367767870426178,0.11379629499278962,0.0,0.0,0.0
3.365,0.2,0.19367818534374237,0.11379629499278962,0.0,0.0,0.0
3.366,0.2,0.19367869198322296,0.11379629499278962,0.0,0.0,0.0
3.367,0.2,0.19367921352386475,0.11379629499278962,0.0,0.0,0.0
3.368,0.2,0.19367972016334534,0.11379629499278962,0.0,0.0,0.0
3.369,0.2,0.19368024170398712,0.11379629499278962,0.0,0.0,0.0
3.37,0.2,0.1936807483434677,0.11379629499278962,0.0,0.0,0.0
3.371,0.2,0.1936812549829483,0.11379629499278962,0.0,0.0,0.0
3.372,0.2,0.1936817765235901,0.11379629499278962,0.0,0.0,0.0
3.373,0.2,0.19368228316307068,0.11379629499278962,0.0,0.0,0.0
3.374,0.2,0.19368278980255127,0.11379629499278962,0.0,0.0,0.0
3.375,0.2,0.19368331134319305,0.11379629499278962,0.0,0.0,0.0
3.376,0.2,0.19368381798267365,0.11379629499278962,0.0,0.0,0.0
3.3770000000000002,0.2,0.19368433952331543,0.11379629499278962,0.0,0.0,0.0
3.378,0.2,0.19368484616279602,0.11379629499278962,0.0,0.0,0.0
3.379,0.2,0.1936853528022766,0.11379629499278962,0.0,0.0,0.0
3.38,0.2,0.1936858743429184,0.11379629499278962,0.0,0.0,0.0
3.3810000000000002,0.2,0.193686380982399,0.11379629499278962,0.0,0.0,0.0
3.382,0.2,0.19368688762187958,0.11379629499278962,0.0,0.0,0.0
3.383,0.2,0.19368740916252136,0.11379629499278962,0.0,0.0,0.0
3.384,0.2,0.19368791580200195,0.11379629499278962,0.0,0.0,0.0
3.3850000000000002,0.2,0.19368842244148254,0.11379629499278962,0.0,0.0,0.0
3.386,0.2,0.19368894398212433,0.11379629499278962,0.0,0.0,0.0
3.387,0.2,0.19368945062160492,0.11379629499278962,0.0,0.0,0.0
3.388,0.2,0.1936899572610855,0.11379629499278962,0.0,0.0,0.0
3.3890000000000002,0.2,0.1936904788017273,0.11379629499278962,0.0,0.0,0.0
3.39,0.2,0.19369098544120789,0.11379629499278962,0.0,0.0,0.0
3.391,0.2,0.19369149208068848,0.11379629499278962,0.0,0.0,0.0
3.392,0.2,0.19369201362133026,0.11379629499278962,0.0,0.0,0.0
3.3930000000000002,0.2,0.19369252026081085,0.11379629499278962,0.0,0.0,0.0
3.394,0.2,0.19369302690029144,0.11379629499278962,0.0,0.0,0.0
3.395,0.2,0.19369353353977203,0.11379629499278962,0.0,0.0,0.0
3.396,0.2,0.19369405508041382,0.11379629499278962,0.0,0.0,0.0
3.3970000000000002,0.2,0.1936945617198944,0.11379629499278962,0.0,0.0,0.0
3.398,0.2,0.193695068359375,0.11379629499278962,0.0,0.0,0.0
3.399,0.2,0.19369558990001678,0.11379629499278962,0.0,0.0,0.0
3.4,0.2,0.19369609653949738,0.11379629499278962,0.0,0.0,0.0
3.4010000000000002,0.2,0.19369660317897797,0.11379629499278962,0.0,0.0,0.0
3.402,0.2,0.19369712471961975,0.11379629499278962,0.0,0.0,0.0
3.403,0.2,0.19369763135910034,0.11379629499278962,0.0,0.0,0.0
3.404,0.2,0.19369813799858093,0.11379629499278962,0.0,0.0,0.0
3.4050000000000002,0.2,0.19369864463806152,0.11379629499278962,0.0,0.0,0.0
3.406,0.2,0.1936991661787033,0.11379629499278962,0.0,0.0,0.0
3.407,0.2,0.1936996728181839,0.11379629499278962,0.0,0.0,0.0
3.408,0.2,0.1937001794576645,0.11379629499278962,0.0,0.0,0.0
3.4090000000000003,0.2,0.19370070099830627,0.11379629499278962,0.0,0.0,0.0
3.41,0.2,0.19370120763778687,0.11379629499278962,0.0,0.0,0.0
3.411,0.2,0.19370171427726746,0.11379629499278962,0.0,0.0,0.0
3.412,0.2,0.19370222091674805,0.11379629499278962,0.0,0.0,0.0
3.4130000000000003,0.2,0.19370274245738983,0.11379629499278962,0.0,0.0,0.0
3.414,0.2,0.19370324909687042,0.11379629499278962,0.0,0.0,0.0
3.415,0.2,0.193703755736351,0.11379629499278962,0.0,0.0,0.0
3.416,0.2,0.1937042623758316,0.11379629499278962,0.0,0.0,0.0
3.4170000000000003,0.2,0.1937047839164734,0.11379629499278962,0.0,0.0,0.0
3.418,0.2,0.19370529055595398,0.11379629499278962,0.0,0.0,0.0
3.419,0.2,0.19370579719543457,0.11379629499278962,0.0,0.0,0.0
3.42,0.2,0.19370630383491516,0.11379629499278962,0.0,0.0,0.0
3.4210000000000003,0.2,0.19370681047439575,0.11379629499278962,0.0,0.0,0.0
3.422,0.2,0.19370733201503754,0.11379629499278962,0.0,0.0,0.0
3.423,0.2,0.19370783865451813,0.11379629499278962,0.0,0.0,0.0
3.424,0.2,0.19370834529399872,0.11379629499278962,0.0,0.0,0.0
3.4250000000000003,0.2,0.1937088519334793,0.11379629499278962,0.0,0.0,0.0
3.426,0.2,0.1937093734741211,0.11379629499278962,0.0,0.0,0.0
3.427,0.2,0.19370988011360168,0.11379629499278962,0.0,0.0,0.0
3.428,0.2,0.19371038675308228,0.11379629499278962,0.0,0.0,0.0
3.4290000000000003,0.2,0.19371089339256287,0.11379629499278962,0.0,0.0,0.0
3.43,0.2,0.19371141493320465,0.11379629499278962,0.0,0.0,0.0
3.431,0.2,0.19371192157268524,0.11379629499278962,0.0,0.0,0.0
3.432,0.2,0.19371242821216583,0.11379629499278962,0.0,0.0,0.0
3.4330000000000003,0.2,0.19371293485164642,0.11379629499278962,0.0,0.0,0.0
3.434,0.2,0.19371344149112701,0.11379629499278962,0.0,0.0,0.0
3.435,0.2,0.1937139481306076,0.11379629499278962,0.0,0.0,0.0
3.436,0.2,0.1937144696712494,0.11379629499278962,0.0,0.0,0.0
3.4370000000000003,0.2,0.19371497631072998,0.11379629499278962,0.0,0.0,0.0
3.438,0.2,0.19371548295021057,0.11379629499278962,0.0,0.0,0.0
3.439,0.2,0.19371598958969116,0.11379629499278962,0.0,0.0,0.0
3.44,0.2,0.19371649622917175,0.11379629499278962,0.0,0.0,0.0
3.4410000000000003,0.2,0.19371701776981354,0.11379629499278962,0.0,0.0,0.0
3.442,0.2,0.19371752440929413,0.11379629499278962,0.0,0.0,0.0
3.443,0.2,0.19371803104877472,0.11379629499278962,0.0,0.0,0.0
3.444,0.2,0.1937185376882553,0.11379629499278962,0.0,0.0,0.0
3.4450000000000003,0.2,0.1937190443277359,0.11379629499278962,0.0,0.0,0.0
3.446,0.2,0.19371956586837769,0.11379629499278962,0.0,0.0,0.0
3.447,0.2,0.19372007250785828,0.11379629499278962,0.0,0.0,0.0
3.448,0.2,0.19372057914733887,0.11379629499278962,0.0,0.0,0.0
3.4490000000000003,0.2,0.19372108578681946,0.11379629499278962,0.0,0.0,0.0
3.45,0.2,0.19372159242630005,0.11379629499278962,0.0,0.0,0.0
3.451,0.2,0.19372209906578064,0.11379629499278962,0.0,0.0,0.0
3.452,0.2,0.19372260570526123,0.11379629499278962,0.0,0.0,0.0
3.4530000000000003,0.2,0.19372312724590302,0.11379629499278962,0.0,0.0,0.0
3.454,0.2,0.1937236338853836,0.11379629499278962,0.0,0.0,0.0
3.455,0.2,0.1937241405248642,0.11379629499278962,0.0,0.0,0.0
3.456,0.2,0.1937246471643448,0.11379629499278962,0.0,0.0,0.0
3.457,0.2,0.19372515380382538,0.11379629499278962,0.0,0.0,0.0
3.458,0.2,0.19372566044330597,0.11379629499278962,0.0,0.0,0.0
3.459,0.2,0.19372616708278656,0.11379629499278962,0.0,0.0,0.0
3.46,0.2,0.19372668862342834,0.11379629499278962,0.0,0.0,0.0
3.461,0.2,0.19372719526290894,0.11379629499278962,0.0,0.0,0.0
3.462,0.2,0.19372770190238953,0.11379629499278962,0.0,0.0,0.0
3.463,0.2,0.19372820854187012,0.11379629499278962,0.0,0.0,0.0
3.464,0.2,0.1937287151813507,0.11379629499278962,0.0,0.0,0.0
3.465,0.2,0.1937292218208313,0.11379629499278962,0.0,0.0,0.0
3.466,0.2,0.1937297284603119,0.11379629499278962,0.0,0.0,0.0
3.467,0.2,0.19373023509979248,0.11379629499278962,0.0,0.0,0.0
3.468,0.2,0.19373074173927307,0.11379629499278962,0.0,0.0,0.0
3.469,0.2,0.19373126327991486,0.11379629499278962,0.0,0.0,0.0
3.47,0.2,0.19373176991939545,0.11379629499278962,0.0,0.0,0.0
3.471,0.2,0.19373227655887604,0.11379629499278962,0.0,0.0,0.0
3.472,0.2,0.19373278319835663,0.11379629499278962,0.0,0.0,0.0
3.473,0.2,0.19373328983783722,0.11379629499278962,0.0,0.0,0.0
3.474,0.2,0.1937337964773178,0.11379629499278962,0.0,0.0,0.0
3.475,0.2,0.1937343031167984,0.11379629499278962,0.0,0.0,0.0
3.476,0.2,0.193734809756279,0.11379629499278962,0.0,0.0,0.0
3.477,0.2,0.19373531639575958,0.11379629499278962,0.0,0.0,0.0
3.478,0.2,0.19373582303524017,0.11379629499278962,0.0,0.0,0.0
3.479,0.2,0.19373632967472076,0.11379629499278962,0.0,0.0,0.0
3.48,0.2,0.19373683631420135,0.11379629499278962,0.0,0.0,0.0
3.481,0.2,0.19373735785484314,0.11379629499278962,0.0,0.0,0.0
3.482,0.2,0.19373786449432373,0.11379629499278962,0.0,0.0,0.0
3.483,0.2,0.19373837113380432,0.11379629499278962,0.0,0.0,0.0
3.484,0.2,0.1937388777732849,0.11379629499278962,0.0,0.0,0.0
3.485,0.2,0.1937393844127655,0.11379629499278962,0.0,0.0,0.0
3.486,0.2,0.1937398910522461,0.11379629499278962,0.0,0.0,0.0
3.487,0.2,0.19374039769172668,0.11379629499278962,0.0,0.0,0.0
3.488,0.2,0.19374090433120728,0.11379629499278962,0.0,0.0,0.0
3.489,0.2,0.19374141097068787,0.11379629499278962,0.0,0.0,0.0
3.49,0.2,0.19374191761016846,0.11379629499278962,0.0,0.0,0.0
3.491,0.2,0.19374242424964905,0.11379629499278962,0.0,0.0,0.0
3.492,0.2,0.19374293088912964,0.11379629499278962,0.0,0.0,0.0
3.493,0.2,0.19374343752861023,0.11379629499278962,0.0,0.0,0.0
3.494,0.2,0.19374394416809082,0.11379629499278962,0.0,0.0,0.0
3.495,0.2,0.1937444508075714,0.11379629499278962,0.0,0.0,0.0
3.496,0.2,0.193744957447052,0.11379629499278962,0.0,0.0,0.0
3.497,0.2,0.1937454640865326,0.11379629499278962,0.0,0.0,0.0
3.498,0.2,0.19374597072601318,0.11379629499278962,0.0,0.0,0.0
3.499,0.2,0.19374647736549377,0.11379629499278962,0.0,0.0,0.0
3.5,0.2,0.19374698400497437,0.11379629499278962,0.0,0.0,0.0
3.501,0.2,0.19374749064445496,0.11379629499278962,0.0,0.0,0.0
3.5020000000000002,0.2,0.19374799728393555,0.11379629499278962,0.0,0.0,0.0
3.503,0.2,0.19374850392341614,0.11379629499278962,0.0,0.0,0.0
3.504,0.2,0.19374901056289673,0.11379629499278962,0.0,0.0,0.0
3.505,0.2,0.19374951720237732,0.11379629499278962,0.0,0.0,0.0
3.5060000000000002,0.2,0.1937500238418579,0.11379629499278962,0.0,0.0,0.0
3.507,0.2,0.1937505453824997,0.11379629499278962,0.0,0.0,0.0
3.508,0.2,0.1937510371208191,0.11379629499278962,0.0,0.0,0.0
3.509,0.2,0.19375154376029968,0.11379629499278962,0.0,0.0,0.0
3.5100000000000002,0.2,0.19375205039978027,0.11379629499278962,0.0,0.0,0.0
3.511,0.2,0.19375255703926086,0.11379629499278962,0.0,0.0,0.0
3.512,0.2,0.19375306367874146,0.11379629499278962,0.0,0.0,0.0
3.513,0.2,0.19375357031822205,0.11379629499278962,0.0,0.0,0.0
3.5140000000000002,0.2,0.19375407695770264,0.11379629499278962,0.0,0.0,0.0
3.515,0.2,0.19375458359718323,0.11379629499278962,0.0,0.0,0.0
3.516,0.2,0.19375509023666382,0.11379629499278962,0.0,0.0,0.0
3.517,0.2,0.1937555968761444,0.11379629499278962,0.0,0.0,0.0
3.5180000000000002,0.2,0.193756103515625,0.11379629499278962,0.0,0.0,0.0
3.519,0.2,0.1937566101551056,0.11379629499278962,0.0,0.0,0.0
3.52,0.2,0.19375711679458618,0.11379629499278962,0.0,0.0,0.0
3.521,0.2,0.19375762343406677,0.11379629499278962,0.0,0.0,0.0
3.5220000000000002,0.2,0.19375813007354736,0.11379629499278962,0.0,0.0,0.0
3.523,0.2,0.19375863671302795,0.11379629499278962,0.0,0.0,0.0
3.524,0.2,0.19375914335250854,0.11379629499278962,0.0,0.0,0.0
3.525,0.2,0.19375964999198914,0.11379629499278962,0.0,0.0,0.0
3.5260000000000002,0.2,0.19376015663146973,0.11379629499278962,0.0,0.0,0.0
3.527,0.2,0.19376066327095032,0.11379629499278962,0.0,0.0,0.0
3.528,0.2,0.1937611699104309,0.11379629499278962,0.0,0.0,0.0
3.529,0.2,0.1937616765499115,0.11379629499278962,0.0,0.0,0.0
3.5300000000000002,0.2,0.1937621831893921,0.11379629499278962,0.0,0.0,0.0
3.531,0.2,0.19376268982887268,0.11379629499278962,0.0,0.0,0.0
3.532,0.2,0.19376318156719208,0.11379629499278962,0.0,0.0,0.0
3.533,0.2,0.19376368820667267,0.11379629499278962,0.0,0.0,0.0
3.5340000000000003,0.2,0.19376419484615326,0.11379629499278962,0.0,0.0,0.0
3.535,0.2,0.19376470148563385,0.11379629499278962,0.0,0.0,0.0
3.536,0.2,0.19376520812511444,0.11379629499278962,0.0,0.0,0.0
3.537,0.2,0.19376571476459503,0.11379629499278962,0.0,0.0,0.0
3.5380000000000003,0.2,0.19376622140407562,0.11379629499278962,0.0,0.0,0.0
3.539,0.2,0.1937667280435562,0.11379629499278962,0.0,0.0,0.0
3.54,0.2,0.1937672346830368,0.11379629499278962,0.0,0.0,0.0
3.541,0.2,0.1937677413225174,0.11379629499278962,0.0,0.0,0.0
3.5420000000000003,0.2,0.19376824796199799,0.11379629499278962,0.0,0.0,0.0
3.543,0.2,0.19376873970031738,0.11379629499278962,0.0,0.0,0.0
3.544,0.2,0.19376924633979797,0.11379629499278962,0.0,0.0,0.0
3.545,0.2,0.19376975297927856,0.11379629499278962,0.0,0.0,0.0
3.5460000000000003,0.2,0.19377025961875916,0.11379629499278962,0.0,0.0,0.0
3.547,0.2,0.19377076625823975,0.11379629499278962,0.0,0.0,0.0
3.548,0.2,0.19377127289772034,0.11379629499278962,0.0,0.0,0.0
3.549,0.2,0.19377177953720093,0.11379629499278962,0.0,0.0,0.0
3.5500000000000003,0.2,0.19377228617668152,0.11379629499278962,0.0,0.0,0.0
3.551,0.2,0.1937727928161621,0.11379629499278962,0.0,0.0,0.0
3.552,0.2,0.1937732845544815,0.11379629499278962,0.0,0.0,0.0
3.553,0.2,0.1937737911939621,0.11379629499278962,0.0,0.0,0.0
3.5540000000000003,0.2,0.1937742978334427,0.11379629499278962,0.0,0.0,0.0
3.555,0.2,0.19377480447292328,0.11379629499278962,0.0,0.0,0.0
3.556,0.2,0.19377531111240387,0.11379629499278962,0.0,0.0,0.0
3.557,0.2,0.19377581775188446,0.11379629499278962,0.0,0.0,0.0
3.5580000000000003,0.2,0.19377632439136505,0.11379629499278962,0.0,0.0,0.0
3.559,0.2,0.19377681612968445,0.11379629499278962,0.0,0.0,0.0
3.56,0.2,0.19377732276916504,0.11379629499278962,0.0,0.0,0.0
3.561,0.2,0.19377782940864563,0.11379629499278962,0.0,0.0,0.0
3.5620000000000003,0.2,0.19377833604812622,0.11379629499278962,0.0,0.0,0.0
3.563,0.2,0.1937788426876068,0.11379629499278962,0.0,0.0,0.0
3.564,0.2,0.1937793493270874,0.11379629499278962,0.0,0.0,0.0
3.565,0.2,0.193779855966568,0.11379629499278962,0.0,0.0,0.0
3.5660000000000003,0.2,0.1937803477048874,0.11379629499278962,0.0,0.0,0.0
3.567,0.2,0.19378085434436798,0.11379629499278962,0.0,0.0,0.0
3.568,0.2,0.19378136098384857,0.11379629499278962,0.0,0.0,0.0
3.569,0.2,0.19378186762332916,0.11379629499278962,0.0,0.0,0.0
3.5700000000000003,0.2,0.19378237426280975,0.11379629499278962,0.0,0.0,0.0
3.571,0.2,0.19378286600112915,0.11379629499278962,0.0,0.0,0.0
3.572,0.2,0.19378337264060974,0.11379629499278962,0.0,0.0,0.0
3.573,0.2,0.19378387928009033,0.11379629499278962,0.0,0.0,0.0
3.5740000000000003,0.2,0.19378438591957092,0.11379629499278962,0.0,0.0,0.0
3.575,0.2,0.1937848925590515,0.11379629499278962,0.0,0.0,0.0
3.576,0.2,0.1937853991985321,0.11379629499278962,0.0,0.0,0.0
3.577,0.2,0.1937858909368515,0.11379629499278962,0.0,0.0,0.0
3.5780000000000003,0.2,0.1937863975763321,0.11379629499278962,0.0,0.0,0.0
3.579,0.2,0.19378690421581268,0.11379629499278962,0.0,0.0,0.0
3.58,0.2,0.19378741085529327,0.11379629499278962,0.0,0.0,0.0
3.581,0.2,0.19378791749477386,0.11379629499278962,0.0,0.0,0.0
3.5820000000000003,0.2,0.19378840923309326,0.11379629499278962,0.0,0.0,0.0
3.583,0.2,0.19378891587257385,0.11379629499278962,0.0,0.0,0.0
3.584,0.2,0.19378942251205444,0.11379629499278962,0.0,0.0,0.0
3.585,0.2,0.19378992915153503,0.11379629499278962,0.0,0.0,0.0
3.586,0.2,0.19379042088985443,0.11379629499278962,0.0,0.0,0.0
3.587,0.2,0.19379092752933502,0.11379629499278962,0.0,0.0,0.0
3.588,0.2,0.1937914341688156,0.11379629499278962,0.0,0.0,0.0
3.589,0.2,0.1937919408082962,0.11379629499278962,0.0,0.0,0.0
3.59,0.2,0.1937924474477768,0.11379629499278962,0.0,0.0,0.0
3.591,0.2,0.1937929391860962,0.11379629499278962,0.0,0.0,0.0
3.592,0.2,0.19379344582557678,0.11379629499278962,0.0,0.0,0.0
3.593,0.2,0.19379395246505737,0.11379629499278962,0.0,0.0,0.0
3.594,0.2,0.19379445910453796,0.11379629499278962,0.0,0.0,0.0
3.595,0.2,0.19379495084285736,0.11379629499278962,0.0,0.0,0.0
3.596,0.2,0.19379545748233795,0.11379629499278962,0.0,0.0,0.0
3.597,0.2,0.19379596412181854,0.11379629499278962,0.0,0.0,0.0
3.598,0.2,0.19379647076129913,0.11379629499278962,0.0,0.0,0.0
3.599,0.2,0.19379696249961853,0.11379629499278962,0.0,0.0,0.0
3.6,0.2,0.19379746913909912,0.11379629499278962,0.0,0.0,0.0
3.601,0.2,0.1937979757785797,0.11379629499278962,0.0,0.0,0.0
3.602,0.2,0.1937984824180603,0.11379629499278962,0.0,0.0,0.0
3.603,0.2,0.1937989741563797,0.11379629499278962,0.0,0.0,0.0
3.604,0.2,0.1937994807958603,0.11379629499278962,0.0,0.0,0.0
3.605,0.2,0.19379998743534088,0.11379629499278962,0.0,0.0,0.0
3.606,0.2,0.19380047917366028,0.11379629499278962,0.0,0.0,0.0
3.607,0.2,0.19380098581314087,0.11379629499278962,0.0,0.0,0.0
3.608,0.2,0.19380149245262146,0.11379629499278962,0.0,0.0,0.0
3.609,0.2,0.19380199909210205,0.11379629499278962,0.0,0.0,0.0
3.61,0.2,0.19380249083042145,0.11379629499278962,0.0,0.0,0.0
3.611,0.2,0.19380299746990204,0.11379629499278962,0.0,0.0,0.0
3.612,0.2,0.19380350410938263,0.11379629499278962,0.0,0.0,0.0
3.613,0.2,0.19380399584770203,0.11379629499278962,0.0,0.0,0.0
3.614,0.2,0.19380450248718262,0.11379629499278962,0.0,0.0,0.0
3.615,0.2,0.1938050091266632,0.11379629499278962,0.0,0.0,0.0
3.616,0.2,0.1938055157661438,0.11379629499278962,0.0,0.0,0.0
3.617,0.2,0.1938060075044632,0.11379629499278962,0.0,0.0,0.0
3.618,0.2,0.1938065141439438,0.11379629499278962,0.0,0.0,0.0
3.619,0.2,0.19380702078342438,0.11379629499278962,0.0,0.0,0.0
3.62,0.2,0.19380751252174377,0.11379629499278962,0.0,0.0,0.0
3.621,0.2,0.19380801916122437,0.11379629499278962,0.0,0.0,0.0
3.622,0.2,0.19380852580070496,0.11379629499278962,0.0,0.0,0.0
3.623,0.2,0.19380901753902435,0.11379629499278962,0.0,0.0,0.0
3.624,0.2,0.19380952417850494,0.11379629499278962,0.0,0.0,0.0
3.625,0.2,0.19381003081798553,0.11379629499278962,0.0,0.0,0.0
3.626,0.2,0.19381052255630493,0.11379629499278962,0.0,0.0,0.0
3.6270000000000002,0.2,0.19381102919578552,0.11379629499278962,0.0,0.0,0.0
3.628,0.2,0.1938115358352661,0.11379629499278962,0.0,0.0,0.0
3.629,0.2,0.1938120275735855,0.11379629499278962,0.0,0.0,0.0
3.63,0.2,0.1938125342130661,0.11379629499278962,0.0,0.0,0.0
3.6310000000000002,0.2,0.1938130408525467,0.11379629499278962,0.0,0.0,0.0
3.632,0.2,0.1938135325908661,0.11379629499278962,0.0,0.0,0.0
3.633,0.2,0.19381403923034668,0.11379629499278962,0.0,0.0,0.0
3.634,0.2,0.19381454586982727,0.11379629499278962,0.0,0.0,0.0
3.6350000000000002,0.2,0.19381503760814667,0.11379629499278962,0.0,0.0,0.0
3.636,0.2,0.19381554424762726,0.11379629499278962,0.0,0.0,0.0
3.637,0.2,0.19381605088710785,0.11379629499278962,0.0,0.0,0.0
3.638,0.2,0.19381654262542725,0.11379629499278962,0.0,0.0,0.0
3.6390000000000002,0.2,0.19381704926490784,0.11379629499278962,0.0,0.0,0.0
3.64,0.2,0.19381755590438843,0.11379629499278962,0.0,0.0,0.0
3.641,0.2,0.19381804764270782,0.11379629499278962,0.0,0.0,0.0
3.642,0.2,0.19381855428218842,0.11379629499278962,0.0,0.0,0.0
3.6430000000000002,0.2,0.1938190460205078,0.11379629499278962,0.0,0.0,0.0
3.644,0.2,0.1938195526599884,0.11379629499278962,0.0,0.0,0.0
3.645,0.2,0.193820059299469,0.11379629499278962,0.0,0.0,0.0
3.646,0.2,0.1938205510377884,0.11379629499278962,0.0,0.0,0.0
3.6470000000000002,0.2,0.19382105767726898,0.11379629499278962,0.0,0.0,0.0
3.648,0.2,0.19382156431674957,0.11379629499278962,0.0,0.0,0.0
3.649,0.2,0.19382205605506897,0.11379629499278962,0.0,0.0,0.0
3.65,0.2,0.19382256269454956,0.11379629499278962,0.0,0.0,0.0
3.6510000000000002,0.2,0.19382305443286896,0.11379629499278962,0.0,0.0,0.0
3.652,0.2,0.19382356107234955,0.11379629499278962,0.0,0.0,0.0
3.653,0.2,0.19382405281066895,0.11379629499278962,0.0,0.0,0.0
3.654,0.2,0.19382455945014954,0.11379629499278962,0.0,0.0,0.0
3.6550000000000002,0.2,0.19382506608963013,0.11379629499278962,0.0,0.0,0.0
3.656,0.2,0.19382555782794952,0.11379629499278962,0.0,0.0,0.0
3.657,0.2,0.19382606446743011,0.11379629499278962,0.0,0.0,0.0
3.658,0.2,0.1938265562057495,0.11379629499278962,0.0,0.0,0.0
3.6590000000000003,0.2,0.1938270628452301,0.11379629499278962,0.0,0.0,0.0
3.66,0.2,0.1938275694847107,0.11379629499278962,0.0,0.0,0.0
3.661,0.2,0.1938280612230301,0.11379629499278962,0.0,0.0,0.0
3.662,0.2,0.19382856786251068,0.11379629499278962,0.0,0.0,0.0
3.6630000000000003,0.2,0.19382905960083008,0.11379629499278962,0.0,0.0,0.0
3.664,0.2,0.19382956624031067,0.11379629499278962,0.0,0.0,0.0
3.665,0.2,0.19383005797863007,0.11379629499278962,0.0,0.0,0.0
3.666,0.2,0.19383056461811066,0.11379629499278962,0.0,0.0,0.0
3.6670000000000003,0.2,0.19383107125759125,0.11379629499278962,0.0,0.0,0.0
3.668,0.2,0.19383156299591064,0.11379629499278962,0.0,0.0,0.0
3.669,0.2,0.19383206963539124,0.11379629499278962,0.0,0.0,0.0
3.67,0.2,0.19383256137371063,0.11379629499278962,0.0,0.0,0.0
3.6710000000000003,0.2,0.19383306801319122,0.11379629499278962,0.0,0.0,0.0
3.672,0.2,0.19383355975151062,0.11379629499278962,0.0,0.0,0.0
3.673,0.2,0.1938340663909912,0.11379629499278962,0.0,0.0,0.0
3.674,0.2,0.1938345581293106,0.11379629499278962,0.0,0.0,0.0
3.6750000000000003,0.2,0.1938350647687912,0.11379629499278962,0.0,0.0,0.0
3.676,0.2,0.1938355714082718,0.11379629499278962,0.0,0.0,0.0
3.677,0.2,0.1938360631465912,0.11379629499278962,0.0,0.0,0.0
3.678,0.2,0.19383656978607178,0.11379629499278962,0.0,0.0,0.0
3.6790000000000003,0.2,0.19383706152439117,0.11379629499278962,0.0,0.0,0.0
3.68,0.2,0.19383756816387177,0.11379629499278962,0.0,0.0,0.0
3.681,0.2,0.19383805990219116,0.11379629499278962,0.0,0.0,0.0
3.682,0.2,0.19383856654167175,0.11379629499278962,0.0,0.0,0.0
3.6830000000000003,0.2,0.19383905827999115,0.11379629499278962,0.0,0.0,0.0
3.684,0.2,0.19383956491947174,0.11379629499278962,0.0,0.0,0.0
3.685,0.2,0.19384005665779114,0.11379629499278962,0.0,0.0,0.0
3.686,0.2,0.19384056329727173,0.11379629499278962,0.0,0.0,0.0
3.6870000000000003,0.2,0.19384105503559113,0.11379629499278962,0.0,0.0,0.0
3.688,0.2,0.19384156167507172,0.11379629499278962,0.0,0.0,0.0
3.689,0.2,0.1938420534133911,0.11379629499278962,0.0,0.0,0.0
3.69,0.2,0.1938425600528717,0.11379629499278962,0.0,0.0,0.0
3.6910000000000003,0.2,0.1938430517911911,0.11379629499278962,0.0,0.0,0.0
3.692,0.2,0.1938435584306717,0.11379629499278962,0.0,0.0,0.0
3.693,0.2,0.1938440501689911,0.11379629499278962,0.0,0.0,0.0
3.694,0.2,0.19384455680847168,0.11379629499278962,0.0,0.0,0.0
3.6950000000000003,0.2,0.19384504854679108,0.11379629499278962,0.0,0.0,0.0
3.696,0.2,0.19384555518627167,0.11379629499278962,0.0,0.0,0.0
3.697,0.2,0.19384604692459106,0.11379629499278962,0.0,0.0,0.0
3.698,0.2,0.19384653866291046,0.11379629499278962,0.0,0.0,0.0
3.6990000000000003,0.2,0.19384704530239105,0.11379629499278962,0.0,0.0,0.0
3.7,0.2,0.19384753704071045,0.11379629499278962,0.0,0.0,0.0
3.701,0.2,0.19384804368019104,0.11379629499278962,0.0,0.0,0.0
3.702,0.2,0.19384853541851044,0.11379629499278962,0.0,0.0,0.0
3.7030000000000003,0.2,0.19384904205799103,0.11379629499278962,0.0,0.0,0.0
3.704,0.2,0.19384953379631042,0.11379629499278962,0.0,0.0,0.0
3.705,0.2,0.19385004043579102,0.11379629499278962,0.0,0.0,0.0
3.706,0.2,0.1938505321741104,0.11379629499278962,0.0,0.0,0.0
3.7070000000000003,0.2,0.193851038813591,0.11379629499278962,0.0,0.0,0.0
3.708,0.2,0.1938515305519104,0.11379629499278962,0.0,0.0,0.0
3.709,0.2,0.193852037191391,0.11379629499278962,0.0,0.0,0.0
3.71,0.2,0.1938525289297104,0.11379629499278962,0.0,0.0,0.0
3.7110000000000003,0.2,0.19385302066802979,0.11379629499278962,0.0,0.0,0.0
3.712,0.2,0.19385352730751038,0.11379629499278962,0.0,0.0,0.0
3.713,0.2,0.19385401904582977,0.11379629499278962,0.0,0.0,0.0
3.714,0.2,0.19385452568531036,0.11379629499278962,0.0,0.0,0.0
3.715,0.2,0.19385501742362976,0.11379629499278962,0.0,0.0,0.0
3.716,0.2,0.19385552406311035,0.11379629499278962,0.0,0.0,0.0
3.717,0.2,0.19385601580142975,0.11379629499278962,0.0,0.0,0.0
3.718,0.2,0.19385650753974915,0.11379629499278962,0.0,0.0,0.0
3.719,0.2,0.19385701417922974,0.11379629499278962,0.0,0.0,0.0
3.72,0.2,0.19385750591754913,0.11379629499278962,0.0,0.0,0.0
3.721,0.2,0.19385801255702972,0.11379629499278962,0.0,0.0,0.0
3.722,0.2,0.19385850429534912,0.11379629499278962,0.0,0.0,0.0
3.723,0.2,0.1938590109348297,0.11379629499278962,0.0,0.0,0.0
3.724,0.2,0.1938595026731491,0.11379629499278962,0.0,0.0,0.0
3.725,0.2,0.1938599944114685,0.11379629499278962,0.0,0.0,0.0
3.726,0.2,0.1938605010509491,0.11379629499278962,0.0,0.0,0.0
3.727,0.2,0.1938609927892685,0.11379629499278962,0.0,0.0,0.0
3.728,0.2,0.19386149942874908,0.11379629499278962,0.0,0.0,0.0
3.729,0.2,0.19386199116706848,0.11379629499278962,0.0,0.0,0.0
3.73,0.2,0.19386248290538788,0.11379629499278962,0.0,0.0,0.0
3.731,0.2,0.19386298954486847,0.11379629499278962,0.0,0.0,0.0
3.732,0.2,0.19386348128318787,0.11379629499278962,0.0,0.0,0.0
3.733,0.2,0.19386397302150726,0.11379629499278962,0.0,0.0,0.0
3.734,0.2,0.19386447966098785,0.11379629499278962,0.0,0.0,0.0
3.735,0.2,0.19386497139930725,0.11379629499278962,0.0,0.0,0.0
3.736,0.2,0.19386547803878784,0.11379629499278962,0.0,0.0,0.0
3.737,0.2,0.19386596977710724,0.11379629499278962,0.0,0.0,0.0
3.738,0.2,0.19386646151542664,0.11379629499278962,0.0,0.0,0.0
3.739,0.2,0.19386696815490723,0.11379629499278962,0.0,0.0,0.0
3.74,0.2,0.19386745989322662,0.11379629499278962,0.0,0.0,0.0
3.741,0.2,0.19386795163154602,0.11379629499278962,0.0,0.0,0.0
3.742,0.2,0.1938684582710266,0.11379629499278962,0.0,0.0,0.0
3.743,0.2,0.193868950009346,0.11379629499278962,0.0,0.0,0.0
3.744,0.2,0.1938694417476654,0.11379629499278962,0.0,0.0,0.0
3.745,0.2,0.193869948387146,0.11379629499278962,0.0,0.0,0.0
3.746,0.2,0.1938704401254654,0.11379629499278962,0.0,0.0,0.0
3.747,0.2,0.19387094676494598,0.11379629499278962,0.0,0.0,0.0
3.748,0.2,0.19387143850326538,0.11379629499278962,0.0,0.0,0.0
3.749,0.2,0.19387193024158478,0.11379629499278962,0.0,0.0,0.0
3.75,0.2,0.19387243688106537,0.11379629499278962,0.0,0.0,0.0
3.751,0.2,0.19387292861938477,0.11379629499278962,0.0,0.0,0.0
3.7520000000000002,0.2,0.19387342035770416,0.11379629499278962,0.0,0.0,0.0
3.753,0.2,0.19387391209602356,0.11379629499278962,0.0,0.0,0.0
3.754,0.2,0.19387441873550415,0.11379629499278962,0.0,0.0,0.0
3.755,0.2,0.19387491047382355,0.11379629499278962,0.0,0.0,0.0
3.7560000000000002,0.2,0.19387540221214294,0.11379629499278962,0.0,0.0,0.0
3.757,0.2,0.19387590885162354,0.11379629499278962,0.0,0.0,0.0
3.758,0.2,0.19387640058994293,0.11379629499278962,0.0,0.0,0.0
3.759,0.2,0.19387689232826233,0.11379629499278962,0.0,0.0,0.0
3.7600000000000002,0.2,0.19387739896774292,0.11379629499278962,0.0,0.0,0.0
3.761,0.2,0.19387789070606232,0.11379629499278962,0.0,0.0,0.0
3.762,0.2,0.1938783824443817,0.11379629499278962,0.0,0.0,0.0
3.763,0.2,0.1938788890838623,0.11379629499278962,0.0,0.0,0.0
3.7640000000000002,0.2,0.1938793808221817,0.11379629499278962,0.0,0.0,0.0
3.765,0.2,0.1938798725605011,0.11379629499278962,0.0,0.0,0.0
3.766,0.2,0.1938803642988205,0.11379629499278962,0.0,0.0,0.0
3.767,0.2,0.1938808709383011,0.11379629499278962,0.0,0.0,0.0
3.7680000000000002,0.2,0.19388136267662048,0.11379629499278962,0.0,0.0,0.0
3.769,0.2,0.19388185441493988,0.11379629499278962,0.0,0.0,0.0
3.77,0.2,0.19388236105442047,0.11379629499278962,0.0,0.0,0.0
3.771,0.2,0.19388285279273987,0.11379629499278962,0.0,0.0,0.0
3.7720000000000002,0.2,0.19388334453105927,0.11379629499278962,0.0,0.0,0.0
3.773,0.2,0.19388383626937866,0.11379629499278962,0.0,0.0,0.0
3.774,0.2,0.19388434290885925,0.11379629499278962,0.0,0.0,0.0
3.775,0.2,0.19388483464717865,0.11379629499278962,0.0,0.0,0.0
3.7760000000000002,0.2,0.19388532638549805,0.11379629499278962,0.0,0.0,0.0
3.777,0.2,0.19388583302497864,0.11379629499278962,0.0,0.0,0.0
3.778,0.2,0.19388632476329803,0.11379629499278962,0.0,0.0,0.0
3.779,0.2,0.19388681650161743,0.11379629499278962,0.0,0.0,0.0
3.7800000000000002,0.2,0.19388730823993683,0.11379629499278962,0.0,0.0,0.0
3.781,0.2,0.19388781487941742,0.11379629499278962,0.0,0.0,0.0
3.782,0.2,0.19388830661773682,0.11379629499278962,0.0,0.0,0.0
3.783,0.2,0.1938887983560562,0.11379629499278962,0.0,0.0,0.0
3.7840000000000003,0.2,0.1938892900943756,0.11379629499278962,0.0,0.0,0.0
3.785,0.2,0.193889781832695,0.11379629499278962,0.0,0.0,0.0
3.786,0.2,0.1938902884721756,0.11379629499278962,0.0,0.0,0.0
3.787,0.2,0.193890780210495,0.11379629499278962,0.0,0.0,0.0
3.7880000000000003,0.2,0.1938912719488144,0.11379629499278962,0.0,0.0,0.0
3.789,0.2,0.1938917636871338,0.11379629499278962,0.0,0.0,0.0
3.79,0.2,0.19389227032661438,0.11379629499278962,0.0,0.0,0.0
3.791,0.2,0.19389276206493378,0.11379629499278962,0.0,0.0,0.0
3.7920000000000003,0.2,0.19389325380325317,0.11379629499278962,0.0,0.0,0.0
3.793,0.2,0.19389374554157257,0.11379629499278962,0.0,0.0,0.0
3.794,0.2,0.19389425218105316,0.11379629499278962,0.0,0.0,0.0
3.795,0.2,0.19389474391937256,0.11379629499278962,0.0,0.0,0.0
3.7960000000000003,0.2,0.19389523565769196,0.11379629499278962,0.0,0.0,0.0
3.797,0.2,0.19389572739601135,0.11379629499278962,0.0,0.0,0.0
3.798,0.2,0.19389621913433075,0.11379629499278962,0.0,0.0,0.0
3.799,0.2,0.19389672577381134,0.11379629499278962,0.0,0.0,0.0
3.8000000000000003,0.2,0.19389721751213074,0.11379629499278962,0.0,0.0,0.0
3.801,0.2,0.19389770925045013,0.11379629499278962,0.0,0.0,0.0
3.802,0.2,0.19389820098876953,0.11379629499278962,0.0,0.0,0.0
3.803,0.2,0.19389869272708893,0.11379629499278962,0.0,0.0,0.0
3.8040000000000003,0.2,0.19389919936656952,0.11379629499278962,0.0,0.0,0.0
3.805,0.2,0.19389969110488892,0.11379629499278962,0.0,0.0,0.0
3.806,0.2,0.1939001828432083,0.11379629499278962,0.0,0.0,0.0
3.807,0.2,0.1939006745815277,0.11379629499278962,0.0,0.0,0.0
3.8080000000000003,0.2,0.1939011663198471,0.11379629499278962,0.0,0.0,0.0
3.809,0.2,0.1939016580581665,0.11379629499278962,0.0,0.0,0.0
3.81,0.2,0.1939021646976471,0.11379629499278962,0.0,0.0,0.0
3.811,0.2,0.1939026564359665,0.11379629499278962,0.0,0.0,0.0
3.8120000000000003,0.2,0.1939031481742859,0.11379629499278962,0.0,0.0,0.0
3.813,0.2,0.19390363991260529,0.11379629499278962,0.0,0.0,0.0
3.814,0.2,0.19390413165092468,0.11379629499278962,0.0,0.0,0.0
3.815,0.2,0.19390462338924408,0.11379629499278962,0.0,0.0,0.0
3.8160000000000003,0.2,0.19390513002872467,0.11379629499278962,0.0,0.0,0.0
3.817,0.2,0.19390562176704407,0.11379629499278962,0.0,0.0,0.0
3.818,0.2,0.19390611350536346,0.11379629499278962,0.0,0.0,0.0
3.819,0.2,0.19390660524368286,0.11379629499278962,0.0,0.0,0.0
3.8200000000000003,0.2,0.19390709698200226,0.11379629499278962,0.0,0.0,0.0
3.821,0.2,0.19390758872032166,0.11379629499278962,0.0,0.0,0.0
3.822,0.2,0.19390808045864105,0.11379629499278962,0.0,0.0,0.0
3.823,0.2,0.19390858709812164,0.11379629499278962,0.0,0.0,0.0
3.8240000000000003,0.2,0.19390907883644104,0.11379629499278962,0.0,0.0,0.0
3.825,0.2,0.19390957057476044,0.11379629499278962,0.0,0.0,0.0
3.826,0.2,0.19391006231307983,0.11379629499278962,0.0,0.0,0.0
3.827,0.2,0.19391055405139923,0.11379629499278962,0.0,0.0,0.0
3.8280000000000003,0.2,0.19391104578971863,0.11379629499278962,0.0,0.0,0.0
3.829,0.2,0.19391153752803802,0.11379629499278962,0.0,0.0,0.0
3.83,0.2,0.19391204416751862,0.11379629499278962,0.0,0.0,0.0
3.831,0.2,0.193912535905838,0.11379629499278962,0.0,0.0,0.0
3.8320000000000003,0.2,0.1939130276441574,0.11379629499278962,0.0,0.0,0.0
3.833,0.2,0.1939135193824768,0.11379629499278962,0.0,0.0,0.0
3.834,0.2,0.1939140111207962,0.11379629499278962,0.0,0.0,0.0
3.835,0.2,0.1939145028591156,0.11379629499278962,0.0,0.0,0.0
3.8360000000000003,0.2,0.193914994597435,0.11379629499278962,0.0,0.0,0.0
3.837,0.2,0.1939154863357544,0.11379629499278962,0.0,0.0,0.0
3.838,0.2,0.1939159780740738,0.11379629499278962,0.0,0.0,0.0
3.839,0.2,0.1939164698123932,0.11379629499278962,0.0,0.0,0.0
3.84,0.2,0.19391697645187378,0.11379629499278962,0.0,0.0,0.0
3.841,0.2,0.19391746819019318,0.11379629499278962,0.0,0.0,0.0
3.842,0.2,0.19391795992851257,0.11379629499278962,0.0,0.0,0.0
3.843,0.2,0.19391845166683197,0.11379629499278962,0.0,0.0,0.0
3.844,0.2,0.19391894340515137,0.11379629499278962,0.0,0.0,0.0
3.845,0.2,0.19391943514347076,0.11379629499278962,0.0,0.0,0.0
3.846,0.2,0.19391992688179016,0.11379629499278962,0.0,0.0,0.0
3.847,0.2,0.19392041862010956,0.11379629499278962,0.0,0.0,0.0
3.848,0.2,0.19392091035842896,0.11379629499278962,0.0,0.0,0.0
3.849,0.2,0.19392140209674835,0.11379629499278962,0.0,0.0,0.0
3.85,0.2,0.19392189383506775,0.11379629499278962,0.0,0.0,0.0
3.851,0.2,0.19392238557338715,0.11379629499278962,0.0,0.0,0.0
3.852,0.2,0.19392287731170654,0.11379629499278962,0.0,0.0,0.0
3.853,0.2,0.19392338395118713,0.11379629499278962,0.0,0.0,0.0
3.854,0.2,0.19392387568950653,0.11379629499278962,0.0,0.0,0.0
3.855,0.2,0.19392436742782593,0.11379629499278962,0.0,0.0,0.0
3.856,0.2,0.19392485916614532,0.11379629499278962,0.0,0.0,0.0
3.857,0.2,0.19392535090446472,0.11379629499278962,0.0,0.0,0.0
3.858,0.2,0.19392584264278412,0.11379629499278962,0.0,0.0,0.0
3.859,0.2,0.19392633438110352,0.11379629499278962,0.0,0.0,0.0
3.86,0.2,0.1939268261194229,0.11379629499278962,0.0,0.0,0.0
3.861,0.2,0.1939273178577423,0.11379629499278962,0.0,0.0,0.0
3.862,0.2,0.1939278095960617,0.11379629499278962,0.0,0.0,0.0
3.863,0.2,0.1939283013343811,0.11379629499278962,0.0,0.0,0.0
3.864,0.2,0.1939287930727005,0.11379629499278962,0.0,0.0,0.0
3.865,0.2,0.1939292848110199,0.11379629499278962,0.0,0.0,0.0
3.866,0.2,0.1939297765493393,0.11379629499278962,0.0,0.0,0.0
3.867,0.2,0.1939302682876587,0.11379629499278962,0.0,0.0,0.0
3.868,0.2,0.1939307600259781,0.11379629499278962,0.0,0.0,0.0
3.869,0.2,0.19393125176429749,0.11379629499278962,0.0,0.0,0.0
3.87,0.2,0.19393174350261688,0.11379629499278962,0.0,0.0,0.0
3.871,0.2,0.19393223524093628,0.11379629499278962,0.0,0.0,0.0
3.872,0.2,0.19393272697925568,0.11379629499278962,0.0,0.0,0.0
3.873,0.2,0.19393321871757507,0.11379629499278962,0.0,0.0,0.0
3.874,0.2,0.19393371045589447,0.11379629499278962,0.0,0.0,0.0
3.875,0.2,0.19393420219421387,0.11379629499278962,0.0,0.0,0.0
3.876,0.2,0.19393469393253326,0.11379629499278962,0.0,0.0,0.0
3.8770000000000002,0.2,0.19393518567085266,0.11379629499278962,0.0,0.0,0.0
3.878,0.2,0.19393567740917206,0.11379629499278962,0.0,0.0,0.0
3.879,0.2,0.19393616914749146,0.11379629499278962,0.0,0.0,0.0
3.88,0.2,0.19393666088581085,0.11379629499278962,0.0,0.0,0.0
3.8810000000000002,0.2,0.19393715262413025,0.11379629499278962,0.0,0.0,0.0
3.882,0.2,0.19393764436244965,0.11379629499278962,0.0,0.0,0.0
3.883,0.2,0.19393813610076904,0.11379629499278962,0.0,0.0,0.0
3.884,0.2,0.19393862783908844,0.11379629499278962,0.0,0.0,0.0
3.8850000000000002,0.2,0.19393911957740784,0.11379629499278962,0.0,0.0,0.0
3.886,0.2,0.19393961131572723,0.11379629499278962,0.0,0.0,0.0
3.887,0.2,0.19394010305404663,0.11379629499278962,0.0,0.0,0.0
3.888,0.2,0.19394059479236603,0.11379629499278962,0.0,0.0,0.0
3.8890000000000002,0.2,0.19394108653068542,0.11379629499278962,0.0,0.0,0.0
3.89,0.2,0.19394157826900482,0.11379629499278962,0.0,0.0,0.0
3.891,0.2,0.19394205510616302,0.11379629499278962,0.0,0.0,0.0
3.892,0.2,0.19394254684448242,0.11379629499278962,0.0,0.0,0.0
3.8930000000000002,0.2,0.19394303858280182,0.11379629499278962,0.0,0.0,0.0
3.894,0.2,0.19394353032112122,0.11379629499278962,0.0,0.0,0.0
3.895,0.2,0.1939440220594406,0.11379629499278962,0.0,0.0,0.0
3.896,0.2,0.19394451379776,0.11379629499278962,0.0,0.0,0.0
3.8970000000000002,0.2,0.1939450055360794,0.11379629499278962,0.0,0.0,0.0
3.898,0.2,0.1939454972743988,0.11379629499278962,0.0,0.0,0.0
3.899,0.2,0.1939459890127182,0.11379629499278962,0.0,0.0,0.0
3.9,0.2,0.1939464807510376,0.11379629499278962,0.0,0.0,0.0
3.9010000000000002,0.2,0.193946972489357,0.11379629499278962,0.0,0.0,0.0
3.902,0.2,0.1939474642276764,0.11379629499278962,0.0,0.0,0.0
3.903,0.2,0.1939479559659958,0.11379629499278962,0.0,0.0,0.0
3.904,0.2,0.19394844770431519,0.11379629499278962,0.0,0.0,0.0
3.9050000000000002,0.2,0.19394893944263458,0.11379629499278962,0.0,0.0,0.0
3.906,0.2,0.19394943118095398,0.11379629499278962,0.0,0.0,0.0
3.907,0.2,0.19394992291927338,0.11379629499278962,0.0,0.0,0.0
3.908,0.2,0.19395039975643158,0.11379629499278962,0.0,0.0,0.0
3.9090000000000003,0.2,0.19395089149475098,0.11379629499278962,0.0,0.0,0.0
3.91,0.2,0.19395138323307037,0.11379629499278962,0.0,0.0,0.0
3.911,0.2,0.19395187497138977,0.11379629499278962,0.0,0.0,0.0
3.912,0.2,0.19395236670970917,0.11379629499278962,0.0,0.0,0.0
3.9130000000000003,0.2,0.19395285844802856,0.11379629499278962,0.0,0.0,0.0
3.914,0.2,0.19395335018634796,0.11379629499278962,0.0,0.0,0.0
3.915,0.2,0.19395384192466736,0.11379629499278962,0.0,0.0,0.0
3.916,0.2,0.19395433366298676,0.11379629499278962,0.0,0.0,0.0
3.9170000000000003,0.2,0.19395482540130615,0.11379629499278962,0.0,0.0,0.0
3.918,0.2,0.19395530223846436,0.11379629499278962,0.0,0.0,0.0
3.919,0.2,0.19395579397678375,0.11379629499278962,0.0,0.0,0.0
3.92,0.2,0.19395628571510315,0.11379629499278962,0.0,0.0,0.0
3.9210000000000003,0.2,0.19395677745342255,0.11379629499278962,0.0,0.0,0.0
3.922,0.2,0.19395726919174194,0.11379629499278962,0.0,0.0,0.0
3.923,0.2,0.19395776093006134,0.11379629499278962,0.0,0.0,0.0
3.924,0.2,0.19395825266838074,0.11379629499278962,0.0,0.0,0.0
3.9250000000000003,0.2,0.19395874440670013,0.11379629499278962,0.0,0.0,0.0
3.926,0.2,0.19395922124385834,0.11379629499278962,0.0,0.0,0.0
3.927,0.2,0.19395971298217773,0.11379629499278962,0.0,0.0,0.0
3.928,0.2,0.19396020472049713,0.11379629499278962,0.0,0.0,0.0
3.9290000000000003,0.2,0.19396069645881653,0.11379629499278962,0.0,0.0,0.0
3.93,0.2,0.19396118819713593,0.11379629499278962,0.0,0.0,0.0
3.931,0.2,0.19396167993545532,0.11379629499278962,0.0,0.0,0.0
3.932,0.2,0.19396215677261353,0.11379629499278962,0.0,0.0,0.0
3.9330000000000003,0.2,0.19396264851093292,0.11379629499278962,0.0,0.0,0.0
3.934,0.2,0.19396314024925232,0.11379629499278962,0.0,0.0,0.0
3.935,0.2,0.19396363198757172,0.11379629499278962,0.0,0.0,0.0
3.936,0.2,0.1939641237258911,0.11379629499278962,0.0,0.0,0.0
3.9370000000000003,0.2,0.1939646154642105,0.11379629499278962,0.0,0.0,0.0
3.938,0.2,0.1939651072025299,0.11379629499278962,0.0,0.0,0.0
3.939,0.2,0.1939655840396881,0.11379629499278962,0.0,0.0,0.0
3.94,0.2,0.1939660757780075,0.11379629499278962,0.0,0.0,0.0
3.9410000000000003,0.2,0.1939665675163269,0.11379629499278962,0.0,0.0,0.0
3.942,0.2,0.1939670592546463,0.11379629499278962,0.0,0.0,0.0
3.943,0.2,0.1939675509929657,0.11379629499278962,0.0,0.0,0.0
3.944,0.2,0.1939680278301239,0.11379629499278962,0.0,0.0,0.0
3.9450000000000003,0.2,0.1939685195684433,0.11379629499278962,0.0,0.0,0.0
3.946,0.2,0.1939690113067627,0.11379629499278962,0.0,0.0,0.0
3.947,0.2,0.1939695030450821,0.11379629499278962,0.0,0.0,0.0
3.948,0.2,0.1939699947834015,0.11379629499278962,0.0,0.0,0.0
3.9490000000000003,0.2,0.1939704716205597,0.11379629499278962,0.0,0.0,0.0
3.95,0.2,0.1939709633588791,0.11379629499278962,0.0,0.0,0.0
3.951,0.2,0.1939714550971985,0.11379629499278962,0.0,0.0,0.0
3.952,0.2,0.19397194683551788,0.11379629499278962,0.0,0.0,0.0
3.9530000000000003,0.2,0.19397243857383728,0.11379629499278962,0.0,0.0,0.0
3.954,0.2,0.19397291541099548,0.11379629499278962,0.0,0.0,0.0
3.955,0.2,0.19397340714931488,0.11379629499278962,0.0,0.0,0.0
3.956,0.2,0.19397389888763428,0.11379629499278962,0.0,0.0,0.0
3.9570000000000003,0.2,0.19397439062595367,0.11379629499278962,0.0,0.0,0.0
3.958,0.2,0.19397488236427307,0.11379629499278962,0.0,0.0,0.0
3.959,0.2,0.19397535920143127,0.11379629499278962,0.0,0.0,0.0
3.96,0.2,0.19397585093975067,0.11379629499278962,0.0,0.0,0.0
3.9610000000000003,0.2,0.19397634267807007,0.11379629499278962,0.0,0.0,0.0
3.962,0.2,0.19397683441638947,0.11379629499278962,0.0,0.0,0.0
3.963,0.2,0.19397731125354767,0.11379629499278962,0.0,0.0,0.0
3.964,0.2,0.19397780299186707,0.11379629499278962,0.0,0.0,0.0
3.9650000000000003,0.2,0.19397829473018646,0.11379629499278962,0.0,0.0,0.0
3.966,0.2,0.19397878646850586,0.11379629499278962,0.0,0.0,0.0
3.967,0.2,0.19397926330566406,0.11379629499278962,0.0,0.0,0.0
3.968,0.2,0.19397975504398346,0.11379629499278962,0.0,0.0,0.0
3.969,0.2,0.19398024678230286,0.11379629499278962,0.0,0.0,0.0
3.97,0.2,0.19398073852062225,0.11379629499278962,0.0,0.0,0.0
3.971,0.2,0.19398121535778046,0.11379629499278962,0.0,0.0,0.0
3.972,0.2,0.19398170709609985,0.11379629499278962,0.0,0.0,0.0
3.973,0.2,0.19398219883441925,0.11379629499278962,0.0,0.0,0.0
3.974,0.2,0.19398269057273865,0.11379629499278962,0.0,0.0,0.0
3.975,0.2,0.19398316740989685,0.11379629499278962,0.0,0.0,0.0
3.976,0.2,0.19398365914821625,0.11379629499278962,0.0,0.0,0.0
3.977,0.2,0.19398415088653564,0.11379629499278962,0.0,0.0,0.0
3.978,0.2,0.19398464262485504,0.11379629499278962,0.0,0.0,0.0
3.979,0.2,0.19398511946201324,0.11379629499278962,0.0,0.0,0.0
3.98,0.2,0.19398561120033264,0.11379629499278962,0.0,0.0,0.0
3.981,0.2,0.19398610293865204,0.11379629499278962,0.0,0.0,0.0
3.982,0.2,0.19398657977581024,0.11379629499278962,0.0,0.0,0.0
3.983,0.2,0.19398707151412964,0.11379629499278962,0.0,0.0,0.0
3.984,0.2,0.19398756325244904,0.11379629499278962,0.0,0.0,0.0
3.985,0.2,0.19398805499076843,0.11379629499278962,0.0,0.0,0.0
3.986,0.2,0.19398853182792664,0.11379629499278962,0.0,0.0,0.0
3.987,0.2,0.19398902356624603,0.11379629499278962,0.0,0.0,0.0
3.988,0.2,0.19398951530456543,0.11379629499278962,0.0,0.0,0.0
3.989,0.2,0.19398999214172363,0.11379629499278962,0.0,0.0,0.0
3.99,0.2,0.19399048388004303,0.11379629499278962,0.0,0.0,0.0
3.991,0.2,0.19399097561836243,0.11379629499278962,0.0,0.0,0.0
3.992,0.2,0.19399145245552063,0.11379629499278962,0.0,0.0,0.0
3.993,0.2,0.19399194419384003,0.11379629499278962,0.0,0.0,0.0
3.994,0.2,0.19399243593215942,0.11379629499278962,0.0,0.0,0.0
3.995,0.2,0.19399291276931763,0.11379629499278962,0.0,0.0,0.0
3.996,0.2,0.19399340450763702,0.11379629499278962,0.0,0.0,0.0
3.997,0.2,0.19399389624595642,0.11379629499278962,0.0,0.0,0.0
3.998,0.2,0.19399437308311462,0.11379629499278962,0.0,0.0,0.0
3.999,0.2,0.19399486482143402,0.11379629499278962,0.0,0.0,0.0
4.0,0.2,0.19399535655975342,0.11379629499278962,0.0,0.0,0.0
4.001,0.2,0.19399584829807281,0.11379629499278962,0.0,0.0,0.0
4.002,0.2,0.19399632513523102,0.11379629499278962,0.0,0.0,0.0
4.003,0.2,0.19399681687355042,0.11379629499278962,0.0,0.0,0.0
4.0040000000000004,0.2,0.19399729371070862,0.11379629499278962,0.0,0.0,0.0
4.005,0.2,0.19399778544902802,0.11379629499278962,0.0,0.0,0.0
4.006,0.2,0.1939982771873474,0.11379629499278962,0.0,0.0,0.0
4.007,0.2,0.19399875402450562,0.11379629499278962,0.0,0.0,0.0
4.008,0.2,0.193999245762825,0.11379629499278962,0.0,0.0,0.0
4.009,0.2,0.1939997375011444,0.11379629499278962,0.0,0.0,0.0
4.01,0.2,0.1940002143383026,0.11379629499278962,0.0,0.0,0.0
4.011,0.2,0.194000706076622,0.11379629499278962,0.0,0.0,0.0
4.0120000000000005,0.2,0.1940011978149414,0.11379629499278962,0.0,0.0,0.0
4.013,0.2,0.1940016746520996,0.11379629499278962,0.0,0.0,0.0
4.014,0.2,0.194002166390419,0.11379629499278962,0.0,0.0,0.0
4.015,0.2,0.1940026432275772,0.11379629499278962,0.0,0.0,0.0
4.016,0.2,0.1940031349658966,0.11379629499278962,0.0,0.0,0.0
4.017,0.2,0.194003626704216,0.11379629499278962,0.0,0.0,0.0
4.018,0.2,0.1940041035413742,0.11379629499278962,0.0,0.0,0.0
4.019,0.2,0.1940045952796936,0.11379629499278962,0.0,0.0,0.0
4.0200000000000005,0.2,0.194005087018013,0.11379629499278962,0.0,0.0,0.0
4.021,0.2,0.1940055638551712,0.11379629499278962,0.0,0.0,0.0
4.022,0.2,0.1940060555934906,0.11379629499278962,0.0,0.0,0.0
4.023,0.2,0.1940065324306488,0.11379629499278962,0.0,0.0,0.0
4.024,0.2,0.1940070241689682,0.11379629499278962,0.0,0.0,0.0
4.025,0.2,0.1940075159072876,0.11379629499278962,0.0,0.0,0.0
4.026,0.2,0.1940079927444458,0.11379629499278962,0.0,0.0,0.0
4.027,0.2,0.1940084844827652,0.11379629499278962,0.0,0.0,0.0
4.0280000000000005,0.2,0.1940089613199234,0.11379629499278962,0.0,0.0,0.0
4.029,0.2,0.1940094530582428,0.11379629499278962,0.0,0.0,0.0
4.03,0.2,0.1940099447965622,0.11379629499278962,0.0,0.0,0.0
4.031,0.2,0.1940104216337204,0.11379629499278962,0.0,0.0,0.0
4.032,0.2,0.1940109133720398,0.11379629499278962,0.0,0.0,0.0
4.033,0.2,0.194011390209198,0.11379629499278962,0.0,0.0,0.0
4.034,0.2,0.1940118819475174,0.11379629499278962,0.0,0.0,0.0
4.035,0.2,0.1940123587846756,0.11379629499278962,0.0,0.0,0.0
4.0360000000000005,0.2,0.194012850522995,0.11379629499278962,0.0,0.0,0.0
4.037,0.2,0.1940133422613144,0.11379629499278962,0.0,0.0,0.0
4.038,0.2,0.1940138190984726,0.11379629499278962,0.0,0.0,0.0
4.039,0.2,0.194014310836792,0.11379629499278962,0.0,0.0,0.0
4.04,0.2,0.1940147876739502,0.11379629499278962,0.0,0.0,0.0
4.041,0.2,0.1940152794122696,0.11379629499278962,0.0,0.0,0.0
4.042,0.2,0.1940157562494278,0.11379629499278962,0.0,0.0,0.0
4.043,0.2,0.1940162479877472,0.11379629499278962,0.0,0.0,0.0
4.0440000000000005,0.2,0.1940167248249054,0.11379629499278962,0.0,0.0,0.0
4.045,0.2,0.1940172165632248,0.11379629499278962,0.0,0.0,0.0
4.046,0.2,0.1940177083015442,0.11379629499278962,0.0,0.0,0.0
4.047,0.2,0.1940181851387024,0.11379629499278962,0.0,0.0,0.0
4.048,0.2,0.1940186768770218,0.11379629499278962,0.0,0.0,0.0
4.049,0.2,0.19401915371418,0.11379629499278962,0.0,0.0,0.0
4.05,0.2,0.1940196454524994,0.11379629499278962,0.0,0.0,0.0
4.051,0.2,0.1940201222896576,0.11379629499278962,0.0,0.0,0.0
4.0520000000000005,0.2,0.194020614027977,0.11379629499278962,0.0,0.0,0.0
4.053,0.2,0.1940210908651352,0.11379629499278962,0.0,0.0,0.0
4.054,0.2,0.1940215826034546,0.11379629499278962,0.0,0.0,0.0
4.055,0.2,0.1940220594406128,0.11379629499278962,0.0,0.0,0.0
4.056,0.2,0.1940225511789322,0.11379629499278962,0.0,0.0,0.0
4.057,0.2,0.1940230280160904,0.11379629499278962,0.0,0.0,0.0
4.058,0.2,0.1940235197544098,0.11379629499278962,0.0,0.0,0.0
4.059,0.2,0.194023996591568,0.11379629499278962,0.0,0.0,0.0
4.0600000000000005,0.2,0.1940244883298874,0.11379629499278962,0.0,0.0,0.0
4.061,0.2,0.1940249651670456,0.11379629499278962,0.0,0.0,0.0
4.062,0.2,0.194025456905365,0.11379629499278962,0.0,0.0,0.0
4.063,0.2,0.1940259337425232,0.11379629499278962,0.0,0.0,0.0
4.064,0.2,0.1940264254808426,0.11379629499278962,0.0,0.0,0.0
4.065,0.2,0.1940269023180008,0.11379629499278962,0.0,0.0,0.0
4.066,0.2,0.1940273940563202,0.11379629499278962,0.0,0.0,0.0
4.067,0.2,0.1940278708934784,0.11379629499278962,0.0,0.0,0.0
4.0680000000000005,0.2,0.1940283626317978,0.11379629499278962,0.0,0.0,0.0
4.069,0.2,0.194028839468956,0.11379629499278962,0.0,0.0,0.0
4.07,0.2,0.1940293312072754,0.11379629499278962,0.0,0.0,0.0
4.071,0.2,0.1940298080444336,0.11379629499278962,0.0,0.0,0.0
4.072,0.2,0.194030299782753,0.11379629499278962,0.0,0.0,0.0
4.073,0.2,0.1940307766199112,0.11379629499278962,0.0,0.0,0.0
4.074,0.2,0.1940312683582306,0.11379629499278962,0.0,0.0,0.0
4.075,0.2,0.1940317451953888,0.11379629499278962,0.0,0.0,0.0
4.0760000000000005,0.2,0.1940322369337082,0.11379629499278962,0.0,0.0,0.0
4.077,0.2,0.1940327137708664,0.11379629499278962,0.0,0.0,0.0
4.078,0.2,0.1940332055091858,0.11379629499278962,0.0,0.0,0.0
4.079,0.2,0.194033682346344,0.11379629499278962,0.0,0.0,0.0
4.08,0.2,0.1940341591835022,0.11379629499278962,0.0,0.0,0.0
4.081,0.2,0.1940346509218216,0.11379629499278962,0.0,0.0,0.0
4.082,0.2,0.1940351277589798,0.11379629499278962,0.0,0.0,0.0
4.083,0.2,0.1940356194972992,0.11379629499278962,0.0,0.0,0.0
4.0840000000000005,0.2,0.1940360963344574,0.11379629499278962,0.0,0.0,0.0
4.085,0.2,0.1940365880727768,0.11379629499278962,0.0,0.0,0.0
4.086,0.2,0.194037064909935,0.11379629499278962,0.0,0.0,0.0
4.087,0.2,0.1940375566482544,0.11379629499278962,0.0,0.0,0.0
4.088,0.2,0.1940380334854126,0.11379629499278962,0.0,0.0,0.0
4.089,0.2,0.1940385103225708,0.11379629499278962,0.0,0.0,0.0
4.09,0.2,0.1940390020608902,0.11379629499278962,0.0,0.0,0.0
4.091,0.2,0.1940394788980484,0.11379629499278962,0.0,0.0,0.0
4.0920000000000005,0.2,0.1940399706363678,0.11379629499278962,0.0,0.0,0.0
4.093,0.2,0.194040447473526,0.11379629499278962,0.0,0.0,0.0
4.094,0.2,0.1940409392118454,0.11379629499278962,0.0,0.0,0.0
4.095,0.2,0.1940414160490036,0.11379629499278962,0.0,0.0,0.0
4.096,0.2,0.1940418928861618,0.11379629499278962,0.0,0.0,0.0
4.097,0.2,0.1940423846244812,0.11379629499278962,0.0,0.0,0.0
4.098,0.2,0.1940428614616394,0.11379629499278962,0.0,0.0,0.0
4.099,0.2,0.1940433531999588,0.11379629499278962,0.0,0.0,0.0
4.1,0.2,0.194043830037117,0.11379629499278962,0.0,0.0,0.0
4.101,0.2,0.1940443068742752,0.11379629499278962,0.0,0.0,0.0
4.102,0.2,0.1940447986125946,0.11379629499278962,0.0,0.0,0.0
4.103,0.2,0.1940452754497528,0.11379629499278962,0.0,0.0,0.0
4.104,0.2,0.1940457671880722,0.11379629499278962,0.0,0.0,0.0
4.105,0.2,0.1940462440252304,0.11379629499278962,0.0,0.0,0.0
4.106,0.2,0.1940467208623886,0.11379629499278962,0.0,0.0,0.0
4.107,0.2,0.194047212600708,0.11379629499278962,0.0,0.0,0.0
4.108,0.2,0.1940476894378662,0.11379629499278962,0.0,0.0,0.0
4.109,0.2,0.19404816627502441,0.11379629499278962,0.0,0.0,0.0
4.11,0.2,0.1940486580133438,0.11379629499278962,0.0,0.0,0.0
4.111,0.2,0.19404913485050201,0.11379629499278962,0.0,0.0,0.0
4.112,0.2,0.1940496265888214,0.11379629499278962,0.0,0.0,0.0
4.113,0.2,0.19405010342597961,0.11379629499278962,0.0,0.0,0.0
4.114,0.2,0.19405058026313782,0.11379629499278962,0.0,0.0,0.0
4.115,0.2,0.19405107200145721,0.11379629499278962,0.0,0.0,0.0
4.116,0.2,0.19405154883861542,0.11379629499278962,0.0,0.0,0.0
4.117,0.2,0.19405202567577362,0.11379629499278962,0.0,0.0,0.0
4.118,0.2,0.19405251741409302,0.11379629499278962,0.0,0.0,0.0
4.119,0.2,0.19405299425125122,0.11379629499278962,0.0,0.0,0.0
4.12,0.2,0.19405347108840942,0.11379629499278962,0.0,0.0,0.0
4.121,0.2,0.19405396282672882,0.11379629499278962,0.0,0.0,0.0
4.122,0.2,0.19405443966388702,0.11379629499278962,0.0,0.0,0.0
4.123,0.2,0.19405493140220642,0.11379629499278962,0.0,0.0,0.0
4.124,0.2,0.19405540823936462,0.11379629499278962,0.0,0.0,0.0
4.125,0.2,0.19405588507652283,0.11379629499278962,0.0,0.0,0.0
4.126,0.2,0.19405637681484222,0.11379629499278962,0.0,0.0,0.0
4.127,0.2,0.19405685365200043,0.11379629499278962,0.0,0.0,0.0
4.128,0.2,0.19405733048915863,0.11379629499278962,0.0,0.0,0.0
4.1290000000000004,0.2,0.19405780732631683,0.11379629499278962,0.0,0.0,0.0
4.13,0.2,0.19405829906463623,0.11379629499278962,0.0,0.0,0.0
4.131,0.2,0.19405877590179443,0.11379629499278962,0.0,0.0,0.0
4.132,0.2,0.19405925273895264,0.11379629499278962,0.0,0.0,0.0
4.133,0.2,0.19405974447727203,0.11379629499278962,0.0,0.0,0.0
4.134,0.2,0.19406022131443024,0.11379629499278962,0.0,0.0,0.0
4.135,0.2,0.19406069815158844,0.11379629499278962,0.0,0.0,0.0
4.136,0.2,0.19406118988990784,0.11379629499278962,0.0,0.0,0.0
4.1370000000000005,0.2,0.19406166672706604,0.11379629499278962,0.0,0.0,0.0
4.138,0.2,0.19406214356422424,0.11379629499278962,0.0,0.0,0.0
4.139,0.2,0.19406263530254364,0.11379629499278962,0.0,0.0,0.0
4.14,0.2,0.19406311213970184,0.11379629499278962,0.0,0.0,0.0
4.141,0.2,0.19406358897686005,0.11379629499278962,0.0,0.0,0.0
4.142,0.2,0.19406406581401825,0.11379629499278962,0.0,0.0,0.0
4.143,0.2,0.19406455755233765,0.11379629499278962,0.0,0.0,0.0
4.144,0.2,0.19406503438949585,0.11379629499278962,0.0,0.0,0.0
4.1450000000000005,0.2,0.19406551122665405,0.11379629499278962,0.0,0.0,0.0
4.146,0.2,0.19406600296497345,0.11379629499278962,0.0,0.0,0.0
4.147,0.2,0.19406647980213165,0.11379629499278962,0.0,0.0,0.0
4.148,0.2,0.19406695663928986,0.11379629499278962,0.0,0.0,0.0
4.149,0.2,0.19406743347644806,0.11379629499278962,0.0,0.0,0.0
4.15,0.2,0.19406792521476746,0.11379629499278962,0.0,0.0,0.0
4.151,0.2,0.19406840205192566,0.11379629499278962,0.0,0.0,0.0
4.152,0.2,0.19406887888908386,0.11379629499278962,0.0,0.0,0.0
4.1530000000000005,0.2,0.19406937062740326,0.11379629499278962,0.0,0.0,0.0
4.154,0.2,0.19406984746456146,0.11379629499278962,0.0,0.0,0.0
4.155,0.2,0.19407032430171967,0.11379629499278962,0.0,0.0,0.0
4.156,0.2,0.19407080113887787,0.11379629499278962,0.0,0.0,0.0
4.157,0.2,0.19407129287719727,0.11379629499278962,0.0,0.0,0.0
4.158,0.2,0.19407176971435547,0.11379629499278962,0.0,0.0,0.0
4.159,0.2,0.19407224655151367,0.11379629499278962,0.0,0.0,0.0
4.16,0.2,0.19407272338867188,0.11379629499278962,0.0,0.0,0.0
4.1610000000000005,0.2,0.19407321512699127,0.11379629499278962,0.0,0.0,0.0
4.162,0.2,0.19407369196414948,0.11379629499278962,0.0,0.0,0.0
4.163,0.2,0.19407416880130768,0.11379629499278962,0.0,0.0,0.0
4.164,0.2,0.19407464563846588,0.11379629499278962,0.0,0.0,0.0
4.165,0.2,0.19407512247562408,0.11379629499278962,0.0,0.0,0.0
4.166,0.2,0.19407561421394348,0.11379629499278962,0.0,0.0,0.0
4.167,0.2,0.19407609105110168,0.11379629499278962,0.0,0.0,0.0
4.168,0.2,0.1940765678882599,0.11379629499278962,0.0,0.0,0.0
4.1690000000000005,0.2,0.1940770447254181,0.11379629499278962,0.0,0.0,0.0
4.17,0.2,0.1940775364637375,0.11379629499278962,0.0,0.0,0.0
4.171,0.2,0.1940780133008957,0.11379629499278962,0.0,0.0,0.0
4.172,0.2,0.1940784901380539,0.11379629499278962,0.0,0.0,0.0
4.173,0.2,0.1940789669752121,0.11379629499278962,0.0,0.0,0.0
4.174,0.2,0.1940794438123703,0.11379629499278962,0.0,0.0,0.0
4.175,0.2,0.1940799355506897,0.11379629499278962,0.0,0.0,0.0
4.176,0.2,0.1940804123878479,0.11379629499278962,0.0,0.0,0.0
4.1770000000000005,0.2,0.1940808892250061,0.11379629499278962,0.0,0.0,0.0
4.178,0.2,0.1940813660621643,0.11379629499278962,0.0,0.0,0.0
4.179,0.2,0.1940818428993225,0.11379629499278962,0.0,0.0,0.0
4.18,0.2,0.1940823346376419,0.11379629499278962,0.0,0.0,0.0
4.181,0.2,0.1940828114748001,0.11379629499278962,0.0,0.0,0.0
4.182,0.2,0.1940832883119583,0.11379629499278962,0.0,0.0,0.0
4.183,0.2,0.19408376514911652,0.11379629499278962,0.0,0.0,0.0
4.184,0.2,0.19408424198627472,0.11379629499278962,0.0,0.0,0.0
4.1850000000000005,0.2,0.19408473372459412,0.11379629499278962,0.0,0.0,0.0
4.186,0.2,0.19408521056175232,0.11379629499278962,0.0,0.0,0.0
4.187,0.2,0.19408568739891052,0.11379629499278962,0.0,0.0,0.0
4.188,0.2,0.19408616423606873,0.11379629499278962,0.0,0.0,0.0
4.189,0.2,0.19408664107322693,0.11379629499278962,0.0,0.0,0.0
4.19,0.2,0.19408711791038513,0.11379629499278962,0.0,0.0,0.0
4.191,0.2,0.19408760964870453,0.11379629499278962,0.0,0.0,0.0
4.192,0.2,0.19408808648586273,0.11379629499278962,0.0,0.0,0.0
4.1930000000000005,0.2,0.19408856332302094,0.11379629499278962,0.0,0.0,0.0
4.194,0.2,0.19408904016017914,0.11379629499278962,0.0,0.0,0.0
4.195,0.2,0.19408951699733734,0.11379629499278962,0.0,0.0,0.0
4.196,0.2,0.19408999383449554,0.11379629499278962,0.0,0.0,0.0
4.197,0.2,0.19409047067165375,0.11379629499278962,0.0,0.0,0.0
4.198,0.2,0.19409096240997314,0.11379629499278962,0.0,0.0,0.0
4.199,0.2,0.19409143924713135,0.11379629499278962,0.0,0.0,0.0
4.2,0.2,0.19409191608428955,0.11379629499278962,0.0,0.0,0.0
4.2010000000000005,0.2,0.19409239292144775,0.11379629499278962,0.0,0.0,0.0
4.202,0.2,0.19409286975860596,0.11379629499278962,0.0,0.0,0.0
4.203,0.2,0.19409334659576416,0.11379629499278962,0.0,0.0,0.0
4.204,0.2,0.19409382343292236,0.11379629499278962,0.0,0.0,0.0
4.205,0.2,0.19409431517124176,0.11379629499278962,0.0,0.0,0.0
4.206,0.2,0.19409479200839996,0.11379629499278962,0.0,0.0,0.0
4.207,0.2,0.19409526884555817,0.11379629499278962,0.0,0.0,0.0
4.208,0.2,0.19409574568271637,0.11379629499278962,0.0,0.0,0.0
4.2090000000000005,0.2,0.19409622251987457,0.11379629499278962,0.0,0.0,0.0
4.21,0.2,0.19409669935703278,0.11379629499278962,0.0,0.0,0.0
4.211,0.2,0.19409717619419098,0.11379629499278962,0.0,0.0,0.0
4.212,0.2,0.19409765303134918,0.11379629499278962,0.0,0.0,0.0
4.213,0.2,0.19409814476966858,0.11379629499278962,0.0,0.0,0.0
4.214,0.2,0.19409862160682678,0.11379629499278962,0.0,0.0,0.0
4.215,0.2,0.19409909844398499,0.11379629499278962,0.0,0.0,0.0
4.216,0.2,0.1940995752811432,0.11379629499278962,0.0,0.0,0.0
4.2170000000000005,0.2,0.1941000521183014,0.11379629499278962,0.0,0.0,0.0
4.218,0.2,0.1941005289554596,0.11379629499278962,0.0,0.0,0.0
4.219,0.2,0.1941010057926178,0.11379629499278962,0.0,0.0,0.0
4.22,0.2,0.194101482629776,0.11379629499278962,0.0,0.0,0.0
4.221,0.2,0.1941019594669342,0.11379629499278962,0.0,0.0,0.0
4.222,0.2,0.1941024363040924,0.11379629499278962,0.0,0.0,0.0
4.223,0.2,0.1941029131412506,0.11379629499278962,0.0,0.0,0.0
4.224,0.2,0.19410340487957,0.11379629499278962,0.0,0.0,0.0
4.225,0.2,0.1941038817167282,0.11379629499278962,0.0,0.0,0.0
4.226,0.2,0.1941043585538864,0.11379629499278962,0.0,0.0,0.0
4.227,0.2,0.19410483539104462,0.11379629499278962,0.0,0.0,0.0
4.228,0.2,0.19410531222820282,0.11379629499278962,0.0,0.0,0.0
4.229,0.2,0.19410578906536102,0.11379629499278962,0.0,0.0,0.0
4.23,0.2,0.19410626590251923,0.11379629499278962,0.0,0.0,0.0
4.231,0.2,0.19410674273967743,0.11379629499278962,0.0,0.0,0.0
4.232,0.2,0.19410721957683563,0.11379629499278962,0.0,0.0,0.0
4.233,0.2,0.19410769641399384,0.11379629499278962,0.0,0.0,0.0
4.234,0.2,0.19410817325115204,0.11379629499278962,0.0,0.0,0.0
4.235,0.2,0.19410865008831024,0.11379629499278962,0.0,0.0,0.0
4.236,0.2,0.19410912692546844,0.11379629499278962,0.0,0.0,0.0
4.237,0.2,0.19410960376262665,0.11379629499278962,0.0,0.0,0.0
4.238,0.2,0.19411008059978485,0.11379629499278962,0.0,0.0,0.0
4.239,0.2,0.19411055743694305,0.11379629499278962,0.0,0.0,0.0
4.24,0.2,0.19411103427410126,0.11379629499278962,0.0,0.0,0.0
4.241,0.2,0.19411151111125946,0.11379629499278962,0.0,0.0,0.0
4.242,0.2,0.19411198794841766,0.11379629499278962,0.0,0.0,0.0
4.243,0.2,0.19411247968673706,0.11379629499278962,0.0,0.0,0.0
4.244,0.2,0.19411295652389526,0.11379629499278962,0.0,0.0,0.0
4.245,0.2,0.19411343336105347,0.11379629499278962,0.0,0.0,0.0
4.246,0.2,0.19411389529705048,0.11379629499278962,0.0,0.0,0.0
4.247,0.2,0.19411438703536987,0.11379629499278962,0.0,0.0,0.0
4.248,0.2,0.19411486387252808,0.11379629499278962,0.0,0.0,0.0
4.249,0.2,0.19411534070968628,0.11379629499278962,0.0,0.0,0.0
4.25,0.2,0.19411581754684448,0.11379629499278962,0.0,0.0,0.0
4.251,0.2,0.19411629438400269,0.11379629499278962,0.0,0.0,0.0
4.252,0.2,0.1941167563199997,0.11379629499278962,0.0,0.0,0.0
4.253,0.2,0.1941172480583191,0.11379629499278962,0.0,0.0,0.0
4.2540000000000004,0.2,0.1941177248954773,0.11379629499278962,0.0,0.0,0.0
4.255,0.2,0.1941181868314743,0.11379629499278962,0.0,0.0,0.0
4.256,0.2,0.1941186785697937,0.11379629499278962,0.0,0.0,0.0
4.257,0.2,0.1941191405057907,0.11379629499278962,0.0,0.0,0.0
4.258,0.2,0.1941196322441101,0.11379629499278962,0.0,0.0,0.0
4.259,0.2,0.19412009418010712,0.11379629499278962,0.0,0.0,0.0
4.26,0.2,0.19412057101726532,0.11379629499278962,0.0,0.0,0.0
4.261,0.2,0.19412104785442352,0.11379629499278962,0.0,0.0,0.0
4.2620000000000005,0.2,0.19412152469158173,0.11379629499278962,0.0,0.0,0.0
4.263,0.2,0.19412201642990112,0.11379629499278962,0.0,0.0,0.0
4.264,0.2,0.19412247836589813,0.11379629499278962,0.0,0.0,0.0
4.265,0.2,0.19412295520305634,0.11379629499278962,0.0,0.0,0.0
4.266,0.2,0.19412343204021454,0.11379629499278962,0.0,0.0,0.0
4.267,0.2,0.19412390887737274,0.11379629499278962,0.0,0.0,0.0
4.268,0.2,0.19412438571453094,0.11379629499278962,0.0,0.0,0.0
4.269,0.2,0.19412486255168915,0.11379629499278962,0.0,0.0,0.0
4.2700000000000005,0.2,0.19412533938884735,0.11379629499278962,0.0,0.0,0.0
4.271,0.2,0.19412581622600555,0.11379629499278962,0.0,0.0,0.0
4.272,0.2,0.19412629306316376,0.11379629499278962,0.0,0.0,0.0
4.273,0.2,0.19412676990032196,0.11379629499278962,0.0,0.0,0.0
4.274,0.2,0.19412724673748016,0.11379629499278962,0.0,0.0,0.0
4.275,0.2,0.19412772357463837,0.11379629499278962,0.0,0.0,0.0
4.276,0.2,0.19412820041179657,0.11379629499278962,0.0,0.0,0.0
4.277,0.2,0.19412867724895477,0.11379629499278962,0.0,0.0,0.0
4.2780000000000005,0.2,0.19412915408611298,0.11379629499278962,0.0,0.0,0.0
4.279,0.2,0.19412963092327118,0.11379629499278962,0.0,0.0,0.0
4.28,0.2,0.19413010776042938,0.11379629499278962,0.0,0.0,0.0
4.281,0.2,0.19413058459758759,0.11379629499278962,0.0,0.0,0.0
4.282,0.2,0.1941310614347458,0.11379629499278962,0.0,0.0,0.0
4.283,0.2,0.1941315233707428,0.11379629499278962,0.0,0.0,0.0
4.284,0.2,0.194132000207901,0.11379629499278962,0.0,0.0,0.0
4.285,0.2,0.1941324770450592,0.11379629499278962,0.0,0.0,0.0
4.2860000000000005,0.2,0.1941329538822174,0.11379629499278962,0.0,0.0,0.0
4.287,0.2,0.1941334307193756,0.11379629499278962,0.0,0.0,0.0
4.288,0.2,0.1941339075565338,0.11379629499278962,0.0,0.0,0.0
4.289,0.2,0.19413438439369202,0.11379629499278962,0.0,0.0,0.0
4.29,0.2,0.19413486123085022,0.11379629499278962,0.0,0.0,0.0
4.291,0.2,0.19413533806800842,0.11379629499278962,0.0,0.0,0.0
4.292,0.2,0.19413581490516663,0.11379629499278962,0.0,0.0,0.0
4.293,0.2,0.19413629174232483,0.11379629499278962,0.0,0.0,0.0
4.2940000000000005,0.2,0.19413675367832184,0.11379629499278962,0.0,0.0,0.0
4.295,0.2,0.19413723051548004,0.11379629499278962,0.0,0.0,0.0
4.296,0.2,0.19413770735263824,0.11379629499278962,0.0,0.0,0.0
4.297,0.2,0.19413818418979645,0.11379629499278962,0.0,0.0,0.0
4.298,0.2,0.19413866102695465,0.11379629499278962,0.0,0.0,0.0
4.299,0.2,0.19413913786411285,0.11379629499278962,0.0,0.0,0.0
4.3,0.2,0.19413961470127106,0.11379629499278962,0.0,0.0,0.0
4.301,0.2,0.19414009153842926,0.11379629499278962,0.0,0.0,0.0
4.3020000000000005,0.2,0.19414056837558746,0.11379629499278962,0.0,0.0,0.0
4.303,0.2,0.19414103031158447,0.11379629499278962,0.0,0.0,0.0
4.304,0.2,0.19414150714874268,0.11379629499278962,0.0,0.0,0.0
4.305,0.2,0.19414198398590088,0.11379629499278962,0.0,0.0,0.0
4.306,0.2,0.19414246082305908,0.11379629499278962,0.0,0.0,0.0
4.307,0.2,0.19414293766021729,0.11379629499278962,0.0,0.0,0.0
4.308,0.2,0.1941434144973755,0.11379629499278962,0.0,0.0,0.0
4.309,0.2,0.1941438913345337,0.11379629499278962,0.0,0.0,0.0
4.3100000000000005,0.2,0.1941443532705307,0.11379629499278962,0.0,0.0,0.0
4.311,0.2,0.1941448301076889,0.11379629499278962,0.0,0.0,0.0
4.312,0.2,0.1941453069448471,0.11379629499278962,0.0,0.0,0.0
4.313,0.2,0.1941457837820053,0.11379629499278962,0.0,0.0,0.0
4.314,0.2,0.1941462606191635,0.11379629499278962,0.0,0.0,0.0
4.315,0.2,0.19414673745632172,0.11379629499278962,0.0,0.0,0.0
4.316,0.2,0.19414721429347992,0.11379629499278962,0.0,0.0,0.0
4.317,0.2,0.19414767622947693,0.11379629499278962,0.0,0.0,0.0
4.3180000000000005,0.2,0.19414815306663513,0.11379629499278962,0.0,0.0,0.0
4.319,0.2,0.19414862990379333,0.11379629499278962,0.0,0.0,0.0
4.32,0.2,0.19414910674095154,0.11379629499278962,0.0,0.0,0.0
4.321,0.2,0.19414958357810974,0.11379629499278962,0.0,0.0,0.0
4.322,0.2,0.19415004551410675,0.11379629499278962,0.0,0.0,0.0
4.323,0.2,0.19415052235126495,0.11379629499278962,0.0,0.0,0.0
4.324,0.2,0.19415099918842316,0.11379629499278962,0.0,0.0,0.0
4.325,0.2,0.19415147602558136,0.11379629499278962,0.0,0.0,0.0
4.3260000000000005,0.2,0.19415195286273956,0.11379629499278962,0.0,0.0,0.0
4.327,0.2,0.19415242969989777,0.11379629499278962,0.0,0.0,0.0
4.328,0.2,0.19415289163589478,0.11379629499278962,0.0,0.0,0.0
4.329,0.2,0.19415336847305298,0.11379629499278962,0.0,0.0,0.0
4.33,0.2,0.19415384531021118,0.11379629499278962,0.0,0.0,0.0
4.331,0.2,0.19415432214736938,0.11379629499278962,0.0,0.0,0.0
4.332,0.2,0.1941547989845276,0.11379629499278962,0.0,0.0,0.0
4.333,0.2,0.1941552609205246,0.11379629499278962,0.0,0.0,0.0
4.3340000000000005,0.2,0.1941557377576828,0.11379629499278962,0.0,0.0,0.0
4.335,0.2,0.194156214594841,0.11379629499278962,0.0,0.0,0.0
4.336,0.2,0.1941566914319992,0.11379629499278962,0.0,0.0,0.0
4.337,0.2,0.1941571682691574,0.11379629499278962,0.0,0.0,0.0
4.338,0.2,0.19415763020515442,0.11379629499278962,0.0,0.0,0.0
4.339,0.2,0.19415810704231262,0.11379629499278962,0.0,0.0,0.0
4.34,0.2,0.19415858387947083,0.11379629499278962,0.0,0.0,0.0
4.341,0.2,0.19415906071662903,0.11379629499278962,0.0,0.0,0.0
4.3420000000000005,0.2,0.19415952265262604,0.11379629499278962,0.0,0.0,0.0
4.343,0.2,0.19415999948978424,0.11379629499278962,0.0,0.0,0.0
4.344,0.2,0.19416047632694244,0.11379629499278962,0.0,0.0,0.0
4.345,0.2,0.19416095316410065,0.11379629499278962,0.0,0.0,0.0
4.346,0.2,0.19416141510009766,0.11379629499278962,0.0,0.0,0.0
4.347,0.2,0.19416189193725586,0.11379629499278962,0.0,0.0,0.0
4.348,0.2,0.19416236877441406,0.11379629499278962,0.0,0.0,0.0
4.349,0.2,0.19416284561157227,0.11379629499278962,0.0,0.0,0.0
4.3500000000000005,0.2,0.19416332244873047,0.11379629499278962,0.0,0.0,0.0
4.351,0.2,0.19416378438472748,0.11379629499278962,0.0,0.0,0.0
4.352,0.2,0.19416426122188568,0.11379629499278962,0.0,0.0,0.0
4.353,0.2,0.19416473805904388,0.11379629499278962,0.0,0.0,0.0
4.354,0.2,0.1941651999950409,0.11379629499278962,0.0,0.0,0.0
4.355,0.2,0.1941656768321991,0.11379629499278962,0.0,0.0,0.0
4.356,0.2,0.1941661536693573,0.11379629499278962,0.0,0.0,0.0
4.357,0.2,0.1941666305065155,0.11379629499278962,0.0,0.0,0.0
4.358,0.2,0.1941670924425125,0.11379629499278962,0.0,0.0,0.0
4.359,0.2,0.19416756927967072,0.11379629499278962,0.0,0.0,0.0
4.36,0.2,0.19416804611682892,0.11379629499278962,0.0,0.0,0.0
4.361,0.2,0.19416852295398712,0.11379629499278962,0.0,0.0,0.0
4.362,0.2,0.19416898488998413,0.11379629499278962,0.0,0.0,0.0
4.363,0.2,0.19416946172714233,0.11379629499278962,0.0,0.0,0.0
4.364,0.2,0.19416993856430054,0.11379629499278962,0.0,0.0,0.0
4.365,0.2,0.19417041540145874,0.11379629499278962,0.0,0.0,0.0
4.366,0.2,0.19417087733745575,0.11379629499278962,0.0,0.0,0.0
4.367,0.2,0.19417135417461395,0.11379629499278962,0.0,0.0,0.0
4.368,0.2,0.19417183101177216,0.11379629499278962,0.0,0.0,0.0
4.369,0.2,0.19417229294776917,0.11379629499278962,0.0,0.0,0.0
4.37,0.2,0.19417276978492737,0.11379629499278962,0.0,0.0,0.0
4.371,0.2,0.19417324662208557,0.11379629499278962,0.0,0.0,0.0
4.372,0.2,0.19417370855808258,0.11379629499278962,0.0,0.0,0.0
4.373,0.2,0.19417418539524078,0.11379629499278962,0.0,0.0,0.0
4.374,0.2,0.194174662232399,0.11379629499278962,0.0,0.0,0.0
4.375,0.2,0.194175124168396,0.11379629499278962,0.0,0.0,0.0
4.376,0.2,0.1941756010055542,0.11379629499278962,0.0,0.0,0.0
4.377,0.2,0.1941760778427124,0.11379629499278962,0.0,0.0,0.0
4.378,0.2,0.1941765546798706,0.11379629499278962,0.0,0.0,0.0
4.3790000000000004,0.2,0.19417701661586761,0.11379629499278962,0.0,0.0,0.0
4.38,0.2,0.19417749345302582,0.11379629499278962,0.0,0.0,0.0
4.381,0.2,0.19417797029018402,0.11379629499278962,0.0,0.0,0.0
4.382,0.2,0.19417843222618103,0.11379629499278962,0.0,0.0,0.0
4.383,0.2,0.19417890906333923,0.11379629499278962,0.0,0.0,0.0
4.384,0.2,0.19417938590049744,0.11379629499278962,0.0,0.0,0.0
4.385,0.2,0.19417984783649445,0.11379629499278962,0.0,0.0,0.0
4.386,0.2,0.19418032467365265,0.11379629499278962,0.0,0.0,0.0
4.3870000000000005,0.2,0.19418078660964966,0.11379629499278962,0.0,0.0,0.0
4.388,0.2,0.19418126344680786,0.11379629499278962,0.0,0.0,0.0
4.389,0.2,0.19418174028396606,0.11379629499278962,0.0,0.0,0.0
4.39,0.2,0.19418220221996307,0.11379629499278962,0.0,0.0,0.0
4.391,0.2,0.19418267905712128,0.11379629499278962,0.0,0.0,0.0
4.392,0.2,0.19418315589427948,0.11379629499278962,0.0,0.0,0.0
4.393,0.2,0.1941836178302765,0.11379629499278962,0.0,0.0,0.0
4.394,0.2,0.1941840946674347,0.11379629499278962,0.0,0.0,0.0
4.3950000000000005,0.2,0.1941845715045929,0.11379629499278962,0.0,0.0,0.0
4.396,0.2,0.1941850334405899,0.11379629499278962,0.0,0.0,0.0
4.397,0.2,0.1941855102777481,0.11379629499278962,0.0,0.0,0.0
4.398,0.2,0.1941859871149063,0.11379629499278962,0.0,0.0,0.0
4.399,0.2,0.19418644905090332,0.11379629499278962,0.0,0.0,0.0
4.4,0.2,0.19418692588806152,0.11379629499278962,0.0,0.0,0.0
4.401,0.2,0.19418738782405853,0.11379629499278962,0.0,0.0,0.0
4.402,0.2,0.19418786466121674,0.11379629499278962,0.0,0.0,0.0
4.4030000000000005,0.2,0.19418834149837494,0.11379629499278962,0.0,0.0,0.0
4.404,0.2,0.19418880343437195,0.11379629499278962,0.0,0.0,0.0
4.405,0.2,0.19418928027153015,0.11379629499278962,0.0,0.0,0.0
4.406,0.2,0.19418975710868835,0.11379629499278962,0.0,0.0,0.0
4.407,0.2,0.19419021904468536,0.11379629499278962,0.0,0.0,0.0
4.408,0.2,0.19419069588184357,0.11379629499278962,0.0,0.0,0.0
4.409,0.2,0.19419115781784058,0.11379629499278962,0.0,0.0,0.0
4.41,0.2,0.19419163465499878,0.11379629499278962,0.0,0.0,0.0
4.4110000000000005,0.2,0.1941920965909958,0.11379629499278962,0.0,0.0,0.0
4.412,0.2,0.194192573428154,0.11379629499278962,0.0,0.0,0.0
4.413,0.2,0.1941930502653122,0.11379629499278962,0.0,0.0,0.0
4.414,0.2,0.1941935122013092,0.11379629499278962,0.0,0.0,0.0
4.415,0.2,0.1941939890384674,0.11379629499278962,0.0,0.0,0.0
4.416,0.2,0.19419445097446442,0.11379629499278962,0.0,0.0,0.0
4.417,0.2,0.19419492781162262,0.11379629499278962,0.0,0.0,0.0
4.418,0.2,0.19419540464878082,0.11379629499278962,0.0,0.0,0.0
4.4190000000000005,0.2,0.19419586658477783,0.11379629499278962,0.0,0.0,0.0
4.42,0.2,0.19419634342193604,0.11379629499278962,0.0,0.0,0.0
4.421,0.2,0.19419680535793304,0.11379629499278962,0.0,0.0,0.0
4.422,0.2,0.19419728219509125,0.11379629499278962,0.0,0.0,0.0
4.423,0.2,0.19419774413108826,0.11379629499278962,0.0,0.0,0.0
4.424,0.2,0.19419822096824646,0.11379629499278962,0.0,0.0,0.0
4.425,0.2,0.19419869780540466,0.11379629499278962,0.0,0.0,0.0
4.426,0.2,0.19419915974140167,0.11379629499278962,0.0,0.0,0.0
4.4270000000000005,0.2,0.19419963657855988,0.11379629499278962,0.0,0.0,0.0
4.428,0.2,0.19420009851455688,0.11379629499278962,0.0,0.0,0.0
4.429,0.2,0.1942005753517151,0.11379629499278962,0.0,0.0,0.0
4.43,0.2,0.1942010372877121,0.11379629499278962,0.0,0.0,0.0
4.431,0.2,0.1942015141248703,0.11379629499278962,0.0,0.0,0.0
4.432,0.2,0.1942019760608673,0.11379629499278962,0.0,0.0,0.0
4.433,0.2,0.1942024528980255,0.11379629499278962,0.0,0.0,0.0
4.434,0.2,0.19420291483402252,0.11379629499278962,0.0,0.0,0.0
4.4350000000000005,0.2,0.19420339167118073,0.11379629499278962,0.0,0.0,0.0
4.436,0.2,0.19420386850833893,0.11379629499278962,0.0,0.0,0.0
4.437,0.2,0.19420433044433594,0.11379629499278962,0.0,0.0,0.0
4.438,0.2,0.19420480728149414,0.11379629499278962,0.0,0.0,0.0
4.439,0.2,0.19420526921749115,0.11379629499278962,0.0,0.0,0.0
4.44,0.2,0.19420574605464935,0.11379629499278962,0.0,0.0,0.0
4.441,0.2,0.19420620799064636,0.11379629499278962,0.0,0.0,0.0
4.442,0.2,0.19420668482780457,0.11379629499278962,0.0,0.0,0.0
4.4430000000000005,0.2,0.19420714676380157,0.11379629499278962,0.0,0.0,0.0
4.444,0.2,0.19420762360095978,0.11379629499278962,0.0,0.0,0.0
4.445,0.2,0.1942080855369568,0.11379629499278962,0.0,0.0,0.0
4.446,0.2,0.194208562374115,0.11379629499278962,0.0,0.0,0.0
4.447,0.2,0.194209024310112,0.11379629499278962,0.0,0.0,0.0
4.448,0.2,0.1942095011472702,0.11379629499278962,0.0,0.0,0.0
4.449,0.2,0.1942099630832672,0.11379629499278962,0.0,0.0,0.0
4.45,0.2,0.19421043992042542,0.11379629499278962,0.0,0.0,0.0
4.4510000000000005,0.2,0.19421090185642242,0.11379629499278962,0.0,0.0,0.0
4.452,0.2,0.19421137869358063,0.11379629499278962,0.0,0.0,0.0
4.453,0.2,0.19421184062957764,0.11379629499278962,0.0,0.0,0.0
4.454,0.2,0.19421231746673584,0.11379629499278962,0.0,0.0,0.0
4.455,0.2,0.19421277940273285,0.11379629499278962,0.0,0.0,0.0
4.456,0.2,0.19421325623989105,0.11379629499278962,0.0,0.0,0.0
4.457,0.2,0.19421371817588806,0.11379629499278962,0.0,0.0,0.0
4.458,0.2,0.19421418011188507,0.11379629499278962,0.0,0.0,0.0
4.4590000000000005,0.2,0.19421465694904327,0.11379629499278962,0.0,0.0,0.0
4.46,0.2,0.19421511888504028,0.11379629499278962,0.0,0.0,0.0
4.461,0.2,0.1942155957221985,0.11379629499278962,0.0,0.0,0.0
4.462,0.2,0.1942160576581955,0.11379629499278962,0.0,0.0,0.0
4.463,0.2,0.1942165344953537,0.11379629499278962,0.0,0.0,0.0
4.464,0.2,0.1942169964313507,0.11379629499278962,0.0,0.0,0.0
4.465,0.2,0.1942174732685089,0.11379629499278962,0.0,0.0,0.0
4.466,0.2,0.19421793520450592,0.11379629499278962,0.0,0.0,0.0
4.4670000000000005,0.2,0.19421841204166412,0.11379629499278962,0.0,0.0,0.0
4.468,0.2,0.19421887397766113,0.11379629499278962,0.0,0.0,0.0
4.469,0.2,0.19421935081481934,0.11379629499278962,0.0,0.0,0.0
4.47,0.2,0.19421981275081635,0.11379629499278962,0.0,0.0,0.0
4.471,0.2,0.19422028958797455,0.11379629499278962,0.0,0.0,0.0
4.472,0.2,0.19422075152397156,0.11379629499278962,0.0,0.0,0.0
4.473,0.2,0.19422121345996857,0.11379629499278962,0.0,0.0,0.0
4.474,0.2,0.19422169029712677,0.11379629499278962,0.0,0.0,0.0
4.4750000000000005,0.2,0.19422215223312378,0.11379629499278962,0.0,0.0,0.0
4.476,0.2,0.19422262907028198,0.11379629499278962,0.0,0.0,0.0
4.477,0.2,0.194223091006279,0.11379629499278962,0.0,0.0,0.0
4.478,0.2,0.1942235678434372,0.11379629499278962,0.0,0.0,0.0
4.479,0.2,0.1942240297794342,0.11379629499278962,0.0,0.0,0.0
4.48,0.2,0.1942244917154312,0.11379629499278962,0.0,0.0,0.0
4.481,0.2,0.19422496855258942,0.11379629499278962,0.0,0.0,0.0
4.482,0.2,0.19422543048858643,0.11379629499278962,0.0,0.0,0.0
4.483,0.2,0.19422590732574463,0.11379629499278962,0.0,0.0,0.0
4.484,0.2,0.19422636926174164,0.11379629499278962,0.0,0.0,0.0
4.485,0.2,0.19422683119773865,0.11379629499278962,0.0,0.0,0.0
4.486,0.2,0.19422730803489685,0.11379629499278962,0.0,0.0,0.0
4.487,0.2,0.19422776997089386,0.11379629499278962,0.0,0.0,0.0
4.488,0.2,0.19422824680805206,0.11379629499278962,0.0,0.0,0.0
4.489,0.2,0.19422870874404907,0.11379629499278962,0.0,0.0,0.0
4.49,0.2,0.19422917068004608,0.11379629499278962,0.0,0.0,0.0
4.491,0.2,0.19422964751720428,0.11379629499278962,0.0,0.0,0.0
4.492,0.2,0.1942301094532013,0.11379629499278962,0.0,0.0,0.0
4.493,0.2,0.1942305862903595,0.11379629499278962,0.0,0.0,0.0
4.494,0.2,0.1942310482263565,0.11379629499278962,0.0,0.0,0.0
4.495,0.2,0.19423151016235352,0.11379629499278962,0.0,0.0,0.0
4.496,0.2,0.19423198699951172,0.11379629499278962,0.0,0.0,0.0
4.497,0.2,0.19423244893550873,0.11379629499278962,0.0,0.0,0.0
4.498,0.2,0.19423291087150574,0.11379629499278962,0.0,0.0,0.0
4.499,0.2,0.19423338770866394,0.11379629499278962,0.0,0.0,0.0
4.5,0.2,0.19423384964466095,0.11379629499278962,0.0,0.0,0.0
4.501,0.2,0.19423432648181915,0.11379629499278962,0.0,0.0,0.0
4.502,0.2,0.19423478841781616,0.11379629499278962,0.0,0.0,0.0
4.503,0.2,0.19423525035381317,0.11379629499278962,0.0,0.0,0.0
4.5040000000000004,0.2,0.19423572719097137,0.11379629499278962,0.0,0.0,0.0
4.505,0.2,0.19423618912696838,0.11379629499278962,0.0,0.0,0.0
4.506,0.2,0.1942366510629654,0.11379629499278962,0.0,0.0,0.0
4.507,0.2,0.1942371279001236,0.11379629499278962,0.0,0.0,0.0
4.508,0.2,0.1942375898361206,0.11379629499278962,0.0,0.0,0.0
4.509,0.2,0.19423805177211761,0.11379629499278962,0.0,0.0,0.0
4.51,0.2,0.19423852860927582,0.11379629499278962,0.0,0.0,0.0
4.511,0.2,0.19423899054527283,0.11379629499278962,0.0,0.0,0.0
4.5120000000000005,0.2,0.19423945248126984,0.11379629499278962,0.0,0.0,0.0
4.513,0.2,0.19423992931842804,0.11379629499278962,0.0,0.0,0.0
4.514,0.2,0.19424039125442505,0.11379629499278962,0.0,0.0,0.0
4.515,0.2,0.19424085319042206,0.11379629499278962,0.0,0.0,0.0
4.516,0.2,0.19424133002758026,0.11379629499278962,0.0,0.0,0.0
4.517,0.2,0.19424179196357727,0.11379629499278962,0.0,0.0,0.0
4.518,0.2,0.19424225389957428,0.11379629499278962,0.0,0.0,0.0
4.519,0.2,0.19424273073673248,0.11379629499278962,0.0,0.0,0.0
4.5200000000000005,0.2,0.1942431926727295,0.11379629499278962,0.0,0.0,0.0
4.521,0.2,0.1942436546087265,0.11379629499278962,0.0,0.0,0.0
4.522,0.2,0.1942441314458847,0.11379629499278962,0.0,0.0,0.0
4.523,0.2,0.1942445933818817,0.11379629499278962,0.0,0.0,0.0
4.524,0.2,0.19424505531787872,0.11379629499278962,0.0,0.0,0.0
4.525,0.2,0.19424553215503693,0.11379629499278962,0.0,0.0,0.0
4.526,0.2,0.19424599409103394,0.11379629499278962,0.0,0.0,0.0
4.527,0.2,0.19424645602703094,0.11379629499278962,0.0,0.0,0.0
4.5280000000000005,0.2,0.19424691796302795,0.11379629499278962,0.0,0.0,0.0
4.529,0.2,0.19424739480018616,0.11379629499278962,0.0,0.0,0.0
4.53,0.2,0.19424785673618317,0.11379629499278962,0.0,0.0,0.0
4.531,0.2,0.19424831867218018,0.11379629499278962,0.0,0.0,0.0
4.532,0.2,0.19424879550933838,0.11379629499278962,0.0,0.0,0.0
4.533,0.2,0.1942492574453354,0.11379629499278962,0.0,0.0,0.0
4.534,0.2,0.1942497193813324,0.11379629499278962,0.0,0.0,0.0
4.535,0.2,0.1942501813173294,0.11379629499278962,0.0,0.0,0.0
4.5360000000000005,0.2,0.1942506581544876,0.11379629499278962,0.0,0.0,0.0
4.537,0.2,0.19425112009048462,0.11379629499278962,0.0,0.0,0.0
4.538,0.2,0.19425158202648163,0.11379629499278962,0.0,0.0,0.0
4.539,0.2,0.19425205886363983,0.11379629499278962,0.0,0.0,0.0
4.54,0.2,0.19425252079963684,0.11379629499278962,0.0,0.0,0.0
4.541,0.2,0.19425298273563385,0.11379629499278962,0.0,0.0,0.0
4.542,0.2,0.19425344467163086,0.11379629499278962,0.0,0.0,0.0
4.543,0.2,0.19425392150878906,0.11379629499278962,0.0,0.0,0.0
4.5440000000000005,0.2,0.19425438344478607,0.11379629499278962,0.0,0.0,0.0
4.545,0.2,0.19425484538078308,0.11379629499278962,0.0,0.0,0.0
4.546,0.2,0.1942553073167801,0.11379629499278962,0.0,0.0,0.0
4.547,0.2,0.1942557841539383,0.11379629499278962,0.0,0.0,0.0
4.548,0.2,0.1942562460899353,0.11379629499278962,0.0,0.0,0.0
4.549,0.2,0.1942567080259323,0.11379629499278962,0.0,0.0,0.0
4.55,0.2,0.19425716996192932,0.11379629499278962,0.0,0.0,0.0
4.551,0.2,0.19425764679908752,0.11379629499278962,0.0,0.0,0.0
4.5520000000000005,0.2,0.19425810873508453,0.11379629499278962,0.0,0.0,0.0
4.553,0.2,0.19425857067108154,0.11379629499278962,0.0,0.0,0.0
4.554,0.2,0.19425903260707855,0.11379629499278962,0.0,0.0,0.0
4.555,0.2,0.19425950944423676,0.11379629499278962,0.0,0.0,0.0
4.556,0.2,0.19425997138023376,0.11379629499278962,0.0,0.0,0.0
4.557,0.2,0.19426043331623077,0.11379629499278962,0.0,0.0,0.0
4.558,0.2,0.19426089525222778,0.11379629499278962,0.0,0.0,0.0
4.559,0.2,0.1942613571882248,0.11379629499278962,0.0,0.0,0.0
4.5600000000000005,0.2,0.194261834025383,0.11379629499278962,0.0,0.0,0.0
4.561,0.2,0.19426229596138,0.11379629499278962,0.0,0.0,0.0
4.562,0.2,0.19426275789737701,0.11379629499278962,0.0,0.0,0.0
4.563,0.2,0.19426321983337402,0.11379629499278962,0.0,0.0,0.0
4.564,0.2,0.19426368176937103,0.11379629499278962,0.0,0.0,0.0
4.565,0.2,0.19426415860652924,0.11379629499278962,0.0,0.0,0.0
4.566,0.2,0.19426462054252625,0.11379629499278962,0.0,0.0,0.0
4.567,0.2,0.19426508247852325,0.11379629499278962,0.0,0.0,0.0
4.5680000000000005,0.2,0.19426554441452026,0.11379629499278962,0.0,0.0,0.0
4.569,0.2,0.19426600635051727,0.11379629499278962,0.0,0.0,0.0
4.57,0.2,0.19426648318767548,0.11379629499278962,0.0,0.0,0.0
4.571,0.2,0.19426694512367249,0.11379629499278962,0.0,0.0,0.0
4.572,0.2,0.1942674070596695,0.11379629499278962,0.0,0.0,0.0
4.573,0.2,0.1942678689956665,0.11379629499278962,0.0,0.0,0.0
4.574,0.2,0.1942683309316635,0.11379629499278962,0.0,0.0,0.0
4.575,0.2,0.19426880776882172,0.11379629499278962,0.0,0.0,0.0
4.5760000000000005,0.2,0.19426926970481873,0.11379629499278962,0.0,0.0,0.0
4.577,0.2,0.19426973164081573,0.11379629499278962,0.0,0.0,0.0
4.578,0.2,0.19427019357681274,0.11379629499278962,0.0,0.0,0.0
4.579,0.2,0.19427065551280975,0.11379629499278962,0.0,0.0,0.0
4.58,0.2,0.19427111744880676,0.11379629499278962,0.0,0.0,0.0
4.581,0.2,0.19427159428596497,0.11379629499278962,0.0,0.0,0.0
4.582,0.2,0.19427205622196198,0.11379629499278962,0.0,0.0,0.0
4.583,0.2,0.19427251815795898,0.11379629499278962,0.0,0.0,0.0
4.5840000000000005,0.2,0.194272980093956,0.11379629499278962,0.0,0.0,0.0
4.585,0.2,0.194273442029953,0.11379629499278962,0.0,0.0,0.0
4.586,0.2,0.19427390396595,0.11379629499278962,0.0,0.0,0.0
4.587,0.2,0.19427436590194702,0.11379629499278962,0.0,0.0,0.0
4.588,0.2,0.19427484273910522,0.11379629499278962,0.0,0.0,0.0
4.589,0.2,0.19427530467510223,0.11379629499278962,0.0,0.0,0.0
4.59,0.2,0.19427576661109924,0.11379629499278962,0.0,0.0,0.0
4.591,0.2,0.19427622854709625,0.11379629499278962,0.0,0.0,0.0
4.5920000000000005,0.2,0.19427669048309326,0.11379629499278962,0.0,0.0,0.0
4.593,0.2,0.19427715241909027,0.11379629499278962,0.0,0.0,0.0
4.594,0.2,0.19427761435508728,0.11379629499278962,0.0,0.0,0.0
4.595,0.2,0.19427809119224548,0.11379629499278962,0.0,0.0,0.0
4.596,0.2,0.1942785531282425,0.11379629499278962,0.0,0.0,0.0
4.597,0.2,0.1942790150642395,0.11379629499278962,0.0,0.0,0.0
4.598,0.2,0.1942794770002365,0.11379629499278962,0.0,0.0,0.0
4.599,0.2,0.19427993893623352,0.11379629499278962,0.0,0.0,0.0
4.6000000000000005,0.2,0.19428040087223053,0.11379629499278962,0.0,0.0,0.0
4.601,0.2,0.19428086280822754,0.11379629499278962,0.0,0.0,0.0
4.602,0.2,0.19428132474422455,0.11379629499278962,0.0,0.0,0.0
4.603,0.2,0.19428180158138275,0.11379629499278962,0.0,0.0,0.0
4.604,0.2,0.19428226351737976,0.11379629499278962,0.0,0.0,0.0
4.605,0.2,0.19428272545337677,0.11379629499278962,0.0,0.0,0.0
4.606,0.2,0.19428318738937378,0.11379629499278962,0.0,0.0,0.0
4.607,0.2,0.1942836493253708,0.11379629499278962,0.0,0.0,0.0
4.6080000000000005,0.2,0.1942841112613678,0.11379629499278962,0.0,0.0,0.0
4.609,0.2,0.1942845731973648,0.11379629499278962,0.0,0.0,0.0
4.61,0.2,0.19428503513336182,0.11379629499278962,0.0,0.0,0.0
4.611,0.2,0.19428549706935883,0.11379629499278962,0.0,0.0,0.0
4.612,0.2,0.19428595900535583,0.11379629499278962,0.0,0.0,0.0
4.613,0.2,0.19428642094135284,0.11379629499278962,0.0,0.0,0.0
4.614,0.2,0.19428689777851105,0.11379629499278962,0.0,0.0,0.0
4.615,0.2,0.19428735971450806,0.11379629499278962,0.0,0.0,0.0
4.616,0.2,0.19428782165050507,0.11379629499278962,0.0,0.0,0.0
4.617,0.2,0.19428828358650208,0.11379629499278962,0.0,0.0,0.0
4.618,0.2,0.19428874552249908,0.11379629499278962,0.0,0.0,0.0
4.619,0.2,0.1942892074584961,0.11379629499278962,0.0,0.0,0.0
4.62,0.2,0.1942896693944931,0.11379629499278962,0.0,0.0,0.0
4.621,0.2,0.1942901313304901,0.11379629499278962,0.0,0.0,0.0
4.622,0.2,0.19429059326648712,0.11379629499278962,0.0,0.0,0.0
4.623,0.2,0.19429105520248413,0.11379629499278962,0.0,0.0,0.0
4.624,0.2,0.19429151713848114,0.11379629499278962,0.0,0.0,0.0
4.625,0.2,0.19429197907447815,0.11379629499278962,0.0,0.0,0.0
4.626,0.2,0.19429244101047516,0.11379629499278962,0.0,0.0,0.0
4.627,0.2,0.19429290294647217,0.11379629499278962,0.0,0.0,0.0
4.628,0.2,0.19429336488246918,0.11379629499278962,0.0,0.0,0.0
4.6290000000000004,0.2,0.1942938268184662,0.11379629499278962,0.0,0.0,0.0
4.63,0.2,0.1942942887544632,0.11379629499278962,0.0,0.0,0.0
4.631,0.2,0.1942947655916214,0.11379629499278962,0.0,0.0,0.0
4.632,0.2,0.1942952275276184,0.11379629499278962,0.0,0.0,0.0
4.633,0.2,0.19429568946361542,0.11379629499278962,0.0,0.0,0.0
4.634,0.2,0.19429615139961243,0.11379629499278962,0.0,0.0,0.0
4.635,0.2,0.19429661333560944,0.11379629499278962,0.0,0.0,0.0
4.636,0.2,0.19429707527160645,0.11379629499278962,0.0,0.0,0.0
4.6370000000000005,0.2,0.19429753720760345,0.11379629499278962,0.0,0.0,0.0
4.638,0.2,0.19429799914360046,0.11379629499278962,0.0,0.0,0.0
4.639,0.2,0.19429846107959747,0.11379629499278962,0.0,0.0,0.0
4.64,0.2,0.19429892301559448,0.11379629499278962,0.0,0.0,0.0
4.641,0.2,0.1942993849515915,0.11379629499278962,0.0,0.0,0.0
4.642,0.2,0.1942998468875885,0.11379629499278962,0.0,0.0,0.0
4.643,0.2,0.1943003088235855,0.11379629499278962,0.0,0.0,0.0
4.644,0.2,0.19430077075958252,0.11379629499278962,0.0,0.0,0.0
4.6450000000000005,0.2,0.19430123269557953,0.11379629499278962,0.0,0.0,0.0
4.646,0.2,0.19430167973041534,0.11379629499278962,0.0,0.0,0.0
4.647,0.2,0.19430215656757355,0.11379629499278962,0.0,0.0,0.0
4.648,0.2,0.19430261850357056,0.11379629499278962,0.0,0.0,0.0
4.649,0.2,0.19430306553840637,0.11379629499278962,0.0,0.0,0.0
4.65,0.2,0.19430354237556458,0.11379629499278962,0.0,0.0,0.0
4.651,0.2,0.1943039894104004,0.11379629499278962,0.0,0.0,0.0
4.652,0.2,0.1943044662475586,0.11379629499278962,0.0,0.0,0.0
4.6530000000000005,0.2,0.1943049132823944,0.11379629499278962,0.0,0.0,0.0
4.654,0.2,0.19430537521839142,0.11379629499278962,0.0,0.0,0.0
4.655,0.2,0.19430583715438843,0.11379629499278962,0.0,0.0,0.0
4.656,0.2,0.19430631399154663,0.11379629499278962,0.0,0.0,0.0
4.657,0.2,0.19430676102638245,0.11379629499278962,0.0,0.0,0.0
4.658,0.2,0.19430722296237946,0.11379629499278962,0.0,0.0,0.0
4.659,0.2,0.19430768489837646,0.11379629499278962,0.0,0.0,0.0
4.66,0.2,0.19430814683437347,0.11379629499278962,0.0,0.0,0.0
4.6610000000000005,0.2,0.19430860877037048,0.11379629499278962,0.0,0.0,0.0
4.662,0.2,0.1943090707063675,0.11379629499278962,0.0,0.0,0.0
4.663,0.2,0.1943095326423645,0.11379629499278962,0.0,0.0,0.0
4.664,0.2,0.1943099945783615,0.11379629499278962,0.0,0.0,0.0
4.665,0.2,0.19431045651435852,0.11379629499278962,0.0,0.0,0.0
4.666,0.2,0.19431091845035553,0.11379629499278962,0.0,0.0,0.0
4.667,0.2,0.19431138038635254,0.11379629499278962,0.0,0.0,0.0
4.668,0.2,0.19431184232234955,0.11379629499278962,0.0,0.0,0.0
4.6690000000000005,0.2,0.19431230425834656,0.11379629499278962,0.0,0.0,0.0
4.67,0.2,0.19431276619434357,0.11379629499278962,0.0,0.0,0.0
4.671,0.2,0.19431322813034058,0.11379629499278962,0.0,0.0,0.0
4.672,0.2,0.19431369006633759,0.11379629499278962,0.0,0.0,0.0
4.673,0.2,0.1943141520023346,0.11379629499278962,0.0,0.0,0.0
4.674,0.2,0.1943146139383316,0.11379629499278962,0.0,0.0,0.0
4.675,0.2,0.1943150758743286,0.11379629499278962,0.0,0.0,0.0
4.676,0.2,0.19431552290916443,0.11379629499278962,0.0,0.0,0.0
4.6770000000000005,0.2,0.19431598484516144,0.11379629499278962,0.0,0.0,0.0
4.678,0.2,0.19431644678115845,0.11379629499278962,0.0,0.0,0.0
4.679,0.2,0.19431690871715546,0.11379629499278962,0.0,0.0,0.0
4.68,0.2,0.19431737065315247,0.11379629499278962,0.0,0.0,0.0
4.681,0.2,0.19431783258914948,0.11379629499278962,0.0,0.0,0.0
4.682,0.2,0.19431829452514648,0.11379629499278962,0.0,0.0,0.0
4.683,0.2,0.1943187564611435,0.11379629499278962,0.0,0.0,0.0
4.684,0.2,0.1943192183971405,0.11379629499278962,0.0,0.0,0.0
4.6850000000000005,0.2,0.1943196803331375,0.11379629499278962,0.0,0.0,0.0
4.686,0.2,0.19432014226913452,0.11379629499278962,0.0,0.0,0.0
4.687,0.2,0.19432060420513153,0.11379629499278962,0.0,0.0,0.0
4.688,0.2,0.19432105123996735,0.11379629499278962,0.0,0.0,0.0
4.689,0.2,0.19432151317596436,0.11379629499278962,0.0,0.0,0.0
4.69,0.2,0.19432197511196136,0.11379629499278962,0.0,0.0,0.0
4.691,0.2,0.19432243704795837,0.11379629499278962,0.0,0.0,0.0
4.692,0.2,0.19432289898395538,0.11379629499278962,0.0,0.0,0.0
4.6930000000000005,0.2,0.1943233609199524,0.11379629499278962,0.0,0.0,0.0
4.694,0.2,0.1943238228559494,0.11379629499278962,0.0,0.0,0.0
4.695,0.2,0.1943242847919464,0.11379629499278962,0.0,0.0,0.0
4.696,0.2,0.19432473182678223,0.11379629499278962,0.0,0.0,0.0
4.697,0.2,0.19432519376277924,0.11379629499278962,0.0,0.0,0.0
4.698,0.2,0.19432565569877625,0.11379629499278962,0.0,0.0,0.0
4.699,0.2,0.19432611763477325,0.11379629499278962,0.0,0.0,0.0
4.7,0.2,0.19432657957077026,0.11379629499278962,0.0,0.0,0.0
4.7010000000000005,0.2,0.19432704150676727,0.11379629499278962,0.0,0.0,0.0
4.702,0.2,0.19432750344276428,0.11379629499278962,0.0,0.0,0.0
4.703,0.2,0.1943279504776001,0.11379629499278962,0.0,0.0,0.0
4.704,0.2,0.1943284124135971,0.11379629499278962,0.0,0.0,0.0
4.705,0.2,0.19432887434959412,0.11379629499278962,0.0,0.0,0.0
4.706,0.2,0.19432933628559113,0.11379629499278962,0.0,0.0,0.0
4.707,0.2,0.19432979822158813,0.11379629499278962,0.0,0.0,0.0
4.708,0.2,0.19433026015758514,0.11379629499278962,0.0,0.0,0.0
4.7090000000000005,0.2,0.19433072209358215,0.11379629499278962,0.0,0.0,0.0
4.71,0.2,0.19433116912841797,0.11379629499278962,0.0,0.0,0.0
4.711,0.2,0.19433163106441498,0.11379629499278962,0.0,0.0,0.0
4.712,0.2,0.194332093000412,0.11379629499278962,0.0,0.0,0.0
4.713,0.2,0.194332554936409,0.11379629499278962,0.0,0.0,0.0
4.714,0.2,0.194333016872406,0.11379629499278962,0.0,0.0,0.0
4.715,0.2,0.19433347880840302,0.11379629499278962,0.0,0.0,0.0
4.716,0.2,0.19433392584323883,0.11379629499278962,0.0,0.0,0.0
4.7170000000000005,0.2,0.19433438777923584,0.11379629499278962,0.0,0.0,0.0
4.718,0.2,0.19433484971523285,0.11379629499278962,0.0,0.0,0.0
4.719,0.2,0.19433531165122986,0.11379629499278962,0.0,0.0,0.0
4.72,0.2,0.19433577358722687,0.11379629499278962,0.0,0.0,0.0
4.721,0.2,0.19433622062206268,0.11379629499278962,0.0,0.0,0.0
4.722,0.2,0.1943366825580597,0.11379629499278962,0.0,0.0,0.0
4.723,0.2,0.1943371444940567,0.11379629499278962,0.0,0.0,0.0
4.724,0.2,0.1943376064300537,0.11379629499278962,0.0,0.0,0.0
4.7250000000000005,0.2,0.19433806836605072,0.11379629499278962,0.0,0.0,0.0
4.726,0.2,0.19433851540088654,0.11379629499278962,0.0,0.0,0.0
4.727,0.2,0.19433897733688354,0.11379629499278962,0.0,0.0,0.0
4.728,0.2,0.19433943927288055,0.11379629499278962,0.0,0.0,0.0
4.729,0.2,0.19433990120887756,0.11379629499278962,0.0,0.0,0.0
4.73,0.2,0.19434036314487457,0.11379629499278962,0.0,0.0,0.0
4.731,0.2,0.1943408101797104,0.11379629499278962,0.0,0.0,0.0
4.732,0.2,0.1943412721157074,0.11379629499278962,0.0,0.0,0.0
4.7330000000000005,0.2,0.1943417340517044,0.11379629499278962,0.0,0.0,0.0
4.734,0.2,0.19434219598770142,0.11379629499278962,0.0,0.0,0.0
4.735,0.2,0.19434265792369843,0.11379629499278962,0.0,0.0,0.0
4.736,0.2,0.19434310495853424,0.11379629499278962,0.0,0.0,0.0
4.737,0.2,0.19434356689453125,0.11379629499278962,0.0,0.0,0.0
4.738,0.2,0.19434402883052826,0.11379629499278962,0.0,0.0,0.0
4.739,0.2,0.19434449076652527,0.11379629499278962,0.0,0.0,0.0
4.74,0.2,0.19434493780136108,0.11379629499278962,0.0,0.0,0.0
4.741,0.2,0.1943453997373581,0.11379629499278962,0.0,0.0,0.0
4.742,0.2,0.1943458616733551,0.11379629499278962,0.0,0.0,0.0
4.743,0.2,0.1943463236093521,0.11379629499278962,0.0,0.0,0.0
4.744,0.2,0.19434677064418793,0.11379629499278962,0.0,0.0,0.0
4.745,0.2,0.19434723258018494,0.11379629499278962,0.0,0.0,0.0
4.746,0.2,0.19434769451618195,0.11379629499278962,0.0,0.0,0.0
4.747,0.2,0.19434815645217896,0.11379629499278962,0.0,0.0,0.0
4.748,0.2,0.19434860348701477,0.11379629499278962,0.0,0.0,0.0
4.749,0.2,0.19434906542301178,0.11379629499278962,0.0,0.0,0.0
4.75,0.2,0.1943495273590088,0.11379629499278962,0.0,0.0,0.0
4.751,0.2,0.1943499892950058,0.11379629499278962,0.0,0.0,0.0
4.752,0.2,0.1943504363298416,0.11379629499278962,0.0,0.0,0.0
4.753,0.2,0.19435089826583862,0.11379629499278962,0.0,0.0,0.0
4.7540000000000004,0.2,0.19435136020183563,0.11379629499278962,0.0,0.0,0.0
4.755,0.2,0.19435182213783264,0.11379629499278962,0.0,0.0,0.0
4.756,0.2,0.19435226917266846,0.11379629499278962,0.0,0.0,0.0
4.757,0.2,0.19435273110866547,0.11379629499278962,0.0,0.0,0.0
4.758,0.2,0.19435319304466248,0.11379629499278962,0.0,0.0,0.0
4.759,0.2,0.1943536400794983,0.11379629499278962,0.0,0.0,0.0
4.76,0.2,0.1943541020154953,0.11379629499278962,0.0,0.0,0.0
4.761,0.2,0.1943545639514923,0.11379629499278962,0.0,0.0,0.0
4.7620000000000005,0.2,0.19435502588748932,0.11379629499278962,0.0,0.0,0.0
4.763,0.2,0.19435547292232513,0.11379629499278962,0.0,0.0,0.0
4.764,0.2,0.19435593485832214,0.11379629499278962,0.0,0.0,0.0
4.765,0.2,0.19435639679431915,0.11379629499278962,0.0,0.0,0.0
4.766,0.2,0.19435684382915497,0.11379629499278962,0.0,0.0,0.0
4.767,0.2,0.19435730576515198,0.11379629499278962,0.0,0.0,0.0
4.768,0.2,0.194357767701149,0.11379629499278962,0.0,0.0,0.0
4.769,0.2,0.1943582147359848,0.11379629499278962,0.0,0.0,0.0
4.7700000000000005,0.2,0.1943586766719818,0.11379629499278962,0.0,0.0,0.0
4.771,0.2,0.19435913860797882,0.11379629499278962,0.0,0.0,0.0
4.772,0.2,0.19435960054397583,0.11379629499278962,0.0,0.0,0.0
4.773,0.2,0.19436004757881165,0.11379629499278962,0.0,0.0,0.0
4.774,0.2,0.19436050951480865,0.11379629499278962,0.0,0.0,0.0
4.775,0.2,0.19436097145080566,0.11379629499278962,0.0,0.0,0.0
4.776,0.2,0.19436141848564148,0.11379629499278962,0.0,0.0,0.0
4.777,0.2,0.1943618804216385,0.11379629499278962,0.0,0.0,0.0
4.7780000000000005,0.2,0.1943623423576355,0.11379629499278962,0.0,0.0,0.0
4.779,0.2,0.1943627893924713,0.11379629499278962,0.0,0.0,0.0
4.78,0.2,0.19436325132846832,0.11379629499278962,0.0,0.0,0.0
4.781,0.2,0.19436371326446533,0.11379629499278962,0.0,0.0,0.0
4.782,0.2,0.19436416029930115,0.11379629499278962,0.0,0.0,0.0
4.783,0.2,0.19436462223529816,0.11379629499278962,0.0,0.0,0.0
4.784,0.2,0.19436506927013397,0.11379629499278962,0.0,0.0,0.0
4.785,0.2,0.19436553120613098,0.11379629499278962,0.0,0.0,0.0
4.7860000000000005,0.2,0.194365993142128,0.11379629499278962,0.0,0.0,0.0
4.787,0.2,0.1943664401769638,0.11379629499278962,0.0,0.0,0.0
4.788,0.2,0.19436690211296082,0.11379629499278962,0.0,0.0,0.0
4.789,0.2,0.19436736404895782,0.11379629499278962,0.0,0.0,0.0
4.79,0.2,0.19436781108379364,0.11379629499278962,0.0,0.0,0.0
4.791,0.2,0.19436827301979065,0.11379629499278962,0.0,0.0,0.0
4.792,0.2,0.19436873495578766,0.11379629499278962,0.0,0.0,0.0
4.793,0.2,0.19436918199062347,0.11379629499278962,0.0,0.0,0.0
4.7940000000000005,0.2,0.19436964392662048,0.11379629499278962,0.0,0.0,0.0
4.795,0.2,0.1943701058626175,0.11379629499278962,0.0,0.0,0.0
4.796,0.2,0.1943705528974533,0.11379629499278962,0.0,0.0,0.0
4.797,0.2,0.19437101483345032,0.11379629499278962,0.0,0.0,0.0
4.798,0.2,0.19437146186828613,0.11379629499278962,0.0,0.0,0.0
4.799,0.2,0.19437192380428314,0.11379629499278962,0.0,0.0,0.0
4.8,0.2,0.19437238574028015,0.11379629499278962,0.0,0.0,0.0
4.801,0.2,0.19437283277511597,0.11379629499278962,0.0,0.0,0.0
4.8020000000000005,0.2,0.19437329471111298,0.11379629499278962,0.0,0.0,0.0
4.803,0.2,0.1943737417459488,0.11379629499278962,0.0,0.0,0.0
4.804,0.2,0.1943742036819458,0.11379629499278962,0.0,0.0,0.0
4.805,0.2,0.1943746656179428,0.11379629499278962,0.0,0.0,0.0
4.806,0.2,0.19437511265277863,0.11379629499278962,0.0,0.0,0.0
4.807,0.2,0.19437557458877563,0.11379629499278962,0.0,0.0,0.0
4.808,0.2,0.19437602162361145,0.11379629499278962,0.0,0.0,0.0
4.809,0.2,0.19437648355960846,0.11379629499278962,0.0,0.0,0.0
4.8100000000000005,0.2,0.19437694549560547,0.11379629499278962,0.0,0.0,0.0
4.811,0.2,0.19437739253044128,0.11379629499278962,0.0,0.0,0.0
4.812,0.2,0.1943778544664383,0.11379629499278962,0.0,0.0,0.0
4.813,0.2,0.1943783015012741,0.11379629499278962,0.0,0.0,0.0
4.814,0.2,0.19437876343727112,0.11379629499278962,0.0,0.0,0.0
4.815,0.2,0.19437922537326813,0.11379629499278962,0.0,0.0,0.0
4.816,0.2,0.19437967240810394,0.11379629499278962,0.0,0.0,0.0
4.817,0.2,0.19438013434410095,0.11379629499278962,0.0,0.0,0.0
4.8180000000000005,0.2,0.19438058137893677,0.11379629499278962,0.0,0.0,0.0
4.819,0.2,0.19438104331493378,0.11379629499278962,0.0,0.0,0.0
4.82,0.2,0.1943814903497696,0.11379629499278962,0.0,0.0,0.0
4.821,0.2,0.1943819522857666,0.11379629499278962,0.0,0.0,0.0
4.822,0.2,0.1943824142217636,0.11379629499278962,0.0,0.0,0.0
4.823,0.2,0.19438286125659943,0.11379629499278962,0.0,0.0,0.0
4.824,0.2,0.19438332319259644,0.11379629499278962,0.0,0.0,0.0
4.825,0.2,0.19438377022743225,0.11379629499278962,0.0,0.0,0.0
4.8260000000000005,0.2,0.19438423216342926,0.11379629499278962,0.0,0.0,0.0
4.827,0.2,0.19438467919826508,0.11379629499278962,0.0,0.0,0.0
4.828,0.2,0.19438514113426208,0.11379629499278962,0.0,0.0,0.0
4.829,0.2,0.1943855881690979,0.11379629499278962,0.0,0.0,0.0
4.83,0.2,0.1943860501050949,0.11379629499278962,0.0,0.0,0.0
4.831,0.2,0.19438649713993073,0.11379629499278962,0.0,0.0,0.0
4.832,0.2,0.19438695907592773,0.11379629499278962,0.0,0.0,0.0
4.833,0.2,0.19438742101192474,0.11379629499278962,0.0,0.0,0.0
4.8340000000000005,0.2,0.19438786804676056,0.11379629499278962,0.0,0.0,0.0
4.835,0.2,0.19438832998275757,0.11379629499278962,0.0,0.0,0.0
4.836,0.2,0.19438877701759338,0.11379629499278962,0.0,0.0,0.0
4.837,0.2,0.1943892389535904,0.11379629499278962,0.0,0.0,0.0
4.838,0.2,0.1943896859884262,0.11379629499278962,0.0,0.0,0.0
4.839,0.2,0.19439014792442322,0.11379629499278962,0.0,0.0,0.0
4.84,0.2,0.19439059495925903,0.11379629499278962,0.0,0.0,0.0
4.841,0.2,0.19439105689525604,0.11379629499278962,0.0,0.0,0.0
4.8420000000000005,0.2,0.19439150393009186,0.11379629499278962,0.0,0.0,0.0
4.843,0.2,0.19439196586608887,0.11379629499278962,0.0,0.0,0.0
4.844,0.2,0.19439241290092468,0.11379629499278962,0.0,0.0,0.0
4.845,0.2,0.1943928748369217,0.11379629499278962,0.0,0.0,0.0
4.846,0.2,0.1943933218717575,0.11379629499278962,0.0,0.0,0.0
4.847,0.2,0.19439378380775452,0.11379629499278962,0.0,0.0,0.0
4.848,0.2,0.19439423084259033,0.11379629499278962,0.0,0.0,0.0
4.849,0.2,0.19439469277858734,0.11379629499278962,0.0,0.0,0.0
4.8500000000000005,0.2,0.19439513981342316,0.11379629499278962,0.0,0.0,0.0
4.851,0.2,0.19439560174942017,0.11379629499278962,0.0,0.0,0.0
4.852,0.2,0.19439604878425598,0.11379629499278962,0.0,0.0,0.0
4.853,0.2,0.194396510720253,0.11379629499278962,0.0,0.0,0.0
4.854,0.2,0.1943969577550888,0.11379629499278962,0.0,0.0,0.0
4.855,0.2,0.19439741969108582,0.11379629499278962,0.0,0.0,0.0
4.856,0.2,0.19439786672592163,0.11379629499278962,0.0,0.0,0.0
4.857,0.2,0.19439831376075745,0.11379629499278962,0.0,0.0,0.0
4.8580000000000005,0.2,0.19439877569675446,0.11379629499278962,0.0,0.0,0.0
4.859,0.2,0.19439922273159027,0.11379629499278962,0.0,0.0,0.0
4.86,0.2,0.19439968466758728,0.11379629499278962,0.0,0.0,0.0
4.861,0.2,0.1944001317024231,0.11379629499278962,0.0,0.0,0.0
4.862,0.2,0.1944005936384201,0.11379629499278962,0.0,0.0,0.0
4.863,0.2,0.19440104067325592,0.11379629499278962,0.0,0.0,0.0
4.864,0.2,0.19440150260925293,0.11379629499278962,0.0,0.0,0.0
4.865,0.2,0.19440194964408875,0.11379629499278962,0.0,0.0,0.0
4.866,0.2,0.19440241158008575,0.11379629499278962,0.0,0.0,0.0
4.867,0.2,0.19440285861492157,0.11379629499278962,0.0,0.0,0.0
4.868,0.2,0.19440332055091858,0.11379629499278962,0.0,0.0,0.0
4.869,0.2,0.1944037675857544,0.11379629499278962,0.0,0.0,0.0
4.87,0.2,0.1944042146205902,0.11379629499278962,0.0,0.0,0.0
4.871,0.2,0.19440467655658722,0.11379629499278962,0.0,0.0,0.0
4.872,0.2,0.19440512359142303,0.11379629499278962,0.0,0.0,0.0
4.873,0.2,0.19440558552742004,0.11379629499278962,0.0,0.0,0.0
4.874,0.2,0.19440603256225586,0.11379629499278962,0.0,0.0,0.0
4.875,0.2,0.19440649449825287,0.11379629499278962,0.0,0.0,0.0
4.876,0.2,0.19440694153308868,0.11379629499278962,0.0,0.0,0.0
4.877,0.2,0.1944073885679245,0.11379629499278962,0.0,0.0,0.0
4.878,0.2,0.1944078505039215,0.11379629499278962,0.0,0.0,0.0
4.8790000000000004,0.2,0.19440829753875732,0.11379629499278962,0.0,0.0,0.0
4.88,0.2,0.19440875947475433,0.11379629499278962,0.0,0.0,0.0
4.881,0.2,0.19440920650959015,0.11379629499278962,0.0,0.0,0.0
4.882,0.2,0.19440966844558716,0.11379629499278962,0.0,0.0,0.0
4.883,0.2,0.19441011548042297,0.11379629499278962,0.0,0.0,0.0
4.884,0.2,0.1944105625152588,0.11379629499278962,0.0,0.0,0.0
4.885,0.2,0.1944110244512558,0.11379629499278962,0.0,0.0,0.0
4.886,0.2,0.1944114714860916,0.11379629499278962,0.0,0.0,0.0
4.8870000000000005,0.2,0.19441193342208862,0.11379629499278962,0.0,0.0,0.0
4.888,0.2,0.19441238045692444,0.11379629499278962,0.0,0.0,0.0
4.889,0.2,0.19441282749176025,0.11379629499278962,0.0,0.0,0.0
4.89,0.2,0.19441328942775726,0.11379629499278962,0.0,0.0,0.0
4.891,0.2,0.19441373646259308,0.11379629499278962,0.0,0.0,0.0
4.892,0.2,0.1944141983985901,0.11379629499278962,0.0,0.0,0.0
4.893,0.2,0.1944146454334259,0.11379629499278962,0.0,0.0,0.0
4.894,0.2,0.19441509246826172,0.11379629499278962,0.0,0.0,0.0
4.8950000000000005,0.2,0.19441555440425873,0.11379629499278962,0.0,0.0,0.0
4.896,0.2,0.19441600143909454,0.11379629499278962,0.0,0.0,0.0
4.897,0.2,0.19441644847393036,0.11379629499278962,0.0,0.0,0.0
4.898,0.2,0.19441691040992737,0.11379629499278962,0.0,0.0,0.0
4.899,0.2,0.19441735744476318,0.11379629499278962,0.0,0.0,0.0
4.9,0.2,0.1944178193807602,0.11379629499278962,0.0,0.0,0.0
4.901,0.2,0.194418266415596,0.11379629499278962,0.0,0.0,0.0
4.902,0.2,0.19441871345043182,0.11379629499278962,0.0,0.0,0.0
4.9030000000000005,0.2,0.19441917538642883,0.11379629499278962,0.0,0.0,0.0
4.904,0.2,0.19441962242126465,0.11379629499278962,0.0,0.0,0.0
4.905,0.2,0.19442006945610046,0.11379629499278962,0.0,0.0,0.0
4.906,0.2,0.19442053139209747,0.11379629499278962,0.0,0.0,0.0
4.907,0.2,0.1944209784269333,0.11379629499278962,0.0,0.0,0.0
4.908,0.2,0.1944214254617691,0.11379629499278962,0.0,0.0,0.0
4.909,0.2,0.1944218873977661,0.11379629499278962,0.0,0.0,0.0
4.91,0.2,0.19442233443260193,0.11379629499278962,0.0,0.0,0.0
4.9110000000000005,0.2,0.19442278146743774,0.11379629499278962,0.0,0.0,0.0
4.912,0.2,0.19442324340343475,0.11379629499278962,0.0,0.0,0.0
4.913,0.2,0.19442369043827057,0.11379629499278962,0.0,0.0,0.0
4.914,0.2,0.19442413747310638,0.11379629499278962,0.0,0.0,0.0
4.915,0.2,0.1944245994091034,0.11379629499278962,0.0,0.0,0.0
4.916,0.2,0.1944250464439392,0.11379629499278962,0.0,0.0,0.0
4.917,0.2,0.19442549347877502,0.11379629499278962,0.0,0.0,0.0
4.918,0.2,0.19442595541477203,0.11379629499278962,0.0,0.0,0.0
4.9190000000000005,0.2,0.19442640244960785,0.11379629499278962,0.0,0.0,0.0
4.92,0.2,0.19442684948444366,0.11379629499278962,0.0,0.0,0.0
4.921,0.2,0.19442731142044067,0.11379629499278962,0.0,0.0,0.0
4.922,0.2,0.1944277584552765,0.11379629499278962,0.0,0.0,0.0
4.923,0.2,0.1944282054901123,0.11379629499278962,0.0,0.0,0.0
4.924,0.2,0.19442866742610931,0.11379629499278962,0.0,0.0,0.0
4.925,0.2,0.19442911446094513,0.11379629499278962,0.0,0.0,0.0
4.926,0.2,0.19442956149578094,0.11379629499278962,0.0,0.0,0.0
4.9270000000000005,0.2,0.19443002343177795,0.11379629499278962,0.0,0.0,0.0
4.928,0.2,0.19443047046661377,0.11379629499278962,0.0,0.0,0.0
4.929,0.2,0.19443091750144958,0.11379629499278962,0.0,0.0,0.0
4.93,0.2,0.1944313645362854,0.11379629499278962,0.0,0.0,0.0
4.931,0.2,0.1944318264722824,0.11379629499278962,0.0,0.0,0.0
4.932,0.2,0.19443227350711823,0.11379629499278962,0.0,0.0,0.0
4.933,0.2,0.19443272054195404,0.11379629499278962,0.0,0.0,0.0
4.934,0.2,0.19443318247795105,0.11379629499278962,0.0,0.0,0.0
4.9350000000000005,0.2,0.19443362951278687,0.11379629499278962,0.0,0.0,0.0
4.936,0.2,0.19443407654762268,0.11379629499278962,0.0,0.0,0.0
4.937,0.2,0.1944345235824585,0.11379629499278962,0.0,0.0,0.0
4.938,0.2,0.1944349855184555,0.11379629499278962,0.0,0.0,0.0
4.939,0.2,0.19443543255329132,0.11379629499278962,0.0,0.0,0.0
4.94,0.2,0.19443587958812714,0.11379629499278962,0.0,0.0,0.0
4.941,0.2,0.19443632662296295,0.11379629499278962,0.0,0.0,0.0
4.942,0.2,0.19443678855895996,0.11379629499278962,0.0,0.0,0.0
4.9430000000000005,0.2,0.19443723559379578,0.11379629499278962,0.0,0.0,0.0
4.944,0.2,0.1944376826286316,0.11379629499278962,0.0,0.0,0.0
4.945,0.2,0.1944381445646286,0.11379629499278962,0.0,0.0,0.0
4.946,0.2,0.19443859159946442,0.11379629499278962,0.0,0.0,0.0
4.947,0.2,0.19443903863430023,0.11379629499278962,0.0,0.0,0.0
4.948,0.2,0.19443948566913605,0.11379629499278962,0.0,0.0,0.0
4.949,0.2,0.19443994760513306,0.11379629499278962,0.0,0.0,0.0
4.95,0.2,0.19444039463996887,0.11379629499278962,0.0,0.0,0.0
4.9510000000000005,0.2,0.1944408416748047,0.11379629499278962,0.0,0.0,0.0
4.952,0.2,0.1944412887096405,0.11379629499278962,0.0,0.0,0.0
4.953,0.2,0.19444173574447632,0.11379629499278962,0.0,0.0,0.0
4.954,0.2,0.19444219768047333,0.11379629499278962,0.0,0.0,0.0
4.955,0.2,0.19444264471530914,0.11379629499278962,0.0,0.0,0.0
4.956,0.2,0.19444309175014496,0.11379629499278962,0.0,0.0,0.0
4.957,0.2,0.19444353878498077,0.11379629499278962,0.0,0.0,0.0
4.958,0.2,0.19444400072097778,0.11379629499278962,0.0,0.0,0.0
4.9590000000000005,0.2,0.1944444477558136,0.11379629499278962,0.0,0.0,0.0
4.96,0.2,0.19444489479064941,0.11379629499278962,0.0,0.0,0.0
4.961,0.2,0.19444534182548523,0.11379629499278962,0.0,0.0,0.0
4.962,0.2,0.19444580376148224,0.11379629499278962,0.0,0.0,0.0
4.963,0.2,0.19444625079631805,0.11379629499278962,0.0,0.0,0.0
4.964,0.2,0.19444669783115387,0.11379629499278962,0.0,0.0,0.0
4.965,0.2,0.19444714486598969,0.11379629499278962,0.0,0.0,0.0
4.966,0.2,0.1944475919008255,0.11379629499278962,0.0,0.0,0.0
4.9670000000000005,0.2,0.1944480538368225,0.11379629499278962,0.0,0.0,0.0
4.968,0.2,0.19444850087165833,0.11379629499278962,0.0,0.0,0.0
4.969,0.2,0.19444894790649414,0.11379629499278962,0.0,0.0,0.0
4.97,0.2,0.19444939494132996,0.11379629499278962,0.0,0.0,0.0
4.971,0.2,0.19444984197616577,0.11379629499278962,0.0,0.0,0.0
4.972,0.2,0.1944502890110016,0.11379629499278962,0.0,0.0,0.0
4.973,0.2,0.1944507509469986,0.11379629499278962,0.0,0.0,0.0
4.974,0.2,0.1944511979818344,0.11379629499278962,0.0,0.0,0.0
4.9750000000000005,0.2,0.19445164501667023,0.11379629499278962,0.0,0.0,0.0
4.976,0.2,0.19445209205150604,0.11379629499278962,0.0,0.0,0.0
4.977,0.2,0.19445253908634186,0.11379629499278962,0.0,0.0,0.0
4.978,0.2,0.19445300102233887,0.11379629499278962,0.0,0.0,0.0
4.979,0.2,0.19445344805717468,0.11379629499278962,0.0,0.0,0.0
4.98,0.2,0.1944538950920105,0.11379629499278962,0.0,0.0,0.0
4.981,0.2,0.1944543421268463,0.11379629499278962,0.0,0.0,0.0
4.982,0.2,0.19445478916168213,0.11379629499278962,0.0,0.0,0.0
4.9830000000000005,0.2,0.19445523619651794,0.11379629499278962,0.0,0.0,0.0
4.984,0.2,0.19445569813251495,0.11379629499278962,0.0,0.0,0.0
4.985,0.2,0.19445614516735077,0.11379629499278962,0.0,0.0,0.0
4.986,0.2,0.19445659220218658,0.11379629499278962,0.0,0.0,0.0
4.987,0.2,0.1944570392370224,0.11379629499278962,0.0,0.0,0.0
4.988,0.2,0.19445748627185822,0.11379629499278962,0.0,0.0,0.0
4.989,0.2,0.19445793330669403,0.11379629499278962,0.0,0.0,0.0
4.99,0.2,0.19445839524269104,0.11379629499278962,0.0,0.0,0.0
4.9910000000000005,0.2,0.19445884227752686,0.11379629499278962,0.0,0.0,0.0
4.992,0.2,0.19445928931236267,0.11379629499278962,0.0,0.0,0.0
4.993,0.2,0.1944597363471985,0.11379629499278962,0.0,0.0,0.0
4.994,0.2,0.1944601833820343,0.11379629499278962,0.0,0.0,0.0
4.995,0.2,0.19446063041687012,0.11379629499278962,0.0,0.0,0.0
4.996,0.2,0.19446107745170593,0.11379629499278962,0.0,0.0,0.0
4.997,0.2,0.19446152448654175,0.11379629499278962,0.0,0.0,0.0
4.998,0.2,0.19446198642253876,0.11379629499278962,0.0,0.0,0.0
4.999,0.2,0.19446243345737457,0.11379629499278962,0.0,0.0,0.0
5.0,0.2,0.1944628804922104,0.11379629499278962,0.0,0.0,0.0
5.001,0.2,0.1944633275270462,0.11379629499278962,0.0,0.0,0.0
5.002,0.2,0.19446377456188202,0.11379629499278962,0.0,0.0,0.0
5.003,0.2,0.19446422159671783,0.11379629499278962,0.0,0.0,0.0
5.0040000000000004,0.2,0.19446466863155365,0.11379629499278962,0.0,0.0,0.0
5.005,0.2,0.19446511566638947,0.11379629499278962,0.0,0.0,0.0
5.006,0.2,0.19446557760238647,0.11379629499278962,0.0,0.0,0.0
5.007,0.2,0.1944660246372223,0.11379629499278962,0.0,0.0,0.0
5.008,0.2,0.1944664716720581,0.11379629499278962,0.0,0.0,0.0
5.009,0.2,0.19446691870689392,0.11379629499278962,0.0,0.0,0.0
5.01,0.2,0.19446736574172974,0.11379629499278962,0.0,0.0,0.0
5.011,0.2,0.19446781277656555,0.11379629499278962,0.0,0.0,0.0
5.0120000000000005,0.2,0.19446825981140137,0.11379629499278962,0.0,0.0,0.0
5.013,0.2,0.19446870684623718,0.11379629499278962,0.0,0.0,0.0
5.014,0.2,0.194469153881073,0.11379629499278962,0.0,0.0,0.0
5.015,0.2,0.1944696009159088,0.11379629499278962,0.0,0.0,0.0
5.016,0.2,0.19447004795074463,0.11379629499278962,0.0,0.0,0.0
5.017,0.2,0.19447050988674164,0.11379629499278962,0.0,0.0,0.0
5.018,0.2,0.19447095692157745,0.11379629499278962,0.0,0.0,0.0
5.019,0.2,0.19447140395641327,0.11379629499278962,0.0,0.0,0.0
5.0200000000000005,0.2,0.19447185099124908,0.11379629499278962,0.0,0.0,0.0
5.021,0.2,0.1944722980260849,0.11379629499278962,0.0,0.0,0.0
5.022,0.2,0.19447274506092072,0.11379629499278962,0.0,0.0,0.0
5.023,0.2,0.19447319209575653,0.11379629499278962,0.0,0.0,0.0
5.024,0.2,0.19447363913059235,0.11379629499278962,0.0,0.0,0.0
5.025,0.2,0.19447408616542816,0.11379629499278962,0.0,0.0,0.0
5.026,0.2,0.19447453320026398,0.11379629499278962,0.0,0.0,0.0
5.027,0.2,0.1944749802350998,0.11379629499278962,0.0,0.0,0.0
5.0280000000000005,0.2,0.1944754272699356,0.11379629499278962,0.0,0.0,0.0
5.029,0.2,0.19447587430477142,0.11379629499278962,0.0,0.0,0.0
5.03,0.2,0.19447632133960724,0.11379629499278962,0.0,0.0,0.0
5.031,0.2,0.19447676837444305,0.11379629499278962,0.0,0.0,0.0
5.032,0.2,0.19447723031044006,0.11379629499278962,0.0,0.0,0.0
5.033,0.2,0.19447767734527588,0.11379629499278962,0.0,0.0,0.0
5.034,0.2,0.1944781243801117,0.11379629499278962,0.0,0.0,0.0
5.035,0.2,0.1944785714149475,0.11379629499278962,0.0,0.0,0.0
5.0360000000000005,0.2,0.19447901844978333,0.11379629499278962,0.0,0.0,0.0
5.037,0.2,0.19447946548461914,0.11379629499278962,0.0,0.0,0.0
5.038,0.2,0.19447991251945496,0.11379629499278962,0.0,0.0,0.0
5.039,0.2,0.19448035955429077,0.11379629499278962,0.0,0.0,0.0
5.04,0.2,0.1944808065891266,0.11379629499278962,0.0,0.0,0.0
5.041,0.2,0.1944812536239624,0.11379629499278962,0.0,0.0,0.0
5.042,0.2,0.19448170065879822,0.11379629499278962,0.0,0.0,0.0
5.043,0.2,0.19448214769363403,0.11379629499278962,0.0,0.0,0.0
5.0440000000000005,0.2,0.19448259472846985,0.11379629499278962,0.0,0.0,0.0
5.045,0.2,0.19448304176330566,0.11379629499278962,0.0,0.0,0.0
5.046,0.2,0.19448348879814148,0.11379629499278962,0.0,0.0,0.0
5.047,0.2,0.1944839358329773,0.11379629499278962,0.0,0.0,0.0
5.048,0.2,0.1944843828678131,0.11379629499278962,0.0,0.0,0.0
5.049,0.2,0.19448482990264893,0.11379629499278962,0.0,0.0,0.0
5.05,0.2,0.19448527693748474,0.11379629499278962,0.0,0.0,0.0
5.051,0.2,0.19448572397232056,0.11379629499278962,0.0,0.0,0.0
5.0520000000000005,0.2,0.19448617100715637,0.11379629499278962,0.0,0.0,0.0
5.053,0.2,0.1944866180419922,0.11379629499278962,0.0,0.0,0.0
5.054,0.2,0.194487065076828,0.11379629499278962,0.0,0.0,0.0
5.055,0.2,0.19448751211166382,0.11379629499278962,0.0,0.0,0.0
5.056,0.2,0.19448795914649963,0.11379629499278962,0.0,0.0,0.0
5.057,0.2,0.19448840618133545,0.11379629499278962,0.0,0.0,0.0
5.058,0.2,0.19448883831501007,0.11379629499278962,0.0,0.0,0.0
5.059,0.2,0.19448930025100708,0.11379629499278962,0.0,0.0,0.0
5.0600000000000005,0.2,0.1944897323846817,0.11379629499278962,0.0,0.0,0.0
5.061,0.2,0.19449017941951752,0.11379629499278962,0.0,0.0,0.0
5.062,0.2,0.19449064135551453,0.11379629499278962,0.0,0.0,0.0
5.063,0.2,0.19449107348918915,0.11379629499278962,0.0,0.0,0.0
5.064,0.2,0.19449152052402496,0.11379629499278962,0.0,0.0,0.0
5.065,0.2,0.19449196755886078,0.11379629499278962,0.0,0.0,0.0
5.066,0.2,0.1944924145936966,0.11379629499278962,0.0,0.0,0.0
5.067,0.2,0.1944928616285324,0.11379629499278962,0.0,0.0,0.0
5.0680000000000005,0.2,0.19449330866336823,0.11379629499278962,0.0,0.0,0.0
5.069,0.2,0.19449375569820404,0.11379629499278962,0.0,0.0,0.0
5.07,0.2,0.19449420273303986,0.11379629499278962,0.0,0.0,0.0
5.071,0.2,0.19449464976787567,0.11379629499278962,0.0,0.0,0.0
5.072,0.2,0.1944950968027115,0.11379629499278962,0.0,0.0,0.0
5.073,0.2,0.1944955438375473,0.11379629499278962,0.0,0.0,0.0
5.074,0.2,0.19449599087238312,0.11379629499278962,0.0,0.0,0.0
5.075,0.2,0.19449643790721893,0.11379629499278962,0.0,0.0,0.0
5.0760000000000005,0.2,0.19449688494205475,0.11379629499278962,0.0,0.0,0.0
5.077,0.2,0.19449733197689056,0.11379629499278962,0.0,0.0,0.0
5.078,0.2,0.19449777901172638,0.11379629499278962,0.0,0.0,0.0
5.079,0.2,0.1944982260465622,0.11379629499278962,0.0,0.0,0.0
5.08,0.2,0.194498673081398,0.11379629499278962,0.0,0.0,0.0
5.081,0.2,0.19449912011623383,0.11379629499278962,0.0,0.0,0.0
5.082,0.2,0.19449956715106964,0.11379629499278962,0.0,0.0,0.0
5.083,0.2,0.19449999928474426,0.11379629499278962,0.0,0.0,0.0
5.0840000000000005,0.2,0.19450044631958008,0.11379629499278962,0.0,0.0,0.0
5.085,0.2,0.1945008933544159,0.11379629499278962,0.0,0.0,0.0
5.086,0.2,0.1945013403892517,0.11379629499278962,0.0,0.0,0.0
5.087,0.2,0.19450178742408752,0.11379629499278962,0.0,0.0,0.0
5.088,0.2,0.19450223445892334,0.11379629499278962,0.0,0.0,0.0
5.089,0.2,0.19450268149375916,0.11379629499278962,0.0,0.0,0.0
5.09,0.2,0.19450312852859497,0.11379629499278962,0.0,0.0,0.0
5.091,0.2,0.1945035755634308,0.11379629499278962,0.0,0.0,0.0
5.0920000000000005,0.2,0.1945040225982666,0.11379629499278962,0.0,0.0,0.0
5.093,0.2,0.19450445473194122,0.11379629499278962,0.0,0.0,0.0
5.094,0.2,0.19450490176677704,0.11379629499278962,0.0,0.0,0.0
5.095,0.2,0.19450534880161285,0.11379629499278962,0.0,0.0,0.0
5.096,0.2,0.19450579583644867,0.11379629499278962,0.0,0.0,0.0
5.097,0.2,0.19450624287128448,0.11379629499278962,0.0,0.0,0.0
5.098,0.2,0.1945066899061203,0.11379629499278962,0.0,0.0,0.0
5.099,0.2,0.19450713694095612,0.11379629499278962,0.0,0.0,0.0
5.1000000000000005,0.2,0.19450758397579193,0.11379629499278962,0.0,0.0,0.0
5.101,0.2,0.19450803101062775,0.11379629499278962,0.0,0.0,0.0
5.102,0.2,0.19450846314430237,0.11379629499278962,0.0,0.0,0.0
5.103,0.2,0.19450891017913818,0.11379629499278962,0.0,0.0,0.0
5.104,0.2,0.194509357213974,0.11379629499278962,0.0,0.0,0.0
5.105,0.2,0.19450980424880981,0.11379629499278962,0.0,0.0,0.0
5.106,0.2,0.19451025128364563,0.11379629499278962,0.0,0.0,0.0
5.107,0.2,0.19451069831848145,0.11379629499278962,0.0,0.0,0.0
5.1080000000000005,0.2,0.19451114535331726,0.11379629499278962,0.0,0.0,0.0
5.109,0.2,0.19451159238815308,0.11379629499278962,0.0,0.0,0.0
5.11,0.2,0.1945120245218277,0.11379629499278962,0.0,0.0,0.0
5.111,0.2,0.1945124715566635,0.11379629499278962,0.0,0.0,0.0
5.112,0.2,0.19451291859149933,0.11379629499278962,0.0,0.0,0.0
5.113,0.2,0.19451336562633514,0.11379629499278962,0.0,0.0,0.0
5.114,0.2,0.19451381266117096,0.11379629499278962,0.0,0.0,0.0
5.115,0.2,0.19451425969600677,0.11379629499278962,0.0,0.0,0.0
5.1160000000000005,0.2,0.1945146918296814,0.11379629499278962,0.0,0.0,0.0
5.117,0.2,0.1945151388645172,0.11379629499278962,0.0,0.0,0.0
5.118,0.2,0.19451558589935303,0.11379629499278962,0.0,0.0,0.0
5.119,0.2,0.19451603293418884,0.11379629499278962,0.0,0.0,0.0
5.12,0.2,0.19451647996902466,0.11379629499278962,0.0,0.0,0.0
5.121,0.2,0.19451692700386047,0.11379629499278962,0.0,0.0,0.0
5.122,0.2,0.1945173591375351,0.11379629499278962,0.0,0.0,0.0
5.123,0.2,0.1945178061723709,0.11379629499278962,0.0,0.0,0.0
5.124,0.2,0.19451825320720673,0.11379629499278962,0.0,0.0,0.0
5.125,0.2,0.19451870024204254,0.11379629499278962,0.0,0.0,0.0
5.126,0.2,0.19451914727687836,0.11379629499278962,0.0,0.0,0.0
5.127,0.2,0.19451959431171417,0.11379629499278962,0.0,0.0,0.0
5.128,0.2,0.1945200264453888,0.11379629499278962,0.0,0.0,0.0
5.1290000000000004,0.2,0.1945204734802246,0.11379629499278962,0.0,0.0,0.0
5.13,0.2,0.19452092051506042,0.11379629499278962,0.0,0.0,0.0
5.131,0.2,0.19452136754989624,0.11379629499278962,0.0,0.0,0.0
5.132,0.2,0.19452181458473206,0.11379629499278962,0.0,0.0,0.0
5.133,0.2,0.19452224671840668,0.11379629499278962,0.0,0.0,0.0
5.134,0.2,0.1945226937532425,0.11379629499278962,0.0,0.0,0.0
5.135,0.2,0.1945231407880783,0.11379629499278962,0.0,0.0,0.0
5.136,0.2,0.19452358782291412,0.11379629499278962,0.0,0.0,0.0
5.1370000000000005,0.2,0.19452403485774994,0.11379629499278962,0.0,0.0,0.0
5.138,0.2,0.19452446699142456,0.11379629499278962,0.0,0.0,0.0
5.139,0.2,0.19452491402626038,0.11379629499278962,0.0,0.0,0.0
5.14,0.2,0.1945253610610962,0.11379629499278962,0.0,0.0,0.0
5.141,0.2,0.194525808095932,0.11379629499278962,0.0,0.0,0.0
5.142,0.2,0.19452624022960663,0.11379629499278962,0.0,0.0,0.0
5.143,0.2,0.19452668726444244,0.11379629499278962,0.0,0.0,0.0
5.144,0.2,0.19452713429927826,0.11379629499278962,0.0,0.0,0.0
5.1450000000000005,0.2,0.19452758133411407,0.11379629499278962,0.0,0.0,0.0
5.146,0.2,0.1945280283689499,0.11379629499278962,0.0,0.0,0.0
5.147,0.2,0.1945284605026245,0.11379629499278962,0.0,0.0,0.0
5.148,0.2,0.19452890753746033,0.11379629499278962,0.0,0.0,0.0
5.149,0.2,0.19452935457229614,0.11379629499278962,0.0,0.0,0.0
5.15,0.2,0.19452980160713196,0.11379629499278962,0.0,0.0,0.0
5.151,0.2,0.19453023374080658,0.11379629499278962,0.0,0.0,0.0
5.152,0.2,0.1945306807756424,0.11379629499278962,0.0,0.0,0.0
5.1530000000000005,0.2,0.1945311278104782,0.11379629499278962,0.0,0.0,0.0
5.154,0.2,0.19453157484531403,0.11379629499278962,0.0,0.0,0.0
5.155,0.2,0.19453200697898865,0.11379629499278962,0.0,0.0,0.0
5.156,0.2,0.19453245401382446,0.11379629499278962,0.0,0.0,0.0
5.157,0.2,0.19453290104866028,0.11379629499278962,0.0,0.0,0.0
5.158,0.2,0.1945333331823349,0.11379629499278962,0.0,0.0,0.0
5.159,0.2,0.19453378021717072,0.11379629499278962,0.0,0.0,0.0
5.16,0.2,0.19453422725200653,0.11379629499278962,0.0,0.0,0.0
5.1610000000000005,0.2,0.19453467428684235,0.11379629499278962,0.0,0.0,0.0
5.162,0.2,0.19453510642051697,0.11379629499278962,0.0,0.0,0.0
5.163,0.2,0.19453555345535278,0.11379629499278962,0.0,0.0,0.0
5.164,0.2,0.1945360004901886,0.11379629499278962,0.0,0.0,0.0
5.165,0.2,0.19453644752502441,0.11379629499278962,0.0,0.0,0.0
5.166,0.2,0.19453687965869904,0.11379629499278962,0.0,0.0,0.0
5.167,0.2,0.19453732669353485,0.11379629499278962,0.0,0.0,0.0
5.168,0.2,0.19453777372837067,0.11379629499278962,0.0,0.0,0.0
5.1690000000000005,0.2,0.19453822076320648,0.11379629499278962,0.0,0.0,0.0
5.17,0.2,0.1945386528968811,0.11379629499278962,0.0,0.0,0.0
5.171,0.2,0.19453909993171692,0.11379629499278962,0.0,0.0,0.0
5.172,0.2,0.19453954696655273,0.11379629499278962,0.0,0.0,0.0
5.173,0.2,0.19453997910022736,0.11379629499278962,0.0,0.0,0.0
5.174,0.2,0.19454042613506317,0.11379629499278962,0.0,0.0,0.0
5.175,0.2,0.194540873169899,0.11379629499278962,0.0,0.0,0.0
5.176,0.2,0.1945413053035736,0.11379629499278962,0.0,0.0,0.0
5.1770000000000005,0.2,0.19454175233840942,0.11379629499278962,0.0,0.0,0.0
5.178,0.2,0.19454219937324524,0.11379629499278962,0.0,0.0,0.0
5.179,0.2,0.19454263150691986,0.11379629499278962,0.0,0.0,0.0
5.18,0.2,0.19454307854175568,0.11379629499278962,0.0,0.0,0.0
5.181,0.2,0.1945435255765915,0.11379629499278962,0.0,0.0,0.0
5.182,0.2,0.1945439726114273,0.11379629499278962,0.0,0.0,0.0
5.183,0.2,0.19454440474510193,0.11379629499278962,0.0,0.0,0.0
5.184,0.2,0.19454485177993774,0.11379629499278962,0.0,0.0,0.0
5.1850000000000005,0.2,0.19454529881477356,0.11379629499278962,0.0,0.0,0.0
5.186,0.2,0.19454573094844818,0.11379629499278962,0.0,0.0,0.0
5.187,0.2,0.194546177983284,0.11379629499278962,0.0,0.0,0.0
5.188,0.2,0.1945466250181198,0.11379629499278962,0.0,0.0,0.0
5.189,0.2,0.19454705715179443,0.11379629499278962,0.0,0.0,0.0
5.19,0.2,0.19454750418663025,0.11379629499278962,0.0,0.0,0.0
5.191,0.2,0.19454795122146606,0.11379629499278962,0.0,0.0,0.0
5.192,0.2,0.19454838335514069,0.11379629499278962,0.0,0.0,0.0
5.1930000000000005,0.2,0.1945488303899765,0.11379629499278962,0.0,0.0,0.0
5.194,0.2,0.19454926252365112,0.11379629499278962,0.0,0.0,0.0
5.195,0.2,0.19454970955848694,0.11379629499278962,0.0,0.0,0.0
5.196,0.2,0.19455015659332275,0.11379629499278962,0.0,0.0,0.0
5.197,0.2,0.19455058872699738,0.11379629499278962,0.0,0.0,0.0
5.198,0.2,0.1945510357618332,0.11379629499278962,0.0,0.0,0.0
5.199,0.2,0.194551482796669,0.11379629499278962,0.0,0.0,0.0
5.2,0.2,0.19455191493034363,0.11379629499278962,0.0,0.0,0.0
5.2010000000000005,0.2,0.19455236196517944,0.11379629499278962,0.0,0.0,0.0
5.202,0.2,0.19455280900001526,0.11379629499278962,0.0,0.0,0.0
5.203,0.2,0.19455324113368988,0.11379629499278962,0.0,0.0,0.0
5.204,0.2,0.1945536881685257,0.11379629499278962,0.0,0.0,0.0
5.205,0.2,0.1945541352033615,0.11379629499278962,0.0,0.0,0.0
5.206,0.2,0.19455456733703613,0.11379629499278962,0.0,0.0,0.0
5.207,0.2,0.19455501437187195,0.11379629499278962,0.0,0.0,0.0
5.208,0.2,0.19455544650554657,0.11379629499278962,0.0,0.0,0.0
5.2090000000000005,0.2,0.19455589354038239,0.11379629499278962,0.0,0.0,0.0
5.21,0.2,0.1945563405752182,0.11379629499278962,0.0,0.0,0.0
5.211,0.2,0.19455677270889282,0.11379629499278962,0.0,0.0,0.0
5.212,0.2,0.19455721974372864,0.11379629499278962,0.0,0.0,0.0
5.213,0.2,0.19455765187740326,0.11379629499278962,0.0,0.0,0.0
5.214,0.2,0.19455809891223907,0.11379629499278962,0.0,0.0,0.0
5.215,0.2,0.1945585459470749,0.11379629499278962,0.0,0.0,0.0
5.216,0.2,0.1945589780807495,0.11379629499278962,0.0,0.0,0.0
5.2170000000000005,0.2,0.19455942511558533,0.11379629499278962,0.0,0.0,0.0
5.218,0.2,0.19455985724925995,0.11379629499278962,0.0,0.0,0.0
5.219,0.2,0.19456030428409576,0.11379629499278962,0.0,0.0,0.0
5.22,0.2,0.19456075131893158,0.11379629499278962,0.0,0.0,0.0
5.221,0.2,0.1945611834526062,0.11379629499278962,0.0,0.0,0.0
5.222,0.2,0.19456163048744202,0.11379629499278962,0.0,0.0,0.0
5.223,0.2,0.19456206262111664,0.11379629499278962,0.0,0.0,0.0
5.224,0.2,0.19456250965595245,0.11379629499278962,0.0,0.0,0.0
5.2250000000000005,0.2,0.19456295669078827,0.11379629499278962,0.0,0.0,0.0
5.226,0.2,0.1945633888244629,0.11379629499278962,0.0,0.0,0.0
5.227,0.2,0.1945638358592987,0.11379629499278962,0.0,0.0,0.0
5.228,0.2,0.19456426799297333,0.11379629499278962,0.0,0.0,0.0
5.229,0.2,0.19456471502780914,0.11379629499278962,0.0,0.0,0.0
5.23,0.2,0.19456514716148376,0.11379629499278962,0.0,0.0,0.0
5.231,0.2,0.19456559419631958,0.11379629499278962,0.0,0.0,0.0
5.232,0.2,0.1945660412311554,0.11379629499278962,0.0,0.0,0.0
5.2330000000000005,0.2,0.19456647336483002,0.11379629499278962,0.0,0.0,0.0
5.234,0.2,0.19456692039966583,0.11379629499278962,0.0,0.0,0.0
5.235,0.2,0.19456735253334045,0.11379629499278962,0.0,0.0,0.0
5.236,0.2,0.19456779956817627,0.11379629499278962,0.0,0.0,0.0
5.237,0.2,0.1945682317018509,0.11379629499278962,0.0,0.0,0.0
5.238,0.2,0.1945686787366867,0.11379629499278962,0.0,0.0,0.0
5.239,0.2,0.19456911087036133,0.11379629499278962,0.0,0.0,0.0
5.24,0.2,0.19456955790519714,0.11379629499278962,0.0,0.0,0.0
5.2410000000000005,0.2,0.19456999003887177,0.11379629499278962,0.0,0.0,0.0
5.242,0.2,0.19457043707370758,0.11379629499278962,0.0,0.0,0.0
5.243,0.2,0.1945708841085434,0.11379629499278962,0.0,0.0,0.0
5.244,0.2,0.19457131624221802,0.11379629499278962,0.0,0.0,0.0
5.245,0.2,0.19457176327705383,0.11379629499278962,0.0,0.0,0.0
5.246,0.2,0.19457219541072845,0.11379629499278962,0.0,0.0,0.0
5.247,0.2,0.19457264244556427,0.11379629499278962,0.0,0.0,0.0
5.248,0.2,0.1945730745792389,0.11379629499278962,0.0,0.0,0.0
5.249,0.2,0.1945735216140747,0.11379629499278962,0.0,0.0,0.0
5.25,0.2,0.19457395374774933,0.11379629499278962,0.0,0.0,0.0
5.251,0.2,0.19457440078258514,0.11379629499278962,0.0,0.0,0.0
5.252,0.2,0.19457483291625977,0.11379629499278962,0.0,0.0,0.0
5.253,0.2,0.19457527995109558,0.11379629499278962,0.0,0.0,0.0
5.2540000000000004,0.2,0.1945757120847702,0.11379629499278962,0.0,0.0,0.0
5.255,0.2,0.19457615911960602,0.11379629499278962,0.0,0.0,0.0
5.256,0.2,0.19457659125328064,0.11379629499278962,0.0,0.0,0.0
5.257,0.2,0.19457703828811646,0.11379629499278962,0.0,0.0,0.0
5.258,0.2,0.19457747042179108,0.11379629499278962,0.0,0.0,0.0
5.259,0.2,0.1945779174566269,0.11379629499278962,0.0,0.0,0.0
5.26,0.2,0.1945783495903015,0.11379629499278962,0.0,0.0,0.0
5.261,0.2,0.19457879662513733,0.11379629499278962,0.0,0.0,0.0
5.2620000000000005,0.2,0.19457922875881195,0.11379629499278962,0.0,0.0,0.0
5.263,0.2,0.19457967579364777,0.11379629499278962,0.0,0.0,0.0
5.264,0.2,0.1945801079273224,0.11379629499278962,0.0,0.0,0.0
5.265,0.2,0.1945805549621582,0.11379629499278962,0.0,0.0,0.0
5.266,0.2,0.19458098709583282,0.11379629499278962,0.0,0.0,0.0
5.267,0.2,0.19458143413066864,0.11379629499278962,0.0,0.0,0.0
5.268,0.2,0.19458186626434326,0.11379629499278962,0.0,0.0,0.0
5.269,0.2,0.19458229839801788,0.11379629499278962,0.0,0.0,0.0
5.2700000000000005,0.2,0.1945827454328537,0.11379629499278962,0.0,0.0,0.0
5.271,0.2,0.19458317756652832,0.11379629499278962,0.0,0.0,0.0
5.272,0.2,0.19458362460136414,0.11379629499278962,0.0,0.0,0.0
5.273,0.2,0.19458405673503876,0.11379629499278962,0.0,0.0,0.0
5.274,0.2,0.19458450376987457,0.11379629499278962,0.0,0.0,0.0
5.275,0.2,0.1945849359035492,0.11379629499278962,0.0,0.0,0.0
5.276,0.2,0.194585382938385,0.11379629499278962,0.0,0.0,0.0
5.277,0.2,0.19458581507205963,0.11379629499278962,0.0,0.0,0.0
5.2780000000000005,0.2,0.19458626210689545,0.11379629499278962,0.0,0.0,0.0
5.279,0.2,0.19458669424057007,0.11379629499278962,0.0,0.0,0.0
5.28,0.2,0.19458714127540588,0.11379629499278962,0.0,0.0,0.0
5.281,0.2,0.1945875734090805,0.11379629499278962,0.0,0.0,0.0
5.282,0.2,0.19458800554275513,0.11379629499278962,0.0,0.0,0.0
5.283,0.2,0.19458845257759094,0.11379629499278962,0.0,0.0,0.0
5.284,0.2,0.19458888471126556,0.11379629499278962,0.0,0.0,0.0
5.285,0.2,0.19458933174610138,0.11379629499278962,0.0,0.0,0.0
5.2860000000000005,0.2,0.194589763879776,0.11379629499278962,0.0,0.0,0.0
5.287,0.2,0.19459021091461182,0.11379629499278962,0.0,0.0,0.0
5.288,0.2,0.19459064304828644,0.11379629499278962,0.0,0.0,0.0
5.289,0.2,0.19459109008312225,0.11379629499278962,0.0,0.0,0.0
5.29,0.2,0.19459152221679688,0.11379629499278962,0.0,0.0,0.0
5.291,0.2,0.1945919543504715,0.11379629499278962,0.0,0.0,0.0
5.292,0.2,0.1945924013853073,0.11379629499278962,0.0,0.0,0.0
5.293,0.2,0.19459283351898193,0.11379629499278962,0.0,0.0,0.0
5.2940000000000005,0.2,0.19459328055381775,0.11379629499278962,0.0,0.0,0.0
5.295,0.2,0.19459371268749237,0.11379629499278962,0.0,0.0,0.0
5.296,0.2,0.194594144821167,0.11379629499278962,0.0,0.0,0.0
5.297,0.2,0.1945945918560028,0.11379629499278962,0.0,0.0,0.0
5.298,0.2,0.19459502398967743,0.11379629499278962,0.0,0.0,0.0
5.299,0.2,0.19459547102451324,0.11379629499278962,0.0,0.0,0.0
5.3,0.2,0.19459590315818787,0.11379629499278962,0.0,0.0,0.0
5.301,0.2,0.1945963352918625,0.11379629499278962,0.0,0.0,0.0
5.3020000000000005,0.2,0.1945967823266983,0.11379629499278962,0.0,0.0,0.0
5.303,0.2,0.19459721446037292,0.11379629499278962,0.0,0.0,0.0
5.304,0.2,0.19459766149520874,0.11379629499278962,0.0,0.0,0.0
5.305,0.2,0.19459809362888336,0.11379629499278962,0.0,0.0,0.0
5.306,0.2,0.19459852576255798,0.11379629499278962,0.0,0.0,0.0
5.307,0.2,0.1945989727973938,0.11379629499278962,0.0,0.0,0.0
5.308,0.2,0.19459940493106842,0.11379629499278962,0.0,0.0,0.0
5.309,0.2,0.19459983706474304,0.11379629499278962,0.0,0.0,0.0
5.3100000000000005,0.2,0.19460028409957886,0.11379629499278962,0.0,0.0,0.0
5.311,0.2,0.19460071623325348,0.11379629499278962,0.0,0.0,0.0
5.312,0.2,0.1946011632680893,0.11379629499278962,0.0,0.0,0.0
5.313,0.2,0.19460159540176392,0.11379629499278962,0.0,0.0,0.0
5.314,0.2,0.19460202753543854,0.11379629499278962,0.0,0.0,0.0
5.315,0.2,0.19460247457027435,0.11379629499278962,0.0,0.0,0.0
5.316,0.2,0.19460290670394897,0.11379629499278962,0.0,0.0,0.0
5.317,0.2,0.1946033388376236,0.11379629499278962,0.0,0.0,0.0
5.3180000000000005,0.2,0.1946037858724594,0.11379629499278962,0.0,0.0,0.0
5.319,0.2,0.19460421800613403,0.11379629499278962,0.0,0.0,0.0
5.32,0.2,0.19460465013980865,0.11379629499278962,0.0,0.0,0.0
5.321,0.2,0.19460509717464447,0.11379629499278962,0.0,0.0,0.0
5.322,0.2,0.1946055293083191,0.11379629499278962,0.0,0.0,0.0
5.323,0.2,0.1946059763431549,0.11379629499278962,0.0,0.0,0.0
5.324,0.2,0.19460640847682953,0.11379629499278962,0.0,0.0,0.0
5.325,0.2,0.19460684061050415,0.11379629499278962,0.0,0.0,0.0
5.3260000000000005,0.2,0.19460728764533997,0.11379629499278962,0.0,0.0,0.0
5.327,0.2,0.1946077197790146,0.11379629499278962,0.0,0.0,0.0
5.328,0.2,0.1946081519126892,0.11379629499278962,0.0,0.0,0.0
5.329,0.2,0.19460859894752502,0.11379629499278962,0.0,0.0,0.0
5.33,0.2,0.19460903108119965,0.11379629499278962,0.0,0.0,0.0
5.331,0.2,0.19460946321487427,0.11379629499278962,0.0,0.0,0.0
5.332,0.2,0.1946098953485489,0.11379629499278962,0.0,0.0,0.0
5.333,0.2,0.1946103423833847,0.11379629499278962,0.0,0.0,0.0
5.3340000000000005,0.2,0.19461077451705933,0.11379629499278962,0.0,0.0,0.0
5.335,0.2,0.19461120665073395,0.11379629499278962,0.0,0.0,0.0
5.336,0.2,0.19461165368556976,0.11379629499278962,0.0,0.0,0.0
5.337,0.2,0.19461208581924438,0.11379629499278962,0.0,0.0,0.0
5.338,0.2,0.194612517952919,0.11379629499278962,0.0,0.0,0.0
5.339,0.2,0.19461296498775482,0.11379629499278962,0.0,0.0,0.0
5.34,0.2,0.19461339712142944,0.11379629499278962,0.0,0.0,0.0
5.341,0.2,0.19461382925510406,0.11379629499278962,0.0,0.0,0.0
5.3420000000000005,0.2,0.19461427628993988,0.11379629499278962,0.0,0.0,0.0
5.343,0.2,0.1946147084236145,0.11379629499278962,0.0,0.0,0.0
5.344,0.2,0.19461514055728912,0.11379629499278962,0.0,0.0,0.0
5.345,0.2,0.19461557269096375,0.11379629499278962,0.0,0.0,0.0
5.346,0.2,0.19461601972579956,0.11379629499278962,0.0,0.0,0.0
5.347,0.2,0.19461645185947418,0.11379629499278962,0.0,0.0,0.0
5.348,0.2,0.1946168839931488,0.11379629499278962,0.0,0.0,0.0
5.349,0.2,0.19461733102798462,0.11379629499278962,0.0,0.0,0.0
5.3500000000000005,0.2,0.19461776316165924,0.11379629499278962,0.0,0.0,0.0
5.351,0.2,0.19461819529533386,0.11379629499278962,0.0,0.0,0.0
5.352,0.2,0.19461862742900848,0.11379629499278962,0.0,0.0,0.0
5.353,0.2,0.1946190744638443,0.11379629499278962,0.0,0.0,0.0
5.354,0.2,0.19461950659751892,0.11379629499278962,0.0,0.0,0.0
5.355,0.2,0.19461993873119354,0.11379629499278962,0.0,0.0,0.0
5.356,0.2,0.19462038576602936,0.11379629499278962,0.0,0.0,0.0
5.357,0.2,0.19462081789970398,0.11379629499278962,0.0,0.0,0.0
5.3580000000000005,0.2,0.1946212500333786,0.11379629499278962,0.0,0.0,0.0
5.359,0.2,0.19462168216705322,0.11379629499278962,0.0,0.0,0.0
5.36,0.2,0.19462212920188904,0.11379629499278962,0.0,0.0,0.0
5.361,0.2,0.19462256133556366,0.11379629499278962,0.0,0.0,0.0
5.362,0.2,0.19462299346923828,0.11379629499278962,0.0,0.0,0.0
5.363,0.2,0.1946234256029129,0.11379629499278962,0.0,0.0,0.0
5.364,0.2,0.19462387263774872,0.11379629499278962,0.0,0.0,0.0
5.365,0.2,0.19462430477142334,0.11379629499278962,0.0,0.0,0.0
5.3660000000000005,0.2,0.19462473690509796,0.11379629499278962,0.0,0.0,0.0
5.367,0.2,0.19462516903877258,0.11379629499278962,0.0,0.0,0.0
5.368,0.2,0.1946256011724472,0.11379629499278962,0.0,0.0,0.0
5.369,0.2,0.19462604820728302,0.11379629499278962,0.0,0.0,0.0
5.37,0.2,0.19462648034095764,0.11379629499278962,0.0,0.0,0.0
5.371,0.2,0.19462691247463226,0.11379629499278962,0.0,0.0,0.0
5.372,0.2,0.19462734460830688,0.11379629499278962,0.0,0.0,0.0
5.373,0.2,0.1946277916431427,0.11379629499278962,0.0,0.0,0.0
5.3740000000000006,0.2,0.19462822377681732,0.11379629499278962,0.0,0.0,0.0
5.375,0.2,0.19462865591049194,0.11379629499278962,0.0,0.0,0.0
5.376,0.2,0.19462908804416656,0.11379629499278962,0.0,0.0,0.0
5.377,0.2,0.19462953507900238,0.11379629499278962,0.0,0.0,0.0
5.378,0.2,0.194629967212677,0.11379629499278962,0.0,0.0,0.0
5.3790000000000004,0.2,0.19463039934635162,0.11379629499278962,0.0,0.0,0.0
5.38,0.2,0.19463083148002625,0.11379629499278962,0.0,0.0,0.0
5.381,0.2,0.19463126361370087,0.11379629499278962,0.0,0.0,0.0
5.382,0.2,0.19463171064853668,0.11379629499278962,0.0,0.0,0.0
5.383,0.2,0.1946321427822113,0.11379629499278962,0.0,0.0,0.0
5.384,0.2,0.19463257491588593,0.11379629499278962,0.0,0.0,0.0
5.385,0.2,0.19463300704956055,0.11379629499278962,0.0,0.0,0.0
5.386,0.2,0.19463343918323517,0.11379629499278962,0.0,0.0,0.0
5.3870000000000005,0.2,0.19463388621807098,0.11379629499278962,0.0,0.0,0.0
5.388,0.2,0.1946343183517456,0.11379629499278962,0.0,0.0,0.0
5.389,0.2,0.19463475048542023,0.11379629499278962,0.0,0.0,0.0
5.39,0.2,0.19463518261909485,0.11379629499278962,0.0,0.0,0.0
5.391,0.2,0.19463561475276947,0.11379629499278962,0.0,0.0,0.0
5.392,0.2,0.1946360468864441,0.11379629499278962,0.0,0.0,0.0
5.393,0.2,0.1946364939212799,0.11379629499278962,0.0,0.0,0.0
5.394,0.2,0.19463692605495453,0.11379629499278962,0.0,0.0,0.0
5.3950000000000005,0.2,0.19463735818862915,0.11379629499278962,0.0,0.0,0.0
5.396,0.2,0.19463779032230377,0.11379629499278962,0.0,0.0,0.0
5.397,0.2,0.1946382224559784,0.11379629499278962,0.0,0.0,0.0
5.398,0.2,0.1946386694908142,0.11379629499278962,0.0,0.0,0.0
5.399,0.2,0.19463910162448883,0.11379629499278962,0.0,0.0,0.0
5.4,0.2,0.19463953375816345,0.11379629499278962,0.0,0.0,0.0
5.401,0.2,0.19463996589183807,0.11379629499278962,0.0,0.0,0.0
5.402,0.2,0.1946403980255127,0.11379629499278962,0.0,0.0,0.0
5.4030000000000005,0.2,0.19464083015918732,0.11379629499278962,0.0,0.0,0.0
5.404,0.2,0.19464126229286194,0.11379629499278962,0.0,0.0,0.0
5.405,0.2,0.19464170932769775,0.11379629499278962,0.0,0.0,0.0
5.406,0.2,0.19464214146137238,0.11379629499278962,0.0,0.0,0.0
5.407,0.2,0.194642573595047,0.11379629499278962,0.0,0.0,0.0
5.408,0.2,0.19464300572872162,0.11379629499278962,0.0,0.0,0.0
5.409,0.2,0.19464343786239624,0.11379629499278962,0.0,0.0,0.0
5.41,0.2,0.19464386999607086,0.11379629499278962,0.0,0.0,0.0
5.4110000000000005,0.2,0.19464430212974548,0.11379629499278962,0.0,0.0,0.0
5.412,0.2,0.1946447491645813,0.11379629499278962,0.0,0.0,0.0
5.413,0.2,0.19464518129825592,0.11379629499278962,0.0,0.0,0.0
5.414,0.2,0.19464561343193054,0.11379629499278962,0.0,0.0,0.0
5.415,0.2,0.19464604556560516,0.11379629499278962,0.0,0.0,0.0
5.416,0.2,0.19464647769927979,0.11379629499278962,0.0,0.0,0.0
5.417,0.2,0.1946469098329544,0.11379629499278962,0.0,0.0,0.0
5.418,0.2,0.19464734196662903,0.11379629499278962,0.0,0.0,0.0
5.4190000000000005,0.2,0.19464777410030365,0.11379629499278962,0.0,0.0,0.0
5.42,0.2,0.19464822113513947,0.11379629499278962,0.0,0.0,0.0
5.421,0.2,0.1946486532688141,0.11379629499278962,0.0,0.0,0.0
5.422,0.2,0.1946490854024887,0.11379629499278962,0.0,0.0,0.0
5.423,0.2,0.19464951753616333,0.11379629499278962,0.0,0.0,0.0
5.424,0.2,0.19464994966983795,0.11379629499278962,0.0,0.0,0.0
5.425,0.2,0.19465038180351257,0.11379629499278962,0.0,0.0,0.0
5.426,0.2,0.1946508139371872,0.11379629499278962,0.0,0.0,0.0
5.4270000000000005,0.2,0.19465124607086182,0.11379629499278962,0.0,0.0,0.0
5.428,0.2,0.19465167820453644,0.11379629499278962,0.0,0.0,0.0
5.429,0.2,0.19465211033821106,0.11379629499278962,0.0,0.0,0.0
5.43,0.2,0.19465255737304688,0.11379629499278962,0.0,0.0,0.0
5.431,0.2,0.1946529895067215,0.11379629499278962,0.0,0.0,0.0
5.432,0.2,0.19465342164039612,0.11379629499278962,0.0,0.0,0.0
5.433,0.2,0.19465385377407074,0.11379629499278962,0.0,0.0,0.0
5.434,0.2,0.19465428590774536,0.11379629499278962,0.0,0.0,0.0
5.4350000000000005,0.2,0.19465471804141998,0.11379629499278962,0.0,0.0,0.0
5.436,0.2,0.1946551501750946,0.11379629499278962,0.0,0.0,0.0
5.437,0.2,0.19465558230876923,0.11379629499278962,0.0,0.0,0.0
5.438,0.2,0.19465601444244385,0.11379629499278962,0.0,0.0,0.0
5.439,0.2,0.19465644657611847,0.11379629499278962,0.0,0.0,0.0
5.44,0.2,0.1946568787097931,0.11379629499278962,0.0,0.0,0.0
5.441,0.2,0.1946573108434677,0.11379629499278962,0.0,0.0,0.0
5.442,0.2,0.19465774297714233,0.11379629499278962,0.0,0.0,0.0
5.4430000000000005,0.2,0.19465819001197815,0.11379629499278962,0.0,0.0,0.0
5.444,0.2,0.19465862214565277,0.11379629499278962,0.0,0.0,0.0
5.445,0.2,0.1946590542793274,0.11379629499278962,0.0,0.0,0.0
5.446,0.2,0.19465948641300201,0.11379629499278962,0.0,0.0,0.0
5.447,0.2,0.19465991854667664,0.11379629499278962,0.0,0.0,0.0
5.448,0.2,0.19466035068035126,0.11379629499278962,0.0,0.0,0.0
5.449,0.2,0.19466078281402588,0.11379629499278962,0.0,0.0,0.0
5.45,0.2,0.1946612149477005,0.11379629499278962,0.0,0.0,0.0
5.4510000000000005,0.2,0.19466164708137512,0.11379629499278962,0.0,0.0,0.0
5.452,0.2,0.19466207921504974,0.11379629499278962,0.0,0.0,0.0
5.453,0.2,0.19466251134872437,0.11379629499278962,0.0,0.0,0.0
5.454,0.2,0.194662943482399,0.11379629499278962,0.0,0.0,0.0
5.455,0.2,0.1946633756160736,0.11379629499278962,0.0,0.0,0.0
5.456,0.2,0.19466380774974823,0.11379629499278962,0.0,0.0,0.0
5.457,0.2,0.19466423988342285,0.11379629499278962,0.0,0.0,0.0
5.458,0.2,0.19466467201709747,0.11379629499278962,0.0,0.0,0.0
5.4590000000000005,0.2,0.1946651041507721,0.11379629499278962,0.0,0.0,0.0
5.46,0.2,0.19466553628444672,0.11379629499278962,0.0,0.0,0.0
5.461,0.2,0.19466596841812134,0.11379629499278962,0.0,0.0,0.0
5.462,0.2,0.19466640055179596,0.11379629499278962,0.0,0.0,0.0
5.463,0.2,0.19466683268547058,0.11379629499278962,0.0,0.0,0.0
5.464,0.2,0.1946672648191452,0.11379629499278962,0.0,0.0,0.0
5.465,0.2,0.19466769695281982,0.11379629499278962,0.0,0.0,0.0
5.466,0.2,0.19466812908649445,0.11379629499278962,0.0,0.0,0.0
5.4670000000000005,0.2,0.19466856122016907,0.11379629499278962,0.0,0.0,0.0
5.468,0.2,0.1946689933538437,0.11379629499278962,0.0,0.0,0.0
5.469,0.2,0.1946694254875183,0.11379629499278962,0.0,0.0,0.0
5.47,0.2,0.19466985762119293,0.11379629499278962,0.0,0.0,0.0
5.471,0.2,0.19467028975486755,0.11379629499278962,0.0,0.0,0.0
5.472,0.2,0.19467072188854218,0.11379629499278962,0.0,0.0,0.0
5.473,0.2,0.1946711540222168,0.11379629499278962,0.0,0.0,0.0
5.474,0.2,0.19467158615589142,0.11379629499278962,0.0,0.0,0.0
5.4750000000000005,0.2,0.19467201828956604,0.11379629499278962,0.0,0.0,0.0
5.476,0.2,0.19467245042324066,0.11379629499278962,0.0,0.0,0.0
5.477,0.2,0.19467288255691528,0.11379629499278962,0.0,0.0,0.0
5.478,0.2,0.1946733146905899,0.11379629499278962,0.0,0.0,0.0
5.479,0.2,0.19467374682426453,0.11379629499278962,0.0,0.0,0.0
5.48,0.2,0.19467417895793915,0.11379629499278962,0.0,0.0,0.0
5.481,0.2,0.19467461109161377,0.11379629499278962,0.0,0.0,0.0
5.482,0.2,0.1946750432252884,0.11379629499278962,0.0,0.0,0.0
5.4830000000000005,0.2,0.194675475358963,0.11379629499278962,0.0,0.0,0.0
5.484,0.2,0.19467590749263763,0.11379629499278962,0.0,0.0,0.0
5.485,0.2,0.19467633962631226,0.11379629499278962,0.0,0.0,0.0
5.486,0.2,0.19467677175998688,0.11379629499278962,0.0,0.0,0.0
5.487,0.2,0.1946772038936615,0.11379629499278962,0.0,0.0,0.0
5.488,0.2,0.19467763602733612,0.11379629499278962,0.0,0.0,0.0
5.489,0.2,0.19467806816101074,0.11379629499278962,0.0,0.0,0.0
5.49,0.2,0.19467850029468536,0.11379629499278962,0.0,0.0,0.0
5.4910000000000005,0.2,0.19467893242835999,0.11379629499278962,0.0,0.0,0.0
5.492,0.2,0.1946793496608734,0.11379629499278962,0.0,0.0,0.0
5.493,0.2,0.19467978179454803,0.11379629499278962,0.0,0.0,0.0
5.494,0.2,0.19468021392822266,0.11379629499278962,0.0,0.0,0.0
5.495,0.2,0.19468064606189728,0.11379629499278962,0.0,0.0,0.0
5.496,0.2,0.1946810781955719,0.11379629499278962,0.0,0.0,0.0
5.497,0.2,0.19468151032924652,0.11379629499278962,0.0,0.0,0.0
5.498,0.2,0.19468194246292114,0.11379629499278962,0.0,0.0,0.0
5.4990000000000006,0.2,0.19468237459659576,0.11379629499278962,0.0,0.0,0.0
5.5,0.2,0.19468280673027039,0.11379629499278962,0.0,0.0,0.0
5.501,0.2,0.194683238863945,0.11379629499278962,0.0,0.0,0.0
5.502,0.2,0.19468367099761963,0.11379629499278962,0.0,0.0,0.0
5.503,0.2,0.19468410313129425,0.11379629499278962,0.0,0.0,0.0
5.5040000000000004,0.2,0.19468453526496887,0.11379629499278962,0.0,0.0,0.0
5.505,0.2,0.1946849673986435,0.11379629499278962,0.0,0.0,0.0
5.506,0.2,0.19468538463115692,0.11379629499278962,0.0,0.0,0.0
5.507,0.2,0.19468581676483154,0.11379629499278962,0.0,0.0,0.0
5.508,0.2,0.19468624889850616,0.11379629499278962,0.0,0.0,0.0
5.509,0.2,0.1946866810321808,0.11379629499278962,0.0,0.0,0.0
5.51,0.2,0.1946871131658554,0.11379629499278962,0.0,0.0,0.0
5.511,0.2,0.19468754529953003,0.11379629499278962,0.0,0.0,0.0
5.5120000000000005,0.2,0.19468797743320465,0.11379629499278962,0.0,0.0,0.0
5.513,0.2,0.19468840956687927,0.11379629499278962,0.0,0.0,0.0
5.514,0.2,0.1946888417005539,0.11379629499278962,0.0,0.0,0.0
5.515,0.2,0.19468927383422852,0.11379629499278962,0.0,0.0,0.0
5.516,0.2,0.19468969106674194,0.11379629499278962,0.0,0.0,0.0
5.517,0.2,0.19469012320041656,0.11379629499278962,0.0,0.0,0.0
5.518,0.2,0.1946905553340912,0.11379629499278962,0.0,0.0,0.0
5.519,0.2,0.1946909874677658,0.11379629499278962,0.0,0.0,0.0
5.5200000000000005,0.2,0.19469141960144043,0.11379629499278962,0.0,0.0,0.0
5.521,0.2,0.19469185173511505,0.11379629499278962,0.0,0.0,0.0
5.522,0.2,0.19469228386878967,0.11379629499278962,0.0,0.0,0.0
5.523,0.2,0.1946927160024643,0.11379629499278962,0.0,0.0,0.0
5.524,0.2,0.19469314813613892,0.11379629499278962,0.0,0.0,0.0
5.525,0.2,0.19469356536865234,0.11379629499278962,0.0,0.0,0.0
5.526,0.2,0.19469399750232697,0.11379629499278962,0.0,0.0,0.0
5.527,0.2,0.1946944296360016,0.11379629499278962,0.0,0.0,0.0
5.5280000000000005,0.2,0.1946948617696762,0.11379629499278962,0.0,0.0,0.0
5.529,0.2,0.19469529390335083,0.11379629499278962,0.0,0.0,0.0
5.53,0.2,0.19469572603702545,0.11379629499278962,0.0,0.0,0.0
5.531,0.2,0.19469615817070007,0.11379629499278962,0.0,0.0,0.0
5.532,0.2,0.1946965754032135,0.11379629499278962,0.0,0.0,0.0
5.533,0.2,0.19469700753688812,0.11379629499278962,0.0,0.0,0.0
5.534,0.2,0.19469743967056274,0.11379629499278962,0.0,0.0,0.0
5.535,0.2,0.19469787180423737,0.11379629499278962,0.0,0.0,0.0
5.5360000000000005,0.2,0.194698303937912,0.11379629499278962,0.0,0.0,0.0
5.537,0.2,0.1946987360715866,0.11379629499278962,0.0,0.0,0.0
5.538,0.2,0.19469915330410004,0.11379629499278962,0.0,0.0,0.0
5.539,0.2,0.19469958543777466,0.11379629499278962,0.0,0.0,0.0
5.54,0.2,0.19470001757144928,0.11379629499278962,0.0,0.0,0.0
5.541,0.2,0.1947004497051239,0.11379629499278962,0.0,0.0,0.0
5.542,0.2,0.19470088183879852,0.11379629499278962,0.0,0.0,0.0
5.543,0.2,0.19470131397247314,0.11379629499278962,0.0,0.0,0.0
5.5440000000000005,0.2,0.19470173120498657,0.11379629499278962,0.0,0.0,0.0
5.545,0.2,0.1947021633386612,0.11379629499278962,0.0,0.0,0.0
5.546,0.2,0.19470259547233582,0.11379629499278962,0.0,0.0,0.0
5.547,0.2,0.19470302760601044,0.11379629499278962,0.0,0.0,0.0
5.548,0.2,0.19470345973968506,0.11379629499278962,0.0,0.0,0.0
5.549,0.2,0.1947038769721985,0.11379629499278962,0.0,0.0,0.0
5.55,0.2,0.1947043091058731,0.11379629499278962,0.0,0.0,0.0
5.551,0.2,0.19470474123954773,0.11379629499278962,0.0,0.0,0.0
5.5520000000000005,0.2,0.19470517337322235,0.11379629499278962,0.0,0.0,0.0
5.553,0.2,0.19470560550689697,0.11379629499278962,0.0,0.0,0.0
5.554,0.2,0.1947060227394104,0.11379629499278962,0.0,0.0,0.0
5.555,0.2,0.19470645487308502,0.11379629499278962,0.0,0.0,0.0
5.556,0.2,0.19470688700675964,0.11379629499278962,0.0,0.0,0.0
5.557,0.2,0.19470731914043427,0.11379629499278962,0.0,0.0,0.0
5.558,0.2,0.1947077512741089,0.11379629499278962,0.0,0.0,0.0
5.559,0.2,0.19470816850662231,0.11379629499278962,0.0,0.0,0.0
5.5600000000000005,0.2,0.19470860064029694,0.11379629499278962,0.0,0.0,0.0
5.561,0.2,0.19470903277397156,0.11379629499278962,0.0,0.0,0.0
5.562,0.2,0.19470946490764618,0.11379629499278962,0.0,0.0,0.0
5.563,0.2,0.1947098970413208,0.11379629499278962,0.0,0.0,0.0
5.564,0.2,0.19471031427383423,0.11379629499278962,0.0,0.0,0.0
5.565,0.2,0.19471074640750885,0.11379629499278962,0.0,0.0,0.0
5.566,0.2,0.19471117854118347,0.11379629499278962,0.0,0.0,0.0
5.567,0.2,0.1947116106748581,0.11379629499278962,0.0,0.0,0.0
5.5680000000000005,0.2,0.19471202790737152,0.11379629499278962,0.0,0.0,0.0
5.569,0.2,0.19471246004104614,0.11379629499278962,0.0,0.0,0.0
5.57,0.2,0.19471289217472076,0.11379629499278962,0.0,0.0,0.0
5.571,0.2,0.19471332430839539,0.11379629499278962,0.0,0.0,0.0
5.572,0.2,0.1947137415409088,0.11379629499278962,0.0,0.0,0.0
5.573,0.2,0.19471417367458344,0.11379629499278962,0.0,0.0,0.0
5.574,0.2,0.19471460580825806,0.11379629499278962,0.0,0.0,0.0
5.575,0.2,0.19471503794193268,0.11379629499278962,0.0,0.0,0.0
5.5760000000000005,0.2,0.1947154700756073,0.11379629499278962,0.0,0.0,0.0
5.577,0.2,0.19471588730812073,0.11379629499278962,0.0,0.0,0.0
5.578,0.2,0.19471631944179535,0.11379629499278962,0.0,0.0,0.0
5.579,0.2,0.19471675157546997,0.11379629499278962,0.0,0.0,0.0
5.58,0.2,0.1947171688079834,0.11379629499278962,0.0,0.0,0.0
5.581,0.2,0.19471760094165802,0.11379629499278962,0.0,0.0,0.0
5.582,0.2,0.19471803307533264,0.11379629499278962,0.0,0.0,0.0
5.583,0.2,0.19471846520900726,0.11379629499278962,0.0,0.0,0.0
5.5840000000000005,0.2,0.1947188824415207,0.11379629499278962,0.0,0.0,0.0
5.585,0.2,0.1947193145751953,0.11379629499278962,0.0,0.0,0.0
5.586,0.2,0.19471974670886993,0.11379629499278962,0.0,0.0,0.0
5.587,0.2,0.19472017884254456,0.11379629499278962,0.0,0.0,0.0
5.588,0.2,0.19472059607505798,0.11379629499278962,0.0,0.0,0.0
5.589,0.2,0.1947210282087326,0.11379629499278962,0.0,0.0,0.0
5.59,0.2,0.19472146034240723,0.11379629499278962,0.0,0.0,0.0
5.591,0.2,0.19472187757492065,0.11379629499278962,0.0,0.0,0.0
5.5920000000000005,0.2,0.19472230970859528,0.11379629499278962,0.0,0.0,0.0
5.593,0.2,0.1947227418422699,0.11379629499278962,0.0,0.0,0.0
5.594,0.2,0.19472317397594452,0.11379629499278962,0.0,0.0,0.0
5.595,0.2,0.19472359120845795,0.11379629499278962,0.0,0.0,0.0
5.596,0.2,0.19472402334213257,0.11379629499278962,0.0,0.0,0.0
5.597,0.2,0.1947244554758072,0.11379629499278962,0.0,0.0,0.0
5.598,0.2,0.19472487270832062,0.11379629499278962,0.0,0.0,0.0
5.599,0.2,0.19472530484199524,0.11379629499278962,0.0,0.0,0.0
5.6000000000000005,0.2,0.19472573697566986,0.11379629499278962,0.0,0.0,0.0
5.601,0.2,0.1947261542081833,0.11379629499278962,0.0,0.0,0.0
5.602,0.2,0.1947265863418579,0.11379629499278962,0.0,0.0,0.0
5.603,0.2,0.19472701847553253,0.11379629499278962,0.0,0.0,0.0
5.604,0.2,0.19472743570804596,0.11379629499278962,0.0,0.0,0.0
5.605,0.2,0.19472786784172058,0.11379629499278962,0.0,0.0,0.0
5.606,0.2,0.1947282999753952,0.11379629499278962,0.0,0.0,0.0
5.607,0.2,0.19472873210906982,0.11379629499278962,0.0,0.0,0.0
5.6080000000000005,0.2,0.19472914934158325,0.11379629499278962,0.0,0.0,0.0
5.609,0.2,0.19472958147525787,0.11379629499278962,0.0,0.0,0.0
5.61,0.2,0.1947300136089325,0.11379629499278962,0.0,0.0,0.0
5.611,0.2,0.19473043084144592,0.11379629499278962,0.0,0.0,0.0
5.612,0.2,0.19473086297512054,0.11379629499278962,0.0,0.0,0.0
5.613,0.2,0.19473128020763397,0.11379629499278962,0.0,0.0,0.0
5.614,0.2,0.1947317123413086,0.11379629499278962,0.0,0.0,0.0
5.615,0.2,0.19473214447498322,0.11379629499278962,0.0,0.0,0.0
5.6160000000000005,0.2,0.19473256170749664,0.11379629499278962,0.0,0.0,0.0
5.617,0.2,0.19473299384117126,0.11379629499278962,0.0,0.0,0.0
5.618,0.2,0.1947334259748459,0.11379629499278962,0.0,0.0,0.0
5.619,0.2,0.19473384320735931,0.11379629499278962,0.0,0.0,0.0
5.62,0.2,0.19473427534103394,0.11379629499278962,0.0,0.0,0.0
5.621,0.2,0.19473470747470856,0.11379629499278962,0.0,0.0,0.0
5.622,0.2,0.19473512470722198,0.11379629499278962,0.0,0.0,0.0
5.623,0.2,0.1947355568408966,0.11379629499278962,0.0,0.0,0.0
5.6240000000000006,0.2,0.19473598897457123,0.11379629499278962,0.0,0.0,0.0
5.625,0.2,0.19473640620708466,0.11379629499278962,0.0,0.0,0.0
5.626,0.2,0.19473683834075928,0.11379629499278962,0.0,0.0,0.0
5.627,0.2,0.1947372704744339,0.11379629499278962,0.0,0.0,0.0
5.628,0.2,0.19473768770694733,0.11379629499278962,0.0,0.0,0.0
5.6290000000000004,0.2,0.19473811984062195,0.11379629499278962,0.0,0.0,0.0
5.63,0.2,0.19473853707313538,0.11379629499278962,0.0,0.0,0.0
5.631,0.2,0.19473896920681,0.11379629499278962,0.0,0.0,0.0
5.632,0.2,0.19473940134048462,0.11379629499278962,0.0,0.0,0.0
5.633,0.2,0.19473981857299805,0.11379629499278962,0.0,0.0,0.0
5.634,0.2,0.19474025070667267,0.11379629499278962,0.0,0.0,0.0
5.635,0.2,0.1947406679391861,0.11379629499278962,0.0,0.0,0.0
5.636,0.2,0.19474110007286072,0.11379629499278962,0.0,0.0,0.0
5.6370000000000005,0.2,0.19474153220653534,0.11379629499278962,0.0,0.0,0.0
5.638,0.2,0.19474194943904877,0.11379629499278962,0.0,0.0,0.0
5.639,0.2,0.1947423815727234,0.11379629499278962,0.0,0.0,0.0
5.64,0.2,0.19474279880523682,0.11379629499278962,0.0,0.0,0.0
5.641,0.2,0.19474323093891144,0.11379629499278962,0.0,0.0,0.0
5.642,0.2,0.19474366307258606,0.11379629499278962,0.0,0.0,0.0
5.643,0.2,0.1947440803050995,0.11379629499278962,0.0,0.0,0.0
5.644,0.2,0.1947445124387741,0.11379629499278962,0.0,0.0,0.0
5.6450000000000005,0.2,0.19474492967128754,0.11379629499278962,0.0,0.0,0.0
5.646,0.2,0.19474536180496216,0.11379629499278962,0.0,0.0,0.0
5.647,0.2,0.19474579393863678,0.11379629499278962,0.0,0.0,0.0
5.648,0.2,0.1947462111711502,0.11379629499278962,0.0,0.0,0.0
5.649,0.2,0.19474664330482483,0.11379629499278962,0.0,0.0,0.0
5.65,0.2,0.19474706053733826,0.11379629499278962,0.0,0.0,0.0
5.651,0.2,0.19474749267101288,0.11379629499278962,0.0,0.0,0.0
5.652,0.2,0.1947479248046875,0.11379629499278962,0.0,0.0,0.0
5.6530000000000005,0.2,0.19474834203720093,0.11379629499278962,0.0,0.0,0.0
5.654,0.2,0.19474877417087555,0.11379629499278962,0.0,0.0,0.0
5.655,0.2,0.19474919140338898,0.11379629499278962,0.0,0.0,0.0
5.656,0.2,0.1947496235370636,0.11379629499278962,0.0,0.0,0.0
5.657,0.2,0.19475004076957703,0.11379629499278962,0.0,0.0,0.0
5.658,0.2,0.19475047290325165,0.11379629499278962,0.0,0.0,0.0
5.659,0.2,0.19475089013576508,0.11379629499278962,0.0,0.0,0.0
5.66,0.2,0.1947513222694397,0.11379629499278962,0.0,0.0,0.0
5.6610000000000005,0.2,0.19475175440311432,0.11379629499278962,0.0,0.0,0.0
5.662,0.2,0.19475217163562775,0.11379629499278962,0.0,0.0,0.0
5.663,0.2,0.19475260376930237,0.11379629499278962,0.0,0.0,0.0
5.664,0.2,0.1947530210018158,0.11379629499278962,0.0,0.0,0.0
5.665,0.2,0.19475345313549042,0.11379629499278962,0.0,0.0,0.0
5.666,0.2,0.19475387036800385,0.11379629499278962,0.0,0.0,0.0
5.667,0.2,0.19475430250167847,0.11379629499278962,0.0,0.0,0.0
5.668,0.2,0.1947547197341919,0.11379629499278962,0.0,0.0,0.0
5.6690000000000005,0.2,0.19475515186786652,0.11379629499278962,0.0,0.0,0.0
5.67,0.2,0.19475556910037994,0.11379629499278962,0.0,0.0,0.0
5.671,0.2,0.19475600123405457,0.11379629499278962,0.0,0.0,0.0
5.672,0.2,0.194756418466568,0.11379629499278962,0.0,0.0,0.0
5.673,0.2,0.19475685060024261,0.11379629499278962,0.0,0.0,0.0
5.674,0.2,0.19475726783275604,0.11379629499278962,0.0,0.0,0.0
5.675,0.2,0.19475769996643066,0.11379629499278962,0.0,0.0,0.0
5.676,0.2,0.19475813210010529,0.11379629499278962,0.0,0.0,0.0
5.6770000000000005,0.2,0.1947585493326187,0.11379629499278962,0.0,0.0,0.0
5.678,0.2,0.19475898146629333,0.11379629499278962,0.0,0.0,0.0
5.679,0.2,0.19475939869880676,0.11379629499278962,0.0,0.0,0.0
5.68,0.2,0.19475983083248138,0.11379629499278962,0.0,0.0,0.0
5.681,0.2,0.1947602480649948,0.11379629499278962,0.0,0.0,0.0
5.682,0.2,0.19476068019866943,0.11379629499278962,0.0,0.0,0.0
5.683,0.2,0.19476109743118286,0.11379629499278962,0.0,0.0,0.0
5.684,0.2,0.1947615146636963,0.11379629499278962,0.0,0.0,0.0
5.6850000000000005,0.2,0.1947619467973709,0.11379629499278962,0.0,0.0,0.0
5.686,0.2,0.19476237893104553,0.11379629499278962,0.0,0.0,0.0
5.687,0.2,0.19476279616355896,0.11379629499278962,0.0,0.0,0.0
5.688,0.2,0.1947632133960724,0.11379629499278962,0.0,0.0,0.0
5.689,0.2,0.194763645529747,0.11379629499278962,0.0,0.0,0.0
5.69,0.2,0.19476406276226044,0.11379629499278962,0.0,0.0,0.0
5.691,0.2,0.19476449489593506,0.11379629499278962,0.0,0.0,0.0
5.692,0.2,0.1947649121284485,0.11379629499278962,0.0,0.0,0.0
5.6930000000000005,0.2,0.1947653442621231,0.11379629499278962,0.0,0.0,0.0
5.694,0.2,0.19476576149463654,0.11379629499278962,0.0,0.0,0.0
5.695,0.2,0.19476619362831116,0.11379629499278962,0.0,0.0,0.0
5.696,0.2,0.19476661086082458,0.11379629499278962,0.0,0.0,0.0
5.697,0.2,0.1947670429944992,0.11379629499278962,0.0,0.0,0.0
5.698,0.2,0.19476746022701263,0.11379629499278962,0.0,0.0,0.0
5.699,0.2,0.19476789236068726,0.11379629499278962,0.0,0.0,0.0
5.7,0.2,0.19476830959320068,0.11379629499278962,0.0,0.0,0.0
5.7010000000000005,0.2,0.1947687417268753,0.11379629499278962,0.0,0.0,0.0
5.702,0.2,0.19476915895938873,0.11379629499278962,0.0,0.0,0.0
5.703,0.2,0.19476959109306335,0.11379629499278962,0.0,0.0,0.0
5.704,0.2,0.19477000832557678,0.11379629499278962,0.0,0.0,0.0
5.705,0.2,0.1947704255580902,0.11379629499278962,0.0,0.0,0.0
5.706,0.2,0.19477085769176483,0.11379629499278962,0.0,0.0,0.0
5.707,0.2,0.19477127492427826,0.11379629499278962,0.0,0.0,0.0
5.708,0.2,0.19477170705795288,0.11379629499278962,0.0,0.0,0.0
5.7090000000000005,0.2,0.1947721242904663,0.11379629499278962,0.0,0.0,0.0
5.71,0.2,0.19477255642414093,0.11379629499278962,0.0,0.0,0.0
5.711,0.2,0.19477297365665436,0.11379629499278962,0.0,0.0,0.0
5.712,0.2,0.19477340579032898,0.11379629499278962,0.0,0.0,0.0
5.713,0.2,0.1947738230228424,0.11379629499278962,0.0,0.0,0.0
5.714,0.2,0.19477424025535583,0.11379629499278962,0.0,0.0,0.0
5.715,0.2,0.19477467238903046,0.11379629499278962,0.0,0.0,0.0
5.716,0.2,0.19477508962154388,0.11379629499278962,0.0,0.0,0.0
5.7170000000000005,0.2,0.1947755217552185,0.11379629499278962,0.0,0.0,0.0
5.718,0.2,0.19477593898773193,0.11379629499278962,0.0,0.0,0.0
5.719,0.2,0.19477635622024536,0.11379629499278962,0.0,0.0,0.0
5.72,0.2,0.19477678835391998,0.11379629499278962,0.0,0.0,0.0
5.721,0.2,0.1947772055864334,0.11379629499278962,0.0,0.0,0.0
5.722,0.2,0.19477763772010803,0.11379629499278962,0.0,0.0,0.0
5.723,0.2,0.19477805495262146,0.11379629499278962,0.0,0.0,0.0
5.724,0.2,0.19477848708629608,0.11379629499278962,0.0,0.0,0.0
5.7250000000000005,0.2,0.1947789043188095,0.11379629499278962,0.0,0.0,0.0
5.726,0.2,0.19477932155132294,0.11379629499278962,0.0,0.0,0.0
5.727,0.2,0.19477975368499756,0.11379629499278962,0.0,0.0,0.0
5.728,0.2,0.194780170917511,0.11379629499278962,0.0,0.0,0.0
5.729,0.2,0.1947806030511856,0.11379629499278962,0.0,0.0,0.0
5.73,0.2,0.19478102028369904,0.11379629499278962,0.0,0.0,0.0
5.731,0.2,0.19478143751621246,0.11379629499278962,0.0,0.0,0.0
5.732,0.2,0.19478186964988708,0.11379629499278962,0.0,0.0,0.0
5.7330000000000005,0.2,0.1947822868824005,0.11379629499278962,0.0,0.0,0.0
5.734,0.2,0.19478270411491394,0.11379629499278962,0.0,0.0,0.0
5.735,0.2,0.19478313624858856,0.11379629499278962,0.0,0.0,0.0
5.736,0.2,0.194783553481102,0.11379629499278962,0.0,0.0,0.0
5.737,0.2,0.1947839856147766,0.11379629499278962,0.0,0.0,0.0
5.738,0.2,0.19478440284729004,0.11379629499278962,0.0,0.0,0.0
5.739,0.2,0.19478482007980347,0.11379629499278962,0.0,0.0,0.0
5.74,0.2,0.1947852522134781,0.11379629499278962,0.0,0.0,0.0
5.7410000000000005,0.2,0.19478566944599152,0.11379629499278962,0.0,0.0,0.0
5.742,0.2,0.19478608667850494,0.11379629499278962,0.0,0.0,0.0
5.743,0.2,0.19478651881217957,0.11379629499278962,0.0,0.0,0.0
5.744,0.2,0.194786936044693,0.11379629499278962,0.0,0.0,0.0
5.745,0.2,0.19478735327720642,0.11379629499278962,0.0,0.0,0.0
5.746,0.2,0.19478778541088104,0.11379629499278962,0.0,0.0,0.0
5.747,0.2,0.19478820264339447,0.11379629499278962,0.0,0.0,0.0
5.748,0.2,0.1947886347770691,0.11379629499278962,0.0,0.0,0.0
5.7490000000000006,0.2,0.19478905200958252,0.11379629499278962,0.0,0.0,0.0
5.75,0.2,0.19478946924209595,0.11379629499278962,0.0,0.0,0.0
5.751,0.2,0.19478990137577057,0.11379629499278962,0.0,0.0,0.0
5.752,0.2,0.194790318608284,0.11379629499278962,0.0,0.0,0.0
5.753,0.2,0.19479073584079742,0.11379629499278962,0.0,0.0,0.0
5.7540000000000004,0.2,0.19479116797447205,0.11379629499278962,0.0,0.0,0.0
5.755,0.2,0.19479158520698547,0.11379629499278962,0.0,0.0,0.0
5.756,0.2,0.1947920024394989,0.11379629499278962,0.0,0.0,0.0
5.757000000000001,0.2,0.19479243457317352,0.11379629499278962,0.0,0.0,0.0
5.758,0.2,0.19479285180568695,0.11379629499278962,0.0,0.0,0.0
5.759,0.2,0.19479326903820038,0.11379629499278962,0.0,0.0,0.0
5.76,0.2,0.194793701171875,0.11379629499278962,0.0,0.0,0.0
5.761,0.2,0.19479411840438843,0.11379629499278962,0.0,0.0,0.0
5.7620000000000005,0.2,0.19479453563690186,0.11379629499278962,0.0,0.0,0.0
5.763,0.2,0.19479495286941528,0.11379629499278962,0.0,0.0,0.0
5.764,0.2,0.1947953850030899,0.11379629499278962,0.0,0.0,0.0
5.765,0.2,0.19479580223560333,0.11379629499278962,0.0,0.0,0.0
5.766,0.2,0.19479621946811676,0.11379629499278962,0.0,0.0,0.0
5.767,0.2,0.19479665160179138,0.11379629499278962,0.0,0.0,0.0
5.768,0.2,0.1947970688343048,0.11379629499278962,0.0,0.0,0.0
5.769,0.2,0.19479748606681824,0.11379629499278962,0.0,0.0,0.0
5.7700000000000005,0.2,0.19479791820049286,0.11379629499278962,0.0,0.0,0.0
5.771,0.2,0.1947983354330063,0.11379629499278962,0.0,0.0,0.0
5.772,0.2,0.19479875266551971,0.11379629499278962,0.0,0.0,0.0
5.773,0.2,0.19479918479919434,0.11379629499278962,0.0,0.0,0.0
5.774,0.2,0.19479960203170776,0.11379629499278962,0.0,0.0,0.0
5.775,0.2,0.1948000192642212,0.11379629499278962,0.0,0.0,0.0
5.776,0.2,0.19480043649673462,0.11379629499278962,0.0,0.0,0.0
5.777,0.2,0.19480086863040924,0.11379629499278962,0.0,0.0,0.0
5.7780000000000005,0.2,0.19480128586292267,0.11379629499278962,0.0,0.0,0.0
5.779,0.2,0.1948017030954361,0.11379629499278962,0.0,0.0,0.0
5.78,0.2,0.19480213522911072,0.11379629499278962,0.0,0.0,0.0
5.781,0.2,0.19480255246162415,0.11379629499278962,0.0,0.0,0.0
5.782,0.2,0.19480296969413757,0.11379629499278962,0.0,0.0,0.0
5.783,0.2,0.194803386926651,0.11379629499278962,0.0,0.0,0.0
5.784,0.2,0.19480381906032562,0.11379629499278962,0.0,0.0,0.0
5.785,0.2,0.19480423629283905,0.11379629499278962,0.0,0.0,0.0
5.7860000000000005,0.2,0.19480465352535248,0.11379629499278962,0.0,0.0,0.0
5.787,0.2,0.1948050707578659,0.11379629499278962,0.0,0.0,0.0
5.788,0.2,0.19480550289154053,0.11379629499278962,0.0,0.0,0.0
5.789,0.2,0.19480592012405396,0.11379629499278962,0.0,0.0,0.0
5.79,0.2,0.19480633735656738,0.11379629499278962,0.0,0.0,0.0
5.791,0.2,0.1948067545890808,0.11379629499278962,0.0,0.0,0.0
5.792,0.2,0.19480718672275543,0.11379629499278962,0.0,0.0,0.0
5.793,0.2,0.19480760395526886,0.11379629499278962,0.0,0.0,0.0
5.7940000000000005,0.2,0.1948080211877823,0.11379629499278962,0.0,0.0,0.0
5.795,0.2,0.19480843842029572,0.11379629499278962,0.0,0.0,0.0
5.796,0.2,0.19480887055397034,0.11379629499278962,0.0,0.0,0.0
5.797,0.2,0.19480928778648376,0.11379629499278962,0.0,0.0,0.0
5.798,0.2,0.1948097050189972,0.11379629499278962,0.0,0.0,0.0
5.799,0.2,0.19481012225151062,0.11379629499278962,0.0,0.0,0.0
5.8,0.2,0.19481055438518524,0.11379629499278962,0.0,0.0,0.0
5.801,0.2,0.19481097161769867,0.11379629499278962,0.0,0.0,0.0
5.8020000000000005,0.2,0.1948113888502121,0.11379629499278962,0.0,0.0,0.0
5.803,0.2,0.19481180608272552,0.11379629499278962,0.0,0.0,0.0
5.804,0.2,0.19481222331523895,0.11379629499278962,0.0,0.0,0.0
5.805,0.2,0.19481265544891357,0.11379629499278962,0.0,0.0,0.0
5.806,0.2,0.194813072681427,0.11379629499278962,0.0,0.0,0.0
5.807,0.2,0.19481348991394043,0.11379629499278962,0.0,0.0,0.0
5.808,0.2,0.19481390714645386,0.11379629499278962,0.0,0.0,0.0
5.809,0.2,0.19481433928012848,0.11379629499278962,0.0,0.0,0.0
5.8100000000000005,0.2,0.1948147565126419,0.11379629499278962,0.0,0.0,0.0
5.811,0.2,0.19481517374515533,0.11379629499278962,0.0,0.0,0.0
5.812,0.2,0.19481559097766876,0.11379629499278962,0.0,0.0,0.0
5.813,0.2,0.1948160082101822,0.11379629499278962,0.0,0.0,0.0
5.814,0.2,0.1948164403438568,0.11379629499278962,0.0,0.0,0.0
5.815,0.2,0.19481685757637024,0.11379629499278962,0.0,0.0,0.0
5.816,0.2,0.19481727480888367,0.11379629499278962,0.0,0.0,0.0
5.817,0.2,0.1948176920413971,0.11379629499278962,0.0,0.0,0.0
5.8180000000000005,0.2,0.19481810927391052,0.11379629499278962,0.0,0.0,0.0
5.819,0.2,0.19481852650642395,0.11379629499278962,0.0,0.0,0.0
5.82,0.2,0.19481895864009857,0.11379629499278962,0.0,0.0,0.0
5.821,0.2,0.194819375872612,0.11379629499278962,0.0,0.0,0.0
5.822,0.2,0.19481979310512543,0.11379629499278962,0.0,0.0,0.0
5.823,0.2,0.19482021033763885,0.11379629499278962,0.0,0.0,0.0
5.824,0.2,0.19482062757015228,0.11379629499278962,0.0,0.0,0.0
5.825,0.2,0.1948210597038269,0.11379629499278962,0.0,0.0,0.0
5.8260000000000005,0.2,0.19482147693634033,0.11379629499278962,0.0,0.0,0.0
5.827,0.2,0.19482189416885376,0.11379629499278962,0.0,0.0,0.0
5.828,0.2,0.1948223114013672,0.11379629499278962,0.0,0.0,0.0
5.829,0.2,0.19482272863388062,0.11379629499278962,0.0,0.0,0.0
5.83,0.2,0.19482314586639404,0.11379629499278962,0.0,0.0,0.0
5.831,0.2,0.19482357800006866,0.11379629499278962,0.0,0.0,0.0
5.832,0.2,0.1948239952325821,0.11379629499278962,0.0,0.0,0.0
5.833,0.2,0.19482441246509552,0.11379629499278962,0.0,0.0,0.0
5.8340000000000005,0.2,0.19482482969760895,0.11379629499278962,0.0,0.0,0.0
5.835,0.2,0.19482524693012238,0.11379629499278962,0.0,0.0,0.0
5.836,0.2,0.1948256641626358,0.11379629499278962,0.0,0.0,0.0
5.837,0.2,0.19482608139514923,0.11379629499278962,0.0,0.0,0.0
5.838,0.2,0.19482651352882385,0.11379629499278962,0.0,0.0,0.0
5.839,0.2,0.19482693076133728,0.11379629499278962,0.0,0.0,0.0
5.84,0.2,0.1948273479938507,0.11379629499278962,0.0,0.0,0.0
5.841,0.2,0.19482776522636414,0.11379629499278962,0.0,0.0,0.0
5.8420000000000005,0.2,0.19482818245887756,0.11379629499278962,0.0,0.0,0.0
5.843,0.2,0.194828599691391,0.11379629499278962,0.0,0.0,0.0
5.844,0.2,0.19482901692390442,0.11379629499278962,0.0,0.0,0.0
5.845,0.2,0.19482944905757904,0.11379629499278962,0.0,0.0,0.0
5.846,0.2,0.19482986629009247,0.11379629499278962,0.0,0.0,0.0
5.847,0.2,0.1948302835226059,0.11379629499278962,0.0,0.0,0.0
5.848,0.2,0.19483070075511932,0.11379629499278962,0.0,0.0,0.0
5.849,0.2,0.19483111798763275,0.11379629499278962,0.0,0.0,0.0
5.8500000000000005,0.2,0.19483153522014618,0.11379629499278962,0.0,0.0,0.0
5.851,0.2,0.1948319524526596,0.11379629499278962,0.0,0.0,0.0
5.852,0.2,0.19483236968517303,0.11379629499278962,0.0,0.0,0.0
5.853,0.2,0.19483280181884766,0.11379629499278962,0.0,0.0,0.0
5.854,0.2,0.19483321905136108,0.11379629499278962,0.0,0.0,0.0
5.855,0.2,0.1948336362838745,0.11379629499278962,0.0,0.0,0.0
5.856,0.2,0.19483405351638794,0.11379629499278962,0.0,0.0,0.0
5.857,0.2,0.19483447074890137,0.11379629499278962,0.0,0.0,0.0
5.8580000000000005,0.2,0.1948348879814148,0.11379629499278962,0.0,0.0,0.0
5.859,0.2,0.19483530521392822,0.11379629499278962,0.0,0.0,0.0
5.86,0.2,0.19483572244644165,0.11379629499278962,0.0,0.0,0.0
5.861,0.2,0.19483613967895508,0.11379629499278962,0.0,0.0,0.0
5.862,0.2,0.1948365569114685,0.11379629499278962,0.0,0.0,0.0
5.863,0.2,0.19483697414398193,0.11379629499278962,0.0,0.0,0.0
5.864,0.2,0.19483740627765656,0.11379629499278962,0.0,0.0,0.0
5.865,0.2,0.19483782351016998,0.11379629499278962,0.0,0.0,0.0
5.8660000000000005,0.2,0.1948382407426834,0.11379629499278962,0.0,0.0,0.0
5.867,0.2,0.19483865797519684,0.11379629499278962,0.0,0.0,0.0
5.868,0.2,0.19483907520771027,0.11379629499278962,0.0,0.0,0.0
5.869,0.2,0.1948394924402237,0.11379629499278962,0.0,0.0,0.0
5.87,0.2,0.19483990967273712,0.11379629499278962,0.0,0.0,0.0
5.871,0.2,0.19484032690525055,0.11379629499278962,0.0,0.0,0.0
5.872,0.2,0.19484074413776398,0.11379629499278962,0.0,0.0,0.0
5.873,0.2,0.1948411613702774,0.11379629499278962,0.0,0.0,0.0
5.8740000000000006,0.2,0.19484157860279083,0.11379629499278962,0.0,0.0,0.0
5.875,0.2,0.19484199583530426,0.11379629499278962,0.0,0.0,0.0
5.876,0.2,0.1948424130678177,0.11379629499278962,0.0,0.0,0.0
5.877,0.2,0.19484283030033112,0.11379629499278962,0.0,0.0,0.0
5.878,0.2,0.19484326243400574,0.11379629499278962,0.0,0.0,0.0
5.8790000000000004,0.2,0.19484367966651917,0.11379629499278962,0.0,0.0,0.0
5.88,0.2,0.1948440968990326,0.11379629499278962,0.0,0.0,0.0
5.881,0.2,0.19484451413154602,0.11379629499278962,0.0,0.0,0.0
5.882000000000001,0.2,0.19484493136405945,0.11379629499278962,0.0,0.0,0.0
5.883,0.2,0.19484534859657288,0.11379629499278962,0.0,0.0,0.0
5.884,0.2,0.1948457658290863,0.11379629499278962,0.0,0.0,0.0
5.885,0.2,0.19484618306159973,0.11379629499278962,0.0,0.0,0.0
5.886,0.2,0.19484660029411316,0.11379629499278962,0.0,0.0,0.0
5.8870000000000005,0.2,0.1948470175266266,0.11379629499278962,0.0,0.0,0.0
5.888,0.2,0.19484743475914001,0.11379629499278962,0.0,0.0,0.0
5.889,0.2,0.19484785199165344,0.11379629499278962,0.0,0.0,0.0
5.89,0.2,0.19484826922416687,0.11379629499278962,0.0,0.0,0.0
5.891,0.2,0.1948486864566803,0.11379629499278962,0.0,0.0,0.0
5.892,0.2,0.19484910368919373,0.11379629499278962,0.0,0.0,0.0
5.893,0.2,0.19484952092170715,0.11379629499278962,0.0,0.0,0.0
5.894,0.2,0.19484993815422058,0.11379629499278962,0.0,0.0,0.0
5.8950000000000005,0.2,0.194850355386734,0.11379629499278962,0.0,0.0,0.0
5.896,0.2,0.19485077261924744,0.11379629499278962,0.0,0.0,0.0
5.897,0.2,0.19485118985176086,0.11379629499278962,0.0,0.0,0.0
5.898,0.2,0.1948516070842743,0.11379629499278962,0.0,0.0,0.0
5.899,0.2,0.19485202431678772,0.11379629499278962,0.0,0.0,0.0
5.9,0.2,0.19485244154930115,0.11379629499278962,0.0,0.0,0.0
5.901,0.2,0.19485285878181458,0.11379629499278962,0.0,0.0,0.0
5.902,0.2,0.194853276014328,0.11379629499278962,0.0,0.0,0.0
5.9030000000000005,0.2,0.19485369324684143,0.11379629499278962,0.0,0.0,0.0
5.904,0.2,0.19485411047935486,0.11379629499278962,0.0,0.0,0.0
5.905,0.2,0.1948545277118683,0.11379629499278962,0.0,0.0,0.0
5.906,0.2,0.1948549449443817,0.11379629499278962,0.0,0.0,0.0
5.907,0.2,0.19485536217689514,0.11379629499278962,0.0,0.0,0.0
5.908,0.2,0.19485577940940857,0.11379629499278962,0.0,0.0,0.0
5.909,0.2,0.194856196641922,0.11379629499278962,0.0,0.0,0.0
5.91,0.2,0.19485661387443542,0.11379629499278962,0.0,0.0,0.0
5.9110000000000005,0.2,0.19485703110694885,0.11379629499278962,0.0,0.0,0.0
5.912,0.2,0.19485744833946228,0.11379629499278962,0.0,0.0,0.0
5.913,0.2,0.1948578655719757,0.11379629499278962,0.0,0.0,0.0
5.914,0.2,0.19485828280448914,0.11379629499278962,0.0,0.0,0.0
5.915,0.2,0.19485870003700256,0.11379629499278962,0.0,0.0,0.0
5.916,0.2,0.194859117269516,0.11379629499278962,0.0,0.0,0.0
5.917,0.2,0.19485953450202942,0.11379629499278962,0.0,0.0,0.0
5.918,0.2,0.19485995173454285,0.11379629499278962,0.0,0.0,0.0
5.9190000000000005,0.2,0.19486036896705627,0.11379629499278962,0.0,0.0,0.0
5.92,0.2,0.1948607861995697,0.11379629499278962,0.0,0.0,0.0
5.921,0.2,0.19486118853092194,0.11379629499278962,0.0,0.0,0.0
5.922,0.2,0.19486160576343536,0.11379629499278962,0.0,0.0,0.0
5.923,0.2,0.1948620229959488,0.11379629499278962,0.0,0.0,0.0
5.924,0.2,0.19486244022846222,0.11379629499278962,0.0,0.0,0.0
5.925,0.2,0.19486285746097565,0.11379629499278962,0.0,0.0,0.0
5.926,0.2,0.19486327469348907,0.11379629499278962,0.0,0.0,0.0
5.9270000000000005,0.2,0.1948636919260025,0.11379629499278962,0.0,0.0,0.0
5.928,0.2,0.19486410915851593,0.11379629499278962,0.0,0.0,0.0
5.929,0.2,0.19486452639102936,0.11379629499278962,0.0,0.0,0.0
5.93,0.2,0.19486494362354279,0.11379629499278962,0.0,0.0,0.0
5.931,0.2,0.1948653608560562,0.11379629499278962,0.0,0.0,0.0
5.932,0.2,0.19486577808856964,0.11379629499278962,0.0,0.0,0.0
5.933,0.2,0.19486619532108307,0.11379629499278962,0.0,0.0,0.0
5.934,0.2,0.1948666125535965,0.11379629499278962,0.0,0.0,0.0
5.9350000000000005,0.2,0.19486702978610992,0.11379629499278962,0.0,0.0,0.0
5.936,0.2,0.19486744701862335,0.11379629499278962,0.0,0.0,0.0
5.937,0.2,0.19486786425113678,0.11379629499278962,0.0,0.0,0.0
5.938,0.2,0.194868266582489,0.11379629499278962,0.0,0.0,0.0
5.939,0.2,0.19486868381500244,0.11379629499278962,0.0,0.0,0.0
5.94,0.2,0.19486910104751587,0.11379629499278962,0.0,0.0,0.0
5.941,0.2,0.1948695182800293,0.11379629499278962,0.0,0.0,0.0
5.942,0.2,0.19486993551254272,0.11379629499278962,0.0,0.0,0.0
5.9430000000000005,0.2,0.19487035274505615,0.11379629499278962,0.0,0.0,0.0
5.944,0.2,0.19487076997756958,0.11379629499278962,0.0,0.0,0.0
5.945,0.2,0.194871187210083,0.11379629499278962,0.0,0.0,0.0
5.946,0.2,0.19487160444259644,0.11379629499278962,0.0,0.0,0.0
5.947,0.2,0.19487202167510986,0.11379629499278962,0.0,0.0,0.0
5.948,0.2,0.1948724389076233,0.11379629499278962,0.0,0.0,0.0
5.949,0.2,0.19487284123897552,0.11379629499278962,0.0,0.0,0.0
5.95,0.2,0.19487325847148895,0.11379629499278962,0.0,0.0,0.0
5.9510000000000005,0.2,0.19487367570400238,0.11379629499278962,0.0,0.0,0.0
5.952,0.2,0.1948740929365158,0.11379629499278962,0.0,0.0,0.0
5.953,0.2,0.19487451016902924,0.11379629499278962,0.0,0.0,0.0
5.954,0.2,0.19487492740154266,0.11379629499278962,0.0,0.0,0.0
5.955,0.2,0.1948753446340561,0.11379629499278962,0.0,0.0,0.0
5.956,0.2,0.19487576186656952,0.11379629499278962,0.0,0.0,0.0
5.957,0.2,0.19487616419792175,0.11379629499278962,0.0,0.0,0.0
5.958,0.2,0.19487658143043518,0.11379629499278962,0.0,0.0,0.0
5.9590000000000005,0.2,0.1948769986629486,0.11379629499278962,0.0,0.0,0.0
5.96,0.2,0.19487741589546204,0.11379629499278962,0.0,0.0,0.0
5.961,0.2,0.19487783312797546,0.11379629499278962,0.0,0.0,0.0
5.962,0.2,0.1948782503604889,0.11379629499278962,0.0,0.0,0.0
5.963,0.2,0.19487866759300232,0.11379629499278962,0.0,0.0,0.0
5.964,0.2,0.19487906992435455,0.11379629499278962,0.0,0.0,0.0
5.965,0.2,0.19487948715686798,0.11379629499278962,0.0,0.0,0.0
5.966,0.2,0.1948799043893814,0.11379629499278962,0.0,0.0,0.0
5.9670000000000005,0.2,0.19488032162189484,0.11379629499278962,0.0,0.0,0.0
5.968,0.2,0.19488073885440826,0.11379629499278962,0.0,0.0,0.0
5.969,0.2,0.1948811560869217,0.11379629499278962,0.0,0.0,0.0
5.97,0.2,0.19488157331943512,0.11379629499278962,0.0,0.0,0.0
5.971,0.2,0.19488197565078735,0.11379629499278962,0.0,0.0,0.0
5.972,0.2,0.19488239288330078,0.11379629499278962,0.0,0.0,0.0
5.973,0.2,0.1948828101158142,0.11379629499278962,0.0,0.0,0.0
5.974,0.2,0.19488322734832764,0.11379629499278962,0.0,0.0,0.0
5.9750000000000005,0.2,0.19488364458084106,0.11379629499278962,0.0,0.0,0.0
5.976,0.2,0.1948840618133545,0.11379629499278962,0.0,0.0,0.0
5.977,0.2,0.19488446414470673,0.11379629499278962,0.0,0.0,0.0
5.978,0.2,0.19488488137722015,0.11379629499278962,0.0,0.0,0.0
5.979,0.2,0.19488529860973358,0.11379629499278962,0.0,0.0,0.0
5.98,0.2,0.194885715842247,0.11379629499278962,0.0,0.0,0.0
5.981,0.2,0.19488613307476044,0.11379629499278962,0.0,0.0,0.0
5.982,0.2,0.19488655030727386,0.11379629499278962,0.0,0.0,0.0
5.9830000000000005,0.2,0.1948869526386261,0.11379629499278962,0.0,0.0,0.0
5.984,0.2,0.19488736987113953,0.11379629499278962,0.0,0.0,0.0
5.985,0.2,0.19488778710365295,0.11379629499278962,0.0,0.0,0.0
5.986,0.2,0.19488820433616638,0.11379629499278962,0.0,0.0,0.0
5.987,0.2,0.1948886215686798,0.11379629499278962,0.0,0.0,0.0
5.988,0.2,0.19488902390003204,0.11379629499278962,0.0,0.0,0.0
5.989,0.2,0.19488944113254547,0.11379629499278962,0.0,0.0,0.0
5.99,0.2,0.1948898583650589,0.11379629499278962,0.0,0.0,0.0
5.9910000000000005,0.2,0.19489027559757233,0.11379629499278962,0.0,0.0,0.0
5.992,0.2,0.19489069283008575,0.11379629499278962,0.0,0.0,0.0
5.993,0.2,0.194891095161438,0.11379629499278962,0.0,0.0,0.0
5.994,0.2,0.19489151239395142,0.11379629499278962,0.0,0.0,0.0
5.995,0.2,0.19489192962646484,0.11379629499278962,0.0,0.0,0.0
5.996,0.2,0.19489234685897827,0.11379629499278962,0.0,0.0,0.0
5.997,0.2,0.1948927640914917,0.11379629499278962,0.0,0.0,0.0
5.998,0.2,0.19489316642284393,0.11379629499278962,0.0,0.0,0.0
5.9990000000000006,0.2,0.19489358365535736,0.11379629499278962,0.0,0.0,0.0
