time,command,measured,model,cross1,cross2,yaw
0.0,0.0,0.0,0.5893974483199418,0.0,0.0,0.0
0.001,0.0,0.0,0.5893974483199418,0.0,0.0,0.0
0.002,0.0,0.0,0.5893974483199418,0.0,0.0,0.0
0.003,0.0,0.0,0.5893974483199418,0.0,0.0,0.0
0.004,0.0,0.0,0.5893974483199418,0.0,0.0,0.0
0.005,0.0,0.0,0.5893974483199418,0.0,0.0,0.0
0.006,0.0,0.0,0.5893974483199418,0.0,0.0,0.0
0.007,0.0,0.0,0.5893974483199418,0.0,0.0,0.0
0.008,0.0,0.0,0.5893974483199418,0.0,0.0,0.0
0.009000000000000001,0.0,0.0,0.5893974483199418,0.0,0.0,0.0
0.01,0.0,0.0,0.5893974483199418,0.0,0.0,0.0
0.011,0.0,0.0,0.5893974483199418,0.0,0.0,0.0
0.012,0.0,0.0,0.5893974483199418,0.0,0.0,0.0
0.013000000000000001,0.0,0.0,0.5893974483199418,0.0,0.0,0.0
0.014,0.0,0.0,0.5893974483199418,0.0,0.0,0.0
0.015,0.0,0.0,0.5893974483199418,0.0,0.0,0.0
0.016,0.0,0.0,0.5893974483199418,0.0,0.0,0.0
0.017,0.0,0.0,0.5893974483199418,0.0,0.0,0.0
0.018000000000000002,0.0,0.0,0.5893974483199418,0.0,0.0,0.0
0.019,0.0,0.0,0.5893974483199418,0.0,0.0,0.0
0.02,0.0,0.0,0.5893974483199418,0.0,0.0,0.0
0.021,0.0,0.0,0.5893974483199418,0.0,0.0,0.0
0.022,0.0,0.0,0.5893974483199418,0.0,0.0,0.0
0.023,0.0,0.0,0.5893974483199418,0.0,0.0,0.0
0.024,0.0,0.0,0.5893974483199418,0.0,0.0,0.0
0.025,0.0,0.0,0.5893974483199418,0.0,0.0,0.0
0.026000000000000002,0.0,0.0,0.5893974483199418,0.0,0.0,0.0
0.027,0.0,0.0,0.5893974483199418,0.0,0.0,0.0
0.028,0.0,0.0,0.5893974483199418,0.0,0.0,0.0
0.029,0.0,0.0,0.5893974483199418,0.0,0.0,0.0
0.03,0.0,0.0,0.5893974483199418,0.0,0.0,0.0
0.031,0.0,0.0,0.5893974483199418,0.0,0.0,0.0
0.032,0.0,0.0,0.5893974483199418,0.0,0.0,0.0
0.033,0.0,0.0,0.5893974483199418,0.0,0.0,0.0
0.034,0.0,0.0,0.5893974483199418,0.0,0.0,0.0
0.035,0.0,0.0,0.5893974483199418,0.0,0.0,0.0
0.036000000000000004,0.0,0.0,0.5893974483199418,0.0,0.0,0.0
0.037,0.0,0.0,0.5893974483199418,0.0,0.0,0.0
0.038,0.0,0.0,0.5893974483199418,0.0,0.0,0.0
0.039,0.0,0.0,0.5893974483199418,0.0,0.0,0.0
0.04,0.0,0.0,0.5893974483199418,0.0,0.0,0.0
0.041,0.0,0.0,0.5893974483199418,0.0,0.0,0.0
0.042,0.0,0.0,0.5893974483199418,0.0,0.0,0.0
0.043000000000000003,0.0,0.0,0.5893974483199418,0.0,0.0,0.0
0.044,0.0,0.0,0.5893974483199418,0.0,0.0,0.0
0.045,0.0,0.0,0.5893974483199418,0.0,0.0,0.0
0.046,0.0,0.0,0.5893974483199418,0.0,0.0,0.0
0.047,0.0,0.0,0.5893974483199418,0.0,0.0,0.0
0.048,0.0,0.0,0.5893974483199418,0.0,0.0,0.0
0.049,0.0,0.0,0.5893974483199418,0.0,0.0,0.0
0.05,0.0,0.0,0.5893974483199418,0.0,0.0,0.0
0.051000000000000004,0.0,0.0,0.5893974483199418,0.0,0.0,0.0
0.052000000000000005,0.0,0.0,0.5893974483199418,0.0,0.0,0.0
0.053,0.0,0.0,0.5893974483199418,0.0,0.0,0.0
0.054,0.0,0.0,0.5893974483199418,0.0,0.0,0.0
0.055,0.0,0.0,0.5893974483199418,0.0,0.0,0.0
0.056,0.0,0.0,0.5893974483199418,0.0,0.0,0.0
0.057,0.0,0.0,0.5893974483199418,0.0,0.0,0.0
0.058,0.0,0.0,0.5893974483199418,0.0,0.0,0.0
0.059000000000000004,0.0,0.0,0.5893974483199418,0.0,0.0,0.0
0.06,0.0,0.0,0.5893974483199418,0.0,0.0,0.0
0.061,0.0,0.0,0.5893974483199418,0.0,0.0,0.0
0.062,0.0,0.0,0.5893974483199418,0.0,0.0,0.0
0.063,0.0,0.0,0.5893974483199418,0.0,0.0,0.0
0.064,0.0,0.0,0.5893974483199418,0.0,0.0,0.0
0.065,0.0,0.0,0.5893974483199418,0.0,0.0,0.0
0.066,0.0,0.0,0.5893974483199418,0.0,0.0,0.0
0.067,0.0,0.0,0.5893974483199418,0.0,0.0,0.0
0.068,0.0,0.0,0.5893974483199418,0.0,0.0,0.0
0.069,0.0,0.0,0.5893974483199418,0.0,0.0,0.0
0.07,0.0,0.0,0.5893974483199418,0.0,0.0,0.0
0.07100000000000001,0.0,0.0,0.5893974483199418,0.0,0.0,0.0
0.07200000000000001,0.0,0.0,0.5893974483199418,0.0,0.0,0.0
0.073,0.0,0.0,0.5893974483199418,0.0,0.0,0.0
0.074,0.0,0.0,0.5893974483199418,0.0,0.0,0.0
0.075,0.0,0.0,0.5893974483199418,0.0,0.0,0.0
0.076,0.0,0.0,0.5893974483199418,0.0,0.0,0.0
0.077,0.0,0.0,0.5893974483199418,0.0,0.0,0.0
0.078,0.0,0.0,0.5893974483199418,0.0,0.0,0.0
0.079,0.0,0.0,0.5893974483199418,0.0,0.0,0.0
0.08,0.0,0.0,0.5893974483199418,0.0,0.0,0.0
0.081,0.0,0.0,0.5893974483199418,0.0,0.0,0.0
0.082,0.0,0.0,0.5893974483199418,0.0,0.0,0.0
0.083,0.0,0.0,0.5893974483199418,0.0,0.0,0.0
0.084,0.0,0.0,0.5893974483199418,0.0,0.0,0.0
0.085,0.0,0.0,0.5893974483199418,0.0,0.0,0.0
0.08600000000000001,0.0,0.0,0.5893974483199418,0.0,0.0,0.0
0.08700000000000001,0.0,0.0,0.5893974483199418,0.0,0.0,0.0
0.088,0.0,0.0,0.5893974483199418,0.0,0.0,0.0
0.089,0.0,0.0,0.5893974483199418,0.0,0.0,0.0
0.09,0.0,0.0,0.5893974483199418,0.0,0.0,0.0
0.091,0.0,0.0,0.5893974483199418,0.0,0.0,0.0
0.092,0.0,0.0,0.5893974483199418,0.0,0.0,0.0
0.093,0.0,0.0,0.5893974483199418,0.0,0.0,0.0
0.094,0.0,0.0,0.5893974483199418,0.0,0.0,0.0
0.095,0.0,0.0,0.5893974483199418,0.0,0.0,0.0
0.096,0.0,0.0,0.5893974483199418,0.0,0.0,0.0
0.097,0.0,0.0,0.5893974483199418,0.0,0.0,0.0
0.098,0.0,0.0,0.5893974483199418,0.0,0.0,0.0
0.099,0.0,0.0,0.5893974483199418,0.0,0.0,0.0
0.1,0.0,0.0,0.5893974483199418,0.0,0.0,0.0
0.101,0.0,0.0,0.5893974483199418,0.0,0.0,0.0
0.10200000000000001,0.0,0.0,0.5893974483199418,0.0,0.0,0.0
0.10300000000000001,0.0,0.0,0.5893974483199418,0.0,0.0,0.0
0.10400000000000001,0.0,0.0,0.5893974483199418,0.0,0.0,0.0
0.105,0.0,0.0,0.5893974483199418,0.0,0.0,0.0
0.106,0.0,0.0,0.5893974483199418,0.0,0.0,0.0
0.107,0.0,0.0,0.5893974483199418,0.0,0.0,0.0
0.108,0.0,0.0,0.5893974483199418,0.0,0.0,0.0
0.109,0.0,0.0,0.5893974483199418,0.0,0.0,0.0
0.11,0.0,0.0,0.5893974483199418,0.0,0.0,0.0
0.111,0.0,0.0,0.5893974483199418,0.0,0.0,0.0
0.112,0.0,0.0,0.5893974483199418,0.0,0.0,0.0
0.113,0.0,0.0,0.5893974483199418,0.0,0.0,0.0
0.114,0.0,0.0,0.5893974483199418,0.0,0.0,0.0
0.115,0.0,0.0,0.5893974483199418,0.0,0.0,0.0
0.116,0.0,0.0,0.5893974483199418,0.0,0.0,0.0
0.117,0.0,0.0,0.5893974483199418,0.0,0.0,0.0
0.11800000000000001,0.0,0.0,0.5893974483199418,0.0,0.0,0.0
0.11900000000000001,0.0,0.0,0.5893974483199418,0.0,0.0,0.0
0.12,0.0,0.0,0.5893974483199418,0.0,0.0,0.0
0.121,0.0,0.0,0.5893974483199418,0.0,0.0,0.0
0.122,0.0,0.0,0.5893974483199418,0.0,0.0,0.0
0.123,0.0,0.0,0.5893974483199418,0.0,0.0,0.0
0.124,0.0,0.0,0.5893974483199418,0.0,0.0,0.0
0.125,0.0,0.0,0.5893974483199418,0.0,0.0,0.0
0.126,0.0,0.0,0.5893974483199418,0.0,0.0,0.0
0.127,0.0,0.0,0.5893974483199418,0.0,0.0,0.0
0.128,0.0,0.0,0.5893974483199418,0.0,0.0,0.0
0.129,0.0,0.0,0.5893974483199418,0.0,0.0,0.0
0.13,0.0,0.0,0.5893974483199418,0.0,0.0,0.0
0.131,0.0,0.0,0.5893974483199418,0.0,0.0,0.0
0.132,0.0,0.0,0.5893974483199418,0.0,0.0,0.0
0.133,0.0,0.0,0.5893974483199418,0.0,0.0,0.0
0.134,0.0,0.0,0.5893974483199418,0.0,0.0,0.0
0.135,0.0,0.0,0.5893974483199418,0.0,0.0,0.0
0.136,0.0,0.0,0.5893974483199418,0.0,0.0,0.0
0.137,0.0,0.0,0.5893974483199418,0.0,0.0,0.0
0.138,0.0,0.0,0.5893974483199418,0.0,0.0,0.0
0.139,0.0,0.0,0.5893974483199418,0.0,0.0,0.0
0.14,0.0,0.0,0.5893974483199418,0.0,0.0,0.0
0.14100000000000001,0.0,0.0,0.5893974483199418,0.0,0.0,0.0
0.14200000000000002,0.0,0.0,0.5893974483199418,0.0,0.0,0.0
0.14300000000000002,0.0,0.0,0.5893974483199418,0.0,0.0,0.0
0.14400000000000002,0.0,0.0,0.5893974483199418,0.0,0.0,0.0
0.145,0.0,0.0,0.5893974483199418,0.0,0.0,0.0
0.146,0.0,0.0,0.5893974483199418,0.0,0.0,0.0
0.147,0.0,0.0,0.5893974483199418,0.0,0.0,0.0
0.148,0.0,0.0,0.5893974483199418,0.0,0.0,0.0
0.149,0.0,0.0,0.5893974483199418,0.0,0.0,0.0
0.15,0.0,0.0,0.5893974483199418,0.0,0.0,0.0
0.151,0.0,0.0,0.5893974483199418,0.0,0.0,0.0
0.152,0.0,0.0,0.5893974483199418,0.0,0.0,0.0
0.153,0.0,0.0,0.5893974483199418,0.0,0.0,0.0
0.154,0.0,0.0,0.5893974483199418,0.0,0.0,0.0
0.155,0.0,0.0,0.5893974483199418,0.0,0.0,0.0
0.156,0.0,0.0,0.5893974483199418,0.0,0.0,0.0
0.157,0.0,0.0,0.5893974483199418,0.0,0.0,0.0
0.158,0.0,0.0,0.5893974483199418,0.0,0.0,0.0
0.159,0.0,0.0,0.5893974483199418,0.0,0.0,0.0
0.16,0.0,0.0,0.5893974483199418,0.0,0.0,0.0
0.161,0.0,0.0,0.5893974483199418,0.0,0.0,0.0
0.162,0.0,0.0,0.5893974483199418,0.0,0.0,0.0
0.163,0.0,0.0,0.5893974483199418,0.0,0.0,0.0
0.164,0.0,0.0,0.5893974483199418,0.0,0.0,0.0
0.165,0.0,0.0,0.5893974483199418,0.0,0.0,0.0
0.166,0.0,0.0,0.5893974483199418,0.0,0.0,0.0
0.167,0.0,0.0,0.5893974483199418,0.0,0.0,0.0
0.168,0.0,0.0,0.5893974483199418,0.0,0.0,0.0
0.169,0.0,0.0,0.5893974483199418,0.0,0.0,0.0
0.17,0.0,0.0,0.5893974483199418,0.0,0.0,0.0
0.171,0.0,0.0,0.5893974483199418,0.0,0.0,0.0
0.17200000000000001,0.0,0.0,0.5893974483199418,0.0,0.0,0.0
0.17300000000000001,0.0,0.0,0.5893974483199418,0.0,0.0,0.0
0.17400000000000002,0.0,0.0,0.5893974483199418,0.0,0.0,0.0
0.17500000000000002,0.0,0.0,0.5893974483199418,0.0,0.0,0.0
0.176,0.0,0.0,0.5893974483199418,0.0,0.0,0.0
0.177,0.0,0.0,0.5893974483199418,0.0,0.0,0.0
0.178,0.0,0.0,0.5893974483199418,0.0,0.0,0.0
0.179,0.0,0.0,0.5893974483199418,0.0,0.0,0.0
0.18,0.0,0.0,0.5893974483199418,0.0,0.0,0.0
0.181,0.0,0.0,0.5893974483199418,0.0,0.0,0.0
0.182,0.0,0.0,0.5893974483199418,0.0,0.0,0.0
0.183,0.0,0.0,0.5893974483199418,0.0,0.0,0.0
0.184,0.0,0.0,0.5893974483199418,0.0,0.0,0.0
0.185,0.0,0.0,0.5893974483199418,0.0,0.0,0.0
0.186,0.0,0.0,0.5893974483199418,0.0,0.0,0.0
0.187,0.0,0.0,0.5893974483199418,0.0,0.0,0.0
0.188,0.0,0.0,0.5893974483199418,0.0,0.0,0.0
0.189,0.0,0.0,0.5893974483199418,0.0,0.0,0.0
0.19,0.0,0.0,0.5893974483199418,0.0,0.0,0.0
0.191,0.0,0.0,0.5893974483199418,0.0,0.0,0.0
0.192,0.0,0.0,0.5893974483199418,0.0,0.0,0.0
0.193,0.0,0.0,0.5893974483199418,0.0,0.0,0.0
0.194,0.0,0.0,0.5893974483199418,0.0,0.0,0.0
0.195,0.0,0.0,0.5893974483199418,0.0,0.0,0.0
0.196,0.0,0.0,0.5893974483199418,0.0,0.0,0.0
0.197,0.0,0.0,0.5893974483199418,0.0,0.0,0.0
0.198,0.0,0.0,0.5893974483199418,0.0,0.0,0.0
0.199,0.0,0.0,0.5893974483199418,0.0,0.0,0.0
0.2,0.0,0.0,0.5893974483199418,0.0,0.0,0.0
0.201,0.0,0.0,0.5893974483199418,0.0,0.0,0.0
0.202,0.0,0.0,0.5893974483199418,0.0,0.0,0.0
0.203,0.0,0.0,0.5893974483199418,0.0,0.0,0.0
0.20400000000000001,0.0,0.0,0.5893974483199418,0.0,0.0,0.0
0.20500000000000002,0.0,0.0,0.5893974483199418,0.0,0.0,0.0
0.20600000000000002,0.0,0.0,0.5893974483199418,0.0,0.0,0.0
0.20700000000000002,0.0,0.0,0.5893974483199418,0.0,0.0,0.0
0.20800000000000002,0.0,0.0,0.5893974483199418,0.0,0.0,0.0
0.209,0.0,0.0,0.5893974483199418,0.0,0.0,0.0
0.21,0.0,0.0,0.5893974483199418,0.0,0.0,0.0
0.211,0.0,0.0,0.5893974483199418,0.0,0.0,0.0
0.212,0.0,0.0,0.5893974483199418,0.0,0.0,0.0
0.213,0.0,0.0,0.5893974483199418,0.0,0.0,0.0
0.214,0.0,0.0,0.5893974483199418,0.0,0.0,0.0
0.215,0.0,0.0,0.5893974483199418,0.0,0.0,0.0
0.216,0.0,0.0,0.5893974483199418,0.0,0.0,0.0
0.217,0.0,0.0,0.5893974483199418,0.0,0.0,0.0
0.218,0.0,0.0,0.5893974483199418,0.0,0.0,0.0
0.219,0.0,0.0,0.5893974483199418,0.0,0.0,0.0
0.22,0.0,0.0,0.5893974483199418,0.0,0.0,0.0
0.221,0.0,0.0,0.5893974483199418,0.0,0.0,0.0
0.222,0.0,0.0,0.5893974483199418,0.0,0.0,0.0
0.223,0.0,0.0,0.5893974483199418,0.0,0.0,0.0
0.224,0.0,0.0,0.5893974483199418,0.0,0.0,0.0
0.225,0.0,0.0,0.5893974483199418,0.0,0.0,0.0
0.226,0.0,0.0,0.5893974483199418,0.0,0.0,0.0
0.227,0.0,0.0,0.5893974483199418,0.0,0.0,0.0
0.228,0.0,0.0,0.5893974483199418,0.0,0.0,0.0
0.229,0.0,0.0,0.5893974483199418,0.0,0.0,0.0
0.23,0.0,0.0,0.5893974483199418,0.0,0.0,0.0
0.231,0.0,0.0,0.5893974483199418,0.0,0.0,0.0
0.232,0.0,0.0,0.5893974483199418,0.0,0.0,0.0
0.233,0.0,0.0,0.5893974483199418,0.0,0.0,0.0
0.234,0.0,0.0,0.5893974483199418,0.0,0.0,0.0
0.23500000000000001,0.0,0.0,0.5893974483199418,0.0,0.0,0.0
0.23600000000000002,0.0,0.0,0.5893974483199418,0.0,0.0,0.0
0.23700000000000002,0.0,0.0,0.5893974483199418,0.0,0.0,0.0
0.23800000000000002,0.0,0.0,0.5893974483199418,0.0,0.0,0.0
0.23900000000000002,0.0,0.0,0.5893974483199418,0.0,0.0,0.0
0.24,0.0,0.0,0.5893974483199418,0.0,0.0,0.0
0.241,0.0,0.0,0.5893974483199418,0.0,0.0,0.0
0.242,0.0,0.0,0.5893974483199418,0.0,0.0,0.0
0.243,0.0,0.0,0.5893974483199418,0.0,0.0,0.0
0.244,0.0,0.0,0.5893974483199418,0.0,0.0,0.0
0.245,0.0,0.0,0.5893974483199418,0.0,0.0,0.0
0.246,0.0,0.0,0.5893974483199418,0.0,0.0,0.0
0.247,0.0,0.0,0.5893974483199418,0.0,0.0,0.0
0.248,0.0,0.0,0.5893974483199418,0.0,0.0,0.0
0.249,0.0,0.0,0.5893974483199418,0.0,0.0,0.0
0.25,0.0,0.0,0.5893974483199418,0.0,0.0,0.0
0.251,0.0,0.0,0.5893974483199418,0.0,0.0,0.0
0.252,0.0,0.0,0.5893974483199418,0.0,0.0,0.0
0.253,0.0,0.0,0.5893974483199418,0.0,0.0,0.0
0.254,0.0,0.0,0.5893974483199418,0.0,0.0,0.0
0.255,0.0,0.0,0.5893974483199418,0.0,0.0,0.0
0.256,0.0,0.0,0.5893974483199418,0.0,0.0,0.0
0.257,0.0,0.0,0.5893974483199418,0.0,0.0,0.0
0.258,0.0,0.0,0.5893974483199418,0.0,0.0,0.0
0.259,0.0,0.0,0.5893974483199418,0.0,0.0,0.0
0.26,0.0,0.0,0.5893974483199418,0.0,0.0,0.0
0.261,0.0,0.0,0.5893974483199418,0.0,0.0,0.0
0.262,0.0,0.0,0.5893974483199418,0.0,0.0,0.0
0.263,0.0,0.0,0.5893974483199418,0.0,0.0,0.0
0.264,0.0,0.0,0.5893974483199418,0.0,0.0,0.0
0.265,0.0,0.0,0.5893974483199418,0.0,0.0,0.0
0.266,0.0,0.0,0.5893974483199418,0.0,0.0,0.0
0.267,0.0,0.0,0.5893974483199418,0.0,0.0,0.0
0.268,0.0,0.0,0.5893974483199418,0.0,0.0,0.0
0.269,0.0,0.0,0.5893974483199418,0.0,0.0,0.0
0.27,0.0,0.0,0.5893974483199418,0.0,0.0,0.0
0.271,0.0,0.0,0.5893974483199418,0.0,0.0,0.0
0.272,0.0,0.0,0.5893974483199418,0.0,0.0,0.0
0.273,0.0,0.0,0.5893974483199418,0.0,0.0,0.0
0.274,0.0,0.0,0.5893974483199418,0.0,0.0,0.0
0.275,0.0,0.0,0.5893974483199418,0.0,0.0,0.0
0.276,0.0,0.0,0.5893974483199418,0.0,0.0,0.0
0.277,0.0,0.0,0.5893974483199418,0.0,0.0,0.0
0.278,0.0,0.0,0.5893974483199418,0.0,0.0,0.0
0.279,0.0,0.0,0.5893974483199418,0.0,0.0,0.0
0.28,0.0,0.0,0.5893974483199418,0.0,0.0,0.0
0.281,0.0,0.0,0.5893974483199418,0.0,0.0,0.0
0.28200000000000003,0.0,0.0,0.5893974483199418,0.0,0.0,0.0
0.28300000000000003,0.0,0.0,0.5893974483199418,0.0,0.0,0.0
0.28400000000000003,0.0,0.0,0.5893974483199418,0.0,0.0,0.0
0.28500000000000003,0.0,0.0,0.5893974483199418,0.0,0.0,0.0
0.28600000000000003,0.0,0.0,0.5893974483199418,0.0,0.0,0.0
0.28700000000000003,0.0,0.0,0.5893974483199418,0.0,0.0,0.0
0.28800000000000003,0.0,0.0,0.5893974483199418,0.0,0.0,0.0
0.289,0.0,0.0,0.5893974483199418,0.0,0.0,0.0
0.29,0.0,0.0,0.5893974483199418,0.0,0.0,0.0
0.291,0.0,0.0,0.5893974483199418,0.0,0.0,0.0
0.292,0.0,0.0,0.5893974483199418,0.0,0.0,0.0
0.293,0.0,0.0,0.5893974483199418,0.0,0.0,0.0
0.294,0.0,0.0,0.5893974483199418,0.0,0.0,0.0
0.295,0.0,0.0,0.5893974483199418,0.0,0.0,0.0
0.296,0.0,0.0,0.5893974483199418,0.0,0.0,0.0
0.297,0.0,0.0,0.5893974483199418,0.0,0.0,0.0
0.298,0.0,0.0,0.5893974483199418,0.0,0.0,0.0
0.299,0.0,0.0,0.5893974483199418,0.0,0.0,0.0
0.3,0.0,0.0,0.5893974483199418,0.0,0.0,0.0
0.301,0.0,0.0,0.5893974483199418,0.0,0.0,0.0
0.302,0.0,0.0,0.5893974483199418,0.0,0.0,0.0
0.303,0.0,0.0,0.5893974483199418,0.0,0.0,0.0
0.304,0.0,0.0,0.5893974483199418,0.0,0.0,0.0
0.305,0.0,0.0,0.5893974483199418,0.0,0.0,0.0
0.306,0.0,0.0,0.5893974483199418,0.0,0.0,0.0
0.307,0.0,0.0,0.5893974483199418,0.0,0.0,0.0
0.308,0.0,0.0,0.5893974483199418,0.0,0.0,0.0
0.309,0.0,0.0,0.5893974483199418,0.0,0.0,0.0
0.31,0.0,0.0,0.5893974483199418,0.0,0.0,0.0
0.311,0.0,0.0,0.5893974483199418,0.0,0.0,0.0
0.312,0.0,0.0,0.5893974483199418,0.0,0.0,0.0
0.313,0.0,0.0,0.5893974483199418,0.0,0.0,0.0
0.314,0.0,0.0,0.5893974483199418,0.0,0.0,0.0
0.315,0.0,0.0,0.5893974483199418,0.0,0.0,0.0
0.316,0.0,0.0,0.5893974483199418,0.0,0.0,0.0
0.317,0.0,0.0,0.5893974483199418,0.0,0.0,0.0
0.318,0.0,0.0,0.5893974483199418,0.0,0.0,0.0
0.319,0.0,0.0,0.5893974483199418,0.0,0.0,0.0
0.32,0.0,0.0,0.5893974483199418,0.0,0.0,0.0
0.321,0.0,0.0,0.5893974483199418,0.0,0.0,0.0
0.322,0.0,0.0,0.5893974483199418,0.0,0.0,0.0
0.323,0.0,0.0,0.5893974483199418,0.0,0.0,0.0
0.324,0.0,0.0,0.5893974483199418,0.0,0.0,0.0
0.325,0.0,0.0,0.5893974483199418,0.0,0.0,0.0
0.326,0.0,0.0,0.5893974483199418,0.0,0.0,0.0
0.327,0.0,0.0,0.5893974483199418,0.0,0.0,0.0
0.328,0.0,0.0,0.5893974483199418,0.0,0.0,0.0
0.329,0.0,0.0,0.5893974483199418,0.0,0.0,0.0
0.33,0.0,0.0,0.5893974483199418,0.0,0.0,0.0
0.331,0.0,0.0,0.5893974483199418,0.0,0.0,0.0
0.332,0.0,0.0,0.5893974483199418,0.0,0.0,0.0
0.333,0.0,0.0,0.5893974483199418,0.0,0.0,0.0
0.334,0.0,0.0,0.5893974483199418,0.0,0.0,0.0
0.335,0.0,0.0,0.5893974483199418,0.0,0.0,0.0
0.336,0.0,0.0,0.5893974483199418,0.0,0.0,0.0
0.337,0.0,0.0,0.5893974483199418,0.0,0.0,0.0
0.338,0.0,0.0,0.5893974483199418,0.0,0.0,0.0
0.339,0.0,0.0,0.5893974483199418,0.0,0.0,0.0
0.34,0.0,0.0,0.5893974483199418,0.0,0.0,0.0
0.341,0.0,0.0,0.5893974483199418,0.0,0.0,0.0
0.342,0.0,0.0,0.5893974483199418,0.0,0.0,0.0
0.343,0.0,0.0,0.5893974483199418,0.0,0.0,0.0
0.34400000000000003,0.0,0.0,0.5893974483199418,0.0,0.0,0.0
0.34500000000000003,0.0,0.0,0.5893974483199418,0.0,0.0,0.0
0.34600000000000003,0.0,0.0,0.5893974483199418,0.0,0.0,0.0
0.34700000000000003,0.0,0.0,0.5893974483199418,0.0,0.0,0.0
0.34800000000000003,0.0,0.0,0.5893974483199418,0.0,0.0,0.0
0.34900000000000003,0.0,0.0,0.5893974483199418,0.0,0.0,0.0
0.35000000000000003,0.0,0.0,0.5893974483199418,0.0,0.0,0.0
0.35100000000000003,0.0,0.0,0.5893974483199418,0.0,0.0,0.0
0.352,0.0,0.0,0.5893974483199418,0.0,0.0,0.0
0.353,0.0,0.0,0.5893974483199418,0.0,0.0,0.0
0.354,0.0,0.0,0.5893974483199418,0.0,0.0,0.0
0.355,0.0,0.0,0.5893974483199418,0.0,0.0,0.0
0.356,0.0,0.0,0.5893974483199418,0.0,0.0,0.0
0.357,0.0,0.0,0.5893974483199418,0.0,0.0,0.0
0.358,0.0,0.0,0.5893974483199418,0.0,0.0,0.0
0.359,0.0,0.0,0.5893974483199418,0.0,0.0,0.0
0.36,0.0,0.0,0.5893974483199418,0.0,0.0,0.0
0.361,0.0,0.0,0.5893974483199418,0.0,0.0,0.0
0.362,0.0,0.0,0.5893974483199418,0.0,0.0,0.0
0.363,0.0,0.0,0.5893974483199418,0.0,0.0,0.0
0.364,0.0,0.0,0.5893974483199418,0.0,0.0,0.0
0.365,0.0,0.0,0.5893974483199418,0.0,0.0,0.0
0.366,0.0,0.0,0.5893974483199418,0.0,0.0,0.0
0.367,0.0,0.0,0.5893974483199418,0.0,0.0,0.0
0.368,0.0,0.0,0.5893974483199418,0.0,0.0,0.0
0.369,0.0,0.0,0.5893974483199418,0.0,0.0,0.0
0.37,0.0,0.0,0.5893974483199418,0.0,0.0,0.0
0.371,0.0,0.0,0.5893974483199418,0.0,0.0,0.0
0.372,0.0,0.0,0.5893974483199418,0.0,0.0,0.0
0.373,0.0,0.0,0.5893974483199418,0.0,0.0,0.0
0.374,0.0,0.0,0.5893974483199418,0.0,0.0,0.0
0.375,0.0,0.0,0.5893974483199418,0.0,0.0,0.0
0.376,0.0,0.0,0.5893974483199418,0.0,0.0,0.0
0.377,0.0,0.0,0.5893974483199418,0.0,0.0,0.0
0.378,0.0,0.0,0.5893974483199418,0.0,0.0,0.0
0.379,0.0,0.0,0.5893974483199418,0.0,0.0,0.0
0.38,0.0,0.0,0.5893974483199418,0.0,0.0,0.0
0.381,0.0,0.0,0.5893974483199418,0.0,0.0,0.0
0.382,0.0,0.0,0.5893974483199418,0.0,0.0,0.0
0.383,0.0,0.0,0.5893974483199418,0.0,0.0,0.0
0.384,0.0,0.0,0.5893974483199418,0.0,0.0,0.0
0.385,0.0,0.0,0.5893974483199418,0.0,0.0,0.0
0.386,0.0,0.0,0.5893974483199418,0.0,0.0,0.0
0.387,0.0,0.0,0.5893974483199418,0.0,0.0,0.0
0.388,0.0,0.0,0.5893974483199418,0.0,0.0,0.0
0.389,0.0,0.0,0.5893974483199418,0.0,0.0,0.0
0.39,0.0,0.0,0.5893974483199418,0.0,0.0,0.0
0.391,0.0,0.0,0.5893974483199418,0.0,0.0,0.0
0.392,0.0,0.0,0.5893974483199418,0.0,0.0,0.0
0.393,0.0,0.0,0.5893974483199418,0.0,0.0,0.0
0.394,0.0,0.0,0.5893974483199418,0.0,0.0,0.0
0.395,0.0,0.0,0.5893974483199418,0.0,0.0,0.0
0.396,0.0,0.0,0.5893974483199418,0.0,0.0,0.0
0.397,0.0,0.0,0.5893974483199418,0.0,0.0,0.0
0.398,0.0,0.0,0.5893974483199418,0.0,0.0,0.0
0.399,0.0,0.0,0.5893974483199418,0.0,0.0,0.0
0.4,0.0,0.0,0.5893974483199418,0.0,0.0,0.0
0.401,0.0,0.0,0.5893974483199418,0.0,0.0,0.0
0.402,0.0,0.0,0.5893974483199418,0.0,0.0,0.0
0.403,0.0,0.0,0.5893974483199418,0.0,0.0,0.0
0.404,0.0,0.0,0.5893974483199418,0.0,0.0,0.0
0.405,0.0,0.0,0.5893974483199418,0.0,0.0,0.0
0.406,0.0,0.0,0.5893974483199418,0.0,0.0,0.0
0.40700000000000003,0.0,0.0,0.5893974483199418,0.0,0.0,0.0
0.40800000000000003,0.0,0.0,0.5893974483199418,0.0,0.0,0.0
0.40900000000000003,0.0,0.0,0.5893974483199418,0.0,0.0,0.0
0.41000000000000003,0.0,0.0,0.5893974483199418,0.0,0.0,0.0
0.41100000000000003,0.0,0.0,0.5893974483199418,0.0,0.0,0.0
0.41200000000000003,0.0,0.0,0.5893974483199418,0.0,0.0,0.0
0.41300000000000003,0.0,0.0,0.5893974483199418,0.0,0.0,0.0
0.41400000000000003,0.0,0.0,0.5893974483199418,0.0,0.0,0.0
0.41500000000000004,0.0,0.0,0.5893974483199418,0.0,0.0,0.0
0.41600000000000004,0.0,0.0,0.5893974483199418,0.0,0.0,0.0
0.417,0.0,0.0,0.5893974483199418,0.0,0.0,0.0
0.418,0.0,0.0,0.5893974483199418,0.0,0.0,0.0
0.419,0.0,0.0,0.5893974483199418,0.0,0.0,0.0
0.42,0.0,0.0,0.5893974483199418,0.0,0.0,0.0
0.421,0.0,0.0,0.5893974483199418,0.0,0.0,0.0
0.422,0.0,0.0,0.5893974483199418,0.0,0.0,0.0
0.423,0.0,0.0,0.5893974483199418,0.0,0.0,0.0
0.424,0.0,0.0,0.5893974483199418,0.0,0.0,0.0
0.425,0.0,0.0,0.5893974483199418,0.0,0.0,0.0
0.426,0.0,0.0,0.5893974483199418,0.0,0.0,0.0
0.427,0.0,0.0,0.5893974483199418,0.0,0.0,0.0
0.428,0.0,0.0,0.5893974483199418,0.0,0.0,0.0
0.429,0.0,0.0,0.5893974483199418,0.0,0.0,0.0
0.43,0.0,0.0,0.5893974483199418,0.0,0.0,0.0
0.431,0.0,0.0,0.5893974483199418,0.0,0.0,0.0
0.432,0.0,0.0,0.5893974483199418,0.0,0.0,0.0
0.433,0.0,0.0,0.5893974483199418,0.0,0.0,0.0
0.434,0.0,0.0,0.5893974483199418,0.0,0.0,0.0
0.435,0.0,0.0,0.5893974483199418,0.0,0.0,0.0
0.436,0.0,0.0,0.5893974483199418,0.0,0.0,0.0
0.437,0.0,0.0,0.5893974483199418,0.0,0.0,0.0
0.438,0.0,0.0,0.5893974483199418,0.0,0.0,0.0
0.439,0.0,0.0,0.5893974483199418,0.0,0.0,0.0
0.44,0.0,0.0,0.5893974483199418,0.0,0.0,0.0
0.441,0.0,0.0,0.5893974483199418,0.0,0.0,0.0
0.442,0.0,0.0,0.5893974483199418,0.0,0.0,0.0
0.443,0.0,0.0,0.5893974483199418,0.0,0.0,0.0
0.444,0.0,0.0,0.5893974483199418,0.0,0.0,0.0
0.445,0.0,0.0,0.5893974483199418,0.0,0.0,0.0
0.446,0.0,0.0,0.5893974483199418,0.0,0.0,0.0
0.447,0.0,0.0,0.5893974483199418,0.0,0.0,0.0
0.448,0.0,0.0,0.5893974483199418,0.0,0.0,0.0
0.449,0.0,0.0,0.5893974483199418,0.0,0.0,0.0
0.45,0.0,0.0,0.5893974483199418,0.0,0.0,0.0
0.451,0.0,0.0,0.5893974483199418,0.0,0.0,0.0
0.452,0.0,0.0,0.5893974483199418,0.0,0.0,0.0
0.453,0.0,0.0,0.5893974483199418,0.0,0.0,0.0
0.454,0.0,0.0,0.5893974483199418,0.0,0.0,0.0
0.455,0.0,0.0,0.5893974483199418,0.0,0.0,0.0
0.456,0.0,0.0,0.5893974483199418,0.0,0.0,0.0
0.457,0.0,0.0,0.5893974483199418,0.0,0.0,0.0
0.458,0.0,0.0,0.5893974483199418,0.0,0.0,0.0
0.459,0.0,0.0,0.5893974483199418,0.0,0.0,0.0
0.46,0.0,0.0,0.5893974483199418,0.0,0.0,0.0
0.461,0.0,0.0,0.5893974483199418,0.0,0.0,0.0
0.462,0.0,0.0,0.5893974483199418,0.0,0.0,0.0
0.463,0.0,0.0,0.5893974483199418,0.0,0.0,0.0
0.464,0.0,0.0,0.5893974483199418,0.0,0.0,0.0
0.465,0.0,0.0,0.5893974483199418,0.0,0.0,0.0
0.466,0.0,0.0,0.5893974483199418,0.0,0.0,0.0
0.467,0.0,0.0,0.5893974483199418,0.0,0.0,0.0
0.468,0.0,0.0,0.5893974483199418,0.0,0.0,0.0
0.46900000000000003,0.0,0.0,0.5893974483199418,0.0,0.0,0.0
0.47000000000000003,0.0,0.0,0.5893974483199418,0.0,0.0,0.0
0.47100000000000003,0.0,0.0,0.5893974483199418,0.0,0.0,0.0
0.47200000000000003,0.0,0.0,0.5893974483199418,0.0,0.0,0.0
0.47300000000000003,0.0,0.0,0.5893974483199418,0.0,0.0,0.0
0.47400000000000003,0.0,0.0,0.5893974483199418,0.0,0.0,0.0
0.47500000000000003,0.0,0.0,0.5893974483199418,0.0,0.0,0.0
0.47600000000000003,0.0,0.0,0.5893974483199418,0.0,0.0,0.0
0.47700000000000004,0.0,0.0,0.5893974483199418,0.0,0.0,0.0
0.47800000000000004,0.0,0.0,0.5893974483199418,0.0,0.0,0.0
0.47900000000000004,0.0,0.0,0.5893974483199418,0.0,0.0,0.0
0.48,0.0,0.0,0.5893974483199418,0.0,0.0,0.0
0.481,0.0,0.0,0.5893974483199418,0.0,0.0,0.0
0.482,0.0,0.0,0.5893974483199418,0.0,0.0,0.0
0.483,0.0,0.0,0.5893974483199418,0.0,0.0,0.0
0.484,0.0,0.0,0.5893974483199418,0.0,0.0,0.0
0.485,0.0,0.0,0.5893974483199418,0.0,0.0,0.0
0.486,0.0,0.0,0.5893974483199418,0.0,0.0,0.0
0.487,0.0,0.0,0.5893974483199418,0.0,0.0,0.0
0.488,0.0,0.0,0.5893974483199418,0.0,0.0,0.0
0.489,0.0,0.0,0.5893974483199418,0.0,0.0,0.0
0.49,0.0,0.0,0.5893974483199418,0.0,0.0,0.0
0.491,0.0,0.0,0.5893974483199418,0.0,0.0,0.0
0.492,0.0,0.0,0.5893974483199418,0.0,0.0,0.0
0.493,0.0,0.0,0.5893974483199418,0.0,0.0,0.0
0.494,0.0,0.0,0.5893974483199418,0.0,0.0,0.0
0.495,0.0,0.0,0.5893974483199418,0.0,0.0,0.0
0.496,0.0,0.0,0.5893974483199418,0.0,0.0,0.0
0.497,0.0,0.0,0.5893974483199418,0.0,0.0,0.0
0.498,0.0,0.0,0.5893974483199418,0.0,0.0,0.0
0.499,0.0,0.0,0.5893974483199418,0.0,0.0,0.0
0.5,0.6,0.011623436585068703,0.5893974483199418,0.0,0.0,4.843098494276606e-05
0.501,0.6,0.03406831622123718,0.5893974483199418,0.0,0.0,0.00019038229810226537
0.502,0.6,0.0665605440735817,0.5893974483199418,0.0,0.0,0.00046771796792515076
0.503,0.6,0.10813687741756439,0.5893974483199418,0.0,0.0,0.000918288333236107
0.504,0.6,0.15778009593486786,0.5893974483199418,0.0,0.0,0.0015757053239371236
0.505,0.6,0.21442189812660217,0.5893974483199418,0.0,0.0,0.002469129880052138
0.506,0.6,0.2769487500190735,0.5893974483199418,0.0,0.0,0.0036230832618886414
0.507,0.6,0.3442099690437317,0.5893974483199418,0.0,0.0,0.005057291438035439
0.508,0.6,0.41502654552459717,0.5893974483199418,0.0,0.0,0.006786568997644386
0.509,0.6,0.48706451058387756,0.5893974483199418,0.0,0.0,0.008816004451445843
0.51,0.6,0.5581900477409363,0.5893974483199418,0.0,0.0,0.011141795997693472
0.511,0.6,0.6266829967498779,0.5893974483199418,0.0,0.0,0.013752975432771765
0.512,0.6,0.6909735798835754,0.5893974483199418,0.0,0.0,0.01663203208925134
0.513,0.6,0.7495896220207214,0.5893974483199418,0.0,0.0,0.019755322372350264
0.514,0.6,0.8011428713798523,0.5893974483199418,0.0,0.0,0.023093417634399104
0.515,0.6,0.8443061113357544,0.5893974483199418,0.0,0.0,0.026611359804062897
0.516,0.6,0.8776739835739136,0.5893974483199418,0.0,0.0,0.030268334843759907
0.517,0.6,0.899971067905426,0.5893974483199418,0.0,0.0,0.03401821435355108
0.518,0.6,0.9118866324424744,0.5893974483199418,0.0,0.0,0.03781774199087845
0.519,0.6,0.914104700088501,0.5893974483199418,0.0,0.0,0.04162651102890326
0.52,0.6,0.9073156118392944,0.5893974483199418,0.0,0.0,0.0454069927551236
0.521,0.6,0.8922269344329834,0.5893974483199418,0.0,0.0,0.04912460519869299
0.522,0.6,0.8695691227912903,0.5893974483199418,0.0,0.0,0.05274781004975796
0.523,0.6,0.8412977457046509,0.5893974483199418,0.0,0.0,0.05625321768189465
0.524,0.6,0.8087471127510071,0.5893974483199418,0.0,0.0,0.05962299753709463
0.525,0.6,0.7730479836463928,0.5893974483199418,0.0,0.0,0.06284403072722029
0.526,0.6,0.7352480888366699,0.5893974483199418,0.0,0.0,0.06590756417552315
0.527,0.6,0.6963469386100769,0.5893974483199418,0.0,0.0,0.06880900954882692
0.528,0.6,0.6573061347007751,0.5893974483199418,0.0,0.0,0.07154778506641843
0.529,0.6,0.6190481781959534,0.5893974483199418,0.0,0.0,0.0741271525424379
0.53,0.6,0.5824486017227173,0.5893974483199418,0.0,0.0,0.07655402182410806
0.531,0.6,0.5483238697052002,0.5893974483199418,0.0,0.0,0.0788387045017248
0.532,0.6,0.5174159407615662,0.5893974483199418,0.0,0.0,0.0809946045717049
0.533,0.6,0.4903760254383087,0.5893974483199418,0.0,0.0,0.08303783784542619
0.534,0.6,0.46774497628211975,0.5893974483199418,0.0,0.0,0.08498677525251079
0.535,0.6,0.449936181306839,0.5893974483199418,0.0,0.0,0.08686150930521613
0.536,0.6,0.43721750378608704,0.5893974483199418,0.0,0.0,0.08868324889823143
0.537,0.6,0.4296981990337372,0.5893974483199418,0.0,0.0,0.09047365809026792
0.538,0.6,0.4273228645324707,0.5893974483199418,0.0,0.0,0.09225416989962812
0.539,0.6,0.42987656593322754,0.5893974483199418,0.0,0.0,0.09404532230191964
0.54,0.6,0.4370032548904419,0.5893974483199418,0.0,0.0,0.09586616921675263
0.541,0.6,0.4482327699661255,0.5893974483199418,0.0,0.0,0.09773380576798384
0.542,0.6,0.4630116820335388,0.5893974483199418,0.0,0.0,0.09966302102066942
0.543,0.6,0.48073142766952515,0.5893974483199418,0.0,0.0,0.10166606847035566
0.544,0.6,0.500751793384552,0.5893974483199418,0.0,0.0,0.10375253427094135
0.545,0.6,0.5224198698997498,0.5893974483199418,0.0,0.0,0.10592928338307864
0.546,0.6,0.5450844764709473,0.5893974483199418,0.0,0.0,0.10820046872935918
0.547,0.6,0.5681099891662598,0.5893974483199418,0.0,0.0,0.11056759388609502
0.548,0.6,0.590887188911438,0.5893974483199418,0.0,0.0,0.11302962381897605
0.549,0.6,0.6128441095352173,0.5893974483199418,0.0,0.0,0.11558314073124624
0.55,0.6,0.6334565281867981,0.5893974483199418,0.0,0.0,0.11822254316228223
0.551,0.6,0.6522583365440369,0.5893974483199418,0.0,0.0,0.12094028646234194
0.552,0.6,0.6688500642776489,0.5893974483199418,0.0,0.0,0.12372716185117774
0.553,0.6,0.6829074621200562,0.5893974483199418,0.0,0.0,0.1265726098048221
0.554,0.6,0.6941883563995361,0.5893974483199418,0.0,0.0,0.12946506141932906
0.555,0.6,0.7025370001792908,0.5893974483199418,0.0,0.0,0.13239229892793097
0.556,0.6,0.7078859806060791,0.5893974483199418,0.0,0.0,0.13534182416438012
0.557,0.6,0.7102554440498352,0.5893974483199418,0.0,0.0,0.13830122186041943
0.558,0.6,0.7097476720809937,0.5893974483199418,0.0,0.0,0.14125850387899264
0.559,0.6,0.7065402269363403,0.5893974483199418,0.0,0.0,0.14420242152143545
0.56,0.6,0.7008754014968872,0.5893974483199418,0.0,0.0,0.14712273549645946
0.561,0.6,0.693048357963562,0.5893974483199418,0.0,0.0,0.1500104368552051
0.562,0.6,0.6833949685096741,0.5893974483199418,0.0,0.0,0.15285791597669865
0.5630000000000001,0.6,0.6722793579101562,0.5893974483199418,0.0,0.0,0.15565907985210534
0.5640000000000001,0.6,0.660081684589386,0.5893974483199418,0.0,0.0,0.15840942003161793
0.5650000000000001,0.6,0.6471875905990601,0.5893974483199418,0.0,0.0,0.16110603476722118
0.5660000000000001,0.6,0.6339778900146484,0.5893974483199418,0.0,0.0,0.16374760921233916
0.5670000000000001,0.6,0.620819628238678,0.5893974483199418,0.0,0.0,0.16633435757005632
0.5680000000000001,0.6,0.6080576777458191,0.5893974483199418,0.0,0.0,0.16886793095649003
0.5690000000000001,0.6,0.5960072875022888,0.5893974483199418,0.0,0.0,0.17135129474048036
0.5700000000000001,0.6,0.5849483013153076,0.5893974483199418,0.0,0.0,0.17378857927983002
0.5710000000000001,0.6,0.5751189589500427,0.5893974483199418,0.0,0.0,0.1761849082223951
0.5720000000000001,0.6,0.5667122602462769,0.5893974483199418,0.0,0.0,0.1785462091161246
0.5730000000000001,0.6,0.5598726272583008,0.5893974483199418,0.0,0.0,0.18087901153154035
0.5740000000000001,0.6,0.5546944737434387,0.5893974483199418,0.0,0.0,0.18319023845140536
0.5750000000000001,0.6,0.551222026348114,0.5893974483199418,0.0,0.0,0.18548699701509705
0.5760000000000001,0.6,0.549450695514679,0.5893974483199418,0.0,0.0,0.18777637480751322
0.577,0.6,0.5493294596672058,0.5893974483199418,0.0,0.0,0.19006524762747173
0.578,0.6,0.5507655739784241,0.5893974483199418,0.0,0.0,0.19236010411735444
0.579,0.6,0.5536289811134338,0.5893974483199418,0.0,0.0,0.19466689162672443
0.58,0.6,0.5577588677406311,0.5893974483199418,0.0,0.0,0.19699088665416306
0.581,0.6,0.5629692673683167,0.5893974483199418,0.0,0.0,0.19933659194575218
0.582,0.6,0.5690565705299377,0.5893974483199418,0.0,0.0,0.2017076612863055
0.583,0.6,0.5758057832717896,0.5893974483199418,0.0,0.0,0.204106851952313
0.584,0.6,0.5829964876174927,0.5893974483199418,0.0,0.0,0.20653600404497996
0.585,0.6,0.5904099345207214,0.5893974483199418,0.0,0.0,0.20899604537390948
0.586,0.6,0.5978339314460754,0.5893974483199418,0.0,0.0,0.21148701998325295
0.587,0.6,0.6050683856010437,0.5893974483199418,0.0,0.0,0.21400813814909567
0.588,0.6,0.611929714679718,0.5893974483199418,0.0,0.0,0.2165578453362491
0.589,0.6,0.6182548999786377,0.5893974483199418,0.0,0.0,0.2191339073635177
0.59,0.6,0.6239044070243835,0.5893974483199418,0.0,0.0,0.22173350878243486
0.591,0.6,0.6287646889686584,0.5893974483199418,0.0,0.0,0.22435336130832484
0.592,0.6,0.6327499151229858,0.5893974483199418,0.0,0.0,0.2269898189843245
0.593,0.6,0.6358026266098022,0.5893974483199418,0.0,0.0,0.2296389966681327
0.594,0.6,0.6378940343856812,0.5893974483199418,0.0,0.0,0.2322968884584308
0.595,0.6,0.6390226483345032,0.5893974483199418,0.0,0.0,0.23495948276227346
0.596,0.6,0.6392131447792053,0.5893974483199418,0.0,0.0,0.23762287099808838
0.597,0.6,0.6385142803192139,0.5893974483199418,0.0,0.0,0.24028334722556155
0.598,0.6,0.6369957327842712,0.5893974483199418,0.0,0.0,0.24293749640578843
0.599,0.6,0.6347455382347107,0.5893974483199418,0.0,0.0,0.24558226953322423
0.6,0.6,0.6318659782409668,0.5893974483199418,0.0,0.0,0.2482150443303392
0.601,0.6,0.6284703612327576,0.5893974483199418,0.0,0.0,0.2508336707829468
0.602,0.6,0.6246793270111084,0.5893974483199418,0.0,0.0,0.25343650123165207
0.603,0.6,0.6206169128417969,0.5893974483199418,0.0,0.0,0.25602240517996594
0.604,0.6,0.6164073944091797,0.5893974483199418,0.0,0.0,0.25859076940103937
0.605,0.6,0.6121715903282166,0.5893974483199418,0.0,0.0,0.2611414842222604
0.606,0.6,0.608024001121521,0.5893974483199418,0.0,0.0,0.2636749171983099
0.607,0.6,0.6040699481964111,0.5893974483199418,0.0,0.0,0.26619187560308144
0.608,0.6,0.6004040837287903,0.5893974483199418,0.0,0.0,0.26869355938523504
0.609,0.6,0.5971072316169739,0.5893974483199418,0.0,0.0,0.27118150629083204
0.61,0.6,0.5942459106445312,0.5893974483199418,0.0,0.0,0.2736575311118212
0.611,0.6,0.5918712019920349,0.5893974483199418,0.0,0.0,0.27612366096928814
0.612,0.6,0.5900177955627441,0.5893974483199418,0.0,0.0,0.2785820685700391
0.613,0.6,0.5887048244476318,0.5893974483199418,0.0,0.0,0.2810350053908368
0.614,0.6,0.5879354476928711,0.5893974483199418,0.0,0.0,0.2834847365483941
0.615,0.6,0.587698221206665,0.5893974483199418,0.0,0.0,0.2859334790716026
0.616,0.6,0.5879678726196289,0.5893974483199418,0.0,0.0,0.2883833450388471
0.617,0.6,0.5887069702148438,0.5893974483199418,0.0,0.0,0.2908362908690462
0.618,0.6,0.5898678302764893,0.5893974483199418,0.0,0.0,0.29329407378527345
0.619,0.6,0.5913941860198975,0.5893974483199418,0.0,0.0,0.29575821618587916
0.62,0.6,0.5932229161262512,0.5893974483199418,0.0,0.0,0.29822997841865556
0.621,0.6,0.5952867865562439,0.5893974483199418,0.0,0.0,0.3007103402257164
0.622,0.6,0.5975161790847778,0.5893974483199418,0.0,0.0,0.30319999079977156
0.623,0.6,0.5998407602310181,0.5893974483199418,0.0,0.0,0.3056993272034174
0.624,0.6,0.6021919846534729,0.5893974483199418,0.0,0.0,0.3082084607354772
0.625,0.6,0.6045047640800476,0.5893974483199418,0.0,0.0,0.3107272305765674
0.626,0.6,0.6067184209823608,0.5893974483199418,0.0,0.0,0.3132552239044009
0.627,0.6,0.608778715133667,0.5893974483199418,0.0,0.0,0.31579180161449016
0.628,0.6,0.6106386184692383,0.5893974483199418,0.0,0.0,0.31833612860739935
0.629,0.6,0.6122589707374573,0.5893974483199418,0.0,0.0,0.32088720757816563
0.63,0.6,0.6136098504066467,0.5893974483199418,0.0,0.0,0.32344391523066435
0.631,0.6,0.6146698594093323,0.5893974483199418,0.0,0.0,0.32600503974576334
0.632,0.6,0.6154268980026245,0.5893974483199418,0.0,0.0,0.32856931847742354
0.633,0.6,0.6158775091171265,0.5893974483199418,0.0,0.0,0.3311354748211242
0.634,0.6,0.6160268187522888,0.5893974483199418,0.0,0.0,0.3337022533317628
0.635,0.6,0.6158877015113831,0.5893974483199418,0.0,0.0,0.3362684522279234
0.636,0.6,0.6154800653457642,0.5893974483199418,0.0,0.0,0.3388329525633346
0.637,0.6,0.6148297786712646,0.5893974483199418,0.0,0.0,0.34139474347001125
0.638,0.6,0.6139678955078125,0.5893974483199418,0.0,0.0,0.34395294303350926
0.639,0.6,0.6129291653633118,0.5893974483199418,0.0,0.0,0.3465068144751408
0.64,0.6,0.611751139163971,0.5893974483199418,0.0,0.0,0.34905577750286787
0.641,0.6,0.6104730367660522,0.5893974483199418,0.0,0.0,0.35159941480094153
0.642,0.6,0.6091341376304626,0.5893974483199418,0.0,0.0,0.35413747375710564
0.643,0.6,0.6077736020088196,0.5893974483199418,0.0,0.0,0.35666986369969855
0.644,0.6,0.6064284443855286,0.5893974483199418,0.0,0.0,0.3591966489196873
0.645,0.6,0.6051334142684937,0.5893974483199418,0.0,0.0,0.36171803796299534
0.646,0.6,0.6039196252822876,0.5893974483199418,0.0,0.0,0.364234369662064
0.647,0.6,0.6028144359588623,0.5893974483199418,0.0,0.0,0.36674609650152784
0.648,0.6,0.601840615272522,0.5893974483199418,0.0,0.0,0.369253765891132
0.649,0.6,0.6010162234306335,0.5893974483199418,0.0,0.0,0.37175799997929354
0.65,0.6,0.6003538966178894,0.5893974483199418,0.0,0.0,0.37425947461775544
0.651,0.6,0.5998616814613342,0.5893974483199418,0.0,0.0,0.3767588981331342
0.652,0.6,0.5995421409606934,0.5893974483199418,0.0,0.0,0.3792569904295241
0.653,0.6,0.5993934273719788,0.5893974483199418,0.0,0.0,0.3817544630171164
0.654,0.6,0.5994089841842651,0.5893974483199418,0.0,0.0,0.38425200040662144
0.655,0.6,0.599578320980072,0.5893974483199418,0.0,0.0,0.3867502433175748
0.656,0.6,0.5998873710632324,0.5893974483199418,0.0,0.0,0.3892497740355814
0.657,0.6,0.6003192663192749,0.5893974483199418,0.0,0.0,0.3917511041935007
0.658,0.6,0.6008546352386475,0.5893974483199418,0.0,0.0,0.39425466514900015
0.659,0.6,0.6014726161956787,0.5893974483199418,0.0,0.0,0.39676080108722156
0.66,0.6,0.6021513938903809,0.5893974483199418,0.0,0.0,0.3992697648562922
0.661,0.6,0.602868378162384,0.5893974483199418,0.0,0.0,0.40178171648301003
0.662,0.6,0.60360187292099,0.5893974483199418,0.0,0.0,0.4042967242996276
0.663,0.6,0.6043305397033691,0.5893974483199418,0.0,0.0,0.40681476842936554
0.664,0.6,0.6050347089767456,0.5893974483199418,0.0,0.0,0.40933574645408766
0.665,0.6,0.6056962609291077,0.5893974483199418,0.0,0.0,0.41185948095070934
0.666,0.6,0.6062994003295898,0.5893974483199418,0.0,0.0,0.4143857286150883
0.667,0.6,0.6068309545516968,0.5893974483199418,0.0,0.0,0.41691419062152213
0.668,0.6,0.6072799563407898,0.5893974483199418,0.0,0.0,0.4194445238531541
0.669,0.6,0.607638955116272,0.5893974483199418,0.0,0.0,0.4219763527068114
0.67,0.6,0.6079028248786926,0.5893974483199418,0.0,0.0,0.424509281045381
0.671,0.6,0.6080695390701294,0.5893974483199418,0.0,0.0,0.42704290402982775
0.672,0.6,0.60813969373703,0.5893974483199418,0.0,0.0,0.4295768194911194
0.673,0.6,0.6081165671348572,0.5893974483199418,0.0,0.0,0.43211063857564774
0.674,0.6,0.6080056428909302,0.5893974483199418,0.0,0.0,0.4346439954063497
0.675,0.6,0.6078144907951355,0.5893974483199418,0.0,0.0,0.43717655557021745
0.676,0.6,0.6075522899627686,0.5893974483199418,0.0,0.0,0.4397080232671311
0.677,0.6,0.6072297096252441,0.5893974483199418,0.0,0.0,0.44223814701797187
0.678,0.6,0.606858491897583,0.5893974483199418,0.0,0.0,0.4447667238491237
0.679,0.6,0.6064506769180298,0.5893974483199418,0.0,0.0,0.4472936019219056
0.68,0.6,0.6060190796852112,0.5893974483199418,0.0,0.0,0.4498186816642993
0.681,0.6,0.6055760979652405,0.5893974483199418,0.0,0.0,0.45234191540493807
0.682,0.6,0.6051336526870728,0.5893974483199418,0.0,0.0,0.4548633056432253
0.683,0.6,0.6047031879425049,0.5893974483199418,0.0,0.0,0.45738290208808163
0.684,0.6,0.6042948961257935,0.5893974483199418,0.0,0.0,0.45990079758981245
0.685,0.6,0.6039181351661682,0.5893974483199418,0.0,0.0,0.4624171231693792
0.686,0.6,0.6035805940628052,0.5893974483199418,0.0,0.0,0.4649320422902926
0.687,0.6,0.6032885313034058,0.5893974483199418,0.0,0.0,0.4674457446037512
0.6880000000000001,0.6,0.603046715259552,0.5893974483199418,0.0,0.0,0.4699584393572929
0.6890000000000001,0.6,0.6028582453727722,0.5893974483199418,0.0,0.0,0.4724703486528706
0.6900000000000001,0.6,0.6027244925498962,0.5893974483199418,0.0,0.0,0.47498170074956836
0.6910000000000001,0.6,0.6026455163955688,0.5893974483199418,0.0,0.0,0.4774927236016118
0.6920000000000001,0.6,0.6026195883750916,0.5893974483199418,0.0,0.0,0.4800036387643109
0.6930000000000001,0.6,0.6026440858840942,0.5893974483199418,0.0,0.0,0.4825146558466922
0.6940000000000001,0.6,0.6027148962020874,0.5893974483199418,0.0,0.0,0.48502596757858996
0.6950000000000001,0.6,0.602826714515686,0.5893974483199418,0.0,0.0,0.48753774562333574
0.6960000000000001,0.6,0.602973997592926,0.5893974483199418,0.0,0.0,0.49005013722610474
0.6970000000000001,0.6,0.6031501889228821,0.5893974483199418,0.0,0.0,0.49256326267559863
0.6980000000000001,0.6,0.6033481955528259,0.5893974483199418,0.0,0.0,0.4950772136454005
0.6990000000000001,0.6,0.603561282157898,0.5893974483199418,0.0,0.0,0.49759205242404125
0.7000000000000001,0.6,0.6037822365760803,0.5893974483199418,0.0,0.0,0.5001078119417671
0.7010000000000001,0.6,0.6040043234825134,0.5893974483199418,0.0,0.0,0.5026244966014993
0.7020000000000001,0.6,0.6042209267616272,0.5893974483199418,0.0,0.0,0.5051420838138257
0.7030000000000001,0.6,0.6044260859489441,0.5893974483199418,0.0,0.0,0.5076605261821071
0.704,0.6,0.6046147346496582,0.5893974483199418,0.0,0.0,0.5101797542266441
0.705,0.6,0.6047820448875427,0.5893974483199418,0.0,0.0,0.5126996795165782
0.706,0.6,0.6049244999885559,0.5893974483199418,0.0,0.0,0.5152201981597112
0.707,0.6,0.605039119720459,0.5893974483199418,0.0,0.0,0.517741194482608
0.708,0.6,0.6051240563392639,0.5893974483199418,0.0,0.0,0.5202625448303393
0.709,0.6,0.6051783561706543,0.5893974483199418,0.0,0.0,0.5227841213522425
0.71,0.6,0.6052018404006958,0.5893974483199418,0.0,0.0,0.5253057956746555
0.711,0.6,0.6051952242851257,0.5893974483199418,0.0,0.0,0.5278274423807272
0.712,0.6,0.6051598787307739,0.5893974483199418,0.0,0.0,0.5303489422085721
0.713,0.6,0.6050982475280762,0.5893974483199418,0.0,0.0,0.5328701849109639
0.714,0.6,0.605012834072113,0.5893974483199418,0.0,0.0,0.5353910716760236
0.715,0.6,0.6049069166183472,0.5893974483199418,0.0,0.0,0.5379115171281549
0.716,0.6,0.6047840714454651,0.5893974483199418,0.0,0.0,0.5404314508467618
0.717,0.6,0.604648232460022,0.5893974483199418,0.0,0.0,0.5429508183974866
0.718,0.6,0.6045032143592834,0.5893974483199418,0.0,0.0,0.5454695818641878
0.719,0.6,0.604353129863739,0.5893974483199418,0.0,0.0,0.5479877199241386
0.72,0.6,0.6042017936706543,0.5893974483199418,0.0,0.0,0.5505052274593973
0.721,0.6,0.6040529608726501,0.5893974483199418,0.0,0.0,0.553022114764702
0.722,0.6,0.6039099097251892,0.5893974483199418,0.0,0.0,0.5555384063818186
0.723,0.6,0.6037759780883789,0.5893974483199418,0.0,0.0,0.5580541396354267
0.724,0.6,0.6036535501480103,0.5893974483199418,0.0,0.0,0.560569362880815
0.725,0.6,0.6035448908805847,0.5893974483199418,0.0,0.0,0.5630841335870737
0.726,0.6,0.6034518480300903,0.5893974483199418,0.0,0.0,0.5655985162783261
0.727,0.6,0.6033753156661987,0.5893974483199418,0.0,0.0,0.5681125803877539
0.728,0.6,0.6033162474632263,0.5893974483199418,0.0,0.0,0.5706263981363644
0.729,0.6,0.6032745838165283,0.5893974483199418,0.0,0.0,0.5731400424279043
0.73,0.6,0.6032501459121704,0.5893974483199418,0.0,0.0,0.5756535848725972
0.731,0.6,0.6032421588897705,0.5893974483199418,0.0,0.0,0.578167093945233
0.732,0.6,0.6032494306564331,0.5893974483199418,0.0,0.0,0.5806806333365269
0.733,0.6,0.6032705903053284,0.5893974483199418,0.0,0.0,0.5831942605331576
0.734,0.6,0.6033036112785339,0.5893974483199418,0.0,0.0,0.5857080256330612
0.735,0.6,0.6033467650413513,0.5893974483199418,0.0,0.0,0.5882219704558866
0.736,0.6,0.603397786617279,0.5893974483199418,0.0,0.0,0.590736127897781
0.737,0.6,0.6034544706344604,0.5893974483199418,0.0,0.0,0.5932505215765824
0.738,0.6,0.6035146117210388,0.5893974483199418,0.0,0.0,0.5957651657438041
0.739,0.6,0.6035758852958679,0.5893974483199418,0.0,0.0,0.598280065447938
0.74,0.6,0.6036364436149597,0.5893974483199418,0.0,0.0,0.6007952169479541
0.741,0.6,0.6036939024925232,0.5893974483199418,0.0,0.0,0.6033106083089249
0.742,0.6,0.6037468314170837,0.5893974483199418,0.0,0.0,0.6058262202297172
0.743,0.6,0.6037936210632324,0.5893974483199418,0.0,0.0,0.6083420269821457
0.744,0.6,0.6038328409194946,0.5893974483199418,0.0,0.0,0.6108579974754523
0.745,0.6,0.6038637757301331,0.5893974483199418,0.0,0.0,0.6133740964189502
0.746,0.6,0.6038853526115417,0.5893974483199418,0.0,0.0,0.6158902854968891
0.747,0.6,0.6038974523544312,0.5893974483199418,0.0,0.0,0.6184065245953296
0.748,0.6,0.6038995981216431,0.5893974483199418,0.0,0.0,0.6209227729709461
0.749,0.6,0.6038922071456909,0.5893974483199418,0.0,0.0,0.62343899040561
0.75,0.6,0.603875458240509,0.5893974483199418,0.0,0.0,0.6259551382472087
0.751,0.6,0.6038501262664795,0.5893974483199418,0.0,0.0,0.6284711803703353
0.752,0.6,0.6038168668746948,0.5893974483199418,0.0,0.0,0.6309870839946209
0.753,0.6,0.6037766933441162,0.5893974483199418,0.0,0.0,0.6335028203825421
0.754,0.6,0.6037307977676392,0.5893974483199418,0.0,0.0,0.6360183653835899
0.755,0.6,0.6036802530288696,0.5893974483199418,0.0,0.0,0.6385336998136912
0.756,0.6,0.6036264300346375,0.5893974483199418,0.0,0.0,0.6410488096929255
0.757,0.6,0.6035704016685486,0.5893974483199418,0.0,0.0,0.6435636863162586
0.758,0.6,0.6035135984420776,0.5893974483199418,0.0,0.0,0.646078326200519
0.759,0.6,0.6034570932388306,0.5893974483199418,0.0,0.0,0.6485927308745375
0.76,0.6,0.6034021973609924,0.5893974483199418,0.0,0.0,0.651106906561729
0.761,0.6,0.6033498048782349,0.5893974483199418,0.0,0.0,0.6536208637344595
0.762,0.6,0.6033006310462952,0.5893974483199418,0.0,0.0,0.6561346165944828
0.763,0.6,0.6032558679580688,0.5893974483199418,0.0,0.0,0.6586481825037435
0.764,0.6,0.6032156348228455,0.5893974483199418,0.0,0.0,0.6611615813146439
0.765,0.6,0.6031808257102966,0.5893974483199418,0.0,0.0,0.6636748347261914
0.766,0.6,0.6031513810157776,0.5893974483199418,0.0,0.0,0.6661879655771988
0.767,0.6,0.6031275987625122,0.5893974483199418,0.0,0.0,0.6687009971873512
0.768,0.6,0.6031093001365662,0.5893974483199418,0.0,0.0,0.671213952702987
0.769,0.6,0.6030964255332947,0.5893974483199418,0.0,0.0,0.6737268545008389
0.77,0.6,0.6030885577201843,0.5893974483199418,0.0,0.0,0.6762397236328413
0.771,0.6,0.6030853986740112,0.5893974483199418,0.0,0.0,0.6787525793497482
0.772,0.6,0.6030862331390381,0.5893974483199418,0.0,0.0,0.6812654386854845
0.773,0.6,0.6030905246734619,0.5893974483199418,0.0,0.0,0.6837783161455784
0.774,0.6,0.6030977368354797,0.5893974483199418,0.0,0.0,0.6862912234734492
0.775,0.6,0.6031070351600647,0.5893974483199418,0.0,0.0,0.6888041694900048
0.776,0.6,0.6031177043914795,0.5893974483199418,0.0,0.0,0.6913171600357906
0.777,0.6,0.6031291484832764,0.5893974483199418,0.0,0.0,0.6938301979963353
0.778,0.6,0.6031404733657837,0.5893974483199418,0.0,0.0,0.6963432833924521
0.779,0.6,0.603151261806488,0.5893974483199418,0.0,0.0,0.6988564135653016
0.78,0.6,0.6031607985496521,0.5893974483199418,0.0,0.0,0.7013695833970929
0.781,0.6,0.6031686067581177,0.5893974483199418,0.0,0.0,0.7038827855989542
0.782,0.6,0.6031741499900818,0.5893974483199418,0.0,0.0,0.7063960110353046
0.783,0.6,0.6031770706176758,0.5893974483199418,0.0,0.0,0.7089092490893921
0.784,0.6,0.6031774282455444,0.5893974483199418,0.0,0.0,0.7114224880475676
0.785,0.6,0.6031745076179504,0.5893974483199418,0.0,0.0,0.7139357154543372
0.786,0.6,0.6031686663627625,0.5893974483199418,0.0,0.0,0.7164489185271606
0.787,0.6,0.6031598448753357,0.5893974483199418,0.0,0.0,0.7189620845068825
0.788,0.6,0.6031479835510254,0.5893974483199418,0.0,0.0,0.7214752009945596
0.789,0.6,0.6031332612037659,0.5893974483199418,0.0,0.0,0.7239882562755358
0.79,0.6,0.603115975856781,0.5893974483199418,0.0,0.0,0.7265012396047443
0.791,0.6,0.6030964255332947,0.5893974483199418,0.0,0.0,0.7290141414421326
0.792,0.6,0.6030749082565308,0.5893974483199418,0.0,0.0,0.7315269536411436
0.793,0.6,0.6030518412590027,0.5893974483199418,0.0,0.0,0.7340396695930148
0.794,0.6,0.6030275225639343,0.5893974483199418,0.0,0.0,0.7365522843160719
0.795,0.6,0.6030024290084839,0.5893974483199418,0.0,0.0,0.7390647945066324
0.796,0.6,0.6029769778251648,0.5893974483199418,0.0,0.0,0.7415771985336378
0.797,0.6,0.6029514670372009,0.5893974483199418,0.0,0.0,0.7440894963869741
0.798,0.6,0.6029263734817505,0.5893974483199418,0.0,0.0,0.7466016895955712
0.799,0.6,0.6029019355773926,0.5893974483199418,0.0,0.0,0.7491137810968905
0.8,0.6,0.6028785109519958,0.5893974483199418,0.0,0.0,0.7516257750874206
0.801,0.6,0.6028563976287842,0.5893974483199418,0.0,0.0,0.7541376768418306
0.802,0.6,0.6028358340263367,0.5893974483199418,0.0,0.0,0.7566494925092718
0.803,0.6,0.6028167605400085,0.5893974483199418,0.0,0.0,0.7591612288948087
0.804,0.6,0.6027995347976685,0.5893974483199418,0.0,0.0,0.7616728932603408
0.805,0.6,0.6027839779853821,0.5893974483199418,0.0,0.0,0.7641844930968793
0.806,0.6,0.6027702689170837,0.5893974483199418,0.0,0.0,0.7666960359301709
0.807,0.6,0.6027584075927734,0.5893974483199418,0.0,0.0,0.7692075291174391
0.808,0.6,0.6027481555938721,0.5893974483199418,0.0,0.0,0.7717189796558487
0.809,0.6,0.6027393937110901,0.5893974483199418,0.0,0.0,0.7742303940287879
0.81,0.6,0.602732241153717,0.5893974483199418,0.0,0.0,0.77674177807435
0.811,0.6,0.60272616147995,0.5893974483199418,0.0,0.0,0.7792531368478539
0.812,0.6,0.602721095085144,0.5893974483199418,0.0,0.0,0.7817644745525107
0.8130000000000001,0.6,0.6027168035507202,0.5893974483199418,0.0,0.0,0.7842757944806127
0.8140000000000001,0.6,0.6027131080627441,0.5893974483199418,0.0,0.0,0.7867870989847436
0.8150000000000001,0.6,0.6027097105979919,0.5893974483199418,0.0,0.0,0.7892983894705633
0.8160000000000001,0.6,0.6027064919471741,0.5893974483199418,0.0,0.0,0.7918096664233226
0.8170000000000001,0.6,0.6027031540870667,0.5893974483199418,0.0,0.0,0.794320929446046
0.8180000000000001,0.6,0.6026995182037354,0.5893974483199418,0.0,0.0,0.7968321773288303
0.8190000000000001,0.6,0.6026954650878906,0.5893974483199418,0.0,0.0,0.7993434081340611
0.8200000000000001,0.6,0.6026906967163086,0.5893974483199418,0.0,0.0,0.8018546192899361
0.8210000000000001,0.6,0.6026852130889893,0.5893974483199418,0.0,0.0,0.8043658077119518
0.8220000000000001,0.6,0.6026789546012878,0.5893974483199418,0.0,0.0,0.8068769699172259
0.8230000000000001,0.6,0.60267174243927,0.5893974483199418,0.0,0.0,0.809388102138806
0.8240000000000001,0.6,0.6026635766029358,0.5893974483199418,0.0,0.0,0.811899200453395
0.8250000000000001,0.6,0.6026545166969299,0.5893974483199418,0.0,0.0,0.8144102609016304
0.8260000000000001,0.6,0.6026445627212524,0.5893974483199418,0.0,0.0,0.8169212795946629
0.8270000000000001,0.6,0.6026335954666138,0.5893974483199418,0.0,0.0,0.8194322528145546
0.8280000000000001,0.6,0.602621853351593,0.5893974483199418,0.0,0.0,0.8219431771223006
0.8290000000000001,0.6,0.6026093363761902,0.5893974483199418,0.0,0.0,0.8244540494327983
0.8300000000000001,0.6,0.6025962233543396,0.5893974483199418,0.0,0.0,0.826964867085537
0.8310000000000001,0.6,0.602582573890686,0.5893974483199418,0.0,0.0,0.8294756278911366
0.8320000000000001,0.6,0.6025685667991638,0.5893974483199418,0.0,0.0,0.8319863301685735
0.833,0.6,0.6025542616844177,0.5893974483199418,0.0,0.0,0.8344969727602086
0.834,0.6,0.6025397181510925,0.5893974483199418,0.0,0.0,0.8370075550393365
0.835,0.6,0.6025253534317017,0.5893974483199418,0.0,0.0,0.839518076910681
0.836,0.6,0.6025108695030212,0.5893974483199418,0.0,0.0,0.8420285387640087
0.837,0.6,0.6024966239929199,0.5893974483199418,0.0,0.0,0.8445389414640462
0.838,0.6,0.6024827361106873,0.5893974483199418,0.0,0.0,0.8470492863008219
0.839,0.6,0.6024693250656128,0.5893974483199418,0.0,0.0,0.8495595749295423
0.84,0.6,0.6024563312530518,0.5893974483199418,0.0,0.0,0.8520698093005951
0.841,0.6,0.6024437546730042,0.5893974483199418,0.0,0.0,0.8545799916003574
0.842,0.6,0.6024318337440491,0.5893974483199418,0.0,0.0,0.8570901241954648
0.843,0.6,0.6024205088615417,0.5893974483199418,0.0,0.0,0.8596002095534991
0.844,0.6,0.6024097204208374,0.5893974483199418,0.0,0.0,0.8621102501749806
0.845,0.6,0.6023995876312256,0.5893974483199418,0.0,0.0,0.8646202485359971
0.846,0.6,0.6023900508880615,0.5893974483199418,0.0,0.0,0.8671302070207151
0.847,0.6,0.6023809909820557,0.5893974483199418,0.0,0.0,0.8696401278644758
0.848,0.6,0.6023724675178528,0.5893974483199418,0.0,0.0,0.872150013113545
0.849,0.6,0.6023643612861633,0.5893974483199418,0.0,0.0,0.8746598645804357
0.85,0.6,0.6023566722869873,0.5893974483199418,0.0,0.0,0.8771696838151614
0.851,0.6,0.6023491621017456,0.5893974483199418,0.0,0.0,0.879679472078085
0.852,0.6,0.6023420095443726,0.5893974483199418,0.0,0.0,0.8821892303410873
0.853,0.6,0.6023349165916443,0.5893974483199418,0.0,0.0,0.8846989592684699
0.854,0.6,0.6023280024528503,0.5893974483199418,0.0,0.0,0.8872086592324171
0.855,0.6,0.6023210883140564,0.5893974483199418,0.0,0.0,0.8897183303140703
0.856,0.6,0.6023139953613281,0.5893974483199418,0.0,0.0,0.8922279723245813
0.857,0.6,0.6023070216178894,0.5893974483199418,0.0,0.0,0.8947375848449953
0.858,0.6,0.6022997498512268,0.5893974483199418,0.0,0.0,0.8972471672302226
0.859,0.6,0.6022922992706299,0.5893974483199418,0.0,0.0,0.899756718659664
0.86,0.6,0.6022846698760986,0.5893974483199418,0.0,0.0,0.9022662381714398
0.861,0.6,0.6022767424583435,0.5893974483199418,0.0,0.0,0.9047757246945864
0.862,0.6,0.6022685766220093,0.5893974483199418,0.0,0.0,0.9072851770927639
0.863,0.6,0.6022601127624512,0.5893974483199418,0.0,0.0,0.9097945941986982
0.864,0.6,0.6022513508796692,0.5893974483199418,0.0,0.0,0.9123039748533065
0.865,0.6,0.6022423505783081,0.5893974483199418,0.0,0.0,0.9148133179425478
0.866,0.6,0.6022330522537231,0.5893974483199418,0.0,0.0,0.917322622425424
0.867,0.6,0.6022235751152039,0.5893974483199418,0.0,0.0,0.9198318873670618
0.868,0.6,0.6022138595581055,0.5893974483199418,0.0,0.0,0.922341111956479
0.869,0.6,0.6022040843963623,0.5893974483199418,0.0,0.0,0.9248502955300296
0.87,0.6,0.6021941304206848,0.5893974483199418,0.0,0.0,0.9273594375733946
0.871,0.6,0.6021840572357178,0.5893974483199418,0.0,0.0,0.92986853773688
0.872,0.6,0.602173924446106,0.5893974483199418,0.0,0.0,0.9323775958431437
0.873,0.6,0.6021637916564941,0.5893974483199418,0.0,0.0,0.9348866118877898
0.874,0.6,0.6021537780761719,0.5893974483199418,0.0,0.0,0.937395586033238
0.875,0.6,0.6021438241004944,0.5893974483199418,0.0,0.0,0.9399045185895616
0.876,0.6,0.6021339297294617,0.5893974483199418,0.0,0.0,0.9424134100031468
0.877,0.6,0.6021242141723633,0.5893974483199418,0.0,0.0,0.9449222608460351
0.878,0.6,0.6021146178245544,0.5893974483199418,0.0,0.0,0.9474310717924675
0.879,0.6,0.6021052598953247,0.5893974483199418,0.0,0.0,0.9499398436035098
0.88,0.6,0.6020960211753845,0.5893974483199418,0.0,0.0,0.9524485770991521
0.881,0.6,0.6020870208740234,0.5893974483199418,0.0,0.0,0.9549572731454373
0.882,0.6,0.6020783185958862,0.5893974483199418,0.0,0.0,0.9574659326289159
0.883,0.6,0.6020697355270386,0.5893974483199418,0.0,0.0,0.9599745564258609
0.884,0.6,0.6020612716674805,0.5893974483199418,0.0,0.0,0.9624831453933708
0.885,0.6,0.602053165435791,0.5893974483199418,0.0,0.0,0.9649917003609676
0.886,0.6,0.6020452380180359,0.5893974483199418,0.0,0.0,0.9675002220958341
0.887,0.6,0.6020374894142151,0.5893974483199418,0.0,0.0,0.9700087112901562
0.888,0.6,0.6020296812057495,0.5893974483199418,0.0,0.0,0.9725171685491674
0.889,0.6,0.6020222306251526,0.5893974483199418,0.0,0.0,0.9750255944066838
0.89,0.6,0.6020147800445557,0.5893974483199418,0.0,0.0,0.9775339892927523
0.891,0.6,0.6020074486732483,0.5893974483199418,0.0,0.0,0.98004235354339
0.892,0.6,0.6020001173019409,0.5893974483199418,0.0,0.0,0.9825506873962978
0.893,0.6,0.6019928455352783,0.5893974483199418,0.0,0.0,0.9850589910002134
0.894,0.6,0.6019856333732605,0.5893974483199418,0.0,0.0,0.9875672644169731
0.895,0.6,0.6019783020019531,0.5893974483199418,0.0,0.0,0.9900755076234254
0.896,0.6,0.6019710898399353,0.5893974483199418,0.0,0.0,0.992583720533321
0.897,0.6,0.6019638776779175,0.5893974483199418,0.0,0.0,0.9950919029910823
0.898,0.6,0.6019564270973206,0.5893974483199418,0.0,0.0,0.9976000547793159
0.899,0.6,0.6019490361213684,0.5893974483199418,0.0,0.0,1.0001081756526913
0.9,0.6,0.6019415259361267,0.5893974483199418,0.0,0.0,1.002616265336303
0.901,0.6,0.6019339561462402,0.5893974483199418,0.0,0.0,1.0051243235442289
0.902,0.6,0.601926326751709,0.5893974483199418,0.0,0.0,1.0076323499902862
0.903,0.6,0.6019185781478882,0.5893974483199418,0.0,0.0,1.0101403443981603
0.904,0.6,0.6019108891487122,0.5893974483199418,0.0,0.0,1.0126483065176282
0.905,0.6,0.6019031405448914,0.5893974483199418,0.0,0.0,1.0151562361197262
0.906,0.6,0.6018952131271362,0.5893974483199418,0.0,0.0,1.0176641330055953
0.907,0.6,0.6018873453140259,0.5893974483199418,0.0,0.0,1.0201719970282221
0.908,0.6,0.6018795371055603,0.5893974483199418,0.0,0.0,1.0226798280860894
0.909,0.6,0.6018715500831604,0.5893974483199418,0.0,0.0,1.025187626117193
0.91,0.6,0.6018636226654053,0.5893974483199418,0.0,0.0,1.0276953911202256
0.911,0.6,0.6018556952476501,0.5893974483199418,0.0,0.0,1.0302031231477056
0.912,0.6,0.6018478274345398,0.5893974483199418,0.0,0.0,1.0327108223062076
0.913,0.6,0.6018399596214294,0.5893974483199418,0.0,0.0,1.0352184887498734
0.914,0.6,0.6018321514129639,0.5893974483199418,0.0,0.0,1.0377261226810015
0.915,0.6,0.6018244028091431,0.5893974483199418,0.0,0.0,1.0402337243438902
0.916,0.6,0.601816713809967,0.5893974483199418,0.0,0.0,1.042741294019035
0.917,0.6,0.6018091440200806,0.5893974483199418,0.0,0.0,1.0452488320176563
0.918,0.6,0.6018015146255493,0.5893974483199418,0.0,0.0,1.0477563386698312
0.919,0.6,0.6017941832542419,0.5893974483199418,0.0,0.0,1.050263814333422
0.92,0.6,0.6017867922782898,0.5893974483199418,0.0,0.0,1.0527712593622398
0.921,0.6,0.6017795205116272,0.5893974483199418,0.0,0.0,1.0552786741162814
0.922,0.6,0.6017724275588989,0.5893974483199418,0.0,0.0,1.0577860589512393
0.923,0.6,0.6017652750015259,0.5893974483199418,0.0,0.0,1.0602934142018992
0.924,0.6,0.6017581820487976,0.5893974483199418,0.0,0.0,1.062800740193307
0.925,0.6,0.6017512679100037,0.5893974483199418,0.0,0.0,1.0653080372378645
0.926,0.6,0.6017444133758545,0.5893974483199418,0.0,0.0,1.0678153056191613
0.927,0.6,0.6017376184463501,0.5893974483199418,0.0,0.0,1.0703225455901377
0.928,0.6,0.6017308235168457,0.5893974483199418,0.0,0.0,1.0728297573713386
0.929,0.6,0.6017240881919861,0.5893974483199418,0.0,0.0,1.075336941155951
0.93,0.6,0.601717472076416,0.5893974483199418,0.0,0.0,1.077844097107827
0.931,0.6,0.6017107963562012,0.5893974483199418,0.0,0.0,1.0803512253528977
0.932,0.6,0.6017042398452759,0.5893974483199418,0.0,0.0,1.082858325991182
0.933,0.6,0.601697564125061,0.5893974483199418,0.0,0.0,1.0853653990879601
0.934,0.6,0.6016908884048462,0.5893974483199418,0.0,0.0,1.08787244469227
0.935,0.6,0.6016843318939209,0.5893974483199418,0.0,0.0,1.0903794628409007
0.936,0.6,0.6016778349876404,0.5893974483199418,0.0,0.0,1.0928864535487264
0.937,0.6,0.6016710996627808,0.5893974483199418,0.0,0.0,1.0953934168062884
0.9380000000000001,0.6,0.6016646027565002,0.5893974483199418,0.0,0.0,1.097900352611039
0.9390000000000001,0.6,0.6016579866409302,0.5893974483199418,0.0,0.0,1.1004072609431064
0.9400000000000001,0.6,0.6016514897346497,0.5893974483199418,0.0,0.0,1.1029141417826882
0.9410000000000001,0.6,0.60164475440979,0.5893974483199418,0.0,0.0,1.1054209950996023
0.9420000000000001,0.6,0.6016381978988647,0.5893974483199418,0.0,0.0,1.1079278208836665
0.9430000000000001,0.6,0.6016316413879395,0.5893974483199418,0.0,0.0,1.1104346191263637
0.9440000000000001,0.6,0.6016249656677246,0.5893974483199418,0.0,0.0,1.112941389823677
0.9450000000000001,0.6,0.6016183495521545,0.5893974483199418,0.0,0.0,1.1154481329921684
0.9460000000000001,0.6,0.6016117334365845,0.5893974483199418,0.0,0.0,1.1179548486639903
0.9470000000000001,0.6,0.6016051769256592,0.5893974483199418,0.0,0.0,1.1204615368888926
0.9480000000000001,0.6,0.6015986204147339,0.5893974483199418,0.0,0.0,1.122968197729392
0.9490000000000001,0.6,0.6015920639038086,0.5893974483199418,0.0,0.0,1.1254748312629248
0.9500000000000001,0.6,0.6015855073928833,0.5893974483199418,0.0,0.0,1.1279814375838622
0.9510000000000001,0.6,0.6015790104866028,0.5893974483199418,0.0,0.0,1.130488016805402
0.9520000000000001,0.6,0.6015725135803223,0.5893974483199418,0.0,0.0,1.1329945690546395
0.9530000000000001,0.6,0.6015660762786865,0.5893974483199418,0.0,0.0,1.135501094474617
0.9540000000000001,0.6,0.6015597581863403,0.5893974483199418,0.0,0.0,1.138007593219544
0.9550000000000001,0.6,0.6015533208847046,0.5893974483199418,0.0,0.0,1.1405140654435773
0.9560000000000001,0.6,0.6015470027923584,0.5893974483199418,0.0,0.0,1.1430205113170655
0.9570000000000001,0.6,0.6015408039093018,0.5893974483199418,0.0,0.0,1.14552693101502
0.9580000000000001,0.6,0.6015344858169556,0.5893974483199418,0.0,0.0,1.1480333247062406
0.9590000000000001,0.6,0.6015282869338989,0.5893974483199418,0.0,0.0,1.1505396925698888
0.96,0.6,0.6015220880508423,0.5893974483199418,0.0,0.0,1.1530460347842626
0.961,0.6,0.6015160083770752,0.5893974483199418,0.0,0.0,1.1555523515296244
0.962,0.6,0.6015099287033081,0.5893974483199418,0.0,0.0,1.158058642977442
0.963,0.6,0.601503849029541,0.5893974483199418,0.0,0.0,1.1605649092936536
0.964,0.6,0.6014979481697083,0.5893974483199418,0.0,0.0,1.163071150641727
0.965,0.6,0.6014919877052307,0.5893974483199418,0.0,0.0,1.1655773671654197
0.966,0.6,0.6014860272407532,0.5893974483199418,0.0,0.0,1.1680835589993377
0.967,0.6,0.6014801263809204,0.5893974483199418,0.0,0.0,1.170589726272173
0.968,0.6,0.6014742851257324,0.5893974483199418,0.0,0.0,1.1730958691030289
0.969,0.6,0.6014684438705444,0.5893974483199418,0.0,0.0,1.1756019875979482
0.97,0.6,0.6014626026153564,0.5893974483199418,0.0,0.0,1.1781080818533356
0.971,0.6,0.6014568209648132,0.5893974483199418,0.0,0.0,1.1806141519591677
0.972,0.6,0.60145103931427,0.5893974483199418,0.0,0.0,1.1831201979952999
0.973,0.6,0.6014453172683716,0.5893974483199418,0.0,0.0,1.1856262200346808
0.974,0.6,0.6014395356178284,0.5893974483199418,0.0,0.0,1.1881322181396616
0.975,0.6,0.6014337539672852,0.5893974483199418,0.0,0.0,1.190638192371921
0.976,0.6,0.6014280915260315,0.5893974483199418,0.0,0.0,1.1931441427950953
0.977,0.6,0.6014224290847778,0.5893974483199418,0.0,0.0,1.195650069463837
0.978,0.6,0.6014167070388794,0.5893974483199418,0.0,0.0,1.1981559724269057
0.979,0.6,0.6014111042022705,0.5893974483199418,0.0,0.0,1.200661851736773
0.98,0.6,0.6014053821563721,0.5893974483199418,0.0,0.0,1.2031677074385478
0.981,0.6,0.6013997197151184,0.5893974483199418,0.0,0.0,1.205673539586352
0.982,0.6,0.6013940572738647,0.5893974483199418,0.0,0.0,1.2081793482386232
0.983,0.6,0.6013884544372559,0.5893974483199418,0.0,0.0,1.2106851334603823
0.984,0.6,0.601382851600647,0.5893974483199418,0.0,0.0,1.213190895318662
0.985,0.6,0.6013772487640381,0.5893974483199418,0.0,0.0,1.2156966338848902
0.986,0.6,0.6013716459274292,0.5893974483199418,0.0,0.0,1.2182023492371286
0.987,0.6,0.6013661623001099,0.5893974483199418,0.0,0.0,1.2207080414621758
0.988,0.6,0.6013606190681458,0.5893974483199418,0.0,0.0,1.2232137106441214
0.989,0.6,0.6013550758361816,0.5893974483199418,0.0,0.0,1.225719356873678
0.99,0.6,0.6013495326042175,0.5893974483199418,0.0,0.0,1.2282249802502554
0.991,0.6,0.6013442277908325,0.5893974483199418,0.0,0.0,1.230730580883907
0.992,0.6,0.6013387441635132,0.5893974483199418,0.0,0.0,1.2332361588703284
0.993,0.6,0.6013333797454834,0.5893974483199418,0.0,0.0,1.2357417143142375
0.994,0.6,0.6013278961181641,0.5893974483199418,0.0,0.0,1.238247247317864
0.995,0.6,0.601322591304779,0.5893974483199418,0.0,0.0,1.2407527579969164
0.996,0.6,0.6013172268867493,0.5893974483199418,0.0,0.0,1.2432582464620867
0.997,0.6,0.601311981678009,0.5893974483199418,0.0,0.0,1.2457637128284405
0.998,0.6,0.601306676864624,0.5893974483199418,0.0,0.0,1.2482691572041382
0.999,0.6,0.6013013124465942,0.5893974483199418,0.0,0.0,1.2507745796999166
1.0,0.6,0.6012961864471436,0.5893974483199418,0.0,0.0,1.2532799804380106
1.0010000000000001,0.6,0.6012910008430481,0.5893974483199418,0.0,0.0,1.2557853595270196
1.002,0.6,0.6012858152389526,0.5893974483199418,0.0,0.0,1.2582907170717532
1.0030000000000001,0.6,0.601280689239502,0.5893974483199418,0.0,0.0,1.2607960531757825
1.004,0.6,0.6012755632400513,0.5893974483199418,0.0,0.0,1.2633013679371374
1.0050000000000001,0.6,0.6012704372406006,0.5893974483199418,0.0,0.0,1.2658066614509411
1.006,0.6,0.6012653708457947,0.5893974483199418,0.0,0.0,1.2683119338118853
1.0070000000000001,0.6,0.6012603044509888,0.5893974483199418,0.0,0.0,1.2708171851098466
1.008,0.6,0.6012552976608276,0.5893974483199418,0.0,0.0,1.273322415432454
1.0090000000000001,0.6,0.6012502908706665,0.5893974483199418,0.0,0.0,1.2758276248607874
1.01,0.6,0.6012452840805054,0.5893974483199418,0.0,0.0,1.2783328134720247
1.0110000000000001,0.6,0.6012402176856995,0.5893974483199418,0.0,0.0,1.2808379813419293
1.012,0.6,0.6012353301048279,0.5893974483199418,0.0,0.0,1.2833431285538794
1.0130000000000001,0.6,0.6012303829193115,0.5893974483199418,0.0,0.0,1.285848255180556
1.014,0.6,0.6012254953384399,0.5893974483199418,0.0,0.0,1.2883533612934908
1.0150000000000001,0.6,0.6012206077575684,0.5893974483199418,0.0,0.0,1.2908584469586537
1.016,0.6,0.601215660572052,0.5893974483199418,0.0,0.0,1.29336351223898
1.0170000000000001,0.6,0.6012107729911804,0.5893974483199418,0.0,0.0,1.2958685572034567
1.018,0.6,0.6012058854103088,0.5893974483199418,0.0,0.0,1.2983735819222588
1.0190000000000001,0.6,0.601201057434082,0.5893974483199418,0.0,0.0,1.3008785864688628
1.02,0.6,0.6011962890625,0.5893974483199418,0.0,0.0,1.3033835709153294
1.0210000000000001,0.6,0.6011914610862732,0.5893974483199418,0.0,0.0,1.3058885353278438
1.022,0.6,0.6011866927146912,0.5893974483199418,0.0,0.0,1.3083934797759234
1.0230000000000001,0.6,0.6011818647384644,0.5893974483199418,0.0,0.0,1.3108984043276655
1.024,0.6,0.6011772155761719,0.5893974483199418,0.0,0.0,1.3134033090586803
1.025,0.6,0.6011723875999451,0.5893974483199418,0.0,0.0,1.3159081940336685
1.026,0.6,0.6011676788330078,0.5893974483199418,0.0,0.0,1.3184130593292975
1.027,0.6,0.6011629700660706,0.5893974483199418,0.0,0.0,1.3209179050222117
1.028,0.6,0.6011582016944885,0.5893974483199418,0.0,0.0,1.3234227311911442
1.029,0.6,0.6011536121368408,0.5893974483199418,0.0,0.0,1.325927537925603
1.03,0.6,0.6011489629745483,0.5893974483199418,0.0,0.0,1.3284323253072217
1.031,0.6,0.6011443138122559,0.5893974483199418,0.0,0.0,1.3309370934190072
1.032,0.6,0.6011397838592529,0.5893974483199418,0.0,0.0,1.333441842347339
1.033,0.6,0.6011350750923157,0.5893974483199418,0.0,0.0,1.335946572170429
1.034,0.6,0.6011306047439575,0.5893974483199418,0.0,0.0,1.338451282980972
1.035,0.6,0.6011260747909546,0.5893974483199418,0.0,0.0,1.3409559748605389
1.036,0.6,0.6011215448379517,0.5893974483199418,0.0,0.0,1.3434606478889672
1.037,0.6,0.6011170148849487,0.5893974483199418,0.0,0.0,1.3459653021465015
1.038,0.6,0.6011126041412354,0.5893974483199418,0.0,0.0,1.3484699377157932
1.039,0.6,0.6011080741882324,0.5893974483199418,0.0,0.0,1.3509745546703693
1.04,0.6,0.601103663444519,0.5893974483199418,0.0,0.0,1.353479153090584
1.041,0.6,0.6010991930961609,0.5893974483199418,0.0,0.0,1.3559837330518147
1.042,0.6,0.6010948419570923,0.5893974483199418,0.0,0.0,1.3584882946334467
1.043,0.6,0.6010903716087341,0.5893974483199418,0.0,0.0,1.3609928379072198
1.044,0.6,0.6010860204696655,0.5893974483199418,0.0,0.0,1.3634973629530613
1.045,0.6,0.6010817289352417,0.5893974483199418,0.0,0.0,1.3660018698471652
1.046,0.6,0.6010772585868835,0.5893974483199418,0.0,0.0,1.3685063586574722
1.047,0.6,0.6010730266571045,0.5893974483199418,0.0,0.0,1.3710108294662153
1.048,0.6,0.6010687351226807,0.5893974483199418,0.0,0.0,1.3735152823442143
1.049,0.6,0.6010643839836121,0.5893974483199418,0.0,0.0,1.3760197173601845
1.05,0.6,0.601060152053833,0.5893974483199418,0.0,0.0,1.378524134589494
1.051,0.6,0.6010558605194092,0.5893974483199418,0.0,0.0,1.3810285341022888
1.052,0.6,0.6010516285896301,0.5893974483199418,0.0,0.0,1.3835329159724172
1.053,0.6,0.6010474562644958,0.5893974483199418,0.0,0.0,1.386037280272417
1.054,0.6,0.6010432243347168,0.5893974483199418,0.0,0.0,1.3885416270687851
1.055,0.6,0.6010391116142273,0.5893974483199418,0.0,0.0,1.3910459564309259
1.056,0.6,0.6010348796844482,0.5893974483199418,0.0,0.0,1.3935502684194545
1.057,0.6,0.6010307669639587,0.5893974483199418,0.0,0.0,1.3960545631019934
1.058,0.6,0.6010266542434692,0.5893974483199418,0.0,0.0,1.3985588405412224
1.059,0.6,0.601022481918335,0.5893974483199418,0.0,0.0,1.4010631007970284
1.06,0.6,0.6010183691978455,0.5893974483199418,0.0,0.0,1.4035673439352234
1.061,0.6,0.601014256477356,0.5893974483199418,0.0,0.0,1.4060715700223434
1.062,0.6,0.6010102033615112,0.5893974483199418,0.0,0.0,1.4085757791274436
1.063,0.6,0.6010061502456665,0.5893974483199418,0.0,0.0,1.411079971317082
1.064,0.6,0.6010020971298218,0.5893974483199418,0.0,0.0,1.4135841466572847
1.065,0.6,0.600998044013977,0.5893974483199418,0.0,0.0,1.4160883052153972
1.066,0.6,0.6009940505027771,0.5893974483199418,0.0,0.0,1.4185924470618194
1.067,0.6,0.6009900569915771,0.5893974483199418,0.0,0.0,1.4210965722649196
1.068,0.6,0.6009860038757324,0.5893974483199418,0.0,0.0,1.4236006808929564
1.069,0.6,0.6009820699691772,0.5893974483199418,0.0,0.0,1.4261047730225762
1.07,0.6,0.6009781956672668,0.5893974483199418,0.0,0.0,1.4286088487266977
1.071,0.6,0.6009742617607117,0.5893974483199418,0.0,0.0,1.4311129080698013
1.072,0.6,0.6009702682495117,0.5893974483199418,0.0,0.0,1.4336169511168844
1.073,0.6,0.6009664535522461,0.5893974483199418,0.0,0.0,1.436120977941905
1.074,0.6,0.6009626388549805,0.5893974483199418,0.0,0.0,1.4386249886088938
1.075,0.6,0.6009587049484253,0.5893974483199418,0.0,0.0,1.4411289831742764
1.076,0.6,0.6009547710418701,0.5893974483199418,0.0,0.0,1.4436329617024644
1.077,0.6,0.6009509563446045,0.5893974483199418,0.0,0.0,1.4461369242671256
1.078,0.6,0.6009472012519836,0.5893974483199418,0.0,0.0,1.448640870938958
1.079,0.6,0.6009434461593628,0.5893974483199418,0.0,0.0,1.4511448017808815
1.08,0.6,0.6009396314620972,0.5893974483199418,0.0,0.0,1.4536487168501921
1.081,0.6,0.6009358167648315,0.5893974483199418,0.0,0.0,1.4561526162073037
1.082,0.6,0.6009320616722107,0.5893974483199418,0.0,0.0,1.4586564999172602
1.083,0.6,0.6009283661842346,0.5893974483199418,0.0,0.0,1.4611603680444545
1.084,0.6,0.6009246706962585,0.5893974483199418,0.0,0.0,1.4636642206476425
1.085,0.6,0.6009209156036377,0.5893974483199418,0.0,0.0,1.4661680577819474
1.086,0.6,0.6009172797203064,0.5893974483199418,0.0,0.0,1.4686718795074438
1.087,0.6,0.6009135246276855,0.5893974483199418,0.0,0.0,1.4711756858771228
1.088,0.6,0.6009098291397095,0.5893974483199418,0.0,0.0,1.473679476952371
1.089,0.6,0.600906252861023,0.5893974483199418,0.0,0.0,1.4761832527974255
1.09,0.6,0.6009025573730469,0.5893974483199418,0.0,0.0,1.478687013467443
1.091,0.6,0.6008988618850708,0.5893974483199418,0.0,0.0,1.4811907590240738
1.092,0.6,0.600895345211029,0.5893974483199418,0.0,0.0,1.4836944895367161
1.093,0.6,0.6008917093276978,0.5893974483199418,0.0,0.0,1.486198205063573
1.094,0.6,0.6008881330490112,0.5893974483199418,0.0,0.0,1.4887019056673336
1.095,0.6,0.6008845567703247,0.5893974483199418,0.0,0.0,1.491205591409815
1.096,0.6,0.6008810997009277,0.5893974483199418,0.0,0.0,1.4937092623536208
1.097,0.6,0.6008774638175964,0.5893974483199418,0.0,0.0,1.4962129185502795
1.098,0.6,0.6008739471435547,0.5893974483199418,0.0,0.0,1.4987165600625958
1.099,0.6,0.6008704304695129,0.5893974483199418,0.0,0.0,1.5012201869521709
1.1,0.6,0.6008669137954712,0.5893974483199418,0.0,0.0,1.5037237992810535
1.101,0.6,0.6008634567260742,0.5893974483199418,0.0,0.0,1.5062273971132831
1.102,0.6,0.6008599996566772,0.5893974483199418,0.0,0.0,1.50873098050964
1.103,0.6,0.6008565425872803,0.5893974483199418,0.0,0.0,1.5112345495293922
1.104,0.6,0.6008531451225281,0.5893974483199418,0.0,0.0,1.5137381042319367
1.105,0.6,0.6008496880531311,0.5893974483199418,0.0,0.0,1.5162416446716347
1.106,0.6,0.6008462905883789,0.5893974483199418,0.0,0.0,1.5187451709063517
1.107,0.6,0.6008428931236267,0.5893974483199418,0.0,0.0,1.5212486829920797
1.108,0.6,0.6008394956588745,0.5893974483199418,0.0,0.0,1.5237521809845784
1.109,0.6,0.6008361577987671,0.5893974483199418,0.0,0.0,1.5262556649409085
1.11,0.6,0.6008328199386597,0.5893974483199418,0.0,0.0,1.5287591349141665
1.111,0.6,0.6008293628692627,0.5893974483199418,0.0,0.0,1.531262590955227
1.112,0.6,0.6008261442184448,0.5893974483199418,0.0,0.0,1.5337660331277863
1.113,0.6,0.6008228063583374,0.5893974483199418,0.0,0.0,1.5362694614822916
1.114,0.6,0.6008195877075195,0.5893974483199418,0.0,0.0,1.538772876071618
1.115,0.6,0.6008161902427673,0.5893974483199418,0.0,0.0,1.5412762769389952
1.116,0.6,0.6008129119873047,0.5893974483199418,0.0,0.0,1.5437796641401687
1.117,0.6,0.6008096933364868,0.5893974483199418,0.0,0.0,1.546283037730734
1.118,0.6,0.600806474685669,0.5893974483199418,0.0,0.0,1.5487863977609064
1.119,0.6,0.6008031368255615,0.5893974483199418,0.0,0.0,1.551289744277298
1.12,0.6,0.6007999181747437,0.5893974483199418,0.0,0.0,1.5537930773379922
1.121,0.6,0.6007966995239258,0.5893974483199418,0.0,0.0,1.5562963969999186
1.122,0.6,0.6007935404777527,0.5893974483199418,0.0,0.0,1.5587997033203667
1.123,0.6,0.60079026222229,0.5893974483199418,0.0,0.0,1.5613029963516973
1.124,0.6,0.6007871627807617,0.5893974483199418,0.0,0.0,1.5638062761564748
1.125,0.6,0.6007840037345886,0.5893974483199418,0.0,0.0,1.5663095427881872
1.1260000000000001,0.6,0.6007808446884155,0.5893974483199418,0.0,0.0,1.5688127962999001
1.127,0.6,0.6007777452468872,0.5893974483199418,0.0,0.0,1.5713160367456982
1.1280000000000001,0.6,0.6007745265960693,0.5893974483199418,0.0,0.0,1.5738192641753286
1.129,0.6,0.600771427154541,0.5893974483199418,0.0,0.0,1.576322478649274
1.1300000000000001,0.6,0.6007683873176575,0.5893974483199418,0.0,0.0,1.578825680226115
1.131,0.6,0.6007653474807739,0.5893974483199418,0.0,0.0,1.5813288689573295
1.1320000000000001,0.6,0.6007622480392456,0.5893974483199418,0.0,0.0,1.583832044889096
1.133,0.6,0.6007591485977173,0.5893974483199418,0.0,0.0,1.5863352080706827
1.1340000000000001,0.6,0.600756049156189,0.5893974483199418,0.0,0.0,1.5888383585556511
1.135,0.6,0.6007530689239502,0.5893974483199418,0.0,0.0,1.5913414964029742
1.1360000000000001,0.6,0.6007500886917114,0.5893974483199418,0.0,0.0,1.5938446216646824
1.137,0.6,0.6007470488548279,0.5893974483199418,0.0,0.0,1.5963477343876227
1.1380000000000001,0.6,0.6007440090179443,0.5893974483199418,0.0,0.0,1.5988508346218226
1.139,0.6,0.6007411479949951,0.5893974483199418,0.0,0.0,1.601353922421654
1.1400000000000001,0.6,0.6007380485534668,0.5893974483199418,0.0,0.0,1.603856997826807
1.141,0.6,0.6007351875305176,0.5893974483199418,0.0,0.0,1.6063600608913038
1.1420000000000001,0.6,0.6007322072982788,0.5893974483199418,0.0,0.0,1.608863111657178
1.143,0.6,0.60072922706604,0.5893974483199418,0.0,0.0,1.611366150169906
1.1440000000000001,0.6,0.6007263660430908,0.5893974483199418,0.0,0.0,1.6138691764795314
1.145,0.6,0.600723385810852,0.5893974483199418,0.0,0.0,1.6163721906283048
1.1460000000000001,0.6,0.6007205247879028,0.5893974483199418,0.0,0.0,1.6188751926658587
1.147,0.6,0.6007176637649536,0.5893974483199418,0.0,0.0,1.6213781826366749
1.1480000000000001,0.6,0.6007146239280701,0.5893974483199418,0.0,0.0,1.623881160581682
1.149,0.6,0.6007118225097656,0.5893974483199418,0.0,0.0,1.626384126559878
1.1500000000000001,0.6,0.6007089018821716,0.5893974483199418,0.0,0.0,1.628887080621749
1.151,0.6,0.6007061004638672,0.5893974483199418,0.0,0.0,1.6313900228244624
1.1520000000000001,0.6,0.6007032990455627,0.5893974483199418,0.0,0.0,1.6338929532193502
1.153,0.6,0.6007004976272583,0.5893974483199418,0.0,0.0,1.6363958718535245
1.154,0.6,0.6006976366043091,0.5893974483199418,0.0,0.0,1.6388987787713898
1.155,0.6,0.6006948947906494,0.5893974483199418,0.0,0.0,1.6414016740227737
1.156,0.6,0.6006921529769897,0.5893974483199418,0.0,0.0,1.6439045576504598
1.157,0.6,0.6006892919540405,0.5893974483199418,0.0,0.0,1.6464074296918514
1.158,0.6,0.6006865501403809,0.5893974483199418,0.0,0.0,1.6489102901939423
1.159,0.6,0.6006837487220764,0.5893974483199418,0.0,0.0,1.651413139200597
1.16,0.6,0.6006810069084167,0.5893974483199418,0.0,0.0,1.6539159767606746
1.161,0.6,0.6006782650947571,0.5893974483199418,0.0,0.0,1.6564188029222733
1.162,0.6,0.6006755828857422,0.5893974483199418,0.0,0.0,1.6589216177339996
1.163,0.6,0.6006728410720825,0.5893974483199418,0.0,0.0,1.6614244212394647
1.164,0.6,0.6006702184677124,0.5893974483199418,0.0,0.0,1.6639272134854959
1.165,0.6,0.600667417049408,0.5893974483199418,0.0,0.0,1.6664299945097543
1.166,0.6,0.6006647348403931,0.5893974483199418,0.0,0.0,1.6689327643625964
1.167,0.6,0.600662112236023,0.5893974483199418,0.0,0.0,1.6714355230941313
1.168,0.6,0.6006594896316528,0.5893974483199418,0.0,0.0,1.6739382707487294
1.169,0.6,0.6006568074226379,0.5893974483199418,0.0,0.0,1.6764410073665532
1.17,0.6,0.6006540656089783,0.5893974483199418,0.0,0.0,1.678943732991697
1.171,0.6,0.6006515622138977,0.5893974483199418,0.0,0.0,1.681446447679853
1.172,0.6,0.6006489992141724,0.5893974483199418,0.0,0.0,1.6839491514719953
1.173,0.6,0.6006463170051575,0.5893974483199418,0.0,0.0,1.6864518444031196
1.174,0.6,0.6006436347961426,0.5893974483199418,0.0,0.0,1.6889545265171704
1.175,0.6,0.600641131401062,0.5893974483199418,0.0,0.0,1.6914571978676904
1.176,0.6,0.6006385087966919,0.5893974483199418,0.0,0.0,1.6939598584983102
1.177,0.6,0.6006360054016113,0.5893974483199418,0.0,0.0,1.6964625084578957
1.178,0.6,0.600633442401886,0.5893974483199418,0.0,0.0,1.6989651477879844
1.179,0.6,0.6006308794021606,0.5893974483199418,0.0,0.0,1.7014677765310657
1.18,0.6,0.6006283760070801,0.5893974483199418,0.0,0.0,1.7039703947316722
1.181,0.6,0.6006258726119995,0.5893974483199418,0.0,0.0,1.7064730024306916
1.182,0.6,0.6006233096122742,0.5893974483199418,0.0,0.0,1.708975599666717
1.183,0.6,0.6006208658218384,0.5893974483199418,0.0,0.0,1.7114781864840118
1.184,0.6,0.6006183624267578,0.5893974483199418,0.0,0.0,1.713980762919898
1.185,0.6,0.6006159782409668,0.5893974483199418,0.0,0.0,1.7164833290129855
1.186,0.6,0.6006134152412415,0.5893974483199418,0.0,0.0,1.7189858847907973
1.187,0.6,0.6006108522415161,0.5893974483199418,0.0,0.0,1.7214884302916478
1.188,0.6,0.6006084680557251,0.5893974483199418,0.0,0.0,1.7239909655651184
1.189,0.6,0.6006060838699341,0.5893974483199418,0.0,0.0,1.7264934906523954
1.19,0.6,0.6006035804748535,0.5893974483199418,0.0,0.0,1.7289960055878524
1.191,0.6,0.6006011962890625,0.5893974483199418,0.0,0.0,1.7314985104139538
1.192,0.6,0.6005986928939819,0.5893974483199418,0.0,0.0,1.734001005168462
1.193,0.6,0.6005963087081909,0.5893974483199418,0.0,0.0,1.7365034898992122
1.194,0.6,0.6005939245223999,0.5893974483199418,0.0,0.0,1.739005964651195
1.195,0.6,0.6005915403366089,0.5893974483199418,0.0,0.0,1.7415084294678005
1.196,0.6,0.6005891561508179,0.5893974483199418,0.0,0.0,1.744010884391986
1.197,0.6,0.6005868315696716,0.5893974483199418,0.0,0.0,1.7465133294673705
1.198,0.6,0.6005845069885254,0.5893974483199418,0.0,0.0,1.7490157647325548
1.199,0.6,0.6005821228027344,0.5893974483199418,0.0,0.0,1.7515181902224701
1.2,0.6,0.6005797982215881,0.5893974483199418,0.0,0.0,1.7540206059763572
1.201,0.6,0.6005774736404419,0.5893974483199418,0.0,0.0,1.7565230120318558
1.202,0.6,0.6005752682685852,0.5893974483199418,0.0,0.0,1.7590254084261494
1.203,0.6,0.6005728244781494,0.5893974483199418,0.0,0.0,1.761527795183621
1.204,0.6,0.6005704998970032,0.5893974483199418,0.0,0.0,1.764030172344453
1.205,0.6,0.6005681753158569,0.5893974483199418,0.0,0.0,1.7665325399513387
1.206,0.6,0.6005659103393555,0.5893974483199418,0.0,0.0,1.7690348980503656
1.207,0.6,0.6005635261535645,0.5893974483199418,0.0,0.0,1.7715372466851427
1.208,0.6,0.6005614399909973,0.5893974483199418,0.0,0.0,1.774039585911378
1.209,0.6,0.6005591750144958,0.5893974483199418,0.0,0.0,1.776541915763671
1.21,0.6,0.6005569696426392,0.5893974483199418,0.0,0.0,1.7790442362778633
1.211,0.6,0.6005547046661377,0.5893974483199418,0.0,0.0,1.7815465474852759
1.212,0.6,0.6005525588989258,0.5893974483199418,0.0,0.0,1.7840488494206777
1.213,0.6,0.6005502939224243,0.5893974483199418,0.0,0.0,1.7865511421096776
1.214,0.6,0.6005479693412781,0.5893974483199418,0.0,0.0,1.7890534255836632
1.215,0.6,0.6005459427833557,0.5893974483199418,0.0,0.0,1.7915556998871625
1.216,0.6,0.600543737411499,0.5893974483199418,0.0,0.0,1.7940579650445476
1.217,0.6,0.6005414128303528,0.5893974483199418,0.0,0.0,1.7965602210822997
1.218,0.6,0.6005393266677856,0.5893974483199418,0.0,0.0,1.7990624680432834
1.219,0.6,0.6005371809005737,0.5893974483199418,0.0,0.0,1.8015647059599489
1.22,0.6,0.6005348563194275,0.5893974483199418,0.0,0.0,1.8040669348626195
1.221,0.6,0.6005328893661499,0.5893974483199418,0.0,0.0,1.8065691548006984
1.222,0.6,0.6005306243896484,0.5893974483199418,0.0,0.0,1.8090713658022954
1.223,0.6,0.6005284786224365,0.5893974483199418,0.0,0.0,1.8115735679099552
1.224,0.6,0.6005263924598694,0.5893974483199418,0.0,0.0,1.8140757611673697
1.225,0.6,0.6005242466926575,0.5893974483199418,0.0,0.0,1.8165779456135558
1.226,0.6,0.6005222797393799,0.5893974483199418,0.0,0.0,1.8190801212907914
1.227,0.6,0.6005200147628784,0.5893974483199418,0.0,0.0,1.82158228822525
1.228,0.6,0.600517988204956,0.5893974483199418,0.0,0.0,1.8240844464624129
1.229,0.6,0.6005159020423889,0.5893974483199418,0.0,0.0,1.8265865960400631
1.23,0.6,0.6005138158798218,0.5893974483199418,0.0,0.0,1.8290887369963729
1.231,0.6,0.6005117893218994,0.5893974483199418,0.0,0.0,1.8315908693708207
1.232,0.6,0.6005096435546875,0.5893974483199418,0.0,0.0,1.8340929931983299
1.233,0.6,0.6005076169967651,0.5893974483199418,0.0,0.0,1.836595108523878
1.234,0.6,0.6005057096481323,0.5893974483199418,0.0,0.0,1.839097215389417
1.235,0.6,0.6005037426948547,0.5893974483199418,0.0,0.0,1.8415993138215614
1.236,0.6,0.6005015969276428,0.5893974483199418,0.0,0.0,1.8441014038400927
1.237,0.6,0.6004995703697205,0.5893974483199418,0.0,0.0,1.8466034854793774
1.238,0.6,0.6004976034164429,0.5893974483199418,0.0,0.0,1.8491055587750238
1.239,0.6,0.6004955768585205,0.5893974483199418,0.0,0.0,1.8516076237579997
1.24,0.6,0.6004936695098877,0.5893974483199418,0.0,0.0,1.8541096804625075
1.241,0.6,0.6004917621612549,0.5893974483199418,0.0,0.0,1.8566117289132835
1.242,0.6,0.600489616394043,0.5893974483199418,0.0,0.0,1.8591137691270307
1.243,0.6,0.6004877090454102,0.5893974483199418,0.0,0.0,1.8616158011405974
1.244,0.6,0.6004856824874878,0.5893974483199418,0.0,0.0,1.864117824983871
1.245,0.6,0.600483775138855,0.5893974483199418,0.0,0.0,1.8666198406944734
1.246,0.6,0.6004818081855774,0.5893974483199418,0.0,0.0,1.8691218483047771
1.247,0.6,0.6004799008369446,0.5893974483199418,0.0,0.0,1.871623847849792
1.248,0.6,0.6004779934883118,0.5893974483199418,0.0,0.0,1.8741258393611755
1.249,0.6,0.6004760265350342,0.5893974483199418,0.0,0.0,1.8766278228682949
1.25,0.6,0.6004741191864014,0.5893974483199418,0.0,0.0,1.8791297984059303
1.2510000000000001,0.6,0.6004722118377686,0.5893974483199418,0.0,0.0,1.8816317660081103
1.252,0.6,0.6004703044891357,0.5893974483199418,0.0,0.0,1.8841337257090198
1.2530000000000001,0.6,0.6004684567451477,0.5893974483199418,0.0,0.0,1.8866356775438389
1.254,0.6,0.6004666090011597,0.5893974483199418,0.0,0.0,1.889137621542832
1.2550000000000001,0.6,0.6004648208618164,0.5893974483199418,0.0,0.0,1.8916395577324778
1.256,0.6,0.600462794303894,0.5893974483199418,0.0,0.0,1.8941414861298234
1.2570000000000001,0.6,0.6004610061645508,0.5893974483199418,0.0,0.0,1.8966434067706952
1.258,0.6,0.600459098815918,0.5893974483199418,0.0,0.0,1.8991453196826205
1.2590000000000001,0.6,0.6004573106765747,0.5893974483199418,0.0,0.0,1.9016472248995544
1.26,0.6,0.6004554033279419,0.5893974483199418,0.0,0.0,1.9041491224489235
1.2610000000000001,0.6,0.6004534959793091,0.5893974483199418,0.0,0.0,1.9066510123662417
1.262,0.6,0.6004517674446106,0.5893974483199418,0.0,0.0,1.90915289469547
1.2630000000000001,0.6,0.6004499197006226,0.5893974483199418,0.0,0.0,1.9116547694692234
1.264,0.6,0.6004481315612793,0.5893974483199418,0.0,0.0,1.914156636723665
1.2650000000000001,0.6,0.6004464030265808,0.5893974483199418,0.0,0.0,1.916658496492401
1.266,0.6,0.6004446148872375,0.5893974483199418,0.0,0.0,1.9191603488007378
1.2670000000000001,0.6,0.6004427671432495,0.5893974483199418,0.0,0.0,1.9216621936736733
1.268,0.6,0.6004409193992615,0.5893974483199418,0.0,0.0,1.9241640311434225
1.2690000000000001,0.6,0.6004393696784973,0.5893974483199418,0.0,0.0,1.926665861249802
1.27,0.6,0.6004374623298645,0.5893974483199418,0.0,0.0,1.9291676840070537
1.2710000000000001,0.6,0.600435733795166,0.5893974483199418,0.0,0.0,1.9316694994463568
1.272,0.6,0.6004338264465332,0.5893974483199418,0.0,0.0,1.9341713075955187
1.2730000000000001,0.6,0.6004321575164795,0.5893974483199418,0.0,0.0,1.9366731085000746
1.274,0.6,0.6004304885864258,0.5893974483199418,0.0,0.0,1.939174902196225
1.2750000000000001,0.6,0.6004287004470825,0.5893974483199418,0.0,0.0,1.941676688712153
1.276,0.6,0.6004270315170288,0.5893974483199418,0.0,0.0,1.944178468082689
1.2770000000000001,0.6,0.6004253625869751,0.5893974483199418,0.0,0.0,1.946680240336277
1.278,0.6,0.6004236340522766,0.5893974483199418,0.0,0.0,1.9491820054961262
1.2790000000000001,0.6,0.6004219651222229,0.5893974483199418,0.0,0.0,1.951683763587982
1.28,0.6,0.6004202365875244,0.5893974483199418,0.0,0.0,1.954185514634038
1.281,0.6,0.6004185676574707,0.5893974483199418,0.0,0.0,1.956687258660611
1.282,0.6,0.6004169583320618,0.5893974483199418,0.0,0.0,1.9591889956919564
1.283,0.6,0.6004152297973633,0.5893974483199418,0.0,0.0,1.961690725744429
1.284,0.6,0.6004135608673096,0.5893974483199418,0.0,0.0,1.9641924488411122
1.285,0.6,0.6004118919372559,0.5893974483199418,0.0,0.0,1.9666941650054677
1.286,0.6,0.6004104018211365,0.5893974483199418,0.0,0.0,1.9691958742620579
1.287,0.6,0.600408673286438,0.5893974483199418,0.0,0.0,1.9716975766171099
1.288,0.6,0.6004068851470947,0.5893974483199418,0.0,0.0,1.9741992720871382
1.289,0.6,0.6004052758216858,0.5893974483199418,0.0,0.0,1.9767009607057895
1.29,0.6,0.6004036068916321,0.5893974483199418,0.0,0.0,1.9792026425034723
1.291,0.6,0.6004019379615784,0.5893974483199418,0.0,0.0,1.981704317514978
1.292,0.6,0.6004003286361694,0.5893974483199418,0.0,0.0,1.9842059857799614
1.293,0.6,0.6003987193107605,0.5893974483199418,0.0,0.0,1.986707647336681
1.294,0.6,0.6003971695899963,0.5893974483199418,0.0,0.0,1.989209302222802
1.295,0.6,0.6003955602645874,0.5893974483199418,0.0,0.0,1.9917109504694548
1.296,0.6,0.6003940105438232,0.5893974483199418,0.0,0.0,1.9942125921090306
1.297,0.6,0.6003923416137695,0.5893974483199418,0.0,0.0,1.9967142271691227
1.298,0.6,0.6003907918930054,0.5893974483199418,0.0,0.0,1.9992158556869268
1.299,0.6,0.6003894209861755,0.5893974483199418,0.0,0.0,2.0017174776959856
1.3,0.6,0.6003878116607666,0.5893974483199418,0.0,0.0,2.004219093206986
1.301,0.6,0.6003860831260681,0.5893974483199418,0.0,0.0,2.0067207022366103
1.302,0.6,0.6003847122192383,0.5893974483199418,0.0,0.0,2.009222304821302
1.303,0.6,0.6003831624984741,0.5893974483199418,0.0,0.0,2.011723900976578
1.304,0.6,0.6003815531730652,0.5893974483199418,0.0,0.0,2.014225490719059
1.305,0.6,0.6003799438476562,0.5893974483199418,0.0,0.0,2.0167270740737964
1.306,0.6,0.6003783941268921,0.5893974483199418,0.0,0.0,2.0192286510744766
1.307,0.6,0.6003769636154175,0.5893974483199418,0.0,0.0,2.0217302217569006
1.308,0.6,0.6003754734992981,0.5893974483199418,0.0,0.0,2.0242317861461356
1.309,0.6,0.6003740429878235,0.5893974483199418,0.0,0.0,2.0267333442645237
1.31,0.6,0.6003723740577698,0.5893974483199418,0.0,0.0,2.029234896125812
1.311,0.6,0.6003709435462952,0.5893974483199418,0.0,0.0,2.0317364417631483
1.312,0.6,0.6003694534301758,0.5893974483199418,0.0,0.0,2.0342379812018083
1.313,0.6,0.6003680229187012,0.5893974483199418,0.0,0.0,2.0367395144670235
1.314,0.6,0.6003665924072266,0.5893974483199418,0.0,0.0,2.0392410415779487
1.315,0.6,0.600365161895752,0.5893974483199418,0.0,0.0,2.041742562548679
1.316,0.6,0.600363552570343,0.5893974483199418,0.0,0.0,2.0442440773891994
1.317,0.6,0.600362241268158,0.5893974483199418,0.0,0.0,2.046745586126398
1.318,0.6,0.6003606915473938,0.5893974483199418,0.0,0.0,2.049247088770219
1.319,0.6,0.6003591418266296,0.5893974483199418,0.0,0.0,2.051748585342111
1.32,0.6,0.6003575921058655,0.5893974483199418,0.0,0.0,2.054250075875021
1.321,0.6,0.6003563404083252,0.5893974483199418,0.0,0.0,2.0567515604133724
1.322,0.6,0.6003549695014954,0.5893974483199418,0.0,0.0,2.059253038979522
1.323,0.6,0.600353479385376,0.5893974483199418,0.0,0.0,2.061754511589091
1.324,0.6,0.6003519892692566,0.5893974483199418,0.0,0.0,2.0642559782654155
1.325,0.6,0.600350558757782,0.5893974483199418,0.0,0.0,2.0667574390397276
1.326,0.6,0.6003493070602417,0.5893974483199418,0.0,0.0,2.0692588939446375
1.327,0.6,0.6003477573394775,0.5893974483199418,0.0,0.0,2.0717603429945632
1.328,0.6,0.6003463268280029,0.5893974483199418,0.0,0.0,2.0742617862209523
1.329,0.6,0.6003449559211731,0.5893974483199418,0.0,0.0,2.0767632236585087
1.33,0.6,0.6003435850143433,0.5893974483199418,0.0,0.0,2.079264655338925
1.331,0.6,0.6003422737121582,0.5893974483199418,0.0,0.0,2.081766081291684
1.332,0.6,0.6003409624099731,0.5893974483199418,0.0,0.0,2.0842675015381014
1.333,0.6,0.600339412689209,0.5893974483199418,0.0,0.0,2.0867689160924185
1.334,0.6,0.6003382205963135,0.5893974483199418,0.0,0.0,2.0892703249896485
1.335,0.6,0.6003368496894836,0.5893974483199418,0.0,0.0,2.091771728244756
1.336,0.6,0.6003354787826538,0.5893974483199418,0.0,0.0,2.094273125874541
1.337,0.6,0.600334107875824,0.5893974483199418,0.0,0.0,2.096774517898144
1.338,0.6,0.6003327965736389,0.5893974483199418,0.0,0.0,2.0992759043375133
1.339,0.6,0.6003314852714539,0.5893974483199418,0.0,0.0,2.1017772852111416
1.34,0.6,0.6003299951553345,0.5893974483199418,0.0,0.0,2.1042786605348645
1.341,0.6,0.6003287434577942,0.5893974483199418,0.0,0.0,2.1067800303427333
1.342,0.6,0.6003274917602539,0.5893974483199418,0.0,0.0,2.1092813946597304
1.343,0.6,0.6003261804580688,0.5893974483199418,0.0,0.0,2.11178275350289
1.344,0.6,0.6003248691558838,0.5893974483199418,0.0,0.0,2.1142841068890585
1.345,0.6,0.600323498249054,0.5893974483199418,0.0,0.0,2.116785454835487
1.346,0.6,0.6003221869468689,0.5893974483199418,0.0,0.0,2.1192867973671086
1.347,0.6,0.6003209948539734,0.5893974483199418,0.0,0.0,2.1217881345099645
1.348,0.6,0.6003196239471436,0.5893974483199418,0.0,0.0,2.1242894662783143
1.349,0.6,0.6003183126449585,0.5893974483199418,0.0,0.0,2.126790792696015
1.35,0.6,0.6003170013427734,0.5893974483199418,0.0,0.0,2.1292921137898366
1.351,0.6,0.6003158092498779,0.5893974483199418,0.0,0.0,2.1317934295898695
1.352,0.6,0.6003145575523376,0.5893974483199418,0.0,0.0,2.1342947401164936
1.353,0.6,0.6003131866455078,0.5893974483199418,0.0,0.0,2.136796045388218
1.354,0.6,0.6003119349479675,0.5893974483199418,0.0,0.0,2.1392973454357715
1.355,0.6,0.6003108024597168,0.5893974483199418,0.0,0.0,2.141798640288546
1.356,0.6,0.6003096103668213,0.5893974483199418,0.0,0.0,2.14429992996183
1.357,0.6,0.600308358669281,0.5893974483199418,0.0,0.0,2.1468012144648903
1.358,0.6,0.600307047367096,0.5893974483199418,0.0,0.0,2.149302493808587
1.359,0.6,0.6003057956695557,0.5893974483199418,0.0,0.0,2.1518037680125377
1.36,0.6,0.6003046035766602,0.5893974483199418,0.0,0.0,2.154305037098463
1.361,0.6,0.6003033518791199,0.5893974483199418,0.0,0.0,2.1568063010839076
1.362,0.6,0.6003021597862244,0.5893974483199418,0.0,0.0,2.1593075599897413
1.363,0.6,0.6003009080886841,0.5893974483199418,0.0,0.0,2.1618088138338054
1.364,0.6,0.6002997756004333,0.5893974483199418,0.0,0.0,2.16431006263834
1.365,0.6,0.6002986431121826,0.5893974483199418,0.0,0.0,2.166811306416862
1.366,0.6,0.6002972722053528,0.5893974483199418,0.0,0.0,2.1693125451752113
1.367,0.6,0.600296139717102,0.5893974483199418,0.0,0.0,2.1718137789393537
1.368,0.6,0.6002949476242065,0.5893974483199418,0.0,0.0,2.1743150077279325
1.369,0.6,0.600293755531311,0.5893974483199418,0.0,0.0,2.176816231559929
1.37,0.6,0.6002926230430603,0.5893974483199418,0.0,0.0,2.1793174504551813
1.371,0.6,0.60029137134552,0.5893974483199418,0.0,0.0,2.181818664428152
1.372,0.6,0.6002901792526245,0.5893974483199418,0.0,0.0,2.184319873502187
1.373,0.6,0.600288987159729,0.5893974483199418,0.0,0.0,2.1868210777028163
1.374,0.6,0.6002878546714783,0.5893974483199418,0.0,0.0,2.1893222770581557
1.375,0.6,0.6002866625785828,0.5893974483199418,0.0,0.0,2.1918234715925755
1.3760000000000001,0.6,0.6002855896949768,0.5893974483199418,0.0,0.0,2.194324661334141
1.377,0.6,0.6002843976020813,0.5893974483199418,0.0,0.0,2.19682584630151
1.3780000000000001,0.6,0.6002832651138306,0.5893974483199418,0.0,0.0,2.1993270265184024
1.379,0.6,0.6002821922302246,0.5893974483199418,0.0,0.0,2.2018282020071207
1.3800000000000001,0.6,0.6002810001373291,0.5893974483199418,0.0,0.0,2.204329372782432
1.381,0.6,0.6002798676490784,0.5893974483199418,0.0,0.0,2.2068305388659315
1.3820000000000001,0.6,0.6002787351608276,0.5893974483199418,0.0,0.0,2.209331700279445
1.383,0.6,0.6002776026725769,0.5893974483199418,0.0,0.0,2.2118328570455232
1.3840000000000001,0.6,0.6002764701843262,0.5893974483199418,0.0,0.0,2.2143340091879065
1.385,0.6,0.600275456905365,0.5893974483199418,0.0,0.0,2.216835156731954
1.3860000000000001,0.6,0.6002743244171143,0.5893974483199418,0.0,0.0,2.219336299691643
1.387,0.6,0.6002731919288635,0.5893974483199418,0.0,0.0,2.2218374380841315
1.3880000000000001,0.6,0.6002721786499023,0.5893974483199418,0.0,0.0,2.2243385719300774
1.389,0.6,0.6002710461616516,0.5893974483199418,0.0,0.0,2.2268397012405092
1.3900000000000001,0.6,0.6002700328826904,0.5893974483199418,0.0,0.0,2.2293408260312924
1.391,0.6,0.6002688407897949,0.5893974483199418,0.0,0.0,2.231841946309922
1.3920000000000001,0.6,0.6002677083015442,0.5893974483199418,0.0,0.0,2.2343430620966154
1.393,0.6,0.600266695022583,0.5893974483199418,0.0,0.0,2.236844173417351
1.3940000000000001,0.6,0.600265622138977,0.5893974483199418,0.0,0.0,2.239345280290612
1.395,0.6,0.6002646088600159,0.5893974483199418,0.0,0.0,2.2418463827350044
1.3960000000000001,0.6,0.6002635359764099,0.5893974483199418,0.0,0.0,2.2443474807630253
1.397,0.6,0.600262463092804,0.5893974483199418,0.0,0.0,2.2468485743886015
1.3980000000000001,0.6,0.6002613306045532,0.5893974483199418,0.0,0.0,2.2493496636274797
1.399,0.6,0.6002603769302368,0.5893974483199418,0.0,0.0,2.2518507485043036
1.4000000000000001,0.6,0.6002593040466309,0.5893974483199418,0.0,0.0,2.254351829032449
1.401,0.6,0.6002583503723145,0.5893974483199418,0.0,0.0,2.256852905228565
1.4020000000000001,0.6,0.6002572774887085,0.5893974483199418,0.0,0.0,2.2593539770994324
1.403,0.6,0.6002562046051025,0.5893974483199418,0.0,0.0,2.2618550446564187
1.4040000000000001,0.6,0.6002551317214966,0.5893974483199418,0.0,0.0,2.264356107915674
1.405,0.6,0.6002541780471802,0.5893974483199418,0.0,0.0,2.266857166898315
1.4060000000000001,0.6,0.6002531051635742,0.5893974483199418,0.0,0.0,2.269358221617189
1.407,0.6,0.600252091884613,0.5893974483199418,0.0,0.0,2.2718592720912207
1.408,0.6,0.6002510786056519,0.5893974483199418,0.0,0.0,2.274360318338814
1.409,0.6,0.6002501249313354,0.5893974483199418,0.0,0.0,2.276861360378338
1.41,0.6,0.6002491116523743,0.5893974483199418,0.0,0.0,2.2793623982218745
1.411,0.6,0.6002481579780579,0.5893974483199418,0.0,0.0,2.28186343188274
1.412,0.6,0.6002470850944519,0.5893974483199418,0.0,0.0,2.2843644613691607
1.413,0.6,0.6002460718154907,0.5893974483199418,0.0,0.0,2.28686548669842
1.414,0.6,0.6002449989318848,0.5893974483199418,0.0,0.0,2.2893665078900796
1.415,0.6,0.6002441048622131,0.5893974483199418,0.0,0.0,2.2918675249729974
1.416,0.6,0.600243091583252,0.5893974483199418,0.0,0.0,2.294368537965114
1.417,0.6,0.6002421379089355,0.5893974483199418,0.0,0.0,2.2968695468879416
1.418,0.6,0.6002411842346191,0.5893974483199418,0.0,0.0,2.299370551760087
1.419,0.6,0.6002402305603027,0.5893974483199418,0.0,0.0,2.301871552597862
1.42,0.6,0.6002392768859863,0.5893974483199418,0.0,0.0,2.3043725494158505
1.421,0.6,0.6002383232116699,0.5893974483199418,0.0,0.0,2.3068735422274425
1.422,0.6,0.6002373099327087,0.5893974483199418,0.0,0.0,2.3093745310453344
1.423,0.6,0.6002364158630371,0.5893974483199418,0.0,0.0,2.3118755158887057
1.424,0.6,0.6002354025840759,0.5893974483199418,0.0,0.0,2.314376496769861
1.425,0.6,0.6002345085144043,0.5893974483199418,0.0,0.0,2.316877473708466
1.426,0.6,0.6002334952354431,0.5893974483199418,0.0,0.0,2.3193784467181344
1.427,0.6,0.6002326011657715,0.5893974483199418,0.0,0.0,2.321879415820616
1.428,0.6,0.6002316474914551,0.5893974483199418,0.0,0.0,2.324380381032335
1.429,0.6,0.6002306938171387,0.5893974483199418,0.0,0.0,2.326881342371824
1.43,0.6,0.6002297401428223,0.5893974483199418,0.0,0.0,2.3293822998600233
1.431,0.6,0.6002289056777954,0.5893974483199418,0.0,0.0,2.331883253520557
1.432,0.6,0.6002278923988342,0.5893974483199418,0.0,0.0,2.334384203366584
1.433,0.6,0.6002271175384521,0.5893974483199418,0.0,0.0,2.336885149421935
1.434,0.6,0.6002261638641357,0.5893974483199418,0.0,0.0,2.3393860916940823
1.435,0.6,0.6002252697944641,0.5893974483199418,0.0,0.0,2.3418870301956156
1.436,0.6,0.6002242565155029,0.5893974483199418,0.0,0.0,2.3443879649376482
1.437,0.6,0.6002234220504761,0.5893974483199418,0.0,0.0,2.3468888959437186
1.438,0.6,0.6002225279808044,0.5893974483199418,0.0,0.0,2.349389823229363
1.439,0.6,0.6002216339111328,0.5893974483199418,0.0,0.0,2.351890746809683
1.44,0.6,0.6002208590507507,0.5893974483199418,0.0,0.0,2.3543916666997795
1.441,0.6,0.6002199649810791,0.5893974483199418,0.0,0.0,2.3568925829017346
1.442,0.6,0.6002190709114075,0.5893974483199418,0.0,0.0,2.3593934954191784
1.443,0.6,0.6002181768417358,0.5893974483199418,0.0,0.0,2.3618944042575927
1.444,0.6,0.6002172231674194,0.5893974483199418,0.0,0.0,2.364395309424598
1.445,0.6,0.6002163887023926,0.5893974483199418,0.0,0.0,2.3668962109369294
1.446,0.6,0.600215494632721,0.5893974483199418,0.0,0.0,2.3693971088068864
1.447,0.6,0.6002146601676941,0.5893974483199418,0.0,0.0,2.3718980030496883
1.448,0.6,0.6002137660980225,0.5893974483199418,0.0,0.0,2.374398893676989
1.449,0.6,0.6002129316329956,0.5893974483199418,0.0,0.0,2.376899780704175
1.45,0.6,0.600212037563324,0.5893974483199418,0.0,0.0,2.3794006641438292
1.451,0.6,0.6002111434936523,0.5893974483199418,0.0,0.0,2.3819015440129867
1.452,0.6,0.600210428237915,0.5893974483199418,0.0,0.0,2.384402420333258
1.453,0.6,0.6002094745635986,0.5893974483199418,0.0,0.0,2.386903293110829
1.454,0.6,0.6002086997032166,0.5893974483199418,0.0,0.0,2.389404162364557
1.455,0.6,0.6002078652381897,0.5893974483199418,0.0,0.0,2.3919050281055
1.456,0.6,0.6002069115638733,0.5893974483199418,0.0,0.0,2.3944058903444483
1.457,0.6,0.6002060174942017,0.5893974483199418,0.0,0.0,2.396906749105729
1.458,0.6,0.6002053022384644,0.5893974483199418,0.0,0.0,2.399407604420092
1.459,0.6,0.6002044081687927,0.5893974483199418,0.0,0.0,2.401908456304593
1.46,0.6,0.6002036929130554,0.5893974483199418,0.0,0.0,2.4044093047838793
1.461,0.6,0.6002027988433838,0.5893974483199418,0.0,0.0,2.406910149870001
1.462,0.6,0.6002019643783569,0.5893974483199418,0.0,0.0,2.40941099158363
1.463,0.6,0.6002011895179749,0.5893974483199418,0.0,0.0,2.4119118299472193
1.464,0.6,0.6002004742622375,0.5893974483199418,0.0,0.0,2.414412664978562
1.465,0.6,0.6001995801925659,0.5893974483199418,0.0,0.0,2.4169134966847188
1.466,0.6,0.6001988053321838,0.5893974483199418,0.0,0.0,2.4194143250831193
1.467,0.6,0.6001980304718018,0.5893974483199418,0.0,0.0,2.4219151501879117
1.468,0.6,0.6001972556114197,0.5893974483199418,0.0,0.0,2.42441597201051
1.469,0.6,0.6001964807510376,0.5893974483199418,0.0,0.0,2.426916790560111
1.47,0.6,0.600195586681366,0.5893974483199418,0.0,0.0,2.429417605844178
1.471,0.6,0.6001949310302734,0.5893974483199418,0.0,0.0,2.431918417882308
1.472,0.6,0.6001940965652466,0.5893974483199418,0.0,0.0,2.4344192266790565
1.473,0.6,0.6001933813095093,0.5893974483199418,0.0,0.0,2.4369200322452818
1.474,0.6,0.6001925468444824,0.5893974483199418,0.0,0.0,2.4394208345847126
1.475,0.6,0.6001917719841003,0.5893974483199418,0.0,0.0,2.4419216337081244
1.476,0.6,0.6001909971237183,0.5893974483199418,0.0,0.0,2.444422429626572
1.477,0.6,0.6001902222633362,0.5893974483199418,0.0,0.0,2.4469232223517174
1.478,0.6,0.6001894474029541,0.5893974483199418,0.0,0.0,2.4494240118961423
1.479,0.6,0.6001887917518616,0.5893974483199418,0.0,0.0,2.451924798273635
1.48,0.6,0.6001879572868347,0.5893974483199418,0.0,0.0,2.4544255814860545
1.481,0.6,0.6001871824264526,0.5893974483199418,0.0,0.0,2.4569263615444736
1.482,0.6,0.6001864671707153,0.5893974483199418,0.0,0.0,2.459427138462284
1.483,0.6,0.600185751914978,0.5893974483199418,0.0,0.0,2.4619279122486906
1.484,0.6,0.600184977054596,0.5893974483199418,0.0,0.0,2.4644286829092903
1.485,0.6,0.6001842021942139,0.5893974483199418,0.0,0.0,2.466929450453322
1.486,0.6,0.6001834869384766,0.5893974483199418,0.0,0.0,2.4694302148937903
1.487,0.6,0.6001827716827393,0.5893974483199418,0.0,0.0,2.4719309762408708
1.488,0.6,0.6001819968223572,0.5893974483199418,0.0,0.0,2.474431734502408
1.489,0.6,0.6001812219619751,0.5893974483199418,0.0,0.0,2.476932489691084
1.49,0.6,0.6001805663108826,0.5893974483199418,0.0,0.0,2.4794332418244687
1.491,0.6,0.6001797318458557,0.5893974483199418,0.0,0.0,2.4819339909116516
1.492,0.6,0.600179135799408,0.5893974483199418,0.0,0.0,2.4844347369741775
1.493,0.6,0.6001783609390259,0.5893974483199418,0.0,0.0,2.4869354800188255
1.494,0.6,0.600177526473999,0.5893974483199418,0.0,0.0,2.4894362200589097
1.495,0.6,0.6001768708229065,0.5893974483199418,0.0,0.0,2.491936957120924
1.496,0.6,0.600176215171814,0.5893974483199418,0.0,0.0,2.4944376912239883
1.497,0.6,0.6001754999160767,0.5893974483199418,0.0,0.0,2.4969384223805937
1.498,0.6,0.6001747846603394,0.5893974483199418,0.0,0.0,2.499439150604013
1.499,0.6,0.6001741290092468,0.5893974483199418,0.0,0.0,2.501939875908572
1.5,0.6,0.6001733541488647,0.5893974483199418,0.0,0.0,2.5044405983031988
1.5010000000000001,0.6,0.6001726984977722,0.5893974483199418,0.0,0.0,2.506941317805463
1.502,0.6,0.6001720428466797,0.5893974483199418,0.0,0.0,2.509442034427978
1.5030000000000001,0.6,0.6001713871955872,0.5893974483199418,0.0,0.0,2.5119427481789987
1.504,0.6,0.6001706123352051,0.5893974483199418,0.0,0.0,2.514443459062984
1.5050000000000001,0.6,0.6001699566841125,0.5893974483199418,0.0,0.0,2.51694416709454
1.506,0.6,0.60016930103302,0.5893974483199418,0.0,0.0,2.519444872284726
1.5070000000000001,0.6,0.6001686453819275,0.5893974483199418,0.0,0.0,2.5219455746415664
1.508,0.6,0.6001679301261902,0.5893974483199418,0.0,0.0,2.5244462741705345
1.5090000000000001,0.6,0.6001671552658081,0.5893974483199418,0.0,0.0,2.5269469708817076
1.51,0.6,0.6001665592193604,0.5893974483199418,0.0,0.0,2.529447664796511
1.5110000000000001,0.6,0.600165843963623,0.5893974483199418,0.0,0.0,2.5319483559272444
1.512,0.6,0.6001651883125305,0.5893974483199418,0.0,0.0,2.534449044291326
1.5130000000000001,0.6,0.6001644730567932,0.5893974483199418,0.0,0.0,2.5369497299045904
1.514,0.6,0.6001638770103455,0.5893974483199418,0.0,0.0,2.5394504127883843
1.5150000000000001,0.6,0.6001632213592529,0.5893974483199418,0.0,0.0,2.541951092956136
1.516,0.6,0.6001625657081604,0.5893974483199418,0.0,0.0,2.5444517704208174
1.5170000000000001,0.6,0.6001619696617126,0.5893974483199418,0.0,0.0,2.5469524451952625
1.518,0.6,0.6001613140106201,0.5893974483199418,0.0,0.0,2.549453117285767
1.5190000000000001,0.6,0.6001606583595276,0.5893974483199418,0.0,0.0,2.5519537866994626
1.52,0.6,0.6001600027084351,0.5893974483199418,0.0,0.0,2.5544544534445617
1.5210000000000001,0.6,0.6001593470573425,0.5893974483199418,0.0,0.0,2.5569551175305802
1.522,0.6,0.6001588106155396,0.5893974483199418,0.0,0.0,2.5594557789685566
1.5230000000000001,0.6,0.6001580953598022,0.5893974483199418,0.0,0.0,2.5619564377578325
1.524,0.6,0.6001575589179993,0.5893974483199418,0.0,0.0,2.5644570939071394
1.5250000000000001,0.6,0.600156843662262,0.5893974483199418,0.0,0.0,2.566957747414217
1.526,0.6,0.6001562476158142,0.5893974483199418,0.0,0.0,2.5694583982868537
1.5270000000000001,0.6,0.6001555919647217,0.5893974483199418,0.0,0.0,2.5719590465291717
1.528,0.6,0.6001549959182739,0.5893974483199418,0.0,0.0,2.574459692148829
1.5290000000000001,0.6,0.6001543998718262,0.5893974483199418,0.0,0.0,2.576960335150387
1.53,0.6,0.6001536846160889,0.5893974483199418,0.0,0.0,2.57946097553577
1.5310000000000001,0.6,0.6001531481742859,0.5893974483199418,0.0,0.0,2.5819616133181063
1.532,0.6,0.6001524329185486,0.5893974483199418,0.0,0.0,2.5844622485012385
1.5330000000000001,0.6,0.6001518368721008,0.5893974483199418,0.0,0.0,2.586962881100658
1.534,0.6,0.6001511812210083,0.5893974483199418,0.0,0.0,2.589463511129691
1.5350000000000001,0.6,0.6001505851745605,0.5893974483199418,0.0,0.0,2.591964138606606
1.536,0.6,0.6001500487327576,0.5893974483199418,0.0,0.0,2.594464763547899
1.537,0.6,0.600149393081665,0.5893974483199418,0.0,0.0,2.596965385961957
1.538,0.6,0.6001487970352173,0.5893974483199418,0.0,0.0,2.5994660058632184
1.539,0.6,0.6001482009887695,0.5893974483199418,0.0,0.0,2.601966623265382
1.54,0.6,0.6001476049423218,0.5893974483199418,0.0,0.0,2.6044672381817215
1.541,0.6,0.6001469492912292,0.5893974483199418,0.0,0.0,2.606967850625378
1.542,0.6,0.600146472454071,0.5893974483199418,0.0,0.0,2.6094684606163416
1.543,0.6,0.6001458168029785,0.5893974483199418,0.0,0.0,2.6119690681612036
1.544,0.6,0.6001452803611755,0.5893974483199418,0.0,0.0,2.6144696732743147
1.545,0.6,0.6001446843147278,0.5893974483199418,0.0,0.0,2.6169702759641886
1.546,0.6,0.6001440286636353,0.5893974483199418,0.0,0.0,2.6194708762408085
1.547,0.6,0.600143551826477,0.5893974483199418,0.0,0.0,2.621971474122508
1.548,0.6,0.6001428961753845,0.5893974483199418,0.0,0.0,2.624472069615633
1.549,0.6,0.6001423597335815,0.5893974483199418,0.0,0.0,2.626972662735611
1.55,0.6,0.6001418232917786,0.5893974483199418,0.0,0.0,2.6294732534932757
1.551,0.6,0.6001412868499756,0.5893974483199418,0.0,0.0,2.631973841895385
1.552,0.6,0.6001406311988831,0.5893974483199418,0.0,0.0,2.6344744279451184
1.553,0.6,0.6001400947570801,0.5893974483199418,0.0,0.0,2.6369750116559474
1.554,0.6,0.6001395583152771,0.5893974483199418,0.0,0.0,2.6394755930378833
1.555,0.6,0.6001389026641846,0.5893974483199418,0.0,0.0,2.6419761720979293
1.556,0.6,0.6001384854316711,0.5893974483199418,0.0,0.0,2.6444767488539203
1.557,0.6,0.6001379489898682,0.5893974483199418,0.0,0.0,2.6469773233073224
1.558,0.6,0.6001372933387756,0.5893974483199418,0.0,0.0,2.649477895457841
1.559,0.6,0.6001367568969727,0.5893974483199418,0.0,0.0,2.6519784653171863
1.56,0.6,0.6001362800598145,0.5893974483199418,0.0,0.0,2.6544790328952095
1.561,0.6,0.6001356244087219,0.5893974483199418,0.0,0.0,2.656979598193554
1.562,0.6,0.6001351475715637,0.5893974483199418,0.0,0.0,2.6594801612264938
1.563,0.6,0.6001346111297607,0.5893974483199418,0.0,0.0,2.6619807220003286
1.564,0.6,0.6001341342926025,0.5893974483199418,0.0,0.0,2.6644812805207954
1.565,0.6,0.60013347864151,0.5893974483199418,0.0,0.0,2.666981836786637
1.566,0.6,0.600132942199707,0.5893974483199418,0.0,0.0,2.6694823908103698
1.567,0.6,0.600132405757904,0.5893974483199418,0.0,0.0,2.671982942604309
1.568,0.6,0.6001319289207458,0.5893974483199418,0.0,0.0,2.6744834921808267
1.569,0.6,0.6001313924789429,0.5893974483199418,0.0,0.0,2.676984039545878
1.57,0.6,0.6001308560371399,0.5893974483199418,0.0,0.0,2.6794845847063202
1.571,0.6,0.6001303791999817,0.5893974483199418,0.0,0.0,2.681985127670095
1.572,0.6,0.6001297831535339,0.5893974483199418,0.0,0.0,2.6844856684396965
1.573,0.6,0.6001293063163757,0.5893974483199418,0.0,0.0,2.686986207026135
1.574,0.6,0.600128710269928,0.5893974483199418,0.0,0.0,2.6894867434352627
1.575,0.6,0.6001282930374146,0.5893974483199418,0.0,0.0,2.691987277681722
1.576,0.6,0.600127637386322,0.5893974483199418,0.0,0.0,2.6944878097685474
1.577,0.6,0.6001271605491638,0.5893974483199418,0.0,0.0,2.696988339714897
1.578,0.6,0.6001266837120056,0.5893974483199418,0.0,0.0,2.69948886753523
1.579,0.6,0.6001262068748474,0.5893974483199418,0.0,0.0,2.701989393239811
1.58,0.6,0.6001257300376892,0.5893974483199418,0.0,0.0,2.704489916835184
1.581,0.6,0.6001251339912415,0.5893974483199418,0.0,0.0,2.7069904383246097
1.582,0.6,0.6001246571540833,0.5893974483199418,0.0,0.0,2.709490957721903
1.583,0.6,0.600124180316925,0.5893974483199418,0.0,0.0,2.711991475037628
1.584,0.6,0.6001236438751221,0.5893974483199418,0.0,0.0,2.7144919902795177
1.585,0.6,0.6001231670379639,0.5893974483199418,0.0,0.0,2.7169925034595654
1.586,0.6,0.6001226902008057,0.5893974483199418,0.0,0.0,2.719493014587298
1.587,0.6,0.6001220941543579,0.5893974483199418,0.0,0.0,2.7219935236701382
1.588,0.6,0.6001216173171997,0.5893974483199418,0.0,0.0,2.7244940307271657
1.589,0.6,0.6001213192939758,0.5893974483199418,0.0,0.0,2.7269945357752476
1.59,0.6,0.6001207828521729,0.5893974483199418,0.0,0.0,2.729495038809271
1.591,0.6,0.6001203060150146,0.5893974483199418,0.0,0.0,2.731995539830457
1.592,0.6,0.6001197695732117,0.5893974483199418,0.0,0.0,2.734496038839507
1.593,0.6,0.6001192927360535,0.5893974483199418,0.0,0.0,2.7369965358435517
1.594,0.6,0.6001187562942505,0.5893974483199418,0.0,0.0,2.73949703084929
1.595,0.6,0.6001183986663818,0.5893974483199418,0.0,0.0,2.7419975238699346
1.596,0.6,0.6001179218292236,0.5893974483199418,0.0,0.0,2.744498014904933
1.597,0.6,0.6001173853874207,0.5893974483199418,0.0,0.0,2.7469985039543867
1.598,0.6,0.6001169085502625,0.5893974483199418,0.0,0.0,2.7494989910259346
1.599,0.6,0.6001164317131042,0.5893974483199418,0.0,0.0,2.7519994761278195
1.6,0.6,0.6001158952713013,0.5893974483199418,0.0,0.0,2.754499959269065
1.601,0.6,0.6001155376434326,0.5893974483199418,0.0,0.0,2.7570004404663484
1.602,0.6,0.6001149415969849,0.5893974483199418,0.0,0.0,2.7595009197236466
1.603,0.6,0.6001145839691162,0.5893974483199418,0.0,0.0,2.7620013970600086
1.604,0.6,0.600114107131958,0.5893974483199418,0.0,0.0,2.7645018724820645
1.605,0.6,0.6001136898994446,0.5893974483199418,0.0,0.0,2.767002345998367
1.606,0.6,0.6001132726669312,0.5893974483199418,0.0,0.0,2.769502817612777
1.607,0.6,0.600112795829773,0.5893974483199418,0.0,0.0,2.772003287324942
1.608,0.6,0.60011225938797,0.5893974483199418,0.0,0.0,2.7745037551374483
1.609,0.6,0.6001119017601013,0.5893974483199418,0.0,0.0,2.7770042210625614
1.61,0.6,0.6001113653182983,0.5893974483199418,0.0,0.0,2.7795046851017493
1.611,0.6,0.6001109480857849,0.5893974483199418,0.0,0.0,2.7820051472666267
1.612,0.6,0.6001104116439819,0.5893974483199418,0.0,0.0,2.784505607565158
1.613,0.6,0.6001100540161133,0.5893974483199418,0.0,0.0,2.7870060660154814
1.614,0.6,0.6001095175743103,0.5893974483199418,0.0,0.0,2.7895065226254023
1.615,0.6,0.6001091599464417,0.5893974483199418,0.0,0.0,2.792006977413311
1.616,0.6,0.600108802318573,0.5893974483199418,0.0,0.0,2.7945074303876485
1.617,0.6,0.6001082062721252,0.5893974483199418,0.0,0.0,2.7970078815476818
1.618,0.6,0.6001079082489014,0.5893974483199418,0.0,0.0,2.7995083309110558
1.619,0.6,0.6001074910163879,0.5893974483199418,0.0,0.0,2.802008778479394
1.62,0.6,0.6001071333885193,0.5893974483199418,0.0,0.0,2.804509224252833
1.621,0.6,0.6001065373420715,0.5893974483199418,0.0,0.0,2.807009668223596
1.622,0.6,0.6001061797142029,0.5893974483199418,0.0,0.0,2.809510110403465
1.623,0.6,0.6001057028770447,0.5893974483199418,0.0,0.0,2.8120105507960176
1.624,0.6,0.6001052856445312,0.5893974483199418,0.0,0.0,2.814510989410706
1.625,0.6,0.6001048684120178,0.5893974483199418,0.0,0.0,2.8170114262559998
1.6260000000000001,0.6,0.6001043319702148,0.5893974483199418,0.0,0.0,2.819511861339636
1.627,0.6,0.600104033946991,0.5893974483199418,0.0,0.0,2.8220122946822617
1.6280000000000001,0.6,0.6001035571098328,0.5893974483199418,0.0,0.0,2.8245127262900533
1.629,0.6,0.6001031994819641,0.5893974483199418,0.0,0.0,2.827013156175862
1.6300000000000001,0.6,0.6001028418540955,0.5893974483199418,0.0,0.0,2.8295135843456007
1.631,0.6,0.6001023650169373,0.5893974483199418,0.0,0.0,2.832014010798835
1.6320000000000001,0.6,0.6001019477844238,0.5893974483199418,0.0,0.0,2.8345144355427463
1.633,0.6,0.6001015305519104,0.5893974483199418,0.0,0.0,2.8370148585851696
1.6340000000000001,0.6,0.600101113319397,0.5893974483199418,0.0,0.0,2.839515279934739
1.635,0.6,0.6001006960868835,0.5893974483199418,0.0,0.0,2.8420156996010277
1.6360000000000001,0.6,0.6001003384590149,0.5893974483199418,0.0,0.0,2.8445161175946745
1.637,0.6,0.6000999212265015,0.5893974483199418,0.0,0.0,2.847016533920799
1.6380000000000001,0.6,0.6000995635986328,0.5893974483199418,0.0,0.0,2.849516948586209
1.639,0.6,0.6000991463661194,0.5893974483199418,0.0,0.0,2.852017361592778
1.6400000000000001,0.6,0.600098729133606,0.5893974483199418,0.0,0.0,2.854517772944613
1.641,0.6,0.6000983715057373,0.5893974483199418,0.0,0.0,2.8570181826481074
1.6420000000000001,0.6,0.6000979542732239,0.5893974483199418,0.0,0.0,2.8595185907052776
1.643,0.6,0.60009765625,0.5893974483199418,0.0,0.0,2.862018997120902
1.6440000000000001,0.6,0.600097119808197,0.5893974483199418,0.0,0.0,2.8645194018891225
1.645,0.6,0.6000967621803284,0.5893974483199418,0.0,0.0,2.867019805021062
1.6460000000000001,0.6,0.6000963449478149,0.5893974483199418,0.0,0.0,2.8695202065238963
1.647,0.6,0.6000959873199463,0.5893974483199418,0.0,0.0,2.8720206064079647
1.6480000000000001,0.6,0.6000955700874329,0.5893974483199418,0.0,0.0,2.874521004680057
1.649,0.6,0.6000951528549194,0.5893974483199418,0.0,0.0,2.8770214013504947
1.6500000000000001,0.6,0.6000947952270508,0.5893974483199418,0.0,0.0,2.879521796433105
1.651,0.6,0.6000944375991821,0.5893974483199418,0.0,0.0,2.8820221899384806
1.6520000000000001,0.6,0.6000940799713135,0.5893974483199418,0.0,0.0,2.884522581874342
1.653,0.6,0.6000936627388,0.5893974483199418,0.0,0.0,2.887022972245874
1.6540000000000001,0.6,0.6000933051109314,0.5893974483199418,0.0,0.0,2.889523361062748
1.655,0.6,0.6000929474830627,0.5893974483199418,0.0,0.0,2.8920237483323277
1.6560000000000001,0.6,0.6000925898551941,0.5893974483199418,0.0,0.0,2.8945241340599686
1.657,0.6,0.6000922322273254,0.5893974483199418,0.0,0.0,2.897024518249304
1.6580000000000001,0.6,0.600091814994812,0.5893974483199418,0.0,0.0,2.899524900902512
1.659,0.6,0.6000914573669434,0.5893974483199418,0.0,0.0,2.9020252820272714
1.6600000000000001,0.6,0.6000910997390747,0.5893974483199418,0.0,0.0,2.9045256616299007
1.661,0.6,0.600090742111206,0.5893974483199418,0.0,0.0,2.9070260397156056
1.6620000000000001,0.6,0.6000903844833374,0.5893974483199418,0.0,0.0,2.9095264162887062
1.663,0.6,0.6000901460647583,0.5893974483199418,0.0,0.0,2.912026791352851
1.6640000000000001,0.6,0.6000897288322449,0.5893974483199418,0.0,0.0,2.914527164897807
1.665,0.6,0.6000893115997314,0.5893974483199418,0.0,0.0,2.9170275369205423
1.666,0.6,0.6000889539718628,0.5893974483199418,0.0,0.0,2.919527907424969
1.667,0.6,0.6000885963439941,0.5893974483199418,0.0,0.0,2.922028276414994
1.668,0.6,0.6000881791114807,0.5893974483199418,0.0,0.0,2.9245286438946825
1.669,0.6,0.6000878214836121,0.5893974483199418,0.0,0.0,2.927029009875111
1.67,0.6,0.6000875234603882,0.5893974483199418,0.0,0.0,2.929529374367419
1.671,0.6,0.60008704662323,0.5893974483199418,0.0,0.0,2.932029737376255
1.672,0.6,0.6000867486000061,0.5893974483199418,0.0,0.0,2.9345300989204333
1.673,0.6,0.6000864505767822,0.5893974483199418,0.0,0.0,2.9370304590121514
1.674,0.6,0.6000861525535583,0.5893974483199418,0.0,0.0,2.9395308176575323
1.675,0.6,0.6000857353210449,0.5893974483199418,0.0,0.0,2.942031174857134
1.676,0.6,0.6000853776931763,0.5893974483199418,0.0,0.0,2.944531530619837
1.677,0.6,0.6000850200653076,0.5893974483199418,0.0,0.0,2.947031884955813
1.678,0.6,0.6000847816467285,0.5893974483199418,0.0,0.0,2.949532237876605
1.679,0.6,0.6000844240188599,0.5893974483199418,0.0,0.0,2.952032589381789
1.68,0.6,0.6000839471817017,0.5893974483199418,0.0,0.0,2.954532939473234
1.681,0.6,0.6000836491584778,0.5893974483199418,0.0,0.0,2.9570332881685304
1.682,0.6,0.6000833511352539,0.5893974483199418,0.0,0.0,2.959533635480118
1.683,0.6,0.60008305311203,0.5893974483199418,0.0,0.0,2.962033981415734
1.684,0.6,0.6000826954841614,0.5893974483199418,0.0,0.0,2.9645343259788386
1.685,0.6,0.6000823974609375,0.5893974483199418,0.0,0.0,2.967034669175717
1.686,0.6,0.6000820994377136,0.5893974483199418,0.0,0.0,2.969535011008761
1.687,0.6,0.600081741809845,0.5893974483199418,0.0,0.0,2.9720353514768396
1.688,0.6,0.6000813841819763,0.5893974483199418,0.0,0.0,2.9745356905823606
1.689,0.6,0.6000811457633972,0.5893974483199418,0.0,0.0,2.9770360283312085
1.69,0.6,0.600080668926239,0.5893974483199418,0.0,0.0,2.97953636471928
1.691,0.6,0.6000804305076599,0.5893974483199418,0.0,0.0,2.982036699760032
1.692,0.6,0.600080132484436,0.5893974483199418,0.0,0.0,2.984537033456786
1.693,0.6,0.6000798344612122,0.5893974483199418,0.0,0.0,2.987037365810165
1.694,0.6,0.6000794768333435,0.5893974483199418,0.0,0.0,2.9895376968183975
1.695,0.6,0.6000791788101196,0.5893974483199418,0.0,0.0,2.9920380264843014
1.696,0.6,0.600078821182251,0.5893974483199418,0.0,0.0,2.9945383548084563
1.697,0.6,0.6000784635543823,0.5893974483199418,0.0,0.0,2.997038681796182
1.698,0.6,0.6000781655311584,0.5893974483199418,0.0,0.0,2.999539007457406
1.699,0.6,0.6000779271125793,0.5893974483199418,0.0,0.0,3.002039331799832
1.7,0.6,0.6000775098800659,0.5893974483199418,0.0,0.0,3.0045396548225045
1.701,0.6,0.600077211856842,0.5893974483199418,0.0,0.0,3.00703997653657
1.702,0.6,0.6000769138336182,0.5893974483199418,0.0,0.0,3.0095402969513043
1.703,0.6,0.6000766158103943,0.5893974483199418,0.0,0.0,3.0120406160743594
1.704,0.6,0.6000763177871704,0.5893974483199418,0.0,0.0,3.014540933911999
1.705,0.6,0.6000759601593018,0.5893974483199418,0.0,0.0,3.017041250469318
1.706,0.6,0.6000757217407227,0.5893974483199418,0.0,0.0,3.019541565757152
1.707,0.6,0.600075364112854,0.5893974483199418,0.0,0.0,3.0220418797784725
1.708,0.6,0.6000750660896301,0.5893974483199418,0.0,0.0,3.0245421925423916
1.709,0.6,0.600074827671051,0.5893974483199418,0.0,0.0,3.027042504057236
1.71,0.6,0.6000744700431824,0.5893974483199418,0.0,0.0,3.0295428143240226
1.711,0.6,0.6000741720199585,0.5893974483199418,0.0,0.0,3.0320431233504297
1.712,0.6,0.6000739336013794,0.5893974483199418,0.0,0.0,3.0345434311438386
1.713,0.6,0.6000736355781555,0.5893974483199418,0.0,0.0,3.037043737704782
1.714,0.6,0.6000733375549316,0.5893974483199418,0.0,0.0,3.0395440430341742
1.715,0.6,0.600072979927063,0.5893974483199418,0.0,0.0,3.042044347133427
1.716,0.6,0.6000726819038391,0.5893974483199418,0.0,0.0,3.044544650011256
1.717,0.6,0.6000723838806152,0.5893974483199418,0.0,0.0,3.047044951676684
1.718,0.6,0.6000720262527466,0.5893974483199418,0.0,0.0,3.0495452521391555
1.719,0.6,0.600071907043457,0.5893974483199418,0.0,0.0,3.052045551415351
1.72,0.6,0.6000715494155884,0.5893974483199418,0.0,0.0,3.0545458495020736
1.721,0.6,0.6000712513923645,0.5893974483199418,0.0,0.0,3.057046146404356
1.722,0.6,0.6000709533691406,0.5893974483199418,0.0,0.0,3.059546442128406
1.723,0.6,0.6000707149505615,0.5893974483199418,0.0,0.0,3.0620467366816673
1.724,0.6,0.6000704169273376,0.5893974483199418,0.0,0.0,3.0645470300661697
1.725,0.6,0.6000701785087585,0.5893974483199418,0.0,0.0,3.0670473222856782
1.726,0.6,0.6000698804855347,0.5893974483199418,0.0,0.0,3.06954761333901
1.727,0.6,0.6000696420669556,0.5893974483199418,0.0,0.0,3.0720479032271566
1.728,0.6,0.6000693440437317,0.5893974483199418,0.0,0.0,3.074548191946574
1.729,0.6,0.6000690460205078,0.5893974483199418,0.0,0.0,3.0770484794962774
1.73,0.6,0.6000687479972839,0.5893974483199418,0.0,0.0,3.0795487658778167
1.731,0.6,0.6000685095787048,0.5893974483199418,0.0,0.0,3.082049051095253
1.732,0.6,0.600068211555481,0.5893974483199418,0.0,0.0,3.084549335148432
1.733,0.6,0.6000679731369019,0.5893974483199418,0.0,0.0,3.0870496180400555
1.734,0.6,0.6000676155090332,0.5893974483199418,0.0,0.0,3.089549899768935
1.735,0.6,0.6000672578811646,0.5893974483199418,0.0,0.0,3.092050180343748
1.736,0.6,0.600067138671875,0.5893974483199418,0.0,0.0,3.0945504597825932
1.737,0.6,0.6000668406486511,0.5893974483199418,0.0,0.0,3.0970507380857404
1.738,0.6,0.600066602230072,0.5893974483199418,0.0,0.0,3.099551015256905
1.739,0.6,0.6000662446022034,0.5893974483199418,0.0,0.0,3.1020512912964615
1.74,0.6,0.600066065788269,0.5893974483199418,0.0,0.0,3.1045515662151697
1.741,0.6,0.6000657081604004,0.5893974483199418,0.0,0.0,3.107051840013575
1.742,0.6,0.6000655889511108,0.5893974483199418,0.0,0.0,3.109552112702837
1.743,0.6,0.6000651717185974,0.5893974483199418,0.0,0.0,3.112052384277411
1.744,0.6,0.6000649333000183,0.5893974483199418,0.0,0.0,3.1145526547496627
1.745,0.6,0.6000646352767944,0.5893974483199418,0.0,0.0,3.1170529241288305
1.746,0.6,0.6000643968582153,0.5893974483199418,0.0,0.0,3.119553192428032
1.747,0.6,0.600064218044281,0.5893974483199418,0.0,0.0,3.1220534596574527
1.748,0.6,0.6000639200210571,0.5893974483199418,0.0,0.0,3.1245537258179255
1.749,0.6,0.6000636219978333,0.5893974483199418,0.0,0.0,3.127053990915001
1.75,0.6,0.6000634431838989,0.5893974483199418,0.0,0.0,3.1295542549587894
1.7510000000000001,0.6,0.6000630855560303,0.5893974483199418,0.0,0.0,3.1320545179504022
1.752,0.6,0.600062906742096,0.5893974483199418,0.0,0.0,3.1345547799027043
1.7530000000000001,0.6,0.6000626087188721,0.5893974483199418,0.0,0.0,3.1370550408196296
1.754,0.6,0.600062370300293,0.5893974483199418,0.0,0.0,3.1395553007102266
1.7550000000000001,0.6,0.6000621914863586,0.5893974483199418,0.0,0.0,-3.1411297475978177
1.756,0.6,0.6000618934631348,0.5893974483199418,0.0,0.0,-3.138629489746322
1.7570000000000001,0.6,0.6000617146492004,0.5893974483199418,0.0,0.0,-3.1361292329101276
1.758,0.6,0.6000614166259766,0.5893974483199418,0.0,0.0,-3.1336289770923837
1.7590000000000001,0.6,0.600061297416687,0.5893974483199418,0.0,0.0,-3.1311287222901547
1.76,0.6,0.6000609397888184,0.5893974483199418,0.0,0.0,-3.1286284685147825
1.7610000000000001,0.6,0.6000606417655945,0.5893974483199418,0.0,0.0,-3.1261282157641244
1.762,0.6,0.6000604033470154,0.5893974483199418,0.0,0.0,-3.1236279640299327
1.7630000000000001,0.6,0.6000601649284363,0.5893974483199418,0.0,0.0,-3.1211277133048028
1.764,0.6,0.6000598669052124,0.5893974483199418,0.0,0.0,-3.1186274635820164
1.7650000000000001,0.6,0.6000596880912781,0.5893974483199418,0.0,0.0,-3.1161272148486834
1.766,0.6,0.600059449672699,0.5893974483199418,0.0,0.0,-3.113626967099406
1.7670000000000001,0.6,0.6000592112541199,0.5893974483199418,0.0,0.0,-3.1111267203290254
1.768,0.6,0.6000589728355408,0.5893974483199418,0.0,0.0,-3.1086264745325045
1.7690000000000001,0.6,0.6000588536262512,0.5893974483199418,0.0,0.0,-3.1061262297048113
1.77,0.6,0.6000584363937378,0.5893974483199418,0.0,0.0,-3.1036259858542254
1.7710000000000001,0.6,0.6000583171844482,0.5893974483199418,0.0,0.0,-3.1011257429679304
1.772,0.6,0.6000581383705139,0.5893974483199418,0.0,0.0,-3.098625501046661
1.7730000000000001,0.6,0.60005784034729,0.5893974483199418,0.0,0.0,-3.096125260097108
1.774,0.6,0.6000576615333557,0.5893974483199418,0.0,0.0,-3.093625020118057
1.7750000000000001,0.6,0.6000573635101318,0.5893974483199418,0.0,0.0,-3.091124781114155
1.776,0.6,0.6000571846961975,0.5893974483199418,0.0,0.0,-3.0886245430820556
1.7770000000000001,0.6,0.6000570058822632,0.5893974483199418,0.0,0.0,-3.0861243060241925
1.778,0.6,0.6000567078590393,0.5893974483199418,0.0,0.0,-3.0836240699483426
1.7790000000000001,0.6,0.6000564098358154,0.5893974483199418,0.0,0.0,-3.081123834853802
1.78,0.6,0.6000562310218811,0.5893974483199418,0.0,0.0,-3.0786236007317758
1.7810000000000001,0.6,0.600055992603302,0.5893974483199418,0.0,0.0,-3.076123367579158
1.782,0.6,0.6000557541847229,0.5893974483199418,0.0,0.0,-3.073623135391393
1.7830000000000001,0.6,0.6000555157661438,0.5893974483199418,0.0,0.0,-3.0711229041624586
1.784,0.6,0.6000552773475647,0.5893974483199418,0.0,0.0,-3.0686226738848497
1.7850000000000001,0.6,0.6000549793243408,0.5893974483199418,0.0,0.0,-3.066122444549562
1.786,0.6,0.6000548005104065,0.5893974483199418,0.0,0.0,-3.0636222161393745
1.7870000000000001,0.6,0.6000546216964722,0.5893974483199418,0.0,0.0,-3.0611219886426313
1.788,0.6,0.6000543832778931,0.5893974483199418,0.0,0.0,-3.058621762052823
1.7890000000000001,0.6,0.600054144859314,0.5893974483199418,0.0,0.0,-3.0561215363614807
1.79,0.6,0.6000539660453796,0.5893974483199418,0.0,0.0,-3.0536213115581896
1.7910000000000001,0.6,0.6000536680221558,0.5893974483199418,0.0,0.0,-3.0511210876373096
1.792,0.6,0.6000535488128662,0.5893974483199418,0.0,0.0,-3.0486208645841884
1.793,0.6,0.6000533103942871,0.5893974483199418,0.0,0.0,-3.046120642395702
1.794,0.6,0.6000531315803528,0.5893974483199418,0.0,0.0,-3.0436204210660796
1.795,0.6,0.6000528335571289,0.5893974483199418,0.0,0.0,-3.0411202005936637
1.796,0.6,0.6000527739524841,0.5893974483199418,0.0,0.0,-3.038619980967166
1.797,0.6,0.600052535533905,0.5893974483199418,0.0,0.0,-3.0361197621929517
1.798,0.6,0.6000522971153259,0.5893974483199418,0.0,0.0,-3.033619544273806
1.799,0.6,0.6000521183013916,0.5893974483199418,0.0,0.0,-3.031119327209047
1.8,0.6,0.6000518798828125,0.5893974483199418,0.0,0.0,-3.02861911100134
1.801,0.6,0.6000517010688782,0.5893974483199418,0.0,0.0,-3.026118895649703
1.802,0.6,0.6000514030456543,0.5893974483199418,0.0,0.0,-3.023618681156333
1.803,0.6,0.6000512838363647,0.5893974483199418,0.0,0.0,-3.0211184675129146
1.804,0.6,0.6000511050224304,0.5893974483199418,0.0,0.0,-3.0186182547212574
1.805,0.6,0.6000508069992065,0.5893974483199418,0.0,0.0,-3.016118042785909
1.806,0.6,0.6000507473945618,0.5893974483199418,0.0,0.0,-3.0136178317004934
1.807,0.6,0.6000504493713379,0.5893974483199418,0.0,0.0,-3.011117621475078
1.808,0.6,0.6000502705574036,0.5893974483199418,0.0,0.0,-3.0086174121083067
1.809,0.6,0.6000500917434692,0.5893974483199418,0.0,0.0,-3.0061172036013812
1.81,0.6,0.6000498533248901,0.5893974483199418,0.0,0.0,-3.003616995957828
1.811,0.6,0.600049614906311,0.5893974483199418,0.0,0.0,-3.001116789176563
1.812,0.6,0.6000494360923767,0.5893974483199418,0.0,0.0,-2.998616583252072
1.813,0.6,0.6000491976737976,0.5893974483199418,0.0,0.0,-2.9961163781812847
1.814,0.6,0.6000490188598633,0.5893974483199418,0.0,0.0,-2.993616173956634
1.815,0.6,0.600048840045929,0.5893974483199418,0.0,0.0,-2.991115970572935
1.816,0.6,0.6000486612319946,0.5893974483199418,0.0,0.0,-2.9886157680271603
1.817,0.6,0.6000484228134155,0.5893974483199418,0.0,0.0,-2.986115566318222
1.818,0.6,0.6000481843948364,0.5893974483199418,0.0,0.0,-2.9836153654400697
1.819,0.6,0.6000480055809021,0.5893974483199418,0.0,0.0,-2.9811151653818873
1.82,0.6,0.6000478267669678,0.5893974483199418,0.0,0.0,-2.978614966134988
1.821,0.6,0.6000476479530334,0.5893974483199418,0.0,0.0,-2.9761147676926027
1.822,0.6,0.6000474691390991,0.5893974483199418,0.0,0.0,-2.973614570049682
1.823,0.6,0.6000472903251648,0.5893974483199418,0.0,0.0,-2.9711143732027097
1.824,0.6,0.6000471115112305,0.5893974483199418,0.0,0.0,-2.968614177149528
1.825,0.6,0.6000469326972961,0.5893974483199418,0.0,0.0,-2.9661139818891744
1.826,0.6,0.600046694278717,0.5893974483199418,0.0,0.0,-2.963613787421726
1.827,0.6,0.6000465154647827,0.5893974483199418,0.0,0.0,-2.961113593741452
1.828,0.6,0.6000462770462036,0.5893974483199418,0.0,0.0,-2.9586134008437672
1.829,0.6,0.6000460982322693,0.5893974483199418,0.0,0.0,-2.9561132087183797
1.83,0.6,0.600045919418335,0.5893974483199418,0.0,0.0,-2.9536130173562385
1.831,0.6,0.6000456809997559,0.5893974483199418,0.0,0.0,-2.95111282674938
1.832,0.6,0.6000455021858215,0.5893974483199418,0.0,0.0,-2.9486126368840724
1.833,0.6,0.6000454425811768,0.5893974483199418,0.0,0.0,-2.9461124477477734
1.834,0.6,0.6000452041625977,0.5893974483199418,0.0,0.0,-2.9436122593423883
1.835,0.6,0.6000450253486633,0.5893974483199418,0.0,0.0,-2.941112071663234
1.836,0.6,0.600044846534729,0.5893974483199418,0.0,0.0,-2.938611884706043
1.837,0.6,0.6000447273254395,0.5893974483199418,0.0,0.0,-2.93611169846686
1.838,0.6,0.6000445485115051,0.5893974483199418,0.0,0.0,-2.9336115129486466
1.839,0.6,0.6000443696975708,0.5893974483199418,0.0,0.0,-2.931111328154098
1.84,0.6,0.6000441908836365,0.5893974483199418,0.0,0.0,-2.9286111440855764
1.841,0.6,0.6000440716743469,0.5893974483199418,0.0,0.0,-2.926110960745051
1.842,0.6,0.6000438332557678,0.5893974483199418,0.0,0.0,-2.9236107781407514
1.843,0.6,0.6000436544418335,0.5893974483199418,0.0,0.0,-2.921110596273312
1.844,0.6,0.6000434756278992,0.5893974483199418,0.0,0.0,-2.918610415142842
1.845,0.6,0.6000433564186096,0.5893974483199418,0.0,0.0,-2.9161102347488757
1.846,0.6,0.6000431180000305,0.5893974483199418,0.0,0.0,-2.913610055097037
1.847,0.6,0.6000429391860962,0.5893974483199418,0.0,0.0,-2.911109876185194
1.848,0.6,0.6000427603721619,0.5893974483199418,0.0,0.0,-2.9086096980105403
1.849,0.6,0.6000425815582275,0.5893974483199418,0.0,0.0,-2.9061095205695535
1.85,0.6,0.600042462348938,0.5893974483199418,0.0,0.0,-2.903609343857963
1.851,0.6,0.6000422835350037,0.5893974483199418,0.0,0.0,-2.9011091678774177
1.852,0.6,0.6000419855117798,0.5893974483199418,0.0,0.0,-2.898608992628365
1.853,0.6,0.6000418663024902,0.5893974483199418,0.0,0.0,-2.8961088180966312
1.854,0.6,0.6000416874885559,0.5893974483199418,0.0,0.0,-2.8936086442743068
1.855,0.6,0.6000415682792664,0.5893974483199418,0.0,0.0,-2.8911084711526036
1.856,0.6,0.600041389465332,0.5893974483199418,0.0,0.0,-2.888608298728534
1.857,0.6,0.6000412106513977,0.5893974483199418,0.0,0.0,-2.8861081269977933
1.858,0.6,0.6000409722328186,0.5893974483199418,0.0,0.0,-2.8836079559547607
1.859,0.6,0.6000409126281738,0.5893974483199418,0.0,0.0,-2.8811077855857947
1.86,0.6,0.6000407934188843,0.5893974483199418,0.0,0.0,-2.8786076158897407
1.861,0.6,0.6000405550003052,0.5893974483199418,0.0,0.0,-2.876107446870427
1.862,0.6,0.6000403761863708,0.5893974483199418,0.0,0.0,-2.873607278522891
1.863,0.6,0.6000402569770813,0.5893974483199418,0.0,0.0,-2.871107110840521
1.864,0.6,0.600040078163147,0.5893974483199418,0.0,0.0,-2.868606943821785
1.865,0.6,0.6000398993492126,0.5893974483199418,0.0,0.0,-2.8661067774631577
1.866,0.6,0.6000397801399231,0.5893974483199418,0.0,0.0,-2.8636066117591623
1.867,0.6,0.6000396013259888,0.5893974483199418,0.0,0.0,-2.8611064467091176
1.868,0.6,0.6000394821166992,0.5893974483199418,0.0,0.0,-2.8586062823100837
1.869,0.6,0.6000393033027649,0.5893974483199418,0.0,0.0,-2.856106118563626
1.87,0.6,0.6000390648841858,0.5893974483199418,0.0,0.0,-2.8536059554687774
1.871,0.6,0.600039005279541,0.5893974483199418,0.0,0.0,-2.851105793015409
1.872,0.6,0.6000387668609619,0.5893974483199418,0.0,0.0,-2.8486056312048076
1.873,0.6,0.6000387072563171,0.5893974483199418,0.0,0.0,-2.846105470028825
1.874,0.6,0.6000385880470276,0.5893974483199418,0.0,0.0,-2.8436053094904725
1.875,0.6,0.6000384092330933,0.5893974483199418,0.0,0.0,-2.8411051495965007
1.8760000000000001,0.6,0.6000382304191589,0.5893974483199418,0.0,0.0,-2.8386049903504067
1.877,0.6,0.6000379920005798,0.5893974483199418,0.0,0.0,-2.8361048317525572
1.8780000000000001,0.6,0.6000379323959351,0.5893974483199418,0.0,0.0,-2.833604673793591
1.879,0.6,0.6000377535820007,0.5893974483199418,0.0,0.0,-2.8311045164750355
1.8800000000000001,0.6,0.6000376343727112,0.5893974483199418,0.0,0.0,-2.8286043597951953
1.881,0.6,0.6000374555587769,0.5893974483199418,0.0,0.0,-2.8261042037559734
1.8820000000000001,0.6,0.6000372767448425,0.5893974483199418,0.0,0.0,-2.8236040483558944
1.883,0.6,0.6000372171401978,0.5893974483199418,0.0,0.0,-2.821103893590229
1.8840000000000001,0.6,0.6000369787216187,0.5893974483199418,0.0,0.0,-2.8186037394645287
1.885,0.6,0.6000369191169739,0.5893974483199418,0.0,0.0,-2.8161035859738477
1.8860000000000001,0.6,0.6000366806983948,0.5893974483199418,0.0,0.0,-2.8136034331233986
1.887,0.6,0.6000365018844604,0.5893974483199418,0.0,0.0,-2.8111032809077825
1.8880000000000001,0.6,0.6000364422798157,0.5893974483199418,0.0,0.0,-2.808603129318244
1.889,0.6,0.6000362634658813,0.5893974483199418,0.0,0.0,-2.8061029783562086
1.8900000000000001,0.6,0.6000361442565918,0.5893974483199418,0.0,0.0,-2.803602828019217
1.891,0.6,0.6000359058380127,0.5893974483199418,0.0,0.0,-2.80110267830779
1.8920000000000001,0.6,0.6000358462333679,0.5893974483199418,0.0,0.0,-2.79860252921178
1.893,0.6,0.6000356674194336,0.5893974483199418,0.0,0.0,-2.796102380731038
1.8940000000000001,0.6,0.6000354290008545,0.5893974483199418,0.0,0.0,-2.793602232861363
1.895,0.6,0.6000353693962097,0.5893974483199418,0.0,0.0,-2.79110208558796
1.8960000000000001,0.6,0.6000352501869202,0.5893974483199418,0.0,0.0,-2.7886019389061087
1.897,0.6,0.6000350713729858,0.5893974483199418,0.0,0.0,-2.78610179281381
1.8980000000000001,0.6,0.6000348925590515,0.5893974483199418,0.0,0.0,-2.7836016473048564
1.899,0.6,0.600034773349762,0.5893974483199418,0.0,0.0,-2.7811015023690127
1.9000000000000001,0.6,0.600034773349762,0.5893974483199418,0.0,0.0,-2.7786013579988893
1.901,0.6,0.6000345349311829,0.5893974483199418,0.0,0.0,-2.776101214203129
1.9020000000000001,0.6,0.6000344157218933,0.5893974483199418,0.0,0.0,-2.7736010709785908
1.903,0.6,0.6000342965126038,0.5893974483199418,0.0,0.0,-2.7711009283243815
1.9040000000000001,0.6,0.6000341773033142,0.5893974483199418,0.0,0.0,-2.768600786241665
1.905,0.6,0.6000339388847351,0.5893974483199418,0.0,0.0,-2.766100644733482
1.9060000000000001,0.6,0.6000338196754456,0.5893974483199418,0.0,0.0,-2.7636005037911677
1.907,0.6,0.6000336408615112,0.5893974483199418,0.0,0.0,-2.76110036340838
1.9080000000000001,0.6,0.6000335812568665,0.5893974483199418,0.0,0.0,-2.7586002235741955
1.909,0.6,0.6000334620475769,0.5893974483199418,0.0,0.0,-2.7561000842867274
1.9100000000000001,0.6,0.6000333428382874,0.5893974483199418,0.0,0.0,-2.753599945545832
1.911,0.6,0.600033164024353,0.5893974483199418,0.0,0.0,-2.751099807352951
1.9120000000000001,0.6,0.6000330448150635,0.5893974483199418,0.0,0.0,-2.7485996697042516
1.913,0.6,0.6000329256057739,0.5893974483199418,0.0,0.0,-2.7460995325975768
1.9140000000000001,0.6,0.6000328063964844,0.5893974483199418,0.0,0.0,-2.7435993960322937
1.915,0.6,0.60003262758255,0.5893974483199418,0.0,0.0,-2.7410992600091406
1.9160000000000001,0.6,0.6000325679779053,0.5893974483199418,0.0,0.0,-2.7385991245233856
1.917,0.6,0.600032389163971,0.5893974483199418,0.0,0.0,-2.736098989578496
1.9180000000000001,0.6,0.6000323295593262,0.5893974483199418,0.0,0.0,-2.7335988551721933
1.919,0.6,0.6000320911407471,0.5893974483199418,0.0,0.0,-2.731098721310139
1.92,0.6,0.6000320315361023,0.5893974483199418,0.0,0.0,-2.728598587985301
1.921,0.6,0.600031852722168,0.5893974483199418,0.0,0.0,-2.7260984551987475
1.922,0.6,0.6000317335128784,0.5893974483199418,0.0,0.0,-2.7235983229457075
1.923,0.6,0.6000316143035889,0.5893974483199418,0.0,0.0,-2.721098191222558
1.924,0.6,0.6000314354896545,0.5893974483199418,0.0,0.0,-2.718598060026701
1.925,0.6,0.6000314354896545,0.5893974483199418,0.0,0.0,-2.716097929349738
1.926,0.6,0.6000312566757202,0.5893974483199418,0.0,0.0,-2.713597799197869
1.927,0.6,0.6000311374664307,0.5893974483199418,0.0,0.0,-2.7110976695708726
1.928,0.6,0.6000308990478516,0.5893974483199418,0.0,0.0,-2.7085975404691265
1.929,0.6,0.6000308990478516,0.5893974483199418,0.0,0.0,-2.7060974118801067
1.93,0.6,0.6000306606292725,0.5893974483199418,0.0,0.0,-2.7035972838059
1.931,0.6,0.6000306010246277,0.5893974483199418,0.0,0.0,-2.7010971562354795
1.932,0.6,0.6000306010246277,0.5893974483199418,0.0,0.0,-2.698597029165524
1.933,0.6,0.6000303626060486,0.5893974483199418,0.0,0.0,-2.6960969026066244
1.934,0.6,0.600030243396759,0.5893974483199418,0.0,0.0,-2.6935967765555975
1.935,0.6,0.6000301241874695,0.5893974483199418,0.0,0.0,-2.6910966510096435
1.936,0.6,0.6000300049781799,0.5893974483199418,0.0,0.0,-2.688596525966268
1.937,0.6,0.6000298857688904,0.5893974483199418,0.0,0.0,-2.6860964014232094
1.938,0.6,0.6000297665596008,0.5893974483199418,0.0,0.0,-2.683596277378373
1.939,0.6,0.6000296473503113,0.5893974483199418,0.0,0.0,-2.6810961538297646
1.94,0.6,0.6000295877456665,0.5893974483199418,0.0,0.0,-2.6785960307754344
1.941,0.6,0.600029468536377,0.5893974483199418,0.0,0.0,-2.676095908220123
1.942,0.6,0.6000292301177979,0.5893974483199418,0.0,0.0,-2.67359578616812
1.943,0.6,0.6000291705131531,0.5893974483199418,0.0,0.0,-2.6710956646098207
1.944,0.6,0.6000289916992188,0.5893974483199418,0.0,0.0,-2.6685955435426005
1.945,0.6,0.600028932094574,0.5893974483199418,0.0,0.0,-2.666095422956941
1.946,0.6,0.6000288128852844,0.5893974483199418,0.0,0.0,-2.6635953028501906
1.947,0.6,0.6000286340713501,0.5893974483199418,0.0,0.0,-2.6610951832194063
1.948,0.6,0.6000286340713501,0.5893974483199418,0.0,0.0,-2.658595064054614
1.949,0.6,0.6000285148620605,0.5893974483199418,0.0,0.0,-2.6560949453592784
1.95,0.6,0.600028395652771,0.5893974483199418,0.0,0.0,-2.653594827136064
1.951,0.6,0.6000282764434814,0.5893974483199418,0.0,0.0,-2.65109470938683
1.952,0.6,0.6000281572341919,0.5893974483199418,0.0,0.0,-2.6485945921126244
1.953,0.6,0.6000280380249023,0.5893974483199418,0.0,0.0,-2.6460944753136846
1.954,0.6,0.6000279784202576,0.5893974483199418,0.0,0.0,-2.6435943589894304
1.955,0.6,0.6000277996063232,0.5893974483199418,0.0,0.0,-2.641094243145169
1.956,0.6,0.6000276803970337,0.5893974483199418,0.0,0.0,-2.638594127778293
1.957,0.6,0.6000275611877441,0.5893974483199418,0.0,0.0,-2.6360940128853927
1.958,0.6,0.6000275015830994,0.5893974483199418,0.0,0.0,-2.6335938984622533
1.959,0.6,0.600027322769165,0.5893974483199418,0.0,0.0,-2.6310937845105595
1.96,0.6,0.6000272631645203,0.5893974483199418,0.0,0.0,-2.628593671024088
1.961,0.6,0.6000271439552307,0.5893974483199418,0.0,0.0,-2.6260935580025317
1.962,0.6,0.6000270247459412,0.5893974483199418,0.0,0.0,-2.6235934454444005
1.963,0.6,0.6000269055366516,0.5893974483199418,0.0,0.0,-2.6210933333470403
1.964,0.6,0.6000267863273621,0.5893974483199418,0.0,0.0,-2.618593221706652
1.965,0.6,0.6000266671180725,0.5893974483199418,0.0,0.0,-2.6160931105183085
1.966,0.6,0.6000266671180725,0.5893974483199418,0.0,0.0,-2.613592999775971
1.967,0.6,0.6000264883041382,0.5893974483199418,0.0,0.0,-2.6110928894859176
1.968,0.6,0.6000263690948486,0.5893974483199418,0.0,0.0,-2.6085927796458632
1.969,0.6,0.6000263094902039,0.5893974483199418,0.0,0.0,-2.6060926702521146
1.97,0.6,0.6000261902809143,0.5893974483199418,0.0,0.0,-2.603592561306311
1.971,0.6,0.60002601146698,0.5893974483199418,0.0,0.0,-2.601092452808361
1.972,0.6,0.6000258922576904,0.5893974483199418,0.0,0.0,-2.5985923447497887
1.973,0.6,0.6000258922576904,0.5893974483199418,0.0,0.0,-2.5960922371208794
1.974,0.6,0.6000257730484009,0.5893974483199418,0.0,0.0,-2.593592129924115
1.975,0.6,0.6000255942344666,0.5893974483199418,0.0,0.0,-2.591092023160008
1.976,0.6,0.6000255346298218,0.5893974483199418,0.0,0.0,-2.5885919168204627
1.977,0.6,0.6000254154205322,0.5893974483199418,0.0,0.0,-2.5860918109026416
1.978,0.6,0.6000252962112427,0.5893974483199418,0.0,0.0,-2.583591705401904
1.979,0.6,0.6000252962112427,0.5893974483199418,0.0,0.0,-2.58109160031187
1.98,0.6,0.6000251173973083,0.5893974483199418,0.0,0.0,-2.578591495637878
1.981,0.6,0.6000249981880188,0.5893974483199418,0.0,0.0,-2.576091391376153
1.982,0.6,0.600024938583374,0.5893974483199418,0.0,0.0,-2.573591287520988
1.983,0.6,0.6000248193740845,0.5893974483199418,0.0,0.0,-2.571091184071517
1.984,0.6,0.6000248193740845,0.5893974483199418,0.0,0.0,-2.5685910810246875
1.985,0.6,0.6000247001647949,0.5893974483199418,0.0,0.0,-2.56609097838875
1.986,0.6,0.6000245213508606,0.5893974483199418,0.0,0.0,-2.56359087616915
1.987,0.6,0.6000244617462158,0.5893974483199418,0.0,0.0,-2.5610907743619413
1.988,0.6,0.600024402141571,0.5893974483199418,0.0,0.0,-2.5585906729676973
1.989,0.6,0.6000242233276367,0.5893974483199418,0.0,0.0,-2.556090571991205
1.99,0.6,0.6000241637229919,0.5893974483199418,0.0,0.0,-2.5535904714277664
1.991,0.6,0.6000240445137024,0.5893974483199418,0.0,0.0,-2.5510903712771174
1.992,0.6,0.6000238656997681,0.5893974483199418,0.0,0.0,-2.5485902715364177
1.993,0.6,0.6000239253044128,0.5893974483199418,0.0,0.0,-2.546090172193654
1.994,0.6,0.6000237464904785,0.5893974483199418,0.0,0.0,-2.543590073254949
1.995,0.6,0.600023627281189,0.5893974483199418,0.0,0.0,-2.5410899747166433
1.996,0.6,0.6000235080718994,0.5893974483199418,0.0,0.0,-2.5385898765725288
1.997,0.6,0.6000235080718994,0.5893974483199418,0.0,0.0,-2.5360897788139467
1.998,0.6,0.6000234484672546,0.5893974483199418,0.0,0.0,-2.5335896814433045
1.999,0.6,0.6000233292579651,0.5893974483199418,0.0,0.0,-2.531089584466682
2.0,0.6,0.600023090839386,0.5893974483199418,0.0,0.0,-2.528589487886875
2.001,0.6,0.600023090839386,0.5893974483199418,0.0,0.0,-2.5260893916901286
2.0020000000000002,0.6,0.6000229120254517,0.5893974483199418,0.0,0.0,-2.523589295873879
2.003,0.6,0.6000229120254517,0.5893974483199418,0.0,0.0,-2.5210892004259438
2.004,0.6,0.6000227928161621,0.5893974483199418,0.0,0.0,-2.518589105345155
2.005,0.6,0.6000226736068726,0.5893974483199418,0.0,0.0,-2.5160890106272653
2.0060000000000002,0.6,0.6000227332115173,0.5893974483199418,0.0,0.0,-2.5135889162650864
2.007,0.6,0.6000224947929382,0.5893974483199418,0.0,0.0,-2.511088822268736
2.008,0.6,0.600022554397583,0.5893974483199418,0.0,0.0,-2.5085887286310635
2.009,0.6,0.6000223159790039,0.5893974483199418,0.0,0.0,-2.506088635362142
2.0100000000000002,0.6,0.6000223755836487,0.5893974483199418,0.0,0.0,-2.5035885424547
2.011,0.6,0.6000222563743591,0.5893974483199418,0.0,0.0,-2.501088449918615
2.012,0.6,0.6000221371650696,0.5893974483199418,0.0,0.0,-2.4985883577597656
2.013,0.6,0.6000220775604248,0.5893974483199418,0.0,0.0,-2.496088265980223
2.0140000000000002,0.6,0.6000219583511353,0.5893974483199418,0.0,0.0,-2.493588174585138
2.015,0.6,0.6000218987464905,0.5893974483199418,0.0,0.0,-2.49108808357582
2.016,0.6,0.6000217199325562,0.5893974483199418,0.0,0.0,-2.4885879929566252
2.017,0.6,0.6000217199325562,0.5893974483199418,0.0,0.0,-2.486087902721329
2.0180000000000002,0.6,0.600021481513977,0.5893974483199418,0.0,0.0,-2.4835878128738194
2.019,0.6,0.600021481513977,0.5893974483199418,0.0,0.0,-2.481087723400646
2.02,0.6,0.6000213623046875,0.5893974483199418,0.0,0.0,-2.478587634298809
2.021,0.6,0.600021243095398,0.5893974483199418,0.0,0.0,-2.476087545561702
2.0220000000000002,0.6,0.6000213027000427,0.5893974483199418,0.0,0.0,-2.4735874571792817
2.023,0.6,0.6000211238861084,0.5893974483199418,0.0,0.0,-2.471087369158345
2.024,0.6,0.6000210642814636,0.5893974483199418,0.0,0.0,-2.468587281494691
2.025,0.6,0.6000209450721741,0.5893974483199418,0.0,0.0,-2.466087194187134
2.0260000000000002,0.6,0.6000209450721741,0.5893974483199418,0.0,0.0,-2.463587107230581
2.027,0.6,0.6000207662582397,0.5893974483199418,0.0,0.0,-2.461087020629636
2.028,0.6,0.6000207662582397,0.5893974483199418,0.0,0.0,-2.45858693437788
2.029,0.6,0.6000205278396606,0.5893974483199418,0.0,0.0,-2.4560868484785914
2.0300000000000002,0.6,0.6000205874443054,0.5893974483199418,0.0,0.0,-2.4535867629173214
2.031,0.6,0.6000204682350159,0.5893974483199418,0.0,0.0,-2.4510866776964124
2.032,0.6,0.6000203490257263,0.5893974483199418,0.0,0.0,-2.448586592813872
2.033,0.6,0.6000202894210815,0.5893974483199418,0.0,0.0,-2.4460865082635843
2.0340000000000003,0.6,0.6000202894210815,0.5893974483199418,0.0,0.0,-2.4435864240422194
2.035,0.6,0.6000201106071472,0.5893974483199418,0.0,0.0,-2.4410863401557403
2.036,0.6,0.6000200510025024,0.5893974483199418,0.0,0.0,-2.43858625659871
2.037,0.6,0.6000200510025024,0.5893974483199418,0.0,0.0,-2.4360861733683294
2.0380000000000003,0.6,0.6000199317932129,0.5893974483199418,0.0,0.0,-2.4335860904709508
2.039,0.6,0.6000198125839233,0.5893974483199418,0.0,0.0,-2.4310860079081036
2.04,0.6,0.6000196933746338,0.5893974483199418,0.0,0.0,-2.4285859256767384
2.041,0.6,0.6000196933746338,0.5893974483199418,0.0,0.0,-2.4260858437694526
2.0420000000000003,0.6,0.6000195145606995,0.5893974483199418,0.0,0.0,-2.4235857621881225
2.043,0.6,0.6000195145606995,0.5893974483199418,0.0,0.0,-2.4210856809232095
2.044,0.6,0.6000194549560547,0.5893974483199418,0.0,0.0,-2.4185855999745045
2.045,0.6,0.6000193357467651,0.5893974483199418,0.0,0.0,-2.4160855193438446
2.0460000000000003,0.6,0.6000192165374756,0.5893974483199418,0.0,0.0,-2.413585439028256
2.047,0.6,0.6000192761421204,0.5893974483199418,0.0,0.0,-2.4110853590201935
2.048,0.6,0.6000192165374756,0.5893974483199418,0.0,0.0,-2.408585279327894
2.049,0.6,0.600019097328186,0.5893974483199418,0.0,0.0,-2.4060851999610122
2.05,0.6,0.6000189781188965,0.5893974483199418,0.0,0.0,-2.403585120923801
2.051,0.6,0.6000189185142517,0.5893974483199418,0.0,0.0,-2.4010850422153918
2.052,0.6,0.6000187993049622,0.5893974483199418,0.0,0.0,-2.3985849638367625
2.053,0.6,0.6000187397003174,0.5893974483199418,0.0,0.0,-2.396084885783892
2.054,0.6,0.6000187397003174,0.5893974483199418,0.0,0.0,-2.3935848080547193
2.055,0.6,0.6000185012817383,0.5893974483199418,0.0,0.0,-2.3910847306557046
2.056,0.6,0.6000185012817383,0.5893974483199418,0.0,0.0,-2.388584653574476
2.057,0.6,0.6000185012817383,0.5893974483199418,0.0,0.0,-2.3860845768077126
2.058,0.6,0.6000183820724487,0.5893974483199418,0.0,0.0,-2.383584500360583
2.059,0.6,0.6000182628631592,0.5893974483199418,0.0,0.0,-2.381084424232812
2.06,0.6,0.6000181436538696,0.5893974483199418,0.0,0.0,-2.3785843484189604
2.061,0.6,0.6000181436538696,0.5893974483199418,0.0,0.0,-2.3760842729086917
2.062,0.6,0.6000180244445801,0.5893974483199418,0.0,0.0,-2.373584197700434
2.063,0.6,0.6000179648399353,0.5893974483199418,0.0,0.0,-2.3710841227874244
2.064,0.6,0.6000179052352905,0.5893974483199418,0.0,0.0,-2.3685840481646854
2.065,0.6,0.6000179052352905,0.5893974483199418,0.0,0.0,-2.366083973828886
2.066,0.6,0.6000177264213562,0.5893974483199418,0.0,0.0,-2.3635838997849214
2.067,0.6,0.600017786026001,0.5893974483199418,0.0,0.0,-2.361083826025284
2.068,0.6,0.6000176668167114,0.5893974483199418,0.0,0.0,-2.358583752557577
2.069,0.6,0.6000175476074219,0.5893974483199418,0.0,0.0,-2.3560836793834867
2.07,0.6,0.6000174880027771,0.5893974483199418,0.0,0.0,-2.3535836064990963
2.071,0.6,0.6000174283981323,0.5893974483199418,0.0,0.0,-2.351083533901883
2.072,0.6,0.6000174283981323,0.5893974483199418,0.0,0.0,-2.348583461590607
2.073,0.6,0.6000173091888428,0.5893974483199418,0.0,0.0,-2.3460833895719104
2.074,0.6,0.600017249584198,0.5893974483199418,0.0,0.0,-2.343583317846419
2.075,0.6,0.6000171899795532,0.5893974483199418,0.0,0.0,-2.341083246415766
2.076,0.6,0.6000170707702637,0.5893974483199418,0.0,0.0,-2.3385831752825026
2.077,0.6,0.6000170111656189,0.5893974483199418,0.0,0.0,-2.33608310444331
2.078,0.6,0.6000169515609741,0.5893974483199418,0.0,0.0,-2.333583033896013
2.079,0.6,0.6000168323516846,0.5893974483199418,0.0,0.0,-2.331082963639482
2.08,0.6,0.6000167727470398,0.5893974483199418,0.0,0.0,-2.3285828936668382
2.081,0.6,0.600016713142395,0.5893974483199418,0.0,0.0,-2.3260828239724587
2.082,0.6,0.600016713142395,0.5893974483199418,0.0,0.0,-2.3235827545518735
2.083,0.6,0.6000166535377502,0.5893974483199418,0.0,0.0,-2.3210826854083746
2.084,0.6,0.6000164747238159,0.5893974483199418,0.0,0.0,-2.3185826165458296
2.085,0.6,0.6000164747238159,0.5893974483199418,0.0,0.0,-2.316082547955209
2.086,0.6,0.6000164151191711,0.5893974483199418,0.0,0.0,-2.313582479635416
2.087,0.6,0.6000163555145264,0.5893974483199418,0.0,0.0,-2.3110824115860975
2.088,0.6,0.6000162959098816,0.5893974483199418,0.0,0.0,-2.3085823438075663
2.089,0.6,0.600016176700592,0.5893974483199418,0.0,0.0,-2.3060822763007343
2.09,0.6,0.6000161170959473,0.5893974483199418,0.0,0.0,-2.3035822090603446
2.091,0.6,0.6000160574913025,0.5893974483199418,0.0,0.0,-2.301082142082003
2.092,0.6,0.6000159978866577,0.5893974483199418,0.0,0.0,-2.2985820753620994
2.093,0.6,0.6000159382820129,0.5893974483199418,0.0,0.0,-2.2960820088977307
2.094,0.6,0.6000158786773682,0.5893974483199418,0.0,0.0,-2.2935819426866337
2.095,0.6,0.6000158786773682,0.5893974483199418,0.0,0.0,-2.291081876727117
2.096,0.6,0.6000158786773682,0.5893974483199418,0.0,0.0,-2.2885818110247054
2.097,0.6,0.6000157594680786,0.5893974483199418,0.0,0.0,-2.2860817455916953
2.098,0.6,0.6000156402587891,0.5893974483199418,0.0,0.0,-2.283581680433323
2.099,0.6,0.6000155806541443,0.5893974483199418,0.0,0.0,-2.2810816155481484
2.1,0.6,0.6000155210494995,0.5893974483199418,0.0,0.0,-2.278581550935117
2.101,0.6,0.6000154614448547,0.5893974483199418,0.0,0.0,-2.276081486593512
2.102,0.6,0.60001540184021,0.5893974483199418,0.0,0.0,-2.273581422522906
2.103,0.6,0.6000152826309204,0.5893974483199418,0.0,0.0,-2.271081358723116
2.104,0.6,0.6000152230262756,0.5893974483199418,0.0,0.0,-2.2685812951874555
2.105,0.6,0.6000152230262756,0.5893974483199418,0.0,0.0,-2.2660812319097885
2.106,0.6,0.6000151634216309,0.5893974483199418,0.0,0.0,-2.2635811688911764
2.107,0.6,0.6000150442123413,0.5893974483199418,0.0,0.0,-2.261081106132727
2.108,0.6,0.6000150442123413,0.5893974483199418,0.0,0.0,-2.258581043628858
2.109,0.6,0.6000149250030518,0.5893974483199418,0.0,0.0,-2.2560809813810683
2.11,0.6,0.600014865398407,0.5893974483199418,0.0,0.0,-2.2535809193840914
2.111,0.6,0.6000148057937622,0.5893974483199418,0.0,0.0,-2.2510808576329637
2.112,0.6,0.6000148057937622,0.5893974483199418,0.0,0.0,-2.248580796122979
2.113,0.6,0.6000147461891174,0.5893974483199418,0.0,0.0,-2.246080734856353
2.114,0.6,0.6000146269798279,0.5893974483199418,0.0,0.0,-2.2435806738350905
2.115,0.6,0.6000145673751831,0.5893974483199418,0.0,0.0,-2.241080613054263
2.116,0.6,0.6000145077705383,0.5893974483199418,0.0,0.0,-2.238580552509093
2.117,0.6,0.6000144481658936,0.5893974483199418,0.0,0.0,-2.2360804921949144
2.118,0.6,0.6000144481658936,0.5893974483199418,0.0,0.0,-2.2335804321071415
2.119,0.6,0.6000143885612488,0.5893974483199418,0.0,0.0,-2.2310803722479426
2.12,0.6,0.6000143885612488,0.5893974483199418,0.0,0.0,-2.228580312619118
2.121,0.6,0.6000142693519592,0.5893974483199418,0.0,0.0,-2.2260802532288015
2.122,0.6,0.6000142097473145,0.5893974483199418,0.0,0.0,-2.2235801940776567
2.123,0.6,0.6000141501426697,0.5893974483199418,0.0,0.0,-2.2210801351659906
2.124,0.6,0.6000141501426697,0.5893974483199418,0.0,0.0,-2.2185800764937493
2.125,0.6,0.6000140905380249,0.5893974483199418,0.0,0.0,-2.2160800180672213
2.126,0.6,0.6000139713287354,0.5893974483199418,0.0,0.0,-2.2135799598919355
2.1270000000000002,0.6,0.6000138521194458,0.5893974483199418,0.0,0.0,-2.2110799019659804
2.128,0.6,0.6000138521194458,0.5893974483199418,0.0,0.0,-2.2085798442804045
2.129,0.6,0.600013792514801,0.5893974483199418,0.0,0.0,-2.206079786833014
2.13,0.6,0.600013792514801,0.5893974483199418,0.0,0.0,-2.203579729621248
2.1310000000000002,0.6,0.6000137329101562,0.5893974483199418,0.0,0.0,-2.20107967264888
2.132,0.6,0.6000136137008667,0.5893974483199418,0.0,0.0,-2.198579615918923
2.133,0.6,0.6000135540962219,0.5893974483199418,0.0,0.0,-2.196079559426941
2.134,0.6,0.6000134944915771,0.5893974483199418,0.0,0.0,-2.1935795031681624
2.1350000000000002,0.6,0.6000134944915771,0.5893974483199418,0.0,0.0,-2.191079447137475
2.136,0.6,0.6000133752822876,0.5893974483199418,0.0,0.0,-2.1885793913361247
2.137,0.6,0.600013256072998,0.5893974483199418,0.0,0.0,-2.1860793357579125
2.138,0.6,0.6000133752822876,0.5893974483199418,0.0,0.0,-2.1835792803895995
2.1390000000000002,0.6,0.600013256072998,0.5893974483199418,0.0,0.0,-2.181079225238115
2.14,0.6,0.6000131368637085,0.5893974483199418,0.0,0.0,-2.178579170302536
2.141,0.6,0.6000131368637085,0.5893974483199418,0.0,0.0,-2.1760791155745243
2.142,0.6,0.6000131368637085,0.5893974483199418,0.0,0.0,-2.1735790610521377
2.1430000000000002,0.6,0.600013017654419,0.5893974483199418,0.0,0.0,-2.17107900673944
2.144,0.6,0.6000129580497742,0.5893974483199418,0.0,0.0,-2.168578952632714
2.145,0.6,0.6000129580497742,0.5893974483199418,0.0,0.0,-2.166078898727597
2.146,0.6,0.6000128984451294,0.5893974483199418,0.0,0.0,-2.1635788450258
2.1470000000000002,0.6,0.6000128984451294,0.5893974483199418,0.0,0.0,-2.1610787915280243
2.148,0.6,0.6000127792358398,0.5893974483199418,0.0,0.0,-2.158578738240707
2.149,0.6,0.6000127792358398,0.5893974483199418,0.0,0.0,-2.1560786851622527
2.15,0.6,0.6000126600265503,0.5893974483199418,0.0,0.0,-2.1535786322968864
2.1510000000000002,0.6,0.6000126004219055,0.5893974483199418,0.0,0.0,-2.1510785796408856
2.152,0.6,0.6000126600265503,0.5893974483199418,0.0,0.0,-2.1485785271897195
2.153,0.6,0.6000125408172607,0.5893974483199418,0.0,0.0,-2.1460784749514876
2.154,0.6,0.6000124216079712,0.5893974483199418,0.0,0.0,-2.143578422926048
2.1550000000000002,0.6,0.6000123620033264,0.5893974483199418,0.0,0.0,-2.14107837110547
2.156,0.6,0.6000124216079712,0.5893974483199418,0.0,0.0,-2.1385783194811707
2.157,0.6,0.6000123620033264,0.5893974483199418,0.0,0.0,-2.1360782680573394
2.158,0.6,0.6000123023986816,0.5893974483199418,0.0,0.0,-2.1335782168367645
2.1590000000000003,0.6,0.6000123023986816,0.5893974483199418,0.0,0.0,-2.131078165820893
2.16,0.6,0.6000121831893921,0.5893974483199418,0.0,0.0,-2.1285781150165928
2.161,0.6,0.6000121831893921,0.5893974483199418,0.0,0.0,-2.1260780644224044
2.162,0.6,0.6000120639801025,0.5893974483199418,0.0,0.0,-2.1235780140424163
2.1630000000000003,0.6,0.6000120639801025,0.5893974483199418,0.0,0.0,-2.1210779638725077
2.164,0.6,0.6000120043754578,0.5893974483199418,0.0,0.0,-2.1185779139142156
2.165,0.6,0.600011944770813,0.5893974483199418,0.0,0.0,-2.116077864167678
2.166,0.6,0.6000118851661682,0.5893974483199418,0.0,0.0,-2.1135778146316953
2.1670000000000003,0.6,0.6000117659568787,0.5893974483199418,0.0,0.0,-2.111077765303784
2.168,0.6,0.6000118255615234,0.5893974483199418,0.0,0.0,-2.1085777161735257
2.169,0.6,0.6000118255615234,0.5893974483199418,0.0,0.0,-2.1060776672431194
2.17,0.6,0.6000118255615234,0.5893974483199418,0.0,0.0,-2.103577618519926
2.1710000000000003,0.6,0.6000116467475891,0.5893974483199418,0.0,0.0,-2.101077570016149
2.172,0.6,0.6000115871429443,0.5893974483199418,0.0,0.0,-2.0985775217284144
2.173,0.6,0.6000115871429443,0.5893974483199418,0.0,0.0,-2.096077473652067
2.174,0.6,0.6000114679336548,0.5893974483199418,0.0,0.0,-2.0935774257879283
2.1750000000000003,0.6,0.6000115871429443,0.5893974483199418,0.0,0.0,-2.091077378128544
2.176,0.6,0.6000113487243652,0.5893974483199418,0.0,0.0,-2.088577330685471
2.177,0.6,0.6000114679336548,0.5893974483199418,0.0,0.0,-2.086077283447915
2.178,0.6,0.6000114679336548,0.5893974483199418,0.0,0.0,-2.0835772364242438
2.179,0.6,0.6000112295150757,0.5893974483199418,0.0,0.0,-2.0810771896274454
2.18,0.6,0.6000111699104309,0.5893974483199418,0.0,0.0,-2.078577143048015
2.181,0.6,0.6000111699104309,0.5893974483199418,0.0,0.0,-2.0760770966753586
2.182,0.6,0.6000112891197205,0.5893974483199418,0.0,0.0,-2.0735770505045363
2.183,0.6,0.6000111103057861,0.5893974483199418,0.0,0.0,-2.0710770045493287
2.184,0.6,0.6000109910964966,0.5893974483199418,0.0,0.0,-2.0685769588076046
2.185,0.6,0.6000110507011414,0.5893974483199418,0.0,0.0,-2.066076913268924
2.186,0.6,0.6000109910964966,0.5893974483199418,0.0,0.0,-2.0635768679351227
2.187,0.6,0.6000106930732727,0.5893974483199418,0.0,0.0,-2.061076822806164
2.188,0.6,0.6000107526779175,0.5893974483199418,0.0,0.0,-2.0585767778534034
2.189,0.6,0.6000106334686279,0.5893974483199418,0.0,0.0,-2.0560767330614618
2.19,0.6,0.6000106930732727,0.5893974483199418,0.0,0.0,-2.0535766884073086
2.191,0.6,0.6000106334686279,0.5893974483199418,0.0,0.0,-2.051076643880806
2.192,0.6,0.6000107526779175,0.5893974483199418,0.0,0.0,-2.048576599470529
2.193,0.6,0.6000105738639832,0.5893974483199418,0.0,0.0,-2.0460765551839266
2.194,0.6,0.6000105142593384,0.5893974483199418,0.0,0.0,-2.043576511012694
2.195,0.6,0.6000105738639832,0.5893974483199418,0.0,0.0,-2.0410764669470662
2.196,0.6,0.6000105738639832,0.5893974483199418,0.0,0.0,-2.0385764229892995
2.197,0.6,0.6000105142593384,0.5893974483199418,0.0,0.0,-2.036076379146244
2.198,0.6,0.6000105738639832,0.5893974483199418,0.0,0.0,-2.033576335422364
2.199,0.6,0.6000103950500488,0.5893974483199418,0.0,0.0,-2.0310762918332634
2.2,0.6,0.6000105142593384,0.5893974483199418,0.0,0.0,-2.028576248378199
2.201,0.6,0.6000104546546936,0.5893974483199418,0.0,0.0,-2.026076205074545
2.202,0.6,0.600010335445404,0.5893974483199418,0.0,0.0,-2.023576161936607
2.203,0.6,0.600010335445404,0.5893974483199418,0.0,0.0,-2.021076118969077
2.204,0.6,0.6000103950500488,0.5893974483199418,0.0,0.0,-2.018576076180988
2.205,0.6,0.600010335445404,0.5893974483199418,0.0,0.0,-2.0160760335921517
2.206,0.6,0.6000101566314697,0.5893974483199418,0.0,0.0,-2.013575991219103
2.207,0.6,0.6000100374221802,0.5893974483199418,0.0,0.0,-2.0110759490618695
2.208,0.6,0.6000101566314697,0.5893974483199418,0.0,0.0,-2.0085759071116103
2.209,0.6,0.6000099778175354,0.5893974483199418,0.0,0.0,-2.0060758653779374
2.21,0.6,0.6000099778175354,0.5893974483199418,0.0,0.0,-2.0035758238542996
2.211,0.6,0.6000100374221802,0.5893974483199418,0.0,0.0,-2.001075782539016
2.212,0.6,0.6000099182128906,0.5893974483199418,0.0,0.0,-1.9985757414416865
2.213,0.6,0.6000097990036011,0.5893974483199418,0.0,0.0,-1.9960757005623984
2.214,0.6,0.6000097393989563,0.5893974483199418,0.0,0.0,-1.9935756598922625
2.215,0.6,0.6000098586082458,0.5893974483199418,0.0,0.0,-1.9910756194206196
2.216,0.6,0.600009560585022,0.5893974483199418,0.0,0.0,-1.9885755791552415
2.217,0.6,0.6000097393989563,0.5893974483199418,0.0,0.0,-1.9860755390743048
2.218,0.6,0.6000096797943115,0.5893974483199418,0.0,0.0,-1.983575499181731
2.219,0.6,0.6000095009803772,0.5893974483199418,0.0,0.0,-1.9810754594788569
2.22,0.6,0.6000094413757324,0.5893974483199418,0.0,0.0,-1.9785754199511503
2.221,0.6,0.6000093221664429,0.5893974483199418,0.0,0.0,-1.9760753805825269
2.222,0.6,0.6000093817710876,0.5893974483199418,0.0,0.0,-1.9735753413487076
2.223,0.6,0.6000093817710876,0.5893974483199418,0.0,0.0,-1.9710753022377954
2.224,0.6,0.6000093817710876,0.5893974483199418,0.0,0.0,-1.968575263242829
2.225,0.6,0.6000092625617981,0.5893974483199418,0.0,0.0,-1.9660752243614796
2.226,0.6,0.6000095009803772,0.5893974483199418,0.0,0.0,-1.963575185582354
2.227,0.6,0.6000091433525085,0.5893974483199418,0.0,0.0,-1.9610751469257344
2.228,0.6,0.6000093221664429,0.5893974483199418,0.0,0.0,-1.9585751083746714
2.229,0.6,0.6000093817710876,0.5893974483199418,0.0,0.0,-1.9560750699374778
2.23,0.6,0.6000093817710876,0.5893974483199418,0.0,0.0,-1.9535750316328326
2.231,0.6,0.6000091433525085,0.5893974483199418,0.0,0.0,-1.9510749934824705
2.232,0.6,0.6000090837478638,0.5893974483199418,0.0,0.0,-1.948574955484156
2.233,0.6,0.6000091433525085,0.5893974483199418,0.0,0.0,-1.9460749176331849
2.234,0.6,0.6000089645385742,0.5893974483199418,0.0,0.0,-1.9435748799359138
2.235,0.6,0.600009024143219,0.5893974483199418,0.0,0.0,-1.9410748423822872
2.236,0.6,0.6000089645385742,0.5893974483199418,0.0,0.0,-1.9385748049735896
2.237,0.6,0.6000090837478638,0.5893974483199418,0.0,0.0,-1.9360747677083625
2.238,0.6,0.600009024143219,0.5893974483199418,0.0,0.0,-1.9335747306026638
2.239,0.6,0.6000089645385742,0.5893974483199418,0.0,0.0,-1.9310746936689256
2.24,0.6,0.6000089049339294,0.5893974483199418,0.0,0.0,-1.9285746569161462
2.241,0.6,0.6000087857246399,0.5893974483199418,0.0,0.0,-1.9260746203500767
2.242,0.6,0.6000089049339294,0.5893974483199418,0.0,0.0,-1.9235745839666887
2.243,0.6,0.6000086665153503,0.5893974483199418,0.0,0.0,-1.9210745477795494
2.244,0.6,0.6000086665153503,0.5893974483199418,0.0,0.0,-1.9185745117785498
2.245,0.6,0.6000086665153503,0.5893974483199418,0.0,0.0,-1.916074475958086
2.246,0.6,0.600008487701416,0.5893974483199418,0.0,0.0,-1.913574440316781
2.247,0.6,0.600008487701416,0.5893974483199418,0.0,0.0,-1.911074404837103
2.248,0.6,0.6000085473060608,0.5893974483199418,0.0,0.0,-1.9085743695064041
2.249,0.6,0.6000085473060608,0.5893974483199418,0.0,0.0,-1.906074334323324
2.25,0.6,0.600008487701416,0.5893974483199418,0.0,0.0,-1.903574299290415
2.251,0.6,0.6000083684921265,0.5893974483199418,0.0,0.0,-1.9010742644071923
2.2520000000000002,0.6,0.6000083088874817,0.5893974483199418,0.0,0.0,-1.8985742296635923
2.253,0.6,0.6000083684921265,0.5893974483199418,0.0,0.0,-1.8960741950472106
2.254,0.6,0.6000081896781921,0.5893974483199418,0.0,0.0,-1.893574160556839
2.255,0.6,0.6000082492828369,0.5893974483199418,0.0,0.0,-1.8910741261749708
2.2560000000000002,0.6,0.6000083684921265,0.5893974483199418,0.0,0.0,-1.8885740918955563
2.257,0.6,0.6000082492828369,0.5893974483199418,0.0,0.0,-1.8860740577300266
2.258,0.6,0.6000080704689026,0.5893974483199418,0.0,0.0,-1.8835740236794445
2.259,0.6,0.6000081300735474,0.5893974483199418,0.0,0.0,-1.8810739897283812
2.2600000000000002,0.6,0.6000081300735474,0.5893974483199418,0.0,0.0,-1.8785739558726837
2.261,0.6,0.6000082492828369,0.5893974483199418,0.0,0.0,-1.8760739221120963
2.262,0.6,0.6000081300735474,0.5893974483199418,0.0,0.0,-1.873573888463435
2.263,0.6,0.600007951259613,0.5893974483199418,0.0,0.0,-1.8710738549327608
2.2640000000000002,0.6,0.6000080108642578,0.5893974483199418,0.0,0.0,-1.8685738215092833
2.265,0.6,0.6000080704689026,0.5893974483199418,0.0,0.0,-1.866073788193145
2.266,0.6,0.6000080108642578,0.5893974483199418,0.0,0.0,-1.8635737549947766
2.267,0.6,0.600007951259613,0.5893974483199418,0.0,0.0,-1.8610737219208726
2.2680000000000002,0.6,0.6000078916549683,0.5893974483199418,0.0,0.0,-1.858573688974596
2.269,0.6,0.6000080108642578,0.5893974483199418,0.0,0.0,-1.8560736561557716
2.27,0.6,0.6000078320503235,0.5893974483199418,0.0,0.0,-1.8535736234811808
2.271,0.6,0.6000077724456787,0.5893974483199418,0.0,0.0,-1.8510735909500375
2.2720000000000002,0.6,0.6000077724456787,0.5893974483199418,0.0,0.0,-1.8485735585584067
2.273,0.6,0.6000078320503235,0.5893974483199418,0.0,0.0,-1.8460735263060786
2.274,0.6,0.6000076532363892,0.5893974483199418,0.0,0.0,-1.8435734942030406
2.275,0.6,0.6000076532363892,0.5893974483199418,0.0,0.0,-1.8410734622420535
2.2760000000000002,0.6,0.6000076532363892,0.5893974483199418,0.0,0.0,-1.838573430419753
2.277,0.6,0.6000076532363892,0.5893974483199418,0.0,0.0,-1.836073398736408
2.278,0.6,0.6000074744224548,0.5893974483199418,0.0,0.0,-1.8335733671957004
2.279,0.6,0.6000075340270996,0.5893974483199418,0.0,0.0,-1.8310733357843922
2.2800000000000002,0.6,0.6000075340270996,0.5893974483199418,0.0,0.0,-1.8285733045001162
2.281,0.6,0.6000074744224548,0.5893974483199418,0.0,0.0,-1.8260732733440252
2.282,0.6,0.6000074744224548,0.5893974483199418,0.0,0.0,-1.82357324231387
2.283,0.6,0.6000074148178101,0.5893974483199418,0.0,0.0,-1.8210732114108878
2.2840000000000003,0.6,0.6000074148178101,0.5893974483199418,0.0,0.0,-1.8185731806328793
2.285,0.6,0.6000073552131653,0.5893974483199418,0.0,0.0,-1.8160731499811018
2.286,0.6,0.6000073552131653,0.5893974483199418,0.0,0.0,-1.8135731194533524
2.287,0.6,0.6000072956085205,0.5893974483199418,0.0,0.0,-1.811073089050856
2.2880000000000003,0.6,0.6000072360038757,0.5893974483199418,0.0,0.0,-1.8085730587713504
2.289,0.6,0.6000072956085205,0.5893974483199418,0.0,0.0,-1.8060730286092734
2.29,0.6,0.6000072360038757,0.5893974483199418,0.0,0.0,-1.8035729985693545
2.291,0.6,0.600007176399231,0.5893974483199418,0.0,0.0,-1.8010729686525921
2.2920000000000003,0.6,0.6000072956085205,0.5893974483199418,0.0,0.0,-1.7985729388564589
2.293,0.6,0.600007176399231,0.5893974483199418,0.0,0.0,-1.7960729091952081
2.294,0.6,0.6000070571899414,0.5893974483199418,0.0,0.0,-1.7935728796720691
2.295,0.6,0.6000069975852966,0.5893974483199418,0.0,0.0,-1.7910728502798736
2.2960000000000003,0.6,0.6000070571899414,0.5893974483199418,0.0,0.0,-1.7885728210083507
2.297,0.6,0.6000069975852966,0.5893974483199418,0.0,0.0,-1.7860727918577004
2.298,0.6,0.6000069975852966,0.5893974483199418,0.0,0.0,-1.783572762824567
2.299,0.6,0.6000069379806519,0.5893974483199418,0.0,0.0,-1.7810727339089356
2.3000000000000003,0.6,0.6000069379806519,0.5893974483199418,0.0,0.0,-1.77857270510722
2.301,0.6,0.6000069379806519,0.5893974483199418,0.0,0.0,-1.7760726764191623
2.302,0.6,0.6000069379806519,0.5893974483199418,0.0,0.0,-1.7735726478476292
2.303,0.6,0.6000068187713623,0.5893974483199418,0.0,0.0,-1.7710726193984168
2.3040000000000003,0.6,0.6000069379806519,0.5893974483199418,0.0,0.0,-1.7685725910666583
2.305,0.6,0.6000067591667175,0.5893974483199418,0.0,0.0,-1.7660725628642548
2.306,0.6,0.6000067591667175,0.5893974483199418,0.0,0.0,-1.7635725347853592
2.307,0.6,0.6000066995620728,0.5893974483199418,0.0,0.0,-1.7610725068275148
2.308,0.6,0.6000068187713623,0.5893974483199418,0.0,0.0,-1.7585724789847361
2.309,0.6,0.600006639957428,0.5893974483199418,0.0,0.0,-1.756072451267818
2.31,0.6,0.600006639957428,0.5893974483199418,0.0,0.0,-1.7535724236698282
2.311,0.6,0.6000065803527832,0.5893974483199418,0.0,0.0,-1.751072396187233
2.312,0.6,0.6000065803527832,0.5893974483199418,0.0,0.0,-1.7485723688129853
2.313,0.6,0.6000065207481384,0.5893974483199418,0.0,0.0,-1.746072341543419
2.314,0.6,0.6000064015388489,0.5893974483199418,0.0,0.0,-1.7435723143713355
2.315,0.6,0.6000065207481384,0.5893974483199418,0.0,0.0,-1.7410722872794895
2.316,0.6,0.6000064611434937,0.5893974483199418,0.0,0.0,-1.7385722602679787
2.317,0.6,0.6000064611434937,0.5893974483199418,0.0,0.0,-1.7360722333331107
2.318,0.6,0.6000064611434937,0.5893974483199418,0.0,0.0,-1.7335722064743144
2.319,0.6,0.6000064015388489,0.5893974483199418,0.0,0.0,-1.7310721796939497
2.32,0.6,0.6000064015388489,0.5893974483199418,0.0,0.0,-1.7285721529904188
2.321,0.6,0.6000064611434937,0.5893974483199418,0.0,0.0,-1.72607212636509
2.322,0.6,0.6000063419342041,0.5893974483199418,0.0,0.0,-1.7235720998288215
2.323,0.6,0.6000063419342041,0.5893974483199418,0.0,0.0,-1.7210720733812837
2.324,0.6,0.6000063419342041,0.5893974483199418,0.0,0.0,-1.7185720470250072
2.325,0.6,0.6000062823295593,0.5893974483199418,0.0,0.0,-1.7160720207652076
2.326,0.6,0.6000062227249146,0.5893974483199418,0.0,0.0,-1.7135719946029149
2.327,0.6,0.6000062823295593,0.5893974483199418,0.0,0.0,-1.7110719685351996
2.328,0.6,0.6000062227249146,0.5893974483199418,0.0,0.0,-1.7085719425688084
2.329,0.6,0.6000062227249146,0.5893974483199418,0.0,0.0,-1.7060719167061813
2.33,0.6,0.600006103515625,0.5893974483199418,0.0,0.0,-1.7035718909523907
2.331,0.6,0.6000061631202698,0.5893974483199418,0.0,0.0,-1.7010718653015742
2.332,0.6,0.6000061631202698,0.5893974483199418,0.0,0.0,-1.6985718397576683
2.333,0.6,0.6000062227249146,0.5893974483199418,0.0,0.0,-1.69607181432713
2.334,0.6,0.6000059843063354,0.5893974483199418,0.0,0.0,-1.693571789025481
2.335,0.6,0.6000059843063354,0.5893974483199418,0.0,0.0,-1.6910717638432482
2.336,0.6,0.6000059843063354,0.5893974483199418,0.0,0.0,-1.6885717387742225
2.337,0.6,0.6000059843063354,0.5893974483199418,0.0,0.0,-1.6860717138152579
2.338,0.6,0.6000059843063354,0.5893974483199418,0.0,0.0,-1.6835716889660828
2.339,0.6,0.6000058650970459,0.5893974483199418,0.0,0.0,-1.6810716642291221
2.34,0.6,0.6000059247016907,0.5893974483199418,0.0,0.0,-1.6785716395959183
2.341,0.6,0.6000058650970459,0.5893974483199418,0.0,0.0,-1.6760716150678685
2.342,0.6,0.6000058650970459,0.5893974483199418,0.0,0.0,-1.673571590642232
2.343,0.6,0.6000058650970459,0.5893974483199418,0.0,0.0,-1.6710715663190627
2.344,0.6,0.6000058054924011,0.5893974483199418,0.0,0.0,-1.6685715421010388
2.345,0.6,0.6000058054924011,0.5893974483199418,0.0,0.0,-1.666071517986593
2.346,0.6,0.6000057458877563,0.5893974483199418,0.0,0.0,-1.663571493976855
2.347,0.6,0.6000058054924011,0.5893974483199418,0.0,0.0,-1.6610714700687799
2.348,0.6,0.6000057458877563,0.5893974483199418,0.0,0.0,-1.6585714462687875
2.349,0.6,0.6000057458877563,0.5893974483199418,0.0,0.0,-1.6560714225787974
2.35,0.6,0.6000056862831116,0.5893974483199418,0.0,0.0,-1.6535713990031828
2.351,0.6,0.6000056266784668,0.5893974483199418,0.0,0.0,-1.6510713755419149
2.352,0.6,0.6000056266784668,0.5893974483199418,0.0,0.0,-1.648571352190806
2.353,0.6,0.600005567073822,0.5893974483199418,0.0,0.0,-1.646071328948447
2.354,0.6,0.6000055074691772,0.5893974483199418,0.0,0.0,-1.643571305809328
2.355,0.6,0.6000054478645325,0.5893974483199418,0.0,0.0,-1.6410712827640666
2.356,0.6,0.6000055074691772,0.5893974483199418,0.0,0.0,-1.6385712597996187
2.357,0.6,0.6000055074691772,0.5893974483199418,0.0,0.0,-1.6360712369128927
2.358,0.6,0.6000055074691772,0.5893974483199418,0.0,0.0,-1.6335712141034546
2.359,0.6,0.6000054478645325,0.5893974483199418,0.0,0.0,-1.6310711913733644
2.36,0.6,0.6000055074691772,0.5893974483199418,0.0,0.0,-1.6285711687203153
2.361,0.6,0.6000053882598877,0.5893974483199418,0.0,0.0,-1.6260711461512891
2.362,0.6,0.6000053882598877,0.5893974483199418,0.0,0.0,-1.6235711236618917
2.363,0.6,0.6000053882598877,0.5893974483199418,0.0,0.0,-1.6210711012504135
2.364,0.6,0.6000053882598877,0.5893974483199418,0.0,0.0,-1.6185710789176642
2.365,0.6,0.6000053882598877,0.5893974483199418,0.0,0.0,-1.6160710566668173
2.366,0.6,0.6000053286552429,0.5893974483199418,0.0,0.0,-1.613571034503263
2.367,0.6,0.6000052690505981,0.5893974483199418,0.0,0.0,-1.6110710124277676
2.368,0.6,0.6000052690505981,0.5893974483199418,0.0,0.0,-1.608570990436728
2.369,0.6,0.6000052690505981,0.5893974483199418,0.0,0.0,-1.6060709685291261
2.37,0.6,0.6000052690505981,0.5893974483199418,0.0,0.0,-1.6035709467063652
2.371,0.6,0.6000052690505981,0.5893974483199418,0.0,0.0,-1.6010709249721224
2.372,0.6,0.6000052690505981,0.5893974483199418,0.0,0.0,-1.598570903332207
2.373,0.6,0.6000052094459534,0.5893974483199418,0.0,0.0,-1.5960708817944318
2.374,0.6,0.6000051498413086,0.5893974483199418,0.0,0.0,-1.5935708603617795
2.375,0.6,0.6000051498413086,0.5893974483199418,0.0,0.0,-1.5910708390326747
2.376,0.6,0.600005030632019,0.5893974483199418,0.0,0.0,-1.5885708178079456
2.3770000000000002,0.6,0.600005030632019,0.5893974483199418,0.0,0.0,-1.5860707966772642
2.378,0.6,0.600005030632019,0.5893974483199418,0.0,0.0,-1.5835707756331898
2.379,0.6,0.600005030632019,0.5893974483199418,0.0,0.0,-1.5810707546709961
2.38,0.6,0.600005030632019,0.5893974483199418,0.0,0.0,-1.5785707337885015
2.3810000000000002,0.6,0.600005030632019,0.5893974483199418,0.0,0.0,-1.5760707129859104
2.382,0.6,0.6000049710273743,0.5893974483199418,0.0,0.0,-1.5735706922656705
2.383,0.6,0.6000049710273743,0.5893974483199418,0.0,0.0,-1.5710706716256233
2.384,0.6,0.6000049114227295,0.5893974483199418,0.0,0.0,-1.5685706510659698
2.3850000000000002,0.6,0.6000048518180847,0.5893974483199418,0.0,0.0,-1.5660706305824212
2.386,0.6,0.6000049114227295,0.5893974483199418,0.0,0.0,-1.5635706101664448
2.387,0.6,0.6000049114227295,0.5893974483199418,0.0,0.0,-1.5610705898189134
2.388,0.6,0.6000048518180847,0.5893974483199418,0.0,0.0,-1.5585705695428482
2.3890000000000002,0.6,0.6000049114227295,0.5893974483199418,0.0,0.0,-1.5560705493365763
2.39,0.6,0.6000047922134399,0.5893974483199418,0.0,0.0,-1.5535705292074076
2.391,0.6,0.6000047922134399,0.5893974483199418,0.0,0.0,-1.5510705091509889
2.392,0.6,0.6000047922134399,0.5893974483199418,0.0,0.0,-1.548570489165382
2.3930000000000002,0.6,0.6000047326087952,0.5893974483199418,0.0,0.0,-1.546070469250914
2.394,0.6,0.6000047922134399,0.5893974483199418,0.0,0.0,-1.5435704494033324
2.395,0.6,0.6000047326087952,0.5893974483199418,0.0,0.0,-1.5410704296274749
2.396,0.6,0.6000047922134399,0.5893974483199418,0.0,0.0,-1.5385704099233188
2.3970000000000002,0.6,0.6000046730041504,0.5893974483199418,0.0,0.0,-1.5360703902996695
2.398,0.6,0.6000046730041504,0.5893974483199418,0.0,0.0,-1.5335703707535242
2.399,0.6,0.6000046730041504,0.5893974483199418,0.0,0.0,-1.5310703512841564
2.4,0.6,0.6000046730041504,0.5893974483199418,0.0,0.0,-1.5285703318929786
2.4010000000000002,0.6,0.6000046133995056,0.5893974483199418,0.0,0.0,-1.5260703125834096
2.402,0.6,0.6000045537948608,0.5893974483199418,0.0,0.0,-1.5235702933540414
2.403,0.6,0.6000046133995056,0.5893974483199418,0.0,0.0,-1.5210702741989168
2.404,0.6,0.6000045537948608,0.5893974483199418,0.0,0.0,-1.5185702551211882
2.4050000000000002,0.6,0.6000045537948608,0.5893974483199418,0.0,0.0,-1.5160702361191742
2.406,0.6,0.6000045537948608,0.5893974483199418,0.0,0.0,-1.513570217193339
2.407,0.6,0.6000045537948608,0.5893974483199418,0.0,0.0,-1.5110701983461554
2.408,0.6,0.6000045537948608,0.5893974483199418,0.0,0.0,-1.5085701795819841
2.4090000000000003,0.6,0.6000045537948608,0.5893974483199418,0.0,0.0,-1.5060701609069567
2.41,0.6,0.6000044345855713,0.5893974483199418,0.0,0.0,-1.5035701423288654
2.411,0.6,0.6000044941902161,0.5893974483199418,0.0,0.0,-1.501070123843647
2.412,0.6,0.6000044345855713,0.5893974483199418,0.0,0.0,-1.498570105456183
2.4130000000000003,0.6,0.6000043153762817,0.5893974483199418,0.0,0.0,-1.4960700871663586
2.414,0.6,0.6000044345855713,0.5893974483199418,0.0,0.0,-1.4935700689626386
2.415,0.6,0.6000043749809265,0.5893974483199418,0.0,0.0,-1.4910700508495454
2.416,0.6,0.6000043153762817,0.5893974483199418,0.0,0.0,-1.488570032826602
2.4170000000000003,0.6,0.6000043153762817,0.5893974483199418,0.0,0.0,-1.4860700148886132
2.418,0.6,0.6000043153762817,0.5893974483199418,0.0,0.0,-1.4835699970326364
2.419,0.6,0.600004255771637,0.5893974483199418,0.0,0.0,-1.4810699792578441
2.42,0.6,0.6000043153762817,0.5893974483199418,0.0,0.0,-1.4785699615586845
2.4210000000000003,0.6,0.600004255771637,0.5893974483199418,0.0,0.0,-1.476069943938563
2.422,0.6,0.6000041961669922,0.5893974483199418,0.0,0.0,-1.473569926395899
2.423,0.6,0.6000041961669922,0.5893974483199418,0.0,0.0,-1.471069908924411
2.424,0.6,0.6000041961669922,0.5893974483199418,0.0,0.0,-1.4685698915200822
2.4250000000000003,0.6,0.6000041961669922,0.5893974483199418,0.0,0.0,-1.4660698741810252
2.426,0.6,0.6000041365623474,0.5893974483199418,0.0,0.0,-1.4635698569073463
2.427,0.6,0.6000041365623474,0.5893974483199418,0.0,0.0,-1.4610698396943207
2.428,0.6,0.6000041365623474,0.5893974483199418,0.0,0.0,-1.4585698225393675
2.4290000000000003,0.6,0.6000040769577026,0.5893974483199418,0.0,0.0,-1.4560698054419157
2.43,0.6,0.6000040769577026,0.5893974483199418,0.0,0.0,-1.453569788396579
2.431,0.6,0.6000040769577026,0.5893974483199418,0.0,0.0,-1.4510697714001286
2.432,0.6,0.6000040769577026,0.5893974483199418,0.0,0.0,-1.4485697544513607
2.433,0.6,0.6000040769577026,0.5893974483199418,0.0,0.0,-1.4460697375509741
2.434,0.6,0.6000040173530579,0.5893974483199418,0.0,0.0,-1.4435697207014488
2.435,0.6,0.6000040173530579,0.5893974483199418,0.0,0.0,-1.441069703900234
2.436,0.6,0.6000040769577026,0.5893974483199418,0.0,0.0,-1.438569687146734
2.437,0.6,0.6000040769577026,0.5893974483199418,0.0,0.0,-1.4360696704488976
2.438,0.6,0.6000039577484131,0.5893974483199418,0.0,0.0,-1.4335696538160085
2.439,0.6,0.6000039577484131,0.5893974483199418,0.0,0.0,-1.431069637245192
2.44,0.6,0.6000039577484131,0.5893974483199418,0.0,0.0,-1.4285696207355216
2.441,0.6,0.6000039577484131,0.5893974483199418,0.0,0.0,-1.4260696042879037
2.442,0.6,0.6000039577484131,0.5893974483199418,0.0,0.0,-1.4235695879049577
2.443,0.6,0.6000038385391235,0.5893974483199418,0.0,0.0,-1.4210695715909176
2.444,0.6,0.6000039577484131,0.5893974483199418,0.0,0.0,-1.4185695553381135
2.445,0.6,0.6000038981437683,0.5893974483199418,0.0,0.0,-1.416069539154483
2.446,0.6,0.6000038385391235,0.5893974483199418,0.0,0.0,-1.413569523042538
2.447,0.6,0.6000038385391235,0.5893974483199418,0.0,0.0,-1.4110695069996757
2.448,0.6,0.6000038385391235,0.5893974483199418,0.0,0.0,-1.4085694910251734
2.449,0.6,0.6000038385391235,0.5893974483199418,0.0,0.0,-1.4060694751200709
2.45,0.6,0.600003719329834,0.5893974483199418,0.0,0.0,-1.4035694592870656
2.451,0.6,0.600003719329834,0.5893974483199418,0.0,0.0,-1.4010694435169908
2.452,0.6,0.600003719329834,0.5893974483199418,0.0,0.0,-1.3985694278029146
2.453,0.6,0.6000037789344788,0.5893974483199418,0.0,0.0,-1.396069412139997
2.454,0.6,0.600003719329834,0.5893974483199418,0.0,0.0,-1.3935693965320697
2.455,0.6,0.600003719329834,0.5893974483199418,0.0,0.0,-1.3910693809777142
2.456,0.6,0.600003719329834,0.5893974483199418,0.0,0.0,-1.3885693654772655
2.457,0.6,0.600003719329834,0.5893974483199418,0.0,0.0,-1.3860693500327046
2.458,0.6,0.600003719329834,0.5893974483199418,0.0,0.0,-1.3835693346475544
2.459,0.6,0.6000036597251892,0.5893974483199418,0.0,0.0,-1.3810693193267893
2.46,0.6,0.6000036597251892,0.5893974483199418,0.0,0.0,-1.3785693040700344
2.461,0.6,0.6000036597251892,0.5893974483199418,0.0,0.0,-1.376069288878576
2.462,0.6,0.6000036001205444,0.5893974483199418,0.0,0.0,-1.373569273755263
2.463,0.6,0.6000036001205444,0.5893974483199418,0.0,0.0,-1.371069258697698
2.464,0.6,0.6000036001205444,0.5893974483199418,0.0,0.0,-1.3685692437052464
2.465,0.6,0.6000035405158997,0.5893974483199418,0.0,0.0,-1.3660692287789233
2.466,0.6,0.6000035405158997,0.5893974483199418,0.0,0.0,-1.3635692139145883
2.467,0.6,0.6000035405158997,0.5893974483199418,0.0,0.0,-1.3610691991099415
2.468,0.6,0.6000035405158997,0.5893974483199418,0.0,0.0,-1.3585691843644103
2.469,0.6,0.6000034809112549,0.5893974483199418,0.0,0.0,-1.3560691696790437
2.47,0.6,0.6000035405158997,0.5893974483199418,0.0,0.0,-1.353569155049706
2.471,0.6,0.6000034809112549,0.5893974483199418,0.0,0.0,-1.3510691404807813
2.472,0.6,0.6000034809112549,0.5893974483199418,0.0,0.0,-1.348569125971262
2.473,0.6,0.6000034213066101,0.5893974483199418,0.0,0.0,-1.3460691115217627
2.474,0.6,0.6000034809112549,0.5893974483199418,0.0,0.0,-1.3435690971277123
2.475,0.6,0.6000034809112549,0.5893974483199418,0.0,0.0,-1.341069082793061
2.476,0.6,0.6000033617019653,0.5893974483199418,0.0,0.0,-1.3385690685230738
2.477,0.6,0.6000034809112549,0.5893974483199418,0.0,0.0,-1.3360690543108378
2.478,0.6,0.6000034213066101,0.5893974483199418,0.0,0.0,-1.333569040164783
2.479,0.6,0.6000033617019653,0.5893974483199418,0.0,0.0,-1.331069026087675
2.48,0.6,0.6000034213066101,0.5893974483199418,0.0,0.0,-1.3285690120769313
2.481,0.6,0.6000033617019653,0.5893974483199418,0.0,0.0,-1.3260689981383422
2.482,0.6,0.6000033020973206,0.5893974483199418,0.0,0.0,-1.323568984272167
2.483,0.6,0.6000033020973206,0.5893974483199418,0.0,0.0,-1.3210689704734464
2.484,0.6,0.6000033020973206,0.5893974483199418,0.0,0.0,-1.3185689567390062
2.485,0.6,0.6000033020973206,0.5893974483199418,0.0,0.0,-1.3160689430673471
2.486,0.6,0.6000033020973206,0.5893974483199418,0.0,0.0,-1.313568929458542
2.487,0.6,0.6000032424926758,0.5893974483199418,0.0,0.0,-1.3110689159141358
2.488,0.6,0.6000032424926758,0.5893974483199418,0.0,0.0,-1.308568902430352
2.489,0.6,0.6000032424926758,0.5893974483199418,0.0,0.0,-1.3060688890050993
2.49,0.6,0.6000032424926758,0.5893974483199418,0.0,0.0,-1.3035688756378676
2.491,0.6,0.600003182888031,0.5893974483199418,0.0,0.0,-1.301068862329629
2.492,0.6,0.6000031232833862,0.5893974483199418,0.0,0.0,-1.2985688490760439
2.493,0.6,0.6000031232833862,0.5893974483199418,0.0,0.0,-1.2960688358677575
2.494,0.6,0.600003182888031,0.5893974483199418,0.0,0.0,-1.293568822697391
2.495,0.6,0.6000031232833862,0.5893974483199418,0.0,0.0,-1.2910688095661285
2.496,0.6,0.6000031232833862,0.5893974483199418,0.0,0.0,-1.288568796469799
2.497,0.6,0.6000031232833862,0.5893974483199418,0.0,0.0,-1.2860687834058877
2.498,0.6,0.6000031232833862,0.5893974483199418,0.0,0.0,-1.2835687703734362
2.499,0.6,0.6000031232833862,0.5893974483199418,0.0,0.0,-1.2810687573729425
2.5,0.6,0.6000030636787415,0.5893974483199418,0.0,0.0,-1.278568744406275
2.501,0.6,0.6000031232833862,0.5893974483199418,0.0,0.0,-1.2760687314698782
2.5020000000000002,0.6,0.6000031232833862,0.5893974483199418,0.0,0.0,-1.273568718568496
2.503,0.6,0.6000030636787415,0.5893974483199418,0.0,0.0,-1.2710687057079788
2.504,0.6,0.6000031232833862,0.5893974483199418,0.0,0.0,-1.2685686928885083
2.505,0.6,0.6000030636787415,0.5893974483199418,0.0,0.0,-1.2660686801183343
2.5060000000000002,0.6,0.6000030040740967,0.5893974483199418,0.0,0.0,-1.263568667399891
2.507,0.6,0.6000030636787415,0.5893974483199418,0.0,0.0,-1.261068654730126
2.508,0.6,0.6000030040740967,0.5893974483199418,0.0,0.0,-1.2585686421142286
2.509,0.6,0.6000030636787415,0.5893974483199418,0.0,0.0,-1.256068629551734
2.5100000000000002,0.6,0.6000030040740967,0.5893974483199418,0.0,0.0,-1.2535686170502573
2.511,0.6,0.6000030040740967,0.5893974483199418,0.0,0.0,-1.2510686046116093
2.512,0.6,0.6000028848648071,0.5893974483199418,0.0,0.0,-1.2485685922388343
2.513,0.6,0.6000028848648071,0.5893974483199418,0.0,0.0,-1.2460685799227225
2.5140000000000002,0.6,0.6000029444694519,0.5893974483199418,0.0,0.0,-1.243568567655921
2.515,0.6,0.6000029444694519,0.5893974483199418,0.0,0.0,-1.2410685554395322
2.516,0.6,0.6000029444694519,0.5893974483199418,0.0,0.0,-1.2385685432759075
2.517,0.6,0.6000028848648071,0.5893974483199418,0.0,0.0,-1.2360685311685722
2.5180000000000002,0.6,0.6000028848648071,0.5893974483199418,0.0,0.0,-1.2335685191154475
2.519,0.6,0.6000028848648071,0.5893974483199418,0.0,0.0,-1.231068507115873
2.52,0.6,0.6000028848648071,0.5893974483199418,0.0,0.0,-1.2285684951705225
2.521,0.6,0.6000028252601624,0.5893974483199418,0.0,0.0,-1.2260684832813196
2.5220000000000002,0.6,0.6000028252601624,0.5893974483199418,0.0,0.0,-1.2235684714446546
2.523,0.6,0.6000028848648071,0.5893974483199418,0.0,0.0,-1.2210684596584065
2.524,0.6,0.6000028252601624,0.5893974483199418,0.0,0.0,-1.218568447928556
2.525,0.6,0.6000028252601624,0.5893974483199418,0.0,0.0,-1.2160684362553
2.5260000000000002,0.6,0.6000028252601624,0.5893974483199418,0.0,0.0,-1.2135684246400904
2.527,0.6,0.6000027656555176,0.5893974483199418,0.0,0.0,-1.2110684130855531
2.528,0.6,0.6000027060508728,0.5893974483199418,0.0,0.0,-1.208568401588711
2.529,0.6,0.6000027656555176,0.5893974483199418,0.0,0.0,-1.2060683901413025
2.5300000000000002,0.6,0.6000027060508728,0.5893974483199418,0.0,0.0,-1.203568378743494
2.531,0.6,0.6000027060508728,0.5893974483199418,0.0,0.0,-1.2010683673899751
2.532,0.6,0.6000027060508728,0.5893974483199418,0.0,0.0,-1.1985683560769727
2.533,0.6,0.6000027060508728,0.5893974483199418,0.0,0.0,-1.196068344802161
2.5340000000000003,0.6,0.6000027060508728,0.5893974483199418,0.0,0.0,-1.1935683335645682
2.535,0.6,0.6000027060508728,0.5893974483199418,0.0,0.0,-1.191068322364496
2.536,0.6,0.6000027060508728,0.5893974483199418,0.0,0.0,-1.1885683112034375
2.537,0.6,0.6000027060508728,0.5893974483199418,0.0,0.0,-1.1860683000840095
2.5380000000000003,0.6,0.600002646446228,0.5893974483199418,0.0,0.0,-1.1835682890098758
2.539,0.6,0.600002646446228,0.5893974483199418,0.0,0.0,-1.1810682779789805
2.54,0.6,0.600002646446228,0.5893974483199418,0.0,0.0,-1.1785682669905828
2.541,0.6,0.600002646446228,0.5893974483199418,0.0,0.0,-1.1760682560451692
2.5420000000000003,0.6,0.600002646446228,0.5893974483199418,0.0,0.0,-1.1735682451443834
2.543,0.6,0.6000025272369385,0.5893974483199418,0.0,0.0,-1.171068234290953
2.544,0.6,0.6000025868415833,0.5893974483199418,0.0,0.0,-1.168568223475209
2.545,0.6,0.6000025272369385,0.5893974483199418,0.0,0.0,-1.166068212695918
2.5460000000000003,0.6,0.6000025868415833,0.5893974483199418,0.0,0.0,-1.1635682019463751
2.547,0.6,0.6000025868415833,0.5893974483199418,0.0,0.0,-1.161068191228127
2.548,0.6,0.6000025868415833,0.5893974483199418,0.0,0.0,-1.1585681805437837
2.549,0.6,0.6000025868415833,0.5893974483199418,0.0,0.0,-1.156068169896955
2.5500000000000003,0.6,0.6000025272369385,0.5893974483199418,0.0,0.0,-1.1535681592921845
2.551,0.6,0.6000025272369385,0.5893974483199418,0.0,0.0,-1.1510681487281886
2.552,0.6,0.6000025272369385,0.5893974483199418,0.0,0.0,-1.1485681382048958
2.553,0.6,0.6000025272369385,0.5893974483199418,0.0,0.0,-1.1460681277233686
2.5540000000000003,0.6,0.6000025272369385,0.5893974483199418,0.0,0.0,-1.1435681172857384
2.555,0.6,0.6000024676322937,0.5893974483199418,0.0,0.0,-1.1410681068951356
2.556,0.6,0.6000024676322937,0.5893974483199418,0.0,0.0,-1.1385680965489227
2.557,0.6,0.6000025272369385,0.5893974483199418,0.0,0.0,-1.136068086245731
2.5580000000000003,0.6,0.6000024676322937,0.5893974483199418,0.0,0.0,-1.1335680759920879
2.559,0.6,0.6000025272369385,0.5893974483199418,0.0,0.0,-1.131068065788542
2.56,0.6,0.6000024080276489,0.5893974483199418,0.0,0.0,-1.1285680556434212
2.561,0.6,0.6000024080276489,0.5893974483199418,0.0,0.0,-1.1260680455522576
2.562,0.6,0.6000024080276489,0.5893974483199418,0.0,0.0,-1.1235680355119362
2.563,0.6,0.6000024080276489,0.5893974483199418,0.0,0.0,-1.121068025520615
2.564,0.6,0.6000024080276489,0.5893974483199418,0.0,0.0,-1.1185680155776412
2.565,0.6,0.6000023484230042,0.5893974483199418,0.0,0.0,-1.1160680056834817
2.566,0.6,0.6000023484230042,0.5893974483199418,0.0,0.0,-1.1135679958329472
2.567,0.6,0.6000022888183594,0.5893974483199418,0.0,0.0,-1.1110679860222192
2.568,0.6,0.6000024080276489,0.5893974483199418,0.0,0.0,-1.1085679762420615
2.569,0.6,0.6000023484230042,0.5893974483199418,0.0,0.0,-1.1060679664982442
2.57,0.6,0.6000022888183594,0.5893974483199418,0.0,0.0,-1.1035679567905545
2.571,0.6,0.6000024080276489,0.5893974483199418,0.0,0.0,-1.1010679471131393
2.572,0.6,0.6000022888183594,0.5893974483199418,0.0,0.0,-1.0985679374749422
2.573,0.6,0.6000022888183594,0.5893974483199418,0.0,0.0,-1.0960679278720231
2.574,0.6,0.6000022888183594,0.5893974483199418,0.0,0.0,-1.0935679183017093
2.575,0.6,0.6000022888183594,0.5893974483199418,0.0,0.0,-1.0910679087625184
2.576,0.6,0.6000022888183594,0.5893974483199418,0.0,0.0,-1.0885678992540835
2.577,0.6,0.6000022888183594,0.5893974483199418,0.0,0.0,-1.0860678897770877
2.578,0.6,0.6000022888183594,0.5893974483199418,0.0,0.0,-1.0835678803331967
2.579,0.6,0.6000022292137146,0.5893974483199418,0.0,0.0,-1.081067870924998
2.58,0.6,0.6000022292137146,0.5893974483199418,0.0,0.0,-1.0785678615492378
2.581,0.6,0.6000022292137146,0.5893974483199418,0.0,0.0,-1.0760678522038638
2.582,0.6,0.6000022292137146,0.5893974483199418,0.0,0.0,-1.073567842887946
2.583,0.6,0.6000022888183594,0.5893974483199418,0.0,0.0,-1.0710678336016128
2.584,0.6,0.6000022888183594,0.5893974483199418,0.0,0.0,-1.0685678243526882
2.585,0.6,0.6000021696090698,0.5893974483199418,0.0,0.0,-1.0660678151495404
2.586,0.6,0.6000021696090698,0.5893974483199418,0.0,0.0,-1.0635678059876315
2.587,0.6,0.6000021696090698,0.5893974483199418,0.0,0.0,-1.0610677968636761
2.588,0.6,0.600002110004425,0.5893974483199418,0.0,0.0,-1.058567787775563
2.589,0.6,0.6000021696090698,0.5893974483199418,0.0,0.0,-1.0560677787155768
2.59,0.6,0.6000021696090698,0.5893974483199418,0.0,0.0,-1.0535677696841295
2.591,0.6,0.6000021696090698,0.5893974483199418,0.0,0.0,-1.05106776068258
2.592,0.6,0.6000021696090698,0.5893974483199418,0.0,0.0,-1.0485677517131746
2.593,0.6,0.6000021696090698,0.5893974483199418,0.0,0.0,-1.0460677427789942
2.594,0.6,0.600002110004425,0.5893974483199418,0.0,0.0,-1.0435677338838998
2.595,0.6,0.600002110004425,0.5893974483199418,0.0,0.0,-1.0410677250257798
2.596,0.6,0.600002110004425,0.5893974483199418,0.0,0.0,-1.0385677162035987
2.597,0.6,0.600002110004425,0.5893974483199418,0.0,0.0,-1.0360677074173295
2.598,0.6,0.600002110004425,0.5893974483199418,0.0,0.0,-1.0335676986678917
2.599,0.6,0.600002110004425,0.5893974483199418,0.0,0.0,-1.0310676899570927
2.6,0.6,0.6000021696090698,0.5893974483199418,0.0,0.0,-1.0285676812875746
2.601,0.6,0.6000020503997803,0.5893974483199418,0.0,0.0,-1.0260676726694675
2.602,0.6,0.6000020503997803,0.5893974483199418,0.0,0.0,-1.0235676640998344
2.603,0.6,0.6000020503997803,0.5893974483199418,0.0,0.0,-1.0210676555768372
2.604,0.6,0.6000020503997803,0.5893974483199418,0.0,0.0,-1.0185676470996712
2.605,0.6,0.6000020503997803,0.5893974483199418,0.0,0.0,-1.0160676386684968
2.606,0.6,0.6000020503997803,0.5893974483199418,0.0,0.0,-1.0135676302843852
2.607,0.6,0.6000019907951355,0.5893974483199418,0.0,0.0,-1.0110676219492576
2.608,0.6,0.6000020503997803,0.5893974483199418,0.0,0.0,-1.008567613659129
2.609,0.6,0.6000019311904907,0.5893974483199418,0.0,0.0,-1.0060676054178594
2.61,0.6,0.6000019907951355,0.5893974483199418,0.0,0.0,-1.0035675972165732
2.611,0.6,0.6000019311904907,0.5893974483199418,0.0,0.0,-1.001067589054515
2.612,0.6,0.6000019311904907,0.5893974483199418,0.0,0.0,-0.9985675809251617
2.613,0.6,0.6000019311904907,0.5893974483199418,0.0,0.0,-0.9960675728232554
2.614,0.6,0.6000019311904907,0.5893974483199418,0.0,0.0,-0.9935675647447311
2.615,0.6,0.6000019311904907,0.5893974483199418,0.0,0.0,-0.9910675566866363
2.616,0.6,0.6000019311904907,0.5893974483199418,0.0,0.0,-0.9885675486470679
2.617,0.6,0.6000019311904907,0.5893974483199418,0.0,0.0,-0.9860675406251045
2.618,0.6,0.6000019311904907,0.5893974483199418,0.0,0.0,-0.9835675326207483
2.619,0.6,0.6000019311904907,0.5893974483199418,0.0,0.0,-0.981067524634865
2.62,0.6,0.6000019311904907,0.5893974483199418,0.0,0.0,-0.9785675166691327
2.621,0.6,0.6000019311904907,0.5893974483199418,0.0,0.0,-0.9760675087259917
2.622,0.6,0.600001871585846,0.5893974483199418,0.0,0.0,-0.9735675008085963
2.623,0.6,0.600001871585846,0.5893974483199418,0.0,0.0,-0.971067492914066
2.624,0.6,0.600001871585846,0.5893974483199418,0.0,0.0,-0.9685674850405349
2.625,0.6,0.600001871585846,0.5893974483199418,0.0,0.0,-0.9660674771870912
2.626,0.6,0.6000018119812012,0.5893974483199418,0.0,0.0,-0.9635674693537186
2.6270000000000002,0.6,0.600001871585846,0.5893974483199418,0.0,0.0,-0.9610674615345333
2.628,0.6,0.600001871585846,0.5893974483199418,0.0,0.0,-0.9585674537315327
2.629,0.6,0.6000018119812012,0.5893974483199418,0.0,0.0,-0.9560674459474304
2.63,0.6,0.6000018119812012,0.5893974483199418,0.0,0.0,-0.9535674381789037
2.6310000000000002,0.6,0.600001871585846,0.5893974483199418,0.0,0.0,-0.9510674304236469
2.632,0.6,0.600001871585846,0.5893974483199418,0.0,0.0,-0.9485674226870162
2.633,0.6,0.6000018119812012,0.5893974483199418,0.0,0.0,-0.9460674149748749
2.634,0.6,0.600001871585846,0.5893974483199418,0.0,0.0,-0.943567407286856
2.6350000000000002,0.6,0.6000018119812012,0.5893974483199418,0.0,0.0,-0.9410673996301342
2.636,0.6,0.6000017523765564,0.5893974483199418,0.0,0.0,-0.9385673920055736
2.637,0.6,0.6000018119812012,0.5893974483199418,0.0,0.0,-0.9360673844080893
2.638,0.6,0.6000018119812012,0.5893974483199418,0.0,0.0,-0.9335673768404019
2.6390000000000002,0.6,0.6000018119812012,0.5893974483199418,0.0,0.0,-0.9310673693058757
2.64,0.6,0.6000018119812012,0.5893974483199418,0.0,0.0,-0.928567361808479
2.641,0.6,0.6000018119812012,0.5893974483199418,0.0,0.0,-0.9260673543527465
2.642,0.6,0.6000018119812012,0.5893974483199418,0.0,0.0,-0.9235673469437441
2.6430000000000002,0.6,0.6000018119812012,0.5893974483199418,0.0,0.0,-0.9210673395870381
2.644,0.6,0.6000017523765564,0.5893974483199418,0.0,0.0,-0.9185673322886605
2.645,0.6,0.6000017523765564,0.5893974483199418,0.0,0.0,-0.9160673250483762
2.646,0.6,0.6000017523765564,0.5893974483199418,0.0,0.0,-0.9135673178667497
2.6470000000000002,0.6,0.6000016927719116,0.5893974483199418,0.0,0.0,-0.9110673107450936
2.648,0.6,0.6000016927719116,0.5893974483199418,0.0,0.0,-0.9085673036787181
2.649,0.6,0.6000016927719116,0.5893974483199418,0.0,0.0,-0.9060672966639798
2.65,0.6,0.6000016927719116,0.5893974483199418,0.0,0.0,-0.903567289698218
2.6510000000000002,0.6,0.6000016331672668,0.5893974483199418,0.0,0.0,-0.9010672827796941
2.652,0.6,0.6000016331672668,0.5893974483199418,0.0,0.0,-0.8985672759008277
2.653,0.6,0.6000016331672668,0.5893974483199418,0.0,0.0,-0.8960672690552366
2.654,0.6,0.6000016331672668,0.5893974483199418,0.0,0.0,-0.8935672622376649
2.6550000000000002,0.6,0.6000016331672668,0.5893974483199418,0.0,0.0,-0.8910672554439127
2.656,0.6,0.6000015735626221,0.5893974483199418,0.0,0.0,-0.8885672486707686
2.657,0.6,0.6000016331672668,0.5893974483199418,0.0,0.0,-0.8860672419092469
2.658,0.6,0.6000016331672668,0.5893974483199418,0.0,0.0,-0.8835672351583264
2.6590000000000003,0.6,0.6000015735626221,0.5893974483199418,0.0,0.0,-0.8810672284177817
2.66,0.6,0.6000016331672668,0.5893974483199418,0.0,0.0,-0.8785672216814255
2.661,0.6,0.6000016331672668,0.5893974483199418,0.0,0.0,-0.8760672149508651
2.662,0.6,0.6000016331672668,0.5893974483199418,0.0,0.0,-0.8735672082283403
2.6630000000000003,0.6,0.6000016331672668,0.5893974483199418,0.0,0.0,-0.8710672015166847
2.664,0.6,0.6000016331672668,0.5893974483199418,0.0,0.0,-0.868567194819289
2.665,0.6,0.6000015735626221,0.5893974483199418,0.0,0.0,-0.8660671881400656
2.666,0.6,0.6000015735626221,0.5893974483199418,0.0,0.0,-0.8635671814767121
2.6670000000000003,0.6,0.6000015735626221,0.5893974483199418,0.0,0.0,-0.8610671748277718
2.668,0.6,0.6000015735626221,0.5893974483199418,0.0,0.0,-0.8585671681925848
2.669,0.6,0.6000015735626221,0.5893974483199418,0.0,0.0,-0.856067161571235
2.67,0.6,0.6000016331672668,0.5893974483199418,0.0,0.0,-0.8535671549645073
2.6710000000000003,0.6,0.6000015735626221,0.5893974483199418,0.0,0.0,-0.8510671483805495
2.672,0.6,0.6000015139579773,0.5893974483199418,0.0,0.0,-0.8485671418210317
2.673,0.6,0.6000015735626221,0.5893974483199418,0.0,0.0,-0.8460671352815192
2.674,0.6,0.6000015139579773,0.5893974483199418,0.0,0.0,-0.8435671287652362
2.6750000000000003,0.6,0.6000015735626221,0.5893974483199418,0.0,0.0,-0.8410671222692057
2.676,0.6,0.6000016331672668,0.5893974483199418,0.0,0.0,-0.8385671157980198
2.677,0.6,0.6000015735626221,0.5893974483199418,0.0,0.0,-0.8360671093633971
2.678,0.6,0.6000014543533325,0.5893974483199418,0.0,0.0,-0.8335671029703603
2.6790000000000003,0.6,0.6000015139579773,0.5893974483199418,0.0,0.0,-0.8310670966109119
2.68,0.6,0.6000014543533325,0.5893974483199418,0.0,0.0,-0.8285670902849057
2.681,0.6,0.6000015735626221,0.5893974483199418,0.0,0.0,-0.8260670839861769
2.682,0.6,0.6000015139579773,0.5893974483199418,0.0,0.0,-0.8235670777230044
2.6830000000000003,0.6,0.6000015735626221,0.5893974483199418,0.0,0.0,-0.8210670714971546
2.684,0.6,0.6000015139579773,0.5893974483199418,0.0,0.0,-0.81856706531767
2.685,0.6,0.6000014543533325,0.5893974483199418,0.0,0.0,-0.8160670591870318
2.686,0.6,0.6000014543533325,0.5893974483199418,0.0,0.0,-0.8135670531015403
2.6870000000000003,0.6,0.6000014543533325,0.5893974483199418,0.0,0.0,-0.8110670470583744
2.688,0.6,0.6000014543533325,0.5893974483199418,0.0,0.0,-0.8085670410555386
2.689,0.6,0.6000014543533325,0.5893974483199418,0.0,0.0,-0.8060670350918103
2.69,0.6,0.6000013947486877,0.5893974483199418,0.0,0.0,-0.803567029166695
2.691,0.6,0.6000013947486877,0.5893974483199418,0.0,0.0,-0.8010670232736716
2.692,0.6,0.600001335144043,0.5893974483199418,0.0,0.0,-0.7985670174072481
2.693,0.6,0.6000014543533325,0.5893974483199418,0.0,0.0,-0.7960670115561871
2.694,0.6,0.6000014543533325,0.5893974483199418,0.0,0.0,-0.7935670057239568
2.695,0.6,0.6000013947486877,0.5893974483199418,0.0,0.0,-0.7910669999144626
2.696,0.6,0.6000014543533325,0.5893974483199418,0.0,0.0,-0.7885669941253148
2.697,0.6,0.6000013947486877,0.5893974483199418,0.0,0.0,-0.7860669883616007
2.698,0.6,0.6000013947486877,0.5893974483199418,0.0,0.0,-0.7835669826220405
2.699,0.6,0.6000013947486877,0.5893974483199418,0.0,0.0,-0.7810669769060565
2.7,0.6,0.6000014543533325,0.5893974483199418,0.0,0.0,-0.7785669712137323
2.701,0.6,0.6000013947486877,0.5893974483199418,0.0,0.0,-0.7760669655524769
2.702,0.6,0.600001335144043,0.5893974483199418,0.0,0.0,-0.7735669599231878
2.703,0.6,0.600001335144043,0.5893974483199418,0.0,0.0,-0.7710669543206244
2.704,0.6,0.600001335144043,0.5893974483199418,0.0,0.0,-0.7685669487404675
2.705,0.6,0.600001335144043,0.5893974483199418,0.0,0.0,-0.7660669431792623
2.706,0.6,0.600001335144043,0.5893974483199418,0.0,0.0,-0.7635669376343652
2.707,0.6,0.6000013947486877,0.5893974483199418,0.0,0.0,-0.7610669321038943
2.708,0.6,0.600001335144043,0.5893974483199418,0.0,0.0,-0.7585669265933882
2.709,0.6,0.600001335144043,0.5893974483199418,0.0,0.0,-0.7560669211019614
2.71,0.6,0.600001335144043,0.5893974483199418,0.0,0.0,-0.7535669156293823
2.711,0.6,0.600001335144043,0.5893974483199418,0.0,0.0,-0.7510669101760309
2.712,0.6,0.6000012755393982,0.5893974483199418,0.0,0.0,-0.7485669047428624
2.713,0.6,0.6000012755393982,0.5893974483199418,0.0,0.0,-0.7460668993246636
2.714,0.6,0.6000012755393982,0.5893974483199418,0.0,0.0,-0.7435668939171156
2.715,0.6,0.6000012755393982,0.5893974483199418,0.0,0.0,-0.7410668885167364
2.716,0.6,0.6000012755393982,0.5893974483199418,0.0,0.0,-0.7385668831208319
2.717,0.6,0.6000012755393982,0.5893974483199418,0.0,0.0,-0.7360668777274443
2.718,0.6,0.600001335144043,0.5893974483199418,0.0,0.0,-0.7335668723353089
2.719,0.6,0.6000012159347534,0.5893974483199418,0.0,0.0,-0.7310668669505171
2.72,0.6,0.6000012755393982,0.5893974483199418,0.0,0.0,-0.7285668615659712
2.721,0.6,0.6000012755393982,0.5893974483199418,0.0,0.0,-0.7260668561822609
2.722,0.6,0.6000012755393982,0.5893974483199418,0.0,0.0,-0.723566850800513
2.723,0.6,0.6000012755393982,0.5893974483199418,0.0,0.0,-0.7210668454223551
2.724,0.6,0.6000012159347534,0.5893974483199418,0.0,0.0,-0.7185668400498872
2.725,0.6,0.6000012159347534,0.5893974483199418,0.0,0.0,-0.7160668346789445
2.726,0.6,0.6000012755393982,0.5893974483199418,0.0,0.0,-0.7135668293061641
2.727,0.6,0.6000012755393982,0.5893974483199418,0.0,0.0,-0.7110668239356424
2.728,0.6,0.6000012159347534,0.5893974483199418,0.0,0.0,-0.7085668185717939
2.729,0.6,0.600001335144043,0.5893974483199418,0.0,0.0,-0.7060668132126275
2.73,0.6,0.6000012159347534,0.5893974483199418,0.0,0.0,-0.703566807870232
2.731,0.6,0.6000012755393982,0.5893974483199418,0.0,0.0,-0.7010668025431351
2.732,0.6,0.6000012755393982,0.5893974483199418,0.0,0.0,-0.6985667972372082
2.733,0.6,0.6000012755393982,0.5893974483199418,0.0,0.0,-0.6960667919585292
2.734,0.6,0.6000012755393982,0.5893974483199418,0.0,0.0,-0.6935667867133746
2.735,0.6,0.6000012159347534,0.5893974483199418,0.0,0.0,-0.6910667815082034
2.736,0.6,0.6000012159347534,0.5893974483199418,0.0,0.0,-0.688566776342941
2.737,0.6,0.6000012755393982,0.5893974483199418,0.0,0.0,-0.6860667712180615
2.738,0.6,0.6000012159347534,0.5893974483199418,0.0,0.0,-0.6835667661412603
2.739,0.6,0.6000012159347534,0.5893974483199418,0.0,0.0,-0.6810667611136225
2.74,0.6,0.6000012159347534,0.5893974483199418,0.0,0.0,-0.6785667561367096
2.741,0.6,0.6000011563301086,0.5893974483199418,0.0,0.0,-0.6760667512125313
2.742,0.6,0.6000011563301086,0.5893974483199418,0.0,0.0,-0.6735667463368108
2.743,0.6,0.6000011563301086,0.5893974483199418,0.0,0.0,-0.671066741506052
2.744,0.6,0.6000011563301086,0.5893974483199418,0.0,0.0,-0.6685667367174914
2.745,0.6,0.6000011563301086,0.5893974483199418,0.0,0.0,-0.6660667319690549
2.746,0.6,0.6000011563301086,0.5893974483199418,0.0,0.0,-0.6635667272593122
2.747,0.6,0.6000010967254639,0.5893974483199418,0.0,0.0,-0.6610667225874394
2.748,0.6,0.6000011563301086,0.5893974483199418,0.0,0.0,-0.6585667179464746
2.749,0.6,0.6000010967254639,0.5893974483199418,0.0,0.0,-0.6560667133370828
2.75,0.6,0.6000010967254639,0.5893974483199418,0.0,0.0,-0.6535667087536982
2.751,0.6,0.6000011563301086,0.5893974483199418,0.0,0.0,-0.6510667041915909
2.7520000000000002,0.6,0.6000010967254639,0.5893974483199418,0.0,0.0,-0.6485666996535198
2.753,0.6,0.6000010967254639,0.5893974483199418,0.0,0.0,-0.6460666951358841
2.754,0.6,0.6000010371208191,0.5893974483199418,0.0,0.0,-0.6435666906357975
2.755,0.6,0.6000010967254639,0.5893974483199418,0.0,0.0,-0.6410666861443364
2.7560000000000002,0.6,0.6000011563301086,0.5893974483199418,0.0,0.0,-0.6385666816602981
2.757,0.6,0.6000010967254639,0.5893974483199418,0.0,0.0,-0.636066677189753
2.758,0.6,0.6000010967254639,0.5893974483199418,0.0,0.0,-0.6335666727322077
2.759,0.6,0.6000010371208191,0.5893974483199418,0.0,0.0,-0.6310666682876911
2.7600000000000002,0.6,0.6000010371208191,0.5893974483199418,0.0,0.0,-0.6285666638500155
2.761,0.6,0.6000010371208191,0.5893974483199418,0.0,0.0,-0.6260666594138385
2.762,0.6,0.6000010967254639,0.5893974483199418,0.0,0.0,-0.6235666549746137
2.763,0.6,0.6000010371208191,0.5893974483199418,0.0,0.0,-0.6210666505352455
2.7640000000000002,0.6,0.6000010371208191,0.5893974483199418,0.0,0.0,-0.618566646092244
2.765,0.6,0.6000010967254639,0.5893974483199418,0.0,0.0,-0.6160666416428014
2.766,0.6,0.6000010371208191,0.5893974483199418,0.0,0.0,-0.6135666371914532
2.767,0.6,0.6000010967254639,0.5893974483199418,0.0,0.0,-0.6110666327362402
2.7680000000000002,0.6,0.6000010371208191,0.5893974483199418,0.0,0.0,-0.608566628282496
2.769,0.6,0.6000011563301086,0.5893974483199418,0.0,0.0,-0.6060666238290107
2.77,0.6,0.6000010967254639,0.5893974483199418,0.0,0.0,-0.6035666193885261
2.771,0.6,0.6000010371208191,0.5893974483199418,0.0,0.0,-0.60106661496681
2.7720000000000002,0.6,0.6000010371208191,0.5893974483199418,0.0,0.0,-0.5985666105630586
2.773,0.6,0.6000009775161743,0.5893974483199418,0.0,0.0,-0.596066606176983
2.774,0.6,0.6000010371208191,0.5893974483199418,0.0,0.0,-0.5935666018020691
2.775,0.6,0.6000010371208191,0.5893974483199418,0.0,0.0,-0.5910665974393502
2.7760000000000002,0.6,0.6000009775161743,0.5893974483199418,0.0,0.0,-0.5885665930902596
2.777,0.6,0.6000009775161743,0.5893974483199418,0.0,0.0,-0.5860665887499007
2.778,0.6,0.6000009775161743,0.5893974483199418,0.0,0.0,-0.5835665844141169
2.779,0.6,0.6000010371208191,0.5893974483199418,0.0,0.0,-0.5810665800794462
2.7800000000000002,0.6,0.6000010371208191,0.5893974483199418,0.0,0.0,-0.5785665757497845
2.781,0.6,0.6000010371208191,0.5893974483199418,0.0,0.0,-0.5760665714292531
2.782,0.6,0.6000010967254639,0.5893974483199418,0.0,0.0,-0.5735665671221822
2.783,0.6,0.6000009775161743,0.5893974483199418,0.0,0.0,-0.5710665628398081
2.7840000000000003,0.6,0.6000010967254639,0.5893974483199418,0.0,0.0,-0.5685665585797497
2.785,0.6,0.6000010371208191,0.5893974483199418,0.0,0.0,-0.5660665543536251
2.786,0.6,0.6000009775161743,0.5893974483199418,0.0,0.0,-0.5635665501661188
2.787,0.6,0.6000009775161743,0.5893974483199418,0.0,0.0,-0.561066546015385
2.7880000000000003,0.6,0.6000009775161743,0.5893974483199418,0.0,0.0,-0.5585665419001288
2.789,0.6,0.6000009775161743,0.5893974483199418,0.0,0.0,-0.5560665378195719
2.79,0.6,0.6000009775161743,0.5893974483199418,0.0,0.0,-0.553566533773422
2.791,0.6,0.6000009775161743,0.5893974483199418,0.0,0.0,-0.5510665297618424
2.7920000000000003,0.6,0.6000010371208191,0.5893974483199418,0.0,0.0,-0.5485665257854233
2.793,0.6,0.6000009775161743,0.5893974483199418,0.0,0.0,-0.5460665218518626
2.794,0.6,0.6000009775161743,0.5893974483199418,0.0,0.0,-0.5435665179621412
2.795,0.6,0.6000009179115295,0.5893974483199418,0.0,0.0,-0.5410665141176154
2.7960000000000003,0.6,0.6000009179115295,0.5893974483199418,0.0,0.0,-0.53856651031329
2.797,0.6,0.6000008583068848,0.5893974483199418,0.0,0.0,-0.5360665065448876
2.798,0.6,0.6000009179115295,0.5893974483199418,0.0,0.0,-0.5335665028020989
2.799,0.6,0.6000009179115295,0.5893974483199418,0.0,0.0,-0.5310664990823423
2.8000000000000003,0.6,0.6000008583068848,0.5893974483199418,0.0,0.0,-0.5285664953836046
2.801,0.6,0.6000009179115295,0.5893974483199418,0.0,0.0,-0.526066491697703
2.802,0.6,0.6000008583068848,0.5893974483199418,0.0,0.0,-0.5235664880240496
2.803,0.6,0.6000008583068848,0.5893974483199418,0.0,0.0,-0.5210664843557978
2.8040000000000003,0.6,0.6000008583068848,0.5893974483199418,0.0,0.0,-0.518566480686908
2.805,0.6,0.6000008583068848,0.5893974483199418,0.0,0.0,-0.5160664770120977
2.806,0.6,0.6000008583068848,0.5893974483199418,0.0,0.0,-0.5135664733267957
2.807,0.6,0.6000008583068848,0.5893974483199418,0.0,0.0,-0.5110664696270971
2.8080000000000003,0.6,0.6000009179115295,0.5893974483199418,0.0,0.0,-0.5085664659097234
2.809,0.6,0.6000009179115295,0.5893974483199418,0.0,0.0,-0.5060664621786903
2.81,0.6,0.6000008583068848,0.5893974483199418,0.0,0.0,-0.5035664584381773
2.811,0.6,0.6000008583068848,0.5893974483199418,0.0,0.0,-0.5010664546858108
2.8120000000000003,0.6,0.6000009179115295,0.5893974483199418,0.0,0.0,-0.49856645091974944
2.813,0.6,0.6000009179115295,0.5893974483199418,0.0,0.0,-0.4960664471453564
2.814,0.6,0.6000009179115295,0.5893974483199418,0.0,0.0,-0.49356644336807587
2.815,0.6,0.6000009775161743,0.5893974483199418,0.0,0.0,-0.4910664395934279
2.816,0.6,0.6000009179115295,0.5893974483199418,0.0,0.0,-0.48856643583370973
2.817,0.6,0.6000009179115295,0.5893974483199418,0.0,0.0,-0.4860664320941912
2.818,0.6,0.6000009179115295,0.5893974483199418,0.0,0.0,-0.48356642838022806
2.819,0.6,0.6000008583068848,0.5893974483199418,0.0,0.0,-0.481066424697257
2.82,0.6,0.6000008583068848,0.5893974483199418,0.0,0.0,-0.4785664210440829
2.821,0.6,0.6000008583068848,0.5893974483199418,0.0,0.0,-0.47606641741996897
2.822,0.6,0.6000008583068848,0.5893974483199418,0.0,0.0,-0.47356641382460746
2.823,0.6,0.6000008583068848,0.5893974483199418,0.0,0.0,-0.4710664102580944
2.824,0.6,0.60000079870224,0.5893974483199418,0.0,0.0,-0.4685664067209033
2.825,0.6,0.6000008583068848,0.5893974483199418,0.0,0.0,-0.4660664032071565
2.826,0.6,0.6000008583068848,0.5893974483199418,0.0,0.0,-0.46356639971840274
2.827,0.6,0.6000008583068848,0.5893974483199418,0.0,0.0,-0.46106639625647955
2.828,0.6,0.60000079870224,0.5893974483199418,0.0,0.0,-0.4585663928234955
2.829,0.6,0.6000007390975952,0.5893974483199418,0.0,0.0,-0.4560663894151058
2.83,0.6,0.60000079870224,0.5893974483199418,0.0,0.0,-0.4535663860208857
2.831,0.6,0.60000079870224,0.5893974483199418,0.0,0.0,-0.4510663826380906
2.832,0.6,0.60000079870224,0.5893974483199418,0.0,0.0,-0.44856637926450277
2.833,0.6,0.60000079870224,0.5893974483199418,0.0,0.0,-0.4460663758983994
2.834,0.6,0.6000008583068848,0.5893974483199418,0.0,0.0,-0.44356637253852227
2.835,0.6,0.60000079870224,0.5893974483199418,0.0,0.0,-0.4410663691907546
2.836,0.6,0.60000079870224,0.5893974483199418,0.0,0.0,-0.4385663658542947
2.837,0.6,0.6000008583068848,0.5893974483199418,0.0,0.0,-0.43606636252874825
2.838,0.6,0.6000008583068848,0.5893974483199418,0.0,0.0,-0.4335663592208096
2.839,0.6,0.60000079870224,0.5893974483199418,0.0,0.0,-0.4310663559371443
2.84,0.6,0.6000008583068848,0.5893974483199418,0.0,0.0,-0.4285663526776846
2.841,0.6,0.6000007390975952,0.5893974483199418,0.0,0.0,-0.4260663494494307
2.842,0.6,0.60000079870224,0.5893974483199418,0.0,0.0,-0.4235663462459221
2.843,0.6,0.6000007390975952,0.5893974483199418,0.0,0.0,-0.4210663430681342
2.844,0.6,0.60000079870224,0.5893974483199418,0.0,0.0,-0.4185663399106329
2.845,0.6,0.60000079870224,0.5893974483199418,0.0,0.0,-0.41606633677535704
2.846,0.6,0.6000007390975952,0.5893974483199418,0.0,0.0,-0.41356633366448303
2.847,0.6,0.6000007390975952,0.5893974483199418,0.0,0.0,-0.41106633057370456
2.848,0.6,0.60000079870224,0.5893974483199418,0.0,0.0,-0.40856632749931115
2.849,0.6,0.6000007390975952,0.5893974483199418,0.0,0.0,-0.40606632444485924
2.85,0.6,0.6000007390975952,0.5893974483199418,0.0,0.0,-0.4035663214073366
2.851,0.6,0.6000007390975952,0.5893974483199418,0.0,0.0,-0.401066318384248
2.852,0.6,0.6000007390975952,0.5893974483199418,0.0,0.0,-0.39856631537358317
2.853,0.6,0.6000007390975952,0.5893974483199418,0.0,0.0,-0.3960663123737866
2.854,0.6,0.6000007390975952,0.5893974483199418,0.0,0.0,-0.39356630938373
2.855,0.6,0.6000007390975952,0.5893974483199418,0.0,0.0,-0.39106630640268575
2.856,0.6,0.6000007390975952,0.5893974483199418,0.0,0.0,-0.38856630343030246
2.857,0.6,0.6000007390975952,0.5893974483199418,0.0,0.0,-0.3860663004665812
2.858,0.6,0.6000006794929504,0.5893974483199418,0.0,0.0,-0.38356629751185467
2.859,0.6,0.6000006794929504,0.5893974483199418,0.0,0.0,-0.38106629456005847
2.86,0.6,0.6000006794929504,0.5893974483199418,0.0,0.0,-0.3785662916058082
2.861,0.6,0.6000006794929504,0.5893974483199418,0.0,0.0,-0.3760662886443555
2.862,0.6,0.60000079870224,0.5893974483199418,0.0,0.0,-0.37356628567154987
2.863,0.6,0.6000007390975952,0.5893974483199418,0.0,0.0,-0.37106628269721487
2.864,0.6,0.6000006794929504,0.5893974483199418,0.0,0.0,-0.36856627972421974
2.865,0.6,0.6000007390975952,0.5893974483199418,0.0,0.0,-0.3660662767488812
2.866,0.6,0.6000007390975952,0.5893974483199418,0.0,0.0,-0.36356627377475426
2.867,0.6,0.6000007390975952,0.5893974483199418,0.0,0.0,-0.3610662708055062
2.868,0.6,0.6000006794929504,0.5893974483199418,0.0,0.0,-0.3585662678449089
2.869,0.6,0.6000007390975952,0.5893974483199418,0.0,0.0,-0.35606626489012666
2.87,0.6,0.6000006198883057,0.5893974483199418,0.0,0.0,-0.3535662619455092
2.871,0.6,0.6000006198883057,0.5893974483199418,0.0,0.0,-0.3510662590020563
2.872,0.6,0.6000006794929504,0.5893974483199418,0.0,0.0,-0.34856625605160085
2.873,0.6,0.6000007390975952,0.5893974483199418,0.0,0.0,-0.34606625309346356
2.874,0.6,0.60000079870224,0.5893974483199418,0.0,0.0,-0.3435662501340193
2.875,0.6,0.6000006794929504,0.5893974483199418,0.0,0.0,-0.34106624718628664
2.876,0.6,0.6000006794929504,0.5893974483199418,0.0,0.0,-0.33856624424942644
2.8770000000000002,0.6,0.6000006198883057,0.5893974483199418,0.0,0.0,-0.3360662413229552
2.878,0.6,0.6000007390975952,0.5893974483199418,0.0,0.0,-0.3335662384000171
2.879,0.6,0.6000007390975952,0.5893974483199418,0.0,0.0,-0.33106623548787034
2.88,0.6,0.6000006794929504,0.5893974483199418,0.0,0.0,-0.32856623259365636
2.8810000000000002,0.6,0.6000006794929504,0.5893974483199418,0.0,0.0,-0.32606622971770055
2.882,0.6,0.6000006794929504,0.5893974483199418,0.0,0.0,-0.32356622686061176
2.883,0.6,0.6000006794929504,0.5893974483199418,0.0,0.0,-0.3210662240232665
2.884,0.6,0.6000006794929504,0.5893974483199418,0.0,0.0,-0.3185662212067904
2.8850000000000002,0.6,0.6000006198883057,0.5893974483199418,0.0,0.0,-0.3160662184125444
2.886,0.6,0.6000006198883057,0.5893974483199418,0.0,0.0,-0.31356621563540266
2.887,0.6,0.6000006794929504,0.5893974483199418,0.0,0.0,-0.31106621287083314
2.888,0.6,0.6000006794929504,0.5893974483199418,0.0,0.0,-0.308566210121568
2.8890000000000002,0.6,0.6000006198883057,0.5893974483199418,0.0,0.0,-0.3060662073904743
2.89,0.6,0.6000006794929504,0.5893974483199418,0.0,0.0,-0.3035662046738407
2.891,0.6,0.6000006198883057,0.5893974483199418,0.0,0.0,-0.30106620197516815
2.892,0.6,0.6000006198883057,0.5893974483199418,0.0,0.0,-0.2985661992913397
2.8930000000000002,0.6,0.6000005602836609,0.5893974483199418,0.0,0.0,-0.29606619661970823
2.894,0.6,0.6000005602836609,0.5893974483199418,0.0,0.0,-0.2935661939513611
2.895,0.6,0.6000006198883057,0.5893974483199418,0.0,0.0,-0.2910661912781863
2.896,0.6,0.6000006198883057,0.5893974483199418,0.0,0.0,-0.28856618859953015
2.8970000000000002,0.6,0.6000005602836609,0.5893974483199418,0.0,0.0,-0.28606618591505767
2.898,0.6,0.6000006198883057,0.5893974483199418,0.0,0.0,-0.2835661832180257
2.899,0.6,0.6000006198883057,0.5893974483199418,0.0,0.0,-0.2810661805090648
2.9,0.6,0.6000006794929504,0.5893974483199418,0.0,0.0,-0.2785661777890456
2.9010000000000002,0.6,0.6000006198883057,0.5893974483199418,0.0,0.0,-0.2760661750657687
2.902,0.6,0.6000006794929504,0.5893974483199418,0.0,0.0,-0.27356617234015235
2.903,0.6,0.6000006794929504,0.5893974483199418,0.0,0.0,-0.27106616962004226
2.904,0.6,0.6000005602836609,0.5893974483199418,0.0,0.0,-0.2685661669131046
2.9050000000000002,0.6,0.6000006198883057,0.5893974483199418,0.0,0.0,-0.2660661642134239
2.906,0.6,0.6000005602836609,0.5893974483199418,0.0,0.0,-0.26356616152240725
2.907,0.6,0.6000005602836609,0.5893974483199418,0.0,0.0,-0.26106615883494577
2.908,0.6,0.6000006198883057,0.5893974483199418,0.0,0.0,-0.25856615614649725
2.9090000000000003,0.6,0.6000006198883057,0.5893974483199418,0.0,0.0,-0.2560661534597571
2.91,0.6,0.6000006794929504,0.5893974483199418,0.0,0.0,-0.2535661507775325
2.911,0.6,0.6000006198883057,0.5893974483199418,0.0,0.0,-0.2510661481094418
2.912,0.6,0.6000006198883057,0.5893974483199418,0.0,0.0,-0.24856614545810712
2.9130000000000003,0.6,0.6000006794929504,0.5893974483199418,0.0,0.0,-0.24606614282626707
2.914,0.6,0.6000006198883057,0.5893974483199418,0.0,0.0,-0.2435661402234749
2.915,0.6,0.6000006198883057,0.5893974483199418,0.0,0.0,-0.24106613765229198
2.916,0.6,0.6000005602836609,0.5893974483199418,0.0,0.0,-0.23856613511539893
2.9170000000000003,0.6,0.6000005602836609,0.5893974483199418,0.0,0.0,-0.23606613260888118
2.918,0.6,0.6000006198883057,0.5893974483199418,0.0,0.0,-0.2335661301293167
2.919,0.6,0.6000005602836609,0.5893974483199418,0.0,0.0,-0.23106612768045115
2.92,0.6,0.6000005602836609,0.5893974483199418,0.0,0.0,-0.22856612525937017
2.9210000000000003,0.6,0.6000005602836609,0.5893974483199418,0.0,0.0,-0.22606612286358943
2.922,0.6,0.6000005602836609,0.5893974483199418,0.0,0.0,-0.2235661204910287
2.923,0.6,0.6000005602836609,0.5893974483199418,0.0,0.0,-0.22106611813998664
2.924,0.6,0.6000005602836609,0.5893974483199418,0.0,0.0,-0.21856611580911744
2.9250000000000003,0.6,0.6000006198883057,0.5893974483199418,0.0,0.0,-0.21606611349740915
2.926,0.6,0.6000005602836609,0.5893974483199418,0.0,0.0,-0.2135661112108696
2.927,0.6,0.6000005602836609,0.5893974483199418,0.0,0.0,-0.21106610894870642
2.928,0.6,0.6000005602836609,0.5893974483199418,0.0,0.0,-0.20856610671042694
2.9290000000000003,0.6,0.6000005602836609,0.5893974483199418,0.0,0.0,-0.20606610449581958
2.93,0.6,0.6000005006790161,0.5893974483199418,0.0,0.0,-0.20356610230493655
2.931,0.6,0.6000005006790161,0.5893974483199418,0.0,0.0,-0.2010661001313706
2.932,0.6,0.6000006198883057,0.5893974483199418,0.0,0.0,-0.19856609796933392
2.9330000000000003,0.6,0.6000005602836609,0.5893974483199418,0.0,0.0,-0.19606609582703327
2.934,0.6,0.6000004410743713,0.5893974483199418,0.0,0.0,-0.1935660937057396
2.935,0.6,0.6000005006790161,0.5893974483199418,0.0,0.0,-0.19106609159348342
2.936,0.6,0.6000005602836609,0.5893974483199418,0.0,0.0,-0.18856608948593775
2.9370000000000003,0.6,0.6000005602836609,0.5893974483199418,0.0,0.0,-0.1860660873859731
2.938,0.6,0.6000005006790161,0.5893974483199418,0.0,0.0,-0.18356608529653407
2.939,0.6,0.6000005006790161,0.5893974483199418,0.0,0.0,-0.18106608321392814
2.94,0.6,0.6000005006790161,0.5893974483199418,0.0,0.0,-0.1785660811349145
2.9410000000000003,0.6,0.6000005006790161,0.5893974483199418,0.0,0.0,-0.176066079056677
2.942,0.6,0.6000004410743713,0.5893974483199418,0.0,0.0,-0.17356607697679757
2.943,0.6,0.6000005006790161,0.5893974483199418,0.0,0.0,-0.17106607488652512
2.944,0.6,0.6000005006790161,0.5893974483199418,0.0,0.0,-0.1685660727845531
2.945,0.6,0.6000005006790161,0.5893974483199418,0.0,0.0,-0.1660660706698802
2.946,0.6,0.6000004410743713,0.5893974483199418,0.0,0.0,-0.1635660685417916
2.947,0.6,0.6000004410743713,0.5893974483199418,0.0,0.0,-0.1610660663931348
2.948,0.6,0.6000005006790161,0.5893974483199418,0.0,0.0,-0.15856606421739686
2.949,0.6,0.6000005006790161,0.5893974483199418,0.0,0.0,-0.15606606201537135
2.95,0.6,0.6000005602836609,0.5893974483199418,0.0,0.0,-0.15356605978802793
2.951,0.6,0.6000005602836609,0.5893974483199418,0.0,0.0,-0.1510660575432081
2.952,0.6,0.6000005602836609,0.5893974483199418,0.0,0.0,-0.14856605528852102
2.953,0.6,0.6000005602836609,0.5893974483199418,0.0,0.0,-0.14606605303135778
2.954,0.6,0.6000005602836609,0.5893974483199418,0.0,0.0,-0.1435660507789048
2.955,0.6,0.6000005602836609,0.5893974483199418,0.0,0.0,-0.1410660485381562
2.956,0.6,0.6000006198883057,0.5893974483199418,0.0,0.0,-0.13856604631592537
2.957,0.6,0.6000005006790161,0.5893974483199418,0.0,0.0,-0.13606604412556275
2.958,0.6,0.6000005602836609,0.5893974483199418,0.0,0.0,-0.13356604196645916
2.959,0.6,0.6000005006790161,0.5893974483199418,0.0,0.0,-0.1310660398449734
2.96,0.6,0.6000005602836609,0.5893974483199418,0.0,0.0,-0.12856603776061562
2.961,0.6,0.6000005006790161,0.5893974483199418,0.0,0.0,-0.12606603571985642
2.962,0.6,0.6000004410743713,0.5893974483199418,0.0,0.0,-0.12356603372231081
2.963,0.6,0.6000004410743713,0.5893974483199418,0.0,0.0,-0.1210660317611345
2.964,0.6,0.6000003814697266,0.5893974483199418,0.0,0.0,-0.11856602983010224
2.965,0.6,0.6000004410743713,0.5893974483199418,0.0,0.0,-0.11606602791686364
2.966,0.6,0.6000004410743713,0.5893974483199418,0.0,0.0,-0.11356602601670725
2.967,0.6,0.6000004410743713,0.5893974483199418,0.0,0.0,-0.11106602412540952
2.968,0.6,0.6000005006790161,0.5893974483199418,0.0,0.0,-0.1085660222392053
2.969,0.6,0.6000003814697266,0.5893974483199418,0.0,0.0,-0.10606602036146566
2.97,0.6,0.6000005006790161,0.5893974483199418,0.0,0.0,-0.10356601848216496
2.971,0.6,0.6000003814697266,0.5893974483199418,0.0,0.0,-0.10106601660548012
2.972,0.6,0.6000004410743713,0.5893974483199418,0.0,0.0,-0.09856601472214187
2.973,0.6,0.6000004410743713,0.5893974483199418,0.0,0.0,-0.09606601283033023
2.974,0.6,0.6000004410743713,0.5893974483199418,0.0,0.0,-0.0935660109285356
2.975,0.6,0.6000004410743713,0.5893974483199418,0.0,0.0,-0.09106600901553939
2.976,0.6,0.6000004410743713,0.5893974483199418,0.0,0.0,-0.08856600709039611
2.977,0.6,0.6000004410743713,0.5893974483199418,0.0,0.0,-0.08606600515241675
2.978,0.6,0.6000004410743713,0.5893974483199418,0.0,0.0,-0.08356600320115261
2.979,0.6,0.6000005006790161,0.5893974483199418,0.0,0.0,-0.08106600123638087
2.98,0.6,0.6000005006790161,0.5893974483199418,0.0,0.0,-0.07856599926479696
2.981,0.6,0.6000005602836609,0.5893974483199418,0.0,0.0,-0.07606599729290776
2.982,0.6,0.6000004410743713,0.5893974483199418,0.0,0.0,-0.07356599533374977
2.983,0.6,0.6000004410743713,0.5893974483199418,0.0,0.0,-0.07106599338639304
2.984,0.6,0.6000005006790161,0.5893974483199418,0.0,0.0,-0.0685659914501624
2.985,0.6,0.6000005006790161,0.5893974483199418,0.0,0.0,-0.06606598953132836
2.986,0.6,0.6000004410743713,0.5893974483199418,0.0,0.0,-0.06356598763599869
2.987,0.6,0.6000004410743713,0.5893974483199418,0.0,0.0,-0.061065985763421565
2.988,0.6,0.6000003814697266,0.5893974483199418,0.0,0.0,-0.05856598391308891
2.989,0.6,0.6000004410743713,0.5893974483199418,0.0,0.0,-0.05606598207801467
2.99,0.6,0.6000004410743713,0.5893974483199418,0.0,0.0,-0.053565980258520954
2.991,0.6,0.6000004410743713,0.5893974483199418,0.0,0.0,-0.05106597845510733
2.992,0.6,0.6000004410743713,0.5893974483199418,0.0,0.0,-0.04856597666843993
2.993,0.6,0.6000004410743713,0.5893974483199418,0.0,0.0,-0.046065974899341194
2.994,0.6,0.6000005006790161,0.5893974483199418,0.0,0.0,-0.043565973148780066
2.995,0.6,0.6000004410743713,0.5893974483199418,0.0,0.0,-0.041065971424569574
2.996,0.6,0.6000004410743713,0.5893974483199418,0.0,0.0,-0.03856596972755806
2.997,0.6,0.6000003218650818,0.5893974483199418,0.0,0.0,-0.036065968058738636
2.998,0.6,0.6000003218650818,0.5893974483199418,0.0,0.0,-0.03356596640582718
2.999,0.6,0.6000004410743713,0.5893974483199418,0.0,0.0,-0.031065964757441365
3.0,0.6,0.6000003814697266,0.5893974483199418,0.0,0.0,-0.028565963116458315
3.001,0.6,0.6000003814697266,0.5893974483199418,0.0,0.0,-0.026065961479068644
3.0020000000000002,0.6,0.6000003814697266,0.5893974483199418,0.0,0.0,-0.023565959841868957
3.003,0.6,0.6000003218650818,0.5893974483199418,0.0,0.0,-0.021065958201836817
3.004,0.6,0.6000003218650818,0.5893974483199418,0.0,0.0,-0.018565956549600755
3.005,0.6,0.6000003814697266,0.5893974483199418,0.0,0.0,-0.016065954876512075
3.0060000000000002,0.6,0.6000003218650818,0.5893974483199418,0.0,0.0,-0.013565953181306892
3.007,0.6,0.6000004410743713,0.5893974483199418,0.0,0.0,-0.011065951456264284
3.008,0.6,0.6000005006790161,0.5893974483199418,0.0,0.0,-0.008565949707697678
3.009,0.6,0.6000005006790161,0.5893974483199418,0.0,0.0,-0.006065947948435746
3.0100000000000002,0.6,0.6000004410743713,0.5893974483199418,0.0,0.0,-0.003565946190740411
3.011,0.6,0.6000003814697266,0.5893974483199418,0.0,0.0,-0.0010659444396349882
3.012,0.6,0.6000005006790161,0.5893974483199418,0.0,0.0,0.0014340573066760635
3.013,0.6,0.6000003814697266,0.5893974483199418,0.0,0.0,0.003934059036293571
3.0140000000000002,0.6,0.6000004410743713,0.5893974483199418,0.0,0.0,0.006434060751241441
3.015,0.6,0.6000003218650818,0.5893974483199418,0.0,0.0,0.00893406244654154
3.016,0.6,0.6000004410743713,0.5893974483199418,0.0,0.0,0.01143406413073859
3.017,0.6,0.6000004410743713,0.5893974483199418,0.0,0.0,0.013934065798293096
3.0180000000000002,0.6,0.6000003814697266,0.5893974483199418,0.0,0.0,0.01643406744380998
3.019,0.6,0.6000003814697266,0.5893974483199418,0.0,0.0,0.018934069068736268
3.02,0.6,0.6000003814697266,0.5893974483199418,0.0,0.0,0.021434070674259204
3.021,0.6,0.6000003814697266,0.5893974483199418,0.0,0.0,0.02393407226132221
3.0220000000000002,0.6,0.6000003814697266,0.5893974483199418,0.0,0.0,0.02643407383063993
3.023,0.6,0.6000003814697266,0.5893974483199418,0.0,0.0,0.02893407538271228
3.024,0.6,0.6000003814697266,0.5893974483199418,0.0,0.0,0.031434076917837735
3.025,0.6,0.6000003814697266,0.5893974483199418,0.0,0.0,0.03393407843612577
3.0260000000000002,0.6,0.6000003814697266,0.5893974483199418,0.0,0.0,0.03643407993750843
3.027,0.6,0.6000003814697266,0.5893974483199418,0.0,0.0,0.03893408142175137
3.028,0.6,0.6000003814697266,0.5893974483199418,0.0,0.0,0.04143408288846406
3.029,0.6,0.6000003814697266,0.5893974483199418,0.0,0.0,0.04393408433710945
3.0300000000000002,0.6,0.6000003218650818,0.5893974483199418,0.0,0.0,0.04643408576701303
3.031,0.6,0.6000003218650818,0.5893974483199418,0.0,0.0,0.048934087184077886
3.032,0.6,0.600000262260437,0.5893974483199418,0.0,0.0,0.05143408859369887
3.033,0.6,0.6000003218650818,0.5893974483199418,0.0,0.0,0.05393409000750043
3.0340000000000003,0.6,0.6000003814697266,0.5893974483199418,0.0,0.0,0.05643409142956568
3.035,0.6,0.600000262260437,0.5893974483199418,0.0,0.0,0.05893409285687485
3.036,0.6,0.6000003814697266,0.5893974483199418,0.0,0.0,0.06143409429983635
3.037,0.6,0.6000003218650818,0.5893974483199418,0.0,0.0,0.06393409575468556
3.0380000000000003,0.6,0.6000003814697266,0.5893974483199418,0.0,0.0,0.06643409722442531
3.039,0.6,0.6000004410743713,0.5893974483199418,0.0,0.0,0.06893409870502205
3.04,0.6,0.6000003814697266,0.5893974483199418,0.0,0.0,0.07143410018581332
3.041,0.6,0.6000003814697266,0.5893974483199418,0.0,0.0,0.07393410166330328
3.0420000000000003,0.6,0.6000003814697266,0.5893974483199418,0.0,0.0,0.07643410313404074
3.043,0.6,0.6000003218650818,0.5893974483199418,0.0,0.0,0.0789341045946167
3.044,0.6,0.6000003814697266,0.5893974483199418,0.0,0.0,0.08143410604836816
3.045,0.6,0.600000262260437,0.5893974483199418,0.0,0.0,0.08393410749157557
3.0460000000000003,0.6,0.6000003218650818,0.5893974483199418,0.0,0.0,0.08643410893399119
3.047,0.6,0.6000003218650818,0.5893974483199418,0.0,0.0,0.08893411037794154
3.048,0.6,0.600000262260437,0.5893974483199418,0.0,0.0,0.09143411182546524
3.049,0.6,0.6000003218650818,0.5893974483199418,0.0,0.0,0.0939341132850373
3.0500000000000003,0.6,0.6000003814697266,0.5893974483199418,0.0,0.0,0.09643411475778566
3.051,0.6,0.6000003218650818,0.5893974483199418,0.0,0.0,0.09893411623791744
3.052,0.6,0.6000003814697266,0.5893974483199418,0.0,0.0,0.10143411772653241
3.053,0.6,0.6000003814697266,0.5893974483199418,0.0,0.0,0.10393411921781176
3.0540000000000003,0.6,0.6000004410743713,0.5893974483199418,0.0,0.0,0.10643412070612435
3.055,0.6,0.6000003814697266,0.5893974483199418,0.0,0.0,0.10893412217930913
3.056,0.6,0.6000003218650818,0.5893974483199418,0.0,0.0,0.11143412363246437
3.057,0.6,0.600000262260437,0.5893974483199418,0.0,0.0,0.11393412506752679
3.0580000000000003,0.6,0.6000003218650818,0.5893974483199418,0.0,0.0,0.1164341264928762
3.059,0.6,0.6000003218650818,0.5893974483199418,0.0,0.0,0.11893412790955168
3.06,0.6,0.6000003814697266,0.5893974483199418,0.0,0.0,0.12143412931838392
3.061,0.6,0.600000262260437,0.5893974483199418,0.0,0.0,0.12393413071330193
3.0620000000000003,0.6,0.6000003218650818,0.5893974483199418,0.0,0.0,0.12643413210185148
3.063,0.6,0.6000003218650818,0.5893974483199418,0.0,0.0,0.12893413348428895
3.064,0.6,0.6000003218650818,0.5893974483199418,0.0,0.0,0.13143413486071068
3.065,0.6,0.6000003814697266,0.5893974483199418,0.0,0.0,0.13393413623106307
3.0660000000000003,0.6,0.6000003218650818,0.5893974483199418,0.0,0.0,0.13643413758844494
3.067,0.6,0.6000003814697266,0.5893974483199418,0.0,0.0,0.13893413893291687
3.068,0.6,0.6000003218650818,0.5893974483199418,0.0,0.0,0.141434140257685
3.069,0.6,0.6000003218650818,0.5893974483199418,0.0,0.0,0.14393414156291087
3.0700000000000003,0.6,0.6000003814697266,0.5893974483199418,0.0,0.0,0.14643414284860187
3.071,0.6,0.6000003218650818,0.5893974483199418,0.0,0.0,0.14893414410791472
3.072,0.6,0.6000003218650818,0.5893974483199418,0.0,0.0,0.15143414534096455
3.073,0.6,0.6000003218650818,0.5893974483199418,0.0,0.0,0.15393414654771548
3.074,0.6,0.6000003218650818,0.5893974483199418,0.0,0.0,0.1564341477279903
3.075,0.6,0.6000002026557922,0.5893974483199418,0.0,0.0,0.15893414888147905
3.076,0.6,0.600000262260437,0.5893974483199418,0.0,0.0,0.1614341500211601
3.077,0.6,0.600000262260437,0.5893974483199418,0.0,0.0,0.16393415115241433
3.078,0.6,0.600000262260437,0.5893974483199418,0.0,0.0,0.16643415228017303
3.079,0.6,0.600000262260437,0.5893974483199418,0.0,0.0,0.16893415340894577
3.08,0.6,0.600000262260437,0.5893974483199418,0.0,0.0,0.17143415454284666
3.081,0.6,0.6000003218650818,0.5893974483199418,0.0,0.0,0.17393415568561787
3.082,0.6,0.600000262260437,0.5893974483199418,0.0,0.0,0.1764341568339469
3.083,0.6,0.6000002026557922,0.5893974483199418,0.0,0.0,0.17893415799128712
3.084,0.6,0.6000003218650818,0.5893974483199418,0.0,0.0,0.18143415916746822
3.085,0.6,0.6000003218650818,0.5893974483199418,0.0,0.0,0.18393416035820864
3.086,0.6,0.6000003218650818,0.5893974483199418,0.0,0.0,0.18643416155934667
3.087,0.6,0.6000002026557922,0.5893974483199418,0.0,0.0,0.18893416276683267
3.088,0.6,0.600000262260437,0.5893974483199418,0.0,0.0,0.19143416399013563
3.089,0.6,0.6000003218650818,0.5893974483199418,0.0,0.0,0.1939341652313425
3.09,0.6,0.6000003218650818,0.5893974483199418,0.0,0.0,0.19643416648558698
3.091,0.6,0.600000262260437,0.5893974483199418,0.0,0.0,0.19893416774815836
3.092,0.6,0.6000003218650818,0.5893974483199418,0.0,0.0,0.2014341690211989
3.093,0.6,0.6000003218650818,0.5893974483199418,0.0,0.0,0.20393417029989408
3.094,0.6,0.6000003218650818,0.5893974483199418,0.0,0.0,0.20643417157958216
3.095,0.6,0.6000003218650818,0.5893974483199418,0.0,0.0,0.20893417285574442
3.096,0.6,0.6000003814697266,0.5893974483199418,0.0,0.0,0.21143417412399712
3.097,0.6,0.600000262260437,0.5893974483199418,0.0,0.0,0.21393417537337597
3.098,0.6,0.6000003218650818,0.5893974483199418,0.0,0.0,0.21643417660683592
3.099,0.6,0.6000002026557922,0.5893974483199418,0.0,0.0,0.2189341778203255
3.1,0.6,0.600000262260437,0.5893974483199418,0.0,0.0,0.22143417902331283
3.101,0.6,0.600000262260437,0.5893974483199418,0.0,0.0,0.22393418021788436
3.102,0.6,0.600000262260437,0.5893974483199418,0.0,0.0,0.22643418140588067
3.103,0.6,0.600000262260437,0.5893974483199418,0.0,0.0,0.2289341825889115
3.104,0.6,0.600000262260437,0.5893974483199418,0.0,0.0,0.23143418376836952
3.105,0.6,0.600000262260437,0.5893974483199418,0.0,0.0,0.23393418494544416
3.106,0.6,0.600000262260437,0.5893974483199418,0.0,0.0,0.23643418612113412
3.107,0.6,0.600000262260437,0.5893974483199418,0.0,0.0,0.23893418729625837
3.108,0.6,0.6000003218650818,0.5893974483199418,0.0,0.0,0.24143418847146858
3.109,0.6,0.600000262260437,0.5893974483199418,0.0,0.0,0.24393418964055152
3.11,0.6,0.600000262260437,0.5893974483199418,0.0,0.0,0.24643419080424014
3.111,0.6,0.6000003218650818,0.5893974483199418,0.0,0.0,0.24893419196310407
3.112,0.6,0.6000003218650818,0.5893974483199418,0.0,0.0,0.25143419311085463
3.113,0.6,0.600000262260437,0.5893974483199418,0.0,0.0,0.2539341942414465
3.114,0.6,0.600000262260437,0.5893974483199418,0.0,0.0,0.25643419535577006
3.115,0.6,0.600000262260437,0.5893974483199418,0.0,0.0,0.2589341964545439
3.116,0.6,0.600000262260437,0.5893974483199418,0.0,0.0,0.26143419753832425
3.117,0.6,0.600000262260437,0.5893974483199418,0.0,0.0,0.26393419860751693
3.118,0.6,0.600000262260437,0.5893974483199418,0.0,0.0,0.2664341996623844
3.119,0.6,0.6000002026557922,0.5893974483199418,0.0,0.0,0.2689342007030565
3.12,0.6,0.6000003218650818,0.5893974483199418,0.0,0.0,0.2714342017362439
3.121,0.6,0.600000262260437,0.5893974483199418,0.0,0.0,0.27393420275473956
3.122,0.6,0.6000002026557922,0.5893974483199418,0.0,0.0,0.2764342037583439
3.123,0.6,0.600000262260437,0.5893974483199418,0.0,0.0,0.27893420475345854
3.124,0.6,0.6000002026557922,0.5893974483199418,0.0,0.0,0.2814342057392934
3.125,0.6,0.6000002026557922,0.5893974483199418,0.0,0.0,0.28393420672169595
3.126,0.6,0.6000002026557922,0.5893974483199418,0.0,0.0,0.28643420770606254
3.1270000000000002,0.6,0.600000262260437,0.5893974483199418,0.0,0.0,0.2889342086973653
3.128,0.6,0.6000003218650818,0.5893974483199418,0.0,0.0,0.2914342096934724
3.129,0.6,0.6000003218650818,0.5893974483199418,0.0,0.0,0.2939342106855592
3.13,0.6,0.600000262260437,0.5893974483199418,0.0,0.0,0.2964342116652012
3.1310000000000002,0.6,0.6000002026557922,0.5893974483199418,0.0,0.0,0.2989342126310562
3.132,0.6,0.6000002026557922,0.5893974483199418,0.0,0.0,0.3014342135884543
3.133,0.6,0.600000262260437,0.5893974483199418,0.0,0.0,0.30393421454230585
3.134,0.6,0.6000002026557922,0.5893974483199418,0.0,0.0,0.3064342154904211
3.1350000000000002,0.6,0.6000002026557922,0.5893974483199418,0.0,0.0,0.3089342164373345
3.136,0.6,0.6000002026557922,0.5893974483199418,0.0,0.0,0.3114342173872096
3.137,0.6,0.6000002026557922,0.5893974483199418,0.0,0.0,0.3139342183438628
3.138,0.6,0.6000001430511475,0.5893974483199418,0.0,0.0,0.3164342193107835
3.1390000000000002,0.6,0.6000003218650818,0.5893974483199418,0.0,0.0,0.3189342202978617
3.14,0.6,0.600000262260437,0.5893974483199418,0.0,0.0,0.3214342212941926
3.141,0.6,0.600000262260437,0.5893974483199418,0.0,0.0,0.3239342222961065
3.142,0.6,0.6000002026557922,0.5893974483199418,0.0,0.0,0.32643422330004257
3.1430000000000002,0.6,0.6000002026557922,0.5893974483199418,0.0,0.0,0.32893422430924824
3.144,0.6,0.6000003218650818,0.5893974483199418,0.0,0.0,0.33143422532667977
3.145,0.6,0.600000262260437,0.5893974483199418,0.0,0.0,0.33393422634160697
3.146,0.6,0.600000262260437,0.5893974483199418,0.0,0.0,0.336434227350524
3.1470000000000002,0.6,0.600000262260437,0.5893974483199418,0.0,0.0,0.33893422835002357
3.148,0.6,0.6000003218650818,0.5893974483199418,0.0,0.0,0.3414342293367919
3.149,0.6,0.6000002026557922,0.5893974483199418,0.0,0.0,0.34393423030089504
3.15,0.6,0.6000001430511475,0.5893974483199418,0.0,0.0,0.3464342312462816
3.1510000000000002,0.6,0.600000262260437,0.5893974483199418,0.0,0.0,0.348934232183273
3.152,0.6,0.6000002026557922,0.5893974483199418,0.0,0.0,0.3514342331080761
3.153,0.6,0.600000262260437,0.5893974483199418,0.0,0.0,0.35393423402372176
3.154,0.6,0.600000262260437,0.5893974483199418,0.0,0.0,0.3564342349262562
3.1550000000000002,0.6,0.6000002026557922,0.5893974483199418,0.0,0.0,0.3589342358118526
3.156,0.6,0.6000002026557922,0.5893974483199418,0.0,0.0,0.3614342366835094
3.157,0.6,0.6000002026557922,0.5893974483199418,0.0,0.0,0.36393423754394966
3.158,0.6,0.6000002026557922,0.5893974483199418,0.0,0.0,0.3664342383956376
3.1590000000000003,0.6,0.6000002026557922,0.5893974483199418,0.0,0.0,0.36893423924079527
3.16,0.6,0.6000002026557922,0.5893974483199418,0.0,0.0,0.37143424008141607
3.161,0.6,0.6000002026557922,0.5893974483199418,0.0,0.0,0.37393424091928074
3.162,0.6,0.6000002026557922,0.5893974483199418,0.0,0.0,0.37643424175596857
3.1630000000000003,0.6,0.6000002026557922,0.5893974483199418,0.0,0.0,0.3789342425928711
3.164,0.6,0.6000002026557922,0.5893974483199418,0.0,0.0,0.3814342434312026
3.165,0.6,0.6000002026557922,0.5893974483199418,0.0,0.0,0.38393424427201206
3.166,0.6,0.6000002026557922,0.5893974483199418,0.0,0.0,0.3864342451161929
3.1670000000000003,0.6,0.6000002026557922,0.5893974483199418,0.0,0.0,0.38893424596449166
3.168,0.6,0.6000002026557922,0.5893974483199418,0.0,0.0,0.39143424681751904
3.169,0.6,0.600000262260437,0.5893974483199418,0.0,0.0,0.39393424767575674
3.17,0.6,0.6000002026557922,0.5893974483199418,0.0,0.0,0.3964342485328585
3.1710000000000003,0.6,0.6000002026557922,0.5893974483199418,0.0,0.0,0.39893424938945965
3.172,0.6,0.6000002026557922,0.5893974483199418,0.0,0.0,0.4014342502460647
3.173,0.6,0.6000001430511475,0.5893974483199418,0.0,0.0,0.4039342511030566
3.174,0.6,0.6000001430511475,0.5893974483199418,0.0,0.0,0.4064342519674105
3.1750000000000003,0.6,0.6000001430511475,0.5893974483199418,0.0,0.0,0.40893425284560636
3.176,0.6,0.600000262260437,0.5893974483199418,0.0,0.0,0.4114342537436603
3.177,0.6,0.6000002026557922,0.5893974483199418,0.0,0.0,0.41393425465373934
3.178,0.6,0.6000001430511475,0.5893974483199418,0.0,0.0,0.41643425557508346
3.1790000000000003,0.6,0.6000002026557922,0.5893974483199418,0.0,0.0,0.41893425651359356
3.18,0.6,0.600000262260437,0.5893974483199418,0.0,0.0,0.42143425746803614
3.181,0.6,0.6000002026557922,0.5893974483199418,0.0,0.0,0.4239342584304563
3.182,0.6,0.600000262260437,0.5893974483199418,0.0,0.0,0.42643425939997814
3.1830000000000003,0.6,0.600000262260437,0.5893974483199418,0.0,0.0,0.4289342603689826
3.184,0.6,0.6000002026557922,0.5893974483199418,0.0,0.0,0.43143426133020313
3.185,0.6,0.6000002026557922,0.5893974483199418,0.0,0.0,0.4339342622834103
3.186,0.6,0.6000002026557922,0.5893974483199418,0.0,0.0,0.4364342632282989
3.1870000000000003,0.6,0.600000262260437,0.5893974483199418,0.0,0.0,0.43893426416449116
3.188,0.6,0.6000002026557922,0.5893974483199418,0.0,0.0,0.4414342650848355
3.189,0.6,0.6000001430511475,0.5893974483199418,0.0,0.0,0.44393426598921126
3.19,0.6,0.600000262260437,0.5893974483199418,0.0,0.0,0.44643426688412097
3.1910000000000003,0.6,0.600000262260437,0.5893974483199418,0.0,0.0,0.448934267762189
3.192,0.6,0.6000002026557922,0.5893974483199418,0.0,0.0,0.45143426861637803
3.193,0.6,0.6000002026557922,0.5893974483199418,0.0,0.0,0.4539342694466737
3.194,0.6,0.6000001430511475,0.5893974483199418,0.0,0.0,0.4564342702529727
3.1950000000000003,0.6,0.6000002026557922,0.5893974483199418,0.0,0.0,0.45893427104179396
3.196,0.6,0.6000002026557922,0.5893974483199418,0.0,0.0,0.46143427181248475
3.197,0.6,0.6000002026557922,0.5893974483199418,0.0,0.0,0.46393427256434117
3.198,0.6,0.600000262260437,0.5893974483199418,0.0,0.0,0.466434273296613
3.1990000000000003,0.6,0.6000001430511475,0.5893974483199418,0.0,0.0,0.46893427400179866
3.2,0.6,0.6000001430511475,0.5893974483199418,0.0,0.0,0.47143427468615673
3.201,0.6,0.6000001430511475,0.5893974483199418,0.0,0.0,0.47393427535549487
3.202,0.6,0.6000001430511475,0.5893974483199418,0.0,0.0,0.4764342760151987
3.203,0.6,0.6000001430511475,0.5893974483199418,0.0,0.0,0.47893427667025845
3.204,0.6,0.6000001430511475,0.5893974483199418,0.0,0.0,0.48143427732529187
3.205,0.6,0.6000002026557922,0.5893974483199418,0.0,0.0,0.4839342779845679
3.206,0.6,0.6000001430511475,0.5893974483199418,0.0,0.0,0.486434278645321
3.207,0.6,0.6000001430511475,0.5893974483199418,0.0,0.0,0.4889342793115724
3.208,0.6,0.6000001430511475,0.5893974483199418,0.0,0.0,0.4914342799870311
3.209,0.6,0.6000002026557922,0.5893974483199418,0.0,0.0,0.49393428067511214
3.21,0.6,0.6000001430511475,0.5893974483199418,0.0,0.0,0.4964342813722497
3.211,0.6,0.6000001430511475,0.5893974483199418,0.0,0.0,0.49893428208171303
3.212,0.6,0.6000002026557922,0.5893974483199418,0.0,0.0,0.5014342828065055
3.213,0.6,0.6000002026557922,0.5893974483199418,0.0,0.0,0.5039342835426739
3.214,0.6,0.6000002026557922,0.5893974483199418,0.0,0.0,0.5064342842864182
3.215,0.6,0.6000002026557922,0.5893974483199418,0.0,0.0,0.508934285034082
3.216,0.6,0.6000002026557922,0.5893974483199418,0.0,0.0,0.5114342857821423
3.217,0.6,0.6000002026557922,0.5893974483199418,0.0,0.0,0.5139342865272041
3.218,0.6,0.6000002026557922,0.5893974483199418,0.0,0.0,0.5164342872659902
3.219,0.6,0.600000262260437,0.5893974483199418,0.0,0.0,0.5189342879953349
3.22,0.6,0.6000000834465027,0.5893974483199418,0.0,0.0,0.5214342887054714
3.221,0.6,0.6000001430511475,0.5893974483199418,0.0,0.0,0.5239342894072369
3.222,0.6,0.6000002026557922,0.5893974483199418,0.0,0.0,0.5264342901040568
3.223,0.6,0.6000001430511475,0.5893974483199418,0.0,0.0,0.5289342907923743
3.224,0.6,0.6000001430511475,0.5893974483199418,0.0,0.0,0.5314342914754687
3.225,0.6,0.6000001430511475,0.5893974483199418,0.0,0.0,0.5339342921563518
3.226,0.6,0.6000000834465027,0.5893974483199418,0.0,0.0,0.536434292837787
3.227,0.6,0.6000001430511475,0.5893974483199418,0.0,0.0,0.5389342935290075
3.228,0.6,0.6000001430511475,0.5893974483199418,0.0,0.0,0.5414342942319349
3.229,0.6,0.6000001430511475,0.5893974483199418,0.0,0.0,0.5439342949483065
3.23,0.6,0.6000001430511475,0.5893974483199418,0.0,0.0,0.5464342956796887
3.231,0.6,0.6000002026557922,0.5893974483199418,0.0,0.0,0.5489342964274863
3.232,0.6,0.6000002026557922,0.5893974483199418,0.0,0.0,0.5514342971862465
3.233,0.6,0.6000001430511475,0.5893974483199418,0.0,0.0,0.5539342979507622
3.234,0.6,0.6000001430511475,0.5893974483199418,0.0,0.0,0.5564342987227626
3.235,0.6,0.6000002026557922,0.5893974483199418,0.0,0.0,0.5589342995038061
3.236,0.6,0.6000002026557922,0.5893974483199418,0.0,0.0,0.5614343002885847
3.237,0.6,0.6000002026557922,0.5893974483199418,0.0,0.0,0.5639343010720255
3.238,0.6,0.6000002026557922,0.5893974483199418,0.0,0.0,0.5664343018492796
3.239,0.6,0.6000002026557922,0.5893974483199418,0.0,0.0,0.5689343026157047
3.24,0.6,0.600000262260437,0.5893974483199418,0.0,0.0,0.5714343033668557
3.241,0.6,0.6000002026557922,0.5893974483199418,0.0,0.0,0.5739343040917643
3.242,0.6,0.6000001430511475,0.5893974483199418,0.0,0.0,0.5764343047867277
3.243,0.6,0.6000001430511475,0.5893974483199418,0.0,0.0,0.578934305454889
3.244,0.6,0.6000001430511475,0.5893974483199418,0.0,0.0,0.5814343060991336
3.245,0.6,0.6000001430511475,0.5893974483199418,0.0,0.0,0.5839343067221044
3.246,0.6,0.6000000834465027,0.5893974483199418,0.0,0.0,0.5864343073262186
3.247,0.6,0.6000001430511475,0.5893974483199418,0.0,0.0,0.5889343079203871
3.248,0.6,0.6000001430511475,0.5893974483199418,0.0,0.0,0.5914343085062268
3.249,0.6,0.6000001430511475,0.5893974483199418,0.0,0.0,0.5939343090851907
3.25,0.6,0.6000002026557922,0.5893974483199418,0.0,0.0,0.5964343096585791
3.251,0.6,0.6000001430511475,0.5893974483199418,0.0,0.0,0.5989343102208412
3.2520000000000002,0.6,0.6000000834465027,0.5893974483199418,0.0,0.0,0.6014343107733843
3.253,0.6,0.6000000834465027,0.5893974483199418,0.0,0.0,0.6039343113241711
3.254,0.6,0.6000001430511475,0.5893974483199418,0.0,0.0,0.606434311880637
3.255,0.6,0.6000002026557922,0.5893974483199418,0.0,0.0,0.6089343124430133
3.2560000000000002,0.6,0.6000001430511475,0.5893974483199418,0.0,0.0,0.611434313004747
3.257,0.6,0.6000001430511475,0.5893974483199418,0.0,0.0,0.6139343135663053
3.258,0.6,0.6000002026557922,0.5893974483199418,0.0,0.0,0.6164343141280614
3.259,0.6,0.6000002026557922,0.5893974483199418,0.0,0.0,0.6189343146835956
3.2600000000000002,0.6,0.6000002026557922,0.5893974483199418,0.0,0.0,0.6214343152267935
3.261,0.6,0.6000000834465027,0.5893974483199418,0.0,0.0,0.623934315751827
3.262,0.6,0.6000001430511475,0.5893974483199418,0.0,0.0,0.626434316266551
3.263,0.6,0.6000002026557922,0.5893974483199418,0.0,0.0,0.6289343167715911
3.2640000000000002,0.6,0.6000001430511475,0.5893974483199418,0.0,0.0,0.6314343172607645
3.265,0.6,0.6000000834465027,0.5893974483199418,0.0,0.0,0.6339343177348853
3.266,0.6,0.6000000834465027,0.5893974483199418,0.0,0.0,0.6364343182013604
3.267,0.6,0.6000001430511475,0.5893974483199418,0.0,0.0,0.6389343186671035
3.2680000000000002,0.6,0.6000000238418579,0.5893974483199418,0.0,0.0,0.641434319131856
3.269,0.6,0.6000001430511475,0.5893974483199418,0.0,0.0,0.6439343196087257
3.27,0.6,0.6000001430511475,0.5893974483199418,0.0,0.0,0.646434320096587
3.271,0.6,0.6000000834465027,0.5893974483199418,0.0,0.0,0.6489343205943192
3.2720000000000002,0.6,0.6000001430511475,0.5893974483199418,0.0,0.0,0.6514343211075132
3.273,0.6,0.6000001430511475,0.5893974483199418,0.0,0.0,0.6539343216346715
3.274,0.6,0.6000001430511475,0.5893974483199418,0.0,0.0,0.6564343221743233
3.275,0.6,0.6000001430511475,0.5893974483199418,0.0,0.0,0.6589343227250245
3.2760000000000002,0.6,0.6000001430511475,0.5893974483199418,0.0,0.0,0.6614343232853562
3.277,0.6,0.6000001430511475,0.5893974483199418,0.0,0.0,0.663934323853922
3.278,0.6,0.6000001430511475,0.5893974483199418,0.0,0.0,0.6664343244293477
3.279,0.6,0.6000000834465027,0.5893974483199418,0.0,0.0,0.6689343250102797
3.2800000000000002,0.6,0.6000001430511475,0.5893974483199418,0.0,0.0,0.67143432560209
3.281,0.6,0.6000001430511475,0.5893974483199418,0.0,0.0,0.6739343262030751
3.282,0.6,0.6000001430511475,0.5893974483199418,0.0,0.0,0.676434326811572
3.283,0.6,0.6000001430511475,0.5893974483199418,0.0,0.0,0.6789343274259566
3.2840000000000003,0.6,0.6000001430511475,0.5893974483199418,0.0,0.0,0.6814343280446401
3.285,0.6,0.6000001430511475,0.5893974483199418,0.0,0.0,0.6839343286660678
3.286,0.6,0.6000001430511475,0.5893974483199418,0.0,0.0,0.6864343292887167
3.287,0.6,0.6000001430511475,0.5893974483199418,0.0,0.0,0.6889343299110937
3.2880000000000003,0.6,0.6000001430511475,0.5893974483199418,0.0,0.0,0.6914343305317333
3.289,0.6,0.6000002026557922,0.5893974483199418,0.0,0.0,0.693934331149197
3.29,0.6,0.6000001430511475,0.5893974483199418,0.0,0.0,0.6964343317553636
3.291,0.6,0.6000000834465027,0.5893974483199418,0.0,0.0,0.69893433234923
3.2920000000000003,0.6,0.6000001430511475,0.5893974483199418,0.0,0.0,0.701434332936496
3.293,0.6,0.6000001430511475,0.5893974483199418,0.0,0.0,0.7039343335157681
3.294,0.6,0.6000001430511475,0.5893974483199418,0.0,0.0,0.7064343340856728
3.295,0.6,0.6000002026557922,0.5893974483199418,0.0,0.0,0.708934334644859
3.2960000000000003,0.6,0.6000001430511475,0.5893974483199418,0.0,0.0,0.7114343351852876
3.297,0.6,0.6000000834465027,0.5893974483199418,0.0,0.0,0.7139343357060315
3.298,0.6,0.6000000834465027,0.5893974483199418,0.0,0.0,0.7164343362128645
3.299,0.6,0.6000001430511475,0.5893974483199418,0.0,0.0,0.7189343367111659
3.3000000000000003,0.6,0.6000002026557922,0.5893974483199418,0.0,0.0,0.721434337199241
3.301,0.6,0.6000000834465027,0.5893974483199418,0.0,0.0,0.7239343376687275
3.302,0.6,0.6000000834465027,0.5893974483199418,0.0,0.0,0.7264343381251025
3.303,0.6,0.6000000834465027,0.5893974483199418,0.0,0.0,0.7289343385734685
3.3040000000000003,0.6,0.6000001430511475,0.5893974483199418,0.0,0.0,0.731434339018575
3.305,0.6,0.6000000834465027,0.5893974483199418,0.0,0.0,0.7339343394581352
3.306,0.6,0.6000000834465027,0.5893974483199418,0.0,0.0,0.736434339896646
3.307,0.6,0.6000001430511475,0.5893974483199418,0.0,0.0,0.738934340338289
3.3080000000000003,0.6,0.6000000834465027,0.5893974483199418,0.0,0.0,0.7414343407802444
3.309,0.6,0.6000000834465027,0.5893974483199418,0.0,0.0,0.7439343412265079
3.31,0.6,0.6000000834465027,0.5893974483199418,0.0,0.0,0.7464343416807925
3.311,0.6,0.6000000834465027,0.5893974483199418,0.0,0.0,0.7489343421465434
3.3120000000000003,0.6,0.6000001430511475,0.5893974483199418,0.0,0.0,0.7514343426269562
3.313,0.6,0.6000002026557922,0.5893974483199418,0.0,0.0,0.7539343431182844
3.314,0.6,0.6000000834465027,0.5893974483199418,0.0,0.0,0.7564343436102429
3.315,0.6,0.6000001430511475,0.5893974483199418,0.0,0.0,0.7589343441065016
3.3160000000000003,0.6,0.6000000834465027,0.5893974483199418,0.0,0.0,0.7614343446037626
3.317,0.6,0.6000000834465027,0.5893974483199418,0.0,0.0,0.7639343451055709
3.318,0.6,0.6000001430511475,0.5893974483199418,0.0,0.0,0.7664343456152167
3.319,0.6,0.6000001430511475,0.5893974483199418,0.0,0.0,0.7689343461290435
3.3200000000000003,0.6,0.6000001430511475,0.5893974483199418,0.0,0.0,0.7714343466435556
3.321,0.6,0.6000002026557922,0.5893974483199418,0.0,0.0,0.7739343471554085
3.322,0.6,0.6000001430511475,0.5893974483199418,0.0,0.0,0.7764343476546945
3.323,0.6,0.6000000834465027,0.5893974483199418,0.0,0.0,0.7789343481387321
3.3240000000000003,0.6,0.6000002026557922,0.5893974483199418,0.0,0.0,0.7814343486116484
3.325,0.6,0.6000000238418579,0.5893974483199418,0.0,0.0,0.7839343490638654
3.326,0.6,0.6000000834465027,0.5893974483199418,0.0,0.0,0.7864343495064255
3.327,0.6,0.6000000834465027,0.5893974483199418,0.0,0.0,0.7889343499429734
3.3280000000000003,0.6,0.6000000834465027,0.5893974483199418,0.0,0.0,0.7914343503768898
3.329,0.6,0.6000000238418579,0.5893974483199418,0.0,0.0,0.7939343508113116
3.33,0.6,0.6000001430511475,0.5893974483199418,0.0,0.0,0.7964343512558504
3.331,0.6,0.6000000834465027,0.5893974483199418,0.0,0.0,0.7989343517061006
3.332,0.6,0.6000000834465027,0.5893974483199418,0.0,0.0,0.8014343521645709
3.333,0.6,0.6000000834465027,0.5893974483199418,0.0,0.0,0.8039343526335779
3.334,0.6,0.6000001430511475,0.5893974483199418,0.0,0.0,0.8064343531152569
3.335,0.6,0.6000001430511475,0.5893974483199418,0.0,0.0,0.8089343536048683
3.336,0.6,0.6000001430511475,0.5893974483199418,0.0,0.0,0.8114343540978999
3.337,0.6,0.6000000834465027,0.5893974483199418,0.0,0.0,0.8139343545900536
3.338,0.6,0.6000000834465027,0.5893974483199418,0.0,0.0,0.8164343550839392
3.339,0.6,0.6000001430511475,0.5893974483199418,0.0,0.0,0.8189343555819679
3.34,0.6,0.6000001430511475,0.5893974483199418,0.0,0.0,0.8214343560796583
3.341,0.6,0.6000002026557922,0.5893974483199418,0.0,0.0,0.8239343565727415
3.342,0.6,0.6000001430511475,0.5893974483199418,0.0,0.0,0.8264343570504405
3.343,0.6,0.6000001430511475,0.5893974483199418,0.0,0.0,0.8289343575092601
3.344,0.6,0.6000000834465027,0.5893974483199418,0.0,0.0,0.8314343579458572
3.345,0.6,0.6000001430511475,0.5893974483199418,0.0,0.0,0.8339343583637369
3.346,0.6,0.6000000834465027,0.5893974483199418,0.0,0.0,0.8364343587594453
3.347,0.6,0.6000000834465027,0.5893974483199418,0.0,0.0,0.838934359136384
3.348,0.6,0.6000000238418579,0.5893974483199418,0.0,0.0,0.8414343594977083
3.349,0.6,0.6000000238418579,0.5893974483199418,0.0,0.0,0.8439343598530479
3.35,0.6,0.6000000238418579,0.5893974483199418,0.0,0.0,0.8464343602114281
3.351,0.6,0.6000000238418579,0.5893974483199418,0.0,0.0,0.8489343605813061
3.352,0.6,0.6000000834465027,0.5893974483199418,0.0,0.0,0.8514343609706073
3.353,0.6,0.6000000834465027,0.5893974483199418,0.0,0.0,0.8539343613800494
3.354,0.6,0.6000001430511475,0.5893974483199418,0.0,0.0,0.856434361810269
3.355,0.6,0.6000001430511475,0.5893974483199418,0.0,0.0,0.8589343622551187
3.356,0.6,0.6000000834465027,0.5893974483199418,0.0,0.0,0.8614343627087656
3.357,0.6,0.6000000834465027,0.5893974483199418,0.0,0.0,0.8639343631723787
3.358,0.6,0.6000001430511475,0.5893974483199418,0.0,0.0,0.8664343636470185
3.359,0.6,0.6000001430511475,0.5893974483199418,0.0,0.0,0.868934364126934
3.36,0.6,0.6000001430511475,0.5893974483199418,0.0,0.0,0.8714343646066666
3.361,0.6,0.6000001430511475,0.5893974483199418,0.0,0.0,0.8739343650810288
3.362,0.6,0.6000000834465027,0.5893974483199418,0.0,0.0,0.8764343655450899
3.363,0.6,0.6000000834465027,0.5893974483199418,0.0,0.0,0.8789343660008667
3.364,0.6,0.6000000238418579,0.5893974483199418,0.0,0.0,0.8814343664502127
3.365,0.6,0.6000000834465027,0.5893974483199418,0.0,0.0,0.8839343669015378
3.366,0.6,0.6000000834465027,0.5893974483199418,0.0,0.0,0.8864343673560143
3.367,0.6,0.6000000834465027,0.5893974483199418,0.0,0.0,0.8889343678147069
3.368,0.6,0.6000000834465027,0.5893974483199418,0.0,0.0,0.8914343682785753
3.369,0.6,0.6000000834465027,0.5893974483199418,0.0,0.0,0.8939343687484826
3.37,0.6,0.6000001430511475,0.5893974483199418,0.0,0.0,0.8964343692252019
3.371,0.6,0.6000001430511475,0.5893974483199418,0.0,0.0,0.8989343697027138
3.372,0.6,0.6000001430511475,0.5893974483199418,0.0,0.0,0.9014343701753069
3.373,0.6,0.6000001430511475,0.5893974483199418,0.0,0.0,0.9039343706375572
3.374,0.6,0.6000000834465027,0.5893974483199418,0.0,0.0,0.9064343710843124
3.375,0.6,0.6000001430511475,0.5893974483199418,0.0,0.0,0.90893437151738
3.376,0.6,0.6000001430511475,0.5893974483199418,0.0,0.0,0.9114343719317127
3.3770000000000002,0.6,0.6000000834465027,0.5893974483199418,0.0,0.0,0.9139343723225113
3.378,0.6,0.6000000834465027,0.5893974483199418,0.0,0.0,0.9164343726919145
3.379,0.6,0.6000001430511475,0.5893974483199418,0.0,0.0,0.9189343730418935
3.38,0.6,0.6000000834465027,0.5893974483199418,0.0,0.0,0.9214343733675533
3.3810000000000002,0.6,0.6000000834465027,0.5893974483199418,0.0,0.0,0.9239343736709441
3.382,0.6,0.6000000834465027,0.5893974483199418,0.0,0.0,0.9264343739539534
3.383,0.6,0.6000000834465027,0.5893974483199418,0.0,0.0,0.9289343742183143
3.384,0.6,0.6000000834465027,0.5893974483199418,0.0,0.0,0.9314343744656166
3.3850000000000002,0.6,0.6000000834465027,0.5893974483199418,0.0,0.0,0.9339343746973149
3.386,0.6,0.6000000238418579,0.5893974483199418,0.0,0.0,0.936434374914737
3.387,0.6,0.5999999642372131,0.5893974483199418,0.0,0.0,0.9389343751257981
3.388,0.6,0.6000000238418579,0.5893974483199418,0.0,0.0,0.9414343753446209
3.3890000000000002,0.6,0.6000000834465027,0.5893974483199418,0.0,0.0,0.9439343755777668
3.39,0.6,0.6000000834465027,0.5893974483199418,0.0,0.0,0.9464343758246742
3.391,0.6,0.6000000834465027,0.5893974483199418,0.0,0.0,0.9489343760847786
3.392,0.6,0.6000001430511475,0.5893974483199418,0.0,0.0,0.9514343763575128
3.3930000000000002,0.6,0.6000001430511475,0.5893974483199418,0.0,0.0,0.9539343766356003
3.394,0.6,0.6000000834465027,0.5893974483199418,0.0,0.0,0.9564343769121493
3.395,0.6,0.6000000834465027,0.5893974483199418,0.0,0.0,0.9589343771873355
3.396,0.6,0.6000000834465027,0.5893974483199418,0.0,0.0,0.9614343774612863
3.3970000000000002,0.6,0.6000001430511475,0.5893974483199418,0.0,0.0,0.9639343777340847
3.398,0.6,0.6000000834465027,0.5893974483199418,0.0,0.0,0.9664343779990631
3.399,0.6,0.6000000834465027,0.5893974483199418,0.0,0.0,0.9689343782566091
3.4,0.6,0.6000001430511475,0.5893974483199418,0.0,0.0,0.9714343785070488
3.4010000000000002,0.6,0.6000000238418579,0.5893974483199418,0.0,0.0,0.9739343787439438
3.402,0.6,0.6000000238418579,0.5893974483199418,0.0,0.0,0.976434378974604
3.403,0.6,0.6000001430511475,0.5893974483199418,0.0,0.0,0.9789343792058753
3.404,0.6,0.6000000834465027,0.5893974483199418,0.0,0.0,0.9814343794307591
3.4050000000000002,0.6,0.6000000238418579,0.5893974483199418,0.0,0.0,0.9839343796493306
3.406,0.6,0.6000000238418579,0.5893974483199418,0.0,0.0,0.9864343798683298
3.407,0.6,0.6000001430511475,0.5893974483199418,0.0,0.0,0.9889343800940696
3.408,0.6,0.6000000834465027,0.5893974483199418,0.0,0.0,0.9914343803190512
3.4090000000000003,0.6,0.6000000238418579,0.5893974483199418,0.0,0.0,0.993934380542879
3.41,0.6,0.6000001430511475,0.5893974483199418,0.0,0.0,0.9964343807718509
3.411,0.6,0.6000001430511475,0.5893974483199418,0.0,0.0,0.9989343809984541
3.412,0.6,0.6000000238418579,0.5893974483199418,0.0,0.0,1.0014343812155744
3.4130000000000003,0.6,0.6000000238418579,0.5893974483199418,0.0,0.0,1.003934381429885
3.414,0.6,0.6000000238418579,0.5893974483199418,0.0,0.0,1.0064343816476373
3.415,0.6,0.6000001430511475,0.5893974483199418,0.0,0.0,1.008934381874686
3.416,0.6,0.6000001430511475,0.5893974483199418,0.0,0.0,1.011434382103102
3.4170000000000003,0.6,0.6000000238418579,0.5893974483199418,0.0,0.0,1.013934382325379
3.418,0.6,0.6000000238418579,0.5893974483199418,0.0,0.0,1.0164343825478241
3.419,0.6,0.6000000834465027,0.5893974483199418,0.0,0.0,1.018934382776345
3.42,0.6,0.6000000238418579,0.5893974483199418,0.0,0.0,1.0214343830097665
3.4210000000000003,0.6,0.6000001430511475,0.5893974483199418,0.0,0.0,1.0239343832536558
3.422,0.6,0.6000000834465027,0.5893974483199418,0.0,0.0,1.026434383499813
3.423,0.6,0.6000000834465027,0.5893974483199418,0.0,0.0,1.028934383747184
3.424,0.6,0.6000000834465027,0.5893974483199418,0.0,0.0,1.031434383994746
3.4250000000000003,0.6,0.6000000834465027,0.5893974483199418,0.0,0.0,1.0339343842414987
3.426,0.6,0.6000001430511475,0.5893974483199418,0.0,0.0,1.0364343844864674
3.427,0.6,0.6000001430511475,0.5893974483199418,0.0,0.0,1.038934384721994
3.428,0.6,0.6000000834465027,0.5893974483199418,0.0,0.0,1.0414343849408285
3.4290000000000003,0.6,0.6000000238418579,0.5893974483199418,0.0,0.0,1.0439343851428113
3.43,0.6,0.6000000238418579,0.5893974483199418,0.0,0.0,1.0464343853344613
3.431,0.6,0.6000000238418579,0.5893974483199418,0.0,0.0,1.0489343855218856
3.432,0.6,0.6000000238418579,0.5893974483199418,0.0,0.0,1.0514343857108037
3.4330000000000003,0.6,0.6000000238418579,0.5893974483199418,0.0,0.0,1.0539343859065713
3.434,0.6,0.6000000238418579,0.5893974483199418,0.0,0.0,1.0564343861142034
3.435,0.6,0.6000000834465027,0.5893974483199418,0.0,0.0,1.0589343863383935
3.436,0.6,0.6000001430511475,0.5893974483199418,0.0,0.0,1.0614343865768299
3.4370000000000003,0.6,0.6000000834465027,0.5893974483199418,0.0,0.0,1.0639343868205964
3.438,0.6,0.6000000834465027,0.5893974483199418,0.0,0.0,1.0664343870679729
3.439,0.6,0.6000000834465027,0.5893974483199418,0.0,0.0,1.0689343873173043
3.44,0.6,0.6000001430511475,0.5893974483199418,0.0,0.0,1.0714343875670023
3.4410000000000003,0.6,0.6000000834465027,0.5893974483199418,0.0,0.0,1.0739343878088323
3.442,0.6,0.6000001430511475,0.5893974483199418,0.0,0.0,1.07643438804171
3.443,0.6,0.6000000238418579,0.5893974483199418,0.0,0.0,1.078934388257874
3.444,0.6,0.6000000238418579,0.5893974483199418,0.0,0.0,1.0814343884633917
3.4450000000000003,0.6,0.6000000238418579,0.5893974483199418,0.0,0.0,1.0839343886639456
3.446,0.6,0.6000000238418579,0.5893974483199418,0.0,0.0,1.0864343888648564
3.447,0.6,0.6000000238418579,0.5893974483199418,0.0,0.0,1.0889343890711063
3.448,0.6,0.6000000238418579,0.5893974483199418,0.0,0.0,1.09143438928736
3.4490000000000003,0.6,0.6000000238418579,0.5893974483199418,0.0,0.0,1.093934389517982
3.45,0.6,0.6000000834465027,0.5893974483199418,0.0,0.0,1.096434389767058
3.451,0.6,0.6000000834465027,0.5893974483199418,0.0,0.0,1.0989343900317028
3.452,0.6,0.6000000834465027,0.5893974483199418,0.0,0.0,1.1014343903091723
3.4530000000000003,0.6,0.6000000834465027,0.5893974483199418,0.0,0.0,1.1039343905968542
3.454,0.6,0.6000000238418579,0.5893974483199418,0.0,0.0,1.1064343908922585
3.455,0.6,0.6000000834465027,0.5893974483199418,0.0,0.0,1.1089343911997183
3.456,0.6,0.6000001430511475,0.5893974483199418,0.0,0.0,1.1114343915165832
3.457,0.6,0.6000000834465027,0.5893974483199418,0.0,0.0,1.1139343918336204
3.458,0.6,0.6000000238418579,0.5893974483199418,0.0,0.0,1.1164343921488096
3.459,0.6,0.6000000834465027,0.5893974483199418,0.0,0.0,1.1189343924669246
3.46,0.6,0.6000000834465027,0.5893974483199418,0.0,0.0,1.1214343927857275
3.461,0.6,0.6000000834465027,0.5893974483199418,0.0,0.0,1.1239343931030807
3.462,0.6,0.6000000834465027,0.5893974483199418,0.0,0.0,1.1264343934169407
3.463,0.6,0.6000000238418579,0.5893974483199418,0.0,0.0,1.1289343937253544
3.464,0.6,0.6000001430511475,0.5893974483199418,0.0,0.0,1.1314343940331564
3.465,0.6,0.6000000238418579,0.5893974483199418,0.0,0.0,1.1339343943314601
3.466,0.6,0.6000000834465027,0.5893974483199418,0.0,0.0,1.136434394625277
3.467,0.6,0.6000001430511475,0.5893974483199418,0.0,0.0,1.1389343949125923
3.468,0.6,0.6000000834465027,0.5893974483199418,0.0,0.0,1.1414343951847692
3.469,0.6,0.6000000238418579,0.5893974483199418,0.0,0.0,1.14393439544035
3.47,0.6,0.6000000238418579,0.5893974483199418,0.0,0.0,1.1464343956846335
3.471,0.6,0.6000000834465027,0.5893974483199418,0.0,0.0,1.1489343959225837
3.472,0.6,0.6000000834465027,0.5893974483199418,0.0,0.0,1.1514343961521396
3.473,0.6,0.6000000238418579,0.5893974483199418,0.0,0.0,1.1539343963713309
3.474,0.6,0.6000000238418579,0.5893974483199418,0.0,0.0,1.1564343965849766
3.475,0.6,0.6000000238418579,0.5893974483199418,0.0,0.0,1.1589343967975911
3.476,0.6,0.6000000238418579,0.5893974483199418,0.0,0.0,1.1614343970133965
3.477,0.6,0.5999999642372131,0.5893974483199418,0.0,0.0,1.1639343972363445
3.478,0.6,0.6000000238418579,0.5893974483199418,0.0,0.0,1.1664343974768396
3.479,0.6,0.6000000834465027,0.5893974483199418,0.0,0.0,1.1689343977379527
3.48,0.6,0.6000000834465027,0.5893974483199418,0.0,0.0,1.1714343980158484
3.481,0.6,0.6000000834465027,0.5893974483199418,0.0,0.0,1.1739343983068888
3.482,0.6,0.6000000834465027,0.5893974483199418,0.0,0.0,1.1764343986076238
3.483,0.6,0.6000000834465027,0.5893974483199418,0.0,0.0,1.1789343989147778
3.484,0.6,0.6000000834465027,0.5893974483199418,0.0,0.0,1.1814343992252403
3.485,0.6,0.6000001430511475,0.5893974483199418,0.0,0.0,1.183934399536055
3.486,0.6,0.6000000834465027,0.5893974483199418,0.0,0.0,1.1864343998377047
3.487,0.6,0.6000000834465027,0.5893974483199418,0.0,0.0,1.1889344001279005
3.488,0.6,0.6000001430511475,0.5893974483199418,0.0,0.0,1.1914344004044595
3.489,0.6,0.6000000834465027,0.5893974483199418,0.0,0.0,1.1939344006585868
3.49,0.6,0.6000000834465027,0.5893974483199418,0.0,0.0,1.1964344008886765
3.491,0.6,0.6000000238418579,0.5893974483199418,0.0,0.0,1.1989344010931833
3.492,0.6,0.6000000238418579,0.5893974483199418,0.0,0.0,1.2014344012773264
3.493,0.6,0.5999999642372131,0.5893974483199418,0.0,0.0,1.203934401445994
3.494,0.6,0.6000000238418579,0.5893974483199418,0.0,0.0,1.2064344016104676
3.495,0.6,0.6000000238418579,0.5893974483199418,0.0,0.0,1.208934401774643
3.496,0.6,0.6000000238418579,0.5893974483199418,0.0,0.0,1.2114344019421652
3.497,0.6,0.6000000238418579,0.5893974483199418,0.0,0.0,1.2139344021164433
3.498,0.6,0.6000000238418579,0.5893974483199418,0.0,0.0,1.2164344023006655
3.499,0.6,0.6000000238418579,0.5893974483199418,0.0,0.0,1.218934402497812
3.5,0.6,0.6000000238418579,0.5893974483199418,0.0,0.0,1.2214344027106678
3.501,0.6,0.6000000834465027,0.5893974483199418,0.0,0.0,1.2239344029418355
3.5020000000000002,0.6,0.6000000834465027,0.5893974483199418,0.0,0.0,1.2264344031870407
3.503,0.6,0.6000000834465027,0.5893974483199418,0.0,0.0,1.228934403442233
3.504,0.6,0.6000000238418579,0.5893974483199418,0.0,0.0,1.231434403703575
3.505,0.6,0.6000000834465027,0.5893974483199418,0.0,0.0,1.2339344039741356
3.5060000000000002,0.6,0.6000000834465027,0.5893974483199418,0.0,0.0,1.2364344042500757
3.507,0.6,0.6000000834465027,0.5893974483199418,0.0,0.0,1.238934404527757
3.508,0.6,0.6000000834465027,0.5893974483199418,0.0,0.0,1.2414344048037274
3.509,0.6,0.6000000834465027,0.5893974483199418,0.0,0.0,1.2439344050747099
3.5100000000000002,0.6,0.6000000238418579,0.5893974483199418,0.0,0.0,1.246434405337594
3.511,0.6,0.6000001430511475,0.5893974483199418,0.0,0.0,1.2489344055961287
3.512,0.6,0.6000000834465027,0.5893974483199418,0.0,0.0,1.2514344058404083
3.513,0.6,0.6000001430511475,0.5893974483199418,0.0,0.0,1.2539344060677826
3.5140000000000002,0.6,0.6000000238418579,0.5893974483199418,0.0,0.0,1.2564344062690194
3.515,0.6,0.6000000238418579,0.5893974483199418,0.0,0.0,1.258934406448806
3.516,0.6,0.6000000238418579,0.5893974483199418,0.0,0.0,1.2614344066115315
3.517,0.6,0.6000000238418579,0.5893974483199418,0.0,0.0,1.2639344067613023
3.5180000000000002,0.6,0.6000000238418579,0.5893974483199418,0.0,0.0,1.2664344069019622
3.519,0.6,0.6000000238418579,0.5893974483199418,0.0,0.0,1.2689344070371071
3.52,0.6,0.6000000238418579,0.5893974483199418,0.0,0.0,1.2714344071700998
3.521,0.6,0.6000000238418579,0.5893974483199418,0.0,0.0,1.2739344073040864
3.5220000000000002,0.6,0.6000000238418579,0.5893974483199418,0.0,0.0,1.2764344074420066
3.523,0.6,0.6000000238418579,0.5893974483199418,0.0,0.0,1.2789344075866094
3.524,0.6,0.6000000238418579,0.5893974483199418,0.0,0.0,1.2814344077404622
3.525,0.6,0.6000000238418579,0.5893974483199418,0.0,0.0,1.2839344079059638
3.5260000000000002,0.6,0.6000000238418579,0.5893974483199418,0.0,0.0,1.2864344080853538
3.527,0.6,0.6000000834465027,0.5893974483199418,0.0,0.0,1.2889344082807224
3.528,0.6,0.6000000238418579,0.5893974483199418,0.0,0.0,1.2914344084873144
3.529,0.6,0.6000000238418579,0.5893974483199418,0.0,0.0,1.2939344087073352
3.5300000000000002,0.6,0.6000000834465027,0.5893974483199418,0.0,0.0,1.2964344089428452
3.531,0.6,0.6000001430511475,0.5893974483199418,0.0,0.0,1.2989344091890573
3.532,0.6,0.6000000834465027,0.5893974483199418,0.0,0.0,1.301434409434738
3.533,0.6,0.6000000834465027,0.5893974483199418,0.0,0.0,1.3039344096759882
3.5340000000000003,0.6,0.6000000834465027,0.5893974483199418,0.0,0.0,1.3064344099091125
3.535,0.6,0.6000000834465027,0.5893974483199418,0.0,0.0,1.308934410130606
3.536,0.6,0.6000000238418579,0.5893974483199418,0.0,0.0,1.3114344103371425
3.537,0.6,0.6000000238418579,0.5893974483199418,0.0,0.0,1.3139344105322706
3.5380000000000003,0.6,0.6000000238418579,0.5893974483199418,0.0,0.0,1.3164344107193109
3.539,0.6,0.6000000238418579,0.5893974483199418,0.0,0.0,1.3189344109013663
3.54,0.6,0.6000000238418579,0.5893974483199418,0.0,0.0,1.3214344110813399
3.541,0.6,0.6000000238418579,0.5893974483199418,0.0,0.0,1.3239344112619433
3.5420000000000003,0.6,0.6000000238418579,0.5893974483199418,0.0,0.0,1.3264344114457118
3.543,0.6,0.6000000238418579,0.5893974483199418,0.0,0.0,1.3289344116350117
3.544,0.6,0.6000000238418579,0.5893974483199418,0.0,0.0,1.331434411832054
3.545,0.6,0.6000000238418579,0.5893974483199418,0.0,0.0,1.3339344120389014
3.5460000000000003,0.6,0.6000000238418579,0.5893974483199418,0.0,0.0,1.3364344122574794
3.547,0.6,0.6000000834465027,0.5893974483199418,0.0,0.0,1.3389344124895828
3.548,0.6,0.6000000834465027,0.5893974483199418,0.0,0.0,1.3414344127301785
3.549,0.6,0.6000000834465027,0.5893974483199418,0.0,0.0,1.343934412974507
3.5500000000000003,0.6,0.6000000834465027,0.5893974483199418,0.0,0.0,1.3464344132180635
3.551,0.6,0.6000000238418579,0.5893974483199418,0.0,0.0,1.3489344134565855
3.552,0.6,0.6000000238418579,0.5893974483199418,0.0,0.0,1.351434413692741
3.553,0.6,0.6000000834465027,0.5893974483199418,0.0,0.0,1.3539344139290244
3.5540000000000003,0.6,0.6000000834465027,0.5893974483199418,0.0,0.0,1.356434414161057
3.555,0.6,0.6000000238418579,0.5893974483199418,0.0,0.0,1.3589344143846946
3.556,0.6,0.6000000238418579,0.5893974483199418,0.0,0.0,1.3614344146027177
3.557,0.6,0.6000000238418579,0.5893974483199418,0.0,0.0,1.3639344148177248
3.5580000000000003,0.6,0.6000000238418579,0.5893974483199418,0.0,0.0,1.3664344150321424
3.559,0.6,0.6000000238418579,0.5893974483199418,0.0,0.0,1.3689344152482374
3.56,0.6,0.6000000238418579,0.5893974483199418,0.0,0.0,1.3714344154681264
3.561,0.6,0.6000000834465027,0.5893974483199418,0.0,0.0,1.3739344156937843
3.5620000000000003,0.6,0.6000000834465027,0.5893974483199418,0.0,0.0,1.376434415920346
3.563,0.6,0.6000000238418579,0.5893974483199418,0.0,0.0,1.378934416143211
3.564,0.6,0.6000000238418579,0.5893974483199418,0.0,0.0,1.3814344163647294
3.565,0.6,0.6000000238418579,0.5893974483199418,0.0,0.0,1.3839344165870995
3.5660000000000003,0.6,0.6000000834465027,0.5893974483199418,0.0,0.0,1.3864344168123683
3.567,0.6,0.6000000238418579,0.5893974483199418,0.0,0.0,1.3889344170357432
3.568,0.6,0.6000000834465027,0.5893974483199418,0.0,0.0,1.3914344172593944
3.569,0.6,0.6000000238418579,0.5893974483199418,0.0,0.0,1.3939344174786417
3.5700000000000003,0.6,0.6000000238418579,0.5893974483199418,0.0,0.0,1.3964344176957624
3.571,0.6,0.6000000238418579,0.5893974483199418,0.0,0.0,1.3989344179128838
3.572,0.6,0.6000000238418579,0.5893974483199418,0.0,0.0,1.401434418131989
3.573,0.6,0.6000000238418579,0.5893974483199418,0.0,0.0,1.403934418354931
3.5740000000000003,0.6,0.6000000834465027,0.5893974483199418,0.0,0.0,1.4064344185834348
3.575,0.6,0.6000000834465027,0.5893974483199418,0.0,0.0,1.4089344188124042
3.576,0.6,0.6000001430511475,0.5893974483199418,0.0,0.0,1.4114344190370183
3.577,0.6,0.6000000238418579,0.5893974483199418,0.0,0.0,1.4139344192460104
3.5780000000000003,0.6,0.6000000238418579,0.5893974483199418,0.0,0.0,1.4164344194421579
3.579,0.6,0.5999999642372131,0.5893974483199418,0.0,0.0,1.4189344196280562
3.58,0.6,0.6000000238418579,0.5893974483199418,0.0,0.0,1.421434419812838
3.581,0.6,0.6000000238418579,0.5893974483199418,0.0,0.0,1.4239344199983814
3.5820000000000003,0.6,0.6000000834465027,0.5893974483199418,0.0,0.0,1.4264344201864363
3.583,0.6,0.6000000238418579,0.5893974483199418,0.0,0.0,1.4289344203719296
3.584,0.6,0.6000000238418579,0.5893974483199418,0.0,0.0,1.4314344205567697
3.585,0.6,0.6000000238418579,0.5893974483199418,0.0,0.0,1.4339344207427354
3.586,0.6,0.6000000238418579,0.5893974483199418,0.0,0.0,1.4364344209314868
3.587,0.6,0.6000000238418579,0.5893974483199418,0.0,0.0,1.4389344211245703
3.588,0.6,0.6000000238418579,0.5893974483199418,0.0,0.0,1.4414344213234254
3.589,0.6,0.6000000238418579,0.5893974483199418,0.0,0.0,1.443934421529393
3.59,0.6,0.6000000238418579,0.5893974483199418,0.0,0.0,1.4464344217437193
3.591,0.6,0.6000001430511475,0.5893974483199418,0.0,0.0,1.4489344219675633
3.592,0.6,0.6000000238418579,0.5893974483199418,0.0,0.0,1.4514344221885889
3.593,0.6,0.6000000834465027,0.5893974483199418,0.0,0.0,1.4539344224085697
3.594,0.6,0.6000000238418579,0.5893974483199418,0.0,0.0,1.456434422622453
3.595,0.6,0.6000000238418579,0.5893974483199418,0.0,0.0,1.4589344228321663
3.596,0.6,0.6000000238418579,0.5893974483199418,0.0,0.0,1.4614344230395084
3.597,0.6,0.6000000238418579,0.5893974483199418,0.0,0.0,1.4639344232461557
3.598,0.6,0.6000000238418579,0.5893974483199418,0.0,0.0,1.4664344234536721
3.599,0.6,0.6000000238418579,0.5893974483199418,0.0,0.0,1.468934423663512
3.6,0.6,0.6000000238418579,0.5893974483199418,0.0,0.0,1.4714344238770307
3.601,0.6,0.6000000238418579,0.5893974483199418,0.0,0.0,1.4739344240954897
3.602,0.6,0.6000000238418579,0.5893974483199418,0.0,0.0,1.4764344243200602
3.603,0.6,0.6000000238418579,0.5893974483199418,0.0,0.0,1.4789344245518314
3.604,0.6,0.6000001430511475,0.5893974483199418,0.0,0.0,1.481434424791815
3.605,0.6,0.6000001430511475,0.5893974483199418,0.0,0.0,1.483934425027535
3.606,0.6,0.6000000238418579,0.5893974483199418,0.0,0.0,1.4864344252472217
3.607,0.6,0.6000000238418579,0.5893974483199418,0.0,0.0,1.4889344254531813
3.608,0.6,0.5999999642372131,0.5893974483199418,0.0,0.0,1.491434425647566
3.609,0.6,0.6000000238418579,0.5893974483199418,0.0,0.0,1.493934425839093
3.61,0.6,0.6000000238418579,0.5893974483199418,0.0,0.0,1.49643442602925
3.611,0.6,0.6000000238418579,0.5893974483199418,0.0,0.0,1.498934426219423
3.612,0.6,0.6000000238418579,0.5893974483199418,0.0,0.0,1.501434426410902
3.613,0.6,0.6000000238418579,0.5893974483199418,0.0,0.0,1.5039344266048849
3.614,0.6,0.6000000238418579,0.5893974483199418,0.0,0.0,1.506434426802487
3.615,0.6,0.6000000238418579,0.5893974483199418,0.0,0.0,1.5089344270047433
3.616,0.6,0.6000000238418579,0.5893974483199418,0.0,0.0,1.5114344272126141
3.617,0.6,0.6000000238418579,0.5893974483199418,0.0,0.0,1.51393442742699
3.618,0.6,0.6000000834465027,0.5893974483199418,0.0,0.0,1.5164344276486943
3.619,0.6,0.6000000238418579,0.5893974483199418,0.0,0.0,1.518934427871785
3.62,0.6,0.6000000238418579,0.5893974483199418,0.0,0.0,1.5214344280973529
3.621,0.6,0.6000001430511475,0.5893974483199418,0.0,0.0,1.5239344283264127
3.622,0.6,0.6000000238418579,0.5893974483199418,0.0,0.0,1.5264344285464908
3.623,0.6,0.6000000238418579,0.5893974483199418,0.0,0.0,1.528934428759235
3.624,0.6,0.6000000238418579,0.5893974483199418,0.0,0.0,1.5314344289661788
3.625,0.6,0.6000000238418579,0.5893974483199418,0.0,0.0,1.53393442916875
3.626,0.6,0.6000000238418579,0.5893974483199418,0.0,0.0,1.5364344293682803
3.6270000000000002,0.6,0.6000000238418579,0.5893974483199418,0.0,0.0,1.5389344295660061
3.628,0.6,0.6000000238418579,0.5893974483199418,0.0,0.0,1.5414344297630784
3.629,0.6,0.6000000238418579,0.5893974483199418,0.0,0.0,1.543934429960566
3.63,0.6,0.6000000238418579,0.5893974483199418,0.0,0.0,1.5464344301594608
3.6310000000000002,0.6,0.6000000238418579,0.5893974483199418,0.0,0.0,1.548934430360684
3.632,0.6,0.6000000238418579,0.5893974483199418,0.0,0.0,1.551434430565087
3.633,0.6,0.6000000834465027,0.5893974483199418,0.0,0.0,1.5539344307734588
3.634,0.6,0.6000000238418579,0.5893974483199418,0.0,0.0,1.5564344309798248
3.6350000000000002,0.6,0.6000000834465027,0.5893974483199418,0.0,0.0,1.5589344311852449
3.636,0.6,0.6000000238418579,0.5893974483199418,0.0,0.0,1.5614344313839978
3.637,0.6,0.6000000238418579,0.5893974483199418,0.0,0.0,1.5639344315773847
3.638,0.6,0.6000000238418579,0.5893974483199418,0.0,0.0,1.5664344317666157
3.6390000000000002,0.6,0.6000000834465027,0.5893974483199418,0.0,0.0,1.5689344319528151
3.64,0.6,0.6000001430511475,0.5893974483199418,0.0,0.0,1.5714344321303209
3.641,0.6,0.6000000238418579,0.5893974483199418,0.0,0.0,1.5739344322870779
3.642,0.6,0.6000000238418579,0.5893974483199418,0.0,0.0,1.576434432425122
3.6430000000000002,0.6,0.5999999642372131,0.5893974483199418,0.0,0.0,1.5789344325463548
3.644,0.6,0.6000000238418579,0.5893974483199418,0.0,0.0,1.5814344326592567
3.645,0.6,0.6000000238418579,0.5893974483199418,0.0,0.0,1.583934432765093
3.646,0.6,0.6000000238418579,0.5893974483199418,0.0,0.0,1.5864344328650424
3.6470000000000002,0.6,0.6000000238418579,0.5893974483199418,0.0,0.0,1.5889344329601998
3.648,0.6,0.6000000238418579,0.5893974483199418,0.0,0.0,1.59143443305158
3.649,0.6,0.6000000238418579,0.5893974483199418,0.0,0.0,1.5939344331401284
3.65,0.6,0.6000000238418579,0.5893974483199418,0.0,0.0,1.5964344332267186
3.6510000000000002,0.6,0.6000000238418579,0.5893974483199418,0.0,0.0,1.5989344333121602
3.652,0.6,0.6000000238418579,0.5893974483199418,0.0,0.0,1.6014344333972022
3.653,0.6,0.6000000834465027,0.5893974483199418,0.0,0.0,1.603934433482537
3.654,0.6,0.6000000238418579,0.5893974483199418,0.0,0.0,1.6064344335620975
3.6550000000000002,0.6,0.5999999642372131,0.5893974483199418,0.0,0.0,1.6089344336368587
3.656,0.6,0.6000000238418579,0.5893974483199418,0.0,0.0,1.6114344337144328
3.657,0.6,0.6000000238418579,0.5893974483199418,0.0,0.0,1.6139344337952715
3.658,0.6,0.6000000238418579,0.5893974483199418,0.0,0.0,1.6164344338797871
3.6590000000000003,0.6,0.6000000238418579,0.5893974483199418,0.0,0.0,1.6189344339683567
3.66,0.6,0.6000000834465027,0.5893974483199418,0.0,0.0,1.621434434061323
3.661,0.6,0.6000000238418579,0.5893974483199418,0.0,0.0,1.62393443415229
3.662,0.6,0.6000000238418579,0.5893974483199418,0.0,0.0,1.6264344342419257
3.6630000000000003,0.6,0.6000000238418579,0.5893974483199418,0.0,0.0,1.6289344343308465
3.664,0.6,0.6000000238418579,0.5893974483199418,0.0,0.0,1.631434434419619
3.665,0.6,0.6000000238418579,0.5893974483199418,0.0,0.0,1.6339344345087659
3.666,0.6,0.6000000238418579,0.5893974483199418,0.0,0.0,1.636434434598765
3.6670000000000003,0.6,0.6000000238418579,0.5893974483199418,0.0,0.0,1.638934434690055
3.668,0.6,0.6000000238418579,0.5893974483199418,0.0,0.0,1.6414344347830376
3.669,0.6,0.6000000238418579,0.5893974483199418,0.0,0.0,1.643934434878077
3.67,0.6,0.6000000238418579,0.5893974483199418,0.0,0.0,1.6464344349755065
3.6710000000000003,0.6,0.6000000238418579,0.5893974483199418,0.0,0.0,1.6489344350756256
3.672,0.6,0.6000000238418579,0.5893974483199418,0.0,0.0,1.6514344351787071
3.673,0.6,0.6000000238418579,0.5893974483199418,0.0,0.0,1.653934435284994
3.674,0.6,0.6000000238418579,0.5893974483199418,0.0,0.0,1.6564344353947058
3.6750000000000003,0.6,0.6000000238418579,0.5893974483199418,0.0,0.0,1.6589344355080353
3.676,0.6,0.6000000238418579,0.5893974483199418,0.0,0.0,1.6614344356251531
3.677,0.6,0.5999999046325684,0.5893974483199418,0.0,0.0,1.6639344357462114
3.678,0.6,0.6000000238418579,0.5893974483199418,0.0,0.0,1.6664344358847514
3.6790000000000003,0.6,0.6000000238418579,0.5893974483199418,0.0,0.0,1.6689344360401095
3.68,0.6,0.6000000238418579,0.5893974483199418,0.0,0.0,1.6714344362116544
3.681,0.6,0.6000000834465027,0.5893974483199418,0.0,0.0,1.673934436398779
3.682,0.6,0.6000000834465027,0.5893974483199418,0.0,0.0,1.6764344365941974
3.6830000000000003,0.6,0.6000000238418579,0.5893974483199418,0.0,0.0,1.6789344367910375
3.684,0.6,0.6000000238418579,0.5893974483199418,0.0,0.0,1.6814344369895167
3.685,0.6,0.6000000238418579,0.5893974483199418,0.0,0.0,1.6839344371898317
3.686,0.6,0.6000000238418579,0.5893974483199418,0.0,0.0,1.6864344373921547
3.6870000000000003,0.6,0.6000000238418579,0.5893974483199418,0.0,0.0,1.6889344375966369
3.688,0.6,0.6000000834465027,0.5893974483199418,0.0,0.0,1.691434437803408
3.689,0.6,0.6000000238418579,0.5893974483199418,0.0,0.0,1.6939344380058747
3.69,0.6,0.6000000238418579,0.5893974483199418,0.0,0.0,1.6964344382045191
3.6910000000000003,0.6,0.5999999642372131,0.5893974483199418,0.0,0.0,1.698934438399781
3.692,0.6,0.6000000238418579,0.5893974483199418,0.0,0.0,1.7014344385987719
3.693,0.6,0.6000000238418579,0.5893974483199418,0.0,0.0,1.7039344388014717
3.694,0.6,0.6000000238418579,0.5893974483199418,0.0,0.0,1.7064344390078536
3.6950000000000003,0.6,0.6000000238418579,0.5893974483199418,0.0,0.0,1.7089344392178762
3.696,0.6,0.6000001430511475,0.5893974483199418,0.0,0.0,1.711434439431496
3.697,0.6,0.6000000238418579,0.5893974483199418,0.0,0.0,1.7139344396352458
3.698,0.6,0.6000000238418579,0.5893974483199418,0.0,0.0,1.7164344398298368
3.6990000000000003,0.6,0.6000000834465027,0.5893974483199418,0.0,0.0,1.7189344400159292
3.7,0.6,0.5999999642372131,0.5893974483199418,0.0,0.0,1.721434440187423
3.701,0.6,0.6000000238418579,0.5893974483199418,0.0,0.0,1.723934440351971
3.702,0.6,0.6000000834465027,0.5893974483199418,0.0,0.0,1.7264344405100633
3.7030000000000003,0.6,0.6000000238418579,0.5893974483199418,0.0,0.0,1.7289344406554434
3.704,0.6,0.6000000238418579,0.5893974483199418,0.0,0.0,1.7314344407889108
3.705,0.6,0.6000000238418579,0.5893974483199418,0.0,0.0,1.7339344409112032
3.706,0.6,0.6000000238418579,0.5893974483199418,0.0,0.0,1.7364344410230044
3.7070000000000003,0.6,0.6000000238418579,0.5893974483199418,0.0,0.0,1.7389344411249437
3.708,0.6,0.6000000238418579,0.5893974483199418,0.0,0.0,1.7414344412176024
3.709,0.6,0.6000000238418579,0.5893974483199418,0.0,0.0,1.7439344413015152
3.71,0.6,0.5999999642372131,0.5893974483199418,0.0,0.0,1.7464344413771735
3.7110000000000003,0.6,0.6000000238418579,0.5893974483199418,0.0,0.0,1.748934441451734
3.712,0.6,0.6000000238418579,0.5893974483199418,0.0,0.0,1.7514344415252212
3.713,0.6,0.6000000238418579,0.5893974483199418,0.0,0.0,1.7539344415976488
3.714,0.6,0.6000000238418579,0.5893974483199418,0.0,0.0,1.7564344416690172
3.715,0.6,0.6000000238418579,0.5893974483199418,0.0,0.0,1.758934441739317
3.716,0.6,0.6000000834465027,0.5893974483199418,0.0,0.0,1.7614344418085286
3.717,0.6,0.6000001430511475,0.5893974483199418,0.0,0.0,1.763934441869916
3.718,0.6,0.6000000834465027,0.5893974483199418,0.0,0.0,1.766434441910417
3.719,0.6,0.6000001430511475,0.5893974483199418,0.0,0.0,1.7689344419244148
3.72,0.6,0.6000000238418579,0.5893974483199418,0.0,0.0,1.7714344418998984
3.721,0.6,0.5999999642372131,0.5893974483199418,0.0,0.0,1.773934441838947
3.722,0.6,0.5999999642372131,0.5893974483199418,0.0,0.0,1.7764344417502065
3.723,0.6,0.6000000238418579,0.5893974483199418,0.0,0.0,1.7789344416418094
3.724,0.6,0.5999999046325684,0.5893974483199418,0.0,0.0,1.7814344415146934
3.725,0.6,0.5999999642372131,0.5893974483199418,0.0,0.0,1.7839344413831424
3.726,0.6,0.5999999642372131,0.5893974483199418,0.0,0.0,1.7864344412538957
3.727,0.6,0.6000000238418579,0.5893974483199418,0.0,0.0,1.7889344411332921
3.728,0.6,0.5999999046325684,0.5893974483199418,0.0,0.0,1.7914344410205887
3.729,0.6,0.6000000238418579,0.5893974483199418,0.0,0.0,1.79393444092849
3.73,0.6,0.6000000834465027,0.5893974483199418,0.0,0.0,1.7964344408555486
3.731,0.6,0.5999999642372131,0.5893974483199418,0.0,0.0,1.7989344407936858
3.732,0.6,0.6000000834465027,0.5893974483199418,0.0,0.0,1.801434440748698
3.733,0.6,0.6000000238418579,0.5893974483199418,0.0,0.0,1.8039344407126268
3.734,0.6,0.6000000238418579,0.5893974483199418,0.0,0.0,1.8064344406846726
3.735,0.6,0.6000000238418579,0.5893974483199418,0.0,0.0,1.8089344406640755
3.736,0.6,0.6000000238418579,0.5893974483199418,0.0,0.0,1.8114344406501106
3.737,0.6,0.6000000834465027,0.5893974483199418,0.0,0.0,1.8139344406420876
3.738,0.6,0.6000000834465027,0.5893974483199418,0.0,0.0,1.8164344406326414
3.739,0.6,0.6000000238418579,0.5893974483199418,0.0,0.0,1.8189344406148245
3.74,0.6,0.6000000238418579,0.5893974483199418,0.0,0.0,1.821434440588785
3.741,0.6,0.5999999642372131,0.5893974483199418,0.0,0.0,1.823934440554654
3.742,0.6,0.5999998450279236,0.5893974483199418,0.0,0.0,1.826434440519249
3.743,0.6,0.6000000238418579,0.5893974483199418,0.0,0.0,1.8289344405023966
3.744,0.6,0.6000000238418579,0.5893974483199418,0.0,0.0,1.8314344405026495
3.745,0.6,0.6000000238418579,0.5893974483199418,0.0,0.0,1.833934440518639
3.746,0.6,0.6000000238418579,0.5893974483199418,0.0,0.0,1.8364344405490693
3.747,0.6,0.6000000238418579,0.5893974483199418,0.0,0.0,1.8389344405927135
3.748,0.6,0.5999999046325684,0.5893974483199418,0.0,0.0,1.841434440648409
3.749,0.6,0.5999999642372131,0.5893974483199418,0.0,0.0,1.8439344407284697
3.75,0.6,0.6000000238418579,0.5893974483199418,0.0,0.0,1.8464344408377822
3.751,0.6,0.6000000238418579,0.5893974483199418,0.0,0.0,1.8489344409742408
3.7520000000000002,0.6,0.5999999046325684,0.5893974483199418,0.0,0.0,1.85143444113586
3.753,0.6,0.6000001430511475,0.5893974483199418,0.0,0.0,1.8539344413341787
3.754,0.6,0.5999999642372131,0.5893974483199418,0.0,0.0,1.8564344415532381
3.755,0.6,0.6000000238418579,0.5893974483199418,0.0,0.0,1.8589344417981193
3.7560000000000002,0.6,0.6000000238418579,0.5893974483199418,0.0,0.0,1.8614344420669002
3.757,0.6,0.600000262260437,0.5893974483199418,0.0,0.0,1.8639344423577655
3.758,0.6,0.6000000834465027,0.5893974483199418,0.0,0.0,1.8664344426421733
3.759,0.6,0.6000001430511475,0.5893974483199418,0.0,0.0,1.868934442913347
3.7600000000000002,0.6,0.6000000834465027,0.5893974483199418,0.0,0.0,1.871434443158182
3.761,0.6,0.6000001430511475,0.5893974483199418,0.0,0.0,1.873934443371026
3.762,0.6,0.6000000238418579,0.5893974483199418,0.0,0.0,1.8764344435398335
3.763,0.6,0.6000000238418579,0.5893974483199418,0.0,0.0,1.8789344436666513
3.7640000000000002,0.6,0.6000002026557922,0.5893974483199418,0.0,0.0,1.8814344437533892
3.765,0.6,0.6000000238418579,0.5893974483199418,0.0,0.0,1.8839344437817107
3.766,0.6,0.5999999046325684,0.5893974483199418,0.0,0.0,1.8864344437544402
3.767,0.6,0.6000000834465027,0.5893974483199418,0.0,0.0,1.8889344436876336
3.7680000000000002,0.6,0.6000000238418579,0.5893974483199418,0.0,0.0,1.891434443576276
3.769,0.6,0.6000000238418579,0.5893974483199418,0.0,0.0,1.8939344434223355
3.77,0.6,0.6000000238418579,0.5893974483199418,0.0,0.0,1.8964344432276479
3.771,0.6,0.5999999046325684,0.5893974483199418,0.0,0.0,1.8989344429939263
3.7720000000000002,0.6,0.6000000238418579,0.5893974483199418,0.0,0.0,1.9014344427361805
3.773,0.6,0.5999998450279236,0.5893974483199418,0.0,0.0,1.9039344424551266
3.774,0.6,0.5999999046325684,0.5893974483199418,0.0,0.0,1.9064344421715427
3.775,0.6,0.5999999046325684,0.5893974483199418,0.0,0.0,1.9089344418982899
3.7760000000000002,0.6,0.6000000834465027,0.5893974483199418,0.0,0.0,1.9114344416474796
3.777,0.6,0.5999999642372131,0.5893974483199418,0.0,0.0,1.9139344414103967
3.778,0.6,0.6000001430511475,0.5893974483199418,0.0,0.0,1.9164344411922394
3.779,0.6,0.6000000238418579,0.5893974483199418,0.0,0.0,1.918934440977782
3.7800000000000002,0.6,0.6000001430511475,0.5893974483199418,0.0,0.0,1.9214344407660873
3.781,0.6,0.5999999642372131,0.5893974483199418,0.0,0.0,1.9239344405428496
3.782,0.6,0.5999999642372131,0.5893974483199418,0.0,0.0,1.926434440314705
3.783,0.6,0.5999999046325684,0.5893974483199418,0.0,0.0,1.9289344400878936
3.7840000000000003,0.6,0.5999999046325684,0.5893974483199418,0.0,0.0,1.9314344398749934
3.785,0.6,0.5999999642372131,0.5893974483199418,0.0,0.0,1.9339344396878506
3.786,0.6,0.6000000238418579,0.5893974483199418,0.0,0.0,1.936434439530915
3.787,0.6,0.5999999642372131,0.5893974483199418,0.0,0.0,1.9389344394016705
3.7880000000000003,0.6,0.6000000834465027,0.5893974483199418,0.0,0.0,1.9414344393044525
3.789,0.6,0.6000000834465027,0.5893974483199418,0.0,0.0,1.9439344392299291
3.79,0.6,0.5999999642372131,0.5893974483199418,0.0,0.0,1.9464344391693087
3.791,0.6,0.5999999642372131,0.5893974483199418,0.0,0.0,1.9489344391277157
3.7920000000000003,0.6,0.6000000238418579,0.5893974483199418,0.0,0.0,1.9514344391099745
3.793,0.6,0.6000000834465027,0.5893974483199418,0.0,0.0,1.9539344391139208
3.794,0.6,0.6000000238418579,0.5893974483199418,0.0,0.0,1.9564344391308066
3.795,0.6,0.6000001430511475,0.5893974483199418,0.0,0.0,1.958934439159092
3.7960000000000003,0.6,0.6000000238418579,0.5893974483199418,0.0,0.0,1.9614344391839076
3.797,0.6,0.6000001430511475,0.5893974483199418,0.0,0.0,1.9639344392046516
3.798,0.6,0.6000000834465027,0.5893974483199418,0.0,0.0,1.9664344392073343
3.799,0.6,0.6000000238418579,0.5893974483199418,0.0,0.0,1.9689344391854728
3.8000000000000003,0.6,0.6000000834465027,0.5893974483199418,0.0,0.0,1.9714344391396537
3.801,0.6,0.6000000238418579,0.5893974483199418,0.0,0.0,1.9739344390637097
3.802,0.6,0.6000000238418579,0.5893974483199418,0.0,0.0,1.9764344389585258
3.803,0.6,0.5999999642372131,0.5893974483199418,0.0,0.0,1.9789344388249213
3.8040000000000003,0.6,0.5999999046325684,0.5893974483199418,0.0,0.0,1.9814344386703606
3.805,0.6,0.6000000238418579,0.5893974483199418,0.0,0.0,1.983934438508571
3.806,0.6,0.5999999642372131,0.5893974483199418,0.0,0.0,1.9864344383390653
3.807,0.6,0.6000000238418579,0.5893974483199418,0.0,0.0,1.9889344381680778
3.8080000000000003,0.6,0.6000000834465027,0.5893974483199418,0.0,0.0,1.9914344379947713
3.809,0.6,0.5999999642372131,0.5893974483199418,0.0,0.0,1.9939344378116417
3.81,0.6,0.6000000834465027,0.5893974483199418,0.0,0.0,1.9964344376250247
3.811,0.6,0.6000000238418579,0.5893974483199418,0.0,0.0,1.9989344374274662
3.8120000000000003,0.6,0.5999999046325684,0.5893974483199418,0.0,0.0,2.0014344372186437
3.813,0.6,0.6000000238418579,0.5893974483199418,0.0,0.0,2.0039344370116554
3.814,0.6,0.5999999642372131,0.5893974483199418,0.0,0.0,2.0064344368054225
3.815,0.6,0.6000000238418579,0.5893974483199418,0.0,0.0,2.0089344366056268
3.8160000000000003,0.6,0.6000000238418579,0.5893974483199418,0.0,0.0,2.0114344364109105
3.817,0.6,0.5999999642372131,0.5893974483199418,0.0,0.0,2.013934436219989
3.818,0.6,0.6000000238418579,0.5893974483199418,0.0,0.0,2.0164344360383506
3.819,0.6,0.5999999046325684,0.5893974483199418,0.0,0.0,2.0189344358644563
3.8200000000000003,0.6,0.5999999642372131,0.5893974483199418,0.0,0.0,2.0214344357102636
3.821,0.6,0.5999999642372131,0.5893974483199418,0.0,0.0,2.023934435580329
3.822,0.6,0.6000000238418579,0.5893974483199418,0.0,0.0,2.02643443547894
3.823,0.6,0.6000000238418579,0.5893974483199418,0.0,0.0,2.028934435403434
3.8240000000000003,0.6,0.5999999642372131,0.5893974483199418,0.0,0.0,2.0314344353512968
3.825,0.6,0.5999999642372131,0.5893974483199418,0.0,0.0,2.0339344353268656
3.826,0.6,0.6000000238418579,0.5893974483199418,0.0,0.0,2.036434435334226
3.827,0.6,0.6000000238418579,0.5893974483199418,0.0,0.0,2.038934435370521
3.8280000000000003,0.6,0.6000000238418579,0.5893974483199418,0.0,0.0,2.041434435433058
3.829,0.6,0.6000000238418579,0.5893974483199418,0.0,0.0,2.0439344355192985
3.83,0.6,0.6000000238418579,0.5893974483199418,0.0,0.0,2.0464344356268493
3.831,0.6,0.6000001430511475,0.5893974483199418,0.0,0.0,2.0489344357534556
3.8320000000000003,0.6,0.6000002026557922,0.5893974483199418,0.0,0.0,2.0514344358835763
3.833,0.6,0.6000002026557922,0.5893974483199418,0.0,0.0,2.053934435995857
3.834,0.6,0.6000000238418579,0.5893974483199418,0.0,0.0,2.0564344360701723
3.835,0.6,0.6000000834465027,0.5893974483199418,0.0,0.0,2.0589344361076685
3.8360000000000003,0.6,0.6000000238418579,0.5893974483199418,0.0,0.0,2.0614344361027013
3.837,0.6,0.6000000238418579,0.5893974483199418,0.0,0.0,2.0639344360566487
3.838,0.6,0.6000000238418579,0.5893974483199418,0.0,0.0,2.066434435970791
3.839,0.6,0.5999999642372131,0.5893974483199418,0.0,0.0,2.068934435846322
3.84,0.6,0.5999999642372131,0.5893974483199418,0.0,0.0,2.071434435691058
3.841,0.6,0.5999999642372131,0.5893974483199418,0.0,0.0,2.073934435512347
3.842,0.6,0.5999999046325684,0.5893974483199418,0.0,0.0,2.0764344353171045
3.843,0.6,0.5999999046325684,0.5893974483199418,0.0,0.0,2.0789344351185406
3.844,0.6,0.5999999642372131,0.5893974483199418,0.0,0.0,2.081434434929091
3.845,0.6,0.6000000834465027,0.5893974483199418,0.0,0.0,2.0839344347537634
3.846,0.6,0.6000000238418579,0.5893974483199418,0.0,0.0,2.086434434583858
3.847,0.6,0.5999999642372131,0.5893974483199418,0.0,0.0,2.088934434417881
3.848,0.6,0.6000000834465027,0.5893974483199418,0.0,0.0,2.0914344342611253
3.849,0.6,0.6000000238418579,0.5893974483199418,0.0,0.0,2.0939344341051624
3.85,0.6,0.5999999642372131,0.5893974483199418,0.0,0.0,2.0964344339487497
3.851,0.6,0.5999999642372131,0.5893974483199418,0.0,0.0,2.09893443379742
3.852,0.6,0.6000000238418579,0.5893974483199418,0.0,0.0,2.101434433656379
3.853,0.6,0.6000000238418579,0.5893974483199418,0.0,0.0,2.1039344335238215
3.854,0.6,0.5999999046325684,0.5893974483199418,0.0,0.0,2.106434433398042
3.855,0.6,0.6000000238418579,0.5893974483199418,0.0,0.0,2.108934433290843
3.856,0.6,0.6000000238418579,0.5893974483199418,0.0,0.0,2.111434433199927
3.857,0.6,0.5999999642372131,0.5893974483199418,0.0,0.0,2.11393443312313
3.858,0.6,0.5999999642372131,0.5893974483199418,0.0,0.0,2.116434433065113
3.859,0.6,0.5999999046325684,0.5893974483199418,0.0,0.0,2.1189344330302684
3.86,0.6,0.5999999642372131,0.5893974483199418,0.0,0.0,2.121434433029438
3.861,0.6,0.6000000238418579,0.5893974483199418,0.0,0.0,2.123934433066131
3.862,0.6,0.6000000238418579,0.5893974483199418,0.0,0.0,2.1264344331369482
3.863,0.6,0.6000000238418579,0.5893974483199418,0.0,0.0,2.128934433238689
3.864,0.6,0.6000000238418579,0.5893974483199418,0.0,0.0,2.131434433368338
3.865,0.6,0.5999999642372131,0.5893974483199418,0.0,0.0,2.133934433523056
3.866,0.6,0.6000000238418579,0.5893974483199418,0.0,0.0,2.136434433706873
3.867,0.6,0.6000000834465027,0.5893974483199418,0.0,0.0,2.13893443391688
3.868,0.6,0.6000001430511475,0.5893974483199418,0.0,0.0,2.1414344341436293
3.869,0.6,0.6000000834465027,0.5893974483199418,0.0,0.0,2.1439344343715114
3.87,0.6,0.6000000834465027,0.5893974483199418,0.0,0.0,2.1464344345925235
3.871,0.6,0.6000000238418579,0.5893974483199418,0.0,0.0,2.148934434799117
3.872,0.6,0.6000000238418579,0.5893974483199418,0.0,0.0,2.1514344349908807
3.873,0.6,0.6000000834465027,0.5893974483199418,0.0,0.0,2.153934435167418
3.874,0.6,0.6000000238418579,0.5893974483199418,0.0,0.0,2.1564344353216383
3.875,0.6,0.6000000834465027,0.5893974483199418,0.0,0.0,2.15893443545356
3.876,0.6,0.6000000238418579,0.5893974483199418,0.0,0.0,2.1614344355564823
3.8770000000000002,0.6,0.6000000238418579,0.5893974483199418,0.0,0.0,2.163934435630788
3.878,0.6,0.6000000834465027,0.5893974483199418,0.0,0.0,2.1664344356768273
3.879,0.6,0.6000000834465027,0.5893974483199418,0.0,0.0,2.1689344356882105
3.88,0.6,0.5999999642372131,0.5893974483199418,0.0,0.0,2.171434435658906
3.8810000000000002,0.6,0.5999999642372131,0.5893974483199418,0.0,0.0,2.173934435596632
3.882,0.6,0.5999999642372131,0.5893974483199418,0.0,0.0,2.1764344355086456
3.883,0.6,0.5999999642372131,0.5893974483199418,0.0,0.0,2.178934435401774
3.884,0.6,0.6000000238418579,0.5893974483199418,0.0,0.0,2.1814344352824397
3.8850000000000002,0.6,0.6000000238418579,0.5893974483199418,0.0,0.0,2.1839344351499776
3.886,0.6,0.6000000238418579,0.5893974483199418,0.0,0.0,2.1864344350037537
3.887,0.6,0.5999999642372131,0.5893974483199418,0.0,0.0,2.188934434843164
3.888,0.6,0.5999999642372131,0.5893974483199418,0.0,0.0,2.191434434674336
3.8890000000000002,0.6,0.5999999046325684,0.5893974483199418,0.0,0.0,2.1939344345030376
3.89,0.6,0.5999999642372131,0.5893974483199418,0.0,0.0,2.1964344343414006
3.891,0.6,0.5999999642372131,0.5893974483199418,0.0,0.0,2.198934434194147
3.892,0.6,0.5999999642372131,0.5893974483199418,0.0,0.0,2.201434434065722
3.8930000000000002,0.6,0.5999999046325684,0.5893974483199418,0.0,0.0,2.2039344339603115
3.894,0.6,0.5999999642372131,0.5893974483199418,0.0,0.0,2.206434433888567
3.895,0.6,0.5999999046325684,0.5893974483199418,0.0,0.0,2.2089344338538166
3.896,0.6,0.6000000834465027,0.5893974483199418,0.0,0.0,2.211434433865906
3.8970000000000002,0.6,0.6000000238418579,0.5893974483199418,0.0,0.0,2.213934433913995
3.898,0.6,0.6000000834465027,0.5893974483199418,0.0,0.0,2.2164344339945807
3.899,0.6,0.6000000238418579,0.5893974483199418,0.0,0.0,2.218934434097658
3.9,0.6,0.6000000238418579,0.5893974483199418,0.0,0.0,2.221434434220508
3.9010000000000002,0.6,0.6000000238418579,0.5893974483199418,0.0,0.0,2.2239344343605683
3.902,0.6,0.6000000238418579,0.5893974483199418,0.0,0.0,2.2264344345154234
3.903,0.6,0.6000000238418579,0.5893974483199418,0.0,0.0,2.2289344346827966
3.904,0.6,0.6000000238418579,0.5893974483199418,0.0,0.0,2.2314344348605397
3.9050000000000002,0.6,0.6000000834465027,0.5893974483199418,0.0,0.0,2.2339344350466264
3.906,0.6,0.6000000238418579,0.5893974483199418,0.0,0.0,2.2364344352324377
3.907,0.6,0.6000000238418579,0.5893974483199418,0.0,0.0,2.2389344354165566
3.908,0.6,0.6000000238418579,0.5893974483199418,0.0,0.0,2.2414344355976414
3.9090000000000003,0.6,0.6000000238418579,0.5893974483199418,0.0,0.0,2.243934435774424
3.91,0.6,0.6000000238418579,0.5893974483199418,0.0,0.0,2.2464344359457025
3.911,0.6,0.6000000834465027,0.5893974483199418,0.0,0.0,2.2489344361103396
3.912,0.6,0.6000000238418579,0.5893974483199418,0.0,0.0,2.2514344362605505
3.9130000000000003,0.6,0.6000000238418579,0.5893974483199418,0.0,0.0,2.253934436395701
3.914,0.6,0.6000000238418579,0.5893974483199418,0.0,0.0,2.2564344365151845
3.915,0.6,0.6000000238418579,0.5893974483199418,0.0,0.0,2.2589344366184227
3.916,0.6,0.6000000238418579,0.5893974483199418,0.0,0.0,2.261434436704861
3.9170000000000003,0.6,0.6000000238418579,0.5893974483199418,0.0,0.0,2.2639344367739707
3.918,0.6,0.6000000238418579,0.5893974483199418,0.0,0.0,2.2664344368252443
3.919,0.6,0.6000000238418579,0.5893974483199418,0.0,0.0,2.2689344368581947
3.92,0.6,0.6000000238418579,0.5893974483199418,0.0,0.0,2.2714344368723562
3.9210000000000003,0.6,0.6000000834465027,0.5893974483199418,0.0,0.0,2.2739344368672807
3.922,0.6,0.5999999642372131,0.5893974483199418,0.0,0.0,2.2764344368358302
3.923,0.6,0.5999999642372131,0.5893974483199418,0.0,0.0,2.278934436784685
3.924,0.6,0.5999999046325684,0.5893974483199418,0.0,0.0,2.281434436720128
3.9250000000000003,0.6,0.5999999046325684,0.5893974483199418,0.0,0.0,2.283934436654779
3.926,0.6,0.6000000238418579,0.5893974483199418,0.0,0.0,2.28643443660052
3.927,0.6,0.5999999642372131,0.5893974483199418,0.0,0.0,2.288934436555132
3.928,0.6,0.6000000834465027,0.5893974483199418,0.0,0.0,2.2914344365232258
3.9290000000000003,0.6,0.5999999642372131,0.5893974483199418,0.0,0.0,2.2939344364957326
3.93,0.6,0.5999999642372131,0.5893974483199418,0.0,0.0,2.2964344364775178
3.931,0.6,0.6000000238418579,0.5893974483199418,0.0,0.0,2.298934436473162
3.932,0.6,0.6000000834465027,0.5893974483199418,0.0,0.0,2.301434436480273
3.9330000000000003,0.6,0.6000000238418579,0.5893974483199418,0.0,0.0,2.3039344364898886
3.934,0.6,0.6000000238418579,0.5893974483199418,0.0,0.0,2.306434436500268
3.935,0.6,0.6000000238418579,0.5893974483199418,0.0,0.0,2.308934436509768
3.936,0.6,0.6000000238418579,0.5893974483199418,0.0,0.0,2.311434436516836
3.9370000000000003,0.6,0.6000000238418579,0.5893974483199418,0.0,0.0,2.3139344365200043
3.938,0.6,0.6000000238418579,0.5893974483199418,0.0,0.0,2.316434436517884
3.939,0.6,0.6000000238418579,0.5893974483199418,0.0,0.0,2.318934436509164
3.94,0.6,0.5999999642372131,0.5893974483199418,0.0,0.0,2.3214344364926007
3.9410000000000003,0.6,0.6000000238418579,0.5893974483199418,0.0,0.0,2.3239344364737256
3.942,0.6,0.6000000834465027,0.5893974483199418,0.0,0.0,2.326434436451036
3.943,0.6,0.5999999046325684,0.5893974483199418,0.0,0.0,2.3289344364164077
3.944,0.6,0.6000000238418579,0.5893974483199418,0.0,0.0,2.3314344363822976
3.9450000000000003,0.6,0.5999999642372131,0.5893974483199418,0.0,0.0,2.333934436347025
3.946,0.6,0.5999999642372131,0.5893974483199418,0.0,0.0,2.336434436315709
3.947,0.6,0.6000000238418579,0.5893974483199418,0.0,0.0,2.3389344362931683
3.948,0.6,0.6000000834465027,0.5893974483199418,0.0,0.0,2.341434436277233
3.9490000000000003,0.6,0.6000000834465027,0.5893974483199418,0.0,0.0,2.343934436259152
3.95,0.6,0.6000000238418579,0.5893974483199418,0.0,0.0,2.3464344362306733
3.951,0.6,0.6000000238418579,0.5893974483199418,0.0,0.0,2.3489344361907265
3.952,0.6,0.5999999642372131,0.5893974483199418,0.0,0.0,2.3514344361382946
3.9530000000000003,0.6,0.6000000238418579,0.5893974483199418,0.0,0.0,2.3539344360791215
3.954,0.6,0.6000000238418579,0.5893974483199418,0.0,0.0,2.356434436011904
3.955,0.6,0.5999999642372131,0.5893974483199418,0.0,0.0,2.358934435935411
3.956,0.6,0.5999999642372131,0.5893974483199418,0.0,0.0,2.361434435855182
3.9570000000000003,0.6,0.5999999642372131,0.5893974483199418,0.0,0.0,2.363934435776432
3.958,0.6,0.5999999046325684,0.5893974483199418,0.0,0.0,2.3664344357040688
3.959,0.6,0.6000000238418579,0.5893974483199418,0.0,0.0,2.3689344356494204
3.96,0.6,0.6000000238418579,0.5893974483199418,0.0,0.0,2.3714344356097463
3.9610000000000003,0.6,0.5999999642372131,0.5893974483199418,0.0,0.0,2.3739344355824628
3.962,0.6,0.6000000238418579,0.5893974483199418,0.0,0.0,2.3764344355718414
3.963,0.6,0.6000000238418579,0.5893974483199418,0.0,0.0,2.3789344355751996
3.964,0.6,0.6000000238418579,0.5893974483199418,0.0,0.0,2.381434435590009
3.9650000000000003,0.6,0.6000000238418579,0.5893974483199418,0.0,0.0,2.3839344356138867
3.966,0.6,0.6000000834465027,0.5893974483199418,0.0,0.0,2.3864344356445857
3.967,0.6,0.6000000834465027,0.5893974483199418,0.0,0.0,2.3889344356732796
3.968,0.6,0.6000000238418579,0.5893974483199418,0.0,0.0,2.39143443569165
3.969,0.6,0.6000000238418579,0.5893974483199418,0.0,0.0,2.393934435698561
3.97,0.6,0.6000000238418579,0.5893974483199418,0.0,0.0,2.396434435692936
3.971,0.6,0.6000000238418579,0.5893974483199418,0.0,0.0,2.398934435673755
3.972,0.6,0.5999999642372131,0.5893974483199418,0.0,0.0,2.401434435640049
3.973,0.6,0.5999999046325684,0.5893974483199418,0.0,0.0,2.403934435597607
3.974,0.6,0.5999999642372131,0.5893974483199418,0.0,0.0,2.406434435558582
3.975,0.6,0.5999999642372131,0.5893974483199418,0.0,0.0,2.4089344355277147
3.976,0.6,0.6000000238418579,0.5893974483199418,0.0,0.0,2.4114344355094683
3.977,0.6,0.6000000834465027,0.5893974483199418,0.0,0.0,2.41393443550134
3.978,0.6,0.6000000238418579,0.5893974483199418,0.0,0.0,2.416434435494264
3.979,0.6,0.6000000238418579,0.5893974483199418,0.0,0.0,2.4189344354864026
3.98,0.6,0.6000000834465027,0.5893974483199418,0.0,0.0,2.421434435476022
3.981,0.6,0.6000000238418579,0.5893974483199418,0.0,0.0,2.4239344354547767
3.982,0.6,0.5999999046325684,0.5893974483199418,0.0,0.0,2.4264344354215064
3.983,0.6,0.5999999642372131,0.5893974483199418,0.0,0.0,2.4289344353885247
3.984,0.6,0.5999999046325684,0.5893974483199418,0.0,0.0,2.4314344353607216
3.985,0.6,0.5999999642372131,0.5893974483199418,0.0,0.0,2.433934435349408
3.986,0.6,0.5999999642372131,0.5893974483199418,0.0,0.0,2.436434435358533
3.987,0.6,0.6000000834465027,0.5893974483199418,0.0,0.0,2.4389344353918174
3.988,0.6,0.6000000238418579,0.5893974483199418,0.0,0.0,2.441434435439355
3.989,0.6,0.6000000238418579,0.5893974483199418,0.0,0.0,2.4439344354985195
3.99,0.6,0.6000000238418579,0.5893974483199418,0.0,0.0,2.4464344355668355
3.991,0.6,0.6000000834465027,0.5893974483199418,0.0,0.0,2.44893443564197
3.992,0.6,0.6000000834465027,0.5893974483199418,0.0,0.0,2.4514344357150164
3.993,0.6,0.6000000834465027,0.5893974483199418,0.0,0.0,2.453934435777579
3.994,0.6,0.6000000238418579,0.5893974483199418,0.0,0.0,2.456434435821745
3.995,0.6,0.6000000238418579,0.5893974483199418,0.0,0.0,2.458934435846758
3.996,0.6,0.6000000238418579,0.5893974483199418,0.0,0.0,2.4614344358518974
3.997,0.6,0.6000000834465027,0.5893974483199418,0.0,0.0,2.463934435836479
3.998,0.6,0.6000000238418579,0.5893974483199418,0.0,0.0,2.466434435793141
3.999,0.6,0.6000000238418579,0.5893974483199418,0.0,0.0,2.468934435721649
4.0,0.6,0.5999999642372131,0.5893974483199418,0.0,0.0,2.4714344356217697
4.001,0.6,0.5999999642372131,0.5893974483199418,0.0,0.0,2.473934435499983
4.002,0.6,0.5999999642372131,0.5893974483199418,0.0,0.0,2.476434435362385
4.003,0.6,0.6000000238418579,0.5893974483199418,0.0,0.0,2.478934435214711
4.0040000000000004,0.6,0.6000000238418579,0.5893974483199418,0.0,0.0,2.4814344350556543
4.005,0.6,0.6000000238418579,0.5893974483199418,0.0,0.0,2.4839344348839756
4.006,0.6,0.6000000238418579,0.5893974483199418,0.0,0.0,2.4864344346985043
4.007,0.6,0.6000000238418579,0.5893974483199418,0.0,0.0,2.48893443449813
4.008,0.6,0.6000000238418579,0.5893974483199418,0.0,0.0,2.4914344342818016
4.009,0.6,0.6000000238418579,0.5893974483199418,0.0,0.0,2.4939344340485206
4.01,0.6,0.6000000238418579,0.5893974483199418,0.0,0.0,2.4964344337973423
4.011,0.6,0.6000000238418579,0.5893974483199418,0.0,0.0,2.4989344335273684
4.0120000000000005,0.6,0.5999998450279236,0.5893974483199418,0.0,0.0,2.5014344332377463
4.013,0.6,0.5999999046325684,0.5893974483199418,0.0,0.0,2.503934432947785
4.014,0.6,0.5999999046325684,0.5893974483199418,0.0,0.0,2.506434432668965
4.015,0.6,0.5999999046325684,0.5893974483199418,0.0,0.0,2.508934432412102
4.016,0.6,0.5999999046325684,0.5893974483199418,0.0,0.0,2.511434432187386
4.017,0.6,0.6000000238418579,0.5893974483199418,0.0,0.0,2.51393443200442
4.018,0.6,0.5999999642372131,0.5893974483199418,0.0,0.0,2.516434431858844
4.019,0.6,0.6000000238418579,0.5893974483199418,0.0,0.0,2.5189344317532627
4.0200000000000005,0.6,0.5999999642372131,0.5893974483199418,0.0,0.0,2.521434431683426
4.021,0.6,0.5999999642372131,0.5893974483199418,0.0,0.0,2.523934431652044
4.022,0.6,0.6000000238418579,0.5893974483199418,0.0,0.0,2.5264344316616736
4.023,0.6,0.6000000238418579,0.5893974483199418,0.0,0.0,2.528934431708022
4.024,0.6,0.6000000834465027,0.5893974483199418,0.0,0.0,2.5314344317870505
4.025,0.6,0.5999999642372131,0.5893974483199418,0.0,0.0,2.5339344318882513
4.026,0.6,0.6000000238418579,0.5893974483199418,0.0,0.0,2.5364344320151404
4.027,0.6,0.6000000238418579,0.5893974483199418,0.0,0.0,2.538934432164325
4.0280000000000005,0.6,0.5999999642372131,0.5893974483199418,0.0,0.0,2.541434432332611
4.029,0.6,0.6000000238418579,0.5893974483199418,0.0,0.0,2.5439344325236966
4.03,0.6,0.6000000834465027,0.5893974483199418,0.0,0.0,2.546434432734361
4.031,0.6,0.6000000238418579,0.5893974483199418,0.0,0.0,2.5489344329548644
4.032,0.6,0.6000000834465027,0.5893974483199418,0.0,0.0,2.551434433182737
4.033,0.6,0.6000000834465027,0.5893974483199418,0.0,0.0,2.5539344334089438
4.034,0.6,0.6000000238418579,0.5893974483199418,0.0,0.0,2.556434433624969
4.035,0.6,0.6000000238418579,0.5893974483199418,0.0,0.0,2.5589344338294935
4.0360000000000005,0.6,0.6000000238418579,0.5893974483199418,0.0,0.0,2.5614344340212667
4.037,0.6,0.6000000834465027,0.5893974483199418,0.0,0.0,2.5639344341991066
4.038,0.6,0.6000000834465027,0.5893974483199418,0.0,0.0,2.5664344343551866
4.039,0.6,0.6000000238418579,0.5893974483199418,0.0,0.0,2.568934434482126
4.04,0.6,0.5999999642372131,0.5893974483199418,0.0,0.0,2.571434434579669
4.041,0.6,0.6000000238418579,0.5893974483199418,0.0,0.0,2.573934434654273
4.042,0.6,0.5999999642372131,0.5893974483199418,0.0,0.0,2.576434434705306
4.043,0.6,0.6000000238418579,0.5893974483199418,0.0,0.0,2.5789344347388714
4.0440000000000005,0.6,0.6000000238418579,0.5893974483199418,0.0,0.0,2.581434434754007
4.045,0.6,0.6000000238418579,0.5893974483199418,0.0,0.0,2.5839344347497986
4.046,0.6,0.6000000834465027,0.5893974483199418,0.0,0.0,2.586434434725379
4.047,0.6,0.5999999642372131,0.5893974483199418,0.0,0.0,2.5889344346732166
4.048,0.6,0.5999999642372131,0.5893974483199418,0.0,0.0,2.5914344345996216
4.049,0.6,0.6000000238418579,0.5893974483199418,0.0,0.0,2.5939344345105315
4.05,0.6,0.5999999642372131,0.5893974483199418,0.0,0.0,2.5964344344048267
4.051,0.6,0.6000000238418579,0.5893974483199418,0.0,0.0,2.5989344342881537
4.0520000000000005,0.6,0.5999999046325684,0.5893974483199418,0.0,0.0,2.60143443415912
4.053,0.6,0.5999999642372131,0.5893974483199418,0.0,0.0,2.6039344340298207
4.054,0.6,0.6000000238418579,0.5893974483199418,0.0,0.0,2.606434433904943
4.055,0.6,0.6000000238418579,0.5893974483199418,0.0,0.0,2.6089344337821925
4.056,0.6,0.5999999642372131,0.5893974483199418,0.0,0.0,2.6114344336594058
4.057,0.6,0.5999999642372131,0.5893974483199418,0.0,0.0,2.6139344335412504
4.058,0.6,0.6000000238418579,0.5893974483199418,0.0,0.0,2.6164344334321203
4.059,0.6,0.6000000238418579,0.5893974483199418,0.0,0.0,2.6189344333294478
4.0600000000000005,0.6,0.6000000238418579,0.5893974483199418,0.0,0.0,2.6214344332308133
4.061,0.6,0.5999999642372131,0.5893974483199418,0.0,0.0,2.623934433133935
4.062,0.6,0.5999999642372131,0.5893974483199418,0.0,0.0,2.626434433043369
4.063,0.6,0.6000000238418579,0.5893974483199418,0.0,0.0,2.628934432963405
4.064,0.6,0.5999999642372131,0.5893974483199418,0.0,0.0,2.6314344328913766
4.065,0.6,0.5999999046325684,0.5893974483199418,0.0,0.0,2.63393443283148
4.066,0.6,0.6000000238418579,0.5893974483199418,0.0,0.0,2.636434432794373
4.067,0.6,0.6000000238418579,0.5893974483199418,0.0,0.0,2.6389344327766855
4.0680000000000005,0.6,0.6000000238418579,0.5893974483199418,0.0,0.0,2.6414344327752444
4.069,0.6,0.6000000238418579,0.5893974483199418,0.0,0.0,2.64393443278706
4.07,0.6,0.6000000834465027,0.5893974483199418,0.0,0.0,2.646434432809319
4.071,0.6,0.6000000238418579,0.5893974483199418,0.0,0.0,2.6489344328326605
4.072,0.6,0.6000000834465027,0.5893974483199418,0.0,0.0,2.6514344328549733
4.073,0.6,0.6000000238418579,0.5893974483199418,0.0,0.0,2.6539344328675574
4.074,0.6,0.6000000238418579,0.5893974483199418,0.0,0.0,2.65643443286892
4.075,0.6,0.6000000238418579,0.5893974483199418,0.0,0.0,2.6589344328576487
4.0760000000000005,0.6,0.6000000238418579,0.5893974483199418,0.0,0.0,2.6614344328324093
4.077,0.6,0.6000000238418579,0.5893974483199418,0.0,0.0,2.6639344327919385
4.078,0.6,0.5999999642372131,0.5893974483199418,0.0,0.0,2.6664344327350413
4.079,0.6,0.6000000238418579,0.5893974483199418,0.0,0.0,2.668934432667292
4.08,0.6,0.5999999642372131,0.5893974483199418,0.0,0.0,2.6714344325872306
4.081,0.6,0.5999999642372131,0.5893974483199418,0.0,0.0,2.673934432500184
4.082,0.6,0.5999999642372131,0.5893974483199418,0.0,0.0,2.676434432411167
4.083,0.6,0.5999999642372131,0.5893974483199418,0.0,0.0,2.6789344323248994
4.0840000000000005,0.6,0.6000000238418579,0.5893974483199418,0.0,0.0,2.6814344322458274
4.085,0.6,0.6000000238418579,0.5893974483199418,0.0,0.0,2.683934432171432
4.086,0.6,0.5999999642372131,0.5893974483199418,0.0,0.0,2.6864344320993374
4.087,0.6,0.6000000238418579,0.5893974483199418,0.0,0.0,2.688934432034012
4.088,0.6,0.5999999642372131,0.5893974483199418,0.0,0.0,2.691434431972957
4.089,0.6,0.5999999642372131,0.5893974483199418,0.0,0.0,2.6939344319205234
4.09,0.6,0.5999999046325684,0.5893974483199418,0.0,0.0,2.6964344318808102
4.091,0.6,0.6000000238418579,0.5893974483199418,0.0,0.0,2.6989344318643855
4.0920000000000005,0.6,0.6000000238418579,0.5893974483199418,0.0,0.0,2.7014344318677943
4.093,0.6,0.6000000238418579,0.5893974483199418,0.0,0.0,2.703934431887783
4.094,0.6,0.6000000238418579,0.5893974483199418,0.0,0.0,2.70643443192129
4.095,0.6,0.6000000834465027,0.5893974483199418,0.0,0.0,2.7089344319654294
4.096,0.6,0.6000000238418579,0.5893974483199418,0.0,0.0,2.711434432010776
4.097,0.6,0.6000000238418579,0.5893974483199418,0.0,0.0,2.7139344320551566
4.098,0.6,0.6000000238418579,0.5893974483199418,0.0,0.0,2.71643443209652
4.099,0.6,0.6000000238418579,0.5893974483199418,0.0,0.0,2.718934432132932
4.1,0.6,0.6000000238418579,0.5893974483199418,0.0,0.0,2.721434432162566
4.101,0.6,0.6000000238418579,0.5893974483199418,0.0,0.0,2.7239344321836985
4.102,0.6,0.6000000238418579,0.5893974483199418,0.0,0.0,2.7264344321947016
4.103,0.6,0.6000000238418579,0.5893974483199418,0.0,0.0,2.728934432194037
4.104,0.6,0.6000000238418579,0.5893974483199418,0.0,0.0,2.7314344321802517
4.105,0.6,0.5999999046325684,0.5893974483199418,0.0,0.0,2.733934432151971
4.106,0.6,0.5999999642372131,0.5893974483199418,0.0,0.0,2.736434432121308
4.107,0.6,0.6000000238418579,0.5893974483199418,0.0,0.0,2.738934432092965
4.108,0.6,0.5999999046325684,0.5893974483199418,0.0,0.0,2.741434432064664
4.109,0.6,0.6000000238418579,0.5893974483199418,0.0,0.0,2.7439344320476686
4.11,0.6,0.6000000834465027,0.5893974483199418,0.0,0.0,2.7464344320391785
4.111,0.6,0.5999999642372131,0.5893974483199418,0.0,0.0,2.748934432029847
4.112,0.6,0.6000000834465027,0.5893974483199418,0.0,0.0,2.7514344320242827
4.113,0.6,0.6000000834465027,0.5893974483199418,0.0,0.0,2.7539344320134087
4.114,0.6,0.6000000834465027,0.5893974483199418,0.0,0.0,2.756434431988674
4.115,0.6,0.6000000238418579,0.5893974483199418,0.0,0.0,2.7589344319420173
4.116,0.6,0.6000000238418579,0.5893974483199418,0.0,0.0,2.7614344318725434
4.117,0.6,0.6000000238418579,0.5893974483199418,0.0,0.0,2.763934431779403
4.118,0.6,0.5999999642372131,0.5893974483199418,0.0,0.0,2.7664344316617875
4.119,0.6,0.5999999642372131,0.5893974483199418,0.0,0.0,2.7689344315256372
4.12,0.6,0.5999999642372131,0.5893974483199418,0.0,0.0,2.7714344313765404
4.121,0.6,0.5999999642372131,0.5893974483199418,0.0,0.0,2.7739344312197574
4.122,0.6,0.6000000238418579,0.5893974483199418,0.0,0.0,2.7764344310602405
4.123,0.6,0.6000000238418579,0.5893974483199418,0.0,0.0,2.7789344308959456
4.124,0.6,0.6000000238418579,0.5893974483199418,0.0,0.0,2.781434430724945
4.125,0.6,0.6000000238418579,0.5893974483199418,0.0,0.0,2.783934430545418
4.126,0.6,0.5999999046325684,0.5893974483199418,0.0,0.0,2.7864344303556465
4.127,0.6,0.5999999642372131,0.5893974483199418,0.0,0.0,2.788934430167421
4.128,0.6,0.5999999642372131,0.5893974483199418,0.0,0.0,2.7914344299851415
4.1290000000000004,0.6,0.6000000238418579,0.5893974483199418,0.0,0.0,2.7939344298129507
4.13,0.6,0.5999999642372131,0.5893974483199418,0.0,0.0,2.7964344296480466
4.131,0.6,0.6000000238418579,0.5893974483199418,0.0,0.0,2.798934429494495
4.132,0.6,0.5999999642372131,0.5893974483199418,0.0,0.0,2.8014344293494204
4.133,0.6,0.6000000238418579,0.5893974483199418,0.0,0.0,2.80393442921682
4.134,0.6,0.6000000238418579,0.5893974483199418,0.0,0.0,2.8064344290937533
4.135,0.6,0.6000000238418579,0.5893974483199418,0.0,0.0,2.8089344289774516
4.136,0.6,0.5999999642372131,0.5893974483199418,0.0,0.0,2.8114344288653057
4.1370000000000005,0.6,0.5999999642372131,0.5893974483199418,0.0,0.0,2.8139344287615615
4.138,0.6,0.6000000238418579,0.5893974483199418,0.0,0.0,2.816434428670221
4.139,0.6,0.5999999642372131,0.5893974483199418,0.0,0.0,2.8189344285883484
4.14,0.6,0.5999999642372131,0.5893974483199418,0.0,0.0,2.8214344285198827
4.141,0.6,0.6000000238418579,0.5893974483199418,0.0,0.0,2.8239344284685366
4.142,0.6,0.5999999642372131,0.5893974483199418,0.0,0.0,2.8264344284311043
4.143,0.6,0.6000000238418579,0.5893974483199418,0.0,0.0,2.8289344284112707
4.144,0.6,0.6000000238418579,0.5893974483199418,0.0,0.0,2.831434428405805
4.1450000000000005,0.6,0.6000000834465027,0.5893974483199418,0.0,0.0,2.833934428411663
4.146,0.6,0.6000000238418579,0.5893974483199418,0.0,0.0,2.8364344284192717
4.147,0.6,0.6000000834465027,0.5893974483199418,0.0,0.0,2.838934428426317
4.148,0.6,0.6000000238418579,0.5893974483199418,0.0,0.0,2.841434428423912
4.149,0.6,0.6000000834465027,0.5893974483199418,0.0,0.0,2.8439344284103845
4.15,0.6,0.6000000238418579,0.5893974483199418,0.0,0.0,2.8464344283774516
4.151,0.6,0.5999999642372131,0.5893974483199418,0.0,0.0,2.8489344283240094
4.152,0.6,0.5999999642372131,0.5893974483199418,0.0,0.0,2.851434428255718
4.1530000000000005,0.6,0.5999999046325684,0.5893974483199418,0.0,0.0,2.8539344281779058
4.154,0.6,0.6000000238418579,0.5893974483199418,0.0,0.0,2.8564344281022946
4.155,0.6,0.5999999642372131,0.5893974483199418,0.0,0.0,2.8589344280265125
4.156,0.6,0.5999999642372131,0.5893974483199418,0.0,0.0,2.861434427955031
4.157,0.6,0.5999999642372131,0.5893974483199418,0.0,0.0,2.8639344278920595
4.158,0.6,0.6000000238418579,0.5893974483199418,0.0,0.0,2.8664344278415657
4.159,0.6,0.5999999642372131,0.5893974483199418,0.0,0.0,2.8689344278005806
4.16,0.6,0.6000000238418579,0.5893974483199418,0.0,0.0,2.871434427773014
4.1610000000000005,0.6,0.6000001430511475,0.5893974483199418,0.0,0.0,2.8739344277558443
4.162,0.6,0.6000000834465027,0.5893974483199418,0.0,0.0,2.876434427732812
4.163,0.6,0.6000000238418579,0.5893974483199418,0.0,0.0,2.878934427695303
4.164,0.6,0.5999999642372131,0.5893974483199418,0.0,0.0,2.8814344276419037
4.165,0.6,0.6000000238418579,0.5893974483199418,0.0,0.0,2.883934427577986
4.166,0.6,0.5999999642372131,0.5893974483199418,0.0,0.0,2.886434427501897
4.167,0.6,0.5999999642372131,0.5893974483199418,0.0,0.0,2.8889344274187847
4.168,0.6,0.5999999642372131,0.5893974483199418,0.0,0.0,2.8914344273334938
4.1690000000000005,0.6,0.5999999642372131,0.5893974483199418,0.0,0.0,2.893934427250587
4.17,0.6,0.5999999642372131,0.5893974483199418,0.0,0.0,2.896434427174362
4.171,0.6,0.5999999642372131,0.5893974483199418,0.0,0.0,2.8989344271088657
4.172,0.6,0.5999999642372131,0.5893974483199418,0.0,0.0,2.901434427057913
4.173,0.6,0.6000000238418579,0.5893974483199418,0.0,0.0,2.9039344270250975
4.174,0.6,0.5999999642372131,0.5893974483199418,0.0,0.0,2.9064344270071008
4.175,0.6,0.6000000834465027,0.5893974483199418,0.0,0.0,2.9089344270075053
4.176,0.6,0.6000000834465027,0.5893974483199418,0.0,0.0,2.911434427016274
4.1770000000000005,0.6,0.6000000238418579,0.5893974483199418,0.0,0.0,2.913934427023953
4.178,0.6,0.6000000238418579,0.5893974483199418,0.0,0.0,2.916434427028338
4.179,0.6,0.6000000834465027,0.5893974483199418,0.0,0.0,2.9189344270273536
4.18,0.6,0.5999999642372131,0.5893974483199418,0.0,0.0,2.921434427012333
4.181,0.6,0.6000000834465027,0.5893974483199418,0.0,0.0,2.9239344269885206
4.182,0.6,0.5999999642372131,0.5893974483199418,0.0,0.0,2.92643442694744
4.183,0.6,0.5999999046325684,0.5893974483199418,0.0,0.0,2.928934426894515
4.184,0.6,0.5999999642372131,0.5893974483199418,0.0,0.0,2.931434426841557
4.1850000000000005,0.6,0.5999999642372131,0.5893974483199418,0.0,0.0,2.9339344267929843
4.186,0.6,0.5999999642372131,0.5893974483199418,0.0,0.0,2.936434426752959
4.187,0.6,0.6000000238418579,0.5893974483199418,0.0,0.0,2.9389344267254027
4.188,0.6,0.6000000238418579,0.5893974483199418,0.0,0.0,2.9414344267073034
4.189,0.6,0.6000000238418579,0.5893974483199418,0.0,0.0,2.9439344266958254
4.19,0.6,0.6000000834465027,0.5893974483199418,0.0,0.0,2.9464344266882954
4.191,0.6,0.6000000238418579,0.5893974483199418,0.0,0.0,2.9489344266754887
4.192,0.6,0.6000000238418579,0.5893974483199418,0.0,0.0,2.9514344266554193
4.1930000000000005,0.6,0.5999999046325684,0.5893974483199418,0.0,0.0,2.9539344266262124
4.194,0.6,0.5999999642372131,0.5893974483199418,0.0,0.0,2.9564344265995115
4.195,0.6,0.6000000834465027,0.5893974483199418,0.0,0.0,2.9589344265795785
4.196,0.6,0.6000000238418579,0.5893974483199418,0.0,0.0,2.961434426557015
4.197,0.6,0.5999999642372131,0.5893974483199418,0.0,0.0,2.963934426529671
4.198,0.6,0.6000000238418579,0.5893974483199418,0.0,0.0,2.9664344265022264
4.199,0.6,0.5999999642372131,0.5893974483199418,0.0,0.0,2.96893442647238
4.2,0.6,0.6000000238418579,0.5893974483199418,0.0,0.0,2.97143442644467
4.2010000000000005,0.6,0.5999999642372131,0.5893974483199418,0.0,0.0,2.9739344264166636
4.202,0.6,0.6000000834465027,0.5893974483199418,0.0,0.0,2.9764344263927742
4.203,0.6,0.5999999642372131,0.5893974483199418,0.0,0.0,2.978934426363745
4.204,0.6,0.6000000238418579,0.5893974483199418,0.0,0.0,2.981434426334267
4.205,0.6,0.5999999642372131,0.5893974483199418,0.0,0.0,2.9839344263020506
4.206,0.6,0.5999999642372131,0.5893974483199418,0.0,0.0,2.986434426271644
4.207,0.6,0.6000000834465027,0.5893974483199418,0.0,0.0,2.98893442624733
4.208,0.6,0.5999999642372131,0.5893974483199418,0.0,0.0,2.9914344262197305
4.2090000000000005,0.6,0.5999999046325684,0.5893974483199418,0.0,0.0,2.993934426193422
4.21,0.6,0.6000000834465027,0.5893974483199418,0.0,0.0,2.996434426179421
4.211,0.6,0.6000000238418579,0.5893974483199418,0.0,0.0,2.998934426167986
4.212,0.6,0.6000000834465027,0.5893974483199418,0.0,0.0,3.001434426156648
4.213,0.6,0.5999999642372131,0.5893974483199418,0.0,0.0,3.0039344261363707
4.214,0.6,0.6000000238418579,0.5893974483199418,0.0,0.0,3.006434426112053
4.215,0.6,0.5999999642372131,0.5893974483199418,0.0,0.0,3.0089344260815993
4.216,0.6,0.6000000238418579,0.5893974483199418,0.0,0.0,3.011434426049741
4.2170000000000005,0.6,0.5999999642372131,0.5893974483199418,0.0,0.0,3.013934426014227
4.218,0.6,0.6000000238418579,0.5893974483199418,0.0,0.0,3.016434425979639
4.219,0.6,0.6000000238418579,0.5893974483199418,0.0,0.0,3.018934425943588
4.22,0.6,0.5999999642372131,0.5893974483199418,0.0,0.0,3.021434425903821
4.221,0.6,0.5999999642372131,0.5893974483199418,0.0,0.0,3.023934425864918
4.222,0.6,0.6000000238418579,0.5893974483199418,0.0,0.0,3.0264344258311957
4.223,0.6,0.6000000238418579,0.5893974483199418,0.0,0.0,3.0289344258000117
4.224,0.6,0.5999999642372131,0.5893974483199418,0.0,0.0,3.031434425768876
4.225,0.6,0.6000000238418579,0.5893974483199418,0.0,0.0,3.033934425742149
4.226,0.6,0.5999999642372131,0.5893974483199418,0.0,0.0,3.0364344257172307
4.227,0.6,0.6000000238418579,0.5893974483199418,0.0,0.0,3.0389344256983777
4.228,0.6,0.6000000238418579,0.5893974483199418,0.0,0.0,3.041434425682893
4.229,0.6,0.6000000238418579,0.5893974483199418,0.0,0.0,3.043934425668236
4.23,0.6,0.6000000238418579,0.5893974483199418,0.0,0.0,3.0464344256520106
4.231,0.6,0.6000000238418579,0.5893974483199418,0.0,0.0,3.04893442563196
4.232,0.6,0.6000000238418579,0.5893974483199418,0.0,0.0,3.051434425605954
4.233,0.6,0.6000000238418579,0.5893974483199418,0.0,0.0,3.0539344255719842
4.234,0.6,0.5999999642372131,0.5893974483199418,0.0,0.0,3.056434425528156
4.235,0.6,0.5999999642372131,0.5893974483199418,0.0,0.0,3.0589344254793875
4.236,0.6,0.5999999642372131,0.5893974483199418,0.0,0.0,3.061434425430309
4.237,0.6,0.5999999046325684,0.5893974483199418,0.0,0.0,3.0639344253852814
4.238,0.6,0.6000000834465027,0.5893974483199418,0.0,0.0,3.066434425355119
4.239,0.6,0.5999999642372131,0.5893974483199418,0.0,0.0,3.068934425329892
4.24,0.6,0.6000000238418579,0.5893974483199418,0.0,0.0,3.0714344253136585
4.241,0.6,0.6000000834465027,0.5893974483199418,0.0,0.0,3.0739344253035363
4.242,0.6,0.6000000238418579,0.5893974483199418,0.0,0.0,3.0764344252901026
4.243,0.6,0.6000000238418579,0.5893974483199418,0.0,0.0,3.078934425271185
4.244,0.6,0.6000000238418579,0.5893974483199418,0.0,0.0,3.0814344252447365
4.245,0.6,0.5999999642372131,0.5893974483199418,0.0,0.0,3.083934425208823
4.246,0.6,0.5999999642372131,0.5893974483199418,0.0,0.0,3.086434425168328
4.247,0.6,0.5999999642372131,0.5893974483199418,0.0,0.0,3.0889344251278494
4.248,0.6,0.5999999046325684,0.5893974483199418,0.0,0.0,3.0914344250917165
4.249,0.6,0.6000000238418579,0.5893974483199418,0.0,0.0,3.0939344250707155
4.25,0.6,0.6000000238418579,0.5893974483199418,0.0,0.0,3.0964344250615943
4.251,0.6,0.6000000238418579,0.5893974483199418,0.0,0.0,3.098934425061293
4.252,0.6,0.6000000238418579,0.5893974483199418,0.0,0.0,3.1014344250669286
4.253,0.6,0.6000000238418579,0.5893974483199418,0.0,0.0,3.103934425075784
4.2540000000000004,0.6,0.6000000238418579,0.5893974483199418,0.0,0.0,3.1064344250853004
4.255,0.6,0.6000000834465027,0.5893974483199418,0.0,0.0,3.1089344250930657
4.256,0.6,0.6000000834465027,0.5893974483199418,0.0,0.0,3.1114344250901
4.257,0.6,0.6000000834465027,0.5893974483199418,0.0,0.0,3.1139344250679386
4.258,0.6,0.6000000238418579,0.5893974483199418,0.0,0.0,3.1164344250186042
4.259,0.6,0.5999999642372131,0.5893974483199418,0.0,0.0,3.1189344249412794
4.26,0.6,0.6000000238418579,0.5893974483199418,0.0,0.0,3.1214344248418953
4.261,0.6,0.6000000238418579,0.5893974483199418,0.0,0.0,3.123934424719326
4.2620000000000005,0.6,0.5999999642372131,0.5893974483199418,0.0,0.0,3.1264344245725053
4.263,0.6,0.5999999046325684,0.5893974483199418,0.0,0.0,3.1289344244071295
4.264,0.6,0.5999999642372131,0.5893974483199418,0.0,0.0,3.131434424235266
4.265,0.6,0.5999999642372131,0.5893974483199418,0.0,0.0,3.133934424061574
4.266,0.6,0.5999999046325684,0.5893974483199418,0.0,0.0,3.136434423890441
4.267,0.6,0.5999999642372131,0.5893974483199418,0.0,0.0,3.138934423732708
4.268,0.6,0.5999999642372131,0.5893974483199418,0.0,0.0,3.141434423591881
4.269,0.6,0.5999999642372131,0.5893974483199418,0.0,0.0,-3.13925088370832
4.2700000000000005,0.6,0.6000000238418579,0.5893974483199418,0.0,0.0,-3.1367508838056035
4.271,0.6,0.5999999642372131,0.5893974483199418,0.0,0.0,-3.1342508838833227
4.272,0.6,0.5999999642372131,0.5893974483199418,0.0,0.0,-3.1317508839383144
4.273,0.6,0.6000000238418579,0.5893974483199418,0.0,0.0,-3.1292508839675963
4.274,0.6,0.6000000238418579,0.5893974483199418,0.0,0.0,-3.126750883975061
4.275,0.6,0.6000000834465027,0.5893974483199418,0.0,0.0,-3.124250883964372
4.276,0.6,0.6000000834465027,0.5893974483199418,0.0,0.0,-3.121750883945684
4.277,0.6,0.6000000238418579,0.5893974483199418,0.0,0.0,-3.1192508839285633
4.2780000000000005,0.6,0.6000000834465027,0.5893974483199418,0.0,0.0,-3.116750883915317
4.279,0.6,0.6000000834465027,0.5893974483199418,0.0,0.0,-3.114250883914827
4.28,0.6,0.6000000834465027,0.5893974483199418,0.0,0.0,-3.1117508839354633
4.281,0.6,0.5999999642372131,0.5893974483199418,0.0,0.0,-3.109250883985118
4.282,0.6,0.6000000238418579,0.5893974483199418,0.0,0.0,-3.106750884057819
4.283,0.6,0.6000000238418579,0.5893974483199418,0.0,0.0,-3.1042508841546526
4.284,0.6,0.5999999642372131,0.5893974483199418,0.0,0.0,-3.101750884276649
4.285,0.6,0.5999999642372131,0.5893974483199418,0.0,0.0,-3.099250884418077
4.2860000000000005,0.6,0.5999999642372131,0.5893974483199418,0.0,0.0,-3.0967508845735447
4.287,0.6,0.5999999642372131,0.5893974483199418,0.0,0.0,-3.094250884737975
4.288,0.6,0.5999999046325684,0.5893974483199418,0.0,0.0,-3.0917508849065873
4.289,0.6,0.5999999642372131,0.5893974483199418,0.0,0.0,-3.089250885068175
4.29,0.6,0.5999999642372131,0.5893974483199418,0.0,0.0,-3.086750885218885
4.291,0.6,0.5999999642372131,0.5893974483199418,0.0,0.0,-3.084250885355088
4.292,0.6,0.6000000238418579,0.5893974483199418,0.0,0.0,-3.081750885473361
4.293,0.6,0.5999999642372131,0.5893974483199418,0.0,0.0,-3.079250885577184
4.2940000000000005,0.6,0.5999999642372131,0.5893974483199418,0.0,0.0,-3.076750885663127
4.295,0.6,0.6000000238418579,0.5893974483199418,0.0,0.0,-3.074250885727956
4.296,0.6,0.6000000238418579,0.5893974483199418,0.0,0.0,-3.0717508857753266
4.297,0.6,0.5999999642372131,0.5893974483199418,0.0,0.0,-3.069250885808681
4.298,0.6,0.6000000834465027,0.5893974483199418,0.0,0.0,-3.066750885824553
4.299,0.6,0.6000000238418579,0.5893974483199418,0.0,0.0,-3.0642508858330877
4.3,0.6,0.6000000238418579,0.5893974483199418,0.0,0.0,-3.0617508858371356
4.301,0.6,0.6000000238418579,0.5893974483199418,0.0,0.0,-3.0592508858393814
4.3020000000000005,0.6,0.6000000238418579,0.5893974483199418,0.0,0.0,-3.056750885842356
4.303,0.6,0.6000000834465027,0.5893974483199418,0.0,0.0,-3.0542508858484436
4.304,0.6,0.6000000834465027,0.5893974483199418,0.0,0.0,-3.0517508858666
4.305,0.6,0.6000000238418579,0.5893974483199418,0.0,0.0,-3.049250885905264
4.306,0.6,0.6000000238418579,0.5893974483199418,0.0,0.0,-3.046750885965685
4.307,0.6,0.5999999046325684,0.5893974483199418,0.0,0.0,-3.0442508860490456
4.308,0.6,0.5999999046325684,0.5893974483199418,0.0,0.0,-3.0417508861430522
4.309,0.6,0.5999999046325684,0.5893974483199418,0.0,0.0,-3.0392508862361276
4.3100000000000005,0.6,0.5999999046325684,0.5893974483199418,0.0,0.0,-3.036750886317364
4.311,0.6,0.5999999642372131,0.5893974483199418,0.0,0.0,-3.034250886376487
4.312,0.6,0.5999999642372131,0.5893974483199418,0.0,0.0,-3.0317508864105176
4.313,0.6,0.6000000834465027,0.5893974483199418,0.0,0.0,-3.0292508864166465
4.314,0.6,0.6000000238418579,0.5893974483199418,0.0,0.0,-3.0267508864056354
4.315,0.6,0.5999999642372131,0.5893974483199418,0.0,0.0,-3.0242508863809134
4.316,0.6,0.6000000238418579,0.5893974483199418,0.0,0.0,-3.0217508863390012
4.317,0.6,0.5999999642372131,0.5893974483199418,0.0,0.0,-3.019250886283327
4.3180000000000005,0.6,0.5999999642372131,0.5893974483199418,0.0,0.0,-3.0167508862104104
4.319,0.6,0.6000000238418579,0.5893974483199418,0.0,0.0,-3.014250886116971
4.32,0.6,0.6000000238418579,0.5893974483199418,0.0,0.0,-3.011750886006621
4.321,0.6,0.6000000834465027,0.5893974483199418,0.0,0.0,-3.009250885882762
4.322,0.6,0.6000000238418579,0.5893974483199418,0.0,0.0,-3.0067508857553022
4.323,0.6,0.6000000834465027,0.5893974483199418,0.0,0.0,-3.004250885626869
4.324,0.6,0.6000000834465027,0.5893974483199418,0.0,0.0,-3.0017508855066466
4.325,0.6,0.6000000238418579,0.5893974483199418,0.0,0.0,-2.999250885403289
4.3260000000000005,0.6,0.6000000238418579,0.5893974483199418,0.0,0.0,-2.996750885318246
4.327,0.6,0.6000000834465027,0.5893974483199418,0.0,0.0,-2.994250885252889
4.328,0.6,0.6000000834465027,0.5893974483199418,0.0,0.0,-2.991750885215222
4.329,0.6,0.6000000238418579,0.5893974483199418,0.0,0.0,-2.9892508852127917
4.33,0.6,0.5999999642372131,0.5893974483199418,0.0,0.0,-2.9867508852460087
4.331,0.6,0.5999999642372131,0.5893974483199418,0.0,0.0,-2.984250885308562
4.332,0.6,0.5999999642372131,0.5893974483199418,0.0,0.0,-2.981750885394513
4.333,0.6,0.5999999642372131,0.5893974483199418,0.0,0.0,-2.9792508854982747
4.3340000000000005,0.6,0.5999999642372131,0.5893974483199418,0.0,0.0,-2.9767508856145852
4.335,0.6,0.6000000238418579,0.5893974483199418,0.0,0.0,-2.9742508857384933
4.336,0.6,0.6000000238418579,0.5893974483199418,0.0,0.0,-2.971750885872043
4.337,0.6,0.6000000238418579,0.5893974483199418,0.0,0.0,-2.969250886017162
4.338,0.6,0.5999999046325684,0.5893974483199418,0.0,0.0,-2.966750886175671
4.339,0.6,0.6000000238418579,0.5893974483199418,0.0,0.0,-2.9642508863358734
4.34,0.6,0.6000000238418579,0.5893974483199418,0.0,0.0,-2.961750886500167
4.341,0.6,0.6000000238418579,0.5893974483199418,0.0,0.0,-2.9592508866708105
4.3420000000000005,0.6,0.5999999046325684,0.5893974483199418,0.0,0.0,-2.956750886849935
4.343,0.6,0.6000000238418579,0.5893974483199418,0.0,0.0,-2.9542508870261357
4.344,0.6,0.6000000238418579,0.5893974483199418,0.0,0.0,-2.9517508872020843
4.345,0.6,0.5999999642372131,0.5893974483199418,0.0,0.0,-2.9492508873802965
4.346,0.6,0.5999999642372131,0.5893974483199418,0.0,0.0,-2.9467508875564374
4.347,0.6,0.5999999642372131,0.5893974483199418,0.0,0.0,-2.944250887726424
4.348,0.6,0.6000000238418579,0.5893974483199418,0.0,0.0,-2.941750887886409
4.349,0.6,0.5999999642372131,0.5893974483199418,0.0,0.0,-2.9392508880394725
4.3500000000000005,0.6,0.5999999046325684,0.5893974483199418,0.0,0.0,-2.9367508881818103
4.351,0.6,0.5999999642372131,0.5893974483199418,0.0,0.0,-2.9342508883031293
4.352,0.6,0.5999999642372131,0.5893974483199418,0.0,0.0,-2.931750888400437
4.353,0.6,0.5999999642372131,0.5893974483199418,0.0,0.0,-2.9292508884709076
4.354,0.6,0.5999999642372131,0.5893974483199418,0.0,0.0,-2.926750888511877
4.355,0.6,0.6000000238418579,0.5893974483199418,0.0,0.0,-2.924250888520829
4.356,0.6,0.6000000238418579,0.5893974483199418,0.0,0.0,-2.921750888502093
4.357,0.6,0.6000000834465027,0.5893974483199418,0.0,0.0,-2.919250888459744
4.358,0.6,0.5999999642372131,0.5893974483199418,0.0,0.0,-2.9167508884043225
4.359,0.6,0.6000000238418579,0.5893974483199418,0.0,0.0,-2.9142508883323432
4.36,0.6,0.6000000238418579,0.5893974483199418,0.0,0.0,-2.911750888247228
4.361,0.6,0.6000000834465027,0.5893974483199418,0.0,0.0,-2.9092508881521963
4.362,0.6,0.6000000238418579,0.5893974483199418,0.0,0.0,-2.906750888056989
4.363,0.6,0.6000000238418579,0.5893974483199418,0.0,0.0,-2.904250887964075
4.364,0.6,0.6000000238418579,0.5893974483199418,0.0,0.0,-2.901750887875782
4.365,0.6,0.6000000834465027,0.5893974483199418,0.0,0.0,-2.899250887794306
4.366,0.6,0.6000000834465027,0.5893974483199418,0.0,0.0,-2.8967508877284223
4.367,0.6,0.6000000238418579,0.5893974483199418,0.0,0.0,-2.8942508876864035
4.368,0.6,0.6000000238418579,0.5893974483199418,0.0,0.0,-2.8917508876693416
4.369,0.6,0.6000000238418579,0.5893974483199418,0.0,0.0,-2.889250887678272
4.37,0.6,0.5999999642372131,0.5893974483199418,0.0,0.0,-2.8867508877141748
4.371,0.6,0.5999999642372131,0.5893974483199418,0.0,0.0,-2.8842508877712745
4.372,0.6,0.5999999046325684,0.5893974483199418,0.0,0.0,-2.8817508878441354
4.373,0.6,0.5999999046325684,0.5893974483199418,0.0,0.0,-2.879250887920934
4.374,0.6,0.5999999642372131,0.5893974483199418,0.0,0.0,-2.876750887990533
4.375,0.6,0.6000000238418579,0.5893974483199418,0.0,0.0,-2.8742508880491466
4.376,0.6,0.5999999642372131,0.5893974483199418,0.0,0.0,-2.871750888099913
4.377,0.6,0.5999999046325684,0.5893974483199418,0.0,0.0,-2.8692508881390815
4.378,0.6,0.6000000834465027,0.5893974483199418,0.0,0.0,-2.8667508881564103
4.3790000000000004,0.6,0.6000000238418579,0.5893974483199418,0.0,0.0,-2.8642508881623665
4.38,0.6,0.6000000238418579,0.5893974483199418,0.0,0.0,-2.861750888160103
4.381,0.6,0.6000000238418579,0.5893974483199418,0.0,0.0,-2.8592508881525887
4.382,0.6,0.6000000834465027,0.5893974483199418,0.0,0.0,-2.8567508881426207
4.383,0.6,0.6000000834465027,0.5893974483199418,0.0,0.0,-2.8542508881395405
4.384,0.6,0.6000000238418579,0.5893974483199418,0.0,0.0,-2.85175088815215
4.385,0.6,0.5999999642372131,0.5893974483199418,0.0,0.0,-2.8492508881820395
4.386,0.6,0.5999999642372131,0.5893974483199418,0.0,0.0,-2.8467508882240042
4.3870000000000005,0.6,0.5999999046325684,0.5893974483199418,0.0,0.0,-2.844250888273145
4.388,0.6,0.5999999046325684,0.5893974483199418,0.0,0.0,-2.8417508883181415
4.389,0.6,0.5999999642372131,0.5893974483199418,0.0,0.0,-2.839250888348329
4.39,0.6,0.6000000238418579,0.5893974483199418,0.0,0.0,-2.8367508883603656
4.391,0.6,0.6000000238418579,0.5893974483199418,0.0,0.0,-2.8342508883578055
4.392,0.6,0.6000000238418579,0.5893974483199418,0.0,0.0,-2.831750888343996
4.393,0.6,0.6000000834465027,0.5893974483199418,0.0,0.0,-2.829250888322088
4.394,0.6,0.6000000238418579,0.5893974483199418,0.0,0.0,-2.8267508883017545
4.3950000000000005,0.6,0.6000000834465027,0.5893974483199418,0.0,0.0,-2.824250888285404
4.396,0.6,0.6000000834465027,0.5893974483199418,0.0,0.0,-2.8217508882820135
4.397,0.6,0.6000000238418579,0.5893974483199418,0.0,0.0,-2.8192508883000427
4.398,0.6,0.5999999642372131,0.5893974483199418,0.0,0.0,-2.8167508883407595
4.399,0.6,0.5999999642372131,0.5893974483199418,0.0,0.0,-2.8142508883986577
4.4,0.6,0.6000000238418579,0.5893974483199418,0.0,0.0,-2.8117508884685543
4.401,0.6,0.5999999642372131,0.5893974483199418,0.0,0.0,-2.8092508885522767
4.402,0.6,0.5999999642372131,0.5893974483199418,0.0,0.0,-2.806750888644843
4.4030000000000005,0.6,0.6000000238418579,0.5893974483199418,0.0,0.0,-2.8042508887415623
4.404,0.6,0.5999999642372131,0.5893974483199418,0.0,0.0,-2.8017508888447233
4.405,0.6,0.6000000238418579,0.5893974483199418,0.0,0.0,-2.799250888949779
4.406,0.6,0.5999999046325684,0.5893974483199418,0.0,0.0,-2.796750889059151
4.407,0.6,0.5999999642372131,0.5893974483199418,0.0,0.0,-2.794250889161711
4.408,0.6,0.5999999642372131,0.5893974483199418,0.0,0.0,-2.7917508892536795
4.409,0.6,0.6000000238418579,0.5893974483199418,0.0,0.0,-2.789250889331497
4.41,0.6,0.5999999642372131,0.5893974483199418,0.0,0.0,-2.7867508893985113
4.4110000000000005,0.6,0.5999999642372131,0.5893974483199418,0.0,0.0,-2.78425088945117
4.412,0.6,0.5999999642372131,0.5893974483199418,0.0,0.0,-2.7817508894861245
4.413,0.6,0.6000000238418579,0.5893974483199418,0.0,0.0,-2.779250889500215
4.414,0.6,0.6000000834465027,0.5893974483199418,0.0,0.0,-2.7767508894971695
4.415,0.6,0.6000000238418579,0.5893974483199418,0.0,0.0,-2.7742508894872033
4.416,0.6,0.6000000238418579,0.5893974483199418,0.0,0.0,-2.771750889473232
4.417,0.6,0.6000000834465027,0.5893974483199418,0.0,0.0,-2.7692508894580024
4.418,0.6,0.6000000238418579,0.5893974483199418,0.0,0.0,-2.7667508894508086
4.4190000000000005,0.6,0.6000000238418579,0.5893974483199418,0.0,0.0,-2.7642508894537032
4.42,0.6,0.6000000238418579,0.5893974483199418,0.0,0.0,-2.7617508894686216
4.421,0.6,0.5999999642372131,0.5893974483199418,0.0,0.0,-2.75925088949739
4.422,0.6,0.5999999046325684,0.5893974483199418,0.0,0.0,-2.7567508895350272
4.423,0.6,0.5999999642372131,0.5893974483199418,0.0,0.0,-2.7542508895701348
4.424,0.6,0.5999999642372131,0.5893974483199418,0.0,0.0,-2.7517508895986826
4.425,0.6,0.6000000238418579,0.5893974483199418,0.0,0.0,-2.7492508896168726
4.426,0.6,0.6000000834465027,0.5893974483199418,0.0,0.0,-2.7467508896278328
4.4270000000000005,0.6,0.6000000238418579,0.5893974483199418,0.0,0.0,-2.744250889641214
4.428,0.6,0.6000000238418579,0.5893974483199418,0.0,0.0,-2.7417508896594036
4.429,0.6,0.5999999642372131,0.5893974483199418,0.0,0.0,-2.7392508896846524
4.43,0.6,0.6000000238418579,0.5893974483199418,0.0,0.0,-2.736750889712375
4.431,0.6,0.5999999642372131,0.5893974483199418,0.0,0.0,-2.7342508897449616
4.432,0.6,0.5999999642372131,0.5893974483199418,0.0,0.0,-2.731750889777956
4.433,0.6,0.6000000238418579,0.5893974483199418,0.0,0.0,-2.7292508898071643
4.434,0.6,0.6000000834465027,0.5893974483199418,0.0,0.0,-2.7267508898353388
4.4350000000000005,0.6,0.5999999046325684,0.5893974483199418,0.0,0.0,-2.7242508898717808
4.436,0.6,0.5999999642372131,0.5893974483199418,0.0,0.0,-2.721750889905136
4.437,0.6,0.5999999642372131,0.5893974483199418,0.0,0.0,-2.7192508899314127
4.438,0.6,0.5999999642372131,0.5893974483199418,0.0,0.0,-2.7167508899468507
4.439,0.6,0.6000000238418579,0.5893974483199418,0.0,0.0,-2.7142508899479063
4.44,0.6,0.6000000834465027,0.5893974483199418,0.0,0.0,-2.7117508899379446
4.441,0.6,0.6000000238418579,0.5893974483199418,0.0,0.0,-2.7092508899268406
4.442,0.6,0.6000000238418579,0.5893974483199418,0.0,0.0,-2.706750889917191
4.4430000000000005,0.6,0.6000000238418579,0.5893974483199418,0.0,0.0,-2.7042508899114432
4.444,0.6,0.6000000238418579,0.5893974483199418,0.0,0.0,-2.701750889911904
4.445,0.6,0.6000000238418579,0.5893974483199418,0.0,0.0,-2.6992508899207484
4.446,0.6,0.6000000238418579,0.5893974483199418,0.0,0.0,-2.6967508899400277
4.447,0.6,0.6000000238418579,0.5893974483199418,0.0,0.0,-2.6942508899716775
4.448,0.6,0.6000000238418579,0.5893974483199418,0.0,0.0,-2.6917508900175244
4.449,0.6,0.5999999642372131,0.5893974483199418,0.0,0.0,-2.6892508900792915
4.45,0.6,0.6000000238418579,0.5893974483199418,0.0,0.0,-2.686750890151901
4.4510000000000005,0.6,0.5999999642372131,0.5893974483199418,0.0,0.0,-2.6842508902372773
4.452,0.6,0.5999999642372131,0.5893974483199418,0.0,0.0,-2.681750890330531
4.453,0.6,0.6000000238418579,0.5893974483199418,0.0,0.0,-2.6792508904270576
4.454,0.6,0.5999999642372131,0.5893974483199418,0.0,0.0,-2.6767508905292274
4.455,0.6,0.5999999642372131,0.5893974483199418,0.0,0.0,-2.674250890632568
4.456,0.6,0.5999999642372131,0.5893974483199418,0.0,0.0,-2.671750890732867
4.457,0.6,0.5999999642372131,0.5893974483199418,0.0,0.0,-2.6692508908261563
4.458,0.6,0.6000000238418579,0.5893974483199418,0.0,0.0,-2.666750890908696
4.4590000000000005,0.6,0.6000000834465027,0.5893974483199418,0.0,0.0,-2.6642508909836695
4.46,0.6,0.6000000238418579,0.5893974483199418,0.0,0.0,-2.661750891060778
4.461,0.6,0.6000000238418579,0.5893974483199418,0.0,0.0,-2.6592508911424586
4.462,0.6,0.5999999642372131,0.5893974483199418,0.0,0.0,-2.6567508912310056
4.463,0.6,0.5999999642372131,0.5893974483199418,0.0,0.0,-2.654250891321878
4.464,0.6,0.5999999642372131,0.5893974483199418,0.0,0.0,-2.651750891410797
4.465,0.6,0.5999999642372131,0.5893974483199418,0.0,0.0,-2.6492508914937334
4.466,0.6,0.5999999642372131,0.5893974483199418,0.0,0.0,-2.64675089156689
4.4670000000000005,0.6,0.5999999642372131,0.5893974483199418,0.0,0.0,-2.6442508916266876
4.468,0.6,0.5999999046325684,0.5893974483199418,0.0,0.0,-2.641750891669753
4.469,0.6,0.6000000834465027,0.5893974483199418,0.0,0.0,-2.6392508916861983
4.47,0.6,0.6000000238418579,0.5893974483199418,0.0,0.0,-2.636750891686823
4.471,0.6,0.6000000834465027,0.5893974483199418,0.0,0.0,-2.634250891675092
4.472,0.6,0.6000000238418579,0.5893974483199418,0.0,0.0,-2.631750891660974
4.473,0.6,0.6000000238418579,0.5893974483199418,0.0,0.0,-2.629250891647153
4.474,0.6,0.6000000834465027,0.5893974483199418,0.0,0.0,-2.626750891636158
4.4750000000000005,0.6,0.6000000238418579,0.5893974483199418,0.0,0.0,-2.6242508916370806
4.476,0.6,0.6000000238418579,0.5893974483199418,0.0,0.0,-2.62175089165178
4.477,0.6,0.5999999642372131,0.5893974483199418,0.0,0.0,-2.6192508916820127
4.478,0.6,0.5999999642372131,0.5893974483199418,0.0,0.0,-2.6167508917227305
4.479,0.6,0.5999999046325684,0.5893974483199418,0.0,0.0,-2.614250891769179
4.48,0.6,0.5999999642372131,0.5893974483199418,0.0,0.0,-2.611750891810176
4.481,0.6,0.5999999642372131,0.5893974483199418,0.0,0.0,-2.609250891841893
4.482,0.6,0.6000000834465027,0.5893974483199418,0.0,0.0,-2.6067508918607203
4.483,0.6,0.6000000238418579,0.5893974483199418,0.0,0.0,-2.60425089187667
4.484,0.6,0.6000000834465027,0.5893974483199418,0.0,0.0,-2.601750891892466
4.485,0.6,0.5999999642372131,0.5893974483199418,0.0,0.0,-2.5992508919173827
4.486,0.6,0.5999999642372131,0.5893974483199418,0.0,0.0,-2.596750891946746
4.487,0.6,0.6000000238418579,0.5893974483199418,0.0,0.0,-2.594250891976153
4.488,0.6,0.5999999642372131,0.5893974483199418,0.0,0.0,-2.591750892008165
4.489,0.6,0.5999999642372131,0.5893974483199418,0.0,0.0,-2.5892508920384874
4.49,0.6,0.6000000238418579,0.5893974483199418,0.0,0.0,-2.5867508920630753
4.491,0.6,0.6000000238418579,0.5893974483199418,0.0,0.0,-2.5842508920848246
4.492,0.6,0.6000000834465027,0.5893974483199418,0.0,0.0,-2.5817508921064625
4.493,0.6,0.5999999642372131,0.5893974483199418,0.0,0.0,-2.579250892137265
4.494,0.6,0.5999999642372131,0.5893974483199418,0.0,0.0,-2.5767508921725613
4.495,0.6,0.6000000834465027,0.5893974483199418,0.0,0.0,-2.5742508922079503
4.496,0.6,0.6000000238418579,0.5893974483199418,0.0,0.0,-2.571750892252702
4.497,0.6,0.6000000238418579,0.5893974483199418,0.0,0.0,-2.569250892308844
4.498,0.6,0.5999999046325684,0.5893974483199418,0.0,0.0,-2.566750892378288
4.499,0.6,0.6000000238418579,0.5893974483199418,0.0,0.0,-2.564250892449428
4.5,0.6,0.5999999642372131,0.5893974483199418,0.0,0.0,-2.561750892524741
4.501,0.6,0.5999999642372131,0.5893974483199418,0.0,0.0,-2.559250892599858
4.502,0.6,0.6000000238418579,0.5893974483199418,0.0,0.0,-2.5567508926706624
4.503,0.6,0.5999999046325684,0.5893974483199418,0.0,0.0,-2.554250892739982
4.5040000000000004,0.6,0.5999999642372131,0.5893974483199418,0.0,0.0,-2.551750892797067
4.505,0.6,0.6000000238418579,0.5893974483199418,0.0,0.0,-2.549250892838497
4.506,0.6,0.6000000238418579,0.5893974483199418,0.0,0.0,-2.546750892867752
4.507,0.6,0.6000000238418579,0.5893974483199418,0.0,0.0,-2.5442508928881087
4.508,0.6,0.6000000238418579,0.5893974483199418,0.0,0.0,-2.5417508929026513
4.509,0.6,0.6000000238418579,0.5893974483199418,0.0,0.0,-2.539250892914287
4.51,0.6,0.6000000238418579,0.5893974483199418,0.0,0.0,-2.536750892925752
4.511,0.6,0.6000000834465027,0.5893974483199418,0.0,0.0,-2.534250892939626
4.5120000000000005,0.6,0.5999999642372131,0.5893974483199418,0.0,0.0,-2.5317508929650456
4.513,0.6,0.6000000238418579,0.5893974483199418,0.0,0.0,-2.529250892997209
4.514,0.6,0.5999999642372131,0.5893974483199418,0.0,0.0,-2.5267508930382996
4.515,0.6,0.5999999642372131,0.5893974483199418,0.0,0.0,-2.5242508930836713
4.516,0.6,0.5999999642372131,0.5893974483199418,0.0,0.0,-2.5217508931289476
4.517,0.6,0.5999999642372131,0.5893974483199418,0.0,0.0,-2.519250893170007
4.518,0.6,0.5999999642372131,0.5893974483199418,0.0,0.0,-2.516750893202965
4.519,0.6,0.6000000238418579,0.5893974483199418,0.0,0.0,-2.5142508932241614
4.5200000000000005,0.6,0.6000000238418579,0.5893974483199418,0.0,0.0,-2.5117508932368535
4.521,0.6,0.6000000238418579,0.5893974483199418,0.0,0.0,-2.5092508932441073
4.522,0.6,0.6000000238418579,0.5893974483199418,0.0,0.0,-2.506750893248811
4.523,0.6,0.6000000238418579,0.5893974483199418,0.0,0.0,-2.5042508932536856
4.524,0.6,0.6000000834465027,0.5893974483199418,0.0,0.0,-2.5017508932612946
4.525,0.6,0.6000000834465027,0.5893974483199418,0.0,0.0,-2.49925089328076
4.526,0.6,0.5999999642372131,0.5893974483199418,0.0,0.0,-2.496750893320679
4.527,0.6,0.5999999642372131,0.5893974483199418,0.0,0.0,-2.4942508933757415
4.5280000000000005,0.6,0.5999999642372131,0.5893974483199418,0.0,0.0,-2.49175089344095
4.529,0.6,0.6000000238418579,0.5893974483199418,0.0,0.0,-2.489250893511598
4.53,0.6,0.6000000238418579,0.5893974483199418,0.0,0.0,-2.486750893589959
4.531,0.6,0.6000000238418579,0.5893974483199418,0.0,0.0,-2.484250893678179
4.532,0.6,0.5999999642372131,0.5893974483199418,0.0,0.0,-2.4817508937782793
4.533,0.6,0.6000000238418579,0.5893974483199418,0.0,0.0,-2.479250893885463
4.534,0.6,0.5999999642372131,0.5893974483199418,0.0,0.0,-2.4767508940019174
4.535,0.6,0.5999999046325684,0.5893974483199418,0.0,0.0,-2.4742508941230006
4.5360000000000005,0.6,0.5999999642372131,0.5893974483199418,0.0,0.0,-2.4717508942376325
4.537,0.6,0.6000000238418579,0.5893974483199418,0.0,0.0,-2.4692508943420823
4.538,0.6,0.5999999046325684,0.5893974483199418,0.0,0.0,-2.466750894439539
4.539,0.6,0.5999999642372131,0.5893974483199418,0.0,0.0,-2.4642508945195933
4.54,0.6,0.5999999046325684,0.5893974483199418,0.0,0.0,-2.4617508945791413
4.541,0.6,0.6000000238418579,0.5893974483199418,0.0,0.0,-2.45925089460855
4.542,0.6,0.6000000238418579,0.5893974483199418,0.0,0.0,-2.4567508946121492
4.543,0.6,0.6000000834465027,0.5893974483199418,0.0,0.0,-2.454250894594016
4.5440000000000005,0.6,0.5999999642372131,0.5893974483199418,0.0,0.0,-2.4517508945646913
4.545,0.6,0.6000000834465027,0.5893974483199418,0.0,0.0,-2.4492508945206914
4.546,0.6,0.6000000238418579,0.5893974483199418,0.0,0.0,-2.446750894472145
4.547,0.6,0.6000000238418579,0.5893974483199418,0.0,0.0,-2.4442508944218853
4.548,0.6,0.6000000238418579,0.5893974483199418,0.0,0.0,-2.4417508943725834
4.549,0.6,0.6000000834465027,0.5893974483199418,0.0,0.0,-2.4392508943267557
4.55,0.6,0.6000000834465027,0.5893974483199418,0.0,0.0,-2.4367508942934797
4.551,0.6,0.6000000238418579,0.5893974483199418,0.0,0.0,-2.434250894281311
4.5520000000000005,0.6,0.6000000238418579,0.5893974483199418,0.0,0.0,-2.4317508942916066
4.553,0.6,0.6000000238418579,0.5893974483199418,0.0,0.0,-2.4292508943256514
4.554,0.6,0.5999999642372131,0.5893974483199418,0.0,0.0,-2.4267508943846607
4.555,0.6,0.5999999642372131,0.5893974483199418,0.0,0.0,-2.4242508944630776
4.556,0.6,0.6000000238418579,0.5893974483199418,0.0,0.0,-2.421750894555673
4.557,0.6,0.5999999046325684,0.5893974483199418,0.0,0.0,-2.4192508946642284
4.558,0.6,0.5999999046325684,0.5893974483199418,0.0,0.0,-2.416750894777015
4.559,0.6,0.5999999642372131,0.5893974483199418,0.0,0.0,-2.414250894882984
4.5600000000000005,0.6,0.5999999642372131,0.5893974483199418,0.0,0.0,-2.4117508949784314
4.561,0.6,0.6000000238418579,0.5893974483199418,0.0,0.0,-2.409250895059867
4.562,0.6,0.5999999642372131,0.5893974483199418,0.0,0.0,-2.4067508951307053
4.563,0.6,0.5999999642372131,0.5893974483199418,0.0,0.0,-2.404250895187456
4.564,0.6,0.5999999642372131,0.5893974483199418,0.0,0.0,-2.401750895226828
4.565,0.6,0.6000000238418579,0.5893974483199418,0.0,0.0,-2.3992508952457174
4.566,0.6,0.6000000238418579,0.5893974483199418,0.0,0.0,-2.396750895247903
4.567,0.6,0.6000000238418579,0.5893974483199418,0.0,0.0,-2.3942508952369406
4.5680000000000005,0.6,0.6000000238418579,0.5893974483199418,0.0,0.0,-2.391750895216179
4.569,0.6,0.6000000238418579,0.5893974483199418,0.0,0.0,-2.3892508951887708
4.57,0.6,0.5999999642372131,0.5893974483199418,0.0,0.0,-2.3867508951576837
4.571,0.6,0.6000000238418579,0.5893974483199418,0.0,0.0,-2.3842508951190093
4.572,0.6,0.6000000238418579,0.5893974483199418,0.0,0.0,-2.381750895075768
4.573,0.6,0.6000000238418579,0.5893974483199418,0.0,0.0,-2.3792508950308067
4.574,0.6,0.6000000834465027,0.5893974483199418,0.0,0.0,-2.3767508949868064
4.575,0.6,0.6000000834465027,0.5893974483199418,0.0,0.0,-2.374250894953
4.5760000000000005,0.6,0.6000000238418579,0.5893974483199418,0.0,0.0,-2.371750894938089
4.577,0.6,0.6000000238418579,0.5893974483199418,0.0,0.0,-2.369250894943567
4.578,0.6,0.6000000238418579,0.5893974483199418,0.0,0.0,-2.366750894970846
4.579,0.6,0.5999999642372131,0.5893974483199418,0.0,0.0,-2.3642508950212617
4.58,0.6,0.6000000238418579,0.5893974483199418,0.0,0.0,-2.3617508950893717
4.581,0.6,0.5999999642372131,0.5893974483199418,0.0,0.0,-2.3592508951767575
4.582,0.6,0.5999999642372131,0.5893974483199418,0.0,0.0,-2.356750895278208
4.583,0.6,0.5999999046325684,0.5893974483199418,0.0,0.0,-2.3542508953888173
4.5840000000000005,0.6,0.6000000238418579,0.5893974483199418,0.0,0.0,-2.351750895497259
4.585,0.6,0.5999999046325684,0.5893974483199418,0.0,0.0,-2.349250895606276
4.586,0.6,0.5999999046325684,0.5893974483199418,0.0,0.0,-2.346750895705039
4.587,0.6,0.5999999046325684,0.5893974483199418,0.0,0.0,-2.344250895783346
4.588,0.6,0.6000000834465027,0.5893974483199418,0.0,0.0,-2.34175089583158
4.589,0.6,0.6000000238418579,0.5893974483199418,0.0,0.0,-2.339250895860796
4.59,0.6,0.6000000834465027,0.5893974483199418,0.0,0.0,-2.3367508958746983
4.591,0.6,0.6000000238418579,0.5893974483199418,0.0,0.0,-2.33425089588348
4.5920000000000005,0.6,0.6000000238418579,0.5893974483199418,0.0,0.0,-2.3317508958900355
4.593,0.6,0.6000000834465027,0.5893974483199418,0.0,0.0,-2.329250895897093
4.594,0.6,0.6000000238418579,0.5893974483199418,0.0,0.0,-2.326750895913929
4.595,0.6,0.5999999046325684,0.5893974483199418,0.0,0.0,-2.324250895942577
4.596,0.6,0.6000000238418579,0.5893974483199418,0.0,0.0,-2.321750895971545
4.597,0.6,0.6000000238418579,0.5893974483199418,0.0,0.0,-2.319250896003418
4.598,0.6,0.5999999642372131,0.5893974483199418,0.0,0.0,-2.316750896040633
4.599,0.6,0.5999999642372131,0.5893974483199418,0.0,0.0,-2.314250896078781
4.6000000000000005,0.6,0.5999999642372131,0.5893974483199418,0.0,0.0,-2.311750896113708
4.601,0.6,0.6000000238418579,0.5893974483199418,0.0,0.0,-2.309250896141502
4.602,0.6,0.6000000238418579,0.5893974483199418,0.0,0.0,-2.306750896165181
4.603,0.6,0.6000000834465027,0.5893974483199418,0.0,0.0,-2.3042508961875887
4.604,0.6,0.5999999642372131,0.5893974483199418,0.0,0.0,-2.3017508962181106
4.605,0.6,0.5999999642372131,0.5893974483199418,0.0,0.0,-2.299250896252177
4.606,0.6,0.5999999642372131,0.5893974483199418,0.0,0.0,-2.296750896285485
4.607,0.6,0.6000000238418579,0.5893974483199418,0.0,0.0,-2.294250896313979
4.6080000000000005,0.6,0.5999999642372131,0.5893974483199418,0.0,0.0,-2.291750896340546
4.609,0.6,0.5999999642372131,0.5893974483199418,0.0,0.0,-2.2892508963611995
4.61,0.6,0.6000000238418579,0.5893974483199418,0.0,0.0,-2.2867508963721814
4.611,0.6,0.6000000238418579,0.5893974483199418,0.0,0.0,-2.2842508963766575
4.612,0.6,0.6000000238418579,0.5893974483199418,0.0,0.0,-2.281750896377608
4.613,0.6,0.5999999642372131,0.5893974483199418,0.0,0.0,-2.2792508963778406
4.614,0.6,0.6000000238418579,0.5893974483199418,0.0,0.0,-2.2767508963732945
4.615,0.6,0.6000000238418579,0.5893974483199418,0.0,0.0,-2.2742508963668486
4.616,0.6,0.6000000238418579,0.5893974483199418,0.0,0.0,-2.2717508963612167
4.617,0.6,0.6000000238418579,0.5893974483199418,0.0,0.0,-2.2692508963589546
4.618,0.6,0.6000000238418579,0.5893974483199418,0.0,0.0,-2.266750896362471
4.619,0.6,0.6000000238418579,0.5893974483199418,0.0,0.0,-2.2642508963740373
4.62,0.6,0.6000000834465027,0.5893974483199418,0.0,0.0,-2.2617508963957946
4.621,0.6,0.6000000238418579,0.5893974483199418,0.0,0.0,-2.25925089643647
4.622,0.6,0.5999999642372131,0.5893974483199418,0.0,0.0,-2.2567508964975813
4.623,0.6,0.6000000238418579,0.5893974483199418,0.0,0.0,-2.2542508965738564
4.624,0.6,0.6000000238418579,0.5893974483199418,0.0,0.0,-2.2517508966670396
4.625,0.6,0.5999999642372131,0.5893974483199418,0.0,0.0,-2.249250896778778
4.626,0.6,0.6000000238418579,0.5893974483199418,0.0,0.0,-2.246750896903919
4.627,0.6,0.6000000238418579,0.5893974483199418,0.0,0.0,-2.2442508970443202
4.628,0.6,0.5999999642372131,0.5893974483199418,0.0,0.0,-2.241750897201734
4.6290000000000004,0.6,0.6000000238418579,0.5893974483199418,0.0,0.0,-2.2392508973711083
4.63,0.6,0.5999999046325684,0.5893974483199418,0.0,0.0,-2.236750897554393
4.631,0.6,0.6000000238418579,0.5893974483199418,0.0,0.0,-2.234250897740015
4.632,0.6,0.5999999642372131,0.5893974483199418,0.0,0.0,-2.231750897930486
4.633,0.6,0.5999999046325684,0.5893974483199418,0.0,0.0,-2.2292508981214665
4.634,0.6,0.5999999642372131,0.5893974483199418,0.0,0.0,-2.2267508983021624
4.635,0.6,0.5999999642372131,0.5893974483199418,0.0,0.0,-2.2242508984691076
4.636,0.6,0.5999999046325684,0.5893974483199418,0.0,0.0,-2.2217508986190375
4.6370000000000005,0.6,0.5999999642372131,0.5893974483199418,0.0,0.0,-2.219250898742164
4.638,0.6,0.6000000834465027,0.5893974483199418,0.0,0.0,-2.216750898835968
4.639,0.6,0.6000000238418579,0.5893974483199418,0.0,0.0,-2.214250898911484
4.64,0.6,0.5999999642372131,0.5893974483199418,0.0,0.0,-2.211750898972397
4.641,0.6,0.6000000238418579,0.5893974483199418,0.0,0.0,-2.2092508990154687
4.642,0.6,0.5999999642372131,0.5893974483199418,0.0,0.0,-2.206750899044351
4.643,0.6,0.6000000238418579,0.5893974483199418,0.0,0.0,-2.204250899055776
4.644,0.6,0.6000000238418579,0.5893974483199418,0.0,0.0,-2.2017508990533683
4.6450000000000005,0.6,0.6000000238418579,0.5893974483199418,0.0,0.0,-2.199250899040539
4.646,0.6,0.6000000238418579,0.5893974483199418,0.0,0.0,-2.1967508990205
4.647,0.6,0.6000000238418579,0.5893974483199418,0.0,0.0,-2.194250898996277
4.648,0.6,0.6000000238418579,0.5893974483199418,0.0,0.0,-2.1917508989707177
4.649,0.6,0.6000000238418579,0.5893974483199418,0.0,0.0,-2.1892508989465065
4.65,0.6,0.6000000834465027,0.5893974483199418,0.0,0.0,-2.1867508989261726
4.651,0.6,0.6000000238418579,0.5893974483199418,0.0,0.0,-2.184250898918805
4.652,0.6,0.6000000834465027,0.5893974483199418,0.0,0.0,-2.1817508989262655
4.6530000000000005,0.6,0.6000000238418579,0.5893974483199418,0.0,0.0,-2.1792508989570143
4.654,0.6,0.6000000238418579,0.5893974483199418,0.0,0.0,-2.1767508990123225
4.655,0.6,0.6000000238418579,0.5893974483199418,0.0,0.0,-2.1742508990933915
4.656,0.6,0.6000000238418579,0.5893974483199418,0.0,0.0,-2.17175089920136
4.657,0.6,0.5999999046325684,0.5893974483199418,0.0,0.0,-2.169250899337306
4.658,0.6,0.5999999642372131,0.5893974483199418,0.0,0.0,-2.1667508994888367
4.659,0.6,0.5999999046325684,0.5893974483199418,0.0,0.0,-2.16425089965099
4.66,0.6,0.6000000238418579,0.5893974483199418,0.0,0.0,-2.1617508998123847
4.6610000000000005,0.6,0.5999999642372131,0.5893974483199418,0.0,0.0,-2.1592508999757127
4.662,0.6,0.5999999642372131,0.5893974483199418,0.0,0.0,-2.156750900136805
4.663,0.6,0.5999999642372131,0.5893974483199418,0.0,0.0,-2.1542509002917325
4.664,0.6,0.6000000238418579,0.5893974483199418,0.0,0.0,-2.1517509004367934
4.665,0.6,0.5999999642372131,0.5893974483199418,0.0,0.0,-2.1492509005752036
4.666,0.6,0.6000000238418579,0.5893974483199418,0.0,0.0,-2.146750900703288
4.667,0.6,0.5999999642372131,0.5893974483199418,0.0,0.0,-2.1442509008242854
4.668,0.6,0.6000000238418579,0.5893974483199418,0.0,0.0,-2.1417509009345417
4.6690000000000005,0.6,0.6000000238418579,0.5893974483199418,0.0,0.0,-2.1392509010373173
4.67,0.6,0.5999999642372131,0.5893974483199418,0.0,0.0,-2.136750901135683
4.671,0.6,0.6000000238418579,0.5893974483199418,0.0,0.0,-2.134250901225825
4.672,0.6,0.5999999046325684,0.5893974483199418,0.0,0.0,-2.1317509013108538
4.673,0.6,0.5999999642372131,0.5893974483199418,0.0,0.0,-2.1292509013802876
4.674,0.6,0.5999999046325684,0.5893974483199418,0.0,0.0,-2.1267509014309547
4.675,0.6,0.6000000238418579,0.5893974483199418,0.0,0.0,-2.1242509014531565
4.676,0.6,0.6000000238418579,0.5893974483199418,0.0,0.0,-2.121750901451164
4.6770000000000005,0.6,0.6000000834465027,0.5893974483199418,0.0,0.0,-2.1192509014289964
4.678,0.6,0.6000000238418579,0.5893974483199418,0.0,0.0,-2.1167509013971415
4.679,0.6,0.6000000238418579,0.5893974483199418,0.0,0.0,-2.1142509013587722
4.68,0.6,0.6000000238418579,0.5893974483199418,0.0,0.0,-2.111750901316876
4.681,0.6,0.5999999642372131,0.5893974483199418,0.0,0.0,-2.109250901274267
4.682,0.6,0.6000000834465027,0.5893974483199418,0.0,0.0,-2.10675090122689
4.683,0.6,0.6000000834465027,0.5893974483199418,0.0,0.0,-2.1042509011843364
4.684,0.6,0.6000000834465027,0.5893974483199418,0.0,0.0,-2.101750901155645
4.6850000000000005,0.6,0.6000000238418579,0.5893974483199418,0.0,0.0,-2.0992509011493308
4.686,0.6,0.6000000238418579,0.5893974483199418,0.0,0.0,-2.0967509011667174
4.687,0.6,0.5999999642372131,0.5893974483199418,0.0,0.0,-2.0942509012090547
4.688,0.6,0.5999999642372131,0.5893974483199418,0.0,0.0,-2.0917509012708204
4.689,0.6,0.6000000238418579,0.5893974483199418,0.0,0.0,-2.089250901346815
4.69,0.6,0.6000000238418579,0.5893974483199418,0.0,0.0,-2.08675090143885
4.691,0.6,0.6000000238418579,0.5893974483199418,0.0,0.0,-2.084250901548637
4.692,0.6,0.6000000834465027,0.5893974483199418,0.0,0.0,-2.081750901677793
4.6930000000000005,0.6,0.5999999046325684,0.5893974483199418,0.0,0.0,-2.0792509018345475
4.694,0.6,0.5999997854232788,0.5893974483199418,0.0,0.0,-2.0767509020065438
4.695,0.6,0.6000000834465027,0.5893974483199418,0.0,0.0,-2.0742509021687314
4.696,0.6,0.5999999046325684,0.5893974483199418,0.0,0.0,-2.0717509023310376
4.697,0.6,0.6000000238418579,0.5893974483199418,0.0,0.0,-2.0692509024827
4.698,0.6,0.5999999046325684,0.5893974483199418,0.0,0.0,-2.06675090262699
4.699,0.6,0.5999999642372131,0.5893974483199418,0.0,0.0,-2.0642509027535705
4.7,0.6,0.5999999046325684,0.5893974483199418,0.0,0.0,-2.0617509028594125
4.7010000000000005,0.6,0.5999999046325684,0.5893974483199418,0.0,0.0,-2.0592509029349473
4.702,0.6,0.6000001430511475,0.5893974483199418,0.0,0.0,-2.0567509029711566
4.703,0.6,0.6000001430511475,0.5893974483199418,0.0,0.0,-2.0542509029863614
4.704,0.6,0.6000000238418579,0.5893974483199418,0.0,0.0,-2.051750902997819
4.705,0.6,0.6000000238418579,0.5893974483199418,0.0,0.0,-2.049250903008371
4.706,0.6,0.6000000238418579,0.5893974483199418,0.0,0.0,-2.046750903020694
4.707,0.6,0.6000001430511475,0.5893974483199418,0.0,0.0,-2.0442509030373137
4.708,0.6,0.5999999046325684,0.5893974483199418,0.0,0.0,-2.04175090307402
4.7090000000000005,0.6,0.6000000834465027,0.5893974483199418,0.0,0.0,-2.039250903118868
4.71,0.6,0.6000000834465027,0.5893974483199418,0.0,0.0,-2.0367509031807254
4.711,0.6,0.5999999642372131,0.5893974483199418,0.0,0.0,-2.0342509032679517
4.712,0.6,0.6000000238418579,0.5893974483199418,0.0,0.0,-2.031750903375012
4.713,0.6,0.6000001430511475,0.5893974483199418,0.0,0.0,-2.0292509035034043
4.714,0.6,0.5999999642372131,0.5893974483199418,0.0,0.0,-2.0267509036679567
4.715,0.6,0.5999999642372131,0.5893974483199418,0.0,0.0,-2.024250903862528
4.716,0.6,0.6000000238418579,0.5893974483199418,0.0,0.0,-2.0217509040813364
4.7170000000000005,0.6,0.5999999642372131,0.5893974483199418,0.0,0.0,-2.0192509043256495
4.718,0.6,0.5999999642372131,0.5893974483199418,0.0,0.0,-2.0167509045899576
4.719,0.6,0.5999999046325684,0.5893974483199418,0.0,0.0,-2.0142509048690775
4.72,0.6,0.5999999046325684,0.5893974483199418,0.0,0.0,-2.01175090515142
4.721,0.6,0.5999999046325684,0.5893974483199418,0.0,0.0,-2.0092509054260703
4.722,0.6,0.5999999642372131,0.5893974483199418,0.0,0.0,-2.006750905682743
4.723,0.6,0.5999999046325684,0.5893974483199418,0.0,0.0,-2.0042509059184512
4.724,0.6,0.5999999642372131,0.5893974483199418,0.0,0.0,-2.001750906123671
4.7250000000000005,0.6,0.6000000238418579,0.5893974483199418,0.0,0.0,-1.9992509062961314
4.726,0.6,0.6000000238418579,0.5893974483199418,0.0,0.0,-1.9967509064403917
4.727,0.6,0.6000000238418579,0.5893974483199418,0.0,0.0,-1.9942509065607388
4.728,0.6,0.5999999642372131,0.5893974483199418,0.0,0.0,-1.991750906661211
4.729,0.6,0.6000000238418579,0.5893974483199418,0.0,0.0,-1.9892509067389001
4.73,0.6,0.6000001430511475,0.5893974483199418,0.0,0.0,-1.9867509067977667
4.731,0.6,0.6000000834465027,0.5893974483199418,0.0,0.0,-1.9842509068549525
4.732,0.6,0.5999999642372131,0.5893974483199418,0.0,0.0,-1.9817509069199013
4.7330000000000005,0.6,0.6000000834465027,0.5893974483199418,0.0,0.0,-1.9792509069880941
4.734,0.6,0.5999998450279236,0.5893974483199418,0.0,0.0,-1.9767509070686915
4.735,0.6,0.5999999642372131,0.5893974483199418,0.0,0.0,-1.974250907143499
4.736,0.6,0.6000000238418579,0.5893974483199418,0.0,0.0,-1.971750907208786
4.737,0.6,0.5999999642372131,0.5893974483199418,0.0,0.0,-1.9692509072677462
4.738,0.6,0.6000000238418579,0.5893974483199418,0.0,0.0,-1.966750907316679
4.739,0.6,0.5999999642372131,0.5893974483199418,0.0,0.0,-1.964250907358802
4.74,0.6,0.6000000238418579,0.5893974483199418,0.0,0.0,-1.9617509073904396
4.741,0.6,0.6000001430511475,0.5893974483199418,0.0,0.0,-1.9592509074148343
4.742,0.6,0.6000000238418579,0.5893974483199418,0.0,0.0,-1.95675090744845
4.743,0.6,0.5999999642372131,0.5893974483199418,0.0,0.0,-1.954250907493389
4.744,0.6,0.5999999642372131,0.5893974483199418,0.0,0.0,-1.9517509075449258
4.745,0.6,0.5999999046325684,0.5893974483199418,0.0,0.0,-1.9492509075986106
4.746,0.6,0.5999999642372131,0.5893974483199418,0.0,0.0,-1.9467509076435456
4.747,0.6,0.6000000238418579,0.5893974483199418,0.0,0.0,-1.9442509076761691
4.748,0.6,0.5999999642372131,0.5893974483199418,0.0,0.0,-1.94175090769983
4.749,0.6,0.6000001430511475,0.5893974483199418,0.0,0.0,-1.9392509077109763
4.75,0.6,0.6000002026557922,0.5893974483199418,0.0,0.0,-1.9367509077263765
4.751,0.6,0.6000000238418579,0.5893974483199418,0.0,0.0,-1.9342509077685366
4.752,0.6,0.5999999046325684,0.5893974483199418,0.0,0.0,-1.931750907838544
4.753,0.6,0.5999999642372131,0.5893974483199418,0.0,0.0,-1.9292509079240179
4.7540000000000004,0.6,0.5999999642372131,0.5893974483199418,0.0,0.0,-1.926750908020002
4.755,0.6,0.5999999642372131,0.5893974483199418,0.0,0.0,-1.9242509081218322
4.756,0.6,0.5999999046325684,0.5893974483199418,0.0,0.0,-1.921750908225114
4.757,0.6,0.6000000238418579,0.5893974483199418,0.0,0.0,-1.919250908319003
4.758,0.6,0.6000000238418579,0.5893974483199418,0.0,0.0,-1.9167509084066916
4.759,0.6,0.5999999642372131,0.5893974483199418,0.0,0.0,-1.9142509084911896
4.76,0.6,0.6000000238418579,0.5893974483199418,0.0,0.0,-1.9117509085686233
4.761,0.6,0.5999999046325684,0.5893974483199418,0.0,0.0,-1.9092509086420488
4.7620000000000005,0.6,0.5999999642372131,0.5893974483199418,0.0,0.0,-1.9067509087009324
4.763,0.6,0.5999999642372131,0.5893974483199418,0.0,0.0,-1.9042509087420527
4.764,0.6,0.6000000238418579,0.5893974483199418,0.0,0.0,-1.9017509087623723
4.765,0.6,0.6000000238418579,0.5893974483199418,0.0,0.0,-1.8992509087657332
4.766,0.6,0.6000001430511475,0.5893974483199418,0.0,0.0,-1.8967509087557493
4.767,0.6,0.5999999046325684,0.5893974483199418,0.0,0.0,-1.8942509087492374
4.768,0.6,0.6000000238418579,0.5893974483199418,0.0,0.0,-1.8917509087352131
4.769,0.6,0.6000000238418579,0.5893974483199418,0.0,0.0,-1.8892509087167415
4.7700000000000005,0.6,0.6000000238418579,0.5893974483199418,0.0,0.0,-1.8867509086967096
4.771,0.6,0.5999999642372131,0.5893974483199418,0.0,0.0,-1.8842509086778358
4.772,0.6,0.6000000238418579,0.5893974483199418,0.0,0.0,-1.8817509086559745
4.773,0.6,0.6000001430511475,0.5893974483199418,0.0,0.0,-1.87925090863393
4.774,0.6,0.5999999046325684,0.5893974483199418,0.0,0.0,-1.8767509086277527
4.775,0.6,0.6000000238418579,0.5893974483199418,0.0,0.0,-1.874250908625743
4.776,0.6,0.6000000238418579,0.5893974483199418,0.0,0.0,-1.871750908630293
4.777,0.6,0.5999999046325684,0.5893974483199418,0.0,0.0,-1.869250908643657
4.7780000000000005,0.6,0.6000001430511475,0.5893974483199418,0.0,0.0,-1.8667509086545488
4.779,0.6,0.6000000238418579,0.5893974483199418,0.0,0.0,-1.8642509086791614
4.78,0.6,0.6000000834465027,0.5893974483199418,0.0,0.0,-1.8617509087193396
4.781,0.6,0.6000000834465027,0.5893974483199418,0.0,0.0,-1.8592509087835296
4.782,0.6,0.6000000238418579,0.5893974483199418,0.0,0.0,-1.8567509088796976
4.783,0.6,0.6000000238418579,0.5893974483199418,0.0,0.0,-1.8542509090086434
4.784,0.6,0.6000000834465027,0.5893974483199418,0.0,0.0,-1.8517509091711308
4.785,0.6,0.5999999642372131,0.5893974483199418,0.0,0.0,-1.849250909374593
4.7860000000000005,0.6,0.6000001430511475,0.5893974483199418,0.0,0.0,-1.846750909612625
4.787,0.6,0.5999999046325684,0.5893974483199418,0.0,0.0,-1.8442509098993225
4.788,0.6,0.5999998450279236,0.5893974483199418,0.0,0.0,-1.8417509102211482
4.789,0.6,0.5999999642372131,0.5893974483199418,0.0,0.0,-1.8392509105586494
4.79,0.6,0.5999999642372131,0.5893974483199418,0.0,0.0,-1.8367509109069164
4.791,0.6,0.5999998450279236,0.5893974483199418,0.0,0.0,-1.8342509112613268
4.792,0.6,0.6000000238418579,0.5893974483199418,0.0,0.0,-1.8317509116041137
4.793,0.6,0.5999999046325684,0.5893974483199418,0.0,0.0,-1.829250911938657
4.7940000000000005,0.6,0.6000000238418579,0.5893974483199418,0.0,0.0,-1.8267509122547256
4.795,0.6,0.6000000238418579,0.5893974483199418,0.0,0.0,-1.8242509125560906
4.796,0.6,0.5999998450279236,0.5893974483199418,0.0,0.0,-1.821750912846301
4.797,0.6,0.6000000834465027,0.5893974483199418,0.0,0.0,-1.8192509131085786
4.798,0.6,0.5999999642372131,0.5893974483199418,0.0,0.0,-1.8167509133539388
4.799,0.6,0.5999999642372131,0.5893974483199418,0.0,0.0,-1.8142509135793383
4.8,0.6,0.5999999642372131,0.5893974483199418,0.0,0.0,-1.8117509137819112
4.801,0.6,0.6000000238418579,0.5893974483199418,0.0,0.0,-1.8092509139589488
4.8020000000000005,0.6,0.5999999642372131,0.5893974483199418,0.0,0.0,-1.8067509141146014
4.803,0.6,0.6000000834465027,0.5893974483199418,0.0,0.0,-1.8042509142460696
4.804,0.6,0.5999999046325684,0.5893974483199418,0.0,0.0,-1.8017509143641226
4.805,0.6,0.5999999642372131,0.5893974483199418,0.0,0.0,-1.7992509144587847
4.806,0.6,0.5999999046325684,0.5893974483199418,0.0,0.0,-1.7967509145273586
4.807,0.6,0.5999999046325684,0.5893974483199418,0.0,0.0,-1.7942509145605918
4.808,0.6,0.6000000834465027,0.5893974483199418,0.0,0.0,-1.7917509145497612
4.809,0.6,0.6000000238418579,0.5893974483199418,0.0,0.0,-1.789250914506759
4.8100000000000005,0.6,0.6000000834465027,0.5893974483199418,0.0,0.0,-1.7867509144360763
4.811,0.6,0.6000000834465027,0.5893974483199418,0.0,0.0,-1.7842509143486427
4.812,0.6,0.6000000238418579,0.5893974483199418,0.0,0.0,-1.7817509142547556
4.813,0.6,0.6000000834465027,0.5893974483199418,0.0,0.0,-1.7792509141574027
4.814,0.6,0.6000001430511475,0.5893974483199418,0.0,0.0,-1.7767509140661086
4.815,0.6,0.6000000238418579,0.5893974483199418,0.0,0.0,-1.7742509139965534
4.816,0.6,0.6000001430511475,0.5893974483199418,0.0,0.0,-1.7717509139500989
4.817,0.6,0.5999999642372131,0.5893974483199418,0.0,0.0,-1.7692509139414478
4.8180000000000005,0.6,0.6000000238418579,0.5893974483199418,0.0,0.0,-1.7667509139643394
4.819,0.6,0.5999999642372131,0.5893974483199418,0.0,0.0,-1.7642509140195861
4.82,0.6,0.5999999642372131,0.5893974483199418,0.0,0.0,-1.7617509141012584
4.821,0.6,0.5999999642372131,0.5893974483199418,0.0,0.0,-1.7592509142037727
4.822,0.6,0.6000000238418579,0.5893974483199418,0.0,0.0,-1.7567509143218731
4.823,0.6,0.6000000238418579,0.5893974483199418,0.0,0.0,-1.7542509144573204
4.824,0.6,0.5999999046325684,0.5893974483199418,0.0,0.0,-1.751750914611776
4.825,0.6,0.6000000238418579,0.5893974483199418,0.0,0.0,-1.7492509147733946
4.8260000000000005,0.6,0.5999999642372131,0.5893974483199418,0.0,0.0,-1.7467509149444342
4.827,0.6,0.5999999642372131,0.5893974483199418,0.0,0.0,-1.7442509151203154
4.828,0.6,0.6000000238418579,0.5893974483199418,0.0,0.0,-1.7417509152967272
4.829,0.6,0.5999999642372131,0.5893974483199418,0.0,0.0,-1.7392509154763136
4.83,0.6,0.5999999642372131,0.5893974483199418,0.0,0.0,-1.7367509156548593
4.831,0.6,0.5999999046325684,0.5893974483199418,0.0,0.0,-1.7342509158283939
4.832,0.6,0.5999999046325684,0.5893974483199418,0.0,0.0,-1.731750915986469
4.833,0.6,0.5999999046325684,0.5893974483199418,0.0,0.0,-1.7292509161192398
4.8340000000000005,0.6,0.5999999642372131,0.5893974483199418,0.0,0.0,-1.7267509162174248
4.835,0.6,0.5999999046325684,0.5893974483199418,0.0,0.0,-1.7242509162789803
4.836,0.6,0.5999999046325684,0.5893974483199418,0.0,0.0,-1.7217509162952673
4.837,0.6,0.5999999046325684,0.5893974483199418,0.0,0.0,-1.7192509162581373
4.838,0.6,0.5999999642372131,0.5893974483199418,0.0,0.0,-1.7167509161599042
4.839,0.6,0.6000000238418579,0.5893974483199418,0.0,0.0,-1.7142509160000203
4.84,0.6,0.5999999642372131,0.5893974483199418,0.0,0.0,-1.7117509157846638
4.841,0.6,0.6000000238418579,0.5893974483199418,0.0,0.0,-1.7092509155129363
4.8420000000000005,0.6,0.6000001430511475,0.5893974483199418,0.0,0.0,-1.706750915190689
4.843,0.6,0.6000000238418579,0.5893974483199418,0.0,0.0,-1.7042509148368343
4.844,0.6,0.6000000238418579,0.5893974483199418,0.0,0.0,-1.7017509144557708
4.845,0.6,0.6000001430511475,0.5893974483199418,0.0,0.0,-1.6992509140516365
4.846,0.6,0.6000001430511475,0.5893974483199418,0.0,0.0,-1.696750913641741
4.847,0.6,0.6000001430511475,0.5893974483199418,0.0,0.0,-1.694250913242385
4.848,0.6,0.6000001430511475,0.5893974483199418,0.0,0.0,-1.6917509128689319
4.849,0.6,0.6000000238418579,0.5893974483199418,0.0,0.0,-1.68925091253586
4.8500000000000005,0.6,0.6000000834465027,0.5893974483199418,0.0,0.0,-1.686750912243403
4.851,0.6,0.6000001430511475,0.5893974483199418,0.0,0.0,-1.6842509119984985
4.852,0.6,0.6000000238418579,0.5893974483199418,0.0,0.0,-1.6817509118143963
4.853,0.6,0.6000000238418579,0.5893974483199418,0.0,0.0,-1.6792509116901821
4.854,0.6,0.6000000238418579,0.5893974483199418,0.0,0.0,-1.676750911625004
4.855,0.6,0.6000000238418579,0.5893974483199418,0.0,0.0,-1.6742509116180733
4.856,0.6,0.5999999642372131,0.5893974483199418,0.0,0.0,-1.6717509116686595
4.857,0.6,0.5999999046325684,0.5893974483199418,0.0,0.0,-1.6692509117693806
4.8580000000000005,0.6,0.5999999046325684,0.5893974483199418,0.0,0.0,-1.666750911906585
4.859,0.6,0.6000000238418579,0.5893974483199418,0.0,0.0,-1.6642509120674203
4.86,0.6,0.6000000238418579,0.5893974483199418,0.0,0.0,-1.661750912253197
4.861,0.6,0.5999999642372131,0.5893974483199418,0.0,0.0,-1.6592509124651555
4.862,0.6,0.6000000238418579,0.5893974483199418,0.0,0.0,-1.6567509126977618
4.863,0.6,0.6000000238418579,0.5893974483199418,0.0,0.0,-1.6542509129525138
4.864,0.6,0.5999999046325684,0.5893974483199418,0.0,0.0,-1.6517509132308283
4.865,0.6,0.5999999046325684,0.5893974483199418,0.0,0.0,-1.6492509135206306
4.866,0.6,0.5999999046325684,0.5893974483199418,0.0,0.0,-1.6467509138105478
4.867,0.6,0.5999999046325684,0.5893974483199418,0.0,0.0,-1.6442509140898671
4.868,0.6,0.5999999046325684,0.5893974483199418,0.0,0.0,-1.6417509143484925
4.869,0.6,0.5999999642372131,0.5893974483199418,0.0,0.0,-1.6392509145769103
4.87,0.6,0.5999999046325684,0.5893974483199418,0.0,0.0,-1.6367509147728565
4.871,0.6,0.5999999642372131,0.5893974483199418,0.0,0.0,-1.6342509149274862
4.872,0.6,0.6000000238418579,0.5893974483199418,0.0,0.0,-1.631750915039165
4.873,0.6,0.6000000238418579,0.5893974483199418,0.0,0.0,-1.6292509151130488
4.874,0.6,0.5999999642372131,0.5893974483199418,0.0,0.0,-1.6267509151539898
4.875,0.6,0.6000000238418579,0.5893974483199418,0.0,0.0,-1.6242509151598437
4.876,0.6,0.6000001430511475,0.5893974483199418,0.0,0.0,-1.6217509151352902
4.877,0.6,0.6000000238418579,0.5893974483199418,0.0,0.0,-1.6192509150981456
4.878,0.6,0.6000000238418579,0.5893974483199418,0.0,0.0,-1.6167509150517767
4.8790000000000004,0.6,0.6000000238418579,0.5893974483199418,0.0,0.0,-1.6142509149993558
4.88,0.6,0.6000000238418579,0.5893974483199418,0.0,0.0,-1.6117509149438676
4.881,0.6,0.6000000238418579,0.5893974483199418,0.0,0.0,-1.6092509148881262
4.882,0.6,0.6000000238418579,0.5893974483199418,0.0,0.0,-1.6067509148347807
4.883,0.6,0.6000000238418579,0.5893974483199418,0.0,0.0,-1.604250914786328
4.884,0.6,0.6000000238418579,0.5893974483199418,0.0,0.0,-1.601750914745122
4.885,0.6,0.6000000238418579,0.5893974483199418,0.0,0.0,-1.599250914713382
4.886,0.6,0.6000000238418579,0.5893974483199418,0.0,0.0,-1.5967509146931989
4.8870000000000005,0.6,0.6000000238418579,0.5893974483199418,0.0,0.0,-1.594250914686548
4.888,0.6,0.6000000238418579,0.5893974483199418,0.0,0.0,-1.591750914695291
4.889,0.6,0.6000000238418579,0.5893974483199418,0.0,0.0,-1.5892509147211864
4.89,0.6,0.6000000238418579,0.5893974483199418,0.0,0.0,-1.586750914765893
4.891,0.6,0.6000000238418579,0.5893974483199418,0.0,0.0,-1.5842509148309787
4.892,0.6,0.6000000238418579,0.5893974483199418,0.0,0.0,-1.5817509149179247
4.893,0.6,0.6000000238418579,0.5893974483199418,0.0,0.0,-1.5792509150281313
4.894,0.6,0.5999999046325684,0.5893974483199418,0.0,0.0,-1.5767509151629215
4.8950000000000005,0.6,0.5999999642372131,0.5893974483199418,0.0,0.0,-1.5742509153101352
4.896,0.6,0.5999999642372131,0.5893974483199418,0.0,0.0,-1.571750915465024
4.897,0.6,0.5999999642372131,0.5893974483199418,0.0,0.0,-1.5692509156231187
4.898,0.6,0.5999999642372131,0.5893974483199418,0.0,0.0,-1.5667509157802078
4.899,0.6,0.6000000238418579,0.5893974483199418,0.0,0.0,-1.5642509159323248
4.9,0.6,0.5999999642372131,0.5893974483199418,0.0,0.0,-1.5617509160824379
4.901,0.6,0.5999999642372131,0.5893974483199418,0.0,0.0,-1.5592509162266366
4.902,0.6,0.5999999046325684,0.5893974483199418,0.0,0.0,-1.5567509163612354
4.9030000000000005,0.6,0.6000000238418579,0.5893974483199418,0.0,0.0,-1.5542509164760543
4.904,0.6,0.5999999046325684,0.5893974483199418,0.0,0.0,-1.5517509165749113
4.905,0.6,0.6000000238418579,0.5893974483199418,0.0,0.0,-1.5492509166479886
4.906,0.6,0.6000000238418579,0.5893974483199418,0.0,0.0,-1.5467509166994433
4.907,0.6,0.6000000238418579,0.5893974483199418,0.0,0.0,-1.544250916733188
4.908,0.6,0.6000000238418579,0.5893974483199418,0.0,0.0,-1.5417509167529038
4.909,0.6,0.6000000238418579,0.5893974483199418,0.0,0.0,-1.539250916762057
4.91,0.6,0.6000000238418579,0.5893974483199418,0.0,0.0,-1.5367509167639115
4.9110000000000005,0.6,0.6000000238418579,0.5893974483199418,0.0,0.0,-1.5342509167615388
4.912,0.6,0.6000000238418579,0.5893974483199418,0.0,0.0,-1.531750916757833
4.913,0.6,0.6000000238418579,0.5893974483199418,0.0,0.0,-1.5292509167555206
4.914,0.6,0.6000000238418579,0.5893974483199418,0.0,0.0,-1.5267509167571691
4.915,0.6,0.6000000238418579,0.5893974483199418,0.0,0.0,-1.5242509167652
4.916,0.6,0.6000000238418579,0.5893974483199418,0.0,0.0,-1.5217509167818946
4.917,0.6,0.5999999046325684,0.5893974483199418,0.0,0.0,-1.5192509168094042
4.918,0.6,0.5999999642372131,0.5893974483199418,0.0,0.0,-1.516750916836345
4.9190000000000005,0.6,0.6000000238418579,0.5893974483199418,0.0,0.0,-1.5142509168586997
4.92,0.6,0.6000000238418579,0.5893974483199418,0.0,0.0,-1.5117509168793886
4.921,0.6,0.6000000238418579,0.5893974483199418,0.0,0.0,-1.5092509169011634
4.922,0.6,0.5999999046325684,0.5893974483199418,0.0,0.0,-1.506750916926616
4.923,0.6,0.6000000238418579,0.5893974483199418,0.0,0.0,-1.5042509169447764
4.924,0.6,0.6000000238418579,0.5893974483199418,0.0,0.0,-1.5017509169587218
4.925,0.6,0.5999999642372131,0.5893974483199418,0.0,0.0,-1.49925091697135
4.926,0.6,0.6000000238418579,0.5893974483199418,0.0,0.0,-1.4967509169786841
4.9270000000000005,0.6,0.6000000238418579,0.5893974483199418,0.0,0.0,-1.4942509169836835
4.928,0.6,0.6000000238418579,0.5893974483199418,0.0,0.0,-1.491750916989137
4.929,0.6,0.6000000238418579,0.5893974483199418,0.0,0.0,-1.4892509169976693
4.93,0.6,0.6000000238418579,0.5893974483199418,0.0,0.0,-1.486750917011756
4.931,0.6,0.6000000238418579,0.5893974483199418,0.0,0.0,-1.4842509170337301
4.932,0.6,0.5999999642372131,0.5893974483199418,0.0,0.0,-1.4817509170657899
4.933,0.6,0.6000000238418579,0.5893974483199418,0.0,0.0,-1.479250917103304
4.934,0.6,0.5999999046325684,0.5893974483199418,0.0,0.0,-1.4767509171486155
4.9350000000000005,0.6,0.5999999642372131,0.5893974483199418,0.0,0.0,-1.4742509171905205
4.936,0.6,0.6000000238418579,0.5893974483199418,0.0,0.0,-1.4717509172251722
4.937,0.6,0.5999999642372131,0.5893974483199418,0.0,0.0,-1.4692509172556494
4.938,0.6,0.6000000238418579,0.5893974483199418,0.0,0.0,-1.4667509172781452
4.939,0.6,0.6000000238418579,0.5893974483199418,0.0,0.0,-1.464250917295781
4.94,0.6,0.6000000238418579,0.5893974483199418,0.0,0.0,-1.461750917311493
4.941,0.6,0.6000000238418579,0.5893974483199418,0.0,0.0,-1.4592509173280492
4.942,0.6,0.6000000834465027,0.5893974483199418,0.0,0.0,-1.4567509173480566
4.9430000000000005,0.6,0.5999999046325684,0.5893974483199418,0.0,0.0,-1.4542509173806784
4.944,0.6,0.6000000238418579,0.5893974483199418,0.0,0.0,-1.451750917414431
4.945,0.6,0.5999999046325684,0.5893974483199418,0.0,0.0,-1.449250917451908
4.946,0.6,0.5999999046325684,0.5893974483199418,0.0,0.0,-1.4467509174821425
4.947,0.6,0.6000000238418579,0.5893974483199418,0.0,0.0,-1.4442509174948002
4.948,0.6,0.6000000238418579,0.5893974483199418,0.0,0.0,-1.4417509174935548
4.949,0.6,0.6000000238418579,0.5893974483199418,0.0,0.0,-1.4392509174818655
4.95,0.6,0.6000000834465027,0.5893974483199418,0.0,0.0,-1.4367509174629884
4.9510000000000005,0.6,0.6000000238418579,0.5893974483199418,0.0,0.0,-1.4342509174466962
4.952,0.6,0.6000000238418579,0.5893974483199418,0.0,0.0,-1.431750917435489
4.953,0.6,0.6000000238418579,0.5893974483199418,0.0,0.0,-1.4292509174317245
4.954,0.6,0.6000000834465027,0.5893974483199418,0.0,0.0,-1.4267509174376238
4.955,0.6,0.6000000238418579,0.5893974483199418,0.0,0.0,-1.4242509174619895
4.956,0.6,0.5999999642372131,0.5893974483199418,0.0,0.0,-1.421750917506411
4.957,0.6,0.5999999642372131,0.5893974483199418,0.0,0.0,-1.4192509175656827
4.958,0.6,0.5999999642372131,0.5893974483199418,0.0,0.0,-1.416750917634904
4.9590000000000005,0.6,0.5999999046325684,0.5893974483199418,0.0,0.0,-1.4142509177094615
4.96,0.6,0.5999999642372131,0.5893974483199418,0.0,0.0,-1.4117509177783039
4.961,0.6,0.5999999642372131,0.5893974483199418,0.0,0.0,-1.4092509178377226
4.962,0.6,0.5999999046325684,0.5893974483199418,0.0,0.0,-1.4067509178842255
4.963,0.6,0.6000000834465027,0.5893974483199418,0.0,0.0,-1.4042509179078115
4.964,0.6,0.6000000238418579,0.5893974483199418,0.0,0.0,-1.4017509179191754
4.965,0.6,0.6000000238418579,0.5893974483199418,0.0,0.0,-1.3992509179216814
4.966,0.6,0.6000000238418579,0.5893974483199418,0.0,0.0,-1.3967509179185
4.9670000000000005,0.6,0.5999999642372131,0.5893974483199418,0.0,0.0,-1.3942509179126132
4.968,0.6,0.6000000238418579,0.5893974483199418,0.0,0.0,-1.3917509179001262
4.969,0.6,0.6000000238418579,0.5893974483199418,0.0,0.0,-1.389250917884073
4.97,0.6,0.6000000238418579,0.5893974483199418,0.0,0.0,-1.3867509178673139
4.971,0.6,0.6000000238418579,0.5893974483199418,0.0,0.0,-1.3842509178525408
4.972,0.6,0.6000000834465027,0.5893974483199418,0.0,0.0,-1.3817509178422915
4.973,0.6,0.6000000834465027,0.5893974483199418,0.0,0.0,-1.3792509178456638
4.974,0.6,0.5999999642372131,0.5893974483199418,0.0,0.0,-1.3767509178712316
4.9750000000000005,0.6,0.6000000238418579,0.5893974483199418,0.0,0.0,-1.3742509179136626
4.976,0.6,0.5999999642372131,0.5893974483199418,0.0,0.0,-1.3717509179746472
4.977,0.6,0.5999999642372131,0.5893974483199418,0.0,0.0,-1.3692509180490702
4.978,0.6,0.5999999046325684,0.5893974483199418,0.0,0.0,-1.3667509181321196
4.979,0.6,0.5999999642372131,0.5893974483199418,0.0,0.0,-1.3642509182125553
4.98,0.6,0.5999999642372131,0.5893974483199418,0.0,0.0,-1.3617509182864955
4.981,0.6,0.5999999642372131,0.5893974483199418,0.0,0.0,-1.3592509183502814
4.982,0.6,0.5999999642372131,0.5893974483199418,0.0,0.0,-1.3567509184004651
4.9830000000000005,0.6,0.6000000238418579,0.5893974483199418,0.0,0.0,-1.3542509184337947
4.984,0.6,0.6000000238418579,0.5893974483199418,0.0,0.0,-1.35175091845391
4.985,0.6,0.6000000238418579,0.5893974483199418,0.0,0.0,-1.3492509184642376
4.986,0.6,0.6000000238418579,0.5893974483199418,0.0,0.0,-1.3467509184680029
4.987,0.6,0.6000000238418579,0.5893974483199418,0.0,0.0,-1.3442509184682443
4.988,0.6,0.6000000238418579,0.5893974483199418,0.0,0.0,-1.3417509184678218
4.989,0.6,0.6000000238418579,0.5893974483199418,0.0,0.0,-1.3392509184694321
4.99,0.6,0.6000000238418579,0.5893974483199418,0.0,0.0,-1.3367509184756141
4.9910000000000005,0.6,0.6000000238418579,0.5893974483199418,0.0,0.0,-1.334250918488761
4.992,0.6,0.6000000238418579,0.5893974483199418,0.0,0.0,-1.3317509185111296
4.993,0.6,0.6000000238418579,0.5893974483199418,0.0,0.0,-1.329250918544847
4.994,0.6,0.5999999642372131,0.5893974483199418,0.0,0.0,-1.3267509185919204
4.995,0.6,0.5999999046325684,0.5893974483199418,0.0,0.0,-1.324250918647537
4.996,0.6,0.5999999642372131,0.5893974483199418,0.0,0.0,-1.3217509187004577
4.997,0.6,0.5999999642372131,0.5893974483199418,0.0,0.0,-1.3192509187468002
4.998,0.6,0.6000000238418579,0.5893974483199418,0.0,0.0,-1.3167509187829072
4.999,0.6,0.6000000238418579,0.5893974483199418,0.0,0.0,-1.3142509188120366
5.0,0.6,0.5999999642372131,0.5893974483199418,0.0,0.0,-1.3117509188372563
5.001,0.6,0.6000000238418579,0.5893974483199418,0.0,0.0,-1.3092509188547496
5.002,0.6,0.6000000238418579,0.5893974483199418,0.0,0.0,-1.3067509188676256
5.003,0.6,0.6000000238418579,0.5893974483199418,0.0,0.0,-1.304250918878813
5.0040000000000004,0.6,0.6000000238418579,0.5893974483199418,0.0,0.0,-1.3017509188910699
5.005,0.6,0.6000000238418579,0.5893974483199418,0.0,0.0,-1.2992509189069947
5.006,0.6,0.6000000238418579,0.5893974483199418,0.0,0.0,-1.2967509189290367
5.007,0.6,0.5999999642372131,0.5893974483199418,0.0,0.0,-1.2942509189595037
5.008,0.6,0.5999999642372131,0.5893974483199418,0.0,0.0,-1.2917509189938667
5.009,0.6,0.5999999642372131,0.5893974483199418,0.0,0.0,-1.2892509190278587
5.01,0.6,0.6000000238418579,0.5893974483199418,0.0,0.0,-1.2867509190574606
5.011,0.6,0.5999999046325684,0.5893974483199418,0.0,0.0,-1.2842509190855917
5.0120000000000005,0.6,0.6000000238418579,0.5893974483199418,0.0,0.0,-1.281750919101588
5.013,0.6,0.6000000238418579,0.5893974483199418,0.0,0.0,-1.2792509191088148
5.014,0.6,0.6000000238418579,0.5893974483199418,0.0,0.0,-1.276750919110441
5.015,0.6,0.6000000238418579,0.5893974483199418,0.0,0.0,-1.27425091910945
5.016,0.6,0.6000000238418579,0.5893974483199418,0.0,0.0,-1.2717509191086531
5.017,0.6,0.6000000238418579,0.5893974483199418,0.0,0.0,-1.2692509191106967
5.018,0.6,0.6000000238418579,0.5893974483199418,0.0,0.0,-1.266750919118077
5.019,0.6,0.6000000238418579,0.5893974483199418,0.0,0.0,-1.2642509191331452
5.0200000000000005,0.6,0.6000000238418579,0.5893974483199418,0.0,0.0,-1.2617509191581182
5.021,0.6,0.5999999642372131,0.5893974483199418,0.0,0.0,-1.2592509191950871
5.022,0.6,0.6000000238418579,0.5893974483199418,0.0,0.0,-1.2567509192393176
5.023,0.6,0.6000000238418579,0.5893974483199418,0.0,0.0,-1.254250919293057
5.024,0.6,0.6000000238418579,0.5893974483199418,0.0,0.0,-1.2517509193584264
5.025,0.6,0.6000000238418579,0.5893974483199418,0.0,0.0,-1.2492509194374246
5.026,0.6,0.5999999642372131,0.5893974483199418,0.0,0.0,-1.2467509195319382
5.027,0.6,0.5999999642372131,0.5893974483199418,0.0,0.0,-1.2442509196370415
5.0280000000000005,0.6,0.5999999642372131,0.5893974483199418,0.0,0.0,-1.2417509197480951
5.029,0.6,0.5999999642372131,0.5893974483199418,0.0,0.0,-1.2392509198607318
5.03,0.6,0.6000000238418579,0.5893974483199418,0.0,0.0,-1.2367509199708364
5.031,0.6,0.5999999642372131,0.5893974483199418,0.0,0.0,-1.234250920081238
5.032,0.6,0.5999999642372131,0.5893974483199418,0.0,0.0,-1.2317509201878956
5.033,0.6,0.5999999642372131,0.5893974483199418,0.0,0.0,-1.2292509202870017
5.034,0.6,0.5999999642372131,0.5893974483199418,0.0,0.0,-1.2267509203749682
5.035,0.6,0.5999999642372131,0.5893974483199418,0.0,0.0,-1.224250920448411
5.0360000000000005,0.6,0.6000000238418579,0.5893974483199418,0.0,0.0,-1.2217509205041417
5.037,0.6,0.5999999642372131,0.5893974483199418,0.0,0.0,-1.2192509205458568
5.038,0.6,0.6000000238418579,0.5893974483199418,0.0,0.0,-1.2167509205703313
5.039,0.6,0.6000000238418579,0.5893974483199418,0.0,0.0,-1.2142509205812286
5.04,0.6,0.6000000834465027,0.5893974483199418,0.0,0.0,-1.2117509205819978
5.041,0.6,0.6000000238418579,0.5893974483199418,0.0,0.0,-1.2092509205825925
5.042,0.6,0.6000000238418579,0.5893974483199418,0.0,0.0,-1.206750920585683
5.043,0.6,0.6000000238418579,0.5893974483199418,0.0,0.0,-1.2042509205937866
5.0440000000000005,0.6,0.6000000238418579,0.5893974483199418,0.0,0.0,-1.2017509206092727
5.045,0.6,0.5999999642372131,0.5893974483199418,0.0,0.0,-1.1992509206343798
5.046,0.6,0.5999999642372131,0.5893974483199418,0.0,0.0,-1.196750920664508
5.047,0.6,0.6000000238418579,0.5893974483199418,0.0,0.0,-1.194250920695327
5.048,0.6,0.6000000238418579,0.5893974483199418,0.0,0.0,-1.191750920729464
5.049,0.6,0.6000000238418579,0.5893974483199418,0.0,0.0,-1.1892509207693944
5.05,0.6,0.5999999642372131,0.5893974483199418,0.0,0.0,-1.1867509208174523
5.051,0.6,0.5999999046325684,0.5893974483199418,0.0,0.0,-1.1842509208691303
5.0520000000000005,0.6,0.6000000238418579,0.5893974483199418,0.0,0.0,-1.1817509209134776
5.053,0.6,0.5999999642372131,0.5893974483199418,0.0,0.0,-1.1792509209535882
5.054,0.6,0.5999999642372131,0.5893974483199418,0.0,0.0,-1.176750920985672
5.055,0.6,0.6000000238418579,0.5893974483199418,0.0,0.0,-1.1742509210061542
5.056,0.6,0.6000000238418579,0.5893974483199418,0.0,0.0,-1.1717509210183725
5.057,0.6,0.6000000238418579,0.5893974483199418,0.0,0.0,-1.1692509210254696
5.058,0.6,0.6000000238418579,0.5893974483199418,0.0,0.0,-1.1667509210304048
5.059,0.6,0.6000000238418579,0.5893974483199418,0.0,0.0,-1.1642509210359655
5.0600000000000005,0.6,0.6000000238418579,0.5893974483199418,0.0,0.0,-1.1617509210447785
5.061,0.6,0.6000000834465027,0.5893974483199418,0.0,0.0,-1.1592509210593187
5.062,0.6,0.5999999642372131,0.5893974483199418,0.0,0.0,-1.1567509210886249
5.063,0.6,0.5999999642372131,0.5893974483199418,0.0,0.0,-1.1542509211278023
5.064,0.6,0.6000000238418579,0.5893974483199418,0.0,0.0,-1.1517509211722423
5.065,0.6,0.5999999642372131,0.5893974483199418,0.0,0.0,-1.1492509212243125
5.066,0.6,0.5999999642372131,0.5893974483199418,0.0,0.0,-1.1467509212795355
5.067,0.6,0.5999999642372131,0.5893974483199418,0.0,0.0,-1.1442509213336958
5.0680000000000005,0.6,0.5999999642372131,0.5893974483199418,0.0,0.0,-1.1417509213828212
5.069,0.6,0.5999999642372131,0.5893974483199418,0.0,0.0,-1.1392509214231696
5.07,0.6,0.6000000238418579,0.5893974483199418,0.0,0.0,-1.136750921451213
5.071,0.6,0.6000000238418579,0.5893974483199418,0.0,0.0,-1.1342509214703327
5.072,0.6,0.6000000238418579,0.5893974483199418,0.0,0.0,-1.1317509214837107
5.073,0.6,0.6000000238418579,0.5893974483199418,0.0,0.0,-1.1292509214943458
5.074,0.6,0.6000000238418579,0.5893974483199418,0.0,0.0,-1.12675092150506
5.075,0.6,0.6000000834465027,0.5893974483199418,0.0,0.0,-1.1242509215185144
5.0760000000000005,0.6,0.5999999046325684,0.5893974483199418,0.0,0.0,-1.1217509215439212
5.077,0.6,0.5999999642372131,0.5893974483199418,0.0,0.0,-1.1192509215698423
5.078,0.6,0.6000000238418579,0.5893974483199418,0.0,0.0,-1.11675092159221
5.079,0.6,0.6000000238418579,0.5893974483199418,0.0,0.0,-1.1142509216138963
5.08,0.6,0.6000000238418579,0.5893974483199418,0.0,0.0,-1.1117509216376091
5.081,0.6,0.5999999046325684,0.5893974483199418,0.0,0.0,-1.109250921665898
5.082,0.6,0.6000000238418579,0.5893974483199418,0.0,0.0,-1.1067509216877522
5.083,0.6,0.6000000238418579,0.5893974483199418,0.0,0.0,-1.1042509217062133
5.0840000000000005,0.6,0.5999999642372131,0.5893974483199418,0.0,0.0,-1.1017509217241443
5.085,0.6,0.6000000238418579,0.5893974483199418,0.0,0.0,-1.0992509217375352
5.086,0.6,0.5999999642372131,0.5893974483199418,0.0,0.0,-1.0967509217493157
5.087,0.6,0.6000000238418579,0.5893974483199418,0.0,0.0,-1.0942509217555376
5.088,0.6,0.6000000238418579,0.5893974483199418,0.0,0.0,-1.0917509217591874
5.089,0.6,0.6000000238418579,0.5893974483199418,0.0,0.0,-1.089250921763078
5.09,0.6,0.6000000238418579,0.5893974483199418,0.0,0.0,-1.086750921769859
5.091,0.6,0.6000000238418579,0.5893974483199418,0.0,0.0,-1.0842509217820284
5.0920000000000005,0.6,0.6000000238418579,0.5893974483199418,0.0,0.0,-1.0817509218019399
5.093,0.6,0.6000000238418579,0.5893974483199418,0.0,0.0,-1.0792509218318114
5.094,0.6,0.5999999642372131,0.5893974483199418,0.0,0.0,-1.0767509218737372
5.095,0.6,0.5999999642372131,0.5893974483199418,0.0,0.0,-1.074250921922983
5.096,0.6,0.5999999642372131,0.5893974483199418,0.0,0.0,-1.0717509219750931
5.097,0.6,0.5999999642372131,0.5893974483199418,0.0,0.0,-1.0692509220258686
5.098,0.6,0.5999999642372131,0.5893974483199418,0.0,0.0,-1.0667509220713551
5.099,0.6,0.5999999642372131,0.5893974483199418,0.0,0.0,-1.064250922107826
5.1000000000000005,0.6,0.6000000238418579,0.5893974483199418,0.0,0.0,-1.0617509221317674
5.101,0.6,0.6000000238418579,0.5893974483199418,0.0,0.0,-1.059250922146575
5.102,0.6,0.6000000238418579,0.5893974483199418,0.0,0.0,-1.0567509221554445
5.103,0.6,0.6000000834465027,0.5893974483199418,0.0,0.0,-1.0542509221613854
5.104,0.6,0.6000000834465027,0.5893974483199418,0.0,0.0,-1.0517509221739392
5.105,0.6,0.5999999046325684,0.5893974483199418,0.0,0.0,-1.0492509222020971
5.106,0.6,0.5999999642372131,0.5893974483199418,0.0,0.0,-1.04675092223421
5.107,0.6,0.5999999642372131,0.5893974483199418,0.0,0.0,-1.0442509222660141
5.1080000000000005,0.6,0.5999999642372131,0.5893974483199418,0.0,0.0,-1.0417509222934913
5.109,0.6,0.6000000834465027,0.5893974483199418,0.0,0.0,-1.0392509223128559
5.11,0.6,0.6000000238418579,0.5893974483199418,0.0,0.0,-1.0367509223339528
5.111,0.6,0.5999999642372131,0.5893974483199418,0.0,0.0,-1.0342509223593501
5.112,0.6,0.5999999642372131,0.5893974483199418,0.0,0.0,-1.0317509223847616
5.113,0.6,0.6000000238418579,0.5893974483199418,0.0,0.0,-1.0292509224061506
5.114,0.6,0.6000000238418579,0.5893974483199418,0.0,0.0,-1.0267509224264182
5.115,0.6,0.6000000834465027,0.5893974483199418,0.0,0.0,-1.0242509224482983
5.1160000000000005,0.6,0.6000000238418579,0.5893974483199418,0.0,0.0,-1.0217509224810735
5.117,0.6,0.5999999642372131,0.5893974483199418,0.0,0.0,-1.0192509225267836
5.118,0.6,0.5999999642372131,0.5893974483199418,0.0,0.0,-1.0167509225806468
5.119,0.6,0.5999999642372131,0.5893974483199418,0.0,0.0,-1.0142509226381606
5.12,0.6,0.5999999642372131,0.5893974483199418,0.0,0.0,-1.0117509226950834
5.121,0.6,0.5999999046325684,0.5893974483199418,0.0,0.0,-1.0092509227474196
5.122,0.6,0.5999999642372131,0.5893974483199418,0.0,0.0,-1.0067509227846976
5.123,0.6,0.6000000238418579,0.5893974483199418,0.0,0.0,-1.0042509228037562
5.124,0.6,0.6000000238418579,0.5893974483199418,0.0,0.0,-1.0017509228083195
5.125,0.6,0.6000000238418579,0.5893974483199418,0.0,0.0,-0.9992509228018935
5.126,0.6,0.6000000238418579,0.5893974483199418,0.0,0.0,-0.9967509227877781
5.127,0.6,0.6000000238418579,0.5893974483199418,0.0,0.0,-0.9942509227690816
5.128,0.6,0.6000000238418579,0.5893974483199418,0.0,0.0,-0.9917509227487303
5.1290000000000004,0.6,0.6000000238418579,0.5893974483199418,0.0,0.0,-0.9892509227294812
5.13,0.6,0.6000000238418579,0.5893974483199418,0.0,0.0,-0.9867509227139318
5.131,0.6,0.6000000238418579,0.5893974483199418,0.0,0.0,-0.98425092270453
5.132,0.6,0.6000000238418579,0.5893974483199418,0.0,0.0,-0.9817509227035826
5.133,0.6,0.5999999642372131,0.5893974483199418,0.0,0.0,-0.9792509227132653
5.134,0.6,0.5999999642372131,0.5893974483199418,0.0,0.0,-0.9767509227289237
5.135,0.6,0.6000000238418579,0.5893974483199418,0.0,0.0,-0.9742509227461736
5.136,0.6,0.6000000238418579,0.5893974483199418,0.0,0.0,-0.9717509227675928
5.1370000000000005,0.6,0.5999999642372131,0.5893974483199418,0.0,0.0,-0.9692509227956088
5.138,0.6,0.5999999642372131,0.5893974483199418,0.0,0.0,-0.9667509228258054
5.139,0.6,0.5999999642372131,0.5893974483199418,0.0,0.0,-0.9642509228540218
5.14,0.6,0.6000000238418579,0.5893974483199418,0.0,0.0,-0.9617509228763379
5.141,0.6,0.6000000238418579,0.5893974483199418,0.0,0.0,-0.9592509228957665
5.142,0.6,0.6000000834465027,0.5893974483199418,0.0,0.0,-0.9567509229151436
5.143,0.6,0.5999999642372131,0.5893974483199418,0.0,0.0,-0.954250922943851
5.144,0.6,0.5999999046325684,0.5893974483199418,0.0,0.0,-0.951750922977312
5.1450000000000005,0.6,0.6000000238418579,0.5893974483199418,0.0,0.0,-0.9492509230045121
5.146,0.6,0.6000000834465027,0.5893974483199418,0.0,0.0,-0.9467509230284856
5.147,0.6,0.5999999642372131,0.5893974483199418,0.0,0.0,-0.9442509230587973
5.148,0.6,0.5999999642372131,0.5893974483199418,0.0,0.0,-0.9417509230910456
5.149,0.6,0.5999999642372131,0.5893974483199418,0.0,0.0,-0.9392509231210857
5.15,0.6,0.6000000238418579,0.5893974483199418,0.0,0.0,-0.9367509231450111
5.151,0.6,0.6000000238418579,0.5893974483199418,0.0,0.0,-0.9342509231658471
5.152,0.6,0.5999999642372131,0.5893974483199418,0.0,0.0,-0.9317509231864447
5.1530000000000005,0.6,0.6000000238418579,0.5893974483199418,0.0,0.0,-0.9292509232027807
5.154,0.6,0.6000000238418579,0.5893974483199418,0.0,0.0,-0.9267509232177725
5.155,0.6,0.6000000834465027,0.5893974483199418,0.0,0.0,-0.9242509232341678
5.156,0.6,0.5999999046325684,0.5893974483199418,0.0,0.0,-0.9217509232612618
5.157,0.6,0.5999999642372131,0.5893974483199418,0.0,0.0,-0.9192509232876935
5.158,0.6,0.6000000238418579,0.5893974483199418,0.0,0.0,-0.9167509233094677
5.159,0.6,0.6000000238418579,0.5893974483199418,0.0,0.0,-0.9142509233295253
5.16,0.6,0.5999999642372131,0.5893974483199418,0.0,0.0,-0.9117509233506368
5.1610000000000005,0.6,0.6000000238418579,0.5893974483199418,0.0,0.0,-0.9092509233687053
5.162,0.6,0.6000000238418579,0.5893974483199418,0.0,0.0,-0.9067509233865784
5.163,0.6,0.6000000238418579,0.5893974483199418,0.0,0.0,-0.904250923406938
5.164,0.6,0.5999999642372131,0.5893974483199418,0.0,0.0,-0.9017509234323114
5.165,0.6,0.5999999642372131,0.5893974483199418,0.0,0.0,-0.8992509234583735
5.166,0.6,0.6000000238418579,0.5893974483199418,0.0,0.0,-0.896750923481051
5.167,0.6,0.5999999642372131,0.5893974483199418,0.0,0.0,-0.8942509235032114
5.168,0.6,0.6000000238418579,0.5893974483199418,0.0,0.0,-0.8917509235208497
5.1690000000000005,0.6,0.6000000238418579,0.5893974483199418,0.0,0.0,-0.8892509235368999
5.17,0.6,0.6000000238418579,0.5893974483199418,0.0,0.0,-0.8867509235541238
5.171,0.6,0.6000000238418579,0.5893974483199418,0.0,0.0,-0.8842509235751236
5.172,0.6,0.5999999642372131,0.5893974483199418,0.0,0.0,-0.8817509236023537
5.173,0.6,0.5999999642372131,0.5893974483199418,0.0,0.0,-0.8792509236314189
5.174,0.6,0.5999999046325684,0.5893974483199418,0.0,0.0,-0.8767509236581799
5.175,0.6,0.5999999642372131,0.5893974483199418,0.0,0.0,-0.8742509236720305
5.176,0.6,0.6000000238418579,0.5893974483199418,0.0,0.0,-0.8717509236696822
5.1770000000000005,0.6,0.6000000238418579,0.5893974483199418,0.0,0.0,-0.8692509236547411
5.178,0.6,0.6000000238418579,0.5893974483199418,0.0,0.0,-0.8667509236306008
5.179,0.6,0.6000000238418579,0.5893974483199418,0.0,0.0,-0.8642509236004573
5.18,0.6,0.6000000238418579,0.5893974483199418,0.0,0.0,-0.8617509235673201
5.181,0.6,0.6000000238418579,0.5893974483199418,0.0,0.0,-0.8592509235340235
5.182,0.6,0.5999999642372131,0.5893974483199418,0.0,0.0,-0.8567509235032377
5.183,0.6,0.6000000238418579,0.5893974483199418,0.0,0.0,-0.8542509234707724
5.184,0.6,0.6000000238418579,0.5893974483199418,0.0,0.0,-0.8517509234393861
5.1850000000000005,0.6,0.6000000238418579,0.5893974483199418,0.0,0.0,-0.8492509234116781
5.186,0.6,0.6000000238418579,0.5893974483199418,0.0,0.0,-0.8467509233900974
5.187,0.6,0.6000000238418579,0.5893974483199418,0.0,0.0,-0.8442509233769536
5.188,0.6,0.6000000238418579,0.5893974483199418,0.0,0.0,-0.8417509233744229
5.189,0.6,0.6000000834465027,0.5893974483199418,0.0,0.0,-0.8392509233845586
5.19,0.6,0.6000000238418579,0.5893974483199418,0.0,0.0,-0.8367509234160042
5.191,0.6,0.5999999642372131,0.5893974483199418,0.0,0.0,-0.8342509234702
5.192,0.6,0.5999999046325684,0.5893974483199418,0.0,0.0,-0.8317509235418011
5.1930000000000005,0.6,0.5999999642372131,0.5893974483199418,0.0,0.0,-0.8292509236190693
5.194,0.6,0.5999999642372131,0.5893974483199418,0.0,0.0,-0.8267509236976552
5.195,0.6,0.5999999046325684,0.5893974483199418,0.0,0.0,-0.8242509237734603
5.196,0.6,0.6000000238418579,0.5893974483199418,0.0,0.0,-0.8217509238359177
5.197,0.6,0.6000000238418579,0.5893974483199418,0.0,0.0,-0.819250923888482
5.198,0.6,0.5999999046325684,0.5893974483199418,0.0,0.0,-0.8167509239344061
5.199,0.6,0.5999999642372131,0.5893974483199418,0.0,0.0,-0.8142509239633399
5.2,0.6,0.6000000238418579,0.5893974483199418,0.0,0.0,-0.8117509239722361
5.2010000000000005,0.6,0.6000000238418579,0.5893974483199418,0.0,0.0,-0.8092509239649264
5.202,0.6,0.6000000238418579,0.5893974483199418,0.0,0.0,-0.8067509239450162
5.203,0.6,0.6000000238418579,0.5893974483199418,0.0,0.0,-0.8042509239159008
5.204,0.6,0.6000000238418579,0.5893974483199418,0.0,0.0,-0.8017509238807765
5.205,0.6,0.6000000238418579,0.5893974483199418,0.0,0.0,-0.7992509238426531
5.206,0.6,0.6000000238418579,0.5893974483199418,0.0,0.0,-0.7967509238043649
5.207,0.6,0.6000000834465027,0.5893974483199418,0.0,0.0,-0.7942509237685834
5.208,0.6,0.6000000238418579,0.5893974483199418,0.0,0.0,-0.7917509237445309
5.2090000000000005,0.6,0.6000000238418579,0.5893974483199418,0.0,0.0,-0.7892509237341926
5.21,0.6,0.6000000238418579,0.5893974483199418,0.0,0.0,-0.7867509237394412
5.211,0.6,0.6000000238418579,0.5893974483199418,0.0,0.0,-0.7842509237620431
5.212,0.6,0.5999999642372131,0.5893974483199418,0.0,0.0,-0.7817509238036685
5.213,0.6,0.5999999642372131,0.5893974483199418,0.0,0.0,-0.7792509238591853
5.214,0.6,0.5999999046325684,0.5893974483199418,0.0,0.0,-0.7767509239237644
5.215,0.6,0.5999999642372131,0.5893974483199418,0.0,0.0,-0.7742509239861501
5.216,0.6,0.5999999046325684,0.5893974483199418,0.0,0.0,-0.7717509240424454
5.2170000000000005,0.6,0.5999999642372131,0.5893974483199418,0.0,0.0,-0.7692509240822717
5.218,0.6,0.6000000238418579,0.5893974483199418,0.0,0.0,-0.7667509241025549
5.219,0.6,0.6000000238418579,0.5893974483199418,0.0,0.0,-0.7642509241071
5.22,0.6,0.6000000238418579,0.5893974483199418,0.0,0.0,-0.7617509240994904
5.221,0.6,0.6000000238418579,0.5893974483199418,0.0,0.0,-0.759250924083098
5.222,0.6,0.6000000238418579,0.5893974483199418,0.0,0.0,-0.7567509240610981
5.223,0.6,0.5999999642372131,0.5893974483199418,0.0,0.0,-0.7542509240364804
5.224,0.6,0.6000000834465027,0.5893974483199418,0.0,0.0,-0.7517509240053555
5.2250000000000005,0.6,0.5999999642372131,0.5893974483199418,0.0,0.0,-0.7492509239774698
5.226,0.6,0.6000000238418579,0.5893974483199418,0.0,0.0,-0.7467509239485932
5.227,0.6,0.6000000238418579,0.5893974483199418,0.0,0.0,-0.7442509239214475
5.228,0.6,0.6000000238418579,0.5893974483199418,0.0,0.0,-0.7417509238985968
5.229,0.6,0.6000000238418579,0.5893974483199418,0.0,0.0,-0.7392509238824573
5.23,0.6,0.6000000238418579,0.5893974483199418,0.0,0.0,-0.7367509238753075
5.231,0.6,0.6000000238418579,0.5893974483199418,0.0,0.0,-0.7342509238792954
5.232,0.6,0.6000000834465027,0.5893974483199418,0.0,0.0,-0.7317509238964466
5.2330000000000005,0.6,0.5999999642372131,0.5893974483199418,0.0,0.0,-0.7292509239353788
5.234,0.6,0.5999999642372131,0.5893974483199418,0.0,0.0,-0.7267509239908023
5.235,0.6,0.5999999642372131,0.5893974483199418,0.0,0.0,-0.7242509240577374
5.236,0.6,0.5999999046325684,0.5893974483199418,0.0,0.0,-0.7217509241314946
5.237,0.6,0.6000000238418579,0.5893974483199418,0.0,0.0,-0.7192509242009513
5.238,0.6,0.6000000238418579,0.5893974483199418,0.0,0.0,-0.716750924269042
5.239,0.6,0.6000000238418579,0.5893974483199418,0.0,0.0,-0.7142509243385301
5.24,0.6,0.5999999642372131,0.5893974483199418,0.0,0.0,-0.7117509244120199
5.2410000000000005,0.6,0.5999999046325684,0.5893974483199418,0.0,0.0,-0.7092509244852585
5.242,0.6,0.5999999642372131,0.5893974483199418,0.0,0.0,-0.7067509245475335
5.243,0.6,0.5999999642372131,0.5893974483199418,0.0,0.0,-0.7042509245954561
5.244,0.6,0.5999999046325684,0.5893974483199418,0.0,0.0,-0.7017509246258328
5.245,0.6,0.6000000238418579,0.5893974483199418,0.0,0.0,-0.699250924628943
5.246,0.6,0.6000000238418579,0.5893974483199418,0.0,0.0,-0.6967509246090385
5.247,0.6,0.6000000834465027,0.5893974483199418,0.0,0.0,-0.6942509245701186
5.248,0.6,0.6000000238418579,0.5893974483199418,0.0,0.0,-0.6917509245226544
5.249,0.6,0.6000000238418579,0.5893974483199418,0.0,0.0,-0.6892509244698012
5.25,0.6,0.6000000238418579,0.5893974483199418,0.0,0.0,-0.6867509244145311
5.251,0.6,0.6000000238418579,0.5893974483199418,0.0,0.0,-0.6842509243596439
5.252,0.6,0.6000000238418579,0.5893974483199418,0.0,0.0,-0.6817509243077761
5.253,0.6,0.6000000238418579,0.5893974483199418,0.0,0.0,-0.6792509242614134
5.2540000000000004,0.6,0.6000000238418579,0.5893974483199418,0.0,0.0,-0.6767509242228984
5.255,0.6,0.6000000834465027,0.5893974483199418,0.0,0.0,-0.6742509241944394
5.256,0.6,0.6000000238418579,0.5893974483199418,0.0,0.0,-0.6717509241848254
5.257,0.6,0.6000000238418579,0.5893974483199418,0.0,0.0,-0.6692509241956338
5.258,0.6,0.5999999046325684,0.5893974483199418,0.0,0.0,-0.6667509242283552
5.259,0.6,0.5999999642372131,0.5893974483199418,0.0,0.0,-0.6642509242709848
5.26,0.6,0.5999999642372131,0.5893974483199418,0.0,0.0,-0.6617509243189227
5.261,0.6,0.5999999642372131,0.5893974483199418,0.0,0.0,-0.659250924367836
5.2620000000000005,0.6,0.5999999642372131,0.5893974483199418,0.0,0.0,-0.6567509244136435
5.263,0.6,0.5999999642372131,0.5893974483199418,0.0,0.0,-0.6542509244524992
5.264,0.6,0.5999999046325684,0.5893974483199418,0.0,0.0,-0.6517509244807791
5.265,0.6,0.6000000238418579,0.5893974483199418,0.0,0.0,-0.6492509244883603
5.266,0.6,0.6000000834465027,0.5893974483199418,0.0,0.0,-0.6467509244791151
5.267,0.6,0.6000000238418579,0.5893974483199418,0.0,0.0,-0.6442509244633946
5.268,0.6,0.6000000238418579,0.5893974483199418,0.0,0.0,-0.6417509244442424
5.269,0.6,0.5999999642372131,0.5893974483199418,0.0,0.0,-0.6392509244245242
5.2700000000000005,0.6,0.5999999642372131,0.5893974483199418,0.0,0.0,-0.6367509244002355
5.271,0.6,0.6000000238418579,0.5893974483199418,0.0,0.0,-0.6342509243675998
5.272,0.6,0.5999999642372131,0.5893974483199418,0.0,0.0,-0.631750924329766
5.273,0.6,0.6000000238418579,0.5893974483199418,0.0,0.0,-0.629250924282993
5.274,0.6,0.6000000238418579,0.5893974483199418,0.0,0.0,-0.6267509242304613
5.275,0.6,0.6000000834465027,0.5893974483199418,0.0,0.0,-0.6242509241751648
5.276,0.6,0.6000000238418579,0.5893974483199418,0.0,0.0,-0.6217509241266315
5.277,0.6,0.6000000834465027,0.5893974483199418,0.0,0.0,-0.6192509240871311
5.2780000000000005,0.6,0.6000000238418579,0.5893974483199418,0.0,0.0,-0.6167509240655112
5.279,0.6,0.6000000238418579,0.5893974483199418,0.0,0.0,-0.6142509240634035
5.28,0.6,0.5999999642372131,0.5893974483199418,0.0,0.0,-0.61175092408235
5.281,0.6,0.6000000238418579,0.5893974483199418,0.0,0.0,-0.6092509241170997
5.282,0.6,0.5999999642372131,0.5893974483199418,0.0,0.0,-0.6067509241694172
5.283,0.6,0.6000000238418579,0.5893974483199418,0.0,0.0,-0.6042509242342615
5.284,0.6,0.5999999642372131,0.5893974483199418,0.0,0.0,-0.6017509243135927
5.285,0.6,0.5999999642372131,0.5893974483199418,0.0,0.0,-0.5992509244025539
5.2860000000000005,0.6,0.5999999642372131,0.5893974483199418,0.0,0.0,-0.5967509244965716
5.287,0.6,0.6000000238418579,0.5893974483199418,0.0,0.0,-0.5942509245913387
5.288,0.6,0.5999999642372131,0.5893974483199418,0.0,0.0,-0.5917509246895031
5.289,0.6,0.5999999642372131,0.5893974483199418,0.0,0.0,-0.5892509247868549
5.29,0.6,0.5999999642372131,0.5893974483199418,0.0,0.0,-0.5867509248794271
5.291,0.6,0.5999999642372131,0.5893974483199418,0.0,0.0,-0.5842509249634817
5.292,0.6,0.5999999046325684,0.5893974483199418,0.0,0.0,-0.5817509250354951
5.293,0.6,0.5999999046325684,0.5893974483199418,0.0,0.0,-0.5792509250854395
5.2940000000000005,0.6,0.6000000834465027,0.5893974483199418,0.0,0.0,-0.5767509251038626
5.295,0.6,0.6000000238418579,0.5893974483199418,0.0,0.0,-0.5742509251019745
5.296,0.6,0.6000000238418579,0.5893974483199418,0.0,0.0,-0.5717509250836227
5.297,0.6,0.5999999642372131,0.5893974483199418,0.0,0.0,-0.56925092505243
5.298,0.6,0.6000000238418579,0.5893974483199418,0.0,0.0,-0.5667509250050997
5.299,0.6,0.6000000834465027,0.5893974483199418,0.0,0.0,-0.5642509249452292
5.3,0.6,0.6000000238418579,0.5893974483199418,0.0,0.0,-0.5617509248829115
5.301,0.6,0.6000000238418579,0.5893974483199418,0.0,0.0,-0.5592509248209483
5.3020000000000005,0.6,0.5999999642372131,0.5893974483199418,0.0,0.0,-0.5567509247619787
5.303,0.6,0.6000000238418579,0.5893974483199418,0.0,0.0,-0.5542509247017829
5.304,0.6,0.6000000238418579,0.5893974483199418,0.0,0.0,-0.5517509246430927
5.305,0.6,0.5999999642372131,0.5893974483199418,0.0,0.0,-0.5492509245884812
5.306,0.6,0.6000000238418579,0.5893974483199418,0.0,0.0,-0.5467509245336671
5.307,0.6,0.6000000238418579,0.5893974483199418,0.0,0.0,-0.544250924481324
5.308,0.6,0.5999999642372131,0.5893974483199418,0.0,0.0,-0.541750924433971
5.309,0.6,0.6000000238418579,0.5893974483199418,0.0,0.0,-0.5392509243872757
5.3100000000000005,0.6,0.6000000238418579,0.5893974483199418,0.0,0.0,-0.5367509243438634
5.311,0.6,0.6000000238418579,0.5893974483199418,0.0,0.0,-0.5342509243062087
5.312,0.6,0.6000000238418579,0.5893974483199418,0.0,0.0,-0.5317509242766433
5.313,0.6,0.6000000238418579,0.5893974483199418,0.0,0.0,-0.5292509242573658
5.314,0.6,0.6000000238418579,0.5893974483199418,0.0,0.0,-0.5267509242504501
5.315,0.6,0.6000000238418579,0.5893974483199418,0.0,0.0,-0.5242509242578519
5.316,0.6,0.6000000238418579,0.5893974483199418,0.0,0.0,-0.5217509242814168
5.317,0.6,0.5999999642372131,0.5893974483199418,0.0,0.0,-0.519250924322887
5.3180000000000005,0.6,0.5999999642372131,0.5893974483199418,0.0,0.0,-0.516750924377201
5.319,0.6,0.5999999046325684,0.5893974483199418,0.0,0.0,-0.5142509244395929
5.32,0.6,0.5999999642372131,0.5893974483199418,0.0,0.0,-0.5117509244988689
5.321,0.6,0.5999999046325684,0.5893974483199418,0.0,0.0,-0.5092509245511883
5.322,0.6,0.5999999642372131,0.5893974483199418,0.0,0.0,-0.5067509245862262
5.323,0.6,0.6000000834465027,0.5893974483199418,0.0,0.0,-0.5042509246009583
5.324,0.6,0.6000000238418579,0.5893974483199418,0.0,0.0,-0.5017509246059444
5.325,0.6,0.6000000238418579,0.5893974483199418,0.0,0.0,-0.4992509246044241
5.3260000000000005,0.6,0.6000000238418579,0.5893974483199418,0.0,0.0,-0.4967509245994476
5.327,0.6,0.6000000238418579,0.5893974483199418,0.0,0.0,-0.4942509245938879
5.328,0.6,0.6000000238418579,0.5893974483199418,0.0,0.0,-0.49175092459045167
5.329,0.6,0.6000000834465027,0.5893974483199418,0.0,0.0,-0.4892509245916887
5.33,0.6,0.6000000238418579,0.5893974483199418,0.0,0.0,-0.48675092460670893
5.331,0.6,0.6000000238418579,0.5893974483199418,0.0,0.0,-0.4842509246373913
5.332,0.6,0.5999999046325684,0.5893974483199418,0.0,0.0,-0.4817509246855083
5.333,0.6,0.5999999046325684,0.5893974483199418,0.0,0.0,-0.4792509247393207
5.3340000000000005,0.6,0.5999999642372131,0.5893974483199418,0.0,0.0,-0.4767509247877708
5.335,0.6,0.5999999642372131,0.5893974483199418,0.0,0.0,-0.47425092482714637
5.336,0.6,0.6000000238418579,0.5893974483199418,0.0,0.0,-0.4717509248539496
5.337,0.6,0.6000000238418579,0.5893974483199418,0.0,0.0,-0.46925092487158787
5.338,0.6,0.6000000238418579,0.5893974483199418,0.0,0.0,-0.46675092488326997
5.339,0.6,0.5999999642372131,0.5893974483199418,0.0,0.0,-0.46425092489201736
5.34,0.6,0.6000000834465027,0.5893974483199418,0.0,0.0,-0.46175092489396974
5.341,0.6,0.6000000238418579,0.5893974483199418,0.0,0.0,-0.4592509248989013
5.3420000000000005,0.6,0.5999999642372131,0.5893974483199418,0.0,0.0,-0.456750924909315
5.343,0.6,0.6000000238418579,0.5893974483199418,0.0,0.0,-0.4542509249208623
5.344,0.6,0.5999999642372131,0.5893974483199418,0.0,0.0,-0.4517509249361547
5.345,0.6,0.6000000834465027,0.5893974483199418,0.0,0.0,-0.44925092495094554
5.346,0.6,0.6000000834465027,0.5893974483199418,0.0,0.0,-0.446750924974648
5.347,0.6,0.6000000238418579,0.5893974483199418,0.0,0.0,-0.44425092501613134
5.348,0.6,0.5999999642372131,0.5893974483199418,0.0,0.0,-0.4417509250770477
5.349,0.6,0.6000000238418579,0.5893974483199418,0.0,0.0,-0.439250925152252
5.3500000000000005,0.6,0.6000000238418579,0.5893974483199418,0.0,0.0,-0.43675092524360615
5.351,0.6,0.5999999642372131,0.5893974483199418,0.0,0.0,-0.4342509253528674
5.352,0.6,0.5999999642372131,0.5893974483199418,0.0,0.0,-0.4317509254749888
5.353,0.6,0.5999999046325684,0.5893974483199418,0.0,0.0,-0.4292509256052182
5.354,0.6,0.5999999642372131,0.5893974483199418,0.0,0.0,-0.42675092573237344
5.355,0.6,0.5999999642372131,0.5893974483199418,0.0,0.0,-0.4242509258526271
5.356,0.6,0.5999999642372131,0.5893974483199418,0.0,0.0,-0.4217509259623712
5.357,0.6,0.5999999642372131,0.5893974483199418,0.0,0.0,-0.41925092605820463
5.3580000000000005,0.6,0.5999999642372131,0.5893974483199418,0.0,0.0,-0.4167509261369209
5.359,0.6,0.6000000238418579,0.5893974483199418,0.0,0.0,-0.41425092619549486
5.36,0.6,0.5999999642372131,0.5893974483199418,0.0,0.0,-0.41175092623778003
5.361,0.6,0.6000000238418579,0.5893974483199418,0.0,0.0,-0.4092509262606957
5.362,0.6,0.6000000834465027,0.5893974483199418,0.0,0.0,-0.40675092626804255
5.363,0.6,0.6000000834465027,0.5893974483199418,0.0,0.0,-0.4042509262701047
5.364,0.6,0.6000000238418579,0.5893974483199418,0.0,0.0,-0.4017509262765686
5.365,0.6,0.6000000238418579,0.5893974483199418,0.0,0.0,-0.39925092628985437
5.3660000000000005,0.6,0.5999999642372131,0.5893974483199418,0.0,0.0,-0.3967509263122434
5.367,0.6,0.5999999642372131,0.5893974483199418,0.0,0.0,-0.39425092633917996
5.368,0.6,0.6000000238418579,0.5893974483199418,0.0,0.0,-0.3917509263663735
5.369,0.6,0.5999999642372131,0.5893974483199418,0.0,0.0,-0.38925092639648895
5.37,0.6,0.5999999046325684,0.5893974483199418,0.0,0.0,-0.38675092642533004
5.371,0.6,0.5999999642372131,0.5893974483199418,0.0,0.0,-0.3842509264422375
5.372,0.6,0.6000000834465027,0.5893974483199418,0.0,0.0,-0.3817509264438739
5.373,0.6,0.6000000834465027,0.5893974483199418,0.0,0.0,-0.3792509264405044
5.3740000000000006,0.6,0.6000000238418579,0.5893974483199418,0.0,0.0,-0.3767509264417992
5.375,0.6,0.6000000238418579,0.5893974483199418,0.0,0.0,-0.3742509264501618
5.376,0.6,0.6000000834465027,0.5893974483199418,0.0,0.0,-0.3717509264678586
5.377,0.6,0.5999999642372131,0.5893974483199418,0.0,0.0,-0.3692509265037329
5.378,0.6,0.5999999046325684,0.5893974483199418,0.0,0.0,-0.3667509265527066
5.3790000000000004,0.6,0.6000000238418579,0.5893974483199418,0.0,0.0,-0.3642509266032917
5.38,0.6,0.6000000238418579,0.5893974483199418,0.0,0.0,-0.36175092665807945
5.381,0.6,0.5999999642372131,0.5893974483199418,0.0,0.0,-0.3592509267195117
5.382,0.6,0.5999999642372131,0.5893974483199418,0.0,0.0,-0.35675092678318376
5.383,0.6,0.5999999642372131,0.5893974483199418,0.0,0.0,-0.3542509268449466
5.384,0.6,0.5999999046325684,0.5893974483199418,0.0,0.0,-0.35175092690089116
5.385,0.6,0.5999999642372131,0.5893974483199418,0.0,0.0,-0.34925092694062687
5.386,0.6,0.6000000834465027,0.5893974483199418,0.0,0.0,-0.3467509269610689
5.3870000000000005,0.6,0.5999999642372131,0.5893974483199418,0.0,0.0,-0.3442509269727197
5.388,0.6,0.6000000238418579,0.5893974483199418,0.0,0.0,-0.34175092697205844
5.389,0.6,0.5999999642372131,0.5893974483199418,0.0,0.0,-0.3392509269624724
5.39,0.6,0.6000000238418579,0.5893974483199418,0.0,0.0,-0.336750926940444
5.391,0.6,0.6000000834465027,0.5893974483199418,0.0,0.0,-0.33425092690936387
5.392,0.6,0.6000000238418579,0.5893974483199418,0.0,0.0,-0.3317509268791304
5.393,0.6,0.5999999642372131,0.5893974483199418,0.0,0.0,-0.3292509268523625
5.394,0.6,0.6000000834465027,0.5893974483199418,0.0,0.0,-0.3267509268248214
5.3950000000000005,0.6,0.5999999642372131,0.5893974483199418,0.0,0.0,-0.32425092680592693
5.396,0.6,0.6000000238418579,0.5893974483199418,0.0,0.0,-0.32175092679114203
5.397,0.6,0.5999999642372131,0.5893974483199418,0.0,0.0,-0.31925092678289996
5.398,0.6,0.6000000834465027,0.5893974483199418,0.0,0.0,-0.31675092677678773
5.399,0.6,0.5999999642372131,0.5893974483199418,0.0,0.0,-0.31425092678206173
5.4,0.6,0.6000000238418579,0.5893974483199418,0.0,0.0,-0.3117509267940311
5.401,0.6,0.6000000238418579,0.5893974483199418,0.0,0.0,-0.30925092681498506
5.402,0.6,0.6000000238418579,0.5893974483199418,0.0,0.0,-0.30675092684708194
5.4030000000000005,0.6,0.5999999642372131,0.5893974483199418,0.0,0.0,-0.3042509268923574
5.404,0.6,0.5999999642372131,0.5893974483199418,0.0,0.0,-0.30175092694602523
5.405,0.6,0.5999999642372131,0.5893974483199418,0.0,0.0,-0.2992509270035784
5.406,0.6,0.5999999642372131,0.5893974483199418,0.0,0.0,-0.296750927060772
5.407,0.6,0.5999999642372131,0.5893974483199418,0.0,0.0,-0.2942509271136066
5.408,0.6,0.6000000238418579,0.5893974483199418,0.0,0.0,-0.2917509271583139
5.409,0.6,0.5999999642372131,0.5893974483199418,0.0,0.0,-0.28925092719804846
5.41,0.6,0.6000000238418579,0.5893974483199418,0.0,0.0,-0.28675092722907475
5.4110000000000005,0.6,0.5999999642372131,0.5893974483199418,0.0,0.0,-0.2842509272545783
5.412,0.6,0.6000000238418579,0.5893974483199418,0.0,0.0,-0.28175092727085244
5.413,0.6,0.6000000834465027,0.5893974483199418,0.0,0.0,-0.2792509272811096
5.414,0.6,0.6000000834465027,0.5893974483199418,0.0,0.0,-0.276750927295082
5.415,0.6,0.6000000238418579,0.5893974483199418,0.0,0.0,-0.274250927321938
5.416,0.6,0.5999999642372131,0.5893974483199418,0.0,0.0,-0.27175092736361145
5.417,0.6,0.5999999642372131,0.5893974483199418,0.0,0.0,-0.26925092741522083
5.418,0.6,0.6000000238418579,0.5893974483199418,0.0,0.0,-0.2667509274721688
5.4190000000000005,0.6,0.5999999642372131,0.5893974483199418,0.0,0.0,-0.26425092753683266
5.42,0.6,0.5999999642372131,0.5893974483199418,0.0,0.0,-0.261750927604747
5.421,0.6,0.6000000238418579,0.5893974483199418,0.0,0.0,-0.25925092767170543
5.422,0.6,0.5999999046325684,0.5893974483199418,0.0,0.0,-0.25675092774045194
5.423,0.6,0.5999999642372131,0.5893974483199418,0.0,0.0,-0.25425092780015857
5.424,0.6,0.6000000238418579,0.5893974483199418,0.0,0.0,-0.25175092784732983
5.425,0.6,0.6000000238418579,0.5893974483199418,0.0,0.0,-0.24925092788537584
5.426,0.6,0.5999999046325684,0.5893974483199418,0.0,0.0,-0.24675092791750788
5.4270000000000005,0.6,0.6000000834465027,0.5893974483199418,0.0,0.0,-0.24425092793333686
5.428,0.6,0.5999999642372131,0.5893974483199418,0.0,0.0,-0.2417509279431915
5.429,0.6,0.6000000238418579,0.5893974483199418,0.0,0.0,-0.23925092794338798
5.43,0.6,0.6000000238418579,0.5893974483199418,0.0,0.0,-0.2367509279371605
5.431,0.6,0.5999999642372131,0.5893974483199418,0.0,0.0,-0.2342509279275545
5.432,0.6,0.6000000238418579,0.5893974483199418,0.0,0.0,-0.23175092791073154
5.433,0.6,0.6000000238418579,0.5893974483199418,0.0,0.0,-0.2292509278897812
5.434,0.6,0.6000000238418579,0.5893974483199418,0.0,0.0,-0.22675092786761264
5.4350000000000005,0.6,0.6000000834465027,0.5893974483199418,0.0,0.0,-0.22425092784696665
5.436,0.6,0.6000000834465027,0.5893974483199418,0.0,0.0,-0.22175092783713207
5.437,0.6,0.6000000238418579,0.5893974483199418,0.0,0.0,-0.21925092784686165
5.438,0.6,0.5999999046325684,0.5893974483199418,0.0,0.0,-0.21675092787769862
5.439,0.6,0.5999999642372131,0.5893974483199418,0.0,0.0,-0.2142509279176884
5.44,0.6,0.6000000238418579,0.5893974483199418,0.0,0.0,-0.21175092796227715
5.441,0.6,0.5999999642372131,0.5893974483199418,0.0,0.0,-0.2092509280138828
5.442,0.6,0.5999999642372131,0.5893974483199418,0.0,0.0,-0.20675092806807768
5.4430000000000005,0.6,0.5999999642372131,0.5893974483199418,0.0,0.0,-0.20425092812069146
5.444,0.6,0.6000000238418579,0.5893974483199418,0.0,0.0,-0.20175092816779494
5.445,0.6,0.6000000238418579,0.5893974483199418,0.0,0.0,-0.19925092821239213
5.446,0.6,0.5999999642372131,0.5893974483199418,0.0,0.0,-0.19675092825731233
5.447,0.6,0.6000000238418579,0.5893974483199418,0.0,0.0,-0.1942509282985144
5.448,0.6,0.5999999642372131,0.5893974483199418,0.0,0.0,-0.19175092833889726
5.449,0.6,0.5999999642372131,0.5893974483199418,0.0,0.0,-0.18925092837448496
5.45,0.6,0.5999999642372131,0.5893974483199418,0.0,0.0,-0.1867509284015311
5.4510000000000005,0.6,0.6000000238418579,0.5893974483199418,0.0,0.0,-0.18425092841650442
5.452,0.6,0.6000000834465027,0.5893974483199418,0.0,0.0,-0.1817509284227823
5.453,0.6,0.6000000238418579,0.5893974483199418,0.0,0.0,-0.17925092843025142
5.454,0.6,0.6000000834465027,0.5893974483199418,0.0,0.0,-0.17675092844151896
5.455,0.6,0.6000000238418579,0.5893974483199418,0.0,0.0,-0.1742509284657486
5.456,0.6,0.5999999642372131,0.5893974483199418,0.0,0.0,-0.1717509285048694
5.457,0.6,0.6000000238418579,0.5893974483199418,0.0,0.0,-0.16925092855399487
5.458,0.6,0.6000000238418579,0.5893974483199418,0.0,0.0,-0.1667509286152306
5.4590000000000005,0.6,0.5999999642372131,0.5893974483199418,0.0,0.0,-0.16425092869056251
5.46,0.6,0.5999999642372131,0.5893974483199418,0.0,0.0,-0.16175092877515798
5.461,0.6,0.6000000238418579,0.5893974483199418,0.0,0.0,-0.15925092886446615
5.462,0.6,0.5999999046325684,0.5893974483199418,0.0,0.0,-0.1567509289609074
5.463,0.6,0.5999999642372131,0.5893974483199418,0.0,0.0,-0.15425092905335028
5.464,0.6,0.6000000238418579,0.5893974483199418,0.0,0.0,-0.1517509291380138
5.465,0.6,0.6000000238418579,0.5893974483199418,0.0,0.0,-0.14925092921804112
5.466,0.6,0.5999999642372131,0.5893974483199418,0.0,0.0,-0.146750929296392
5.4670000000000005,0.6,0.6000000238418579,0.5893974483199418,0.0,0.0,-0.14425092936914816
5.468,0.6,0.5999999642372131,0.5893974483199418,0.0,0.0,-0.14175092943932333
5.469,0.6,0.6000000238418579,0.5893974483199418,0.0,0.0,-0.13925092950304976
5.47,0.6,0.5999999642372131,0.5893974483199418,0.0,0.0,-0.13675092956338888
5.471,0.6,0.5999999642372131,0.5893974483199418,0.0,0.0,-0.13425092961651738
5.472,0.6,0.5999999046325684,0.5893974483199418,0.0,0.0,-0.13175092965883223
5.473,0.6,0.5999999642372131,0.5893974483199418,0.0,0.0,-0.12925092968023003
5.474,0.6,0.6000000238418579,0.5893974483199418,0.0,0.0,-0.12675092967789528
5.4750000000000005,0.6,0.6000000238418579,0.5893974483199418,0.0,0.0,-0.12425092965587692
5.476,0.6,0.6000000238418579,0.5893974483199418,0.0,0.0,-0.12175092961798535
5.477,0.6,0.6000000238418579,0.5893974483199418,0.0,0.0,-0.11925092956780696
5.478,0.6,0.6000000834465027,0.5893974483199418,0.0,0.0,-0.11675092950871781
5.479,0.6,0.6000000834465027,0.5893974483199418,0.0,0.0,-0.11425092945060315
5.48,0.6,0.6000000238418579,0.5893974483199418,0.0,0.0,-0.11175092940277565
5.481,0.6,0.5999999642372131,0.5893974483199418,0.0,0.0,-0.10925092936730406
5.482,0.6,0.6000000238418579,0.5893974483199418,0.0,0.0,-0.10675092933943359
5.4830000000000005,0.6,0.6000000238418579,0.5893974483199418,0.0,0.0,-0.10425092932139297
5.484,0.6,0.5999999642372131,0.5893974483199418,0.0,0.0,-0.10175092931528391
5.485,0.6,0.6000000834465027,0.5893974483199418,0.0,0.0,-0.09925092931638242
5.486,0.6,0.6000000834465027,0.5893974483199418,0.0,0.0,-0.09675092933365266
5.487,0.6,0.5999999642372131,0.5893974483199418,0.0,0.0,-0.09425092937554294
5.488,0.6,0.5999999642372131,0.5893974483199418,0.0,0.0,-0.09175092943660418
5.489,0.6,0.6000000238418579,0.5893974483199418,0.0,0.0,-0.08925092951170684
5.49,0.6,0.5999999642372131,0.5893974483199418,0.0,0.0,-0.08675092960272816
5.4910000000000005,0.6,0.6000000238418579,0.5893974483199418,0.0,0.0,-0.08425092970473338
5.492,0.6,0.5999999642372131,0.5893974483199418,0.0,0.0,-0.0817509298197824
5.493,0.6,0.5999999642372131,0.5893974483199418,0.0,0.0,-0.07925092994311188
5.494,0.6,0.5999999046325684,0.5893974483199418,0.0,0.0,-0.07675093007023608
5.495,0.6,0.5999999046325684,0.5893974483199418,0.0,0.0,-0.07425093019022351
5.496,0.6,0.5999999642372131,0.5893974483199418,0.0,0.0,-0.07175093029277443
5.497,0.6,0.5999999642372131,0.5893974483199418,0.0,0.0,-0.06925093037488864
5.498,0.6,0.5999999642372131,0.5893974483199418,0.0,0.0,-0.06675093043373553
5.4990000000000006,0.6,0.5999999046325684,0.5893974483199418,0.0,0.0,-0.06425093046664358
5.5,0.6,0.6000000238418579,0.5893974483199418,0.0,0.0,-0.061750930464384166
5.501,0.6,0.6000000238418579,0.5893974483199418,0.0,0.0,-0.059250930431668965
5.502,0.6,0.6000000238418579,0.5893974483199418,0.0,0.0,-0.056750930372930525
5.503,0.6,0.6000000238418579,0.5893974483199418,0.0,0.0,-0.05425093029233907
5.5040000000000004,0.6,0.6000000238418579,0.5893974483199418,0.0,0.0,-0.05175093019381881
5.505,0.6,0.6000000238418579,0.5893974483199418,0.0,0.0,-0.04925093008106289
5.506,0.6,0.5999999642372131,0.5893974483199418,0.0,0.0,-0.04675092995754764
5.507,0.6,0.5999999642372131,0.5893974483199418,0.0,0.0,-0.04425092981983931
5.508,0.6,0.6000000238418579,0.5893974483199418,0.0,0.0,-0.04175092966470031
5.509,0.6,0.6000000238418579,0.5893974483199418,0.0,0.0,-0.039250929495783675
5.51,0.6,0.6000000834465027,0.5893974483199418,0.0,0.0,-0.03675092931652807
5.511,0.6,0.6000000238418579,0.5893974483199418,0.0,0.0,-0.03425092913687739
5.5120000000000005,0.6,0.6000000834465027,0.5893974483199418,0.0,0.0,-0.03175092895949302
5.513,0.6,0.6000000834465027,0.5893974483199418,0.0,0.0,-0.02925092879358929
5.514,0.6,0.5999999642372131,0.5893974483199418,0.0,0.0,-0.02675092864784921
5.515,0.6,0.6000000238418579,0.5893974483199418,0.0,0.0,-0.024250928517044006
5.516,0.6,0.6000000834465027,0.5893974483199418,0.0,0.0,-0.021750928402957646
5.517,0.6,0.6000000834465027,0.5893974483199418,0.0,0.0,-0.01925092831398088
5.518,0.6,0.6000000238418579,0.5893974483199418,0.0,0.0,-0.016750928258023625
5.519,0.6,0.5999999642372131,0.5893974483199418,0.0,0.0,-0.01425092823583797
5.5200000000000005,0.6,0.5999999642372131,0.5893974483199418,0.0,0.0,-0.01175092824143298
5.521,0.6,0.5999999046325684,0.5893974483199418,0.0,0.0,-0.00925092826917069
5.522,0.6,0.5999999046325684,0.5893974483199418,0.0,0.0,-0.006750928307037912
5.523,0.6,0.5999999046325684,0.5893974483199418,0.0,0.0,-0.004250928343719614
5.524,0.6,0.5999999642372131,0.5893974483199418,0.0,0.0,-0.0017509283685561037
5.525,0.6,0.5999999642372131,0.5893974483199418,0.0,0.0,0.0007490716217906286
5.526,0.6,0.6000000834465027,0.5893974483199418,0.0,0.0,0.0032490716304683534
5.527,0.6,0.6000000834465027,0.5893974483199418,0.0,0.0,0.005749071647033216
5.5280000000000005,0.6,0.5999999642372131,0.5893974483199418,0.0,0.0,0.0082490716616481
5.529,0.6,0.6000000834465027,0.5893974483199418,0.0,0.0,0.010749071678458455
5.53,0.6,0.6000000238418579,0.5893974483199418,0.0,0.0,0.01324907168795693
5.531,0.6,0.6000000238418579,0.5893974483199418,0.0,0.0,0.015749071687891997
5.532,0.6,0.6000000238418579,0.5893974483199418,0.0,0.0,0.018249071676140555
5.533,0.6,0.5999999046325684,0.5893974483199418,0.0,0.0,0.02074907165070005
5.534,0.6,0.5999999642372131,0.5893974483199418,0.0,0.0,0.023249071623094156
5.535,0.6,0.5999999642372131,0.5893974483199418,0.0,0.0,0.02574907159747189
5.5360000000000005,0.6,0.6000000238418579,0.5893974483199418,0.0,0.0,0.028249071577742264
5.537,0.6,0.5999999642372131,0.5893974483199418,0.0,0.0,0.0307490715608825
5.538,0.6,0.6000000238418579,0.5893974483199418,0.0,0.0,0.033249071550752136
5.539,0.6,0.6000000238418579,0.5893974483199418,0.0,0.0,0.03574907154428188
5.54,0.6,0.6000000238418579,0.5893974483199418,0.0,0.0,0.03824907153858107
5.541,0.6,0.6000000238418579,0.5893974483199418,0.0,0.0,0.040749071530926655
5.542,0.6,0.6000000238418579,0.5893974483199418,0.0,0.0,0.04324907151875298
5.543,0.6,0.6000000238418579,0.5893974483199418,0.0,0.0,0.04574907149964203
5.5440000000000005,0.6,0.5999999642372131,0.5893974483199418,0.0,0.0,0.04824907147131446
5.545,0.6,0.5999999046325684,0.5893974483199418,0.0,0.0,0.05074907143832761
5.546,0.6,0.5999999642372131,0.5893974483199418,0.0,0.0,0.053249071411680296
5.547,0.6,0.6000000238418579,0.5893974483199418,0.0,0.0,0.05574907139502885
5.548,0.6,0.6000000238418579,0.5893974483199418,0.0,0.0,0.05824907138511333
5.549,0.6,0.6000000238418579,0.5893974483199418,0.0,0.0,0.06074907137886408
5.55,0.6,0.6000000238418579,0.5893974483199418,0.0,0.0,0.06324907137339
5.551,0.6,0.6000000238418579,0.5893974483199418,0.0,0.0,0.06574907136596778
5.5520000000000005,0.6,0.6000000834465027,0.5893974483199418,0.0,0.0,0.06824907135403131
5.553,0.6,0.5999999046325684,0.5893974483199418,0.0,0.0,0.07074907132845583
5.554,0.6,0.5999999046325684,0.5893974483199418,0.0,0.0,0.07324907130076187
5.555,0.6,0.6000000238418579,0.5893974483199418,0.0,0.0,0.07574907128180211
5.556,0.6,0.6000000238418579,0.5893974483199418,0.0,0.0,0.07824907126838906
5.557,0.6,0.5999999642372131,0.5893974483199418,0.0,0.0,0.08074907125752133
5.558,0.6,0.6000000238418579,0.5893974483199418,0.0,0.0,0.0832490712530781
5.559,0.6,0.6000000238418579,0.5893974483199418,0.0,0.0,0.08574907125200892
5.5600000000000005,0.6,0.6000000238418579,0.5893974483199418,0.0,0.0,0.08824907125144063
5.561,0.6,0.6000000238418579,0.5893974483199418,0.0,0.0,0.09074907124866663
5.562,0.6,0.6000000834465027,0.5893974483199418,0.0,0.0,0.09324907124113668
5.563,0.6,0.5999999642372131,0.5893974483199418,0.0,0.0,0.09574907121974079
5.564,0.6,0.6000000238418579,0.5893974483199418,0.0,0.0,0.09824907118930691
5.565,0.6,0.6000000238418579,0.5893974483199418,0.0,0.0,0.10074907114767481
5.566,0.6,0.5999999642372131,0.5893974483199418,0.0,0.0,0.10324907109280722
5.567,0.6,0.5999999642372131,0.5893974483199418,0.0,0.0,0.1057490710294886
5.5680000000000005,0.6,0.5999999642372131,0.5893974483199418,0.0,0.0,0.10824907096222448
5.569,0.6,0.5999999046325684,0.5893974483199418,0.0,0.0,0.1107490708952586
5.57,0.6,0.5999999642372131,0.5893974483199418,0.0,0.0,0.11324907083929532
5.571,0.6,0.5999999046325684,0.5893974483199418,0.0,0.0,0.11574907079771461
5.572,0.6,0.5999999642372131,0.5893974483199418,0.0,0.0,0.1182490707804103
5.573,0.6,0.6000000238418579,0.5893974483199418,0.0,0.0,0.12074907079000126
5.574,0.6,0.6000000238418579,0.5893974483199418,0.0,0.0,0.12324907082225398
5.575,0.6,0.6000000238418579,0.5893974483199418,0.0,0.0,0.1257490708731847
5.5760000000000005,0.6,0.6000000834465027,0.5893974483199418,0.0,0.0,0.12824907093904445
5.577,0.6,0.6000000834465027,0.5893974483199418,0.0,0.0,0.13074907100959798
5.578,0.6,0.6000000238418579,0.5893974483199418,0.0,0.0,0.13324907107520395
5.579,0.6,0.6000000238418579,0.5893974483199418,0.0,0.0,0.13574907113348508
5.58,0.6,0.5999999642372131,0.5893974483199418,0.0,0.0,0.13824907118220012
5.581,0.6,0.6000000238418579,0.5893974483199418,0.0,0.0,0.14074907122594246
5.582,0.6,0.6000000238418579,0.5893974483199418,0.0,0.0,0.14324907126233133
5.583,0.6,0.6000000238418579,0.5893974483199418,0.0,0.0,0.14574907128912268
5.5840000000000005,0.6,0.6000000238418579,0.5893974483199418,0.0,0.0,0.14824907130420012
5.585,0.6,0.6000000238418579,0.5893974483199418,0.0,0.0,0.15074907130556756
5.586,0.6,0.6000000238418579,0.5893974483199418,0.0,0.0,0.15324907129134172
5.587,0.6,0.5999999046325684,0.5893974483199418,0.0,0.0,0.15574907125974496
5.588,0.6,0.5999999642372131,0.5893974483199418,0.0,0.0,0.15824907122251242
5.589,0.6,0.5999999642372131,0.5893974483199418,0.0,0.0,0.16074907118399126
5.59,0.6,0.5999999642372131,0.5893974483199418,0.0,0.0,0.1632490711482766
5.591,0.6,0.5999999046325684,0.5893974483199418,0.0,0.0,0.16574907111922707
5.5920000000000005,0.6,0.5999999642372131,0.5893974483199418,0.0,0.0,0.16824907110718534
5.593,0.6,0.6000000238418579,0.5893974483199418,0.0,0.0,0.17074907111519205
5.594,0.6,0.6000000238418579,0.5893974483199418,0.0,0.0,0.17324907113940938
5.595,0.6,0.6000000238418579,0.5893974483199418,0.0,0.0,0.17574907117622499
5.596,0.6,0.6000000238418579,0.5893974483199418,0.0,0.0,0.17824907122223863
5.597,0.6,0.6000000238418579,0.5893974483199418,0.0,0.0,0.18074907127424883
5.598,0.6,0.6000000238418579,0.5893974483199418,0.0,0.0,0.18324907132924087
5.599,0.6,0.6000000834465027,0.5893974483199418,0.0,0.0,0.18574907138437521
5.6000000000000005,0.6,0.6000000238418579,0.5893974483199418,0.0,0.0,0.18824907143027025
5.601,0.6,0.6000000834465027,0.5893974483199418,0.0,0.0,0.19074907146479253
5.602,0.6,0.5999999642372131,0.5893974483199418,0.0,0.0,0.19324907147922338
5.603,0.6,0.6000000238418579,0.5893974483199418,0.0,0.0,0.19574907147875795
5.604,0.6,0.6000000238418579,0.5893974483199418,0.0,0.0,0.19824907146158088
5.605,0.6,0.5999999642372131,0.5893974483199418,0.0,0.0,0.20074907142597823
5.606,0.6,0.6000000238418579,0.5893974483199418,0.0,0.0,0.20324907137703827
5.607,0.6,0.6000000238418579,0.5893974483199418,0.0,0.0,0.2057490713128452
5.6080000000000005,0.6,0.5999999046325684,0.5893974483199418,0.0,0.0,0.20824907123159075
5.609,0.6,0.5999999642372131,0.5893974483199418,0.0,0.0,0.21074907114498145
5.61,0.6,0.5999999642372131,0.5893974483199418,0.0,0.0,0.21324907105733748
5.611,0.6,0.5999999046325684,0.5893974483199418,0.0,0.0,0.21574907097272888
5.612,0.6,0.5999999642372131,0.5893974483199418,0.0,0.0,0.21824907090169696
5.613,0.6,0.5999999046325684,0.5893974483199418,0.0,0.0,0.22074907084746856
5.614,0.6,0.5999999642372131,0.5893974483199418,0.0,0.0,0.22324907081979362
5.615,0.6,0.6000000238418579,0.5893974483199418,0.0,0.0,0.22574907082115622
5.6160000000000005,0.6,0.6000000238418579,0.5893974483199418,0.0,0.0,0.22824907084719617
5.617,0.6,0.6000000834465027,0.5893974483199418,0.0,0.0,0.23074907089381083
5.618,0.6,0.5999999642372131,0.5893974483199418,0.0,0.0,0.2332490709504332
5.619,0.6,0.6000000238418579,0.5893974483199418,0.0,0.0,0.23574907102052348
5.62,0.6,0.6000000238418579,0.5893974483199418,0.0,0.0,0.23824907110063767
5.621,0.6,0.6000000834465027,0.5893974483199418,0.0,0.0,0.24074907118753316
5.622,0.6,0.6000000238418579,0.5893974483199418,0.0,0.0,0.24324907127145023
5.623,0.6,0.6000000238418579,0.5893974483199418,0.0,0.0,0.24574907134990057
5.6240000000000006,0.6,0.6000000238418579,0.5893974483199418,0.0,0.0,0.24824907142053837
5.625,0.6,0.6000000238418579,0.5893974483199418,0.0,0.0,0.2507490714811524
5.626,0.6,0.5999999642372131,0.5893974483199418,0.0,0.0,0.2532490715296573
5.627,0.6,0.5999999642372131,0.5893974483199418,0.0,0.0,0.2557490715707926
5.628,0.6,0.6000000834465027,0.5893974483199418,0.0,0.0,0.2582490716090212
5.6290000000000004,0.6,0.6000000238418579,0.5893974483199418,0.0,0.0,0.2607490716351341
5.63,0.6,0.6000000238418579,0.5893974483199418,0.0,0.0,0.2632490716471598
5.631,0.6,0.6000000238418579,0.5893974483199418,0.0,0.0,0.26574907164323813
5.632,0.6,0.6000000238418579,0.5893974483199418,0.0,0.0,0.2682490716216129
5.633,0.6,0.5999999642372131,0.5893974483199418,0.0,0.0,0.2707490715806264
5.634,0.6,0.6000000238418579,0.5893974483199418,0.0,0.0,0.27324907152541944
5.635,0.6,0.5999999642372131,0.5893974483199418,0.0,0.0,0.2757490714541252
5.636,0.6,0.5999999642372131,0.5893974483199418,0.0,0.0,0.27824907137168875
5.6370000000000005,0.6,0.5999999642372131,0.5893974483199418,0.0,0.0,0.28074907128276577
5.638,0.6,0.5999999642372131,0.5893974483199418,0.0,0.0,0.2832490711917412
5.639,0.6,0.5999999642372131,0.5893974483199418,0.0,0.0,0.2857490711027457
5.64,0.6,0.5999999046325684,0.5893974483199418,0.0,0.0,0.28824907101967073
5.641,0.6,0.5999999046325684,0.5893974483199418,0.0,0.0,0.29074907095289027
5.642,0.6,0.5999999642372131,0.5893974483199418,0.0,0.0,0.29324907091218066
5.643,0.6,0.6000000834465027,0.5893974483199418,0.0,0.0,0.29574907090005076
5.644,0.6,0.6000000238418579,0.5893974483199418,0.0,0.0,0.2982490709054569
5.6450000000000005,0.6,0.6000000238418579,0.5893974483199418,0.0,0.0,0.30074907092470543
5.646,0.6,0.6000000238418579,0.5893974483199418,0.0,0.0,0.3032490709543199
5.647,0.6,0.6000000238418579,0.5893974483199418,0.0,0.0,0.30574907099102694
5.648,0.6,0.6000000238418579,0.5893974483199418,0.0,0.0,0.3082490710317449
5.649,0.6,0.6000000238418579,0.5893974483199418,0.0,0.0,0.3107490710735706
5.65,0.6,0.5999999642372131,0.5893974483199418,0.0,0.0,0.3132490711137701
5.651,0.6,0.6000000238418579,0.5893974483199418,0.0,0.0,0.3157490711564735
5.652,0.6,0.6000000238418579,0.5893974483199418,0.0,0.0,0.3182490711988659
5.6530000000000005,0.6,0.6000000238418579,0.5893974483199418,0.0,0.0,0.3207490712382948
5.654,0.6,0.6000000238418579,0.5893974483199418,0.0,0.0,0.32324907127226143
5.655,0.6,0.6000000834465027,0.5893974483199418,0.0,0.0,0.3257490712984102
5.656,0.6,0.5999999642372131,0.5893974483199418,0.0,0.0,0.32824907130781383
5.657,0.6,0.6000000834465027,0.5893974483199418,0.0,0.0,0.3307490713054718
5.658,0.6,0.5999999642372131,0.5893974483199418,0.0,0.0,0.33324907128267867
5.659,0.6,0.5999999642372131,0.5893974483199418,0.0,0.0,0.33574907124464204
5.66,0.6,0.6000000238418579,0.5893974483199418,0.0,0.0,0.33824907119626435
5.6610000000000005,0.6,0.5999999642372131,0.5893974483199418,0.0,0.0,0.3407490711354556
5.662,0.6,0.5999999046325684,0.5893974483199418,0.0,0.0,0.34324907106695074
5.663,0.6,0.5999999642372131,0.5893974483199418,0.0,0.0,0.3457490710019155
5.664,0.6,0.5999999642372131,0.5893974483199418,0.0,0.0,0.34824907094416263
5.665,0.6,0.5999999046325684,0.5893974483199418,0.0,0.0,0.3507490708972858
5.666,0.6,0.5999999642372131,0.5893974483199418,0.0,0.0,0.353249070871379
5.667,0.6,0.5999999642372131,0.5893974483199418,0.0,0.0,0.3557490708692494
5.668,0.6,0.6000001430511475,0.5893974483199418,0.0,0.0,0.35824907089354663
5.6690000000000005,0.6,0.6000000238418579,0.5893974483199418,0.0,0.0,0.3607490709266524
5.67,0.6,0.6000000834465027,0.5893974483199418,0.0,0.0,0.3632490709653843
5.671,0.6,0.6000000238418579,0.5893974483199418,0.0,0.0,0.3657490710000387
5.672,0.6,0.6000000238418579,0.5893974483199418,0.0,0.0,0.36824907102818044
5.673,0.6,0.6000000238418579,0.5893974483199418,0.0,0.0,0.37074907104751303
5.674,0.6,0.6000000834465027,0.5893974483199418,0.0,0.0,0.37324907105587196
5.675,0.6,0.6000000238418579,0.5893974483199418,0.0,0.0,0.37574907104450933
5.676,0.6,0.5999999642372131,0.5893974483199418,0.0,0.0,0.37824907101188615
5.6770000000000005,0.6,0.5999999046325684,0.5893974483199418,0.0,0.0,0.38074907096325455
5.678,0.6,0.5999999642372131,0.5893974483199418,0.0,0.0,0.38324907091026583
5.679,0.6,0.5999999642372131,0.5893974483199418,0.0,0.0,0.3857490708571888
5.68,0.6,0.5999999642372131,0.5893974483199418,0.0,0.0,0.3882490708080451
5.681,0.6,0.5999999642372131,0.5893974483199418,0.0,0.0,0.39074907076662374
5.682,0.6,0.5999999642372131,0.5893974483199418,0.0,0.0,0.3932490707364962
5.683,0.6,0.6000000238418579,0.5893974483199418,0.0,0.0,0.39574907072102916
5.684,0.6,0.6000000238418579,0.5893974483199418,0.0,0.0,0.398249070716691
5.6850000000000005,0.6,0.6000000834465027,0.5893974483199418,0.0,0.0,0.40074907072015703
5.686,0.6,0.6000000238418579,0.5893974483199418,0.0,0.0,0.40324907072159
5.687,0.6,0.6000000238418579,0.5893974483199418,0.0,0.0,0.4057490707184291
5.688,0.6,0.6000000238418579,0.5893974483199418,0.0,0.0,0.40824907070826066
5.689,0.6,0.6000000238418579,0.5893974483199418,0.0,0.0,0.4107490706888094
5.69,0.6,0.5999999642372131,0.5893974483199418,0.0,0.0,0.41324907065793026
5.691,0.6,0.5999999642372131,0.5893974483199418,0.0,0.0,0.415749070620306
5.692,0.6,0.5999999046325684,0.5893974483199418,0.0,0.0,0.4182490705803474
5.6930000000000005,0.6,0.5999999046325684,0.5893974483199418,0.0,0.0,0.4207490705489149
5.694,0.6,0.6000000238418579,0.5893974483199418,0.0,0.0,0.42324907053624217
5.695,0.6,0.6000000238418579,0.5893974483199418,0.0,0.0,0.4257490705385608
5.696,0.6,0.6000000238418579,0.5893974483199418,0.0,0.0,0.42824907055232325
5.697,0.6,0.6000000834465027,0.5893974483199418,0.0,0.0,0.4307490705741902
5.698,0.6,0.6000000238418579,0.5893974483199418,0.0,0.0,0.4332490705943111
5.699,0.6,0.6000000834465027,0.5893974483199418,0.0,0.0,0.4357490706101126
5.7,0.6,0.6000000834465027,0.5893974483199418,0.0,0.0,0.438249070612462
5.7010000000000005,0.6,0.6000000238418579,0.5893974483199418,0.0,0.0,0.44074907059275376
5.702,0.6,0.5999999642372131,0.5893974483199418,0.0,0.0,0.4432490705495827
5.703,0.6,0.5999999642372131,0.5893974483199418,0.0,0.0,0.445749070488326
5.704,0.6,0.6000000238418579,0.5893974483199418,0.0,0.0,0.4482490704140468
5.705,0.6,0.5999999046325684,0.5893974483199418,0.0,0.0,0.45074907032480477
5.706,0.6,0.5999999642372131,0.5893974483199418,0.0,0.0,0.45324907023218236
5.707,0.6,0.5999999642372131,0.5893974483199418,0.0,0.0,0.45574907014038324
5.708,0.6,0.5999999642372131,0.5893974483199418,0.0,0.0,0.45824907005336885
5.7090000000000005,0.6,0.5999999642372131,0.5893974483199418,0.0,0.0,0.46074906997487086
5.71,0.6,0.5999999642372131,0.5893974483199418,0.0,0.0,0.4632490699084073
5.711,0.6,0.5999999642372131,0.5893974483199418,0.0,0.0,0.46574906985729453
5.712,0.6,0.5999999642372131,0.5893974483199418,0.0,0.0,0.4682490698246604
5.713,0.6,0.6000000238418579,0.5893974483199418,0.0,0.0,0.47074906981345527
5.714,0.6,0.6000000834465027,0.5893974483199418,0.0,0.0,0.47324906981975656
5.715,0.6,0.6000000238418579,0.5893974483199418,0.0,0.0,0.47574906983316584
5.716,0.6,0.6000000238418579,0.5893974483199418,0.0,0.0,0.47824906985059545
5.7170000000000005,0.6,0.6000000238418579,0.5893974483199418,0.0,0.0,0.480749069869137
5.718,0.6,0.6000000238418579,0.5893974483199418,0.0,0.0,0.4832490698860514
5.719,0.6,0.6000000238418579,0.5893974483199418,0.0,0.0,0.4857490698987576
5.72,0.6,0.5999999642372131,0.5893974483199418,0.0,0.0,0.4882490699048231
5.721,0.6,0.6000000238418579,0.5893974483199418,0.0,0.0,0.4907490699086617
5.722,0.6,0.6000000238418579,0.5893974483199418,0.0,0.0,0.4932490699077242
5.723,0.6,0.6000000238418579,0.5893974483199418,0.0,0.0,0.49574906989960793
5.724,0.6,0.5999999642372131,0.5893974483199418,0.0,0.0,0.49824906988204887
5.7250000000000005,0.6,0.6000000834465027,0.5893974483199418,0.0,0.0,0.5007490698596175
5.726,0.6,0.5999999642372131,0.5893974483199418,0.0,0.0,0.5032490698232063
5.727,0.6,0.6000000238418579,0.5893974483199418,0.0,0.0,0.5057490697776449
5.728,0.6,0.5999999046325684,0.5893974483199418,0.0,0.0,0.5082490697207754
5.729,0.6,0.5999999642372131,0.5893974483199418,0.0,0.0,0.5107490696639752
5.73,0.6,0.5999999642372131,0.5893974483199418,0.0,0.0,0.5132490696112559
5.731,0.6,0.5999999642372131,0.5893974483199418,0.0,0.0,0.5157490695663979
5.732,0.6,0.5999999642372131,0.5893974483199418,0.0,0.0,0.518249069532964
5.7330000000000005,0.6,0.6000000238418579,0.5893974483199418,0.0,0.0,0.5207490695143133
5.734,0.6,0.5999999642372131,0.5893974483199418,0.0,0.0,0.5232490695069061
5.735,0.6,0.6000000238418579,0.5893974483199418,0.0,0.0,0.5257490695141177
5.736,0.6,0.6000000238418579,0.5893974483199418,0.0,0.0,0.5282490695324231
5.737,0.6,0.6000000834465027,0.5893974483199418,0.0,0.0,0.5307490695585052
5.738,0.6,0.6000000834465027,0.5893974483199418,0.0,0.0,0.5332490695825333
5.739,0.6,0.6000000238418579,0.5893974483199418,0.0,0.0,0.5357490695952457
5.74,0.6,0.6000000238418579,0.5893974483199418,0.0,0.0,0.5382490695946222
5.7410000000000005,0.6,0.5999999642372131,0.5893974483199418,0.0,0.0,0.5407490695787562
5.742,0.6,0.5999999046325684,0.5893974483199418,0.0,0.0,0.543249069552555
5.743,0.6,0.5999999642372131,0.5893974483199418,0.0,0.0,0.5457490695273465
5.744,0.6,0.6000000238418579,0.5893974483199418,0.0,0.0,0.5482490695070948
5.745,0.6,0.6000000238418579,0.5893974483199418,0.0,0.0,0.5507490694888302
5.746,0.6,0.6000000238418579,0.5893974483199418,0.0,0.0,0.5532490694697545
5.747,0.6,0.6000000238418579,0.5893974483199418,0.0,0.0,0.555749069447232
5.748,0.6,0.6000000238418579,0.5893974483199418,0.0,0.0,0.5582490694187785
5.7490000000000006,0.6,0.5999999642372131,0.5893974483199418,0.0,0.0,0.5607490693820529
5.75,0.6,0.5999999046325684,0.5893974483199418,0.0,0.0,0.5632490693415546
5.751,0.6,0.5999999046325684,0.5893974483199418,0.0,0.0,0.5657490693082275
5.752,0.6,0.6000000238418579,0.5893974483199418,0.0,0.0,0.5682490692923841
5.753,0.6,0.6000000238418579,0.5893974483199418,0.0,0.0,0.5707490692903282
5.7540000000000004,0.6,0.6000000238418579,0.5893974483199418,0.0,0.0,0.5732490692985822
5.755,0.6,0.5999999642372131,0.5893974483199418,0.0,0.0,0.5757490693138715
5.756,0.6,0.5999999642372131,0.5893974483199418,0.0,0.0,0.5782490693398192
5.757000000000001,0.6,0.6000000238418579,0.5893974483199418,0.0,0.0,0.5807490693798409
5.758,0.6,0.6000000238418579,0.5893974483199418,0.0,0.0,0.5832490694304502
5.759,0.6,0.6000000834465027,0.5893974483199418,0.0,0.0,0.5857490694883654
5.76,0.6,0.5999999642372131,0.5893974483199418,0.0,0.0,0.5882490695437897
5.761,0.6,0.5999999642372131,0.5893974483199418,0.0,0.0,0.5907490696009062
5.7620000000000005,0.6,0.6000000238418579,0.5893974483199418,0.0,0.0,0.5932490696636564
5.763,0.6,0.6000000238418579,0.5893974483199418,0.0,0.0,0.5957490697290472
5.764,0.6,0.6000000238418579,0.5893974483199418,0.0,0.0,0.5982490697942598
5.765,0.6,0.6000000834465027,0.5893974483199418,0.0,0.0,0.6007490698566395
5.766,0.6,0.6000000238418579,0.5893974483199418,0.0,0.0,0.6032490699069767
5.767,0.6,0.6000000834465027,0.5893974483199418,0.0,0.0,0.6057490699433004
5.768,0.6,0.6000000238418579,0.5893974483199418,0.0,0.0,0.6082490699570441
5.769,0.6,0.5999999642372131,0.5893974483199418,0.0,0.0,0.6107490699468395
5.7700000000000005,0.6,0.5999999642372131,0.5893974483199418,0.0,0.0,0.6132490699180981
5.771,0.6,0.5999999642372131,0.5893974483199418,0.0,0.0,0.6157490698759159
5.772,0.6,0.5999999642372131,0.5893974483199418,0.0,0.0,0.6182490698250891
5.773,0.6,0.5999999642372131,0.5893974483199418,0.0,0.0,0.6207490697701351
5.774,0.6,0.5999999046325684,0.5893974483199418,0.0,0.0,0.623249069715308
5.775,0.6,0.5999999642372131,0.5893974483199418,0.0,0.0,0.6257490696713237
5.776,0.6,0.5999999642372131,0.5893974483199418,0.0,0.0,0.6282490696415709
5.777,0.6,0.6000000238418579,0.5893974483199418,0.0,0.0,0.6307490696292458
5.7780000000000005,0.6,0.6000000238418579,0.5893974483199418,0.0,0.0,0.633249069630657
5.779,0.6,0.6000000238418579,0.5893974483199418,0.0,0.0,0.6357490696423292
5.78,0.6,0.6000000834465027,0.5893974483199418,0.0,0.0,0.6382490696609909
5.781,0.6,0.5999999642372131,0.5893974483199418,0.0,0.0,0.6407490696768546
5.782,0.6,0.6000000238418579,0.5893974483199418,0.0,0.0,0.6432490696941134
5.783,0.6,0.6000000238418579,0.5893974483199418,0.0,0.0,0.6457490697100099
5.784,0.6,0.6000000238418579,0.5893974483199418,0.0,0.0,0.648249069721947
5.785,0.6,0.6000000238418579,0.5893974483199418,0.0,0.0,0.6507490697274767
5.7860000000000005,0.6,0.6000000834465027,0.5893974483199418,0.0,0.0,0.6532490697242922
5.787,0.6,0.6000000238418579,0.5893974483199418,0.0,0.0,0.6557490697035113
5.788,0.6,0.5999999046325684,0.5893974483199418,0.0,0.0,0.6582490696634696
5.789,0.6,0.5999999642372131,0.5893974483199418,0.0,0.0,0.6607490696160082
5.79,0.6,0.5999999642372131,0.5893974483199418,0.0,0.0,0.663249069565574
5.791,0.6,0.6000000238418579,0.5893974483199418,0.0,0.0,0.6657490695163552
5.792,0.6,0.6000000238418579,0.5893974483199418,0.0,0.0,0.668249069465592
5.793,0.6,0.5999999046325684,0.5893974483199418,0.0,0.0,0.6707490694106836
5.7940000000000005,0.6,0.5999999642372131,0.5893974483199418,0.0,0.0,0.6732490693625921
5.795,0.6,0.5999999642372131,0.5893974483199418,0.0,0.0,0.6757490693249403
5.796,0.6,0.6000000238418579,0.5893974483199418,0.0,0.0,0.6782490693011416
5.797,0.6,0.6000000238418579,0.5893974483199418,0.0,0.0,0.6807490692877094
5.798,0.6,0.6000000238418579,0.5893974483199418,0.0,0.0,0.6832490692813603
5.799,0.6,0.6000000238418579,0.5893974483199418,0.0,0.0,0.6857490692790038
5.8,0.6,0.6000000834465027,0.5893974483199418,0.0,0.0,0.6882490692777283
5.801,0.6,0.5999999642372131,0.5893974483199418,0.0,0.0,0.690749069268085
5.8020000000000005,0.6,0.6000000238418579,0.5893974483199418,0.0,0.0,0.6932490692545836
5.803,0.6,0.6000000238418579,0.5893974483199418,0.0,0.0,0.695749069234766
5.804,0.6,0.5999999642372131,0.5893974483199418,0.0,0.0,0.6982490692063137
5.805,0.6,0.5999999642372131,0.5893974483199418,0.0,0.0,0.7007490691737484
5.806,0.6,0.5999999642372131,0.5893974483199418,0.0,0.0,0.7032490691413291
5.807,0.6,0.6000000238418579,0.5893974483199418,0.0,0.0,0.7057490691130669
5.808,0.6,0.5999999642372131,0.5893974483199418,0.0,0.0,0.7082490690860362
5.809,0.6,0.6000000238418579,0.5893974483199418,0.0,0.0,0.7107490690641868
5.8100000000000005,0.6,0.5999999642372131,0.5893974483199418,0.0,0.0,0.713249069044535
5.811,0.6,0.6000000238418579,0.5893974483199418,0.0,0.0,0.715749069030976
5.812,0.6,0.6000000238418579,0.5893974483199418,0.0,0.0,0.7182490690204746
5.813,0.6,0.5999999642372131,0.5893974483199418,0.0,0.0,0.7207490690101723
5.814,0.6,0.6000000238418579,0.5893974483199418,0.0,0.0,0.7232490690040826
5.815,0.6,0.6000000238418579,0.5893974483199418,0.0,0.0,0.7257490689992803
5.816,0.6,0.6000000238418579,0.5893974483199418,0.0,0.0,0.7282490689930106
5.817,0.6,0.6000000238418579,0.5893974483199418,0.0,0.0,0.7307490689826781
5.8180000000000005,0.6,0.6000000238418579,0.5893974483199418,0.0,0.0,0.7332490689658357
5.819,0.6,0.6000000238418579,0.5893974483199418,0.0,0.0,0.7357490689401788
5.82,0.6,0.5999999642372131,0.5893974483199418,0.0,0.0,0.7382490689035326
5.821,0.6,0.5999999642372131,0.5893974483199418,0.0,0.0,0.7407490688605536
5.822,0.6,0.5999999642372131,0.5893974483199418,0.0,0.0,0.7432490688156265
5.823,0.6,0.5999999046325684,0.5893974483199418,0.0,0.0,0.7457490687728823
5.824,0.6,0.5999999642372131,0.5893974483199418,0.0,0.0,0.7482490687429191
5.825,0.6,0.6000000238418579,0.5893974483199418,0.0,0.0,0.7507490687290175
5.8260000000000005,0.6,0.6000000238418579,0.5893974483199418,0.0,0.0,0.7532490687275645
5.827,0.6,0.6000000834465027,0.5893974483199418,0.0,0.0,0.7557490687351592
5.828,0.6,0.6000000238418579,0.5893974483199418,0.0,0.0,0.7582490687418929
5.829,0.6,0.5999999642372131,0.5893974483199418,0.0,0.0,0.7607490687451383
5.83,0.6,0.6000000238418579,0.5893974483199418,0.0,0.0,0.7632490687491242
5.831,0.6,0.6000000238418579,0.5893974483199418,0.0,0.0,0.7657490687511299
5.832,0.6,0.6000000238418579,0.5893974483199418,0.0,0.0,0.7682490687485909
5.833,0.6,0.6000000238418579,0.5893974483199418,0.0,0.0,0.7707490687390902
5.8340000000000005,0.6,0.6000000238418579,0.5893974483199418,0.0,0.0,0.7732490687203506
5.835,0.6,0.6000000238418579,0.5893974483199418,0.0,0.0,0.7757490686902234
5.836,0.6,0.6000000238418579,0.5893974483199418,0.0,0.0,0.7782490686466829
5.837,0.6,0.5999999642372131,0.5893974483199418,0.0,0.0,0.7807490685878177
5.838,0.6,0.5999999642372131,0.5893974483199418,0.0,0.0,0.7832490685185305
5.839,0.6,0.5999999642372131,0.5893974483199418,0.0,0.0,0.7857490684434384
5.84,0.6,0.6000000238418579,0.5893974483199418,0.0,0.0,0.7882490683668888
5.841,0.6,0.6000000238418579,0.5893974483199418,0.0,0.0,0.790749068286271
5.8420000000000005,0.6,0.5999999046325684,0.5893974483199418,0.0,0.0,0.7932490681991242
5.843,0.6,0.6000000238418579,0.5893974483199418,0.0,0.0,0.7957490681165433
5.844,0.6,0.5999999642372131,0.5893974483199418,0.0,0.0,0.7982490680355672
5.845,0.6,0.5999999642372131,0.5893974483199418,0.0,0.0,0.800749067960113
5.846,0.6,0.5999999642372131,0.5893974483199418,0.0,0.0,0.8032490678938731
5.847,0.6,0.5999999642372131,0.5893974483199418,0.0,0.0,0.805749067840327
5.848,0.6,0.5999999642372131,0.5893974483199418,0.0,0.0,0.8082490678027562
5.849,0.6,0.6000000834465027,0.5893974483199418,0.0,0.0,0.8107490677842543
5.8500000000000005,0.6,0.5999999642372131,0.5893974483199418,0.0,0.0,0.8132490677743276
5.851,0.6,0.6000000834465027,0.5893974483199418,0.0,0.0,0.8157490677765044
5.852,0.6,0.6000000238418579,0.5893974483199418,0.0,0.0,0.8182490677806988
5.853,0.6,0.6000000238418579,0.5893974483199418,0.0,0.0,0.8207490677841159
5.854,0.6,0.6000000238418579,0.5893974483199418,0.0,0.0,0.8232490677841223
5.855,0.6,0.6000000238418579,0.5893974483199418,0.0,0.0,0.8257490677782371
5.856,0.6,0.5999999642372131,0.5893974483199418,0.0,0.0,0.8282490677641208
5.857,0.6,0.6000000238418579,0.5893974483199418,0.0,0.0,0.8307490677462757
5.8580000000000005,0.6,0.6000000238418579,0.5893974483199418,0.0,0.0,0.8332490677222346
5.859,0.6,0.5999999642372131,0.5893974483199418,0.0,0.0,0.835749067689673
5.86,0.6,0.5999999642372131,0.5893974483199418,0.0,0.0,0.8382490676531051
5.861,0.6,0.6000000238418579,0.5893974483199418,0.0,0.0,0.840749067616783
5.862,0.6,0.6000000238418579,0.5893974483199418,0.0,0.0,0.8432490675780059
5.863,0.6,0.5999999642372131,0.5893974483199418,0.0,0.0,0.8457490675342293
5.864,0.6,0.6000000238418579,0.5893974483199418,0.0,0.0,0.8482490674897615
5.865,0.6,0.6000000238418579,0.5893974483199418,0.0,0.0,0.8507490674419533
5.8660000000000005,0.6,0.5999999046325684,0.5893974483199418,0.0,0.0,0.8532490673883109
5.867,0.6,0.6000000238418579,0.5893974483199418,0.0,0.0,0.8557490673398946
5.868,0.6,0.5999999642372131,0.5893974483199418,0.0,0.0,0.8582490672937128
5.869,0.6,0.6000000238418579,0.5893974483199418,0.0,0.0,0.8607490672536546
5.87,0.6,0.5999999642372131,0.5893974483199418,0.0,0.0,0.8632490672166779
5.871,0.6,0.5999999642372131,0.5893974483199418,0.0,0.0,0.8657490671866236
5.872,0.6,0.5999999642372131,0.5893974483199418,0.0,0.0,0.8682490671671128
5.873,0.6,0.6000000834465027,0.5893974483199418,0.0,0.0,0.8707490671615585
5.8740000000000006,0.6,0.6000000834465027,0.5893974483199418,0.0,0.0,0.873249067159765
5.875,0.6,0.6000000238418579,0.5893974483199418,0.0,0.0,0.8757490671521296
5.876,0.6,0.6000000238418579,0.5893974483199418,0.0,0.0,0.8782490671363098
5.877,0.6,0.6000000238418579,0.5893974483199418,0.0,0.0,0.8807490671100983
5.878,0.6,0.5999999046325684,0.5893974483199418,0.0,0.0,0.8832490670714122
5.8790000000000004,0.6,0.5999999642372131,0.5893974483199418,0.0,0.0,0.8857490670317015
5.88,0.6,0.5999999642372131,0.5893974483199418,0.0,0.0,0.8882490669950446
5.881,0.6,0.5999999046325684,0.5893974483199418,0.0,0.0,0.8907490669652847
5.882000000000001,0.6,0.6000000834465027,0.5893974483199418,0.0,0.0,0.8932490669527503
5.883,0.6,0.6000000238418579,0.5893974483199418,0.0,0.0,0.8957490669470559
5.884,0.6,0.6000000834465027,0.5893974483199418,0.0,0.0,0.8982490669451253
5.885,0.6,0.6000000238418579,0.5893974483199418,0.0,0.0,0.9007490669373543
5.886,0.6,0.6000000238418579,0.5893974483199418,0.0,0.0,0.9032490669214019
5.8870000000000005,0.6,0.5999999642372131,0.5893974483199418,0.0,0.0,0.9057490668950589
5.888,0.6,0.5999999046325684,0.5893974483199418,0.0,0.0,0.9082490668629505
5.889,0.6,0.6000000238418579,0.5893974483199418,0.0,0.0,0.910749066836138
5.89,0.6,0.6000000238418579,0.5893974483199418,0.0,0.0,0.9132490668116305
5.891,0.6,0.5999999642372131,0.5893974483199418,0.0,0.0,0.9157490667866104
5.892,0.6,0.6000000238418579,0.5893974483199418,0.0,0.0,0.918249066765131
5.893,0.6,0.6000000238418579,0.5893974483199418,0.0,0.0,0.9207490667443025
5.894,0.6,0.6000000238418579,0.5893974483199418,0.0,0.0,0.9232490667214047
5.8950000000000005,0.6,0.5999999642372131,0.5893974483199418,0.0,0.0,0.9257490666938746
5.896,0.6,0.5999999642372131,0.5893974483199418,0.0,0.0,0.9282490666660022
5.897,0.6,0.5999999642372131,0.5893974483199418,0.0,0.0,0.9307490666418298
5.898,0.6,0.6000000238418579,0.5893974483199418,0.0,0.0,0.9332490666251652
5.899,0.6,0.6000000238418579,0.5893974483199418,0.0,0.0,0.9357490666128917
5.9,0.6,0.6000000238418579,0.5893974483199418,0.0,0.0,0.9382490666020733
5.901,0.6,0.6000000834465027,0.5893974483199418,0.0,0.0,0.9407490665899456
5.902,0.6,0.6000000238418579,0.5893974483199418,0.0,0.0,0.9432490665671955
5.9030000000000005,0.6,0.5999999642372131,0.5893974483199418,0.0,0.0,0.9457490665317565
5.904,0.6,0.5999999642372131,0.5893974483199418,0.0,0.0,0.948249066488383
5.905,0.6,0.6000000238418579,0.5893974483199418,0.0,0.0,0.9507490664415542
5.906,0.6,0.6000000238418579,0.5893974483199418,0.0,0.0,0.9532490663887818
5.907,0.6,0.5999999046325684,0.5893974483199418,0.0,0.0,0.9557490663277207
5.908,0.6,0.5999999642372131,0.5893974483199418,0.0,0.0,0.9582490662695725
5.909,0.6,0.5999999642372131,0.5893974483199418,0.0,0.0,0.9607490662181847
5.91,0.6,0.5999999046325684,0.5893974483199418,0.0,0.0,0.9632490661771825
5.9110000000000005,0.6,0.6000000238418579,0.5893974483199418,0.0,0.0,0.9657490661566906
5.912,0.6,0.6000000238418579,0.5893974483199418,0.0,0.0,0.9682490661528375
5.913,0.6,0.6000000238418579,0.5893974483199418,0.0,0.0,0.9707490661619796
5.914,0.6,0.6000000834465027,0.5893974483199418,0.0,0.0,0.9732490661806885
5.915,0.6,0.6000000238418579,0.5893974483199418,0.0,0.0,0.9757490661990278
5.916,0.6,0.6000000238418579,0.5893974483199418,0.0,0.0,0.9782490662143447
5.917,0.6,0.6000000238418579,0.5893974483199418,0.0,0.0,0.9807490662241382
5.918,0.6,0.6000000834465027,0.5893974483199418,0.0,0.0,0.9832490662260523
5.9190000000000005,0.6,0.6000000238418579,0.5893974483199418,0.0,0.0,0.9857490662111589
5.92,0.6,0.6000000238418579,0.5893974483199418,0.0,0.0,0.9882490661777497
5.921,0.6,0.5999999642372131,0.5893974483199418,0.0,0.0,0.9907490661242122
5.922,0.6,0.5999999642372131,0.5893974483199418,0.0,0.0,0.9932490660557295
5.923,0.6,0.5999999046325684,0.5893974483199418,0.0,0.0,0.9957490659771805
5.924,0.6,0.5999999642372131,0.5893974483199418,0.0,0.0,0.998249065899867
5.925,0.6,0.6000000238418579,0.5893974483199418,0.0,0.0,1.0007490658277294
5.926,0.6,0.5999999642372131,0.5893974483199418,0.0,0.0,1.0032490657577742
5.9270000000000005,0.6,0.5999999046325684,0.5893974483199418,0.0,0.0,1.005749065693889
5.928,0.6,0.5999999642372131,0.5893974483199418,0.0,0.0,1.0082490656464425
5.929,0.6,0.5999999046325684,0.5893974483199418,0.0,0.0,1.0107490656185008
5.93,0.6,0.6000000238418579,0.5893974483199418,0.0,0.0,1.0132490656196633
5.931,0.6,0.6000000238418579,0.5893974483199418,0.0,0.0,1.0157490656455648
5.932,0.6,0.6000000238418579,0.5893974483199418,0.0,0.0,1.0182490656920993
5.933,0.6,0.6000000238418579,0.5893974483199418,0.0,0.0,1.0207490657554026
5.934,0.6,0.5999999642372131,0.5893974483199418,0.0,0.0,1.0232490658318378
5.9350000000000005,0.6,0.6000000834465027,0.5893974483199418,0.0,0.0,1.0257490659246886
5.936,0.6,0.6000000238418579,0.5893974483199418,0.0,0.0,1.0282490660236372
5.937,0.6,0.6000000238418579,0.5893974483199418,0.0,0.0,1.0307490661256729
5.938,0.6,0.6000000834465027,0.5893974483199418,0.0,0.0,1.0332490662279585
5.939,0.6,0.6000000238418579,0.5893974483199418,0.0,0.0,1.0357490663211166
5.94,0.6,0.6000000238418579,0.5893974483199418,0.0,0.0,1.0382490664030153
5.941,0.6,0.6000000834465027,0.5893974483199418,0.0,0.0,1.040749066471646
5.942,0.6,0.6000000238418579,0.5893974483199418,0.0,0.0,1.043249066518405
5.9430000000000005,0.6,0.6000000238418579,0.5893974483199418,0.0,0.0,1.0457490665418911
5.944,0.6,0.6000000238418579,0.5893974483199418,0.0,0.0,1.0482490665407775
5.945,0.6,0.5999999642372131,0.5893974483199418,0.0,0.0,1.050749066513811
5.946,0.6,0.5999999642372131,0.5893974483199418,0.0,0.0,1.0532490664665104
5.947,0.6,0.5999999642372131,0.5893974483199418,0.0,0.0,1.0557490664040712
5.948,0.6,0.5999999046325684,0.5893974483199418,0.0,0.0,1.0582490663313857
5.949,0.6,0.5999999642372131,0.5893974483199418,0.0,0.0,1.0607490662597647
5.95,0.6,0.5999999642372131,0.5893974483199418,0.0,0.0,1.0632490661931606
5.9510000000000005,0.6,0.5999999642372131,0.5893974483199418,0.0,0.0,1.0657490661352946
5.952,0.6,0.5999999642372131,0.5893974483199418,0.0,0.0,1.0682490660896768
5.953,0.6,0.5999999046325684,0.5893974483199418,0.0,0.0,1.0707490660596148
5.954,0.6,0.6000000238418579,0.5893974483199418,0.0,0.0,1.0732490660549354
5.955,0.6,0.6000000238418579,0.5893974483199418,0.0,0.0,1.075749066071489
5.956,0.6,0.6000000238418579,0.5893974483199418,0.0,0.0,1.0782490661053674
5.957,0.6,0.6000000238418579,0.5893974483199418,0.0,0.0,1.0807490661528967
5.958,0.6,0.6000000238418579,0.5893974483199418,0.0,0.0,1.083249066210616
5.9590000000000005,0.6,0.6000000238418579,0.5893974483199418,0.0,0.0,1.0857490662752678
5.96,0.6,0.6000000238418579,0.5893974483199418,0.0,0.0,1.0882490663437843
5.961,0.6,0.6000000834465027,0.5893974483199418,0.0,0.0,1.0907490664132777
5.962,0.6,0.6000000238418579,0.5893974483199418,0.0,0.0,1.0932490664743186
5.963,0.6,0.6000000238418579,0.5893974483199418,0.0,0.0,1.0957490665247305
5.964,0.6,0.6000000238418579,0.5893974483199418,0.0,0.0,1.098249066562461
5.965,0.6,0.6000000238418579,0.5893974483199418,0.0,0.0,1.1007490665855721
5.966,0.6,0.6000000238418579,0.5893974483199418,0.0,0.0,1.103249066592237
5.9670000000000005,0.6,0.6000000238418579,0.5893974483199418,0.0,0.0,1.105749066580729
5.968,0.6,0.5999999642372131,0.5893974483199418,0.0,0.0,1.1082490665494207
5.969,0.6,0.5999999642372131,0.5893974483199418,0.0,0.0,1.1107490665034785
5.97,0.6,0.5999999046325684,0.5893974483199418,0.0,0.0,1.1132490664477679
5.971,0.6,0.6000000238418579,0.5893974483199418,0.0,0.0,1.1157490663935772
5.972,0.6,0.5999999642372131,0.5893974483199418,0.0,0.0,1.1182490663381266
5.973,0.6,0.5999999642372131,0.5893974483199418,0.0,0.0,1.120749066285505
5.974,0.6,0.6000000238418579,0.5893974483199418,0.0,0.0,1.1232490662395647
5.9750000000000005,0.6,0.5999999642372131,0.5893974483199418,0.0,0.0,1.1257490661972294
5.976,0.6,0.5999999642372131,0.5893974483199418,0.0,0.0,1.1282490661623081
5.977,0.6,0.6000000238418579,0.5893974483199418,0.0,0.0,1.1307490661383917
5.978,0.6,0.6000000238418579,0.5893974483199418,0.0,0.0,1.1332490661221575
5.979,0.6,0.5999999642372131,0.5893974483199418,0.0,0.0,1.1357490661104785
5.98,0.6,0.6000000238418579,0.5893974483199418,0.0,0.0,1.138249066107114
5.981,0.6,0.6000000238418579,0.5893974483199418,0.0,0.0,1.1407490661089037
5.982,0.6,0.6000000238418579,0.5893974483199418,0.0,0.0,1.1432490661128694
5.9830000000000005,0.6,0.6000000238418579,0.5893974483199418,0.0,0.0,1.1457490661162057
5.984,0.6,0.6000000238418579,0.5893974483199418,0.0,0.0,1.148249066116271
5.985,0.6,0.6000000834465027,0.5893974483199418,0.0,0.0,1.150749066110575
5.986,0.6,0.6000000238418579,0.5893974483199418,0.0,0.0,1.153249066090065
5.987,0.6,0.5999999642372131,0.5893974483199418,0.0,0.0,1.155749066052915
5.988,0.6,0.5999999046325684,0.5893974483199418,0.0,0.0,1.158249066004108
5.989,0.6,0.6000000238418579,0.5893974483199418,0.0,0.0,1.1607490659550443
5.99,0.6,0.6000000238418579,0.5893974483199418,0.0,0.0,1.1632490659030474
5.9910000000000005,0.6,0.5999999642372131,0.5893974483199418,0.0,0.0,1.1657490658455978
5.992,0.6,0.5999999046325684,0.5893974483199418,0.0,0.0,1.1682490657870268
5.993,0.6,0.5999999642372131,0.5893974483199418,0.0,0.0,1.170749065738121
5.994,0.6,0.5999999642372131,0.5893974483199418,0.0,0.0,1.1732490657023367
5.995,0.6,0.5999999642372131,0.5893974483199418,0.0,0.0,1.1757490656829335
5.996,0.6,0.6000000238418579,0.5893974483199418,0.0,0.0,1.1782490656829865
5.997,0.6,0.6000000238418579,0.5893974483199418,0.0,0.0,1.180749065698688
5.998,0.6,0.6000000238418579,0.5893974483199418,0.0,0.0,1.1832490657264558
5.9990000000000006,0.6,0.6000000238418579,0.5893974483199418,0.0,0.0,1.1857490657629173
