timestamp,x,y,z,roll,pitch,yaw,vx_cmd,vy_cmd,vz_cmd,yaw_rate_cmd,target_x,target_y,target_z,target_yaw,pos_error,yaw_error,vel_est_x,vel_est_y,vel_est_z
1777990934384.000000,-1.804008,-1.760329,0.805277,0.010661,-0.014873,-0.009697,2.219100,2.219100,2.219100,0.083657,-1.000000,-1.000000,2.000000,0.000000,1.628463,0.009697,0.000000,0.000000,0.000000
1777990934484.000000,-1.800586,-1.761254,0.807994,0.009591,-0.043358,-0.000626,2.219100,2.219100,2.219100,-0.013525,-1.000000,-1.000000,2.000000,0.000000,1.625215,0.000626,0.034229,-0.009227,0.027165
1777990934584.000000,-1.798774,-1.762090,0.808938,0.007450,-0.024370,-0.004389,2.219100,2.219100,2.219100,0.009856,-1.000000,-1.000000,2.000000,0.000000,1.624023,0.004389,0.018153,-0.008279,0.009442
1777990934685.000000,-1.799862,-1.761435,0.809776,0.004142,-0.016574,0.002880,2.219100,2.219100,2.219100,-0.013196,-1.000000,-1.000000,2.000000,0.000000,1.623636,0.002880,-0.010751,0.006521,0.008296
1777990934786.000000,-1.799046,-1.760993,0.811389,0.007093,-0.031135,0.004556,2.219100,2.219100,2.219100,-0.006182,-1.000000,-1.000000,2.000000,0.000000,1.621845,0.004556,0.008097,0.004332,0.015977
1777990934885.000000,-1.798784,-1.760180,0.812993,0.016940,-0.025475,0.006210,2.219100,2.219100,2.219100,-0.007971,-1.000000,-1.000000,2.000000,0.000000,1.620159,0.006210,0.002694,0.008199,0.016199
1777990934990.000000,-1.798583,-1.758885,0.814305,0.010826,-0.024748,0.006264,2.219100,2.219100,2.219100,-0.005995,-1.000000,-1.000000,2.000000,0.000000,1.618492,0.006264,0.001991,0.012320,0.012491
1777990935088.000000,-1.798939,-1.758218,0.814868,0.014040,-0.005808,0.011113,2.219100,2.219100,2.219100,-0.018294,-1.000000,-1.000000,2.000000,0.000000,1.617942,0.011113,-0.003556,0.006842,0.005752
1777990935188.000000,-1.798969,-1.757122,0.814876,0.008463,-0.001166,0.008731,2.219100,2.219100,2.219100,-0.005647,-1.000000,-1.000000,2.000000,0.000000,1.617438,0.008731,-0.000199,0.010969,0.000072
1777990935288.000000,-1.798779,-1.756096,0.815588,0.012241,-0.004467,-0.010848,2.219100,2.219100,2.219100,0.037363,-1.000000,-1.000000,2.000000,0.000000,1.616342,0.010848,0.001790,0.010275,0.007120
1777990935388.000000,-1.801970,-1.754398,0.817359,-0.004093,-0.011065,-0.018177,2.219100,2.219100,2.219100,0.025297,-1.000000,-1.000000,2.000000,0.000000,1.615832,0.018177,-0.032218,0.016397,0.017716
1777990935487.000000,-1.803366,-1.752701,0.818312,-0.002887,0.022984,-0.012146,2.219100,2.219100,2.219100,0.000531,-1.000000,-1.000000,2.000000,0.000000,1.615036,0.012146,-0.014305,0.016968,0.009624
1777990935589.000000,-1.804076,-1.751435,0.818277,0.031786,-0.014171,0.006211,2.219100,2.219100,2.219100,-0.032881,-1.000000,-1.000000,2.000000,0.000000,1.614825,0.006211,-0.006881,0.012464,-0.000344
1777990935688.000000,-1.806022,-1.750512,0.818897,0.023128,0.024019,-0.002744,2.219100,2.219100,2.219100,0.016663,-1.000000,-1.000000,2.000000,0.000000,1.614913,0.002744,-0.019686,0.009263,0.006265
1777990935787.000000,-1.806716,-1.749752,0.818926,0.016364,0.025682,-0.002857,2.219100,2.219100,2.219100,0.002980,-1.000000,-1.000000,2.000000,0.000000,1.614885,0.002857,-0.007034,0.007663,0.000296
1777990935888.000000,-1.805982,-1.748306,0.823640,0.003308,-0.046631,0.005275,2.219100,2.219100,2.219100,-0.016553,-1.000000,-1.000000,2.000000,0.000000,1.610401,0.005275,0.007343,0.014274,0.046671
1777990935989.000000,-1.802776,-1.745457,0.830476,-0.020889,0.014730,0.005656,2.219100,2.219100,2.219100,-0.005276,-1.000000,-1.000000,2.000000,0.000000,1.602480,0.005656,0.031903,0.028027,0.067679
1777990936088.000000,-1.799381,-1.740054,0.840098,-0.042846,0.058699,-0.010110,2.219100,2.219100,2.219100,0.033307,-1.000000,-1.000000,2.000000,0.000000,1.591246,0.010110,0.033742,0.054920,0.097191
1777990936188.000000,-1.791762,-1.731114,0.852214,-0.032701,0.036151,0.006770,2.219100,2.219100,2.219100,-0.031744,-1.000000,-1.000000,2.000000,0.000000,1.574430,0.006770,0.076786,0.088880,0.121162
1777990936300.000000,-1.787075,-1.726057,0.857769,-0.023222,0.064417,-0.009993,2.219100,2.219100,2.219100,0.032064,-1.000000,-1.000000,2.000000,0.000000,1.565675,0.009993,0.041397,0.045572,0.049596
1777990936388.000000,-1.765931,-1.701657,0.883903,-0.002583,0.065264,-0.006614,2.219100,2.219100,2.219100,0.000430,-1.000000,-1.000000,2.000000,0.000000,1.524679,0.006614,0.238431,0.278859,0.296976
1777990936488.000000,-1.748878,-1.682042,0.902548,-0.012622,0.061903,-0.005392,2.219100,2.219100,2.219100,0.004007,-1.000000,-1.000000,2.000000,0.000000,1.493452,0.005392,0.169476,0.197062,0.186453
1777990936588.000000,-1.728331,-1.659264,0.922544,-0.006533,0.046216,-0.008312,2.219100,2.219100,2.219100,0.013424,-1.000000,-1.000000,2.000000,0.000000,1.458084,0.008312,0.203567,0.229478,0.199958
1777990936688.000000,-1.706862,-1.634457,0.943985,-0.016119,0.053457,-0.008109,2.219100,2.219100,2.219100,0.009011,-1.000000,-1.000000,2.000000,0.000000,1.420337,0.008109,0.212667,0.249802,0.214417
1777990936788.000000,-1.682215,-1.606850,0.964563,-0.032733,0.052651,-0.009275,2.219100,2.219100,2.219100,0.012796,-1.000000,-1.000000,2.000000,0.000000,1.380513,0.009275,0.243901,0.278343,0.205772
1777990936888.000000,-1.655266,-1.577393,0.984700,-0.008344,0.033227,-0.004245,2.219100,2.219100,2.219100,-0.000484,-1.000000,-1.000000,2.000000,0.000000,1.339250,0.004245,0.268242,0.295716,0.201372
1777990936993.000000,-1.637592,-1.557068,0.997681,-0.013286,0.029886,-0.005655,2.219100,2.219100,2.219100,0.011064,-1.000000,-1.000000,2.000000,0.000000,1.312056,0.005655,0.167226,0.194518,0.123632
1777990937089.000000,-1.597139,-1.512140,1.025764,0.008316,0.042279,-0.005155,2.219100,2.219100,2.219100,0.008149,-1.000000,-1.000000,2.000000,0.000000,1.252198,0.005155,0.418963,0.470164,0.292527
1777990937192.000000,-1.563899,-1.475927,1.047560,-0.002513,0.037093,-0.011424,2.219100,2.219100,2.219100,0.024299,-1.000000,-1.000000,2.000000,0.000000,1.204836,0.011424,0.318682,0.355255,0.211619
1777990937292.000000,-1.531163,-1.440045,1.067359,-0.003401,0.046205,-0.008513,2.219100,2.219100,2.219100,0.008611,-1.000000,-1.000000,2.000000,0.000000,1.159997,0.008513,0.324295,0.361585,0.197986
1777990937392.000000,-1.497298,-1.403379,1.087286,-0.004155,0.052996,-0.007412,2.219100,2.219100,2.219100,0.011178,-1.000000,-1.000000,2.000000,0.000000,1.114929,0.007412,0.335924,0.369168,0.199269
1777990937491.000000,-1.471943,-1.376531,1.101620,-0.007880,0.047530,-0.010535,2.219100,2.219100,2.219100,0.021097,-1.000000,-1.000000,2.000000,0.000000,1.082402,0.010535,0.253236,0.273874,0.144787
1777990937608.000000,-1.435421,-1.338121,1.120623,-0.005627,0.055164,-0.006291,2.219100,2.219100,2.219100,0.007754,-1.000000,-1.000000,2.000000,0.000000,1.037893,0.006291,0.310082,0.330245,0.162423
1777990937694.000000,-1.395852,-1.297200,1.139473,-0.004556,0.039960,-0.011304,2.219100,2.219100,2.219100,0.027236,-1.000000,-1.000000,2.000000,0.000000,0.992740,0.011304,0.454702,0.480999,0.219184
1777990937796.000000,-1.356863,-1.256799,1.156940,-0.009025,0.037275,-0.010585,2.219100,2.219100,2.219100,0.017290,-1.000000,-1.000000,2.000000,0.000000,0.950814,0.010585,0.378036,0.400113,0.171239
1777990937903.000000,-1.315140,-1.213844,1.174428,-0.007627,0.044475,-0.008284,2.219100,2.219100,2.219100,0.013936,-1.000000,-1.000000,2.000000,0.000000,0.909182,0.008284,0.386587,0.404659,0.163446
1777990938001.000000,-1.272372,-1.170555,1.191727,-0.009728,0.020499,-0.012263,2.219100,2.159372,2.219100,0.027711,-1.000000,-1.000000,2.000000,0.000000,0.869817,0.012263,0.430962,0.447043,0.176517
1777990938102.000000,-1.230819,-1.128589,1.208578,0.005522,0.033898,-0.009187,2.219100,2.048533,2.219100,0.014919,-1.000000,-1.000000,2.000000,0.000000,0.834363,0.009187,0.407579,0.419270,0.166844
1777990938206.000000,-1.187456,-1.084597,1.225320,-0.008187,0.037976,-0.006140,2.219100,1.538590,2.219100,0.013236,-1.000000,-1.000000,2.000000,0.000000,0.801515,0.006140,0.414347,0.425549,0.160980
1777990938310.000000,-1.143397,-1.039890,1.241424,-0.006238,0.029454,-0.008821,2.084558,1.076412,2.219100,0.024675,-1.000000,-1.000000,2.000000,0.000000,0.773040,0.008821,0.419834,0.433601,0.154847
1777990938419.000000,-1.100245,-0.995985,1.257607,-0.004499,0.036807,-0.007866,1.880669,0.812676,2.219100,0.019199,-1.000000,-1.000000,2.000000,0.000000,0.749141,0.007866,0.392717,0.405899,0.148468
1777990938515.000000,-1.044609,-0.938630,1.279238,-0.007098,0.031846,-0.007564,0.131535,-1.107364,2.219100,0.020417,-1.000000,-1.000000,2.000000,0.000000,0.724745,0.007564,0.575002,0.601810,0.225317
1777990938615.000000,-1.010990,-0.904359,1.293009,-0.006516,0.030034,-0.009913,1.745548,0.545144,2.219100,0.027200,-1.000000,-1.000000,2.000000,0.000000,0.713516,0.009913,0.332779,0.346034,0.137710
1777990938719.000000,-0.965500,-0.858881,1.311703,0.028104,0.021420,-0.007716,0.100958,-1.162222,2.219100,0.019136,-1.000000,-1.000000,2.000000,0.000000,0.703461,0.007716,0.434012,0.440642,0.179750
1777990938792.000000,-0.922605,-0.817041,1.330352,0.038654,0.010936,-0.009892,-1.187477,-2.219100,2.219100,0.029375,-1.000000,-1.000000,2.000000,0.000000,0.698493,0.009892,0.581909,0.578937,0.255465
1777990938892.000000,-0.880875,-0.779160,1.349364,0.048707,0.012931,-0.009838,-0.170184,-1.251772,2.219100,0.025355,-1.000000,-1.000000,2.000000,0.000000,0.697344,0.009838,0.413554,0.382902,0.190127
1777990938992.000000,-0.842261,-0.746897,1.367732,0.081594,-0.023692,-0.007792,-0.837143,-1.768645,2.219100,0.021262,-1.000000,-1.000000,2.000000,0.000000,0.699075,0.007792,0.383612,0.325626,0.183679
1777990939092.000000,-0.808163,-0.721860,1.386249,0.097568,-0.048838,-0.005643,-1.050127,-1.811558,2.219100,0.019877,-1.000000,-1.000000,2.000000,0.000000,0.700609,0.005643,0.339559,0.252294,0.185169
1777990939196.000000,-0.780071,-0.704676,1.404930,0.104872,-0.059034,-0.003820,-1.102085,-1.751239,2.219100,0.019394,-1.000000,-1.000000,2.000000,0.000000,0.699781,0.003820,0.269489,0.166259,0.179626
1777990939296.000000,-0.761493,-0.696981,1.422673,0.104788,-0.064298,-0.001215,-1.026621,-1.584452,2.219100,0.016133,-1.000000,-1.000000,2.000000,0.000000,0.694271,0.001215,0.185686,0.077170,0.177431
1777990939394.000000,-0.751955,-0.697592,1.439730,0.103560,-0.065323,-0.000535,-0.859391,-1.382507,2.219100,0.018639,-1.000000,-1.000000,2.000000,0.000000,0.683286,0.000535,0.097329,-0.006180,0.174049
1777990939496.000000,-0.750143,-0.706306,1.458005,0.095289,-0.061306,-0.003873,-0.687083,-1.134506,2.219100,0.027762,-1.000000,-1.000000,2.000000,0.000000,0.665164,0.003873,0.018091,-0.085357,0.179165
1777990939598.000000,-0.755757,-0.722081,1.475663,0.093496,-0.048856,-0.001024,-0.472981,-0.832391,2.219100,0.016125,-1.000000,-1.000000,2.000000,0.000000,0.641734,0.001024,-0.054880,-0.154718,0.173124
1777990939697.000000,-0.767847,-0.743931,1.493024,0.085974,-0.046959,-0.004480,-0.183515,-0.469721,2.219100,0.029007,-1.000000,-1.000000,2.000000,0.000000,0.613589,0.004480,-0.121127,-0.221248,0.175359
1777990939796.000000,-0.785555,-0.770902,1.510509,0.075872,-0.044704,-0.007835,0.105371,-0.122995,2.219100,0.032065,-1.000000,-1.000000,2.000000,0.000000,0.581442,0.007835,-0.176730,-0.273830,0.176613
1777990939897.000000,-0.807433,-0.802000,1.528395,0.069074,-0.023816,-0.007512,0.342721,0.209921,2.219100,0.026602,-1.000000,-1.000000,2.000000,0.000000,0.546533,0.007512,-0.214292,-0.309515,0.177090
1777990939996.000000,-0.830870,-0.835247,1.546360,0.043951,0.006781,-0.007991,0.544535,0.570397,2.219100,0.028860,-1.000000,-1.000000,2.000000,0.000000,0.511408,0.007991,-0.234049,-0.337715,0.181467
1777990940097.000000,-0.852592,-0.867990,1.564772,0.009266,0.055971,-0.008887,0.514775,0.704298,2.219100,0.030896,-1.000000,-1.000000,2.000000,0.000000,0.478100,0.008887,-0.212182,-0.326086,0.182294
1777990940207.000000,-0.870203,-0.897081,1.582354,-0.034057,0.075638,-0.006188,0.345360,0.610062,2.219100,0.024101,-1.000000,-1.000000,2.000000,0.000000,0.449297,0.006188,-0.158457,-0.265448,0.159836
1777990940297.000000,-0.881417,-0.919663,1.599118,-0.056736,0.082622,-0.006960,0.288577,0.836768,2.219100,0.030385,-1.000000,-1.000000,2.000000,0.000000,0.425702,0.006960,-0.122853,-0.251773,0.186272
1777990940396.000000,-0.885065,-0.934211,1.615211,-0.054710,0.085906,-0.005332,-0.184997,0.332430,2.219100,0.025616,-1.000000,-1.000000,2.000000,0.000000,0.406941,0.005332,-0.036064,-0.147147,0.162551
1777990940496.000000,-0.881948,-0.940202,1.631226,-0.049148,0.066031,-0.008063,-0.495007,0.048825,2.219100,0.035233,-1.000000,-1.000000,2.000000,0.000000,0.391798,0.008063,0.031651,-0.059658,0.160156
1777990940596.000000,-0.874161,-0.938777,1.646957,-0.037798,0.020649,-0.007507,-0.767686,-0.263686,2.219100,0.030241,-1.000000,-1.000000,2.000000,0.000000,0.379767,0.007507,0.077758,0.014836,0.157309
1777990940696.000000,-0.865688,-0.932118,1.662424,-0.007893,-0.030453,-0.006124,-0.851206,-0.521726,2.219100,0.028354,-1.000000,-1.000000,2.000000,0.000000,0.369602,0.006124,0.084321,0.067107,0.154664
1777990940797.000000,-0.859856,-0.923385,1.677828,0.033289,-0.051567,-0.006639,-0.787426,-0.653306,2.219100,0.032252,-1.000000,-1.000000,2.000000,0.000000,0.359590,0.006639,0.057171,0.086847,0.152515
1777990940897.000000,-0.859017,-0.915597,1.693102,0.064662,-0.055192,-0.004759,-0.612233,-0.667552,2.219100,0.027420,-1.000000,-1.000000,2.000000,0.000000,0.348118,0.004759,0.008018,0.077921,0.152745
1777990941001.000000,-0.864278,-0.911353,1.708969,0.085865,-0.058432,-0.003664,-0.369448,-0.540855,2.219100,0.028170,-1.000000,-1.000000,2.000000,0.000000,0.333133,0.003664,-0.050738,0.040622,0.152567
1777990941100.000000,-0.875137,-0.912712,1.724631,0.092245,-0.053193,-0.004171,-0.070725,-0.303056,2.219100,0.031340,-1.000000,-1.000000,2.000000,0.000000,0.314703,0.004171,-0.109624,-0.014186,0.158202
1777990941199.000000,-0.889275,-0.918930,1.738748,0.085955,-0.046465,-0.004547,0.096319,-0.090856,2.219100,0.031781,-1.000000,-1.000000,2.000000,0.000000,0.295102,0.004547,-0.142523,-0.063451,0.142594
1777990941301.000000,-0.911241,-0.933700,1.757081,0.090042,-0.017788,-0.006184,0.650080,0.429047,2.219100,0.035472,-1.000000,-1.000000,2.000000,0.000000,0.266989,0.006184,-0.214456,-0.146140,0.179737
1777990941400.000000,-0.932591,-0.951531,1.774461,0.062589,0.015124,-0.009059,0.674397,0.630146,2.219100,0.040447,-1.000000,-1.000000,2.000000,0.000000,0.240336,0.009059,-0.214013,-0.182050,0.175550
1777990941502.000000,-0.951190,-0.969450,1.792504,0.012969,0.049807,-0.010044,0.629746,0.687975,2.219100,0.038984,-1.000000,-1.000000,2.000000,0.000000,0.215338,0.010044,-0.180574,-0.177503,0.176895
1777990941600.000000,-0.966540,-0.986634,1.811888,-0.031288,0.079154,-0.006726,0.680838,0.859814,2.219100,0.030111,-1.000000,-1.000000,2.000000,0.000000,0.191531,0.006726,-0.155451,-0.176398,0.197797
1777990941700.000000,-0.974921,-0.997691,1.830373,-0.044330,0.075226,-0.009819,0.354665,0.563021,2.219100,0.043440,-1.000000,-1.000000,2.000000,0.000000,0.171487,0.009819,-0.082719,-0.111384,0.184847
1777990941800.000000,-0.975798,-1.001612,1.849007,-0.043406,0.084654,-0.008211,0.048383,0.296845,2.219100,0.035472,-1.000000,-1.000000,2.000000,0.000000,0.152929,0.008211,-0.008442,-0.039285,0.186345
1777990941900.000000,-0.969190,-0.998001,1.867119,-0.043299,0.083553,-0.007291,-0.331579,-0.056689,2.219100,0.036413,-1.000000,-1.000000,2.000000,0.000000,0.136421,0.007291,0.065810,0.036590,0.181119
1777990942000.000000,-0.957024,-0.987703,1.883960,-0.032908,0.050068,-0.007820,-0.651971,-0.420474,2.219100,0.039712,-1.000000,-1.000000,2.000000,0.000000,0.124352,0.007820,0.120851,0.103929,0.168405
1777990942099.000000,-0.945943,-0.976700,1.896114,-0.009219,0.011446,-0.010039,-0.600534,-0.447043,2.219100,0.044902,-1.000000,-1.000000,2.000000,0.000000,0.119404,0.010039,0.110806,0.112267,0.122775
1777990942203.000000,-0.931124,-0.959878,1.912014,0.043717,-0.034829,-0.010818,-0.987693,-0.934205,2.219100,0.044059,-1.000000,-1.000000,2.000000,0.000000,0.118723,0.010818,0.140735,0.163273,0.152878
1777990942302.000000,-0.921117,-0.945573,1.925832,0.091121,-0.049540,-0.006184,-0.806043,-0.876604,2.219100,0.032434,-1.000000,-1.000000,2.000000,0.000000,0.121185,0.006184,0.100191,0.145126,0.139577
1777990942402.000000,-0.916363,-0.935567,1.939272,0.110874,-0.060283,-0.005623,-0.649004,-0.768453,2.219100,0.038898,-1.000000,-1.000000,2.000000,0.000000,0.121798,0.005623,0.046976,0.100326,0.134403
1777990942509.000000,-0.918191,-0.932455,1.952685,0.115153,-0.059814,-0.005345,-0.396265,-0.496755,2.219100,0.039606,-1.000000,-1.000000,2.000000,0.000000,0.116163,0.005345,-0.017240,0.028992,0.125351
1777990942610.000000,-0.927140,-0.937367,1.965850,0.106145,-0.058254,-0.004805,-0.030504,-0.137683,2.219100,0.039139,-1.000000,-1.000000,2.000000,0.000000,0.101969,0.004805,-0.088370,-0.049058,0.130354
1777990942716.000000,-0.941890,-0.949327,1.978318,0.112761,-0.062838,-0.006196,0.239988,0.181046,2.219100,0.043632,-1.000000,-1.000000,2.000000,0.000000,0.080091,0.006196,-0.138454,-0.113691,0.117617
1777990942816.000000,-0.963636,-0.969860,1.993008,0.094839,-0.036649,-0.008657,0.818891,0.822866,2.219100,0.048029,-1.000000,-1.000000,2.000000,0.000000,0.047745,0.008657,-0.215673,-0.207213,0.146906
1777990942914.000000,-0.984266,-0.991395,2.007584,0.057216,0.000554,-0.010533,0.796615,0.920292,2.219100,-0.860000,-1.000000,-1.000000,3.000000,-1.500000,0.992578,1.489467,-0.208182,-0.221946,0.148730
1777990943019.000000,-1.004142,-1.014250,2.024027,0.007089,0.051356,-0.007604,0.886171,1.109871,2.219100,-0.860000,-1.000000,-1.000000,3.000000,-1.500000,0.976086,1.492396,-0.187631,-0.219099,0.156603
1777990943124.000000,-1.019605,-1.034403,2.041744,-0.031633,0.079880,-0.032401,0.799946,1.206897,2.219100,-0.860000,-1.000000,-1.000000,3.000000,-1.500000,0.959074,1.467599,-0.140975,-0.196599,0.168728
1777990943229.000000,-1.026634,-1.047396,2.058881,-0.050483,0.089846,-0.056313,0.469972,0.996824,2.219100,-0.860000,-1.000000,-1.000000,3.000000,-1.500000,0.942688,1.443687,-0.059872,-0.127316,0.163210
1777990943327.000000,-1.023135,-1.052717,2.081547,-0.048021,0.093886,-0.091737,-0.037017,0.749914,2.219100,-0.860000,-1.000000,-1.000000,3.000000,-1.500000,0.920255,1.408263,0.040527,-0.050804,0.231293
1777990943429.000000,-1.014568,-1.049505,2.094926,-0.041315,0.095101,-0.114939,-0.137951,0.343525,2.219100,-0.860000,-1.000000,-1.000000,3.000000,-1.500000,0.906544,1.385061,0.079820,0.040917,0.131159
1777990943532.000000,-0.997278,-1.038425,2.113153,-0.036594,0.066597,-0.145905,-0.664979,-0.125325,2.219100,-0.860000,-1.000000,-1.000000,3.000000,-1.500000,0.887683,1.354095,0.150444,0.130842,0.176969
1777990943604.000000,-0.976209,-1.020534,2.129957,-0.033472,0.037415,-0.171400,-1.390723,-1.310629,2.219100,-0.860000,-1.000000,-1.000000,3.000000,-1.500000,0.870610,1.328600,0.245951,0.294755,0.233383
1777990943704.000000,-0.953827,-0.998103,2.146120,-0.008842,-0.008902,-0.193216,-0.865849,-0.881857,2.219100,-0.860000,-1.000000,-1.000000,3.000000,-1.500000,0.855130,1.306784,0.176588,0.263111,0.161628
1777990943804.000000,-0.933712,-0.973532,2.160703,0.041384,-0.049823,-0.209659,-0.998501,-1.385219,2.219100,-0.860000,-1.000000,-1.000000,3.000000,-1.500000,0.842326,1.290341,0.145603,0.282191,0.145836
1777990943904.000000,-0.919099,-0.950709,2.174626,0.088709,-0.073088,-0.223932,-0.845208,-1.472825,2.219100,-0.860000,-1.000000,-1.000000,3.000000,-1.500000,0.830793,1.276068,0.091802,0.254979,0.139223
1777990944004.000000,-0.911912,-0.932950,2.188398,0.104820,-0.084040,-0.242076,-0.606072,-1.375052,2.219100,-0.860000,-1.000000,-1.000000,3.000000,-1.500000,0.819117,1.257924,0.027199,0.189639,0.137722
1777990944104.000000,-0.913046,-0.922203,2.202457,0.100798,-0.085143,-0.263461,-0.306685,-1.133990,2.219100,-0.860000,-1.000000,-1.000000,3.000000,-1.500000,0.806033,1.236539,-0.038930,0.100811,0.140588
1777990944206.000000,-0.922500,-0.919077,2.216781,0.098332,-0.088148,-0.286566,0.005688,-0.787642,2.219100,-0.860000,-1.000000,-1.000000,3.000000,-1.500000,0.791194,1.213434,-0.097577,0.003205,0.140431
1777990944305.000000,-0.940086,-0.923041,2.231577,0.095311,-0.088587,-0.309227,0.408505,-0.356819,2.219100,-0.860000,-1.000000,-1.000000,3.000000,-1.500000,0.774588,1.190773,-0.157023,-0.092202,0.149458
1777990944404.000000,-0.963914,-0.933759,2.247789,0.103249,-0.058783,-0.334014,0.695794,0.128559,2.219100,-0.860000,-1.000000,-1.000000,3.000000,-1.500000,0.755984,1.165986,-0.191893,-0.181190,0.163756
1777990944508.000000,-0.991805,-0.952470,2.266687,0.102085,0.012266,-0.359662,0.804002,0.682591,2.219100,-0.860000,-1.000000,-1.000000,3.000000,-1.500000,0.734897,1.140338,-0.187704,-0.262788,0.181715
1777990944608.000000,-1.016575,-0.975642,2.285439,0.072763,0.069561,-0.380679,0.701508,1.089498,2.219100,-0.860000,-1.000000,-1.000000,3.000000,-1.500000,0.715168,1.119321,-0.143865,-0.307169,0.187520
1777990944708.000000,-1.034757,-1.001307,2.304175,0.028521,0.097951,-0.396717,0.415605,1.308829,2.219100,-0.860000,-1.000000,-1.000000,3.000000,-1.500000,0.696693,1.103283,-0.068527,-0.306970,0.187363
1777990944808.000000,-1.043436,-1.026316,2.322306,-0.007400,0.105956,-0.417911,0.006709,1.334836,2.219100,-0.860000,-1.000000,-1.000000,3.000000,-1.500000,0.679595,1.082089,0.022177,-0.263792,0.181302
1777990944908.000000,-1.041844,-1.047639,2.339730,-0.017817,0.101455,-0.433615,-0.403737,1.175680,2.219100,-0.860000,-1.000000,-1.000000,3.000000,-1.500000,0.663308,1.066385,0.104029,-0.186802,0.174242
1777990945008.000000,-1.031622,-1.063104,2.356247,-0.030524,0.066687,-0.457644,-0.746519,0.902618,2.219100,-0.860000,-1.000000,-1.000000,3.000000,-1.500000,0.647611,1.042356,0.160039,-0.093576,0.165174
1777990945108.000000,-1.015705,-1.071282,2.371991,-0.050245,0.014204,-0.480366,-0.944399,0.557457,2.219100,-0.860000,-1.000000,-1.000000,3.000000,-1.500000,0.632237,1.019634,0.178941,0.001026,0.157433
1777990945208.000000,-0.997685,-1.071440,2.387624,-0.057941,-0.027531,-0.503843,-0.969417,0.183991,2.219100,-0.860000,-1.000000,-1.000000,3.000000,-1.500000,0.616533,0.996157,0.158571,0.085622,0.156333
1777990945308.000000,-0.980970,-1.063514,2.403891,-0.061342,-0.038804,-0.528450,-0.820204,-0.184820,2.219100,-0.860000,-1.000000,-1.000000,3.000000,-1.500000,0.599785,0.971550,0.104385,0.152723,0.162676
1777990945408.000000,-0.967606,-1.048148,2.419756,-0.045464,-0.050797,-0.552773,-0.561999,-0.543647,2.219100,-0.860000,-1.000000,-1.000000,3.000000,-1.500000,0.583139,0.947227,0.033061,0.200940,0.158646
1777990945508.000000,-0.959224,-1.028383,2.434347,-0.007720,-0.073535,-0.576979,-0.272452,-0.726265,2.219100,-0.860000,-1.000000,-1.000000,3.000000,-1.500000,0.567830,0.923021,-0.037568,0.211383,0.145913
1777990945608.000000,-0.957318,-1.007238,2.448915,0.034333,-0.089993,-0.600711,0.066237,-0.745129,2.219100,-0.860000,-1.000000,-1.000000,3.000000,-1.500000,0.552783,0.899289,-0.103789,0.185201,0.145678
1777990945708.000000,-0.962703,-0.988186,2.464115,0.058758,-0.096645,-0.629620,0.391166,-0.560246,2.219100,-0.860000,-1.000000,-1.000000,3.000000,-1.500000,0.537312,0.870380,-0.155713,0.122276,0.151995
1777990945808.000000,-0.975059,-0.974323,2.480617,0.084347,-0.072695,-0.654102,0.632009,-0.210265,2.219100,-0.860000,-1.000000,-1.000000,3.000000,-1.500000,0.520615,0.845898,-0.182407,0.034844,0.165024
1777990945908.000000,-0.991609,-0.967731,2.498326,0.105649,-0.028231,-0.681694,0.682212,0.181365,2.219100,-0.860000,-1.000000,-1.000000,3.000000,-1.500000,0.502781,0.818306,-0.170050,-0.053103,0.177091
1777990946014.000000,-1.001202,-0.967743,2.508235,0.109266,-0.006049,-0.701220,0.178999,0.067918,2.219100,-0.860000,-1.000000,-1.000000,3.000000,-1.500000,0.492823,0.798780,-0.069076,-0.058473,0.093481
1777990946108.000000,-1.022041,-0.978719,2.534141,0.088372,0.040866,-0.745269,0.591041,1.426880,2.219100,-0.860000,-1.000000,-1.000000,3.000000,-1.500000,0.466865,0.754731,-0.083735,-0.236155,0.275597
1777990946208.000000,-1.027700,-0.987179,2.544920,0.065109,0.041963,-0.764386,-0.084575,0.263099,2.219100,-0.860000,-1.000000,-1.000000,3.000000,-1.500000,0.456103,0.735614,0.017701,-0.100227,0.107786
1777990946309.000000,-1.030678,-1.012448,2.570839,0.038066,0.053326,-0.815031,-0.921916,1.373838,2.219100,-0.860000,-1.000000,-1.000000,3.000000,-1.500000,0.430436,0.684969,0.161857,-0.193048,0.256623
1777990946408.000000,-1.027450,-1.024840,2.582574,0.023712,0.053656,-0.836769,-0.428699,0.409136,2.219100,-0.860000,-1.000000,-1.000000,3.000000,-1.500000,0.419064,0.663231,0.114779,-0.059639,0.118539
1777990946509.000000,-1.016141,-1.044402,2.602788,-0.022275,0.024437,-0.875982,-1.448196,0.636531,2.219100,-0.860000,-1.000000,-1.000000,3.000000,-1.500000,0.400012,0.624018,0.220473,-0.037995,0.200139
1777990946611.000000,-0.996601,-1.059432,2.624907,-0.059863,0.000309,-0.923351,-1.579247,-0.009200,2.219100,-0.860000,-1.000000,-1.000000,3.000000,-1.500000,0.379788,0.576649,0.233079,0.063924,0.216848
1777990946711.000000,-0.983833,-1.062498,2.637185,-0.065538,-0.003876,-0.952529,-0.842365,-0.019509,2.219100,-0.860000,-1.000000,-1.000000,3.000000,-1.500000,0.368514,0.547471,0.098986,0.086282,0.122778
1777990946809.000000,-0.961923,-1.058897,2.657442,-0.049111,-0.032057,-0.998908,-1.217987,-0.974021,2.219100,-0.860000,-1.000000,-1.000000,3.000000,-1.500000,0.349664,0.501092,0.090107,0.207874,0.206708
1777990946910.000000,-0.949376,-1.051657,2.669735,-0.034613,-0.042875,-1.024815,-0.732837,-0.465040,2.219100,-0.860000,-1.000000,-1.000000,3.000000,-1.500000,0.338092,0.475185,0.003242,0.143397,0.121714
1777990947014.000000,-0.933088,-1.033936,2.688829,-0.006805,-0.081888,-1.062827,-0.402604,-1.351885,2.219100,-0.860000,-1.000000,-1.000000,3.000000,-1.500000,0.320088,0.437173,-0.072699,0.219719,0.183593
1777990947115.000000,-0.927934,-1.021515,2.699811,0.000459,-0.105331,-1.087629,-0.416369,-0.591015,2.219100,-0.860000,-1.000000,-1.000000,3.000000,-1.500000,0.309467,0.412371,-0.085203,0.102319,0.108737
1777990947217.000000,-0.928513,-1.003337,2.715120,0.009093,-0.124247,-1.114610,0.198286,-0.785490,2.219100,-0.860000,-1.000000,-1.000000,3.000000,-1.500000,0.293732,0.385390,-0.162488,0.073418,0.150083
1777990947320.000000,-0.938252,-0.985337,2.730752,0.010757,-0.120369,-1.141914,0.465276,-0.333535,2.219100,-0.860000,-1.000000,-1.000000,3.000000,-1.500000,0.276627,0.358086,-0.198253,-0.013321,0.151770
1777990947439.000000,-0.964007,-0.963999,2.753849,0.059279,-0.094893,-1.175566,1.015712,0.297568,2.219100,-0.860000,-1.000000,-1.000000,3.000000,-1.500000,0.251360,0.324434,-0.248816,-0.130700,0.194094
1777990947512.000000,-0.985757,-0.955456,2.769037,0.093481,-0.082057,-1.198050,0.881232,0.981883,2.219100,-0.860000,-1.000000,-1.000000,3.000000,-1.500000,0.235650,0.301950,-0.217493,-0.234866,0.208055
1777990947630.000000,-1.010500,-0.951870,2.785406,0.110403,-0.046343,-1.221588,0.438068,0.600359,2.219100,-0.860000,-1.000000,-1.000000,3.000000,-1.500000,0.220176,0.278412,-0.100303,-0.186637,0.138716
1777990947730.000000,-1.038221,-0.955974,2.805585,0.103219,0.020756,-1.252157,0.411940,1.557033,2.219100,-0.860000,-1.000000,-1.000000,3.000000,-1.500000,0.202969,0.247843,-0.047865,-0.276115,0.201792
1777990947830.000000,-1.059944,-0.967929,2.824592,0.088324,0.062930,-1.279222,-0.128099,1.429747,2.219100,-0.860000,-1.000000,-1.000000,3.000000,-1.500000,0.188121,0.220778,0.052062,-0.242423,0.190075
1777990947937.000000,-1.073342,-0.987495,2.843710,0.082509,0.077151,-1.312154,-0.623282,1.284628,2.219100,-0.860000,-1.000000,-1.000000,3.000000,-1.500000,0.173095,0.187846,0.144750,-0.167820,0.178674
1777990948038.000000,-1.076184,-1.012759,2.863494,0.043684,0.066929,-1.342689,-1.263813,1.054399,2.219100,-0.860000,-1.000000,-1.000000,3.000000,-1.500000,0.156846,0.157311,0.237296,-0.083975,0.195880
1777990948143.000000,-1.070230,-1.034061,2.879205,0.000379,0.049152,-1.370206,-1.142834,0.658388,2.219100,-0.860000,-1.000000,-1.000000,3.000000,-1.500000,0.143819,0.129794,0.210110,0.015145,0.149623
1777990948245.000000,-1.055848,-1.055483,2.896272,-0.035330,0.038702,-1.399341,-1.615444,0.237492,2.219100,-0.860000,-1.000000,-1.000000,3.000000,-1.500000,0.130218,0.100659,0.230996,0.103100,0.167330
1777990948312.000000,-1.036701,-1.069946,2.911730,-0.052209,0.035560,-1.425302,-1.959100,-0.828862,2.219100,-0.860000,-1.000000,-1.000000,3.000000,-1.500000,0.118452,0.074698,0.255012,0.251464,0.230714
1777990948413.000000,-1.012142,-1.078325,2.927264,-0.054910,0.022635,-1.453399,-1.145017,-0.448108,2.219100,-0.860000,-1.000000,-1.000000,3.000000,-1.500000,0.107577,0.046601,0.110868,0.231761,0.153802
1777990948516.000000,-0.984856,-1.080052,2.942346,-0.045128,-0.030292,-1.480816,-1.105968,-0.975819,2.219100,-0.860000,-1.000000,-1.000000,3.000000,-1.500000,0.099808,0.019184,0.040506,0.262341,0.146427
1777990948616.000000,-0.960894,-1.075726,2.956064,-0.037653,-0.089322,-1.506864,-0.834170,-1.062220,2.219100,-0.850478,-1.000000,-1.000000,3.000000,-1.500000,0.095885,0.006864,-0.027866,0.241888,0.137179
1777990948716.000000,-0.942678,-1.066199,2.970025,-0.040056,-0.114665,-1.529023,-0.549333,-0.989542,2.219100,-0.837069,-1.000000,-1.000000,3.000000,-1.500000,0.092556,0.029023,-0.087576,0.185986,0.139609
1777990948814.000000,-0.933097,-1.052566,2.983574,-0.038513,-0.118702,-1.552236,-0.247391,-0.723240,2.219100,-0.812602,-1.000000,-1.000000,3.000000,-1.500000,0.086655,0.052236,-0.137271,0.100328,0.138252
1777990948917.000000,-0.932071,-1.033232,2.998826,-0.035923,-0.108912,-1.574283,0.141707,-0.413117,2.213256,-0.793008,-1.000000,-1.000000,3.000000,-1.500000,0.075632,0.074283,-0.187748,0.009310,0.148078
1777990949016.000000,-0.939759,-1.011575,3.014122,-0.023011,-0.111622,-1.594064,0.435837,0.011326,2.181944,-0.772521,-1.000000,-1.000000,3.000000,-1.500000,0.062948,0.094064,-0.216886,-0.082728,0.154505
1777990949116.000000,-0.954949,-0.989423,3.030850,0.010490,-0.105604,-1.610581,0.589786,0.430485,2.145074,-0.756385,-1.000000,-1.000000,3.000000,-1.500000,0.055617,0.110581,-0.215309,-0.160591,0.167284
1777990949216.000000,-0.975465,-0.969916,3.049883,0.055244,-0.073186,-1.633378,0.593355,0.821777,2.100104,-0.718304,-1.000000,-1.000000,3.000000,-1.500000,0.063209,0.133378,-0.181854,-0.216955,0.190331
1777990949316.000000,-0.997861,-0.956162,3.070284,0.084952,-0.015561,-1.657961,0.412423,1.052906,2.052042,-0.683933,-1.000000,-1.000000,3.000000,-1.500000,0.082862,0.157961,-0.117522,-0.235088,0.204008
1777990949416.000000,-1.018280,-0.950555,3.091434,0.096616,0.023466,-1.688595,0.076208,1.087529,2.001421,-0.635760,-1.000000,-1.000000,3.000000,-1.500000,0.105542,0.188595,-0.031686,-0.209366,0.211502
1777990949515.000000,-1.033364,-0.953823,3.112629,0.093979,0.038764,-1.718096,-0.315292,0.924586,1.953018,-0.597101,-1.000000,-1.000000,3.000000,-1.500000,0.126218,0.218096,0.055015,-0.145871,0.214092
1777990949616.000000,-1.041319,-0.964247,3.133430,0.061730,0.041262,-1.748274,-0.608396,0.623962,1.915347,-0.553728,-1.000000,-1.000000,3.000000,-1.500000,0.144184,0.248274,0.115494,-0.059300,0.205950
1777990949716.000000,-1.041419,-0.978514,3.153513,0.013258,0.043316,-1.776546,-0.771084,0.269733,1.878505,-0.512443,-1.000000,-1.000000,3.000000,-1.500000,0.160447,0.276546,0.139864,0.028167,0.200825
1777990949816.000000,-1.033860,-0.993331,3.172835,-0.022032,0.049592,-1.806096,-0.770840,-0.122767,1.843518,-0.463311,-1.000000,-1.000000,3.000000,-1.500000,0.176247,0.306096,0.126463,0.108049,0.193226
1777990949915.000000,-1.019192,-1.005804,3.190993,-0.036118,0.041902,-1.835169,-0.622151,-0.538805,1.811102,-0.414807,-1.000000,-1.000000,3.000000,-1.500000,0.192042,0.335169,0.082895,0.175944,0.183411
1777990950015.000000,-0.999748,-1.013954,3.207627,-0.044911,0.000952,-1.859889,-0.375005,-0.813377,1.782803,-0.374462,-1.000000,-1.000000,3.000000,-1.500000,0.208095,0.359889,0.022688,0.209604,0.166336
1777990950120.000000,-0.977893,-1.016984,3.223497,-0.052717,-0.052501,-1.880688,-0.113181,-0.960408,1.755611,-0.334427,-1.000000,-1.000000,3.000000,-1.500000,0.225229,0.380688,-0.035992,0.207026,0.151150
1777990950216.000000,-0.959630,-1.014351,3.237303,-0.061970,-0.084029,-1.901418,0.181520,-0.928794,1.730944,-0.285090,-1.000000,-1.000000,3.000000,-1.500000,0.241140,0.401418,-0.087698,0.171032,0.143807
1777990950316.000000,-0.946012,-1.006824,3.251619,-0.044585,-0.100090,-1.914772,0.373197,-0.720588,1.704161,-0.254868,-1.000000,-1.000000,3.000000,-1.500000,0.257436,0.414772,-0.116782,0.102820,0.143162
1777990950421.000000,-0.939770,-0.995622,3.267042,-0.006404,-0.110821,-1.925175,0.480648,-0.408800,1.349091,-0.216924,-1.000000,-1.000000,3.000000,-1.500000,0.273785,0.425175,-0.120686,0.018730,0.146891
1777990950517.000000,-0.942056,-0.984874,3.281764,0.027147,-0.118629,-1.936878,0.431023,-0.027879,0.904348,-0.171128,-1.000000,-1.000000,3.000000,-1.500000,0.288057,0.436878,-0.096017,-0.062308,0.153347
1777990950620.000000,-0.953094,-0.975684,3.298524,0.050330,-0.125547,-1.940833,0.237210,0.339030,0.397704,-0.145275,-1.000000,-1.000000,3.000000,-1.500000,0.303164,0.440833,-0.044425,-0.132174,0.162723
1777990950720.000000,-0.970520,-0.971522,3.316241,0.058580,-0.089724,-1.949057,-0.091349,0.645030,-0.131328,-0.096546,-1.000000,-1.000000,3.000000,-1.500000,0.318886,0.449057,0.025678,-0.177317,0.177166
1777990950820.000000,-0.991502,-0.972875,3.335493,0.064027,-0.031113,-1.952493,-0.416125,0.814174,-0.695845,-0.065639,-1.000000,-1.000000,3.000000,-1.500000,0.336695,0.452493,0.090713,-0.189676,0.192520
1777990950920.000000,-1.011694,-0.978901,3.351774,0.049198,0.015115,-1.954024,-0.648182,0.806995,-1.210137,-0.031572,-1.000000,-1.000000,3.000000,-1.500000,0.352600,0.454024,0.131389,-0.164743,0.162812
1777990951019.000000,-1.027405,-0.987316,3.361181,0.012304,0.042392,-1.955349,-0.737424,0.684039,-1.636430,0.004765,-1.000000,-1.000000,3.000000,-1.500000,0.362441,0.455349,0.138325,-0.115218,0.095023
1777990951120.000000,-1.036106,-0.996564,3.363203,-0.010341,0.050178,-1.953132,-0.712855,0.429334,-2.000408,0.033656,-1.000000,-1.000000,3.000000,-1.500000,0.365009,0.453132,0.117092,-0.045767,0.020015
1777990951219.000000,-1.036800,-1.004532,3.359688,-0.018380,0.053056,-1.954333,-0.596735,0.142007,-2.219100,0.075458,-1.000000,-1.000000,3.000000,-1.500000,0.361594,0.454333,0.077268,0.023612,-0.035503
1777990951320.000000,-1.029274,-1.009770,3.351412,-0.026002,0.054896,-1.955343,-0.361400,-0.183141,-2.219100,0.112237,-1.000000,-1.000000,3.000000,-1.500000,0.352764,0.455343,0.020117,0.088532,-0.081945
1777990951431.000000,-1.020142,-1.011641,3.342956,-0.030334,0.042447,-1.954712,-0.267929,-0.086787,-2.219100,0.149156,-1.000000,-1.000000,3.000000,-1.500000,0.343744,0.454712,-0.015186,0.082598,-0.076173
1777990951522.000000,-1.001668,-1.010539,3.326599,-0.047140,0.008579,-1.951425,0.200138,-0.925836,-2.219100,0.174283,-1.000000,-1.000000,3.000000,-1.500000,0.326774,0.451425,-0.086668,0.183977,-0.179748
1777990951626.000000,-0.979235,-1.004186,3.306526,-0.058884,-0.022344,-1.947734,0.477017,-0.840439,-2.219100,0.208297,-1.000000,-1.000000,3.000000,-1.500000,0.307257,0.447734,-0.136192,0.178073,-0.193016
1777990951723.000000,-0.960277,-0.995084,3.287212,-0.029368,-0.061247,-1.941231,0.675964,-0.830379,-2.219100,0.232109,-1.000000,-1.000000,3.000000,-1.500000,0.289987,0.441231,-0.158221,0.148222,-0.199115
1777990951826.000000,-0.944306,-0.983373,3.264875,0.013813,-0.103226,-1.927615,0.826086,-0.776386,-2.219100,0.246114,-1.000000,-1.000000,3.000000,-1.500000,0.271177,0.427615,-0.160702,0.105573,-0.216858
1777990951929.000000,-0.936367,-0.973149,3.242724,0.043420,-0.128304,-1.911608,0.710688,-0.533901,-2.219100,0.263533,-1.000000,-1.000000,3.000000,-1.500000,0.252359,0.411608,-0.119309,0.039466,-0.215055
1777990952030.000000,-0.938249,-0.966073,3.219816,0.058251,-0.136810,-1.890730,0.509156,-0.171535,-2.219100,0.270449,-1.000000,-1.000000,3.000000,-1.500000,0.230832,0.390730,-0.060650,-0.039716,-0.226812
1777990952139.000000,-0.950904,-0.964230,3.197757,0.057851,-0.132540,-1.870604,0.158386,0.217126,-2.219100,0.290184,-1.000000,-1.000000,3.000000,-1.500000,0.206876,0.370604,0.018139,-0.115922,-0.202381
1777990952238.000000,-0.972181,-0.967720,3.178122,0.066522,-0.117891,-1.846274,-0.227255,0.749363,-2.219100,0.288790,-1.000000,-1.000000,3.000000,-1.500000,0.183149,0.346274,0.092385,-0.197226,-0.198330
1777990952337.000000,-1.000051,-0.976737,3.159059,0.057468,-0.071302,-1.824553,-0.625511,1.139933,-2.219100,0.301429,-1.000000,-1.000000,3.000000,-1.500000,0.160751,0.324553,0.158832,-0.249634,-0.192561
1777990952438.000000,-1.028274,-0.989005,3.141275,0.035409,-0.022760,-1.801500,-0.801609,1.251419,-2.219100,0.306190,-1.000000,-1.000000,3.000000,-1.500000,0.144496,0.301500,0.182145,-0.244261,-0.176072
1777990952545.000000,-1.054651,-1.003416,3.122929,-0.001812,0.026613,-1.778296,-0.950694,1.339172,-2.219100,0.313474,-1.000000,-1.000000,3.000000,-1.500000,0.134573,0.278296,0.182573,-0.213480,-0.171462
1777990952645.000000,-1.073633,-1.016344,3.105319,-0.027557,0.047314,-1.757058,-0.992750,1.293098,-2.219100,0.317986,-1.000000,-1.000000,3.000000,-1.500000,0.129542,0.257058,0.162195,-0.162589,-0.176096
1777990952749.000000,-1.084816,-1.026635,3.087342,-0.036555,0.050576,-1.735672,-0.881193,1.106193,-2.219100,0.321793,-1.000000,-1.000000,3.000000,-1.500000,0.124627,0.235672,0.115267,-0.089833,-0.172858
1777990952820.000000,-1.086528,-1.032260,3.070142,-0.036642,0.050390,-1.714992,-0.803463,0.758482,-2.219100,0.304368,-1.000000,-1.000000,3.000000,-1.500000,0.115964,0.214992,0.081859,-0.012475,-0.242255
1777990952953.000000,-1.079619,-1.033270,3.052505,-0.039318,0.047697,-1.693782,-0.470813,0.609328,-2.219100,0.328906,-1.000000,-1.000000,3.000000,-1.500000,0.101009,0.193782,0.001163,0.052484,-0.132612
1777990953024.000000,-1.064714,-1.029349,3.035164,-0.038510,0.045684,-1.670962,0.004517,-0.481406,-2.219100,0.295395,-1.000000,-1.000000,3.000000,-1.500000,0.079283,0.170962,-0.075931,0.203362,-0.244236
1777990953125.000000,-1.042538,-1.020928,3.016849,-0.037940,0.041813,-1.648625,0.008805,-0.256134,-2.219100,0.305611,-1.000000,-1.000000,3.000000,-1.500000,0.050312,0.148625,-0.100195,0.212419,-0.181341
1777990953225.000000,-1.016567,-1.008794,2.996910,-0.022487,-0.004809,-1.628740,0.317195,-0.728432,-2.196059,0.303831,-1.000000,-1.000000,3.000000,-1.500000,0.019009,0.128740,-0.136181,0.252242,-0.199389
1777990953322.000000,-0.991332,-0.995148,2.976153,0.007166,-0.065763,-1.607463,-2.219100,2.219100,-2.152117,0.292327,-0.200000,-0.200000,3.000000,-1.500000,1.122067,0.107463,-0.150125,0.254823,-0.213988
1777990953422.000000,-0.968156,-0.980928,2.953806,0.039378,-0.092001,-1.582864,-2.219100,2.219100,-2.103652,0.275593,-0.200000,-0.200000,3.000000,-1.500000,1.096378,0.082864,-0.144989,0.230031,-0.223466
1777990953525.000000,-0.947794,-0.965555,2.930501,0.009392,-0.041450,-1.560840,-2.219100,2.219100,-1.946375,0.268475,-0.200000,-0.200000,3.000000,-1.500000,1.072427,0.060840,-0.147271,0.199163,-0.226261
1777990953628.000000,-0.930509,-0.949499,2.908617,-0.026397,0.006635,-1.542213,-2.219100,2.219100,-1.630401,0.262613,-0.200000,-0.200000,3.000000,-1.500000,1.050592,0.042213,-0.151021,0.172204,-0.212468
1777990953725.000000,-0.912546,-0.930331,2.887646,-0.039903,0.023152,-1.525109,-2.219100,2.219100,-1.284814,0.251958,-0.200000,-0.200000,3.000000,-1.500000,1.026513,0.025109,-0.188948,0.194018,-0.216202
1777990953824.000000,-0.892762,-0.907514,2.869009,-0.032978,0.021308,-1.507411,-2.219100,2.219100,-0.984505,0.238410,-0.200000,-0.200000,3.000000,-1.500000,0.998827,0.007411,-0.217350,0.214029,-0.188252
1777990953925.000000,-0.868375,-0.877589,2.850951,-0.029600,0.012542,-1.494011,-2.219100,2.219100,-0.646841,0.234747,-0.200000,-0.200000,3.000000,-1.500000,0.963362,0.005989,-0.276900,0.263478,-0.178786
1777990954025.000000,-0.842373,-0.844564,2.835706,-0.022659,0.010600,-1.483903,-2.219100,2.219100,-0.337899,0.230574,-0.200000,-0.200000,3.000000,-1.500000,0.924715,0.016097,-0.306439,0.287694,-0.152455
1777990954124.000000,-0.814062,-0.807798,2.822173,-0.023493,0.020940,-1.475345,-2.219100,2.219100,-0.021803,0.224295,-0.200000,-0.200000,3.000000,-1.500000,0.882107,0.024655,-0.342427,0.320070,-0.136698
1777990954225.000000,-0.783465,-0.767823,2.809388,-0.016388,0.018666,-1.466168,-2.219100,2.219100,0.308928,0.213774,-0.200000,-0.200000,3.000000,-1.500000,0.836174,0.033832,-0.361986,0.342614,-0.126579
1777990954332.000000,-0.748900,-0.723461,2.800272,-0.013806,0.019348,-1.459309,-2.219100,2.219100,0.600481,0.209200,-0.200000,-0.200000,3.000000,-1.500000,0.784343,0.040691,-0.376089,0.367160,-0.085200
1777990954424.000000,-0.715130,-0.680631,2.798358,-0.015276,0.013435,-1.456761,-2.219100,2.219100,0.773800,0.209785,-0.200000,-0.200000,3.000000,-1.500000,0.732819,0.043239,-0.420751,0.417658,-0.020799
1777990954524.000000,-0.678230,-0.634330,2.802903,-0.016477,0.009513,-1.452287,-2.219100,2.219100,0.901063,0.199870,-0.200000,-0.200000,3.000000,-1.500000,0.675421,0.047713,-0.416134,0.421155,0.045451
1777990954624.000000,-0.640025,-0.586479,2.813299,-0.017243,0.007135,-1.446933,-2.219100,2.219100,0.967957,0.190141,-0.200000,-0.200000,3.000000,-1.500000,0.614691,0.053067,-0.427639,0.438236,0.103959
1777990954728.000000,-0.599267,-0.535195,2.828561,-0.013777,0.007199,-1.440415,-2.219100,2.219100,0.993110,0.178753,-0.200000,-0.200000,3.000000,-1.500000,0.548781,0.059585,-0.437982,0.452694,0.146748
1777990954828.000000,-0.559701,-0.484613,2.846118,-0.006207,0.004884,-1.432610,-2.219100,2.219100,0.980156,0.164956,-0.200000,-0.200000,3.000000,-1.500000,0.483807,0.067390,-0.446494,0.461561,0.175571
1777990954928.000000,-0.519975,-0.433079,2.865280,-0.007881,0.001937,-1.430800,-2.219100,2.219100,0.941329,0.167481,-0.200000,-0.200000,3.000000,-1.500000,0.418162,0.069200,-0.454862,0.465278,0.191617
1777990955039.000000,-0.478647,-0.378137,2.886675,-0.011195,0.004498,-1.430803,-1.982369,2.219100,0.884551,0.164255,-0.200000,-0.200000,3.000000,-1.500000,0.349599,0.069197,-0.438181,0.437750,0.192749
1777990955128.000000,-0.440506,-0.326467,2.907573,-0.012375,0.005117,-1.431383,-1.021235,2.219100,0.745853,0.160900,-0.200000,-0.200000,3.000000,-1.500000,0.287019,0.068617,-0.515370,0.505076,0.234807
1777990955228.000000,-0.400664,-0.271834,2.930518,-0.014095,0.005660,-1.435540,-0.929227,2.219100,0.621695,0.164527,-0.200000,-0.200000,3.000000,-1.500000,0.224174,0.064460,-0.487625,0.468448,0.229449
1777990955328.000000,-0.360954,-0.216431,2.953514,-0.012152,0.006864,-1.439271,-0.311057,2.035324,0.461957,0.161962,-0.200000,-0.200000,3.000000,-1.500000,0.168336,0.060729,-0.497161,0.466332,0.229968
1777990955428.000000,-0.320954,-0.160337,2.975924,-0.016378,0.011039,-1.439638,0.249982,1.586220,0.289958,0.152207,-0.200000,-0.200000,3.000000,-1.500000,0.129548,0.060362,-0.503813,0.469917,0.224094
1777990955528.000000,-0.280382,-0.103971,2.998121,-0.012160,0.014578,-1.441480,0.824132,1.113648,0.092256,0.151328,-0.200000,-0.200000,3.000000,-1.500000,0.125245,0.058520,-0.506631,0.475029,0.221976
1777990955628.000000,-0.238452,-0.049645,3.019696,0.037804,0.023504,-1.445393,1.273260,0.592772,-0.123126,0.153299,-0.200000,-0.200000,3.000000,-1.500000,0.156439,0.054607,-0.486553,0.483949,0.215743
1777990955731.000000,-0.205558,-0.011196,3.034473,0.080309,0.029770,-1.448976,0.788595,0.988421,-0.238184,0.151248,-0.200000,-0.200000,3.000000,-1.500000,0.192006,0.051024,-0.331714,0.362361,0.143472
1777990955831.000000,-0.149370,0.042475,3.053230,0.118509,0.028674,-1.451398,2.219100,-1.566338,-0.524114,0.147635,-0.200000,-0.200000,3.000000,-1.500000,0.253359,0.048602,-0.465954,0.621810,0.187566
1777990955929.000000,-0.102067,0.075173,3.062418,0.123613,0.022534,-1.451622,1.403917,-0.923308,-0.600294,0.140628,-0.200000,-0.200000,3.000000,-1.500000,0.298675,0.048378,-0.273901,0.518928,0.093757
1777990956028.000000,-0.055660,0.097699,3.064433,0.125759,-0.027901,-1.450083,1.470308,-1.591126,-0.647270,0.132734,-0.200000,-0.200000,3.000000,-1.500000,0.337062,0.049917,-0.169438,0.492746,0.020352
1777990956140.000000,-0.017711,0.109067,3.061113,0.136444,-0.081012,-1.448468,1.248294,-1.286714,-0.673205,0.127098,-0.200000,-0.200000,3.000000,-1.500000,0.363987,0.051532,-0.059394,0.348678,-0.029644
1777990956228.000000,0.022911,0.112624,3.052210,0.140579,-0.112483,-1.447618,1.062765,-2.219100,-0.592529,0.123543,-0.200000,-0.200000,3.000000,-1.500000,0.387491,0.052382,0.016605,0.463089,-0.101167
1777990956346.000000,0.043662,0.108053,3.043700,0.139627,-0.122708,-1.449344,1.078069,-1.149692,-0.611498,0.123968,-0.200000,-0.200000,3.000000,-1.500000,0.395193,0.050656,0.059757,0.169866,-0.072121
1777990956436.000000,0.062222,0.093153,3.029671,0.135539,-0.122972,-1.449287,0.246101,-2.087204,-0.439224,0.117925,-0.200000,-0.200000,3.000000,-1.500000,0.394436,0.050713,0.189330,0.184632,-0.155876
1777990956534.000000,0.069359,0.069965,3.014361,0.128919,-0.121150,-1.450994,0.092487,-1.331858,-0.327678,0.118287,-0.200000,-0.200000,3.000000,-1.500000,0.381630,0.049006,0.243627,0.044027,-0.156225
1777990956639.000000,0.066464,0.037636,2.997710,0.119675,-0.117164,-1.453036,-0.366274,-1.055028,-0.174786,0.116296,-0.200000,-0.200000,3.000000,-1.500000,0.357042,0.046964,0.302524,-0.063553,-0.158580
1777990956745.000000,0.054722,0.000191,2.981247,0.099542,-0.111056,-1.456289,-0.733375,-0.714159,-0.005975,0.116923,-0.200000,-0.200000,3.000000,-1.500000,0.324517,0.043711,0.338276,-0.150415,-0.155316
1777990956844.000000,0.034215,-0.041640,2.965338,0.045054,-0.113605,-1.462377,-1.353928,-0.110683,0.186002,0.123538,-0.200000,-0.200000,3.000000,-1.500000,0.284844,0.037623,0.397646,-0.251638,-0.160690
1777990956947.000000,0.005515,-0.082271,2.952928,-0.010046,-0.113788,-1.467944,-1.333825,0.304922,0.324293,0.124087,-0.200000,-0.200000,3.000000,-1.500000,0.241480,0.032056,0.363777,-0.317672,-0.120486
1777990957048.000000,-0.028293,-0.116381,2.945652,-0.038129,-0.087410,-1.472796,-1.301573,0.758790,0.422229,0.124745,-0.200000,-0.200000,3.000000,-1.500000,0.198567,0.027204,0.303357,-0.366175,-0.072041
1777990957152.000000,-0.067290,-0.143894,2.943709,-0.046653,-0.038679,-1.472445,-1.181027,1.206961,0.474310,0.114151,-0.200000,-0.200000,3.000000,-1.500000,0.154688,0.027555,0.226452,-0.399137,-0.018679
1777990957260.000000,-0.101956,-0.161004,2.948193,-0.050825,0.016700,-1.472017,-0.856251,1.060177,0.460422,0.111338,-0.200000,-0.200000,3.000000,-1.500000,0.117546,0.027983,0.125997,-0.335042,0.041518
1777990957354.000000,-0.138506,-0.171040,2.960076,-0.053303,0.048909,-1.473205,-0.747630,1.940676,0.332611,0.112874,-0.200000,-0.200000,3.000000,-1.500000,0.078830,0.026795,0.068370,-0.397380,0.126407
1777990957460.000000,-0.158894,-0.170800,2.972955,-0.052885,0.051258,-1.473874,-0.302034,0.710105,0.268175,0.110214,-0.200000,-0.200000,3.000000,-1.500000,0.057217,0.026126,-0.020861,-0.191217,0.121503
1777990957562.000000,-0.173145,-0.162715,2.989578,-0.054483,0.048403,-1.477531,0.064563,0.896075,0.095005,0.115874,-0.200000,-0.200000,3.000000,-1.500000,0.047117,0.022469,-0.091941,-0.131729,0.162965
1777990957633.000000,-0.179406,-0.147410,3.007770,-0.051152,0.043104,-1.482144,1.022409,0.616570,-2.219100,-0.860000,-0.200000,-0.200000,1.000000,-3.100000,2.008564,1.617856,-0.222523,-0.068743,0.256229
1777990957736.000000,-0.178625,-0.127128,3.024689,-0.019486,0.049285,-1.489689,0.682509,0.208527,-2.219100,-0.860000,-0.200000,-0.200000,1.000000,-3.100000,2.026113,1.610311,-0.195647,0.023507,0.164265
1777990957833.000000,-0.171100,-0.105036,3.035991,0.038088,0.055754,-1.525229,1.190264,-0.072758,-2.219100,-0.860000,-0.200000,-0.200000,1.000000,-3.100000,2.038409,1.574771,-0.223978,0.087875,0.116512
1777990957932.000000,-0.157780,-0.085017,3.038848,0.085313,0.044281,-1.559530,1.238601,-0.362042,-2.219100,-0.860000,-0.200000,-0.200000,1.000000,-3.100000,2.042524,1.540470,-0.200689,0.136814,0.028859
1777990958033.000000,-0.140266,-0.070719,3.033953,0.109087,0.011009,-1.593152,1.164924,-0.628394,-2.219100,-0.860000,-0.200000,-0.200000,1.000000,-3.100000,2.038933,1.506848,-0.145403,0.170202,-0.048463
1777990958133.000000,-0.121583,-0.063839,3.023276,0.112250,-0.044258,-1.625509,1.027868,-0.816374,-2.219100,-0.860000,-0.200000,-0.200000,1.000000,-3.100000,2.029368,1.474491,-0.078910,0.182788,-0.106766
1777990958234.000000,-0.105492,-0.064900,3.008464,0.109584,-0.090437,-1.656999,0.789746,-0.810026,-2.219100,-0.860000,-0.200000,-0.200000,1.000000,-3.100000,2.015220,1.443001,-0.003252,0.159629,-0.146659
1777990958333.000000,-0.095130,-0.073729,2.990931,0.108270,-0.111748,-1.691086,0.467389,-0.693654,-2.219100,-0.860000,-0.200000,-0.200000,1.000000,-3.100000,1.997685,1.408914,0.075974,0.114610,-0.177102
1777990958432.000000,-0.092233,-0.089542,2.971658,0.107040,-0.114774,-1.724846,0.085686,-0.469444,-2.219100,-0.860000,-0.200000,-0.200000,1.000000,-3.100000,1.977688,1.375154,0.153342,0.053421,-0.194670
1777990958537.000000,-0.098234,-0.113029,2.950772,0.098409,-0.119879,-1.762109,-0.383544,-0.185492,-2.219100,-0.860000,-0.200000,-0.200000,1.000000,-3.100000,1.955360,1.337891,0.230480,-0.013578,-0.198916
1777990958633.000000,-0.111153,-0.139230,2.931277,0.072535,-0.115192,-1.791099,-0.869648,0.097079,-2.219100,-0.860000,-0.200000,-0.200000,1.000000,-3.100000,1.934275,1.308901,0.295736,-0.071676,-0.203075
1777990958736.000000,-0.131686,-0.169281,2.911230,0.018969,-0.091355,-1.826110,-1.249501,0.372433,-2.219100,-0.860000,-0.200000,-0.200000,1.000000,-3.100000,1.912697,1.273890,0.332640,-0.119206,-0.194633
1777990958839.000000,-0.154995,-0.196331,2.893547,-0.020193,-0.048861,-1.856152,-1.372342,0.553340,-2.219100,-0.860000,-0.200000,-0.200000,1.000000,-3.100000,1.894085,1.243848,0.315705,-0.143219,-0.171679
1777990958938.000000,-0.177823,-0.219142,2.876729,-0.028819,0.005538,-1.881192,-1.536680,0.673947,-2.219100,-0.860000,-0.200000,-0.200000,1.000000,-3.100000,1.876957,1.218808,0.289837,-0.149188,-0.169880
1777990959036.000000,-0.196593,-0.236241,2.860169,-0.024099,0.042647,-1.910758,-1.445769,0.598391,-2.219100,-0.860000,-0.200000,-0.200000,1.000000,-3.100000,1.860525,1.189242,0.228355,-0.122391,-0.168976
1777990959136.000000,-0.208568,-0.248041,2.844109,-0.014609,0.051253,-1.943112,-1.296159,0.376031,-2.219100,-0.860000,-0.200000,-0.200000,1.000000,-3.100000,1.844755,1.156888,0.153483,-0.068621,-0.160598
1777990959236.000000,-0.212649,-0.255361,2.828720,-0.017681,0.051287,-1.979429,-1.137991,0.105809,-2.219100,-0.860000,-0.200000,-0.200000,1.000000,-3.100000,1.829601,1.120571,0.083390,-0.008366,-0.153894
1777990959338.000000,-0.209076,-0.258842,2.814161,-0.022530,0.047883,-2.012919,-0.921442,-0.172126,-2.219100,-0.860000,-0.200000,-0.200000,1.000000,-3.100000,1.815138,1.087081,0.015854,0.046262,-0.142732
1777990959436.000000,-0.199034,-0.258331,2.799895,-0.027508,0.028886,-2.052325,-0.611327,-0.441325,-2.219100,-0.860000,-0.200000,-0.200000,1.000000,-3.100000,1.800840,1.047675,-0.052075,0.088406,-0.145575
1777990959536.000000,-0.184453,-0.253555,2.785997,-0.034838,0.005547,-2.089080,-0.278225,-0.578560,-2.219100,-0.860000,-0.200000,-0.200000,1.000000,-3.100000,1.786868,1.010920,-0.113724,0.102997,-0.138977
1777990959637.000000,-0.167977,-0.243575,2.771986,-0.048221,-0.033088,-2.126685,0.116011,-0.564198,-2.219100,-0.860000,-0.200000,-0.200000,1.000000,-3.100000,1.772811,0.973315,-0.170017,0.086432,-0.138725
1777990959737.000000,-0.152529,-0.227780,2.758042,-0.056115,-0.064260,-2.160178,0.520070,-0.382060,-2.219100,-0.860000,-0.200000,-0.200000,1.000000,-3.100000,1.758902,0.939822,-0.217167,0.040623,-0.139439
1777990959836.000000,-0.141480,-0.207711,2.744485,-0.032407,-0.089827,-2.191112,0.748289,-0.053460,-2.219100,-0.860000,-0.200000,-0.200000,1.000000,-3.100000,1.745483,0.908888,-0.229826,-0.027025,-0.136944
1777990959936.000000,-0.136875,-0.185186,2.731474,0.013917,-0.113728,-2.215211,0.822728,0.329159,-2.219100,-0.860000,-0.200000,-0.200000,1.000000,-3.100000,1.732688,0.884789,-0.207744,-0.098506,-0.130106
1777990960036.000000,-0.139236,-0.164181,2.718867,0.055617,-0.103652,-2.240057,0.703527,0.636578,-2.219100,-0.860000,-0.200000,-0.200000,1.000000,-3.100000,1.720314,0.859943,-0.150088,-0.148827,-0.126067
1777990960139.000000,-0.142952,-0.154505,2.712000,0.079607,-0.086621,-2.254354,0.303122,0.235542,-2.219100,-0.860000,-0.200000,-0.200000,1.000000,-3.100000,1.713554,0.845646,-0.050045,-0.087308,-0.066674
1777990960240.000000,-0.158924,-0.140824,2.692522,0.116431,-0.046926,-2.298968,0.224218,1.375336,-2.219100,-0.860000,-0.200000,-0.200000,1.000000,-3.100000,1.694054,0.801032,0.004140,-0.208180,-0.192855
1777990960338.000000,-0.171389,-0.142462,2.678633,0.115884,-0.040798,-2.328587,-0.327512,0.410397,-2.219100,-0.860000,-0.200000,-0.200000,1.000000,-3.100000,1.679862,0.771413,0.099558,-0.080904,-0.141721
1777990960440.000000,-0.184997,-0.153821,2.662952,0.097185,-0.031935,-2.364669,-0.726950,0.330737,-2.219100,-0.860000,-0.200000,-0.200000,1.000000,-3.100000,1.663660,0.735331,0.173206,-0.014116,-0.153739
1777990960537.000000,-0.195629,-0.170570,2.647447,0.061254,0.004218,-2.399006,-0.904882,0.019180,-2.219100,-0.860000,-0.200000,-0.200000,1.000000,-3.100000,1.647716,0.700994,0.197509,0.053093,-0.159838
1777990960641.000000,-0.203556,-0.192493,2.630445,0.025828,0.036013,-2.438855,-1.036532,-0.294546,-2.219100,-0.860000,-0.200000,-0.200000,1.000000,-3.100000,1.630466,0.661145,0.194410,0.111593,-0.163481
1777990960737.000000,-0.206092,-0.213107,2.614000,-0.002009,0.036484,-2.473262,-0.940797,-0.579540,-2.219100,-0.860000,-0.200000,-0.200000,1.000000,-3.100000,1.614064,0.626738,0.153790,0.152155,-0.171309
1777990960840.000000,-0.204989,-0.227462,2.600122,-0.031850,0.018619,-2.499947,-0.632013,-0.412051,-2.219100,-0.860000,-0.200000,-0.200000,1.000000,-3.100000,1.600366,0.600053,0.074834,0.118068,-0.134730
1777990960943.000000,-0.200251,-0.241542,2.581539,-0.067547,-0.007910,-2.535640,-0.635567,-0.783840,-2.219100,-0.860000,-0.200000,-0.200000,1.000000,-3.100000,1.582084,0.564360,0.040048,0.138554,-0.180423
1777990961043.000000,-0.193141,-0.248067,2.562932,-0.082881,-0.012310,-2.573197,-0.278460,-0.582978,-2.219100,-0.860000,-0.200000,-0.200000,1.000000,-3.100000,1.563686,0.526803,-0.024800,0.093262,-0.186071
1777990961146.000000,-0.185366,-0.244957,2.545766,-0.086030,-0.016826,-2.601813,0.007084,-0.230161,-2.219100,-0.860000,-0.200000,-0.200000,1.000000,-3.100000,1.546489,0.498187,-0.080267,0.012894,-0.166654
1777990961252.000000,-0.177115,-0.232468,2.528493,-0.076663,-0.013633,-2.628558,0.308857,0.115120,-2.219100,-0.860000,-0.200000,-0.200000,1.000000,-3.100000,1.529009,0.471442,-0.125648,-0.064443,-0.162958
1777990961353.000000,-0.169246,-0.211348,2.511175,-0.059881,-0.031506,-2.653798,0.657387,0.615415,-2.219100,-0.860000,-0.200000,-0.200000,1.000000,-3.100000,1.511530,0.446202,-0.166831,-0.148209,-0.171469
1777990961452.000000,-0.164290,-0.188796,2.496873,-0.014204,-0.067884,-2.671212,0.614260,0.814667,-2.219100,-0.860000,-0.200000,-0.200000,1.000000,-3.100000,1.497341,0.428788,-0.147868,-0.180362,-0.144459
1777990961556.000000,-0.163110,-0.164943,2.481806,0.046705,-0.092718,-2.687988,0.569512,1.098993,-2.219100,-0.860000,-0.200000,-0.200000,1.000000,-3.100000,1.482679,0.412012,-0.110700,-0.201195,-0.144879
1777990961657.000000,-0.166881,-0.147089,2.467294,0.096242,-0.082465,-2.703948,0.282354,1.104558,-2.219100,-0.860000,-0.200000,-0.200000,1.000000,-3.100000,1.468622,0.396052,-0.041101,-0.175941,-0.143676
1777990961759.000000,-0.176138,-0.137614,2.452002,0.115351,-0.075567,-2.723101,-0.125926,0.987086,-2.219100,-0.860000,-0.200000,-0.200000,1.000000,-3.100000,1.453537,0.376899,0.045174,-0.121756,-0.149926
1777990961864.000000,-0.191305,-0.139609,2.435578,0.110935,-0.066502,-2.750963,-0.666729,0.670556,-2.219100,-0.860000,-0.200000,-0.200000,1.000000,-3.100000,1.436874,0.349037,0.140794,-0.037432,-0.156420
1777990961962.000000,-0.205900,-0.150075,2.421907,0.100263,-0.042943,-2.776109,-0.871571,0.304243,-2.219100,-0.860000,-0.200000,-0.200000,1.000000,-3.100000,1.422796,0.323891,0.177265,0.046521,-0.139494
1777990962067.000000,-0.222268,-0.170260,2.406017,0.081522,-0.004312,-2.802666,-1.236483,-0.133738,-2.219100,-0.860000,-0.200000,-0.200000,1.000000,-3.100000,1.406507,0.297334,0.210933,0.129473,-0.151340
1777990962180.000000,-0.235102,-0.196238,2.390416,0.064256,0.025552,-2.832018,-1.198830,-0.490000,-2.219100,-0.860000,-0.200000,-0.200000,1.000000,-3.100000,1.390864,0.267982,0.178212,0.184368,-0.138063
1777990962241.000000,-0.243499,-0.225254,2.374349,0.026332,0.035373,-2.862241,-2.101740,-2.219100,-2.219100,-0.860000,-0.200000,-0.200000,1.000000,-3.100000,1.375269,0.237759,0.263487,0.419272,-0.263391
1777990962345.000000,-0.246387,-0.255101,2.357354,-0.030851,0.026906,-2.892101,-0.898030,-1.006929,-2.219100,-0.860000,-0.200000,-0.200000,1.000000,-3.100000,1.359264,0.207899,0.097771,0.271246,-0.163407
1777990962444.000000,-0.244195,-0.278963,2.340874,-0.070339,0.019162,-2.914120,-0.905005,-1.415329,-2.219100,-0.860000,-0.200000,-0.200000,1.000000,-3.100000,1.343924,0.185880,0.032781,0.239808,-0.166464
1777990962544.000000,-0.238526,-0.295110,2.324636,-0.088177,0.008583,-2.937627,-0.700316,-1.279718,-2.219100,-0.860000,-0.200000,-0.200000,1.000000,-3.100000,1.328605,0.162373,-0.022813,0.169611,-0.162386
1777990962645.000000,-0.229672,-0.302128,2.308458,-0.087755,0.011150,-2.959215,-0.445986,-1.052402,-2.219100,-0.860000,-0.200000,-0.200000,1.000000,-3.100000,1.312773,0.140785,-0.073601,0.084227,-0.160179
1777990962744.000000,-0.218250,-0.299767,2.292605,-0.087675,0.012411,-2.982546,-0.162161,-0.718014,-2.219100,-0.860000,-0.200000,-0.200000,1.000000,-3.100000,1.296577,0.117454,-0.117696,-0.005273,-0.160134
1777990962842.000000,-0.204882,-0.289072,2.278235,-0.082424,0.019062,-3.008827,0.099500,-0.340848,-2.219100,-0.860000,-0.200000,-0.200000,1.000000,-3.100000,1.281344,0.091173,-0.149652,-0.090110,-0.146633
1777990962945.000000,-0.188698,-0.268881,2.263665,-0.074071,0.007244,-3.037686,0.399057,0.164482,-2.219100,-0.860000,-0.200000,-0.200000,1.000000,-3.100000,1.265592,0.062314,-0.176618,-0.178676,-0.141448
1777990963044.000000,-0.173378,-0.242246,2.250620,-0.056608,-0.024842,-3.064831,0.530814,0.697868,-2.219100,-0.860000,-0.200000,-0.200000,1.000000,-3.100000,1.251617,0.035169,-0.174923,-0.256386,-0.131769
1777990963145.000000,-0.161396,-0.212207,2.238473,-0.009822,-0.067085,-3.090361,0.442103,1.031650,-2.219100,-0.860000,-0.200000,-0.200000,1.000000,-3.100000,1.239134,0.009639,-0.133699,-0.290942,-0.120273
1777990963245.000000,-0.155198,-0.182822,2.226578,0.052116,-0.097374,-3.112117,0.236083,1.270877,-2.219100,-0.852708,-0.200000,-0.200000,1.000000,-3.100000,1.227516,0.012117,-0.070613,-0.291900,-0.118945
1777990963346.000000,-0.156732,-0.158255,2.213043,0.087124,-0.103010,-3.132932,-0.136682,1.245662,-2.219100,-0.835711,-0.200000,-0.200000,1.000000,-3.100000,1.214532,0.032932,0.013078,-0.243361,-0.134017
1777990963444.000000,-0.165940,-0.140974,2.197464,0.091228,-0.092658,3.127598,-0.561975,1.136879,-2.219100,-0.809881,-0.200000,-0.200000,1.000000,-3.100000,1.199401,0.055587,0.096412,-0.175006,-0.158967
1777990963545.000000,-0.180149,-0.132406,2.180558,0.093268,-0.051632,3.102628,-0.817022,0.822641,-2.219100,-0.781546,-0.200000,-0.200000,1.000000,-3.100000,1.182658,0.080557,0.143881,-0.079285,-0.167382
1777990963644.000000,-0.196408,-0.132743,2.162926,0.090351,-0.003882,3.080580,-1.011739,0.479497,-2.219100,-0.760239,-0.200000,-0.200000,1.000000,-3.100000,1.164875,0.102605,0.163722,0.013413,-0.178106
1777990963745.000000,-0.211045,-0.141867,2.144546,0.093340,0.030527,3.053518,-0.959739,0.059821,-2.219100,-0.721785,-0.200000,-0.200000,1.000000,-3.100000,1.146075,0.129668,0.136413,0.102731,-0.181974
1777990963844.000000,-0.221897,-0.158841,2.125431,0.084325,0.034187,3.026604,-0.838451,-0.414448,-2.219100,-0.688025,-0.200000,-0.200000,1.000000,-3.100000,1.126396,0.156581,0.089225,0.182897,-0.193084
1777990963944.000000,-0.227501,-0.181661,2.105996,0.047629,0.042441,2.995970,-0.573535,-0.790143,-2.219100,-0.644039,-0.200000,-0.200000,1.000000,-3.100000,1.106489,0.187215,0.022328,0.233923,-0.194356
1777990964044.000000,-0.227648,-0.207013,2.086332,-0.008101,0.045539,2.965966,-0.288035,-1.040236,-2.219100,-0.604563,-0.200000,-0.200000,1.000000,-3.100000,1.086706,0.217220,-0.042845,0.249877,-0.196640
1777990964145.000000,-0.222237,-0.230850,2.066857,-0.057564,0.052302,2.935214,0.026524,-1.068310,-2.219100,-0.560202,-0.200000,-0.200000,1.000000,-3.100000,1.067535,0.247971,-0.100800,0.220019,-0.192813
1777990964245.000000,-0.211212,-0.249805,2.048717,-0.071016,0.060060,2.900221,0.387202,-0.936119,-2.219100,-0.503547,-0.200000,-0.200000,1.000000,-3.100000,1.049959,0.282964,-0.152362,0.157704,-0.181403
1777990964345.000000,-0.196526,-0.261169,2.031613,-0.077563,0.029077,2.866334,0.596542,-0.624309,-2.219100,-0.453934,-0.200000,-0.200000,1.000000,-3.100000,1.033431,0.316851,-0.172223,0.069441,-0.171040
1777990964449.000000,-0.180328,-0.264273,2.014274,-0.094601,-0.020050,2.837528,0.662510,-0.289256,-2.219100,-0.412862,-0.200000,-0.200000,1.000000,-3.100000,1.016499,0.345657,-0.157537,-0.018148,-0.166722
1777990964546.000000,-0.167303,-0.258840,1.998794,-0.099434,-0.051879,2.812753,0.532312,0.094973,-2.219100,-0.368615,-0.200000,-0.200000,1.000000,-3.100000,1.001059,0.370432,-0.108998,-0.096379,-0.159591
1777990964649.000000,-0.157723,-0.244160,1.982703,-0.092457,-0.067024,2.791991,0.287372,0.508529,-2.219100,-0.329100,-0.200000,-0.200000,1.000000,-3.100000,0.984603,0.391194,-0.038568,-0.165756,-0.156217
1777990964748.000000,-0.155411,-0.223624,1.967919,-0.051609,-0.079913,2.776456,-0.151570,0.792376,-2.219100,-0.292223,-0.200000,-0.200000,1.000000,-3.100000,0.969233,0.406730,0.052257,-0.202102,-0.149339
1777990964848.000000,-0.160451,-0.200510,1.952972,-0.003904,-0.092947,2.765685,-0.555848,0.884031,-2.219100,-0.258591,-0.200000,-0.200000,1.000000,-3.100000,0.953792,0.417501,0.131742,-0.196497,-0.149471
1777990964948.000000,-0.171731,-0.178778,1.936647,0.047384,-0.066399,2.755468,-0.903411,0.839097,-2.219100,-0.217738,-0.200000,-0.200000,1.000000,-3.100000,0.937314,0.427718,0.186333,-0.158841,-0.163245
1777990965051.000000,-0.187056,-0.162166,1.919480,0.073329,-0.025702,2.743035,-1.076960,0.621807,-2.219100,-0.169366,-0.200000,-0.200000,1.000000,-3.100000,0.920349,0.440150,0.199719,-0.090892,-0.166666
1777990965148.000000,-0.203533,-0.152911,1.901920,0.087084,0.008204,2.732910,-1.214105,0.363670,-2.219100,-0.129561,-0.200000,-0.200000,1.000000,-3.100000,0.903155,0.450275,0.193795,-0.020052,-0.181037
1777990965248.000000,-0.218978,-0.152243,1.884601,0.089890,0.022905,2.723078,-1.083858,0.008343,-2.219100,-0.086530,-0.200000,-0.200000,1.000000,-3.100000,0.886092,0.460107,0.143828,0.056668,-0.173192
1777990965348.000000,-0.230948,-0.159401,1.868286,0.083277,0.032079,2.717176,-0.900319,-0.285319,-2.219100,-0.051294,-0.200000,-0.200000,1.000000,-3.100000,0.869786,0.466009,0.079609,0.114520,-0.163142
1777990965450.000000,-0.239491,-0.173726,1.850191,0.053758,0.041374,2.715173,-0.707736,-0.617386,-2.219100,-0.018200,-0.200000,-0.200000,1.000000,-3.100000,0.851513,0.468013,0.018166,0.162506,-0.177408
1777990965548.000000,-0.242545,-0.191100,1.832340,0.010725,0.060768,2.713101,-0.421093,-0.764621,-2.219100,0.020033,-0.200000,-0.200000,1.000000,-3.100000,0.833474,0.470085,-0.045320,0.174201,-0.182148
1777990965650.000000,-0.240570,-0.204732,1.819087,-0.017355,0.072021,2.711936,-0.337138,-0.489756,-2.219100,0.057383,-0.200000,-0.200000,1.000000,-3.100000,0.820105,0.471250,-0.073269,0.113432,-0.129935
1777990965752.000000,-0.232297,-0.221030,1.803248,-0.033378,0.078793,2.711616,0.150995,-0.744726,-2.219100,0.094327,-0.200000,-0.200000,1.000000,-3.100000,0.804172,0.471569,-0.140335,0.111433,-0.155281
1777990965855.000000,-0.216481,-0.234037,1.788214,-0.044556,0.074333,2.713024,0.524106,-0.450784,-2.219100,0.128852,-0.200000,-0.200000,1.000000,-3.100000,0.789120,0.470161,-0.192141,0.051054,-0.145969
1777990965957.000000,-0.196326,-0.241505,1.774850,-0.061758,0.043304,2.716420,0.751924,-0.179005,-2.219100,0.160747,-0.200000,-0.200000,1.000000,-3.100000,0.775970,0.466765,-0.210210,-0.014816,-0.131015
1777990966058.000000,-0.173033,-0.242822,1.761691,-0.083769,-0.004596,2.716917,0.991012,0.170767,-2.219100,0.202006,-0.200000,-0.200000,1.000000,-3.100000,0.763370,0.466268,-0.215503,-0.083140,-0.130286
1777990966161.000000,-0.151488,-0.236778,1.749186,-0.082957,-0.050920,2.719920,0.887131,0.501450,-2.219100,0.233568,-0.200000,-0.200000,1.000000,-3.100000,0.751655,0.463266,-0.166836,-0.139151,-0.121413
1777990966265.000000,-0.135996,-0.225757,1.737161,-0.051782,-0.080217,2.726725,0.681301,0.652218,-2.219100,0.260095,-0.200000,-0.200000,1.000000,-3.100000,0.740382,0.456460,-0.093614,-0.157018,-0.115625
1777990966369.000000,-0.128258,-0.210868,1.724033,-0.012611,-0.096713,2.737747,0.393214,0.810482,-2.219100,0.281773,-0.200000,-0.200000,1.000000,-3.100000,0.727659,0.445439,-0.012169,-0.160888,-0.126231
1777990966478.000000,-0.130605,-0.195416,1.710111,0.016780,-0.101781,2.744782,-0.012883,0.713987,-2.219100,0.320549,-0.200000,-0.200000,1.000000,-3.100000,0.713508,0.438404,0.074652,-0.122425,-0.127724
1777990966570.000000,-0.141396,-0.183595,1.697090,0.026979,-0.099364,2.754112,-0.490801,0.565440,-2.219100,0.338705,-0.200000,-0.200000,1.000000,-3.100000,0.699742,0.429073,0.157152,-0.074644,-0.141525
1777990966674.000000,-0.161149,-0.175053,1.681752,0.036667,-0.081090,2.767467,-0.797036,0.286958,-2.219100,0.358253,-0.200000,-0.200000,1.000000,-3.100000,0.683313,0.415718,0.206804,-0.007042,-0.147488
1777990966777.000000,-0.184912,-0.171912,1.666207,0.050944,-0.035002,2.779627,-1.042533,0.020365,-2.219100,0.383263,-0.200000,-0.200000,1.000000,-3.100000,0.666970,0.403558,0.226560,0.053183,-0.150917
1777990966880.000000,-0.211276,-0.174450,1.649398,0.058828,0.005781,2.796299,-1.284284,-0.302213,-2.219100,0.394927,-0.200000,-0.200000,1.000000,-3.100000,0.649998,0.386886,0.232518,0.109815,-0.163194
1777990966952.000000,-0.234530,-0.181658,1.632934,0.045295,0.037348,2.810504,-1.771781,-0.959896,-2.219100,0.399540,-0.200000,-0.200000,1.000000,-3.100000,0.634141,0.372682,0.272885,0.199667,-0.228667
1777990967052.000000,-0.253218,-0.191968,1.616206,0.005205,0.053626,2.831005,-1.033266,-0.558847,-2.219100,0.410224,-0.200000,-0.200000,1.000000,-3.100000,0.618552,0.352180,0.146424,0.155282,-0.167277
1777990967152.000000,-0.265631,-0.202694,1.599363,-0.032623,0.068865,2.848999,-1.076594,-0.698664,-2.219100,0.426574,-0.200000,-0.200000,1.000000,-3.100000,0.602952,0.334186,0.087924,0.138503,-0.168432
1777990967252.000000,-0.270551,-0.210695,1.583008,-0.049189,0.070713,2.866155,-0.884508,-0.535909,-2.219100,0.439604,-0.200000,-0.200000,1.000000,-3.100000,0.587358,0.317030,0.025581,0.090379,-0.163557
1777990967353.000000,-0.268086,-0.214050,1.567242,-0.054739,0.067590,2.888147,-0.675525,-0.275552,-2.219100,0.438824,-0.200000,-0.200000,1.000000,-3.100000,0.571487,0.295038,-0.031952,0.026039,-0.156091
1777990967456.000000,-0.258715,-0.212106,1.551297,-0.055259,0.063271,2.910941,-0.425729,0.022799,-2.219100,0.442713,-0.200000,-0.200000,1.000000,-3.100000,0.554547,0.272244,-0.084258,-0.039176,-0.154810
1777990967555.000000,-0.244444,-0.206023,1.537172,-0.050339,0.058415,2.932798,-0.155378,0.291506,-2.219100,0.445399,-0.200000,-0.200000,1.000000,-3.100000,0.539041,0.250387,-0.128291,-0.089992,-0.142675
1777990967657.000000,-0.224133,-0.195992,1.521943,-0.030874,0.044376,2.958710,0.221376,0.588316,-2.219100,0.438148,-0.200000,-0.200000,1.000000,-3.100000,0.522516,0.224476,-0.177917,-0.132912,-0.149307
1777990967768.000000,-0.200055,-0.184478,1.506676,0.011199,0.008928,2.981553,0.450143,0.684199,-2.219100,0.445644,-0.200000,-0.200000,1.000000,-3.100000,0.506914,0.201633,-0.197620,-0.136976,-0.137536
1777990967857.000000,-0.179698,-0.175936,1.493514,0.035663,-0.029236,3.003336,0.716591,0.734902,-2.219100,0.435262,-0.200000,-0.200000,1.000000,-3.100000,0.494517,0.179849,-0.213322,-0.126581,-0.147889
1777990967953.000000,-0.161659,-0.170013,1.479366,0.049666,-0.066876,3.022856,0.657839,0.584150,-2.219100,0.438751,-0.200000,-0.200000,1.000000,-3.100000,0.481831,0.160329,-0.179276,-0.083530,-0.147372
1777990968056.000000,-0.148382,-0.168404,1.463200,0.046799,-0.085572,3.048064,0.580551,0.380538,-2.219100,0.423677,-0.200000,-0.200000,1.000000,-3.100000,0.467137,0.135121,-0.126881,-0.027586,-0.156953
1777990968156.000000,-0.143310,-0.171879,1.447035,0.051394,-0.089675,3.071668,0.323510,0.112512,-2.219100,0.415516,-0.200000,-0.200000,1.000000,-3.100000,0.451492,0.111518,-0.053019,0.031114,-0.161652
1777990968256.000000,-0.146076,-0.179987,1.430271,0.052197,-0.089655,3.094631,0.019566,-0.156184,-2.219100,0.405678,-0.200000,-0.200000,1.000000,-3.100000,0.434098,0.088554,0.023819,0.082298,-0.167642
1777990968356.000000,-0.156154,-0.191397,1.412703,0.032399,-0.086454,3.114192,-0.341260,-0.376955,-2.219100,0.401267,-0.200000,-0.200000,1.000000,-3.100000,0.415115,0.068993,0.097624,0.116812,-0.175680
1777990968456.000000,-0.171310,-0.204491,1.394224,0.001031,-0.061447,3.134449,-0.642176,-0.536967,-2.219100,0.388291,-0.200000,-0.200000,1.000000,-3.100000,0.395293,0.048736,0.150613,0.132018,-0.184785
1777990968569.000000,-0.189018,-0.216028,1.374524,-0.035969,-0.013677,-3.132664,-0.739135,-0.442363,-2.219100,0.388179,-0.200000,-0.200000,1.000000,-3.100000,0.375028,0.032664,0.157613,0.100701,-0.174339
1777990968657.000000,-0.206269,-0.223837,1.354683,-0.059357,0.017933,-3.113610,-1.175988,-0.476854,-2.219100,0.362686,-0.200000,-0.200000,1.000000,-3.100000,0.355538,0.013610,0.198447,0.083209,-0.225466
1777990968759.000000,-0.212988,-0.225554,1.345952,-0.067638,0.021798,-3.101512,-0.329802,-0.120002,-2.219100,0.368754,-0.200000,-0.200000,1.000000,-3.100000,0.347137,0.001512,0.066489,0.014181,-0.085604
1777990968856.000000,-0.229898,-0.221193,1.316994,-0.069305,0.029775,-3.077236,-1.471512,0.220566,-2.219100,0.327521,-0.200000,-0.200000,1.000000,-3.100000,0.319106,0.022764,0.171085,-0.056069,-0.298528
1777990968956.000000,-0.233844,-0.210892,1.299787,-0.053089,0.031755,-3.060592,-0.405946,0.477173,-2.219100,0.324618,-0.200000,-0.200000,1.000000,-3.100000,0.301888,0.039408,0.030995,-0.105874,-0.172077
1777990969063.000000,-0.232902,-0.197334,1.284260,-0.015629,0.032731,-3.048443,-0.401431,0.626764,-2.219100,0.319114,-0.200000,-0.200000,1.000000,-3.100000,0.286171,0.051557,-0.020558,-0.125338,-0.145105
1777990969156.000000,-0.226626,-0.181718,1.268250,0.024292,0.031987,-3.035455,-0.027664,0.973031,-2.219100,0.300192,-0.200000,-0.200000,1.000000,-3.100000,0.270187,0.064545,-0.084892,-0.159822,-0.172157
1777990969256.000000,-0.216053,-0.168660,1.253223,0.039668,0.039068,-3.026840,0.153395,0.765240,-2.219100,0.296107,-0.200000,-0.200000,1.000000,-3.100000,0.255660,0.073160,-0.119979,-0.117610,-0.150263
1777990969361.000000,-0.201841,-0.159558,1.237775,0.051102,0.011535,-3.014777,0.390537,0.659023,-2.219100,0.275167,-0.200000,-0.200000,1.000000,-3.100000,0.241197,0.085223,-0.145236,-0.068872,-0.147130
1777990969460.000000,-0.186752,-0.155980,1.223083,0.053711,-0.020684,-3.002983,0.575595,0.461484,-2.219100,0.257754,-0.200000,-0.200000,1.000000,-3.100000,0.227770,0.097017,-0.155942,-0.014741,-0.148403
1777990969576.000000,-0.174193,-0.157941,1.209560,0.057376,-0.055352,-2.994793,0.392754,0.289360,-2.219100,0.249356,-0.200000,-0.200000,1.000000,-3.100000,0.215291,0.105207,-0.104627,0.032561,-0.116579
1777990969657.000000,-0.163481,-0.165917,1.193474,0.062574,-0.071212,-2.984386,0.680923,-0.290188,-2.219100,0.224806,-0.200000,-0.200000,1.000000,-3.100000,0.199818,0.115614,-0.115201,0.117964,-0.198592
1777990969761.000000,-0.158168,-0.179565,1.176700,0.055578,-0.070504,-2.977736,0.178024,-0.317061,-2.219100,0.219713,-0.200000,-0.200000,1.000000,-3.100000,0.182730,0.122264,-0.029000,0.137803,-0.161290
1777990969864.000000,-0.157559,-0.188928,1.166165,0.032600,-0.079268,-2.974346,0.143482,-0.074872,-2.219100,0.211717,-0.200000,-0.200000,1.000000,-3.100000,0.171856,0.125654,0.009307,0.090618,-0.102281
1777990969958.000000,-0.164151,-0.211563,1.141713,-0.022236,-0.074533,-2.969674,-0.505777,-1.263373,-2.219100,0.195781,-0.200000,-0.200000,1.000000,-3.100000,0.146634,0.130326,0.110284,0.225250,-0.260123
1777990970060.000000,-0.174897,-0.226860,1.123444,-0.032449,-0.059932,-2.964070,-0.516667,-0.496362,-2.219100,0.179655,-0.200000,-0.200000,1.000000,-3.100000,0.128802,0.135930,0.130179,0.129009,-0.179113
1777990970162.000000,-0.185005,-0.235570,1.109490,-0.041362,-0.039355,-2.959535,-0.478642,-0.405930,-2.219100,0.166458,-0.200000,-0.200000,1.000000,-3.100000,0.116095,0.140465,0.112924,0.066042,-0.136802
1777990970260.000000,-0.201125,-0.242025,1.088568,-0.060567,-0.014729,-2.949894,-1.080643,-0.394821,-2.219100,0.138902,-0.200000,-0.200000,1.000000,-3.100000,0.098039,0.150106,0.174025,0.033317,-0.213489
1777990970368.000000,-0.210410,-0.241919,1.076456,-0.065260,-0.004140,-2.945674,-0.496219,-0.163210,-2.219100,0.131751,-0.200000,-0.200000,1.000000,-3.100000,0.087813,0.154326,0.084138,-0.017697,-0.112148
1777990970463.000000,-0.220985,-0.235683,1.058766,-0.071163,0.004414,-2.943052,-0.866362,0.234849,-2.219100,0.119736,-0.200000,-0.200000,1.000000,-3.100000,0.071882,0.156948,0.096183,-0.086306,-0.186212
1777990970580.000000,-0.229251,-0.218614,1.037650,-0.053552,0.015967,-2.937132,-0.571497,0.673022,-2.219100,0.096481,-0.200000,-0.200000,1.000000,-3.100000,0.051182,0.162868,0.039557,-0.157198,-0.180479
1777990970660.000000,-0.231529,-0.203028,1.023982,-0.019326,0.015842,-2.934196,-0.330476,0.966843,-2.219100,0.085902,-0.200000,-0.200000,1.000000,-3.100000,0.039729,0.165804,-0.012255,-0.196513,-0.170844
1777990970761.000000,-0.230098,-0.184847,1.009055,0.010495,0.028519,-2.930094,2.219100,2.219100,0.000000,-0.131760,-1.200000,-1.500000,2.000000,3.100000,1.911101,0.253091,-0.051641,-0.173018,-0.147791
1777990970870.000000,-0.225704,-0.170662,0.996700,0.025884,0.024328,-2.927524,2.219100,2.219100,-0.297202,-0.024039,-1.200000,-1.500000,2.000000,3.100000,1.929509,0.255662,-0.067041,-0.118606,-0.113351
1777990970961.000000,-0.217747,-0.156118,0.983905,0.044458,-0.011669,-2.926933,2.219100,2.219100,0.109923,-0.040240,-1.200000,-1.500000,2.000000,3.100000,1.950202,0.256253,-0.119476,-0.137535,-0.140605
1777990971062.000000,-0.209657,-0.146790,0.974039,0.055074,-0.049704,-2.925058,2.219100,2.219100,1.284002,-0.064181,-1.200000,-1.500000,2.000000,3.100000,1.965846,0.258128,-0.098068,-0.072984,-0.097690
1777990971160.000000,-0.204317,-0.143769,0.966275,0.060234,-0.060547,-2.925285,2.219100,2.219100,2.219100,-0.080696,-1.200000,-1.500000,2.000000,3.100000,1.974674,0.257900,-0.059840,-0.018418,-0.079221
1777990971262.000000,-0.202798,-0.146221,0.963808,0.060600,-0.060113,-2.924012,2.219100,2.219100,2.219100,-0.104887,-1.200000,-1.500000,2.000000,3.100000,1.975050,0.259174,-0.009349,0.026687,-0.024187
1777990971366.000000,-0.206017,-0.154638,0.967531,0.052064,-0.061281,-2.926133,2.219100,2.219100,2.219100,-0.119202,-1.200000,-1.500000,2.000000,3.100000,1.965704,0.257052,0.047539,0.072446,0.035805
1777990971463.000000,-0.212738,-0.167273,0.975433,0.053526,-0.062434,-2.927866,2.219100,2.219100,2.219100,-0.137817,-1.200000,-1.500000,2.000000,3.100000,1.949509,0.255319,0.095336,0.112598,0.081462
1777990971562.000000,-0.223792,-0.184505,0.987690,0.052921,-0.074988,-2.929047,2.219100,2.219100,2.219100,-0.157703,-1.200000,-1.500000,2.000000,3.100000,1.925689,0.254138,0.145864,0.146593,0.123808
1777990971663.000000,-0.238338,-0.205819,1.002402,0.042641,-0.066565,-2.940091,2.219100,2.219100,2.219100,-0.153255,-1.200000,-1.500000,2.000000,3.100000,1.896022,0.243095,0.183340,0.177928,0.145663
1777990971761.000000,-0.256041,-0.230520,1.019045,0.039605,-0.062356,-2.946041,2.219100,2.219100,2.219100,-0.174610,-1.200000,-1.500000,2.000000,3.100000,1.861427,0.237144,0.226181,0.212152,0.169825
1777990971864.000000,-0.277994,-0.259116,1.037432,0.042856,-0.060438,-2.952201,2.219100,2.219100,2.219100,-0.188762,-1.200000,-1.500000,2.000000,3.100000,1.821105,0.230985,0.261586,0.232542,0.178517
1777990971966.000000,-0.301931,-0.289085,1.055952,0.035268,-0.068917,-2.959233,2.219100,2.219100,2.219100,-0.199912,-1.200000,-1.500000,2.000000,3.100000,1.778783,0.223952,0.284076,0.246379,0.181565
1777990972065.000000,-0.328278,-0.321316,1.074357,0.038244,-0.059162,-2.964625,2.219100,2.219100,2.219100,-0.215084,-1.200000,-1.500000,2.000000,3.100000,1.733785,0.218561,0.319288,0.273627,0.185908
1777990972164.000000,-0.357436,-0.355494,1.092374,0.036007,-0.063337,-2.970317,2.219100,2.219100,2.219100,-0.226833,-1.200000,-1.500000,2.000000,3.100000,1.686296,0.212868,0.349054,0.289982,0.181996
1777990972265.000000,-0.388492,-0.391095,1.110323,0.031343,-0.053233,-2.977239,2.219100,2.219100,2.219100,-0.236158,-1.200000,-1.500000,2.000000,3.100000,1.636991,0.205946,0.361015,0.297434,0.177707
1777990972367.000000,-0.421127,-0.428120,1.127750,0.034694,-0.050532,-2.983714,2.219100,2.219100,2.219100,-0.247993,-1.200000,-1.500000,2.000000,3.100000,1.586314,0.199471,0.373036,0.308165,0.170858
1777990972464.000000,-0.455275,-0.466159,1.144344,0.042454,-0.059209,-2.991872,2.219100,2.219100,2.219100,-0.253084,-1.200000,-1.500000,2.000000,3.100000,1.534793,0.191313,0.406606,0.335262,0.171066
1777990972564.000000,-0.490624,-0.505628,1.161041,0.036934,-0.056160,-3.001021,2.219100,2.219100,2.219100,-0.259209,-1.200000,-1.500000,2.000000,3.100000,1.481837,0.182165,0.405302,0.341270,0.166973
1777990972664.000000,-0.527215,-0.546370,1.177304,0.036211,-0.050599,-3.012125,2.219100,2.219100,2.219100,-0.261032,-1.200000,-1.500000,2.000000,3.100000,1.427893,0.171060,0.415443,0.356765,0.162627
1777990972765.000000,-0.564906,-0.588350,1.193413,0.032351,-0.054778,-3.016807,2.219100,2.219100,2.219100,-0.280807,-1.200000,-1.500000,2.000000,3.100000,1.372965,0.166379,0.422010,0.365967,0.159498
1777990972864.000000,-0.603666,-0.631005,1.208799,0.028486,-0.055055,-3.026831,2.219100,2.219100,2.219100,-0.276645,-1.200000,-1.500000,2.000000,3.100000,1.317864,0.156355,0.438282,0.383186,0.155412
1777990972965.000000,-0.643534,-0.673958,1.224088,0.026505,-0.063761,-3.038771,2.219100,2.219100,2.219100,-0.276233,-1.200000,-1.500000,2.000000,3.100000,1.262552,0.144414,0.436298,0.382522,0.151383
1777990973064.000000,-0.684521,-0.717479,1.239180,0.032318,-0.059634,-3.049805,2.219100,2.219100,2.219100,-0.279155,-1.200000,-1.500000,2.000000,3.100000,1.207023,0.133381,0.452555,0.399811,0.152445
1777990973165.000000,-0.726767,-0.761632,1.254643,0.030934,-0.056879,-3.057929,2.219100,2.219100,2.219100,-0.287698,-1.200000,-1.500000,2.000000,3.100000,1.150953,0.125257,0.453348,0.400669,0.153097
1777990973264.000000,-0.770510,-0.806050,1.269197,0.028500,-0.056878,-3.067403,2.219100,2.219100,2.219100,-0.287001,-1.200000,-1.500000,2.000000,3.100000,1.095491,0.115782,0.473888,0.414687,0.147013
1777990973367.000000,-0.815381,-0.851103,1.283951,0.028451,-0.060702,-3.075148,2.219100,2.219100,2.219100,-0.292990,-1.200000,-1.500000,2.000000,3.100000,1.040060,0.108037,0.463727,0.407513,0.143241
1777990973468.000000,-0.863956,-0.898191,1.299353,0.026557,-0.053988,-3.087141,2.219100,2.219100,2.219100,-0.284513,-1.200000,-1.500000,2.000000,3.100000,0.982856,0.096044,0.505595,0.439357,0.152496
1777990973567.000000,-0.909233,-0.941603,1.313609,0.028785,-0.051847,-3.100208,2.219100,2.219100,2.219100,-0.278776,-1.200000,-1.500000,2.000000,3.100000,0.931388,0.082977,0.475100,0.419208,0.144002
1777990973665.000000,-0.957331,-0.986874,1.328770,0.027788,-0.054325,-3.112461,2.219100,2.219100,2.219100,-0.275825,-1.200000,-1.500000,2.000000,3.100000,0.879054,0.070724,0.504043,0.447454,0.154701
1777990973769.000000,-1.008105,-1.033976,1.344812,0.024566,-0.060401,-3.127283,2.219100,2.219100,2.219100,-0.266164,-1.200000,-1.500000,2.000000,3.100000,0.826603,0.055902,0.494639,0.445875,0.154252
1777990973868.000000,-1.057368,-1.079341,1.359611,0.022594,-0.055445,-3.138117,1.708145,2.219100,2.219100,-0.266459,-1.200000,-1.500000,2.000000,3.100000,0.779356,0.045068,0.499198,0.456494,0.149483
1777990973969.000000,-1.107451,-1.124476,1.373649,0.018685,-0.059683,3.133862,1.268046,2.219100,2.219100,-0.260219,-1.200000,-1.500000,2.000000,3.100000,0.736138,0.033862,0.492403,0.450702,0.138989
1777990974068.000000,-1.158177,-1.168715,1.387485,0.019693,-0.057229,3.116205,0.660559,2.219100,2.219100,-0.237209,-1.200000,-1.500000,2.000000,3.100000,0.697620,0.016205,0.500873,0.459720,0.139752
1777990974169.000000,-1.209674,-1.211659,1.400692,0.022047,-0.059882,3.103210,0.193281,2.219100,2.219100,-0.235158,-1.200000,-1.500000,2.000000,3.100000,0.665135,0.003210,0.493182,0.444445,0.130769
1777990974268.000000,-1.261910,-1.254026,1.414543,0.027751,-0.054455,3.096022,-0.470797,2.219100,2.219100,-0.238049,-1.200000,-1.500000,2.000000,3.100000,0.638041,0.003978,0.507590,0.451543,0.139904
1777990974370.000000,-1.315065,-1.295582,1.428236,0.032539,-0.055037,3.088324,-0.984620,2.219100,2.219100,-0.230681,-1.200000,-1.500000,2.000000,3.100000,0.618014,0.011676,0.498695,0.434580,0.134245
1777990974469.000000,-1.366115,-1.337193,1.441726,0.027348,-0.009193,3.088948,-1.550526,2.032830,2.219100,-0.243115,-1.200000,-1.500000,2.000000,3.100000,0.604789,0.011052,0.492828,0.446867,0.136264
1777990974568.000000,-1.413581,-1.379134,1.454708,0.034910,0.035307,3.081650,-1.865545,1.614867,2.219100,-0.223472,-1.200000,-1.500000,2.000000,3.100000,0.597971,0.018350,0.453216,0.451605,0.131132
1777990974669.000000,-1.453406,-1.422097,1.467792,0.032791,0.049614,3.079028,-1.903724,1.210836,2.219100,-0.227246,-1.200000,-1.500000,2.000000,3.100000,0.594583,0.020972,0.366939,0.449195,0.129549
1777990974768.000000,-1.484431,-1.465861,1.482659,0.034766,0.053723,3.063539,-1.946881,0.606557,2.219100,-0.191918,-1.200000,-1.500000,2.000000,3.100000,0.591361,0.036461,0.277959,0.465154,0.150166
1777990974884.000000,-1.505183,-1.508690,1.497864,0.028375,0.042849,3.055583,-1.688872,0.655219,2.219100,-0.195436,-1.200000,-1.500000,2.000000,3.100000,0.587667,0.044417,0.146516,0.383214,0.131080
1777990974968.000000,-1.518387,-1.555462,1.515241,0.023720,0.037792,3.046398,-1.852810,-1.293272,2.219100,-0.178357,-1.200000,-1.500000,2.000000,3.100000,0.582612,0.053602,0.103554,0.569231,0.206873
1777990975084.000000,-1.523712,-1.604530,1.533843,0.017058,0.022146,3.031695,-1.489601,-0.566988,2.219100,-0.157952,-1.200000,-1.500000,2.000000,3.100000,0.577078,0.068305,-0.000760,0.425485,0.160354
1777990975168.000000,-1.522162,-1.644451,1.549295,-0.017625,0.035400,3.023162,-1.234056,-1.641122,2.219100,-0.150170,-1.200000,-1.500000,2.000000,3.100000,0.572529,0.076838,-0.074481,0.469734,0.183959
1777990975270.000000,-1.515079,-1.683579,1.567476,-0.070579,0.042325,3.018336,-1.178187,-1.400790,2.219100,-0.148347,-1.200000,-1.500000,2.000000,3.100000,0.565732,0.081664,-0.116079,0.372165,0.178243
1777990975374.000000,-1.501606,-1.715645,1.585505,-0.090444,0.035143,3.011646,-0.881303,-1.532611,2.219100,-0.133225,-1.200000,-1.500000,2.000000,3.100000,0.556125,0.088354,-0.168408,0.288938,0.173359
1777990975489.000000,-1.481181,-1.739024,1.606046,-0.089575,0.030603,3.007162,-0.668541,-1.398205,2.219100,-0.125279,-1.200000,-1.500000,2.000000,3.100000,0.539810,0.092838,-0.203251,0.177658,0.178616
1777990975573.000000,-1.462019,-1.748869,1.622540,-0.090989,0.023126,3.007529,-0.363028,-1.171346,2.219100,-0.126223,-1.200000,-1.500000,2.000000,3.100000,0.522557,0.092471,-0.241735,0.085659,0.196360
1777990975670.000000,-1.437752,-1.751078,1.640037,-0.085319,0.031268,3.008056,-0.249614,-0.914514,2.219100,-0.119756,-1.200000,-1.500000,2.000000,3.100000,0.499139,0.091944,-0.250983,-0.010736,0.180380
1777990975772.000000,-1.409488,-1.745020,1.660494,-0.080562,0.027089,3.014229,0.007197,-0.629882,2.219100,-0.126270,-1.200000,-1.500000,2.000000,3.100000,0.468171,0.085771,-0.267314,-0.094111,0.200553
1777990975873.000000,-1.379960,-1.730678,1.679503,-0.074868,0.021026,3.016681,0.211621,-0.224959,2.219100,-0.115851,-1.200000,-1.500000,2.000000,3.100000,0.433954,0.083319,-0.272388,-0.177311,0.188212
1777990975987.000000,-1.352876,-1.711354,1.698123,-0.074925,-0.008619,3.015285,0.041266,-0.176504,2.219100,-0.101413,-1.200000,-1.500000,2.000000,3.100000,0.398963,0.084715,-0.214329,-0.198089,0.163332
1777990976074.000000,-1.325103,-1.683863,1.719352,-0.059677,-0.038970,3.011799,0.769766,1.044776,2.219100,-0.088284,-1.200000,-1.500000,2.000000,3.100000,0.358078,0.088201,-0.275649,-0.354649,0.244009
1777990976179.000000,-1.301385,-1.651970,1.740372,-0.038160,-0.047207,3.013121,0.206326,0.767774,2.219100,-0.090357,-1.200000,-1.500000,2.000000,3.100000,0.317460,0.086879,-0.185112,-0.330182,0.200191
1777990976299.000000,-1.283609,-1.618628,1.759831,-0.013779,-0.048621,3.011656,0.062379,0.896117,2.219100,-0.076959,-1.200000,-1.500000,2.000000,3.100000,0.280614,0.088344,-0.110876,-0.294703,0.162164
1777990976373.000000,-1.271771,-1.586419,1.780334,0.023712,-0.063381,3.012868,0.197187,2.121115,2.219100,-0.077288,-1.200000,-1.500000,2.000000,3.100000,0.246723,0.087132,-0.102779,-0.452184,0.277067
1777990976472.000000,-1.265404,-1.557857,1.800137,0.065125,-0.070211,3.010893,-0.256707,1.173094,2.219100,-0.063093,-1.200000,-1.500000,2.000000,3.100000,0.218106,0.089107,-0.026170,-0.294432,0.200027
1777990976572.000000,-1.265241,-1.536110,1.819745,0.077278,-0.067259,3.010194,-0.470455,1.233134,2.219100,-0.057487,-1.200000,-1.500000,2.000000,3.100000,0.195070,0.089806,0.026875,-0.215807,0.196076
1777990976676.000000,-1.269995,-1.522188,1.838973,0.080808,-0.051274,3.012426,-0.670623,0.978267,2.219100,-0.056484,-1.200000,-1.500000,2.000000,3.100000,0.176978,0.087574,0.062577,-0.126858,0.184885
1777990976773.000000,-1.275936,-1.517663,1.856369,0.075266,-0.006235,3.011318,-0.717072,0.631785,2.219100,-0.043677,-1.200000,-1.500000,2.000000,3.100000,0.163426,0.088682,0.066792,-0.038301,0.179347
1777990976873.000000,-1.282075,-1.521049,1.874229,0.071917,0.018030,3.006885,-0.732328,0.273414,2.219100,-0.027720,-1.200000,-1.500000,2.000000,3.100000,0.151650,0.093115,0.056288,0.041796,0.178598
1777990976974.000000,-1.285856,-1.531547,1.892061,0.070356,0.018767,3.009139,-0.612414,-0.087480,2.219100,-0.032667,-1.200000,-1.500000,2.000000,3.100000,0.141483,0.090861,0.023374,0.107973,0.176547
1777990977077.000000,-1.286177,-1.549441,1.910182,0.063620,0.029491,3.008301,-0.431699,-0.550627,2.219100,-0.019783,-1.200000,-1.500000,2.000000,3.100000,0.133933,0.091699,-0.020002,0.172608,0.175939
1777990977179.000000,-1.282552,-1.570694,1.927294,0.029344,0.040971,3.008714,-0.228930,-0.836215,2.219100,-0.014659,-1.200000,-1.500000,2.000000,3.100000,0.130762,0.091286,-0.062826,0.201814,0.167768
1777990977278.000000,-1.274778,-1.591630,1.944298,-0.031658,0.047773,3.005812,0.032181,-0.999721,2.219100,0.000190,-1.200000,-1.500000,2.000000,3.100000,0.130731,0.094188,-0.106427,0.198904,0.171755
1777990977377.000000,-1.263550,-1.609483,1.963337,-0.070798,0.041530,3.008020,0.232716,-0.997343,2.219100,-0.002423,-1.200000,-1.500000,2.000000,3.100000,0.131793,0.091980,-0.136419,0.163618,0.192309
1777990977476.000000,-1.249801,-1.620076,1.982805,-0.084463,0.014173,3.008889,0.397103,-0.743038,2.219100,0.006149,-1.200000,-1.500000,2.000000,3.100000,0.131126,0.091111,-0.151822,0.087686,0.196647
1777990977576.000000,-1.235770,-1.622371,2.003164,-0.093712,-0.014401,3.005211,0.440763,-0.450163,2.195188,0.023629,-1.200000,-1.500000,2.000000,3.100000,0.127531,0.094789,-0.142130,0.003661,0.203588
1777990977677.000000,-1.223312,-1.615583,2.023698,-0.089839,-0.042327,3.000709,0.393629,-0.060590,2.154147,0.036272,-1.200000,-1.500000,2.000000,3.100000,0.120268,0.099291,-0.112685,-0.083867,0.203315
1777990977777.000000,-1.216479,-1.600282,2.044071,-0.087356,-0.071630,2.999677,0.084733,0.346061,2.111180,0.039629,-1.200000,-1.500000,2.000000,3.100000,0.110771,0.100323,-0.045996,-0.161136,0.203725
1777990977876.000000,-1.216279,-1.577864,2.065083,-0.062733,-0.081187,2.997237,-0.278786,0.758435,2.063477,0.051805,-1.200000,-1.500000,2.000000,3.100000,0.102779,0.102763,0.030569,-0.224382,0.212239
1777990977976.000000,-1.222882,-1.552181,2.086554,-0.002666,-0.054712,3.003405,-0.661368,0.968521,2.013632,0.041116,-1.200000,-1.500000,2.000000,3.100000,0.103624,0.096595,0.100782,-0.245287,0.214711
1777990978080.000000,-1.233525,-1.525263,2.107887,0.058001,-0.013849,3.008152,-0.879286,1.147115,1.963475,0.047488,-1.200000,-1.500000,2.000000,3.100000,0.115766,0.091848,0.135861,-0.242911,0.205126
1777990978182.000000,-1.244297,-1.503917,2.127641,0.084479,0.027625,3.005260,-0.941762,1.032514,1.928342,0.068962,-1.200000,-1.500000,2.000000,3.100000,0.135166,0.094740,0.133071,-0.192973,0.193672
1777990978280.000000,-1.252602,-1.489866,2.146516,0.084702,0.035972,3.007042,-0.886326,0.881360,1.893071,0.067482,-1.200000,-1.500000,2.000000,3.100000,0.156002,0.092958,0.103214,-0.130720,0.192596
1777990978380.000000,-1.256101,-1.484133,2.164937,0.080581,0.041352,3.002159,-0.644632,0.583546,1.859913,0.089506,-1.200000,-1.500000,2.000000,3.100000,0.174938,0.097841,0.042622,-0.051902,0.184212
1777990978482.000000,-1.254660,-1.486443,2.182349,0.072645,0.030060,2.998834,-0.417021,0.291031,1.829535,0.097694,-1.200000,-1.500000,2.000000,3.100000,0.190847,0.101166,-0.017209,0.020401,0.170707
1777990978580.000000,-1.248440,-1.495907,2.199378,0.080941,0.039111,2.993567,-0.116956,-0.055509,1.797017,0.113339,-1.200000,-1.500000,2.000000,3.100000,0.205218,0.106433,-0.077022,0.086151,0.173761
1777990978680.000000,-1.238451,-1.511879,2.216001,0.081049,0.037741,2.988197,0.143014,-0.416122,1.767088,0.126332,-1.200000,-1.500000,2.000000,3.100000,0.219718,0.111803,-0.123119,0.142583,0.166235
1777990978781.000000,-1.225792,-1.532127,2.232975,0.037607,0.010136,2.985671,0.387235,-0.719533,1.734887,0.132920,-1.200000,-1.500000,2.000000,3.100000,0.236590,0.114329,-0.154948,0.178582,0.168056
1777990978883.000000,-1.212298,-1.552504,2.248885,-0.033471,-0.016930,2.980164,0.530871,-0.828352,1.707082,0.151395,-1.200000,-1.500000,2.000000,3.100000,0.254660,0.119836,-0.162683,0.175912,0.155987
1777990978980.000000,-1.201427,-1.569337,2.264726,-0.080710,-0.057459,2.971320,0.513978,-0.862236,1.422688,0.173950,-1.200000,-1.500000,2.000000,3.100000,0.273659,0.128680,-0.139856,0.152033,0.163303
1777990979080.000000,-1.195686,-1.578473,2.280439,-0.099849,-0.072109,2.965727,0.228021,-0.580339,0.968921,0.183377,-1.200000,-1.500000,2.000000,3.100000,0.291243,0.134273,-0.072507,0.079916,0.157128
1777990979180.000000,-1.196404,-1.577912,2.295795,-0.103216,-0.074195,2.965652,-0.128431,-0.244995,0.498428,0.185399,-1.200000,-1.500000,2.000000,3.100000,0.305905,0.134348,0.008049,-0.004268,0.153559
1777990979280.000000,-1.203735,-1.567869,2.310657,-0.091202,-0.059911,2.969507,-0.549903,0.136223,0.018154,0.186556,-1.200000,-1.500000,2.000000,3.100000,0.318006,0.130493,0.089418,-0.086400,0.148622
1777990979380.000000,-1.214475,-1.549475,2.324526,-0.065154,-0.026121,2.979593,-0.805440,0.580732,-0.463322,0.178470,-1.200000,-1.500000,2.000000,3.100000,0.328594,0.120407,0.135670,-0.164210,0.138690
1777990979480.000000,-1.225853,-1.526424,2.336706,-0.022203,0.004738,2.991747,-0.935391,0.898475,-0.936237,0.174339,-1.200000,-1.500000,2.000000,3.100000,0.338730,0.108253,0.146917,-0.210938,0.121805
1777990979584.000000,-1.232391,-1.510596,2.341950,0.016776,0.031816,2.998761,-0.624207,0.507736,-1.317281,0.185684,-1.200000,-1.500000,2.000000,3.100000,0.343644,0.101239,0.083888,-0.141696,0.050416
1777990979680.000000,-1.239916,-1.483611,2.344287,0.057937,0.038814,3.006829,-1.091565,1.726811,-1.687408,0.183884,-1.200000,-1.500000,2.000000,3.100000,0.346981,0.093171,0.115436,-0.268006,0.024351
1777990979797.000000,-1.240111,-1.472389,2.341305,0.062635,0.041269,3.014836,-0.454046,0.535408,-2.058716,0.187981,-1.200000,-1.500000,2.000000,3.100000,0.344761,0.085164,0.013779,-0.094938,-0.025492
1777990979883.000000,-1.236163,-1.463186,2.334193,0.063326,0.038324,3.021112,-0.327608,1.092682,-2.219100,0.187752,-1.200000,-1.500000,2.000000,3.100000,0.338153,0.078888,-0.032705,-0.111753,-0.082701
1777990979987.000000,-1.224450,-1.460981,2.321533,0.065395,0.037590,3.028093,0.127030,0.626942,-2.219100,0.189156,-1.200000,-1.500000,2.000000,3.100000,0.324813,0.071907,-0.109499,-0.033819,-0.121729
1777990980091.000000,-1.212314,-1.464733,2.310318,0.064750,0.035671,3.030650,0.143155,0.439799,-2.219100,0.199532,-1.200000,-1.500000,2.000000,3.100000,0.312559,0.069350,-0.119968,0.022937,-0.107830
1777990980193.000000,-1.194583,-1.475736,2.294374,0.076108,0.007639,3.031083,0.713009,0.080365,-2.219100,0.207936,-1.200000,-1.500000,2.000000,3.100000,0.295422,0.068917,-0.184678,0.088035,-0.156320
1777990980294.000000,-1.176486,-1.492796,2.276989,0.059815,-0.031814,3.033080,0.858041,-0.300634,-2.219100,0.209291,-1.200000,-1.500000,2.000000,3.100000,0.278079,0.066920,-0.196416,0.148518,-0.172123
1777990980398.000000,-1.162113,-1.513360,2.258480,0.032197,-0.076143,3.028885,0.794827,-0.562265,-2.219100,0.227809,-1.200000,-1.500000,2.000000,3.100000,0.261584,0.071115,-0.159562,0.180933,-0.177973
1777990980501.000000,-1.153261,-1.535236,2.237597,-0.023200,-0.088852,3.023923,0.714188,-0.841788,-2.219100,0.239081,-1.200000,-1.500000,2.000000,3.100000,0.244700,0.076077,-0.110277,0.200831,-0.202753
1777990980601.000000,-1.152263,-1.552637,2.216747,-0.075729,-0.091296,3.019457,0.389619,-0.814679,-2.219100,0.248362,-1.200000,-1.500000,2.000000,3.100000,0.228099,0.080543,-0.031113,0.171500,-0.208493
1777990980688.000000,-1.159488,-1.563064,2.194881,-0.102261,-0.091136,3.020431,-0.123197,-0.745196,-2.219100,0.244322,-1.200000,-1.500000,2.000000,3.100000,0.208799,0.079569,0.067958,0.129001,-0.251333
1777990980795.000000,-1.174767,-1.562612,2.172872,-0.106748,-0.090055,3.025194,-0.460635,-0.187833,-2.219100,0.241723,-1.200000,-1.500000,2.000000,3.100000,0.185584,0.074806,0.142314,0.012386,-0.205698
1777990980915.000000,-1.194625,-1.551964,2.152451,-0.093063,-0.060961,3.033738,-0.701213,0.112572,-2.219100,0.237185,-1.200000,-1.500000,2.000000,3.100000,0.161154,0.066262,0.174076,-0.070398,-0.170171
1777990981021.000000,-1.217500,-1.532191,2.132641,-0.065872,-0.007041,3.045666,-1.265321,0.696655,-2.219100,0.225995,-1.200000,-1.500000,2.000000,3.100000,0.137609,0.054334,0.232675,-0.165010,-0.186891
1777990981083.000000,-1.237357,-1.508725,2.116462,-0.034909,0.031058,3.052377,-2.219100,2.111375,-2.219100,0.223788,-1.200000,-1.500000,2.000000,3.100000,0.122618,0.047623,0.352724,-0.348453,-0.260947
1777990981184.000000,-1.254146,-1.481223,2.100521,0.011009,0.042756,3.059185,-1.058456,1.156452,-2.219100,0.228154,-1.200000,-1.500000,2.000000,3.100000,0.115710,0.040815,0.188081,-0.257692,-0.157835
1777990981284.000000,-1.263637,-1.456683,2.087134,0.044307,0.045900,3.068785,-1.101417,1.500325,-2.219100,0.218683,-1.200000,-1.500000,2.000000,3.100000,0.116268,0.031215,0.112506,-0.237837,-0.133866
1777990981384.000000,-1.267017,-1.436593,2.073835,0.065167,0.043124,3.076162,-0.946877,1.535154,-2.219100,0.218319,-1.200000,-1.500000,2.000000,3.100000,0.118166,0.023838,0.046864,-0.198262,-0.132996
1777990981484.000000,-1.263923,-1.422730,2.060149,0.065259,0.040341,3.084739,-0.657033,1.450654,-2.219100,0.210981,-1.200000,-1.500000,2.000000,3.100000,0.116940,0.015261,-0.023009,-0.140170,-0.136851
1777990981584.000000,-1.255113,-1.415699,2.046638,0.066702,0.046477,3.094727,-0.362669,1.297966,-2.219100,0.201431,-1.200000,-1.500000,2.000000,3.100000,0.110992,0.005273,-0.084711,-0.074360,-0.135118
1777990981685.000000,-1.240379,-1.415002,2.032151,0.068761,0.047642,3.102706,0.010444,1.117279,-2.219100,0.198289,-1.200000,-1.500000,2.000000,3.100000,0.099442,0.002706,-0.145509,-0.012560,-0.143430
1777990981787.000000,-1.220779,-1.420675,2.017622,0.065413,0.037265,3.106146,0.365596,0.855794,-2.219100,0.202217,-1.200000,-1.500000,2.000000,3.100000,0.083873,0.006146,-0.194005,0.048767,-0.142447
1777990981884.000000,-1.198696,-1.432143,2.002804,0.065357,0.001494,3.108564,0.721827,0.520628,-2.215509,0.201060,-1.200000,-1.500000,2.000000,3.100000,0.067927,0.008564,-0.231440,0.110645,-0.152761
1777990981984.000000,-1.177714,-1.448965,1.987469,0.058792,-0.058218,3.110515,0.761885,0.205318,-2.185286,0.199563,-1.200000,-1.500000,2.000000,3.100000,0.057082,0.010515,-0.214948,0.161615,-0.153344
1777990982084.000000,-1.161759,-1.470446,1.971861,0.055007,-0.097130,3.110348,0.682005,-0.178087,-2.152537,0.202196,-1.200000,-1.500000,2.000000,3.100000,0.055925,0.010348,-0.166176,0.209728,-0.156088
1777990982185.000000,-1.153527,-1.494800,1.955395,0.027150,-0.107852,3.109899,0.427807,-0.487156,-2.086728,0.202189,-1.200000,-1.500000,2.000000,3.100000,0.064625,0.009899,-0.089106,0.238418,-0.163021
1777990982288.000000,-1.154400,-1.519862,1.937083,-0.028128,-0.108329,3.104753,0.076862,-0.715884,-1.821726,0.212932,-1.200000,-1.500000,2.000000,3.100000,0.080203,0.004753,-0.000496,0.243468,-0.177792
1777990982389.000000,-1.164212,-1.540492,1.919696,-0.075723,-0.102240,3.102971,-0.359185,-0.717448,-1.559103,0.209013,-1.200000,-1.500000,2.000000,3.100000,0.096794,0.002971,0.089191,0.207863,-0.172147
1777990982489.000000,-1.180655,-1.554050,1.902724,-0.098988,-0.069983,3.110301,-0.757494,-0.551801,-1.269967,0.188257,-1.200000,-1.500000,2.000000,3.100000,0.112952,0.010301,0.160112,0.140654,-0.169715
1777990982588.000000,-1.200190,-1.558281,1.885985,-0.105638,-0.024105,3.118376,-1.025770,-0.197417,-0.980331,0.179253,-1.200000,-1.500000,2.000000,3.100000,0.128047,0.018376,0.196275,0.047311,-0.169083
1777990982688.000000,-1.219334,-1.552477,1.869218,-0.097295,0.017763,3.130351,-1.129281,0.263926,-0.672010,0.161570,-1.200000,-1.500000,2.000000,3.100000,0.142238,0.030351,0.192081,-0.055887,-0.167673
1777990982788.000000,-1.234826,-1.538099,1.853863,-0.075312,0.043917,3.141250,-1.087537,0.708239,-0.371633,0.151533,-1.200000,-1.500000,2.000000,3.100000,0.154985,0.041250,0.154965,-0.143730,-0.153548
1777990982888.000000,-1.244787,-1.517782,1.839397,-0.025560,0.043321,-3.130693,-0.938115,1.090360,-0.058336,0.138117,-1.200000,-1.500000,2.000000,3.100000,0.167677,0.052492,0.097390,-0.204245,-0.144665
1777990982988.000000,-1.248236,-1.495681,1.826455,0.025946,0.051612,-3.122554,-0.706280,1.293306,0.248253,0.131868,-1.200000,-1.500000,2.000000,3.100000,0.180175,0.060632,0.030276,-0.221620,-0.129416
1777990983088.000000,-1.245803,-1.475557,1.817258,0.044969,0.047143,-3.117641,-0.481587,1.341644,0.510363,0.127932,-1.200000,-1.500000,2.000000,3.100000,0.189973,0.065544,-0.029137,-0.200599,-0.091967
1777990983189.000000,-1.236007,-1.458358,1.813262,0.048614,0.048860,-3.100270,-0.054451,1.376561,0.718681,0.088572,-1.200000,-1.500000,2.000000,3.100000,0.194684,0.082915,-0.103941,-0.166136,-0.039574
1777990983288.000000,-1.220985,-1.446948,1.816993,0.054287,0.052779,-3.095007,0.262665,1.226636,0.824996,0.096209,-1.200000,-1.500000,2.000000,3.100000,0.191694,0.088178,-0.156943,-0.108065,0.037687
1777990983407.000000,-1.199152,-1.439358,1.828929,0.057163,0.014581,-3.079664,0.554347,1.137009,0.895833,0.062687,-1.200000,-1.500000,2.000000,3.100000,0.181503,0.103522,-0.187070,-0.052302,0.100311
1777990983488.000000,-1.182357,-1.438413,1.842884,0.067227,-0.033805,-3.074947,0.818073,0.898738,0.848464,0.063177,-1.200000,-1.500000,2.000000,3.100000,0.169675,0.108239,-0.207654,0.002159,0.172282
1777990983587.000000,-1.165881,-1.442177,1.861110,0.061889,-0.061701,-3.074480,0.667591,0.733464,0.831157,0.062700,-1.200000,-1.500000,2.000000,3.100000,0.154266,0.108706,-0.163507,0.049104,0.184094
1777990983690.000000,-1.153261,-1.451125,1.882951,0.066093,-0.085589,-3.064549,0.625145,0.463873,0.739969,0.030966,-1.200000,-1.500000,2.000000,3.100000,0.135181,0.118636,-0.115469,0.096046,0.212049
1777990983788.000000,-1.149164,-1.465022,1.904702,0.065876,-0.098950,-3.064714,0.253896,0.132284,0.637207,0.037294,-1.200000,-1.500000,2.000000,3.100000,0.113532,0.118471,-0.030791,0.144595,0.221952
1777990983888.000000,-1.153302,-1.483564,1.926338,0.065766,-0.109384,-3.063374,-0.122725,-0.165922,0.526416,0.024426,-1.200000,-1.500000,2.000000,3.100000,0.088752,0.119811,0.055741,0.181616,0.216366
1777990983992.000000,-1.166305,-1.506476,1.947607,0.030946,-0.093735,-3.073282,-0.576644,-0.486286,0.402822,0.040121,-1.200000,-1.500000,2.000000,3.100000,0.062628,0.109904,0.139771,0.211261,0.204506
1777990984092.000000,-1.183091,-1.528032,1.966552,-0.020521,-0.053445,-3.070043,-0.841363,-0.595341,0.280607,0.008665,-1.200000,-1.500000,2.000000,3.100000,0.046802,0.113142,0.182846,0.203013,0.189452
1777990984192.000000,-1.202453,-1.546887,1.985330,-0.067853,-0.002500,-3.070804,-2.219100,-2.219100,0.127800,0.006646,-0.500000,-0.500000,2.000000,3.100000,1.260804,0.112382,0.206470,0.174376,0.187780
1777990984289.000000,-1.219918,-1.558779,2.003441,-0.096572,0.023855,-3.070659,-2.219100,-2.219100,-0.038185,-0.003513,-0.500000,-0.500000,2.000000,3.100000,1.280354,0.112526,0.188285,0.109531,0.186707
1777990984389.000000,-1.231449,-1.562688,2.016450,-0.098842,0.035102,-3.069950,-2.219100,-2.219100,-0.124020,-0.013888,-0.500000,-0.500000,2.000000,3.100000,1.290192,0.113236,0.117816,0.030739,0.130091
1777990984492.000000,-1.241878,-1.559478,2.030484,-0.104507,0.039526,-3.070144,-2.219100,-2.219100,-0.300049,-0.021526,-0.500000,-0.500000,2.000000,3.100000,1.293757,0.113041,0.098770,-0.038316,0.136253
1777990984596.000000,-1.246507,-1.546205,2.040490,-0.102612,0.045530,-3.069239,-2.219100,-2.219100,-0.406979,-0.033250,-0.500000,-0.500000,2.000000,3.100000,1.285868,0.113946,0.035161,-0.130512,0.096207
1777990984699.000000,-1.244328,-1.518858,2.044935,-0.102060,0.042660,-3.070308,-2.219100,-2.219100,-0.462166,-0.038612,-0.500000,-0.500000,2.000000,3.100000,1.262583,0.112877,-0.040010,-0.263317,0.043155
1777990984800.000000,-1.237919,-1.492671,2.042468,-0.103313,0.045552,-3.067281,-2.219100,-2.219100,-0.438610,-0.056534,-0.500000,-0.500000,2.000000,3.100000,1.237628,0.115905,-0.082528,-0.253858,-0.024417
1777990984893.000000,-1.222400,-1.446723,2.033366,-0.099892,0.046990,-3.069889,-2.219100,-2.219100,-0.334785,-0.053740,-0.500000,-0.500000,2.000000,3.100000,1.191326,0.113297,-0.201844,-0.480835,-0.097875
1777990985030.000000,-1.207292,-1.408715,2.023009,-0.098817,0.037266,-3.067860,-2.219100,-2.219100,-0.308203,-0.074511,-0.500000,-0.500000,2.000000,3.100000,1.151761,0.115326,-0.130414,-0.268551,-0.075601
1777990985110.000000,-1.185115,-1.355716,2.006964,-0.090703,0.037079,-3.075493,-2.219100,-2.219100,-0.052508,-0.058116,-0.500000,-0.500000,2.000000,3.100000,1.096212,0.107693,-0.320366,-0.642729,-0.200558
1777990985210.000000,-1.159809,-1.298752,1.989723,-0.076862,0.035008,-3.072359,-2.219100,-2.219100,0.079419,-0.089166,-0.500000,-0.500000,2.000000,3.100000,1.036078,0.110826,-0.291857,-0.550771,-0.172411
1777990985316.000000,-1.130910,-1.233898,1.972273,-0.077320,0.017958,-3.060735,-2.219100,-2.219100,0.274840,-0.120720,-0.500000,-0.500000,2.000000,3.100000,0.968206,0.122451,-0.321155,-0.587809,-0.164622
1777990985414.000000,-1.098318,-1.160958,1.958938,-0.074794,0.016257,-3.054518,-2.219100,-2.219100,0.426691,-0.128265,-0.500000,-0.500000,2.000000,3.100000,0.892488,0.128667,-0.396043,-0.712549,-0.136073
1777990985518.000000,-1.066511,-1.088741,1.951298,-0.067550,0.006097,-3.045733,-2.219100,-2.219100,0.513052,-0.149677,-0.500000,-0.500000,2.000000,3.100000,0.818488,0.137452,-0.370890,-0.661934,-0.073462
1777990985619.000000,-1.032557,-1.009720,1.949333,-0.044980,0.017872,-3.044685,-2.219100,-2.219100,0.559539,-0.149929,-0.500000,-0.500000,2.000000,3.100000,0.738917,0.138500,-0.410301,-0.746190,-0.019457
1777990985723.000000,-1.000666,-0.934080,1.953361,-0.040757,0.005602,-3.042466,-2.219100,-2.219100,0.544751,-0.164930,-0.500000,-0.500000,2.000000,3.100000,0.664279,0.140719,-0.377118,-0.693388,0.038739
1777990985793.000000,-0.967142,-0.853639,1.960902,-0.042170,0.008121,-3.044033,-2.219100,0.782507,0.454880,-0.164557,-0.500000,-0.500000,2.000000,3.100000,0.587206,0.139152,-0.588567,-1.097039,0.107722
1777990985893.000000,-0.933217,-0.771687,1.971620,-0.041852,0.012206,-3.043983,-2.219100,-1.783059,0.403572,-0.179176,-0.500000,-0.500000,2.000000,3.100000,0.512149,0.139202,-0.417502,-0.782565,0.107184
1777990985993.000000,-0.898319,-0.691047,1.985963,-0.001100,0.017501,-3.047288,-2.219100,-0.468656,0.260603,-0.182087,-0.500000,-0.500000,2.000000,3.100000,0.441988,0.135897,-0.423369,-0.769953,0.143424
1777990986096.000000,-0.860759,-0.609947,2.002236,0.012123,0.017494,-3.055400,-2.219100,0.168296,0.104213,-0.179021,-0.500000,-0.500000,2.000000,3.100000,0.377148,0.127785,-0.431086,-0.753060,0.157995
1777990986195.000000,-0.823647,-0.535492,2.017595,-0.019507,0.005785,-3.057201,-2.219100,0.698005,-0.050657,-0.196964,-0.500000,-0.500000,2.000000,3.100000,0.326063,0.125984,-0.436924,-0.717798,0.155141
1777990986296.000000,-0.785552,-0.465004,2.031918,-0.019564,0.005864,-3.061414,-2.219100,1.146905,-0.208230,-0.199722,-0.500000,-0.500000,2.000000,3.100000,0.289453,0.121771,-0.431869,-0.665451,0.141805
1777990986396.000000,-0.746646,-0.399090,2.043366,0.034277,0.009644,-3.063391,-2.219100,1.720992,-0.343626,-0.211086,-0.500000,-0.500000,2.000000,3.100000,0.269996,0.119794,-0.439360,-0.626731,0.114487
1777990986498.000000,-0.707107,-0.339569,2.049419,0.079657,0.017635,-3.062378,-2.219100,2.014528,-0.416558,-0.226262,-0.500000,-0.500000,2.000000,3.100000,0.266597,0.120807,-0.432595,-0.551030,0.059337
1777990986596.000000,-0.666838,-0.288324,2.048574,0.097691,0.019478,-3.060564,-1.957366,2.219100,-0.414535,-0.238505,-0.500000,-0.500000,2.000000,3.100000,0.273863,0.122621,-0.451890,-0.487934,-0.008623
1777990986696.000000,-0.625822,-0.246231,2.041519,0.092338,0.021717,-3.058521,-1.649328,2.219100,-0.355431,-0.250241,-0.500000,-0.500000,2.000000,3.100000,0.286276,0.124664,-0.443673,-0.385451,-0.070546
1777990986796.000000,-0.583425,-0.213620,2.029638,0.093115,0.020348,-3.058553,-1.170541,2.219100,-0.248768,-0.256809,-0.500000,-0.500000,2.000000,3.100000,0.299752,0.124632,-0.449558,-0.289814,-0.118808
1777990986896.000000,-0.540018,-0.189736,2.014888,0.093774,0.015748,-3.063101,-0.739859,2.219100,-0.113286,-0.255686,-0.500000,-0.500000,2.000000,3.100000,0.313188,0.120084,-0.451465,-0.204069,-0.147499
1777990986996.000000,-0.495371,-0.174317,1.999322,0.096214,0.020581,-3.074153,-0.279448,2.219100,0.033186,-0.245523,-0.500000,-0.500000,2.000000,3.100000,0.325716,0.109032,-0.455844,-0.123753,-0.155666
1777990987096.000000,-0.449675,-0.167369,1.985835,0.094718,0.028375,-3.090195,0.193693,2.219100,0.154068,-0.232589,-0.500000,-0.500000,2.000000,3.100000,0.336714,0.092991,-0.459921,-0.045913,-0.134865
1777990987196.000000,-0.403918,-0.168498,1.976054,0.087201,0.012283,-3.103512,0.659857,2.103861,0.241893,-0.232809,-0.500000,-0.500000,2.000000,3.100000,0.345976,0.079673,-0.456815,0.028699,-0.097817
1777990987297.000000,-0.360607,-0.177129,1.970477,0.074785,-0.029039,-3.117662,0.966753,1.909926,0.295519,-0.225960,-0.500000,-0.500000,2.000000,3.100000,0.352913,0.065523,-0.426647,0.095690,-0.055214
1777990987398.000000,-0.322860,-0.192470,1.969487,0.065989,-0.080270,-3.130164,1.123655,1.672620,0.306670,-0.223038,-0.500000,-0.500000,2.000000,3.100000,0.356208,0.053022,-0.371972,0.156158,-0.009800
1777990987497.000000,-0.293975,-0.213234,1.972170,0.052264,-0.106386,-3.138140,1.101216,1.387524,0.288150,-0.227137,-0.500000,-0.500000,2.000000,3.100000,0.354197,0.045046,-0.291044,0.210743,0.027098
1777990987596.000000,-0.275870,-0.238273,1.978452,0.039317,-0.106695,3.133356,0.870801,1.140892,0.228704,-0.214789,-0.500000,-0.500000,2.000000,3.100000,0.345253,0.033356,-0.184959,0.251406,0.063457
1777990987697.000000,-0.269157,-0.265520,1.987817,0.034851,-0.106225,3.119925,0.554888,0.985106,0.135838,-0.203609,-0.500000,-0.500000,2.000000,3.100000,0.329269,0.019925,-0.072295,0.268263,0.092718
1777990987802.000000,-0.272887,-0.295130,1.998509,0.042046,-0.100984,3.101687,0.251034,0.763841,0.034184,-0.183206,-0.500000,-0.500000,2.000000,3.100000,0.305866,0.001687,0.024245,0.283199,0.101830
1777990987897.000000,-0.285324,-0.323363,2.008269,0.046183,-0.105051,3.089269,-0.162544,0.470329,-0.065858,-0.179489,-0.500000,-0.500000,2.000000,3.100000,0.278127,0.010731,0.115202,0.303621,0.102739
1777990988001.000000,-0.307187,-0.355476,2.017355,0.048389,-0.090310,3.076459,-0.538929,0.159880,-0.159534,-0.168788,-0.500000,-0.500000,2.000000,3.100000,0.241589,0.023541,0.189670,0.321809,0.087368
1777990988101.000000,-0.333203,-0.387754,2.024724,0.043441,-0.040545,3.066528,-0.839784,-0.200569,-0.249613,-0.162171,-0.500000,-0.500000,2.000000,3.100000,0.202563,0.033472,0.235227,0.341384,0.073687
1777990988201.000000,-0.360264,-0.419897,2.030025,0.021646,0.019949,3.055638,-0.974641,-0.461731,-0.322112,-0.148705,-0.500000,-0.500000,2.000000,3.100000,0.163842,0.044362,0.242013,0.343471,0.053009
1777990988301.000000,-0.384152,-0.449806,2.032215,-0.022641,0.051151,3.055053,-0.932035,-0.599647,-0.361240,-0.160846,-0.500000,-0.500000,2.000000,3.100000,0.130300,0.044947,0.212139,0.318616,0.021904
1777990988400.000000,-0.401901,-0.474663,2.030672,-0.064616,0.063907,3.053351,-0.763334,-0.570971,-0.359785,-0.154101,-0.500000,-0.500000,2.000000,3.100000,0.105859,0.046649,0.156455,0.265905,-0.015583
1777990988500.000000,-0.411394,-0.492120,2.025593,-0.090528,0.060444,3.049949,-0.441948,-0.340254,-0.323113,-0.144867,-0.500000,-0.500000,2.000000,3.100000,0.092564,0.050051,0.078552,0.182531,-0.050794
1777990988601.000000,-0.412848,-0.500609,2.018033,-0.094786,0.058169,3.047202,-0.133134,0.001604,-0.264447,-0.139591,-0.500000,-0.500000,2.000000,3.100000,0.089000,0.052798,0.006415,0.085026,-0.074849
1777990988701.000000,-0.406371,-0.499465,2.008083,-0.095013,0.060340,3.042903,0.249145,0.456597,-0.169300,-0.129269,-0.500000,-0.500000,2.000000,3.100000,0.093979,0.057097,-0.063330,-0.017766,-0.099500
1777990988801.000000,-0.393961,-0.490636,1.997399,-0.063260,0.038765,3.035288,0.571275,0.866381,-0.069078,-0.113045,-0.500000,-0.500000,2.000000,3.100000,0.106483,0.064712,-0.114027,-0.100955,-0.106844
1777990988901.000000,-0.378701,-0.477248,1.987941,-0.007339,-0.022169,3.029226,0.788450,1.161410,0.016453,-0.105180,-0.500000,-0.500000,2.000000,3.100000,0.124002,0.070774,-0.136632,-0.150147,-0.094583
1777990989026.000000,-0.367570,-0.465752,1.981822,0.031510,-0.071553,3.024123,0.562154,0.931208,0.056821,-0.096826,-0.500000,-0.500000,2.000000,3.100000,0.137989,0.075877,-0.077649,-0.101771,-0.048951
1777990989101.000000,-0.357116,-0.450721,1.974675,0.050678,-0.103317,3.020833,1.053899,2.005140,0.189870,-0.089105,-0.500000,-0.500000,2.000000,3.100000,0.153250,0.079167,-0.114234,-0.215747,-0.095294
1777990989202.000000,-0.356605,-0.444294,1.971115,0.055746,-0.110520,3.018206,0.271588,0.817973,0.197355,-0.083337,-0.500000,-0.500000,2.000000,3.100000,0.156524,0.081794,0.002808,-0.063769,-0.035240
1777990989308.000000,-0.363727,-0.440060,1.968553,0.058164,-0.101105,3.018799,0.093788,1.023952,0.257427,-0.081951,-0.500000,-0.500000,2.000000,3.100000,0.152158,0.081201,0.071575,-0.031412,-0.024178
1777990989412.000000,-0.379936,-0.441025,1.968225,0.059141,-0.095401,3.020661,-0.375063,0.728365,0.284331,-0.078809,-0.500000,-0.500000,2.000000,3.100000,0.137488,0.079339,0.153604,0.028009,-0.003146
1777990989511.000000,-0.401616,-0.447227,1.970385,0.056766,-0.075905,3.023041,-0.720576,0.417684,0.282157,-0.075600,-0.500000,-0.500000,2.000000,3.100000,0.115505,0.076959,0.210040,0.088109,0.021818
1777990989615.000000,-0.428166,-0.459267,1.975103,0.065918,-0.036971,3.021771,-0.996856,0.073064,0.255023,-0.062506,-0.500000,-0.500000,2.000000,3.100000,0.086250,0.078229,0.239624,0.145458,0.045362
1777990989715.000000,-0.454803,-0.476822,1.981846,0.061700,0.006432,3.013471,-1.174904,-0.385786,0.200983,-0.038134,-0.500000,-0.500000,2.000000,3.100000,0.053940,0.086529,0.241753,0.208146,0.067432
1777990989816.000000,-0.478305,-0.497870,1.990423,0.050125,0.038426,3.006840,-1.121988,-0.667186,0.123663,-0.028266,-0.500000,-0.500000,2.000000,3.100000,0.023810,0.093160,0.202590,0.237769,0.084923
