timestamp,x,y,z,roll,pitch,yaw,vx_cmd,vy_cmd,vz_cmd,yaw_rate_cmd,target_x,target_y,target_z,target_yaw,pos_error,yaw_error
1777304993.223803,-0.116563,-0.363077,0.576594,-0.059821,0.019379,0.258931,1.372200,0.975109,1.372200,-0.792100,0.000000,0.000000,2.000000,0.000000,1.473600,0.258931
0.113132,-0.108377,-0.363976,0.593800,-0.057971,0.016465,0.235487,0.156104,0.403336,1.372200,-0.159334,0.000000,0.000000,2.000000,0.000000,1.456579,0.235487
0.090619,-0.098449,-0.361620,0.607157,-0.104214,0.054220,0.196157,0.090263,0.379295,1.372200,-0.118564,0.000000,0.000000,2.000000,0.000000,1.442384,0.196157
0.097550,-0.083399,-0.353946,0.630751,-0.164762,0.085172,0.187628,0.011712,0.328317,1.372200,-0.154558,0.000000,0.000000,2.000000,0.000000,1.416713,0.187628
0.108905,-0.062639,-0.337268,0.670993,-0.146753,0.025398,0.189488,-0.066574,0.243587,1.372200,-0.175662,0.000000,0.000000,2.000000,0.000000,1.372564,0.189488
0.094269,-0.044588,-0.317107,0.717126,-0.101442,-0.011010,0.198574,-0.101636,0.162866,1.372200,-0.198474,0.000000,0.000000,2.000000,0.000000,1.322237,0.198574
0.098248,-0.026970,-0.290831,0.782138,-0.076244,-0.015997,0.208520,-0.123710,0.080952,1.372200,-0.215575,0.000000,0.000000,2.000000,0.000000,1.252397,0.208520
0.099470,-0.013186,-0.262949,0.860151,-0.064215,-0.011970,0.212052,-0.104526,0.032286,1.372200,-0.221718,0.000000,0.000000,2.000000,0.000000,1.169859,0.212052
0.110546,-0.003076,-0.234234,0.958845,-0.049945,-0.014572,0.209465,-0.067723,0.014906,1.372200,-0.225226,0.000000,0.000000,2.000000,0.000000,1.067183,0.209465
0.097273,0.001877,-0.211032,1.057218,-0.047960,-0.023309,0.205559,-0.031105,0.004600,1.372200,-0.230363,0.000000,0.000000,2.000000,0.000000,0.966114,0.205559
0.096892,0.003972,-0.191127,1.151348,-0.053644,-0.011286,0.202155,-0.000196,0.012397,1.320575,-0.237750,0.000000,0.000000,2.000000,0.000000,0.869917,0.202155
0.104403,0.003903,-0.173364,1.248802,-0.049313,-0.001635,0.197778,0.026455,0.026067,1.135605,-0.243826,0.000000,0.000000,2.000000,0.000000,0.770953,0.197778
0.095073,0.001794,-0.152930,1.370038,-0.045192,-0.010237,0.196259,0.037437,-0.047716,0.719753,-0.254094,0.000000,0.000000,2.000000,0.000000,0.648261,0.196259
0.107091,-0.001794,-0.134318,1.492697,-0.043256,-0.008795,0.192883,0.058162,-0.027147,0.526058,-0.260032,0.000000,0.000000,2.000000,0.000000,0.524787,0.192883
0.090998,-0.005562,-0.119809,1.588325,-0.028953,-0.008807,0.180389,0.071430,-0.029102,0.371839,-0.248941,0.000000,0.000000,2.000000,0.000000,0.428790,0.180389
0.110126,-0.010912,-0.104068,1.691971,-0.024285,-0.010059,0.172683,0.085608,-0.030308,0.208180,-0.259040,0.000000,0.000000,2.000000,0.000000,0.325316,0.172683
0.095906,-0.063107,-0.061448,1.727944,-0.029402,-0.006447,0.175818,0.600583,-0.497798,0.403447,-0.279065,0.000000,0.000000,2.000000,0.000000,0.285960,0.175818
0.100583,-0.020495,-0.079834,1.829258,-0.030389,0.001078,0.157705,-0.353712,0.368502,-0.109541,-0.253526,0.000000,0.000000,2.000000,0.000000,0.189595,0.157705
0.099175,-0.021192,-0.071292,1.877480,0.000390,0.070898,0.147022,0.056968,0.002008,0.038692,-0.259931,0.000000,0.000000,2.000000,0.000000,0.143328,0.147022
0.102465,-0.018478,-0.066033,1.912019,0.004836,0.078673,0.139494,0.022802,0.039213,0.037901,-0.264741,0.000000,0.000000,2.000000,0.000000,0.111546,0.139494
0.098121,-0.013150,-0.062947,1.932071,-0.025689,0.012476,0.128300,-0.010688,0.061879,0.059466,-0.259002,0.000000,0.000000,2.000000,0.000000,0.093539,0.128300
0.100813,-0.004450,-0.062191,1.943493,-0.037174,-0.004385,0.121365,-0.051572,0.091822,0.079129,-0.264309,0.000000,0.000000,2.000000,0.000000,0.084146,0.121365
0.095093,0.003277,-0.061657,1.948257,-0.036594,-0.002094,0.114451,-0.055364,0.093281,0.099369,-0.264267,0.000000,0.000000,2.000000,0.000000,0.080558,0.114451
0.102375,0.010903,-0.061278,1.949548,-0.041286,0.001127,0.106382,-0.058292,0.094720,0.114578,-0.263213,0.000000,0.000000,2.000000,0.000000,0.080120,0.106382
0.100939,0.017828,-0.060554,1.947730,-0.036237,-0.005810,0.099280,-0.062794,0.090150,0.132986,-0.263822,0.000000,0.000000,2.000000,0.000000,0.081956,0.099280
0.103368,0.023485,-0.059369,1.944741,-0.042815,-0.010366,0.090392,-0.058360,0.083193,0.144426,-0.260551,0.000000,0.000000,2.000000,0.000000,0.084438,0.090392
0.103503,0.028269,-0.056984,1.942328,-0.055178,-0.008166,0.081220,-0.059984,0.067653,0.146776,-0.257886,0.000000,0.000000,2.000000,0.000000,0.085862,0.081220
0.108055,0.030874,-0.053813,1.941335,-0.048900,-0.014306,0.073046,-0.044497,0.055765,0.142106,-0.257170,0.000000,0.000000,2.000000,0.000000,0.085386,0.073046
0.098011,0.031887,-0.049093,1.941281,-0.042040,-0.014758,0.066879,-0.036699,0.029562,0.138092,-0.257199,0.000000,0.000000,2.000000,0.000000,0.082915,0.066879
0.085590,0.031364,-0.044365,1.942108,-0.035994,-0.013806,0.062118,-0.022732,0.015749,0.131492,-0.257097,0.000000,0.000000,2.000000,0.000000,0.079394,0.062118
0.118908,0.028881,-0.036904,1.943869,-0.033417,-0.012630,0.054788,-0.009414,-0.001323,0.125366,-0.254495,0.000000,0.000000,2.000000,0.000000,0.073121,0.054788
0.083997,0.025307,-0.031498,1.944911,-0.022449,-0.016920,0.051411,0.014710,-0.010204,0.124338,-0.256244,0.000000,0.000000,2.000000,0.000000,0.068318,0.051411
0.098935,0.020542,-0.025922,1.946150,-0.030472,-0.005323,0.045052,0.023562,-0.007952,0.121704,-0.251612,0.000000,0.000000,2.000000,0.000000,0.063196,0.045052
0.100273,0.014953,-0.020655,1.947167,-0.023847,-0.005401,0.035837,0.035937,-0.009766,0.120720,-0.244238,0.000000,0.000000,2.000000,0.000000,0.058665,0.035837
0.099433,0.008629,-0.016138,1.947498,-0.023875,-0.005640,0.027367,0.050319,-0.007133,0.123282,-0.240266,0.000000,0.000000,2.000000,0.000000,0.055600,0.027367
0.101639,0.001886,-0.012430,1.947747,-0.023036,-0.003847,0.021623,0.060508,-0.001466,0.123184,-0.240056,0.000000,0.000000,2.000000,0.000000,0.053745,0.021623
0.108523,-0.005789,-0.008642,1.948188,-0.029551,0.002644,0.013172,0.074281,-0.003557,0.121489,-0.232792,0.000000,0.000000,2.000000,0.000000,0.052846,0.013172
0.100408,-0.012733,-0.005930,1.949088,-0.032421,0.004402,0.009231,0.081752,0.002211,0.117280,-0.234191,0.000000,0.000000,2.000000,0.000000,0.052814,0.009231
0.099382,-0.019097,-0.002886,1.950549,-0.025240,0.009029,0.000246,0.085464,-0.004245,0.111492,-0.223028,0.000000,0.000000,2.000000,0.000000,0.053089,0.000246
0.100109,-0.024448,-0.000256,1.953005,-0.026797,0.009498,-0.004668,0.082911,-0.002008,0.101683,-0.223347,0.000000,0.000000,2.000000,0.000000,0.052975,0.004668
0.092341,-0.028538,0.001866,1.955371,-0.029310,0.012337,-0.011171,0.080745,-0.000464,0.096225,-0.216277,0.000000,0.000000,2.000000,0.000000,0.053006,0.011171
0.108254,-0.032423,0.003830,1.958801,-0.026204,0.016646,-0.018983,0.080192,0.002712,0.086188,-0.209691,0.000000,0.000000,2.000000,0.000000,0.052567,0.018983
0.099971,-0.034602,0.005141,1.962426,-0.029665,0.014120,-0.027981,0.071560,0.006540,0.076444,-0.200382,0.000000,0.000000,2.000000,0.000000,0.051338,0.027981
0.099465,-0.035681,0.006171,1.965517,-0.022331,0.015769,-0.033514,0.065243,0.007820,0.072477,-0.198246,0.000000,0.000000,2.000000,0.000000,0.050003,0.033514
0.102262,-0.035636,0.006573,1.968890,-0.018556,0.014698,-0.038587,0.057308,0.013477,0.064530,-0.193418,0.000000,0.000000,2.000000,0.000000,0.047759,0.038587
0.098503,-0.034456,0.006549,1.972131,-0.019153,0.018358,-0.047267,0.047517,0.017254,0.057820,-0.181466,0.000000,0.000000,2.000000,0.000000,0.044797,0.047267
0.101199,-0.032628,0.006002,1.975200,-0.020295,0.015857,-0.054967,0.040331,0.022618,0.052653,-0.174618,0.000000,0.000000,2.000000,0.000000,0.041420,0.054967
0.099200,-0.029797,0.004859,1.978111,-0.022235,0.011940,-0.060745,0.025474,0.029188,0.047053,-0.169450,0.000000,0.000000,2.000000,0.000000,0.037291,0.060745
0.102540,-0.026277,0.003506,1.981046,-0.022976,0.009269,-0.068756,0.015033,0.031518,0.041278,-0.158618,0.000000,0.000000,2.000000,0.000000,0.032589,0.068756
0.096786,-0.022790,0.001848,1.983301,-0.017871,0.010161,-0.075718,0.008786,0.036980,0.039118,-0.150888,0.000000,0.000000,2.000000,0.000000,0.028314,0.075718
0.099970,-0.019133,-0.000058,1.984850,-0.021186,0.011818,-0.078981,0.003784,0.040799,0.039615,-0.148646,0.000000,0.000000,2.000000,0.000000,0.024404,0.078981
0.100201,-0.015035,-0.002013,1.986889,-0.021487,0.004619,-0.079384,-0.005499,0.042905,0.033054,-0.147346,0.000000,0.000000,2.000000,0.000000,0.020050,0.079384
0.100069,-0.010861,-0.003844,1.989305,-0.027808,0.011246,-0.090106,-0.011437,0.043514,0.026203,-0.125701,0.000000,0.000000,2.000000,0.000000,0.015720,0.090106
0.099179,-0.006882,-0.005651,1.991690,-0.024341,0.004005,-0.093789,-0.014433,0.045772,0.021273,-0.125449,0.000000,0.000000,2.000000,0.000000,0.012180,0.093789
0.099904,-0.003293,-0.007318,1.994233,-0.022245,0.000061,-0.098597,-0.014150,0.046825,0.015304,-0.116378,0.000000,0.000000,2.000000,0.000000,0.009882,0.098597
0.100339,-0.000058,-0.009100,1.996935,-0.029676,0.005039,-0.102863,1.224047,1.372200,1.372200,-0.792100,1.000000,1.000000,3.000000,-1.500000,1.739120,1.397137
0.101054,0.003542,-0.010015,1.999909,-0.034900,0.016138,-0.112883,0.933350,1.243164,1.372200,-0.792100,1.000000,1.000000,3.000000,-1.500000,1.735869,1.387117
0.098556,0.014508,-0.004989,2.013489,-0.118422,0.139222,-0.141086,0.815562,1.186657,1.372200,-0.792100,1.000000,1.000000,3.000000,-1.500000,1.718837,1.358914
0.102290,0.041063,0.011361,2.046009,-0.208186,0.260418,-0.168445,0.619939,1.044297,1.372200,-0.792100,1.000000,1.000000,3.000000,-1.500000,1.675430,1.331555
0.099201,0.089621,0.045049,2.098723,-0.209921,0.261498,-0.217652,0.324951,0.784694,1.372200,-0.792100,1.000000,1.000000,3.000000,-1.500000,1.597817,1.282348
0.101009,0.163198,0.098953,2.171299,-0.207281,0.219027,-0.264279,0.033054,0.453574,1.372200,-0.792100,1.000000,1.000000,3.000000,-1.500000,1.482859,1.235721
0.098716,0.255197,0.171403,2.259313,-0.202820,0.167437,-0.319711,-0.202020,0.075925,1.133674,-0.792100,1.000000,1.000000,3.000000,-1.500000,1.337879,1.180289
0.101968,0.357371,0.257141,2.358306,-0.161612,0.090853,-0.383578,-0.301193,-0.199375,0.889509,-0.792100,1.000000,1.000000,3.000000,-1.500000,1.173279,1.116422
0.100095,0.459593,0.350422,2.463799,-0.080874,0.005235,-0.428461,-0.328871,-0.448271,0.629948,-0.792100,1.000000,1.000000,3.000000,-1.500000,1.000751,1.071539
0.104945,0.554604,0.443366,2.568386,0.009605,-0.076585,-0.474288,-0.265552,-0.498467,0.439320,-0.792100,1.000000,1.000000,3.000000,-1.500000,0.833372,1.025712
0.092284,0.635644,0.530140,2.662653,0.049148,-0.104502,-0.529135,-0.211362,-0.673733,0.230946,-0.792100,1.000000,1.000000,3.000000,-1.500000,0.683613,0.970865
0.098806,0.694445,0.599633,2.733761,0.087764,-0.138068,-0.570652,-0.077825,-0.401404,0.226809,-0.792100,1.000000,1.000000,3.000000,-1.500000,0.569685,0.929348
0.100904,0.747954,0.670116,2.800295,0.154068,-0.169867,-0.617015,-0.008456,-0.455973,0.116914,-0.792100,1.000000,1.000000,3.000000,-1.500000,0.460687,0.882985
0.100718,0.778860,0.719319,2.840773,0.163614,-0.158014,-0.659616,0.068592,-0.193345,0.155463,-0.792100,1.000000,1.000000,3.000000,-1.500000,0.391201,0.840384
0.100972,0.792945,0.750647,2.863743,0.160789,-0.127788,-0.710826,0.100294,0.037059,0.190846,-0.792100,1.000000,1.000000,3.000000,-1.500000,0.351588,0.789174
0.098532,0.796409,0.773516,2.878086,0.122012,-0.074177,-0.770167,0.134466,0.160808,0.200059,-0.792100,1.000000,1.000000,3.000000,-1.500000,0.328035,0.729833
0.106158,0.790785,0.781883,2.880978,0.089640,-0.022422,-0.824277,0.079808,0.347417,0.250520,-0.792100,1.000000,1.000000,3.000000,-1.500000,0.324826,0.675723
0.102819,0.780576,0.783757,2.878723,0.057014,0.013944,-0.884008,0.048739,0.438548,0.278694,-0.792100,1.000000,1.000000,3.000000,-1.500000,0.331083,0.615992
0.094834,0.768157,0.779989,2.871271,0.031113,0.057289,-0.943428,-0.003218,0.518035,0.321276,-0.792100,1.000000,1.000000,3.000000,-1.500000,0.344568,0.556572
0.108484,0.760445,0.774832,2.862486,0.007457,0.084005,-0.996264,-0.072706,0.477776,0.340726,-0.792100,1.000000,1.000000,3.000000,-1.500000,0.356367,0.503736
0.102321,0.759103,0.770360,2.852511,-0.015829,0.120986,-1.056269,-0.131777,0.419989,0.369405,-0.792100,1.000000,1.000000,3.000000,-1.500000,0.364031,0.443731
0.095716,0.765559,0.769319,2.845564,-0.024459,0.149938,-1.106763,-0.164149,0.313900,0.371991,-0.792100,1.000000,1.000000,3.000000,-1.500000,0.363354,0.393237
0.092388,0.781964,0.772200,2.841557,-0.026877,0.128139,-1.157168,-0.190221,0.161267,0.366401,-0.792100,1.000000,1.000000,3.000000,-1.500000,0.352898,0.342832
0.116089,0.806945,0.779155,2.841153,-0.024984,0.102900,-1.209827,-0.186353,0.074335,0.348196,-0.792100,1.000000,1.000000,3.000000,-1.500000,0.333580,0.290173
0.089320,0.837913,0.790592,2.844240,-0.017714,0.076366,-1.263733,-0.161362,-0.128323,0.323601,-0.777240,1.000000,1.000000,3.000000,-1.500000,0.307221,0.236267
0.113789,0.875835,0.806315,2.851439,0.000871,0.033328,-1.326176,-0.132415,-0.170763,0.294893,-0.738967,1.000000,1.000000,3.000000,-1.500000,0.273864,0.173824
0.103891,0.909615,0.822853,2.858598,0.015852,0.002962,-1.380320,-0.088500,-0.212758,0.277278,-0.703874,1.000000,1.000000,3.000000,-1.500000,0.244018,0.119680
0.107458,0.946579,0.843209,2.868149,0.028292,-0.024414,-1.440571,-0.029267,-0.284563,0.247834,-0.658077,1.000000,1.000000,3.000000,-1.500000,0.211712,0.059429
0.076753,0.967373,0.856449,2.874510,0.033162,-0.035459,-1.477402,-0.017377,-0.229408,0.237438,-0.640160,1.000000,1.000000,3.000000,-1.500000,0.193440,0.022598
0.101017,0.987784,0.872210,2.882260,0.040087,-0.062253,-1.518981,-0.005748,-0.178141,0.224230,-0.616823,1.000000,1.000000,3.000000,-1.500000,0.174190,0.018981
0.099790,1.001240,0.886431,2.889443,0.044701,-0.062238,-1.560811,0.003183,-0.120803,0.211520,-0.584060,1.000000,1.000000,3.000000,-1.500000,0.158500,0.060811
0.101315,1.008309,0.898402,2.895977,0.055578,-0.059077,-1.606874,-0.006635,-0.059853,0.201469,-0.543417,1.000000,1.000000,3.000000,-1.500000,0.145643,0.106874
0.098139,1.009652,0.907828,2.903039,0.057233,-0.041852,-1.639480,-0.022123,-0.003496,0.183191,-0.525957,1.000000,1.000000,3.000000,-1.500000,0.134128,0.139480
0.100386,1.006938,0.915132,2.910052,0.061070,-0.023618,-1.681956,-0.044021,0.039213,0.169573,-0.478969,1.000000,1.000000,3.000000,-1.500000,0.123860,0.181956
0.106472,1.001850,0.919820,2.917415,0.056744,-0.011523,-1.714475,-0.074732,0.061341,0.154557,-0.456786,1.000000,1.000000,3.000000,-1.500000,0.115120,0.214475
0.095397,0.995294,0.922184,2.925540,0.059075,-0.011077,-1.747641,-0.099842,0.085313,0.129978,-0.418422,1.000000,1.000000,3.000000,-1.500000,0.107804,0.247641
0.103992,0.988112,0.922675,2.933256,0.058719,-0.008045,-1.775111,-0.124690,0.087745,0.119134,-0.393741,1.000000,1.000000,3.000000,-1.500000,0.102836,0.275111
0.094163,0.980588,0.921900,2.940017,0.042443,-0.001950,-1.793584,-0.145352,0.102817,0.106192,-0.374295,1.000000,1.000000,3.000000,-1.500000,0.100371,0.293584
0.101569,0.973669,0.919834,2.946070,0.040659,0.001465,-1.819692,-0.161497,0.090237,0.099395,-0.334876,1.000000,1.000000,3.000000,-1.500000,0.100142,0.319692
0.099594,0.967352,0.917753,2.951447,0.030798,0.009429,-1.832843,-0.165882,0.089120,0.090866,-0.322006,1.000000,1.000000,3.000000,-1.500000,0.100935,0.332843
0.098622,0.963496,0.915497,2.957498,0.033298,0.014366,-1.860745,-0.166419,0.062117,0.074734,-0.271225,1.000000,1.000000,3.000000,-1.500000,0.101389,0.360745
0.099777,0.960668,0.914167,2.963236,0.027895,0.011238,-1.875538,-0.156359,0.054193,0.064611,-0.256092,1.000000,1.000000,3.000000,-1.500000,0.101320,0.375538
0.099721,0.959670,0.913863,2.968874,0.024788,0.007265,-1.889981,-0.141124,0.037628,0.053322,-0.227937,1.000000,1.000000,3.000000,-1.500000,0.100074,0.389981
0.115893,0.960027,0.914832,2.974618,0.017367,0.004267,-1.900211,-0.124247,0.026817,0.044680,-0.204268,1.000000,1.000000,3.000000,-1.500000,0.097446,0.400211
0.084047,0.961367,0.916752,2.979089,0.030831,0.017850,-1.916102,-0.102882,0.016435,0.033630,-0.166950,1.000000,1.000000,3.000000,-1.500000,0.094127,0.416102
0.102610,0.963811,0.919939,2.984608,0.021283,0.003332,-1.926857,-0.087686,0.009205,0.021841,-0.146798,1.000000,1.000000,3.000000,-1.500000,0.089198,0.426857
0.097550,0.966532,0.924229,2.989854,0.022594,0.010175,-1.930691,-0.067802,0.008534,0.010910,-0.130518,1.000000,1.000000,3.000000,-1.500000,0.083453,0.430691
0.100193,0.969831,0.929130,2.995436,0.029323,0.001100,-1.944632,-0.054744,0.003117,-0.001645,-0.090116,1.000000,1.000000,3.000000,-1.500000,0.077159,0.444632
0.100625,0.972963,0.934683,3.000749,0.029481,-0.005470,-1.946252,-0.042360,0.006334,-0.011390,-0.079533,1.000000,1.000000,3.000000,-1.500000,0.070696,0.446252
0.099991,0.976307,0.940538,3.005480,0.030848,0.009488,-1.948071,-0.030847,0.004241,-0.019039,-0.056844,1.000000,1.000000,3.000000,-1.500000,0.064242,0.448071
0.111447,0.979961,0.946384,3.010058,0.043590,0.004571,-1.960045,-0.029863,0.000783,-0.026432,-0.015648,1.000000,1.000000,3.000000,-1.500000,0.058115,0.460045
0.088478,0.982801,0.951024,3.013705,0.042559,-0.001092,-1.960622,-0.024334,0.000497,-0.035002,-0.005633,1.000000,1.000000,3.000000,-1.500000,0.053687,0.460622
0.103457,0.985588,0.955628,3.016472,0.049454,0.002075,-1.963798,-0.028565,0.001405,-0.035126,0.021627,1.000000,1.000000,3.000000,-1.500000,0.049476,0.463798
0.105799,0.988862,0.959878,3.019335,0.047805,0.007826,-1.959660,-0.025623,-0.005762,-0.042763,0.035072,1.000000,1.000000,3.000000,-1.500000,0.045909,0.459660
0.102271,0.991029,0.963075,3.020423,0.050131,0.002405,-1.958877,-0.034358,-0.000525,-0.038740,0.059772,1.000000,1.000000,3.000000,-1.500000,0.043140,0.458877
0.098368,0.993342,0.965347,3.021078,0.045938,-0.005882,-1.959822,-0.038283,-0.007585,-0.039742,0.083511,1.000000,1.000000,3.000000,-1.500000,0.041103,0.459822
0.100319,0.995134,0.966699,3.020934,0.041282,-0.005511,-1.952890,-0.048101,-0.006790,-0.037139,0.092640,1.000000,1.000000,3.000000,-1.500000,0.039634,0.452890
0.099117,0.995911,0.967227,3.019870,0.045430,0.000611,-1.950578,-0.059398,-0.000493,-0.031945,0.116573,1.000000,1.000000,3.000000,-1.500000,0.038544,0.450578
0.099713,0.996386,0.966833,3.018460,0.044559,-0.004946,-1.953616,-0.070081,-0.001972,-0.028744,0.145277,1.000000,1.000000,3.000000,-1.500000,0.038130,0.453616
0.099977,0.995748,0.965628,3.016048,0.045116,-0.004830,-1.953338,-0.084074,0.006057,-0.020135,0.163356,1.000000,1.000000,3.000000,-1.500000,0.038171,0.453338
0.100593,0.994940,0.963982,3.013448,0.037613,-0.003247,-1.946865,-0.090985,0.006699,-0.014902,0.174222,1.000000,1.000000,3.000000,-1.500000,0.038778,0.446865
0.100283,0.993595,0.961971,3.010356,0.034798,-0.000580,-1.941179,-0.099284,0.011756,-0.006849,0.191946,1.000000,1.000000,3.000000,-1.500000,0.039931,0.441179
0.101391,0.991579,0.960353,3.006636,0.034924,0.005515,-1.935543,-0.100002,0.021779,0.003206,0.209038,1.000000,1.000000,3.000000,-1.500000,0.041071,0.435543
0.098894,0.989987,0.958988,3.003014,0.028926,0.005084,-1.923650,-0.098149,0.021070,0.010499,0.214381,1.000000,1.000000,3.000000,-1.500000,0.042324,0.423650
0.093188,0.987929,0.958443,2.999363,0.036175,0.011306,-1.919186,-0.093544,0.032356,0.019377,0.236716,1.000000,1.000000,3.000000,-1.500000,0.043280,0.419186
0.101295,0.986326,0.958372,2.995982,0.037294,0.012914,-1.911562,-0.086479,0.030192,0.023955,0.248518,1.000000,1.000000,3.000000,-1.500000,0.044000,0.411562
0.108915,0.984981,0.958954,2.992864,0.034401,0.022270,-1.894693,-0.078483,0.031749,0.028758,0.249474,1.000000,1.000000,3.000000,-1.500000,0.044286,0.394693
0.095150,0.983972,0.960038,2.990355,0.037916,0.009745,-1.886968,-0.070712,0.034013,0.033600,0.268603,1.000000,1.000000,3.000000,-1.500000,0.044124,0.386968
0.100770,0.983459,0.961434,2.988202,0.035985,0.009246,-1.875327,-0.064729,0.030954,0.036574,0.275103,1.000000,1.000000,3.000000,-1.500000,0.043591,0.375327
0.106563,0.983044,0.963509,2.985522,0.035227,0.008396,-1.862029,-0.056142,0.033386,0.045116,0.283215,1.000000,1.000000,3.000000,-1.500000,0.042764,0.362029
0.103094,0.982793,0.965677,2.983129,0.032896,0.004227,-1.846198,-0.051378,0.034125,0.050465,0.286320,1.000000,1.000000,3.000000,-1.500000,0.041938,0.346198
0.108499,0.982655,0.967633,2.980464,0.051966,0.023778,-1.839758,-0.051933,0.033106,0.058244,0.308334,1.000000,1.000000,3.000000,-1.500000,0.041595,0.339758
0.093665,0.982404,0.969503,2.977637,0.040117,0.008036,-1.819441,-0.047703,0.036888,0.068371,0.293214,1.000000,1.000000,3.000000,-1.500000,0.041711,0.319441
0.088951,0.982674,0.970765,2.974882,0.042167,0.013322,-1.805341,-0.050390,0.030174,0.076148,0.301855,1.000000,1.000000,3.000000,-1.500000,0.042259,0.305341
0.103780,0.982606,0.972093,2.970742,0.048228,0.011474,-1.799103,-0.051172,0.034412,0.091288,0.321655,1.000000,1.000000,3.000000,-1.500000,0.044016,0.299103
0.100397,0.982657,0.973007,2.967488,0.034820,0.001138,-1.778775,-0.053096,0.033554,0.096922,0.307072,1.000000,1.000000,3.000000,-1.500000,0.045677,0.278775
0.095093,0.983415,0.972956,2.966135,0.038299,0.004414,-1.762723,-0.061086,0.023748,0.092813,0.310946,1.000000,1.000000,3.000000,-1.500000,0.046403,0.262723
0.099565,0.983813,0.972914,2.965525,0.034944,0.020212,-1.746686,-0.061289,0.028517,0.090224,0.312142,1.000000,1.000000,3.000000,-1.500000,0.046736,0.246686
0.100198,0.984560,0.972397,2.966379,0.038830,0.018671,-1.733477,-0.065754,0.023941,0.081448,0.316821,1.000000,1.000000,3.000000,-1.500000,0.046160,0.233477
0.101318,0.985433,0.971599,2.968035,0.047701,0.020386,-1.723899,-0.068923,0.021814,0.074257,0.324467,1.000000,1.000000,3.000000,-1.500000,0.045173,0.223899
0.101217,0.986502,0.970540,2.970272,0.040027,0.012610,-1.705088,-0.071949,0.019373,0.066848,0.312419,1.000000,1.000000,3.000000,-1.500000,0.043975,0.205088
0.098302,0.987299,0.969268,2.972559,0.041877,0.018318,-1.693164,-0.075953,0.021503,0.061529,0.319297,1.000000,1.000000,3.000000,-1.500000,0.043114,0.193164
0.104115,0.988314,0.967916,2.975487,0.037555,0.011569,-1.677472,-0.076790,0.019670,0.053102,0.314285,1.000000,1.000000,3.000000,-1.500000,0.042033,0.177472
0.101362,0.988898,0.966335,2.978755,0.038414,0.009832,-1.659076,-0.081251,0.024318,0.044330,0.306142,1.000000,1.000000,3.000000,-1.500000,0.041327,0.159076
0.094244,0.989205,0.964551,2.982367,0.040445,0.017348,-1.644699,-0.086562,0.027437,0.033892,0.305357,1.000000,1.000000,3.000000,-1.500000,0.041038,0.144699
0.109157,0.988744,0.962587,2.985650,0.039321,0.012757,-1.630361,-0.087778,0.037116,0.030989,0.304137,1.000000,1.000000,3.000000,-1.500000,0.041621,0.130361
0.092095,0.988456,0.960520,2.988567,0.036244,0.013228,-1.612705,-0.094100,0.037506,0.024144,0.290950,1.000000,1.000000,3.000000,-1.500000,0.042692,0.112705
0.111412,0.987168,0.958272,2.991469,0.039330,0.015893,-1.599326,-0.093884,0.049210,0.020785,0.293741,1.000000,1.000000,3.000000,-1.500000,0.044482,0.099326
0.096984,0.985957,0.956224,2.994657,0.033039,0.024583,-1.575828,-0.095950,0.053688,0.010878,0.269111,1.000000,1.000000,3.000000,-1.500000,0.046283,0.075828
0.100015,0.984328,0.954203,2.997896,0.030816,0.026383,-1.559834,-0.096224,0.061085,0.004362,0.268704,1.000000,1.000000,3.000000,-1.500000,0.048450,0.059834
0.100968,0.982623,0.952255,3.001317,0.036356,0.018453,-1.551565,-0.096789,0.064384,-0.003582,0.272896,1.000000,1.000000,3.000000,-1.500000,0.050826,0.051565
0.099218,0.981359,0.950259,3.004542,0.031499,0.017505,-1.532520,-0.098723,0.063260,-0.009984,0.250582,1.000000,1.000000,3.000000,-1.500000,0.053313,0.032520
0.100221,0.979987,0.948751,3.007392,0.028253,0.036094,-1.512440,-0.093474,0.067499,-0.014528,0.236368,1.000000,1.000000,3.000000,-1.500000,0.055512,0.012440
0.099308,0.979409,0.947386,3.010272,0.023788,0.032620,-1.498733,-0.093189,0.060985,-0.021562,0.232736,1.000000,1.000000,3.000000,-1.500000,0.057426,0.001267
0.092937,0.979398,0.946315,3.012948,0.022173,0.035471,-1.483563,-0.091561,0.056187,-0.027932,0.219018,1.000000,1.000000,3.000000,-1.500000,0.058942,0.016437
0.106881,0.979591,0.945939,3.015805,0.032348,0.034682,-1.474292,-0.083111,0.053994,-0.034153,0.218597,1.000000,1.000000,3.000000,-1.500000,0.059908,0.025708
0.101061,0.980650,0.945888,3.018491,0.030610,0.026812,-1.463800,-0.080490,0.044105,-0.041067,0.207912,1.000000,1.000000,3.000000,-1.500000,0.060369,0.036200
0.098725,0.981356,0.946199,3.019773,0.030657,0.029479,-1.451007,-0.075350,0.047416,-0.038705,0.194229,1.000000,1.000000,3.000000,-1.500000,0.060275,0.048993
0.100312,0.982091,0.946883,3.020587,0.030326,0.023528,-1.437671,-0.070213,0.046820,-0.039603,0.181649,1.000000,1.000000,3.000000,-1.500000,0.059716,0.062329
0.099621,0.982719,0.947760,3.021188,0.030984,0.020587,-1.425036,-0.066491,0.047670,-0.041426,0.169891,1.000000,1.000000,3.000000,-1.500000,0.058962,0.074964
0.100362,0.983077,0.948844,3.021062,0.029818,0.020256,-1.412551,-0.062222,0.050499,-0.039255,0.157264,1.000000,1.000000,3.000000,-1.500000,0.057853,0.087449
0.100627,0.983768,0.950165,3.021026,0.032047,0.021834,-1.404899,-0.058658,0.046079,-0.041184,0.152041,1.000000,1.000000,3.000000,-1.500000,0.056472,0.095101
0.099974,0.984417,0.951031,3.021123,0.030556,0.025158,-1.395086,-0.062052,0.047034,-0.043584,0.138109,1.000000,1.000000,3.000000,-1.500000,0.055560,0.104914
0.100379,0.985064,0.951668,3.020956,0.030989,0.025547,-1.385199,-0.063484,0.047335,-0.043538,0.125726,1.000000,1.000000,3.000000,-1.500000,0.054756,0.114801
0.099067,0.985901,0.952068,3.020424,0.031475,0.028337,-1.378410,-0.065739,0.045157,-0.042158,0.118167,1.000000,1.000000,3.000000,-1.500000,0.053976,0.121590
0.104243,0.986480,0.952567,3.019348,0.023711,0.027247,-1.367773,-0.063438,0.048011,-0.039055,0.101006,1.000000,1.000000,3.000000,-1.500000,0.052981,0.132227
0.095500,0.987375,0.952297,3.018391,0.029795,0.019783,-1.366864,-0.072716,0.044825,-0.038506,0.103233,1.000000,1.000000,3.000000,-1.500000,0.052661,0.133136
0.101295,0.987829,0.952168,3.016833,0.031566,0.039658,-1.367458,-0.070294,0.049128,-0.033960,0.098766,1.000000,1.000000,3.000000,-1.500000,0.052148,0.132542
0.100613,0.988353,0.951732,3.015464,0.029179,0.043426,-1.371005,-0.074408,0.048296,-0.033112,0.097912,1.000000,1.000000,3.000000,-1.500000,0.052005,0.128995
0.098113,0.988961,0.951454,3.013862,0.021086,0.023148,-1.365167,-0.073200,0.046788,-0.029480,0.078483,1.000000,1.000000,3.000000,-1.500000,0.051679,0.134833
0.100670,0.989203,0.951430,3.011777,0.020403,0.031022,-1.365243,-0.069720,0.049950,-0.023925,0.077895,1.000000,1.000000,3.000000,-1.500000,0.051130,0.134757
0.099476,0.989237,0.951784,3.009425,0.022248,0.019164,-1.368968,-0.065106,0.050921,-0.018316,0.077839,1.000000,1.000000,3.000000,-1.500000,0.050294,0.131032
0.099737,0.988831,0.952361,3.007201,0.018384,0.030188,-1.366831,-0.060989,0.055528,-0.014859,0.064408,1.000000,1.000000,3.000000,-1.500000,0.049458,0.133169
0.098523,0.988278,0.953210,3.004865,0.024558,0.021967,-1.369904,-0.056821,0.056754,-0.009667,0.065532,1.000000,1.000000,3.000000,-1.500000,0.048481,0.130096
0.118069,0.986858,0.955275,3.000335,0.021196,0.028918,-1.374702,-0.043915,0.062465,0.006741,0.062777,1.000000,1.000000,3.000000,-1.500000,0.046617,0.125298
0.087238,0.985901,0.956934,2.996935,0.017883,0.024253,-1.374967,-0.040570,0.061680,0.014321,0.054186,1.000000,1.000000,3.000000,-1.500000,0.045419,0.125033
0.103913,0.985121,0.959036,2.993801,0.024409,0.030918,-1.379062,-0.037863,0.058010,0.017115,0.054581,1.000000,1.000000,3.000000,-1.500000,0.044021,0.120938
0.108142,0.983999,0.962002,2.989708,0.023581,0.032317,-1.382814,-0.026528,0.060043,0.030149,0.050741,1.000000,1.000000,3.000000,-1.500000,0.042495,0.117186
0.101489,0.983832,0.964367,2.986253,0.027358,0.028470,-1.389528,-0.030418,0.051160,0.036565,0.053132,1.000000,1.000000,3.000000,-1.500000,0.041474,0.110472
0.097138,0.983807,0.966964,2.982297,0.031499,0.036688,-1.391628,-0.024391,0.048488,0.049279,0.045335,1.000000,1.000000,3.000000,-1.500000,0.040828,0.108372
0.107716,0.984477,0.968418,2.979153,0.033343,0.040427,-1.388532,-0.038064,0.043305,0.051991,0.032655,1.000000,1.000000,3.000000,-1.500000,0.040902,0.111468
0.081936,0.986013,0.970264,2.974483,0.031278,0.031213,-1.390775,-0.029358,0.026256,0.076553,0.035368,1.000000,1.000000,3.000000,-1.500000,0.041605,0.109225
0.114206,0.988191,0.971687,2.969745,0.030890,0.027057,-1.392774,-0.039016,0.025167,0.081589,0.030014,1.000000,1.000000,3.000000,-1.500000,0.043087,0.107226
0.103950,0.990531,0.972455,2.965550,0.032448,0.025457,-1.395054,-0.044694,0.019753,0.092453,0.026862,1.000000,1.000000,3.000000,-1.500000,0.045113,0.104946
0.078909,0.992588,0.972654,2.961930,0.025099,0.030472,-1.389772,-0.050617,0.014939,0.104859,0.010531,1.000000,1.000000,3.000000,-1.500000,0.047456,0.110228
0.100372,0.995071,0.972868,2.958723,0.031382,0.032448,-1.394831,-0.051090,0.013472,0.107972,0.020321,1.000000,1.000000,3.000000,-1.500000,0.049641,0.105169
0.115792,0.997699,0.973014,2.956401,0.025110,0.025833,-1.390869,-0.051931,0.013169,0.110878,0.003452,1.000000,1.000000,3.000000,-1.500000,0.051327,0.109131
0.101347,0.999881,0.973175,2.954937,0.018734,0.025387,-1.389407,-0.051579,0.012049,0.114642,-0.000977,1.000000,1.000000,3.000000,-1.500000,0.052443,0.110593
0.091613,1.002285,0.973341,2.953860,0.019712,0.027790,-1.389114,-0.052601,0.004209,0.117219,-0.004914,1.000000,1.000000,3.000000,-1.500000,0.053336,0.110886
0.093304,1.004265,0.973639,2.953297,0.020149,0.021245,-1.386346,-0.050310,0.006726,0.115668,-0.014407,1.000000,1.000000,3.000000,-1.500000,0.053799,0.113654
0.107606,1.006851,0.974241,2.953682,0.030415,0.033641,-1.390485,-0.048368,-0.000685,0.110270,-0.010562,1.000000,1.000000,3.000000,-1.500000,0.053440,0.109515
0.095603,1.009152,0.974446,2.954761,0.027582,0.019007,-1.389299,-0.052438,-0.003537,0.104348,-0.021283,1.000000,1.000000,3.000000,-1.500000,0.052758,0.110701
0.104489,1.011461,0.974816,2.956440,0.032055,0.029421,-1.392328,-0.050888,-0.005869,0.098560,-0.020527,1.000000,1.000000,3.000000,-1.500000,0.051605,0.107672
0.099667,1.013568,0.974975,2.958532,0.024589,0.038759,-1.388590,-0.053322,-0.008203,0.091852,-0.034776,1.000000,1.000000,3.000000,-1.500000,0.050299,0.111410
0.103647,1.016538,0.974574,2.962202,0.029756,0.029244,-1.392174,-0.061879,-0.020452,0.077315,-0.030649,1.000000,1.000000,3.000000,-1.500000,0.048463,0.107826
0.095851,1.019485,0.974213,2.966599,0.029507,0.032843,-1.393615,-0.063486,-0.028096,0.063158,-0.036350,1.000000,1.000000,3.000000,-1.500000,0.046479,0.106385
0.100002,1.022399,0.973944,2.971073,0.024250,0.035241,-1.389477,-0.063512,-0.032117,0.054371,-0.049885,1.000000,1.000000,3.000000,-1.500000,0.044916,0.110523
0.101623,1.026290,0.973577,2.976229,0.022247,0.037344,-1.390895,-0.067921,-0.048993,0.040766,-0.048837,1.000000,1.000000,3.000000,-1.500000,0.044209,0.109105
0.098282,1.030262,0.973701,2.981259,0.016180,0.028332,-1.391212,-0.064466,-0.060049,0.030067,-0.054708,1.000000,1.000000,3.000000,-1.500000,0.044257,0.108788
0.099808,1.034226,0.974347,2.986002,0.024064,0.030838,-1.396407,-0.059289,-0.069112,0.021926,-0.051297,1.000000,1.000000,3.000000,-1.500000,0.045005,0.103593
0.100847,1.038055,0.975761,2.990482,0.025500,0.024728,-1.392060,-0.051340,-0.077430,0.014066,-0.068617,1.000000,1.000000,3.000000,-1.500000,0.046112,0.107940
0.099820,1.041670,0.977325,2.994724,0.023167,0.026147,-1.393546,-0.049080,-0.085153,0.006142,-0.067048,1.000000,1.000000,3.000000,-1.500000,0.047732,0.106454
0.099864,1.044314,0.979865,2.998194,0.020700,0.024673,-1.394222,-0.035605,-0.085391,0.002617,-0.072358,1.000000,1.000000,3.000000,-1.500000,0.048707,0.105778
0.098890,1.046283,0.982444,3.001735,0.019906,0.020690,-1.392115,-0.032478,-0.086630,-0.005405,-0.081575,1.000000,1.000000,3.000000,-1.500000,0.049531,0.107885
0.100379,1.047840,0.985749,3.004954,0.026368,0.025410,-1.397693,-0.021718,-0.091508,-0.010696,-0.075170,1.000000,1.000000,3.000000,-1.500000,0.050163,0.102307
0.100468,1.048556,0.989290,3.007478,0.023901,0.013197,-1.396223,-0.014224,-0.084644,-0.013197,-0.087871,1.000000,1.000000,3.000000,-1.500000,0.050282,0.103777
0.099812,1.047974,0.992913,3.009095,0.025523,0.012227,-1.398925,-0.006520,-0.071223,-0.012985,-0.086763,1.000000,1.000000,3.000000,-1.500000,0.049341,0.101075
0.100572,1.046496,0.996562,3.009913,0.025663,0.010906,-1.401291,-0.000593,-0.060931,-0.011578,-0.090154,1.000000,1.000000,3.000000,-1.500000,0.047665,0.098709
0.099731,1.043760,1.000297,3.010512,0.023373,0.011709,-1.402695,0.007538,-0.045420,-0.012585,-0.094680,1.000000,1.000000,3.000000,-1.500000,0.045006,0.097305
0.099433,1.039983,1.004284,3.010255,0.027919,0.015491,-1.407037,0.017840,-0.031419,-0.008711,-0.093190,1.000000,1.000000,3.000000,-1.500000,0.041499,0.092963
0.099501,1.036231,1.007834,3.009589,0.029927,0.028216,-1.409432,0.018575,-0.027666,-0.006065,-0.097669,1.000000,1.000000,3.000000,-1.500000,0.038288,0.090568
0.100625,1.032679,1.011530,3.008686,0.025349,0.022708,-1.410125,0.025279,-0.027450,-0.003746,-0.103119,1.000000,1.000000,3.000000,-1.500000,0.035725,0.089875
0.101455,1.029241,1.015301,3.007149,0.032806,0.031246,-1.420637,0.032287,-0.025971,0.001870,-0.090319,1.000000,1.000000,3.000000,-1.500000,0.033768,0.079363
0.099904,1.026455,1.018603,3.005577,0.027985,0.023223,-1.419792,0.033174,-0.029605,0.005013,-0.105460,1.000000,1.000000,3.000000,-1.500000,0.032819,0.080208
0.098519,1.024188,1.021844,3.004164,0.026970,0.035310,-1.422270,0.038753,-0.033143,0.006987,-0.104134,1.000000,1.000000,3.000000,-1.500000,0.032856,0.077730
0.111265,1.021906,1.025255,3.002532,0.028941,0.032848,-1.425091,0.043516,-0.033941,0.010335,-0.106096,1.000000,1.000000,3.000000,-1.500000,0.033527,0.074909
0.096284,1.021278,1.026918,3.002087,0.038347,0.038867,-1.431026,0.032416,-0.046573,0.006324,-0.101619,1.000000,1.000000,3.000000,-1.500000,0.034375,0.068974
0.108801,1.021754,1.028898,3.002364,0.038091,0.035330,-1.436094,0.037956,-0.059458,0.002124,-0.102827,1.000000,1.000000,3.000000,-1.500000,0.036248,0.063906
0.093656,1.022795,1.029686,3.003227,0.030484,0.023006,-1.433737,0.030486,-0.066984,-0.003078,-0.114296,1.000000,1.000000,3.000000,-1.500000,0.037567,0.066263
0.100755,1.024718,1.029615,3.004409,0.038218,0.029353,-1.444418,0.023703,-0.076433,-0.007069,-0.096910,1.000000,1.000000,3.000000,-1.500000,0.038826,0.055582
0.092047,1.026223,1.029237,3.005522,0.034108,0.023165,-1.446214,0.023257,-0.074994,-0.009941,-0.106306,1.000000,1.000000,3.000000,-1.500000,0.039660,0.053786
0.101502,1.028431,1.028200,3.007815,0.033899,0.027823,-1.447557,0.018197,-0.082593,-0.020323,-0.108494,1.000000,1.000000,3.000000,-1.500000,0.040800,0.052443
0.101218,1.029883,1.027263,3.009303,0.036601,0.016541,-1.451501,0.022673,-0.076576,-0.020355,-0.105599,1.000000,1.000000,3.000000,-1.500000,0.041506,0.048499
0.103404,1.031617,1.025575,3.011144,0.029355,0.013384,-1.451029,0.015972,-0.080311,-0.026532,-0.112505,1.000000,1.000000,3.000000,-1.500000,0.042165,0.048971
0.100633,1.032085,1.023799,3.011906,0.039931,0.018237,-1.460229,0.017681,-0.067684,-0.024124,-0.098772,1.000000,1.000000,3.000000,-1.500000,0.041684,0.039771
0.105170,1.031884,1.022025,3.012386,0.028317,0.010353,-1.457191,0.020055,-0.060717,-0.024654,-0.114571,1.000000,1.000000,3.000000,-1.500000,0.040683,0.042809
0.116488,1.030301,1.019188,3.012841,0.031119,0.019730,-1.463051,0.013616,-0.045524,-0.026399,-0.104924,1.000000,1.000000,3.000000,-1.500000,0.038095,0.036949
0.087744,1.028673,1.017493,3.012953,0.024128,0.022052,-1.460847,0.019599,-0.039081,-0.026219,-0.115327,1.000000,1.000000,3.000000,-1.500000,0.035999,0.039153
0.104445,1.025864,1.015101,3.012416,0.027153,0.016263,-1.464490,0.014589,-0.026395,-0.023001,-0.108784,1.000000,1.000000,3.000000,-1.500000,0.032421,0.035510
0.103136,1.023829,1.013495,3.011894,0.026627,0.024321,-1.465872,0.020161,-0.032469,-0.022860,-0.111550,1.000000,1.000000,3.000000,-1.500000,0.029856,0.034128
0.095317,1.020684,1.012064,3.010696,0.025014,0.027142,-1.464608,0.021038,-0.014854,-0.017533,-0.116588,1.000000,1.000000,3.000000,-1.500000,0.026225,0.035392
0.106739,1.018152,1.010868,3.010081,0.028358,0.026509,-1.467375,0.023117,-0.022245,-0.020299,-0.112547,1.000000,1.000000,3.000000,-1.500000,0.023435,0.032625
0.084238,1.016150,1.010324,3.009336,0.026808,0.022756,-1.467878,0.027844,-0.020498,-0.017865,-0.115394,1.000000,1.000000,3.000000,-1.500000,0.021321,0.032122
0.098513,1.013536,1.010270,3.008532,0.026984,0.029649,-1.470374,0.034727,-0.015281,-0.017131,-0.113176,1.000000,1.000000,3.000000,-1.500000,0.019013,0.029626
0.099810,1.012220,1.010633,3.008090,0.020419,0.050492,-1.467339,0.038210,-0.028721,-0.018595,-0.122188,1.000000,1.000000,3.000000,-1.500000,0.018106,0.032661
0.099152,1.012265,1.011643,3.007748,0.026930,0.052606,-1.475125,0.045129,-0.043846,-0.018920,-0.107470,1.000000,1.000000,3.000000,-1.500000,0.018602,0.024875
0.099862,1.012837,1.013148,3.006569,0.020598,0.023026,-1.470170,0.051109,-0.050998,-0.012962,-0.124636,1.000000,1.000000,3.000000,-1.500000,0.019514,0.029830
0.100487,1.013887,1.015321,3.004563,0.026099,0.015633,-1.473215,0.060013,-0.057943,-0.005221,-0.116117,1.000000,1.000000,3.000000,-1.500000,0.021176,0.026785
0.100023,1.014219,1.017664,3.002947,0.028226,0.016341,-1.470092,0.065023,-0.051312,-0.003891,-0.125617,1.000000,1.000000,3.000000,-1.500000,0.022867,0.029908
0.100113,1.014221,1.019940,3.001040,0.026777,0.026295,-1.470068,0.067083,-0.047974,0.001385,-0.124079,1.000000,1.000000,3.000000,-1.500000,0.024514,0.029932
0.100832,1.013576,1.021841,2.998903,0.036699,0.031053,-1.478792,0.066107,-0.039630,0.006952,-0.110681,1.000000,1.000000,3.000000,-1.500000,0.025740,0.021208
0.104278,1.013086,1.023585,2.997248,0.031055,0.023519,-1.475294,0.065450,-0.041101,0.008066,-0.125865,1.000000,1.000000,3.000000,-1.500000,0.027112,0.024706
0.094055,1.012351,1.025166,2.994701,0.036159,0.032294,-1.484021,0.067953,-0.036571,0.019098,-0.108366,1.000000,1.000000,3.000000,-1.500000,0.028530,0.015979
0.100308,1.011749,1.026440,2.992169,0.027026,0.028574,-1.478071,0.064603,-0.037977,0.024084,-0.128157,1.000000,1.000000,3.000000,-1.500000,0.029974,0.021929
0.102643,1.011447,1.027261,2.989398,0.037262,0.026796,-1.489120,0.060638,-0.039872,0.031506,-0.104956,1.000000,1.000000,3.000000,-1.500000,0.031410,0.010880
0.097377,1.011323,1.027477,2.986946,0.029675,0.029166,-1.486131,0.054415,-0.041200,0.036688,-0.120959,1.000000,1.000000,3.000000,-1.500000,0.032459,0.013869
0.099648,1.011303,1.027659,2.984204,0.034437,0.027568,-1.496109,0.054528,-0.041765,0.044689,-0.101628,1.000000,1.000000,3.000000,-1.500000,0.033798,0.003891
0.110308,1.011294,1.027371,2.981030,0.030768,0.025337,-1.497525,0.049505,-0.041432,0.053459,-0.109150,1.000000,1.000000,3.000000,-1.500000,0.035165,0.002475
0.102526,1.011418,1.027091,2.978150,0.032724,0.020515,-1.500553,0.049095,-0.042774,0.060795,-0.105411,1.000000,1.000000,3.000000,-1.500000,0.036629,0.000553
0.097697,1.011617,1.026818,2.975174,0.033155,0.029353,-1.508452,0.049005,-0.043455,0.069933,-0.094585,1.000000,1.000000,3.000000,-1.500000,0.038347,0.008452
0.100541,1.011872,1.026595,2.972289,0.026675,0.027940,-1.514783,0.049605,-0.043979,0.077169,-0.091186,1.000000,1.000000,3.000000,-1.500000,0.040201,0.014783
0.090433,1.012224,1.026687,2.969349,0.029597,0.040855,-1.519729,0.053296,-0.045757,0.087180,-0.087687,1.000000,1.000000,3.000000,-1.500000,0.042440,0.019729
0.109568,1.013385,1.027318,2.967335,0.022599,0.030033,-1.524997,0.058925,-0.054184,0.087286,-0.083352,1.000000,1.000000,3.000000,-1.500000,0.044637,0.024997
0.100398,1.014707,1.027997,2.965784,0.022272,0.018367,-1.539749,0.061388,-0.057556,0.091668,-0.061689,1.000000,1.000000,3.000000,-1.500000,0.046592,0.039749
0.101826,1.015922,1.029153,2.964141,0.029588,0.028017,-1.549854,0.068156,-0.057055,0.097882,-0.056820,1.000000,1.000000,3.000000,-1.500000,0.048880,0.049854
0.097328,1.017218,1.030367,2.962968,0.037489,0.018179,-1.561146,0.071294,-0.059205,0.098379,-0.044518,1.000000,1.000000,3.000000,-1.500000,0.050892,0.061146
0.101407,1.018133,1.031491,2.961867,0.032508,0.023311,-1.566412,0.071333,-0.055199,0.100107,-0.043811,1.000000,1.000000,3.000000,-1.500000,0.052675,0.066412
0.098605,1.019153,1.032392,2.960845,0.032945,0.011802,-1.574745,0.070694,-0.057134,0.101995,-0.031383,1.000000,1.000000,3.000000,-1.500000,0.054306,0.074745
0.101046,1.019198,1.032926,2.959847,0.027009,0.019885,-1.577612,0.067235,-0.046370,0.103850,-0.031060,1.000000,1.000000,3.000000,-1.500000,0.055362,0.077612
0.099227,1.019460,1.032516,2.960548,0.031317,0.010670,-1.588659,0.057219,-0.048458,0.094291,-0.011227,1.000000,1.000000,3.000000,-1.500000,0.054703,0.088659
0.099901,1.019276,1.032086,2.961845,0.035297,0.021686,-1.599561,0.056964,-0.042837,0.088770,0.000869,1.000000,1.000000,3.000000,-1.500000,0.053450,0.099561
0.099783,1.018995,1.031703,2.964084,0.032879,0.020080,-1.610441,0.057450,-0.040868,0.079585,0.013666,1.000000,1.000000,3.000000,-1.500000,0.051535,0.110441
0.100905,1.019128,1.030863,2.967184,0.035304,0.020203,-1.618362,0.052262,-0.045258,0.069172,0.021911,1.000000,1.000000,3.000000,-1.500000,0.048941,0.118362
0.100845,1.019491,1.030425,2.970812,0.029658,0.025577,-1.620246,0.056294,-0.047816,0.059098,0.023225,1.000000,1.000000,3.000000,-1.500000,0.046449,0.120246
0.097578,1.020089,1.029879,2.974616,0.026561,0.027963,-1.628094,0.054924,-0.050836,0.049740,0.040544,1.000000,1.000000,3.000000,-1.500000,0.044053,0.128094
0.100207,1.020763,1.029635,2.978257,0.034670,0.023583,-1.635849,0.058531,-0.051580,0.043407,0.052104,1.000000,1.000000,3.000000,-1.500000,0.042215,0.135849
0.101289,1.021577,1.029485,2.981604,0.032402,0.019596,-1.631273,0.059288,-0.054077,0.038007,0.043446,1.000000,1.000000,3.000000,-1.500000,0.040907,0.131273
0.094677,1.021731,1.029627,2.982807,0.034039,0.019954,-1.632894,0.062310,-0.047065,0.045203,0.056516,1.000000,1.000000,3.000000,-1.500000,0.040566,0.132894
0.103893,1.021872,1.029800,2.984857,0.029156,0.008672,-1.631694,0.062609,-0.046992,0.037582,0.059405,1.000000,1.000000,3.000000,-1.500000,0.039947,0.131694
0.100213,1.021244,1.030191,2.986009,0.030860,0.006969,-1.637864,0.065130,-0.037562,0.039111,0.077271,1.000000,1.000000,3.000000,-1.500000,0.039479,0.137864
0.100707,1.020347,1.030452,2.987071,0.032089,0.012373,-1.641503,0.063862,-0.033604,0.037351,0.084113,1.000000,1.000000,3.000000,-1.500000,0.038839,0.141503
0.098797,1.019340,1.030794,2.987793,0.033186,0.013977,-1.643949,0.065077,-0.030884,0.037392,0.091462,1.000000,1.000000,3.000000,-1.500000,0.038358,0.143949
0.102784,1.018254,1.031044,2.987894,0.032270,0.017028,-1.648723,0.064259,-0.029064,0.040198,0.104113,1.000000,1.000000,3.000000,-1.500000,0.037993,0.148723
0.100927,1.017336,1.031130,2.987866,0.033279,0.019694,-1.649955,0.062745,-0.029700,0.040858,0.108852,1.000000,1.000000,3.000000,-1.500000,0.037641,0.149955
0.106604,1.016329,1.030847,2.987999,0.034627,0.018002,-1.651431,0.058614,-0.028479,0.039858,0.117682,1.000000,1.000000,3.000000,-1.500000,0.036908,0.151431
0.099027,1.015768,1.030414,2.987838,0.034758,0.015794,-1.653542,0.056652,-0.031973,0.041561,0.127073,1.000000,1.000000,3.000000,-1.500000,0.036353,0.153542
0.112868,1.015269,1.029401,2.987269,0.033285,0.011903,-1.657232,0.050828,-0.033084,0.044381,0.139142,1.000000,1.000000,3.000000,-1.500000,0.035492,0.157232
0.089790,1.014866,1.028779,2.986547,0.032505,0.022077,-1.654517,0.052207,-0.032585,0.047315,0.137779,1.000000,1.000000,3.000000,-1.500000,0.035075,0.154517
0.090326,1.014505,1.027762,2.985982,0.033979,0.010292,-1.660917,0.046687,-0.032907,0.047641,0.158828,1.000000,1.000000,3.000000,-1.500000,0.034316,0.160917
0.120426,1.014248,1.026557,2.984985,0.029602,0.012055,-1.659707,0.046849,-0.034673,0.050683,0.159328,1.000000,1.000000,3.000000,-1.500000,0.033671,0.159707
0.077408,1.013888,1.025970,2.983838,0.031671,0.020491,-1.656929,0.048441,-0.031544,0.056203,0.160663,1.000000,1.000000,3.000000,-1.500000,0.033593,0.156929
0.100030,1.013512,1.025212,2.982531,0.031770,0.016199,-1.658872,0.047748,-0.032078,0.058083,0.174854,1.000000,1.000000,3.000000,-1.500000,0.033517,0.158872
0.100434,1.013069,1.024649,2.980945,0.033448,0.012877,-1.662299,0.049245,-0.030599,0.062690,0.186374,1.000000,1.000000,3.000000,-1.500000,0.033785,0.162299
0.114011,1.012941,1.024176,2.979804,0.031165,0.011145,-1.663076,0.050625,-0.033851,0.062315,0.193099,1.000000,1.000000,3.000000,-1.500000,0.034057,0.163076
0.095707,1.012931,1.023581,2.978647,0.031007,0.010968,-1.663704,0.047893,-0.035157,0.065710,0.200934,1.000000,1.000000,3.000000,-1.500000,0.034340,0.163704
0.090721,1.012731,1.023422,2.977285,0.033276,0.015646,-1.662913,0.052243,-0.032305,0.069955,0.205914,1.000000,1.000000,3.000000,-1.500000,0.035024,0.162913
0.109372,1.013127,1.022791,2.976413,0.036668,0.014479,-1.664390,0.047938,-0.039350,0.068403,0.217592,1.000000,1.000000,3.000000,-1.500000,0.035328,0.164390
0.094988,1.013283,1.022257,2.975745,0.036810,0.011524,-1.664929,0.047358,-0.037424,0.069351,0.224637,1.000000,1.000000,3.000000,-1.500000,0.035498,0.164929
0.106546,1.013343,1.021824,2.975379,0.034299,0.022350,-1.662349,0.048364,-0.036335,0.068396,0.228160,1.000000,1.000000,3.000000,-1.500000,0.035504,0.162349
0.098821,1.013948,1.021218,2.976527,0.033026,0.011693,-1.665093,0.046217,-0.043073,0.058815,0.242791,1.000000,1.000000,3.000000,-1.500000,0.034579,0.165093
0.099799,1.014340,1.020655,2.978209,0.034197,0.022022,-1.659377,0.045715,-0.041434,0.052815,0.238174,1.000000,1.000000,3.000000,-1.500000,0.033274,0.159377
0.092578,1.014582,1.020372,2.980084,0.036396,0.008516,-1.660228,0.048111,-0.040009,0.047275,0.252173,1.000000,1.000000,3.000000,-1.500000,0.032004,0.160228
0.108135,1.014801,1.019988,2.982651,0.029913,0.008211,-1.653022,0.046847,-0.040058,0.040266,0.247708,1.000000,1.000000,3.000000,-1.500000,0.030325,0.153022
0.105683,1.014732,1.019519,2.985235,0.037558,0.014596,-1.654944,0.045213,-0.037136,0.034541,0.264945,1.000000,1.000000,3.000000,-1.500000,0.028566,0.154944
0.094769,1.014921,1.019057,2.988350,0.032486,0.005281,-1.644331,0.044076,-0.040737,0.024028,0.251528,1.000000,1.000000,3.000000,-1.500000,0.026862,0.144331
0.102371,1.014562,1.018744,2.990771,0.033804,0.007553,-1.640476,0.045095,-0.034496,0.023382,0.262787,1.000000,1.000000,3.000000,-1.500000,0.025467,0.140476
0.103648,1.014687,1.018252,2.993393,0.023853,0.006335,-1.630571,0.042705,-0.040282,0.017130,0.256733,1.000000,1.000000,3.000000,-1.500000,0.024341,0.130571
0.093465,1.014199,1.017761,2.995892,0.033759,0.011656,-1.628750,0.041143,-0.032999,0.011234,0.268467,1.000000,1.000000,3.000000,-1.500000,0.023107,0.128750
0.099376,1.014135,1.017321,2.998541,0.022098,0.007570,-1.611955,0.041180,-0.038518,0.005753,0.247675,1.000000,1.000000,3.000000,-1.500000,0.022404,0.111955
0.101711,1.013784,1.017191,2.999999,0.034864,0.024146,-1.613215,0.044321,-0.034920,0.008591,0.271420,1.000000,1.000000,3.000000,-1.500000,0.022034,0.113215
0.098268,1.013900,1.017054,3.001684,0.021544,0.017185,-1.597548,0.043645,-0.040724,0.003620,0.248543,1.000000,1.000000,3.000000,-1.500000,0.022066,0.097548
0.100185,1.014442,1.017043,3.003426,0.022181,0.010036,-1.593364,0.044947,-0.046009,-0.000388,0.261353,1.000000,1.000000,3.000000,-1.500000,0.022601,0.093364
0.099671,1.014576,1.017636,3.004718,0.027670,0.012242,-1.591904,0.051942,-0.041695,-0.001314,0.267276,1.000000,1.000000,3.000000,-1.500000,0.023361,0.091904
0.100608,1.014836,1.018259,3.006173,0.018925,0.004782,-1.577099,0.052264,-0.044074,-0.005524,0.247909,1.000000,1.000000,3.000000,-1.500000,0.024323,0.077099
0.100311,1.015222,1.019364,3.007669,0.028296,0.013069,-1.572897,0.058454,-0.046049,-0.009423,0.258548,1.000000,1.000000,3.000000,-1.500000,0.025797,0.072897
0.100216,1.015256,1.020511,3.008252,0.027471,0.025439,-1.560676,0.059636,-0.043057,-0.006914,0.245223,1.000000,1.000000,3.000000,-1.500000,0.026861,0.060676
0.100226,1.015544,1.021290,3.009021,0.044226,0.029755,-1.558939,0.056431,-0.046147,-0.010076,0.256853,1.000000,1.000000,3.000000,-1.500000,0.027862,0.058939
0.100727,1.016201,1.021822,3.010396,0.031682,0.019281,-1.542823,0.053436,-0.051627,-0.016568,0.233966,1.000000,1.000000,3.000000,-1.500000,0.029099,0.042823
0.098052,1.016858,1.021761,3.011261,0.030297,0.014072,-1.531666,0.046435,-0.052868,-0.016891,0.232094,1.000000,1.000000,3.000000,-1.500000,0.029741,0.031666
0.099903,1.017298,1.021518,3.011601,0.030394,0.012754,-1.519126,0.043660,-0.051347,-0.015872,0.223132,1.000000,1.000000,3.000000,-1.500000,0.029947,0.019126
0.100191,1.017327,1.021099,3.011539,0.031083,0.009531,-1.506437,0.040965,-0.047362,-0.014677,0.214484,1.000000,1.000000,3.000000,-1.500000,0.029640,0.006437
0.100147,1.016614,1.020720,3.010721,0.022744,0.006063,-1.489945,0.040897,-0.039347,-0.010165,0.198858,1.000000,1.000000,3.000000,-1.500000,0.028641,0.010055
0.099851,1.015615,1.019902,3.009738,0.034292,0.015753,-1.482020,0.035356,-0.034992,-0.008035,0.200674,1.000000,1.000000,3.000000,-1.500000,0.027106,0.017980
0.099779,1.013787,1.019168,3.008152,0.025815,0.017601,-1.463455,0.035962,-0.024812,-0.002451,0.175763,1.000000,1.000000,3.000000,-1.500000,0.024979,0.036545
0.102771,1.012335,1.018107,3.006584,0.026321,0.015563,-1.456451,0.031159,-0.027477,0.000015,0.180079,1.000000,1.000000,3.000000,-1.500000,0.022878,0.043549
0.103536,1.010615,1.017430,3.004499,0.030487,0.026889,-1.452414,0.034884,-0.023490,0.006343,0.177732,1.000000,1.000000,3.000000,-1.500000,0.020898,0.047586
0.096370,1.007741,1.016080,3.000553,0.031632,0.023135,-1.434541,0.027408,-0.005678,0.024469,0.148224,1.000000,1.000000,3.000000,-1.500000,0.017855,0.065459
0.103679,1.005608,1.014944,2.998008,0.026638,0.014622,-1.415793,0.028139,-0.014047,0.022094,0.131465,1.000000,1.000000,3.000000,-1.500000,0.016085,0.084207
0.095140,1.003351,1.013933,2.995059,0.025718,0.017852,-1.406252,0.028241,-0.008429,0.031665,0.128321,1.000000,1.000000,3.000000,-1.500000,0.015158,0.093748
0.106597,1.000688,1.012618,2.991556,0.029796,0.032486,-1.396096,0.025671,-0.003992,0.040527,0.116477,1.000000,1.000000,3.000000,-1.500000,0.015198,0.103904
0.096758,0.999244,1.011271,2.989199,0.020165,0.041292,-1.380996,0.020776,-0.012749,0.042155,0.094662,1.000000,1.000000,3.000000,-1.500000,0.015629,0.119004
0.107925,0.997770,1.009994,2.986860,0.026377,0.029489,-1.371766,0.021604,-0.012598,0.046801,0.088445,1.000000,1.000000,3.000000,-1.500000,0.016658,0.128234
0.098352,0.997162,1.008853,2.984728,0.026089,0.021061,-1.361435,0.019046,-0.019480,0.052368,0.072915,1.000000,1.000000,3.000000,-1.500000,0.017879,0.138565
0.103226,0.996771,1.007419,2.982577,0.027179,0.032899,-1.355629,0.014639,-0.020431,0.057777,0.066495,1.000000,1.000000,3.000000,-1.500000,0.019210,0.144371
0.100327,0.996044,1.006311,2.980969,0.023789,0.031659,-1.347254,0.017387,-0.016106,0.060257,0.050784,1.000000,1.000000,3.000000,-1.500000,0.020437,0.152746
0.104516,0.995449,1.005249,2.980289,0.019953,0.031423,-1.335863,0.016905,-0.016677,0.058654,0.032271,1.000000,1.000000,3.000000,-1.500000,0.020900,0.164137
0.085912,0.994368,1.004392,2.979892,0.023638,0.016898,-1.330104,0.018284,-0.007706,0.059553,0.025369,1.000000,1.000000,3.000000,-1.500000,0.021339,0.169896
0.103455,0.993324,1.003800,2.979483,0.018024,0.021187,-1.321335,0.021838,-0.009505,0.060086,0.008802,1.000000,1.000000,3.000000,-1.500000,0.021907,0.178665
0.115288,0.991810,1.003576,2.979206,0.016815,0.015621,-1.306070,0.026970,-0.004973,0.059930,-0.017003,1.000000,1.000000,3.000000,-1.500000,0.022634,0.193930
0.107879,0.989933,1.003655,2.979232,0.022018,0.023525,-1.297052,0.031926,0.001623,0.058607,-0.028971,1.000000,1.000000,3.000000,-1.500000,0.023367,0.202948
0.085057,0.988108,1.004111,2.978808,0.015120,0.020798,-1.285303,0.039310,0.006999,0.061992,-0.051047,1.000000,1.000000,3.000000,-1.500000,0.024646,0.214697
0.094416,0.985694,1.004952,2.978064,0.018766,0.025227,-1.277965,0.046391,0.013652,0.064915,-0.060290,1.000000,1.000000,3.000000,-1.500000,0.026652,0.222035
0.098360,0.983118,1.005684,2.977436,0.019175,0.023976,-1.265703,0.047470,0.018559,0.065522,-0.084258,1.000000,1.000000,3.000000,-1.500000,0.028748,0.234297
0.101142,0.980224,1.006782,2.977029,0.018245,0.020636,-1.256631,0.054782,0.024438,0.065232,-0.098885,1.000000,1.000000,3.000000,-1.500000,0.031060,0.243369
0.102371,0.976351,1.007635,2.976632,0.021117,0.015372,-1.248793,0.058678,0.040757,0.065999,-0.115266,1.000000,1.000000,3.000000,-1.500000,0.034112,0.251207
0.099646,0.972091,1.008346,2.976046,0.018537,0.025456,-1.239149,0.062922,0.052954,0.068170,-0.136240,1.000000,1.000000,3.000000,-1.500000,0.037714,0.260851
0.097525,0.967422,1.008470,2.975186,0.023772,0.032185,-1.233238,0.062211,0.068259,0.071370,-0.149210,1.000000,1.000000,3.000000,-1.500000,0.041819,0.266762
0.099764,0.963161,1.008248,2.974019,0.017107,0.041405,-1.224547,0.060254,0.072456,0.075176,-0.170828,1.000000,1.000000,3.000000,-1.500000,0.045828,0.275453
0.101359,0.959705,1.007512,2.973274,0.018377,0.047217,-1.223581,0.054329,0.074047,0.074650,-0.177321,1.000000,1.000000,3.000000,-1.500000,0.048933,0.276419
0.099123,0.957547,1.006435,2.972763,0.018379,0.044297,-1.221043,0.047815,0.070247,0.074673,-0.193730,1.000000,1.000000,3.000000,-1.500000,0.050848,0.278957
0.100425,0.956897,1.005538,2.972388,0.016713,0.048728,-1.215411,0.045623,0.059839,0.074772,-0.214116,1.000000,1.000000,3.000000,-1.500000,0.051488,0.284589
0.100317,0.957413,1.004743,2.972014,0.013101,0.047263,-1.209118,0.043452,0.052183,0.075548,-0.232961,1.000000,1.000000,3.000000,-1.500000,0.051179,0.290882
0.105197,0.959142,1.003724,2.972211,0.015304,0.039571,-1.206288,0.036518,0.041922,0.072466,-0.246127,1.000000,1.000000,3.000000,-1.500000,0.049553,0.293712
0.096462,0.961171,1.002917,2.972369,0.019064,0.044016,-1.203817,0.034573,0.034963,0.072251,-0.261259,1.000000,1.000000,3.000000,-1.500000,0.047746,0.296183
0.097316,0.963590,1.001997,2.972388,0.016480,0.034437,-1.202582,0.030173,0.029436,0.072893,-0.274585,1.000000,1.000000,3.000000,-1.500000,0.045739,0.297418
0.100448,0.966352,1.000743,2.972439,0.021964,0.029465,-1.203385,0.023750,0.025671,0.072645,-0.286151,1.000000,1.000000,3.000000,-1.500000,0.043502,0.296615
0.100226,0.968611,0.999576,2.971978,0.016564,0.040738,-1.201502,0.024439,0.028453,0.076042,-0.304203,1.000000,1.000000,3.000000,-1.500000,0.042079,0.298498
0.099778,0.970946,0.998127,2.972229,0.019878,0.030244,-1.198728,0.018708,0.026948,0.072119,-0.321239,1.000000,1.000000,3.000000,-1.500000,0.040235,0.301272
0.099320,0.972892,0.996588,2.972499,0.022758,0.032498,-1.200162,0.016473,0.029954,0.071460,-0.330288,1.000000,1.000000,3.000000,-1.500000,0.038766,0.299838
0.105047,0.974757,0.994473,2.973144,0.024023,0.027461,-1.209137,0.008722,0.032886,0.068485,-0.331686,1.000000,1.000000,3.000000,-1.500000,0.037270,0.290863
0.095013,0.975891,0.992418,2.973493,0.020248,0.016146,-1.207767,0.006136,0.039231,0.068934,-0.355378,1.000000,1.000000,3.000000,-1.500000,0.036624,0.292233
0.103130,0.976229,0.990347,2.973120,0.022210,0.020150,-1.212678,0.007384,0.048267,0.073187,-0.360031,1.000000,1.000000,3.000000,-1.500000,0.037158,0.287322
0.099757,0.975663,0.988129,2.972369,0.022081,0.019117,-1.214192,0.005092,0.060016,0.076629,-0.375594,1.000000,1.000000,3.000000,-1.500000,0.038687,0.285808
0.107060,0.974000,0.985532,2.971129,0.032464,0.026635,-1.221647,0.002407,0.074048,0.081143,-0.379283,1.000000,1.000000,3.000000,-1.500000,0.041459,0.278353
0.093091,0.972642,0.983206,2.970772,0.026995,0.028255,-1.221419,-0.002314,0.076266,0.078187,-0.398643,1.000000,1.000000,3.000000,-1.500000,0.043414,0.278581
0.108270,0.970741,0.979874,2.971025,0.029082,0.035517,-1.229113,-0.012933,0.085380,0.074717,-0.400113,1.000000,1.000000,3.000000,-1.500000,0.045833,0.270887
0.098780,0.969544,0.976310,2.971442,0.024532,0.043378,-1.231586,-0.026377,0.085202,0.072946,-0.415364,1.000000,1.000000,3.000000,-1.500000,0.048003,0.268414
0.103018,0.969024,0.973431,2.972138,0.018819,0.041807,-1.233975,-0.026786,0.077762,0.070284,-0.426856,1.000000,1.000000,3.000000,-1.500000,0.049413,0.266025
0.089145,0.969549,0.969694,2.973313,0.023960,0.044154,-1.247086,-0.052922,0.072842,0.064769,-0.416501,1.000000,1.000000,3.000000,-1.500000,0.050575,0.252914
0.110327,0.970697,0.966125,2.973692,0.021302,0.046694,-1.254052,-0.053603,0.066116,0.068636,-0.432553,1.000000,1.000000,3.000000,-1.500000,0.051945,0.245948
0.096922,0.972299,0.963704,2.973891,0.020305,0.030098,-1.257889,-0.055493,0.057704,0.068875,-0.443254,1.000000,1.000000,3.000000,-1.500000,0.052597,0.242111
0.100656,0.975015,0.961411,2.973407,0.020151,0.037160,-1.273140,-0.065204,0.044744,0.073161,-0.432691,1.000000,1.000000,3.000000,-1.500000,0.053109,0.226860
0.099854,0.977946,0.960170,2.971925,0.016396,0.027797,-1.280121,-0.062459,0.037400,0.081041,-0.446056,1.000000,1.000000,3.000000,-1.500000,0.053488,0.219879
0.103171,0.980864,0.959835,2.969602,0.021679,0.026183,-1.292079,-0.059229,0.033500,0.089549,-0.443465,1.000000,1.000000,3.000000,-1.500000,0.053884,0.207921
0.098965,0.983575,0.960344,2.966984,0.017169,0.030533,-1.302050,-0.055507,0.029734,0.096882,-0.447247,1.000000,1.000000,3.000000,-1.500000,0.054152,0.197950
0.098657,0.986000,0.961364,2.964392,0.015078,0.027281,-1.314702,-0.050857,0.028126,0.102200,-0.444446,1.000000,1.000000,3.000000,-1.500000,0.054375,0.185298
0.099411,0.988628,0.962652,2.962903,0.018811,0.012446,-1.327498,-0.048295,0.021755,0.099911,-0.443602,1.000000,1.000000,3.000000,-1.500000,0.053855,0.172502
0.100574,0.990505,0.964522,2.961890,0.028613,0.017680,-1.342494,-0.039318,0.025345,0.099678,-0.438693,1.000000,1.000000,3.000000,-1.500000,0.052926,0.157506
0.098072,0.991574,0.966331,2.961135,0.025007,0.032029,-1.350535,-0.036192,0.031645,0.100123,-0.446473,1.000000,1.000000,3.000000,-1.500000,0.052106,0.149465
0.106200,0.992689,0.967801,2.960869,0.032335,0.020311,-1.372655,-0.040323,0.030729,0.098195,-0.425334,1.000000,1.000000,3.000000,-1.500000,0.051200,0.127345
0.096358,0.993615,0.969227,2.960699,0.035835,0.021621,-1.388943,-0.038295,0.029561,0.098195,-0.422816,1.000000,1.000000,3.000000,-1.500000,0.050322,0.111057
0.109213,0.994248,0.969920,2.960717,0.034879,0.015433,-1.406565,-0.046468,0.033601,0.097241,-0.416102,1.000000,1.000000,3.000000,-1.500000,0.049810,0.093435
0.097015,0.994324,0.970068,2.960332,0.031758,0.014078,-1.424827,-0.051264,0.038722,0.100012,-0.404245,1.000000,1.000000,3.000000,-1.500000,0.050017,0.075173
0.088802,0.994377,0.969712,2.959742,0.032027,0.006566,-1.441297,-0.058147,0.038831,0.102523,-0.395497,1.000000,1.000000,3.000000,-1.500000,0.050692,0.058703
0.102562,0.993229,0.968918,2.958236,0.031972,0.014641,-1.458232,-0.062076,0.052199,0.109501,-0.387675,1.000000,1.000000,3.000000,-1.500000,0.052499,0.041768
0.101105,0.991286,0.967517,2.956874,0.039974,0.026643,-1.484642,-0.070567,0.061938,0.111756,-0.360774,1.000000,1.000000,3.000000,-1.500000,0.054689,0.015358
0.119522,0.989665,0.965618,2.956619,0.033748,0.019028,-1.506851,-0.076431,0.056308,0.106880,-0.352144,1.000000,1.000000,3.000000,-1.500000,0.056310,0.006851
0.080585,0.987905,0.964338,2.956229,0.022940,0.022983,-1.519182,-0.077957,0.066222,0.108983,-0.345963,1.000000,1.000000,3.000000,-1.500000,0.057741,0.019182
0.099735,0.986128,0.963065,2.956123,0.022037,0.012130,-1.538456,-0.077307,0.062236,0.107396,-0.326849,1.000000,1.000000,3.000000,-1.500000,0.059006,0.038456
0.100831,0.984028,0.962524,2.955436,0.033634,0.015933,-1.560103,-0.071232,0.065997,0.111581,-0.306832,1.000000,1.000000,3.000000,-1.500000,0.060378,0.060103
0.099089,0.982425,0.962480,2.955055,0.031619,0.016191,-1.573558,-0.066859,0.061777,0.110953,-0.301574,1.000000,1.000000,3.000000,-1.500000,0.061128,0.073558
0.099763,0.981239,0.962872,2.955213,0.026237,0.022988,-1.583991,-0.062344,0.057824,0.108032,-0.293329,1.000000,1.000000,3.000000,-1.500000,0.061126,0.083991
0.100352,0.980229,0.963784,2.955345,0.027058,0.013912,-1.597523,-0.056567,0.056299,0.107888,-0.276354,1.000000,1.000000,3.000000,-1.500000,0.060800,0.097523
0.099232,0.979123,0.965317,2.954948,0.027930,0.019930,-1.607909,-0.048739,0.058366,0.111252,-0.266942,1.000000,1.000000,3.000000,-1.500000,0.060567,0.107909
0.112430,0.978143,0.967477,2.954315,0.027310,0.012980,-1.625192,-0.043293,0.056330,0.113352,-0.243518,1.000000,1.000000,3.000000,-1.500000,0.060188,0.125192
0.090909,0.977259,0.969247,2.953602,0.033057,0.014961,-1.639775,-0.042062,0.057880,0.115886,-0.226691,1.000000,1.000000,3.000000,-1.500000,0.060130,0.139775
0.097199,0.976706,0.971025,2.953521,0.042507,0.012177,-1.653353,-0.041877,0.053628,0.112720,-0.212156,1.000000,1.000000,3.000000,-1.500000,0.059519,0.153353
0.100898,0.976252,0.972229,2.953885,0.044892,0.013570,-1.661287,-0.047725,0.052021,0.109836,-0.204780,1.000000,1.000000,3.000000,-1.500000,0.058838,0.161287
0.100350,0.976148,0.972614,2.954727,0.046254,0.026249,-1.666974,-0.055909,0.047351,0.105794,-0.194988,1.000000,1.000000,3.000000,-1.500000,0.058039,0.166974
0.103003,0.976546,0.971946,2.956115,0.042403,0.022829,-1.677465,-0.067550,0.039860,0.100478,-0.174680,1.000000,1.000000,3.000000,-1.500000,0.057123,0.177465
0.105598,0.977587,0.970364,2.958116,0.040835,0.018569,-1.685220,-0.077748,0.030572,0.093693,-0.162738,1.000000,1.000000,3.000000,-1.500000,0.055990,0.185220
0.100796,0.978148,0.968842,2.959902,0.039818,0.012562,-1.694370,-0.080295,0.033616,0.090556,-0.145417,1.000000,1.000000,3.000000,-1.500000,0.055283,0.194370
0.095407,0.978881,0.967205,2.962350,0.034716,0.007948,-1.696377,-0.083918,0.029899,0.081664,-0.141840,1.000000,1.000000,3.000000,-1.500000,0.054213,0.196377
0.104808,0.979761,0.965488,2.965595,0.037016,0.010925,-1.702603,-0.084906,0.027550,0.072371,-0.123760,1.000000,1.000000,3.000000,-1.500000,0.052768,0.202603
0.099507,0.980302,0.964207,2.968327,0.033573,0.000502,-1.702008,-0.082872,0.030477,0.068346,-0.120931,1.000000,1.000000,3.000000,-1.500000,0.051695,0.202008
0.100544,0.981160,0.963258,2.971264,0.035159,0.015837,-1.703641,-0.079712,0.026479,0.061390,-0.107963,1.000000,1.000000,3.000000,-1.500000,0.050306,0.203641
0.100058,0.981509,0.962867,2.973277,0.038831,0.014032,-1.706940,-0.075029,0.031949,0.061531,-0.094250,1.000000,1.000000,3.000000,-1.500000,0.049345,0.206940
0.099460,0.982247,0.962642,2.975533,0.031485,0.022255,-1.700851,-0.072663,0.027633,0.055608,-0.098077,1.000000,1.000000,3.000000,-1.500000,0.048057,0.200851
0.101028,0.982783,0.962749,2.977004,0.028806,0.005460,-1.708872,-0.069467,0.029222,0.056418,-0.068993,1.000000,1.000000,3.000000,-1.500000,0.047041,0.208872
0.099274,0.983035,0.963710,2.977943,0.033046,0.007880,-1.710409,-0.059689,0.033227,0.056895,-0.064163,1.000000,1.000000,3.000000,-1.500000,0.045731,0.210409
0.099442,0.983237,0.965250,2.979074,0.029519,0.006859,-1.710051,-0.051896,0.034662,0.053622,-0.056353,1.000000,1.000000,3.000000,-1.500000,0.043891,0.210051
0.105695,0.983107,0.967554,2.980315,0.027952,0.002042,-1.706636,-0.043078,0.039704,0.050864,-0.051146,1.000000,1.000000,3.000000,-1.500000,0.041541,0.206636
0.094614,0.982209,0.970664,2.981406,0.034245,0.011358,-1.709574,-0.029444,0.051438,0.048687,-0.033624,1.000000,1.000000,3.000000,-1.500000,0.039024,0.209574
0.100153,0.981094,0.974205,2.982890,0.027783,0.004421,-1.708395,-0.023340,0.055324,0.044024,-0.028673,1.000000,1.000000,3.000000,-1.500000,0.036271,0.208395
0.099808,0.979607,0.978159,2.984033,0.026336,0.010766,-1.700877,-0.014878,0.062240,0.043252,-0.030520,1.000000,1.000000,3.000000,-1.500000,0.033880,0.200877
0.100355,0.978376,0.982224,2.985398,0.028101,0.008048,-1.705630,-0.009648,0.061417,0.039380,-0.005655,1.000000,1.000000,3.000000,-1.500000,0.031572,0.205630
0.100404,0.976917,0.986293,2.986226,0.034177,0.014991,-1.708615,-0.006001,0.065972,0.040209,0.004654,1.000000,1.000000,3.000000,-1.500000,0.030173,0.208615
0.100361,0.975568,0.990296,2.987128,0.035785,0.014264,-1.709048,-0.002453,0.066756,0.037974,0.012451,1.000000,1.000000,3.000000,-1.500000,0.029271,0.209048
0.101801,0.974663,0.993984,2.987871,0.034635,0.016204,-1.704948,-0.001593,0.062914,0.037232,0.015195,1.000000,1.000000,3.000000,-1.500000,0.028728,0.204948
0.096946,0.974331,0.997159,2.988220,0.036732,0.012605,-1.707612,-0.001294,0.057405,0.038272,0.033087,1.000000,1.000000,3.000000,-1.500000,0.028386,0.207612
0.099905,0.973960,1.000085,2.987691,0.033655,0.020246,-1.703915,-0.001703,0.058037,0.043622,0.033969,1.000000,1.000000,3.000000,-1.500000,0.028803,0.203915
0.102100,0.974269,1.002089,2.987921,0.042362,0.013335,-1.706863,-0.008719,0.049463,0.039535,0.052350,1.000000,1.000000,3.000000,-1.500000,0.028502,0.206863
0.098366,0.975021,1.003651,2.988604,0.037924,0.014767,-1.704030,-0.009681,0.043504,0.035875,0.054343,1.000000,1.000000,3.000000,-1.500000,0.027697,0.204030
0.099222,0.976220,1.004267,2.989524,0.046760,0.017189,-1.709580,-0.018201,0.036176,0.032847,0.076197,1.000000,1.000000,3.000000,-1.500000,0.026333,0.209580
0.101944,0.977315,1.004477,2.990329,0.042227,0.014639,-1.708362,-0.021813,0.035950,0.031824,0.078889,1.000000,1.000000,3.000000,-1.500000,0.025064,0.208362
0.100571,0.978748,1.004442,2.991360,0.035383,0.007459,-1.705074,-0.023047,0.030470,0.028550,0.084373,1.000000,1.000000,3.000000,-1.500000,0.023368,0.205074
0.098620,0.979886,1.004316,2.992383,0.039208,0.009819,-1.706293,-0.023909,0.032010,0.026359,0.099185,1.000000,1.000000,3.000000,-1.500000,0.021936,0.206293
0.103703,0.981283,1.003952,2.993714,0.041293,0.017508,-1.705455,-0.025674,0.028171,0.022411,0.106728,1.000000,1.000000,3.000000,-1.500000,0.020136,0.205455
0.101707,0.982327,1.003776,2.994877,0.035487,0.010814,-1.700933,-0.023675,0.030871,0.020657,0.109762,1.000000,1.000000,3.000000,-1.500000,0.018784,0.200933
0.104527,0.983137,1.003895,2.995828,0.033201,0.007376,-1.700528,-0.020222,0.033167,0.019788,0.123303,1.000000,1.000000,3.000000,-1.500000,0.017803,0.200528
0.110435,0.983749,1.004019,2.996297,0.037790,0.010074,-1.698288,-0.019705,0.034986,0.021127,0.130537,1.000000,1.000000,3.000000,-1.500000,0.017146,0.198288
0.089105,0.984058,1.004724,2.995702,0.035459,0.012690,-1.693749,-0.011262,0.038005,0.027582,0.132606,1.000000,1.000000,3.000000,-1.500000,0.017174,0.193749
0.103450,0.984238,1.005370,2.994773,0.035005,0.012694,-1.686983,-0.011612,0.039681,0.030620,0.135662,1.000000,1.000000,3.000000,-1.500000,0.017453,0.186983
0.102503,0.984569,1.005949,2.994639,0.035978,0.015036,-1.683322,-0.010518,0.037852,0.027234,0.144860,1.000000,1.000000,3.000000,-1.500000,0.017385,0.183322
0.089449,0.984266,1.007236,2.993894,0.033961,0.009513,-1.676554,0.000476,0.046554,0.032138,0.143785,1.000000,1.000000,3.000000,-1.500000,0.018363,0.176554
0.120896,0.983890,1.008915,2.992972,0.032576,0.018679,-1.668297,0.003436,0.046905,0.033726,0.148373,1.000000,1.000000,3.000000,-1.500000,0.019708,0.168297
0.085484,0.983356,1.010754,2.991826,0.027343,0.011899,-1.663542,0.014562,0.051858,0.038874,0.152896,1.000000,1.000000,3.000000,-1.500000,0.021436,0.163542
0.120491,0.982958,1.013279,2.990279,0.029672,0.022009,-1.655430,0.019296,0.049370,0.041825,0.154987,1.000000,1.000000,3.000000,-1.500000,0.023691,0.155430
0.082141,0.983210,1.015453,2.989343,0.025088,0.009502,-1.649060,0.029965,0.042924,0.043088,0.155365,1.000000,1.000000,3.000000,-1.500000,0.025184,0.149060
0.095733,0.983079,1.018486,2.986967,0.035269,0.017802,-1.646819,0.040729,0.048586,0.054449,0.165656,1.000000,1.000000,3.000000,-1.500000,0.028247,0.146819
0.100313,0.983601,1.022041,2.984684,0.029192,0.019559,-1.633415,0.052430,0.041090,0.058230,0.152070,1.000000,1.000000,3.000000,-1.500000,0.031453,0.133415
0.102847,0.983990,1.026105,2.981272,0.028303,0.015796,-1.622531,0.064879,0.042255,0.070310,0.153120,1.000000,1.000000,3.000000,-1.500000,0.035896,0.122531
0.096962,0.984718,1.030270,2.977421,0.020785,-0.000308,-1.604044,0.077614,0.036646,0.081457,0.136865,1.000000,1.000000,3.000000,-1.500000,0.040738,0.104044
0.102515,0.984990,1.034650,2.973074,0.025756,0.016454,-1.593174,0.086764,0.040911,0.091808,0.141937,1.000000,1.000000,3.000000,-1.500000,0.046378,0.093174
0.096607,0.984623,1.038897,2.968876,0.037794,0.017380,-1.585828,0.097501,0.047765,0.101054,0.143621,1.000000,1.000000,3.000000,-1.500000,0.052136,0.085828
0.100247,0.984123,1.042415,2.965552,0.044440,0.012150,-1.574022,0.097550,0.048421,0.103069,0.134900,1.000000,1.000000,3.000000,-1.500000,0.056901,0.074022
0.102405,0.983118,1.045421,2.962446,0.050143,0.013759,-1.563533,0.100921,0.053650,0.108190,0.132142,1.000000,1.000000,3.000000,-1.500000,0.061306,0.063533
0.097694,0.982394,1.046822,2.960628,0.046813,0.027439,-1.545435,0.092836,0.050252,0.106388,0.113677,1.000000,1.000000,3.000000,-1.500000,0.063659,0.045435
0.107836,0.981531,1.047406,2.959603,0.045338,0.012824,-1.536510,0.084550,0.051286,0.104179,0.119160,1.000000,1.000000,3.000000,-1.500000,0.064964,0.036510
0.093292,0.980640,1.046586,2.959195,0.048232,0.010793,-1.529380,0.068896,0.053976,0.102573,0.116094,1.000000,1.000000,3.000000,-1.500000,0.064885,0.029380
0.098895,0.979848,1.044387,2.959369,0.051994,0.010062,-1.521045,0.052500,0.053445,0.099288,0.110516,1.000000,1.000000,3.000000,-1.500000,0.063460,0.021045
0.101029,0.978757,1.041442,2.959430,0.043722,0.009441,-1.511168,0.042685,0.057722,0.099709,0.102871,1.000000,1.000000,3.000000,-1.500000,0.061763,0.011168
0.099451,0.977388,1.037654,2.959660,0.038126,0.017592,-1.502711,0.029808,0.062952,0.098418,0.098325,1.000000,1.000000,3.000000,-1.500000,0.059636,0.002711
0.099421,0.976039,1.032989,2.960269,0.038952,0.022249,-1.495548,0.015852,0.065081,0.095324,0.094370,1.000000,1.000000,3.000000,-1.500000,0.056929,0.004452
0.099708,0.974408,1.028427,2.961201,0.033759,0.023069,-1.487865,0.013056,0.070013,0.091845,0.087960,1.000000,1.000000,3.000000,-1.500000,0.054483,0.012135
0.100811,0.972516,1.023733,2.962609,0.031937,0.006289,-1.481741,0.007974,0.075079,0.086710,0.084384,1.000000,1.000000,3.000000,-1.500000,0.052122,0.018259
0.100438,0.970773,1.019262,2.964276,0.033358,0.013605,-1.476615,0.005763,0.075659,0.081977,0.080631,1.000000,1.000000,3.000000,-1.500000,0.050015,0.023385
0.098764,0.968967,1.015264,2.965625,0.028883,0.031613,-1.464495,0.006986,0.078516,0.080563,0.063639,1.000000,1.000000,3.000000,-1.500000,0.048761,0.035505
0.100452,0.967322,1.011496,2.966805,0.028689,0.027018,-1.462503,0.006229,0.078333,0.079023,0.070346,1.000000,1.000000,3.000000,-1.500000,0.047978,0.037497
0.099452,0.966383,1.008122,2.967608,0.039385,0.033429,-1.460593,0.005855,0.071918,0.079097,0.067217,1.000000,1.000000,3.000000,-1.500000,0.047385,0.039407
0.110508,0.965935,1.005062,2.968056,0.035697,0.021063,-1.452382,0.009176,0.066209,0.080085,0.053712,1.000000,1.000000,3.000000,-1.500000,0.046973,0.047618
0.090304,0.966338,1.002512,2.967704,0.037333,0.039460,-1.452981,0.004681,0.057080,0.084617,0.059889,1.000000,1.000000,3.000000,-1.500000,0.046717,0.047019
0.102582,0.966875,1.000640,2.966700,0.025620,0.027555,-1.441384,0.013795,0.054504,0.089514,0.037466,1.000000,1.000000,3.000000,-1.500000,0.046974,0.058616
0.107708,0.968232,0.999171,2.965619,0.023203,0.021687,-1.432660,0.016183,0.044646,0.091892,0.031027,1.000000,1.000000,3.000000,-1.500000,0.046818,0.067340
0.102360,0.969512,0.998331,2.964106,0.028792,0.013085,-1.430789,0.020761,0.042686,0.097314,0.032389,1.000000,1.000000,3.000000,-1.500000,0.047125,0.069211
0.097793,0.970556,0.997945,2.962398,0.033049,0.014588,-1.426892,0.024916,0.042862,0.102149,0.024214,1.000000,1.000000,3.000000,-1.500000,0.047803,0.073108
0.100472,0.971465,0.997764,2.960124,0.033595,0.030709,-1.421265,0.027084,0.043203,0.109360,0.014996,1.000000,1.000000,3.000000,-1.500000,0.049085,0.078735
0.099651,0.972674,0.997865,2.958529,0.026967,0.027868,-1.417061,0.029390,0.038089,0.109521,0.009477,1.000000,1.000000,3.000000,-1.500000,0.049711,0.082939
0.100687,0.974528,0.998248,2.957936,0.026528,0.021106,-1.410876,0.031390,0.028739,0.105924,-0.000933,1.000000,1.000000,3.000000,-1.500000,0.049206,0.089124
0.098480,0.976423,0.999285,2.956885,0.024130,0.017368,-1.403812,0.039240,0.024252,0.110398,-0.011331,1.000000,1.000000,3.000000,-1.500000,0.049145,0.096188
0.100177,0.977650,1.001308,2.956048,0.021921,0.024781,-1.403749,0.052831,0.028232,0.111038,-0.009116,1.000000,1.000000,3.000000,-1.500000,0.049326,0.096251
0.091964,0.978703,1.002981,2.956369,0.024298,0.012670,-1.402860,0.052812,0.027886,0.104715,-0.014834,1.000000,1.000000,3.000000,-1.500000,0.048643,0.097140
0.108799,0.979679,1.006051,2.957112,0.029746,0.024911,-1.403096,0.067757,0.027005,0.101573,-0.018526,1.000000,1.000000,3.000000,-1.500000,0.047843,0.096904
0.092920,0.979933,1.008450,2.957771,0.032349,0.037335,-1.401969,0.068995,0.033250,0.100070,-0.024998,1.000000,1.000000,3.000000,-1.500000,0.047512,0.098031
0.099988,0.980325,1.010912,2.959074,0.032527,0.020165,-1.400937,0.070109,0.031258,0.094520,-0.030236,1.000000,1.000000,3.000000,-1.500000,0.046703,0.099063
0.106018,0.980725,1.012860,2.960771,0.031260,0.019986,-1.400809,0.065532,0.031758,0.089566,-0.034431,1.000000,1.000000,3.000000,-1.500000,0.045562,0.099191
0.100810,0.980770,1.014581,2.962098,0.031978,0.031261,-1.399166,0.066648,0.035040,0.088155,-0.041838,1.000000,1.000000,3.000000,-1.500000,0.044933,0.100834
0.108337,0.980968,1.015806,2.963341,0.040103,0.027687,-1.401379,0.061486,0.034332,0.086368,-0.041831,1.000000,1.000000,3.000000,-1.500000,0.044226,0.098621
0.099175,0.980708,1.016454,2.963315,0.039294,0.026269,-1.403569,0.057891,0.040191,0.092025,-0.044674,1.000000,1.000000,3.000000,-1.500000,0.044595,0.096431
0.118296,0.980426,1.016183,2.962883,0.037591,0.025202,-1.403111,0.048288,0.041852,0.094549,-0.052914,1.000000,1.000000,3.000000,-1.500000,0.044975,0.096889
0.082549,0.979961,1.015357,2.962367,0.042128,0.015858,-1.406052,0.039753,0.047437,0.096862,-0.050743,1.000000,1.000000,3.000000,-1.500000,0.045317,0.093948
0.102588,0.978722,1.013889,2.961957,0.034646,0.019914,-1.402444,0.035200,0.056471,0.096636,-0.064795,1.000000,1.000000,3.000000,-1.500000,0.045748,0.097556
0.101511,0.977334,1.012824,2.961530,0.035565,0.013626,-1.405919,0.038424,0.059297,0.097635,-0.060233,1.000000,1.000000,3.000000,-1.500000,0.046456,0.094081
0.104185,0.975544,1.010788,2.961185,0.026981,0.013525,-1.398662,0.028085,0.066674,0.097918,-0.080266,1.000000,1.000000,3.000000,-1.500000,0.047128,0.101338
0.084006,0.974372,1.009219,2.961579,0.028198,0.018937,-1.403227,0.026662,0.064766,0.093285,-0.069030,1.000000,1.000000,3.000000,-1.500000,0.047095,0.096773
0.117647,0.972735,1.007917,2.961348,0.024656,0.025625,-1.399634,0.033842,0.065234,0.096940,-0.085276,1.000000,1.000000,3.000000,-1.500000,0.047959,0.100366
0.080816,0.971569,1.007013,2.960790,0.026582,0.035211,-1.398610,0.033128,0.067167,0.100462,-0.088155,1.000000,1.000000,3.000000,-1.500000,0.048938,0.101390
0.100378,0.970787,1.005983,2.959958,0.025565,0.031204,-1.394781,0.032164,0.060891,0.102857,-0.098272,1.000000,1.000000,3.000000,-1.500000,0.049926,0.105219
0.101911,0.970178,1.005511,2.959146,0.026319,0.036157,-1.397931,0.037204,0.058763,0.104392,-0.094372,1.000000,1.000000,3.000000,-1.500000,0.050880,0.102069
0.098664,0.969712,1.005363,2.959146,0.025053,0.022500,-1.393911,0.040454,0.057217,0.100591,-0.109011,1.000000,1.000000,3.000000,-1.500000,0.051138,0.106089
0.099895,0.969257,1.005403,2.959065,0.025926,0.027456,-1.391819,0.042668,0.057077,0.101149,-0.113686,1.000000,1.000000,3.000000,-1.500000,0.051478,0.108181
0.099040,0.968741,1.005552,2.959038,0.025896,0.023303,-1.391101,0.044267,0.058043,0.100949,-0.117981,1.000000,1.000000,3.000000,-1.500000,0.051825,0.108899
0.100234,0.968158,1.005872,2.958490,0.023230,0.018321,-1.391569,0.046582,0.058947,0.104569,-0.121657,1.000000,1.000000,3.000000,-1.500000,0.052645,0.108431
0.102746,0.967192,1.005965,2.957156,0.032815,0.027599,-1.399493,0.044633,0.064538,0.110940,-0.114068,1.000000,1.000000,3.000000,-1.500000,0.054292,0.100507
0.097343,0.965800,1.006616,2.955963,0.023710,0.026157,-1.395457,0.052890,0.069819,0.113073,-0.133086,1.000000,1.000000,3.000000,-1.500000,0.056148,0.104543
0.099485,0.964378,1.007419,2.954508,0.018825,0.017775,-1.396250,0.055418,0.070956,0.117242,-0.132676,1.000000,1.000000,3.000000,-1.500000,0.058253,0.103750
0.104067,0.963267,1.008595,2.953214,0.020613,0.026173,-1.402899,0.059175,0.067893,0.118896,-0.127458,1.000000,1.000000,3.000000,-1.500000,0.060101,0.097101
0.100538,0.962562,1.010102,2.951816,0.021715,0.028419,-1.401737,0.064229,0.063762,0.122510,-0.140190,1.000000,1.000000,3.000000,-1.500000,0.061850,0.098263
0.095706,0.962369,1.012352,2.950312,0.021632,0.025116,-1.401280,0.074820,0.056692,0.126503,-0.144331,1.000000,1.000000,3.000000,-1.500000,0.063542,0.098720
0.100204,0.963233,1.014812,2.949813,0.025323,0.027649,-1.406373,0.076233,0.044251,0.122425,-0.139887,1.000000,1.000000,3.000000,-1.500000,0.063953,0.093627
0.111691,0.964628,1.017832,2.950314,0.025106,0.028618,-1.410412,0.081017,0.038023,0.116861,-0.143218,1.000000,1.000000,3.000000,-1.500000,0.063544,0.089588
0.098186,0.966514,1.020189,2.952437,0.027955,0.024421,-1.413845,0.078760,0.029267,0.104256,-0.144946,1.000000,1.000000,3.000000,-1.500000,0.061573,0.086155
0.100342,0.968646,1.022849,2.955365,0.032825,0.025689,-1.422241,0.083333,0.024641,0.094540,-0.138113,1.000000,1.000000,3.000000,-1.500000,0.059139,0.077759
0.100297,0.971154,1.024889,2.958913,0.033997,0.021487,-1.429204,0.077855,0.019165,0.084192,-0.137989,1.000000,1.000000,3.000000,-1.500000,0.056033,0.070796
0.098958,0.973568,1.026854,2.962654,0.035640,0.029603,-1.432057,0.079112,0.017230,0.075232,-0.143082,1.000000,1.000000,3.000000,-1.500000,0.053052,0.067943
0.101254,0.976342,1.027884,2.966299,0.035307,0.020860,-1.438683,0.068980,0.012789,0.068496,-0.137889,1.000000,1.000000,3.000000,-1.500000,0.049729,0.061317
0.093897,0.978592,1.028605,2.968222,0.030485,0.009717,-1.441888,0.067225,0.014489,0.071894,-0.141245,1.000000,1.000000,3.000000,-1.500000,0.047816,0.058112
0.101142,0.980833,1.028990,2.968953,0.037534,0.017979,-1.447643,0.063360,0.014862,0.076699,-0.137554,1.000000,1.000000,3.000000,-1.500000,0.046602,0.052357
0.096647,0.982538,1.028828,2.968268,0.035271,0.014672,-1.449820,0.057665,0.018693,0.084964,-0.141635,1.000000,1.000000,3.000000,-1.500000,0.046291,0.050180
0.107957,0.984035,1.028263,2.965898,0.031022,0.005993,-1.453195,0.053492,0.021839,0.096995,-0.140836,1.000000,1.000000,3.000000,-1.500000,0.047081,0.046805
0.100299,0.985168,1.027528,2.962697,0.032649,0.016792,-1.457874,0.050530,0.023947,0.108426,-0.138097,1.000000,1.000000,3.000000,-1.500000,0.048675,0.042126
0.099046,0.985858,1.026563,2.959064,0.029776,0.023618,-1.454841,0.047441,0.028093,0.118272,-0.149748,1.000000,1.000000,3.000000,-1.500000,0.050806,0.045159
0.101110,0.986334,1.025393,2.954922,0.035820,0.022279,-1.462174,0.044234,0.030678,0.128953,-0.136546,1.000000,1.000000,3.000000,-1.500000,0.053512,0.037826
0.099643,0.986522,1.024113,2.950851,0.027983,0.020628,-1.456639,0.041981,0.033566,0.137385,-0.154745,1.000000,1.000000,3.000000,-1.500000,0.056380,0.043361
0.099681,0.985920,1.022625,2.946568,0.032305,0.025581,-1.454786,0.039286,0.043031,0.147321,-0.154624,1.000000,1.000000,3.000000,-1.500000,0.059708,0.045214
0.101312,0.985542,1.020944,2.942548,0.031414,0.018756,-1.457568,0.035344,0.041499,0.154135,-0.150299,1.000000,1.000000,3.000000,-1.500000,0.062837,0.042432
0.098538,0.984742,1.019274,2.938360,0.028720,0.006262,-1.452124,0.034050,0.047095,0.164210,-0.164269,1.000000,1.000000,3.000000,-1.500000,0.066361,0.047876
0.100035,0.983642,1.017700,2.933185,0.030828,0.023463,-1.448837,0.034325,0.051289,0.179398,-0.166836,1.000000,1.000000,3.000000,-1.500000,0.071029,0.051163
0.100412,0.982374,1.015473,2.927107,0.035994,0.015867,-1.454263,0.025137,0.055663,0.196276,-0.156885,1.000000,1.000000,3.000000,-1.500000,0.076574,0.045737
0.100359,0.981150,1.012801,2.920060,0.038610,0.023036,-1.456834,0.017475,0.057458,0.215582,-0.159873,1.000000,1.000000,3.000000,-1.500000,0.083124,0.043166
0.099337,0.979670,1.010283,2.911446,0.034810,0.033308,-1.453962,0.016817,0.062047,0.241415,-0.169277,1.000000,1.000000,3.000000,-1.500000,0.091438,0.046038
0.099611,0.978848,1.007293,2.903676,0.023666,0.014058,-1.454613,0.007852,0.056803,0.253453,-0.167559,1.000000,1.000000,3.000000,-1.500000,0.098888,0.045387
0.098757,0.978039,1.005281,2.897424,0.021890,0.028566,-1.449911,0.016328,0.056597,0.259466,-0.178378,1.000000,1.000000,3.000000,-1.500000,0.105033,0.050089
0.099676,0.977795,1.003649,2.892425,0.022315,0.023131,-1.451263,0.018063,0.050448,0.263608,-0.173864,1.000000,1.000000,3.000000,-1.500000,0.109903,0.048737
0.101318,0.978259,1.002530,2.888379,0.022684,0.025474,-1.445610,0.021808,0.041791,0.267167,-0.187073,1.000000,1.000000,3.000000,-1.500000,0.113747,0.054390
0.106137,0.979002,1.002571,2.886158,0.022469,0.022198,-1.443563,0.033689,0.036814,0.262716,-0.187832,1.000000,1.000000,3.000000,-1.500000,0.115791,0.056437
0.102497,0.980664,1.003102,2.885423,0.020054,0.020469,-1.444938,0.037848,0.024532,0.257682,-0.186408,1.000000,1.000000,3.000000,-1.500000,0.116238,0.055062
0.100209,0.982342,1.004258,2.886013,0.020416,0.016360,-1.446185,0.045535,0.021197,0.250218,-0.188184,1.000000,1.000000,3.000000,-1.500000,0.115425,0.053815
0.107653,0.984330,1.006261,2.887782,0.018534,0.017530,-1.440533,0.054817,0.015720,0.241502,-0.201393,1.000000,1.000000,3.000000,-1.500000,0.113480,0.059467
0.096357,0.985902,1.008542,2.890186,0.024061,0.008528,-1.447246,0.062638,0.015700,0.232420,-0.187392,1.000000,1.000000,3.000000,-1.500000,0.111044,0.052754
0.089081,0.986970,1.010702,2.893033,0.026508,0.012646,-1.445580,0.066036,0.018687,0.223138,-0.199331,1.000000,1.000000,3.000000,-1.500000,0.108288,0.054420
0.122952,0.987705,1.013297,2.896333,0.025301,0.023369,-1.455201,0.065940,0.025013,0.218709,-0.185927,1.000000,1.000000,3.000000,-1.500000,0.105237,0.044799
0.083684,0.988300,1.015643,2.900558,0.028578,0.010532,-1.451671,0.075738,0.021743,0.198607,-0.201864,1.000000,1.000000,3.000000,-1.500000,0.101342,0.048329
0.094531,0.988569,1.017832,2.904179,0.040592,0.017568,-1.459821,0.073168,0.026937,0.196880,-0.185656,1.000000,1.000000,3.000000,-1.500000,0.098134,0.040179
0.107694,0.988915,1.019262,2.908166,0.037610,0.025260,-1.458743,0.064119,0.027112,0.189179,-0.197749,1.000000,1.000000,3.000000,-1.500000,0.094485,0.041257
0.123808,0.989702,1.020103,2.912318,0.030626,0.026651,-1.463766,0.057504,0.023872,0.182190,-0.191516,1.000000,1.000000,3.000000,-1.500000,0.090544,0.036234
0.080323,0.990592,1.020418,2.915942,0.032904,0.021786,-1.471526,0.053996,0.018578,0.169109,-0.181810,1.000000,1.000000,3.000000,-1.500000,0.087013,0.028474
0.096052,0.992042,1.020456,2.920250,0.031696,0.026756,-1.471187,0.049684,0.013088,0.160252,-0.192970,1.000000,1.000000,3.000000,-1.500000,0.082715,0.028813
0.090468,0.994029,1.020269,2.924173,0.036578,0.014093,-1.481730,0.045876,0.004363,0.152793,-0.174878,1.000000,1.000000,3.000000,-1.500000,0.078717,0.018270
0.109561,0.996726,1.019889,2.928155,0.032083,0.011315,-1.491529,0.043444,-0.000783,0.147836,-0.171087,1.000000,1.000000,3.000000,-1.500000,0.074619,0.008471
0.101107,0.998589,1.019875,2.931138,0.023608,0.006739,-1.494898,0.047363,0.003701,0.144886,-0.174371,1.000000,1.000000,3.000000,-1.500000,0.071687,0.005102
0.102362,1.000679,1.020385,2.935641,0.020474,0.013958,-1.503416,0.053058,-0.000781,0.128586,-0.163477,1.000000,1.000000,3.000000,-1.500000,0.067514,0.003416
0.096436,1.002034,1.021676,2.941148,0.021300,0.009579,-1.510695,0.063770,0.004100,0.110844,-0.158657,1.000000,1.000000,3.000000,-1.500000,0.062750,0.010695
0.094717,1.003206,1.023578,2.947100,0.026071,0.017675,-1.516651,0.072998,0.004139,0.095701,-0.154968,1.000000,1.000000,3.000000,-1.500000,0.058005,0.016651
0.104984,1.004270,1.026560,2.954596,0.029444,0.021107,-1.523426,0.085153,0.004749,0.075986,-0.148922,1.000000,1.000000,3.000000,-1.500000,0.052774,0.023426
0.100247,1.005003,1.029566,2.962034,0.022474,0.019148,-1.526004,0.090178,0.006369,0.059155,-0.149616,1.000000,1.000000,3.000000,-1.500000,0.048380,0.026004
0.099276,1.005631,1.032372,2.969010,0.030369,0.010819,-1.536864,0.091275,0.007006,0.046484,-0.132280,1.000000,1.000000,3.000000,-1.500000,0.045167,0.036864
0.102502,1.006311,1.034660,2.975269,0.037537,0.008532,-1.546681,0.087255,0.006121,0.037833,-0.124478,1.000000,1.000000,3.000000,-1.500000,0.043044,0.046681
0.098243,1.006560,1.036549,2.980498,0.033192,0.016875,-1.548063,0.086057,0.009617,0.030675,-0.129121,1.000000,1.000000,3.000000,-1.500000,0.041943,0.048063
0.099353,1.007411,1.037408,2.985198,0.035199,0.008523,-1.555538,0.075416,0.002127,0.023705,-0.115425,1.000000,1.000000,3.000000,-1.500000,0.040907,0.055538
0.099671,1.008378,1.037195,2.988357,0.045249,0.015604,-1.562822,0.063565,-0.000541,0.024571,-0.107589,1.000000,1.000000,3.000000,-1.500000,0.039865,0.062822
0.100193,1.010045,1.035995,2.990975,0.039828,0.012067,-1.563697,0.051624,-0.010876,0.021779,-0.110133,1.000000,1.000000,3.000000,-1.500000,0.038445,0.063697
0.100795,1.011646,1.033948,2.992277,0.041948,0.014663,-1.572017,0.040543,-0.012834,0.025365,-0.093810,1.000000,1.000000,3.000000,-1.500000,0.036711,0.072017
0.100449,1.013879,1.031492,2.992930,0.028449,0.019939,-1.564708,0.033287,-0.024037,0.027070,-0.110736,1.000000,1.000000,3.000000,-1.500000,0.035134,0.064708
0.099099,1.016436,1.028564,2.992778,0.027815,0.024114,-1.567045,0.024649,-0.032533,0.031223,-0.096712,1.000000,1.000000,3.000000,-1.500000,0.033737,0.067045
0.102551,1.019674,1.025839,2.992694,0.028095,0.007440,-1.573034,0.025114,-0.044569,0.031057,-0.085647,1.000000,1.000000,3.000000,-1.500000,0.033288,0.073034
0.097433,1.023158,1.023545,2.992358,0.022511,0.006232,-1.571840,0.025840,-0.055637,0.033012,-0.089947,1.000000,1.000000,3.000000,-1.500000,0.033898,0.071840
0.100398,1.026746,1.021571,2.991583,0.029408,0.006251,-1.572487,0.027919,-0.062787,0.036665,-0.084255,1.000000,1.000000,3.000000,-1.500000,0.035377,0.072487
0.099835,1.030570,1.019971,2.990491,0.028648,0.016277,-1.567938,0.029772,-0.073572,0.040474,-0.089207,1.000000,1.000000,3.000000,-1.500000,0.037733,0.067938
0.100454,1.034255,1.018292,2.989431,0.030005,0.000247,-1.570584,0.027401,-0.079966,0.042503,-0.077101,1.000000,1.000000,3.000000,-1.500000,0.040246,0.070584
0.099647,1.037435,1.016696,2.987204,0.036981,0.004797,-1.572546,0.026580,-0.082820,0.052777,-0.072948,1.000000,1.000000,3.000000,-1.500000,0.042940,0.072546
0.100436,1.039997,1.015258,2.984282,0.034539,0.005091,-1.566662,0.026369,-0.083806,0.062090,-0.081393,1.000000,1.000000,3.000000,-1.500000,0.045603,0.066662
0.102396,1.041520,1.013346,2.980347,0.033306,-0.013539,-1.566829,0.019641,-0.079219,0.074745,-0.072255,1.000000,1.000000,3.000000,-1.500000,0.047835,0.066829
0.096678,1.041815,1.011850,2.975057,0.027366,-0.012488,-1.562546,0.021172,-0.071919,0.093545,-0.076788,1.000000,1.000000,3.000000,-1.500000,0.050110,0.062546
0.100233,1.040441,1.010272,2.969006,0.031443,-0.005458,-1.556020,0.018960,-0.054949,0.108861,-0.080673,1.000000,1.000000,3.000000,-1.500000,0.051977,0.056020
0.100981,1.038288,1.008766,2.964718,0.026747,-0.001512,-1.553683,0.018277,-0.044472,0.109248,-0.075707,1.000000,1.000000,3.000000,-1.500000,0.052798,0.053683
0.098623,1.034787,1.007947,2.962000,0.017161,0.000565,-1.550218,0.024711,-0.025639,0.107799,-0.076928,1.000000,1.000000,3.000000,-1.500000,0.052127,0.050218
0.100087,1.030571,1.007678,2.960919,0.021650,0.013184,-1.541839,0.030577,-0.014338,0.102055,-0.085450,1.000000,1.000000,3.000000,-1.500000,0.050208,0.041839
0.100466,1.026313,1.007245,2.960636,0.028794,0.010453,-1.538334,0.028478,-0.009475,0.098831,-0.081382,1.000000,1.000000,3.000000,-1.500000,0.047900,0.038334
0.100507,1.022573,1.006531,2.960592,0.025435,0.010301,-1.539270,0.024668,-0.010836,0.097783,-0.074617,1.000000,1.000000,3.000000,-1.500000,0.045882,0.039270
0.109732,1.018710,1.005793,2.960989,0.023206,0.016912,-1.540649,0.024341,-0.008761,0.095025,-0.071230,1.000000,1.000000,3.000000,-1.500000,0.043652,0.040649
0.089669,1.016135,1.005130,2.961906,0.025140,0.019190,-1.545368,0.022854,-0.012772,0.089955,-0.062170,1.000000,1.000000,3.000000,-1.500000,0.041687,0.045368
0.109904,1.014283,1.004444,2.963631,0.028209,0.009443,-1.547957,0.023119,-0.023464,0.083748,-0.060658,1.000000,1.000000,3.000000,-1.500000,0.039325,0.047957
0.099893,1.013875,1.004079,2.964774,0.020424,0.018459,-1.545497,0.025122,-0.036844,0.083400,-0.064846,1.000000,1.000000,3.000000,-1.500000,0.038079,0.045497
0.099768,1.014235,1.004001,2.965642,0.017313,0.012997,-1.544955,0.027865,-0.045579,0.082897,-0.061257,1.000000,1.000000,3.000000,-1.500000,0.037404,0.044955
0.092793,1.015419,1.004408,2.965758,0.021751,0.013664,-1.547858,0.033744,-0.056756,0.086217,-0.053605,1.000000,1.000000,3.000000,-1.500000,0.037812,0.047858
0.100110,1.017272,1.005509,2.965416,0.017355,0.017189,-1.538848,0.041253,-0.065487,0.089151,-0.069689,1.000000,1.000000,3.000000,-1.500000,0.039048,0.038848
0.105396,1.019839,1.007009,2.964591,0.022372,0.015364,-1.540889,0.046208,-0.074619,0.092981,-0.055726,1.000000,1.000000,3.000000,-1.500000,0.041189,0.040889
0.100553,1.022559,1.008670,2.962636,0.026499,0.003658,-1.545933,0.050703,-0.080328,0.102600,-0.047065,1.000000,1.000000,3.000000,-1.500000,0.044499,0.045933
0.102025,1.025120,1.011359,2.958565,0.026524,-0.009759,-1.545048,0.064081,-0.081406,0.120851,-0.051154,1.000000,1.000000,3.000000,-1.500000,0.049768,0.045048
0.102601,1.026806,1.014431,2.953455,0.021675,0.003307,-1.540962,0.071154,-0.074402,0.136230,-0.055001,1.000000,1.000000,3.000000,-1.500000,0.055617,0.040962
0.091319,1.027685,1.017631,2.949533,0.018477,-0.014827,-1.537531,0.080045,-0.068601,0.141133,-0.055555,1.000000,1.000000,3.000000,-1.500000,0.060202,0.037531
0.114715,1.027920,1.021932,2.944761,0.022616,-0.001232,-1.535237,0.087465,-0.061156,0.150436,-0.053552,1.000000,1.000000,3.000000,-1.500000,0.065665,0.035237
0.090820,1.027762,1.026477,2.943079,0.015942,0.007725,-1.539403,0.106251,-0.057132,0.142924,-0.042630,1.000000,1.000000,3.000000,-1.500000,0.068643,0.039403
0.099672,1.027661,1.031339,2.945188,0.015098,0.010001,-1.539544,0.110134,-0.057901,0.119583,-0.044933,1.000000,1.000000,3.000000,-1.500000,0.068932,0.039544
0.100478,1.027274,1.036071,2.948184,0.037171,-0.000792,-1.539532,0.113577,-0.054550,0.109204,-0.043207,1.000000,1.000000,3.000000,-1.500000,0.068774,0.039532
0.100916,1.027207,1.039342,2.949799,0.064957,0.009048,-1.545224,0.101577,-0.056934,0.112434,-0.031651,1.000000,1.000000,3.000000,-1.500000,0.069341,0.045224
0.098810,1.027315,1.041596,2.949499,0.040199,0.006315,-1.541256,0.093423,-0.059114,0.122148,-0.041756,1.000000,1.000000,3.000000,-1.500000,0.070899,0.041256
0.100401,1.027814,1.041469,2.950134,0.044338,0.013416,-1.545343,0.067553,-0.062771,0.116359,-0.028989,1.000000,1.000000,3.000000,-1.500000,0.070568,0.045343
0.097623,1.028823,1.039641,2.952028,0.046063,0.003594,-1.539316,0.046244,-0.069378,0.106164,-0.041206,1.000000,1.000000,3.000000,-1.500000,0.068582,0.039316
0.111307,1.030366,1.037393,2.955745,0.026500,0.000574,-1.542398,0.042285,-0.074571,0.091743,-0.028239,1.000000,1.000000,3.000000,-1.500000,0.065413,0.042398
0.097442,1.032342,1.034563,2.961850,0.017006,0.018265,-1.541711,0.029418,-0.083273,0.065044,-0.030128,1.000000,1.000000,3.000000,-1.500000,0.060795,0.041711
0.094689,1.035000,1.032103,2.971780,0.020475,0.014134,-1.545274,0.030037,-0.094424,0.024194,-0.021323,1.000000,1.000000,3.000000,-1.500000,0.055245,0.045274
0.099064,1.037484,1.031031,2.982874,0.013986,-0.007139,-1.541186,0.044780,-0.094476,-0.002328,-0.029816,1.000000,1.000000,3.000000,-1.500000,0.051588,0.041186
0.099665,1.039235,1.030848,2.995473,0.015936,-0.007103,-1.539812,0.054291,-0.088665,-0.035478,-0.026256,1.000000,1.000000,3.000000,-1.500000,0.050115,0.039812
0.099287,1.040281,1.030771,3.009127,0.027346,-0.013987,-1.547383,0.056171,-0.081850,-0.069918,-0.010106,1.000000,1.000000,3.000000,-1.500000,0.051505,0.047383
0.110306,1.039253,1.031123,3.023939,0.020829,-0.024839,-1.545035,0.061187,-0.059683,-0.101202,-0.018755,1.000000,1.000000,3.000000,-1.500000,0.055521,0.045035
0.090055,1.036968,1.031514,3.035023,0.017075,-0.019639,-1.539463,0.063126,-0.040366,-0.121292,-0.024852,1.000000,1.000000,3.000000,-1.500000,0.059886,0.039463
0.100341,1.033428,1.031731,3.046077,0.019222,-0.017026,-1.545137,0.061638,-0.025480,-0.141609,-0.007384,1.000000,1.000000,3.000000,-1.500000,0.065172,0.045137
0.099904,1.029247,1.031904,3.055250,0.021772,-0.006837,-1.548764,0.061693,-0.013666,-0.156057,-0.004490,1.000000,1.000000,3.000000,-1.500000,0.070184,0.048764
0.099728,1.024766,1.032058,3.062122,0.019617,0.001801,-1.548278,0.061849,-0.005536,-0.164045,-0.006502,1.000000,1.000000,3.000000,-1.500000,0.074164,0.048278
0.100152,1.020463,1.032135,3.067416,0.017668,-0.007836,-1.541820,0.061130,-0.003354,-0.172429,-0.014744,1.000000,1.000000,3.000000,-1.500000,0.077436,0.041820
0.100211,1.016947,1.032123,3.071264,0.029903,0.000447,-1.549852,0.060092,-0.007487,-0.178850,0.007107,1.000000,1.000000,3.000000,-1.500000,0.079986,0.049852
0.099573,1.014221,1.031875,3.072978,0.027603,0.013037,-1.551591,0.057186,-0.012665,-0.175765,0.004734,1.000000,1.000000,3.000000,-1.500000,0.080895,0.051591
0.101732,1.012612,1.031222,3.073508,0.031211,0.013021,-1.550229,0.052027,-0.023300,-0.171143,0.003243,1.000000,1.000000,3.000000,-1.500000,0.080853,0.050229
0.108557,1.012057,1.030022,3.072928,0.036071,0.021261,-1.548596,0.045462,-0.034144,-0.164896,0.004444,1.000000,1.000000,3.000000,-1.500000,0.079782,0.048596
0.090544,1.012192,1.029024,3.071019,0.026513,0.002106,-1.545621,0.044139,-0.041475,-0.153403,0.002616,1.000000,1.000000,3.000000,-1.500000,0.077683,0.045621
0.110188,1.013138,1.027415,3.066667,0.026617,-0.000607,-1.544563,0.038280,-0.050035,-0.135540,0.006436,1.000000,1.000000,3.000000,-1.500000,0.073271,0.044563
0.092305,1.014176,1.026103,3.062318,0.027538,0.010236,-1.546772,0.037298,-0.053894,-0.122837,0.013240,1.000000,1.000000,3.000000,-1.500000,0.069035,0.046772
0.107188,1.015877,1.024396,3.057335,0.024289,-0.010087,-1.544030,0.033266,-0.060707,-0.112754,0.008810,1.000000,1.000000,3.000000,-1.500000,0.064301,0.044030
0.102319,1.017151,1.023649,3.052837,0.017650,-0.008029,-1.543458,0.041752,-0.058670,-0.104579,0.012437,1.000000,1.000000,3.000000,-1.500000,0.060375,0.043458
0.100238,1.018283,1.023129,3.047498,0.019585,0.009624,-1.540628,0.043292,-0.058821,-0.089013,0.010219,1.000000,1.000000,3.000000,-1.500000,0.055904,0.040628
0.100736,1.018544,1.023247,3.042941,0.017375,0.000718,-1.537693,0.050361,-0.050122,-0.083348,0.009886,1.000000,1.000000,3.000000,-1.500000,0.052233,0.037693
0.096108,1.018655,1.023482,3.037793,0.023620,-0.014787,-1.541196,0.052218,-0.048563,-0.068640,0.020498,1.000000,1.000000,3.000000,-1.500000,0.048247,0.041196
0.100425,1.018093,1.024047,3.032260,0.029679,-0.002514,-1.540986,0.056457,-0.040846,-0.056377,0.018601,1.000000,1.000000,3.000000,-1.500000,0.044117,0.040986
0.100340,1.017063,1.023897,3.026514,0.041441,0.005033,-1.541666,0.048854,-0.034462,-0.043364,0.021907,1.000000,1.000000,3.000000,-1.500000,0.039563,0.041666
0.099897,1.016063,1.022448,3.020364,0.051975,0.007656,-1.546408,0.033507,-0.033027,-0.028493,0.031314,1.000000,1.000000,3.000000,-1.500000,0.034302,0.046408
0.100666,1.015807,1.019419,3.014241,0.051002,0.003780,-1.543725,0.013189,-0.040316,-0.016077,0.024413,1.000000,1.000000,3.000000,-1.500000,0.028805,0.043725
0.099685,1.015578,1.015194,3.007542,0.032671,-0.006969,-1.540496,-0.004704,-0.039836,0.000924,0.023523,1.000000,1.000000,3.000000,-1.500000,0.023031,0.040496
0.100554,1.015010,1.010201,2.999102,0.028003,-0.006047,-1.537687,-0.017898,-0.035172,0.026572,0.023788,1.000000,1.000000,3.000000,-1.500000,0.018170,0.037687
0.101248,1.014493,1.004518,2.989044,0.035044,-0.004158,-1.540811,-0.030904,-0.034868,0.055720,0.033565,1.000000,1.000000,3.000000,-1.500000,0.018722,0.040811
0.097243,1.013467,0.998735,2.976787,0.034912,0.003544,-1.536542,-0.040798,-0.027428,0.095689,0.025096,1.000000,1.000000,3.000000,-1.500000,0.026867,0.036542
0.100422,1.012676,0.992522,2.964178,0.033944,0.009140,-1.535654,-0.051137,-0.029044,0.124408,0.029538,1.000000,1.000000,3.000000,-1.500000,0.038728,0.035654
0.100195,1.012273,0.986438,2.951982,0.033349,0.006255,-1.545558,-0.057956,-0.033070,0.151572,0.048943,1.000000,1.000000,3.000000,-1.500000,0.051384,0.045558
0.100227,1.012746,0.980934,2.942251,0.018167,0.004094,-1.541224,-0.060475,-0.042664,0.164389,0.034237,1.000000,1.000000,3.000000,-1.500000,0.062137,0.041224
0.097405,1.013791,0.976735,2.935737,0.017186,0.007925,-1.543258,-0.055254,-0.050511,0.168184,0.043807,1.000000,1.000000,3.000000,-1.500000,0.069722,0.043258
0.101160,1.015408,0.973044,2.929997,0.021699,0.000336,-1.541490,-0.055800,-0.057794,0.180568,0.040879,1.000000,1.000000,3.000000,-1.500000,0.076580,0.041490
0.108050,1.017499,0.970581,2.924606,0.016253,0.003532,-1.537374,-0.048111,-0.063724,0.194583,0.037944,1.000000,1.000000,3.000000,-1.500000,0.082801,0.037374
0.095022,1.019689,0.969397,2.921759,0.008363,-0.007331,-1.540565,-0.041854,-0.070406,0.192824,0.048875,1.000000,1.000000,3.000000,-1.500000,0.086289,0.040565
0.099900,1.021498,0.969713,2.920881,0.014668,-0.006144,-1.542160,-0.028241,-0.067508,0.184544,0.050290,1.000000,1.000000,3.000000,-1.500000,0.087402,0.042160
0.097599,1.022704,0.970952,2.921688,0.023689,-0.014331,-1.543286,-0.019943,-0.062904,0.174727,0.052651,1.000000,1.000000,3.000000,-1.500000,0.086557,0.043286
0.101706,1.022638,0.973200,2.922938,0.020498,-0.010855,-1.538730,-0.010585,-0.049065,0.170197,0.045932,1.000000,1.000000,3.000000,-1.500000,0.084672,0.038730
0.099454,1.022500,0.975469,2.924715,0.027016,0.000913,-1.539968,-0.010273,-0.048149,0.163826,0.054173,1.000000,1.000000,3.000000,-1.500000,0.082315,0.039968
0.100590,1.021702,0.977860,2.927771,0.024145,-0.002409,-1.543198,-0.009017,-0.040315,0.151486,0.060371,1.000000,1.000000,3.000000,-1.500000,0.078601,0.043198
0.098275,1.020140,0.980268,2.930158,0.022531,0.000323,-1.535857,-0.007936,-0.030045,0.149422,0.046668,1.000000,1.000000,3.000000,-1.500000,0.075319,0.035857
0.100076,1.018351,0.982650,2.933866,0.032621,-0.006096,-1.544698,-0.007870,-0.026047,0.135598,0.070602,1.000000,1.000000,3.000000,-1.500000,0.070792,0.044698
0.101134,1.016487,0.984173,2.937060,0.034300,0.000718,-1.542200,-0.017560,-0.023120,0.131547,0.060030,1.000000,1.000000,3.000000,-1.500000,0.066960,0.042200
0.102500,1.014522,0.985413,2.940567,0.033970,0.004088,-1.550168,-0.020988,-0.020275,0.122983,0.077853,1.000000,1.000000,3.000000,-1.500000,0.062896,0.050168
0.096495,1.013359,0.986176,2.944743,0.023785,0.007032,-1.546255,-0.026529,-0.026432,0.109955,0.065884,1.000000,1.000000,3.000000,-1.500000,0.058506,0.046255
0.100191,1.012615,0.986733,2.948760,0.025111,-0.002539,-1.554866,-0.029911,-0.030773,0.103097,0.086633,1.000000,1.000000,3.000000,-1.500000,0.054412,0.054866
0.100195,1.012433,0.987185,2.952837,0.029586,-0.001348,-1.556183,-0.032182,-0.036598,0.094322,0.083229,1.000000,1.000000,3.000000,-1.500000,0.050430,0.056183
0.101937,1.012827,0.987357,2.956355,0.042705,0.006186,-1.563092,-0.036395,-0.043328,0.089929,0.096336,1.000000,1.000000,3.000000,-1.500000,0.047215,0.063092
0.107421,1.013990,0.987027,2.960222,0.037941,0.007971,-1.568771,-0.043009,-0.052247,0.081162,0.102362,1.000000,1.000000,3.000000,-1.500000,0.044117,0.068771
0.091930,1.015459,0.986510,2.963240,0.025279,-0.007770,-1.563786,-0.046624,-0.059129,0.076389,0.091384,1.000000,1.000000,3.000000,-1.500000,0.042098,0.063786
0.102428,1.017973,0.985703,2.966522,0.025297,-0.004020,-1.571528,-0.049445,-0.071426,0.069923,0.112711,1.000000,1.000000,3.000000,-1.500000,0.040599,0.071528
0.108723,1.020967,0.985367,2.969976,0.029678,0.001435,-1.578616,-0.044115,-0.078188,0.062852,0.120703,1.000000,1.000000,3.000000,-1.500000,0.039436,0.078616
0.098741,1.024059,0.985267,2.974045,0.027162,-0.006891,-1.574232,-0.042305,-0.085398,0.049857,0.110598,1.000000,1.000000,3.000000,-1.500000,0.038335,0.074232
0.098848,1.027139,0.985490,2.978097,0.027132,-0.010310,-1.578334,-0.038178,-0.088713,0.041524,0.125370,1.000000,1.000000,3.000000,-1.500000,0.037773,0.078334
0.099896,1.029936,0.986048,2.981546,0.027143,-0.013985,-1.584298,-0.033479,-0.088517,0.037418,0.135264,1.000000,1.000000,3.000000,-1.500000,0.037833,0.084298
0.103091,1.032221,0.986960,2.985084,0.022072,-0.013970,-1.578396,-0.029540,-0.084500,0.030143,0.123749,1.000000,1.000000,3.000000,-1.500000,0.037825,0.078396
0.099225,1.033246,0.988613,2.987910,0.020967,-0.014425,-1.582074,-0.019177,-0.072900,0.027042,0.139226,1.000000,1.000000,3.000000,-1.500000,0.037164,0.082074
0.097544,1.033824,0.990406,2.991144,0.028000,-0.008323,-1.586611,-0.015112,-0.068814,0.018063,0.147296,1.000000,1.000000,3.000000,-1.500000,0.036256,0.086611
0.100164,1.032925,0.992985,2.993805,0.024987,-0.017830,-1.583519,-0.004834,-0.051657,0.015667,0.141673,1.000000,1.000000,3.000000,-1.500000,0.034229,0.083519
0.099807,1.031346,0.995707,2.996304,0.022664,-0.012358,-1.585124,-0.000303,-0.042546,0.011185,0.151323,1.000000,1.000000,3.000000,-1.500000,0.031854,0.085124
0.100620,1.028818,0.998883,2.998017,0.032080,-0.006827,-1.592013,0.007770,-0.029644,0.011441,0.165540,1.000000,1.000000,3.000000,-1.500000,0.028908,0.092013
0.102535,1.026490,1.001884,2.999894,0.033633,0.005486,-1.588764,0.008708,-0.029721,0.006916,0.157970,1.000000,1.000000,3.000000,-1.500000,0.026557,0.088764
0.097471,1.023168,1.005381,3.000740,0.034419,-0.003332,-1.588593,0.019943,-0.013705,0.009699,0.164814,1.000000,1.000000,3.000000,-1.500000,0.023796,0.088593
0.100574,1.020444,1.008504,3.001251,0.032958,-0.002901,-1.584662,0.019213,-0.018345,0.010258,0.162523,1.000000,1.000000,3.000000,-1.500000,0.022177,0.084662
0.102472,1.017792,1.011744,3.000409,0.022735,-0.011535,-1.578598,0.024685,-0.016844,0.018329,0.160181,1.000000,1.000000,3.000000,-1.500000,0.021322,0.078598
0.095616,1.015215,1.014915,2.998622,0.032890,-0.001131,-1.578448,0.031504,-0.012856,0.027150,0.169159,1.000000,1.000000,3.000000,-1.500000,0.021351,0.078448
0.100583,1.013303,1.018030,2.996447,0.028971,-0.001223,-1.570238,0.034629,-0.019564,0.033160,0.159097,1.000000,1.000000,3.000000,-1.500000,0.022686,0.070238
0.100287,1.012668,1.021460,2.993251,0.023015,0.027824,-1.559384,0.044107,-0.032981,0.044722,0.151797,1.000000,1.000000,3.000000,-1.500000,0.025817,0.059384
0.099383,1.012989,1.025168,2.990252,0.023412,0.020432,-1.555748,0.054262,-0.043912,0.050162,0.158764,1.000000,1.000000,3.000000,-1.500000,0.029953,0.055748
0.101327,1.014245,1.028586,2.988550,0.035460,-0.000600,-1.546223,0.056974,-0.055713,0.047318,0.148830,1.000000,1.000000,3.000000,-1.500000,0.033929,0.046223
0.099411,1.015510,1.032329,2.987843,0.019379,-0.015765,-1.525809,0.067947,-0.059140,0.044169,0.125126,1.000000,1.000000,3.000000,-1.500000,0.037862,0.025809
0.099633,1.016456,1.035645,2.987917,0.029877,-0.004988,-1.529575,0.071535,-0.056577,0.040266,0.152488,1.000000,1.000000,3.000000,-1.500000,0.041077,0.029575
0.100993,1.016506,1.038590,2.987374,0.032571,-0.003558,-1.523608,0.075196,-0.047566,0.044320,0.140158,1.000000,1.000000,3.000000,-1.500000,0.043830,0.023608
0.098823,1.016290,1.041713,2.986040,0.028478,-0.011670,-1.515782,0.086050,-0.045645,0.050980,0.133510,1.000000,1.000000,3.000000,-1.500000,0.046906,0.015782
0.100884,1.015749,1.044810,2.983703,0.028708,-0.003701,-1.505409,0.093747,-0.043079,0.060464,0.124269,1.000000,1.000000,3.000000,-1.500000,0.050215,0.005409
