timestamp,x,y,z,roll,pitch,yaw,vx_cmd,vy_cmd,vz_cmd,yaw_rate_cmd,target_x,target_y,target_z,target_yaw,pos_error,yaw_error
0.020000,0.000065,0.000735,0.975876,0.001229,-0.000108,-0.000000,1.372199,1.372200,1.372200,0.000002,2.000000,2.000000,2.000000,0.000000,3.007595,0.000000
0.020000,0.000301,0.002949,0.944496,-0.006557,0.007274,-0.000098,1.372066,1.372200,1.372200,0.000535,2.000000,2.000000,2.000000,0.000000,3.016803,0.000098
0.020000,0.001271,0.007135,0.941097,-0.011588,0.012844,-0.000090,1.372076,1.372200,1.372200,0.000030,2.000000,2.000000,2.000000,0.000000,3.014582,0.000090
0.020000,0.003552,0.013835,0.963546,-0.018574,0.019643,-0.000203,1.371921,1.372200,1.372200,0.000686,2.000000,2.000000,2.000000,0.000000,3.000815,0.000203
0.020000,0.007588,0.023465,1.004320,-0.025671,0.026480,-0.000285,1.371809,1.372200,1.117571,0.000598,2.000000,2.000000,2.000000,0.000000,2.977881,0.000285
0.020000,0.013732,0.036348,1.057533,-0.031926,0.032693,-0.000416,1.371629,1.372200,0.709711,0.000930,2.000000,2.000000,2.000000,0.000000,2.947785,0.000416
0.020000,0.022147,0.052618,1.114884,-0.037918,0.038665,-0.000542,1.371515,1.263809,0.491416,0.000998,2.000000,2.000000,2.000000,0.000000,2.913354,0.000542
0.020000,0.032895,0.072312,1.168178,-0.043930,0.044593,-0.000696,1.371463,1.058774,0.477160,0.001247,2.000000,2.000000,2.000000,0.000000,2.877050,0.000696
0.020000,0.046229,0.095666,1.216022,-0.049763,0.050352,-0.000858,1.371483,0.837113,0.507514,0.001404,2.000000,2.000000,2.000000,0.000000,2.838720,0.000858
0.020000,0.062531,0.122998,1.260229,-0.053291,0.055905,-0.001019,1.249788,0.593992,0.502201,0.001527,2.000000,2.000000,2.000000,0.000000,2.797174,0.001019
0.020000,0.082177,0.154486,1.302334,-0.052031,0.061324,-0.001171,1.049191,0.336650,0.464589,0.001596,2.000000,2.000000,2.000000,0.000000,2.751491,0.001171
0.020000,0.105481,0.190016,1.342826,-0.047211,0.066612,-0.001293,0.827787,0.080882,0.418706,0.001552,2.000000,2.000000,2.000000,0.000000,2.701318,0.001293
0.020000,0.132646,0.229246,1.381412,-0.038786,0.069548,-0.001277,0.591327,-0.160556,0.383768,0.000887,2.000000,2.000000,2.000000,0.000000,2.646740,0.001277
0.020000,0.163711,0.271623,1.417692,-0.031443,0.068196,-0.001129,0.348467,-0.375877,0.363194,0.000161,2.000000,2.000000,2.000000,0.000000,2.588113,0.001129
0.020000,0.198506,0.316614,1.451586,-0.023809,0.063458,-0.000981,0.110645,-0.565340,0.349499,0.000069,2.000000,2.000000,2.000000,0.000000,2.525852,0.000981
0.020000,0.236610,0.363726,1.482990,-0.016384,0.054779,-0.000793,-0.108366,-0.730440,0.343482,-0.000245,2.000000,2.000000,2.000000,0.000000,2.460536,0.000793
0.020000,0.277293,0.412508,1.512103,-0.009366,0.040331,-0.000595,-0.291009,-0.873096,0.337495,-0.000426,2.000000,2.000000,2.000000,0.000000,2.392884,0.000595
0.020000,0.319791,0.462541,1.539875,-0.002536,0.031857,-0.000595,-0.434443,-0.994620,0.311585,0.000525,2.000000,2.000000,2.000000,0.000000,2.323488,0.000595
0.020000,0.363582,0.513414,1.566267,0.004148,0.027006,-0.000561,-0.551359,-1.094905,0.289552,0.000351,2.000000,2.000000,2.000000,0.000000,2.252981,0.000561
0.020000,0.408165,0.564730,1.591099,0.010627,0.020291,-0.000578,-0.642108,-1.174360,0.275003,0.000607,2.000000,2.000000,2.000000,0.000000,2.182003,0.000578
0.020000,0.453042,0.616102,1.614642,0.016912,0.012828,-0.000626,-0.706413,-1.233150,0.256706,0.000800,2.000000,2.000000,2.000000,0.000000,2.111103,0.000626
0.020000,0.497720,0.667155,1.636913,0.023033,0.006226,-0.000696,-0.744119,-1.271464,0.240634,0.000957,2.000000,2.000000,2.000000,0.000000,2.040870,0.000696
0.020000,0.541730,0.717523,1.657909,0.028996,0.000037,-0.000775,-0.755816,-1.289313,0.227317,0.001063,2.000000,2.000000,2.000000,0.000000,1.971883,0.000775
0.020000,0.584618,0.766846,1.677746,0.034804,-0.006215,-0.000887,-0.741888,-1.286786,0.213632,0.001309,2.000000,2.000000,2.000000,0.000000,1.904684,0.000887
0.020000,0.625985,0.814851,1.696475,0.040465,-0.012374,-0.001008,-0.704985,-1.268048,0.201046,0.001450,2.000000,2.000000,2.000000,0.000000,1.839734,0.001008
0.020000,0.665572,0.861409,1.714155,0.045990,-0.018877,-0.001176,-0.652106,-1.240952,0.189232,0.001797,2.000000,2.000000,2.000000,0.000000,1.777299,0.001176
0.020000,0.703156,0.906474,1.730790,0.051380,-0.024197,-0.001297,-0.585149,-1.209569,0.179500,0.001673,2.000000,2.000000,2.000000,0.000000,1.717579,0.001297
0.020000,0.738499,0.949960,1.746411,0.056646,-0.029570,-0.001445,-0.503029,-1.171891,0.171148,0.001917,2.000000,2.000000,2.000000,0.000000,1.660806,0.001445
0.020000,0.771289,0.991652,1.761087,0.061789,-0.035029,-0.001623,-0.401395,-1.120713,0.163106,0.002201,2.000000,2.000000,2.000000,0.000000,1.607351,0.001623
0.020000,0.801132,1.031171,1.774887,0.066818,-0.040192,-0.001774,-0.275471,-1.046733,0.155245,0.002191,2.000000,2.000000,2.000000,0.000000,1.557751,0.001774
0.020000,0.827569,1.068007,1.787868,0.071736,-0.045194,-0.001943,-0.121207,-0.942301,0.147742,0.002417,2.000000,2.000000,2.000000,0.000000,1.512682,0.001943
0.020000,0.850229,1.101544,1.799918,0.080036,-0.042765,-0.001341,0.056239,-0.801209,0.144856,-0.001691,2.000000,2.000000,2.000000,0.000000,1.472831,0.001341
0.020000,0.869028,1.131228,1.810984,0.084809,-0.040550,-0.001056,0.242741,-0.626354,0.145275,-0.000359,2.000000,2.000000,2.000000,0.000000,1.438606,0.001056
0.020000,0.884050,1.156794,1.821418,0.087700,-0.037405,-0.000952,0.429054,-0.432770,0.138617,0.000447,2.000000,2.000000,2.000000,0.000000,1.410047,0.000952
0.020000,0.895682,1.178082,1.831512,0.091998,-0.030572,-0.000252,0.598088,-0.226408,0.125699,-0.002898,2.000000,2.000000,2.000000,0.000000,1.386887,0.000252
0.020000,0.904502,1.195003,1.841261,0.092855,-0.022331,0.000244,0.739469,-0.010602,0.113606,-0.002269,2.000000,2.000000,2.000000,0.000000,1.368698,0.000244
0.020000,0.911148,1.207703,1.850514,0.090236,-0.014863,0.000682,0.849144,0.201900,0.106158,-0.002304,2.000000,2.000000,2.000000,0.000000,1.354872,0.000682
0.020000,0.916239,1.216545,1.859175,0.084636,-0.007465,0.001132,0.927422,0.399009,0.102218,-0.002681,2.000000,2.000000,2.000000,0.000000,1.344683,0.001132
0.020000,0.920375,1.222108,1.867068,0.075987,-0.000229,0.001447,0.974586,0.568646,0.104121,-0.002269,2.000000,2.000000,2.000000,0.000000,1.337302,0.001447
0.020000,0.924140,1.225269,1.874247,0.060155,0.006697,0.001688,0.990824,0.693985,0.106190,-0.002098,2.000000,2.000000,2.000000,0.000000,1.331727,0.001688
0.020000,0.928107,1.226971,1.881376,0.050652,0.013399,0.001876,0.975891,0.770247,0.092530,-0.001997,2.000000,2.000000,2.000000,0.000000,1.326876,0.001876
0.020000,0.932833,1.227882,1.888443,0.045249,0.019921,0.002012,0.930218,0.811740,0.079267,-0.001856,2.000000,2.000000,2.000000,0.000000,1.321914,0.002012
0.020000,0.938813,1.228657,1.895149,0.037379,0.026804,0.002122,0.856516,0.818268,0.073907,-0.001827,2.000000,2.000000,2.000000,0.000000,1.316086,0.002122
0.020000,0.946536,1.229928,1.901332,0.029436,0.032443,0.002136,0.754508,0.790419,0.073520,-0.001400,2.000000,2.000000,2.000000,0.000000,1.308637,0.002136
0.020000,0.956469,1.232248,1.907024,0.022676,0.038073,0.002126,0.624931,0.731892,0.073372,-0.001296,2.000000,2.000000,2.000000,0.000000,1.298863,0.002126
0.020000,0.969032,1.236143,1.912434,0.014025,0.039686,0.001940,0.469784,0.643536,0.068810,-0.000338,2.000000,2.000000,2.000000,0.000000,1.286095,0.001940
0.020000,0.984412,1.242151,1.917397,0.007068,0.039068,0.002188,0.301740,0.523791,0.069160,-0.002615,2.000000,2.000000,2.000000,0.000000,1.269873,0.002188
0.020000,1.002664,1.250624,1.922003,0.004746,0.037924,0.001872,0.127360,0.382655,0.068067,0.000293,2.000000,2.000000,2.000000,0.000000,1.249931,0.001872
0.020000,1.023693,1.261704,1.926427,0.004556,0.034068,0.001865,-0.044847,0.230995,0.063190,-0.001204,2.000000,2.000000,2.000000,0.000000,1.226242,0.001865
0.020000,1.047202,1.275389,1.930737,0.006009,0.027319,0.001746,-0.203817,0.076577,0.056933,-0.000600,2.000000,2.000000,2.000000,0.000000,1.199034,0.001746
0.020000,1.072751,1.291499,1.934877,0.009885,0.019813,0.001564,-0.341282,-0.070908,0.052355,-0.000183,2.000000,2.000000,2.000000,0.000000,1.168763,0.001564
0.020000,1.099830,1.309680,1.938527,0.016595,0.012585,0.001460,-0.452980,-0.201768,0.056445,-0.000503,2.000000,2.000000,2.000000,0.000000,1.136057,0.001460
0.020000,1.127938,1.329337,1.941652,0.028704,0.005415,0.001201,-0.538778,-0.302243,0.062465,0.000413,2.000000,2.000000,2.000000,0.000000,1.101674,0.001201
0.020000,1.156589,1.349742,1.945001,0.037477,-0.001488,0.001003,-0.598996,-0.364654,0.050131,0.000250,2.000000,2.000000,2.000000,0.000000,1.066397,0.001003
0.020000,1.185298,1.370404,1.948513,0.041909,-0.008146,0.000751,-0.633108,-0.400942,0.038912,0.000677,2.000000,2.000000,2.000000,0.000000,1.030913,0.000751
0.020000,1.213581,1.390916,1.951807,0.047086,-0.014623,0.000506,-0.640848,-0.415255,0.037276,0.000806,2.000000,2.000000,2.000000,0.000000,0.995872,0.000506
0.020000,1.240957,1.410836,1.954973,0.053329,-0.020924,0.000241,-0.621710,-0.405291,0.033715,0.001089,2.000000,2.000000,2.000000,0.000000,0.961919,0.000241
0.020000,1.266969,1.429746,1.957793,0.059376,-0.027328,-0.000364,-0.576469,-0.371879,0.036105,0.003144,2.000000,2.000000,2.000000,0.000000,0.929680,0.000364
0.020000,1.291165,1.447204,1.960126,0.064041,-0.033397,-0.000258,-0.505185,-0.312735,0.042850,-0.000340,2.000000,2.000000,2.000000,0.000000,0.899789,0.000258
0.020000,1.313066,1.462752,1.962421,0.068058,-0.038825,-0.001037,-0.405582,-0.227357,0.038979,0.004462,2.000000,2.000000,2.000000,0.000000,0.872884,0.001037
0.020000,1.332192,1.476092,1.964449,0.068051,-0.046984,-0.000714,-0.277422,-0.123027,0.041140,-0.001048,2.000000,2.000000,2.000000,0.000000,0.849536,0.000714
0.020000,1.348091,1.487103,1.965892,0.068541,-0.049730,-0.000712,-0.121463,-0.009824,0.052079,0.000498,2.000000,2.000000,2.000000,0.000000,0.830188,0.000712
0.020000,1.360606,1.495834,1.966924,0.069011,-0.048407,-0.000376,0.046620,0.103258,0.059737,-0.001336,2.000000,2.000000,2.000000,0.000000,0.814925,0.000376
0.020000,1.369782,1.502493,1.968231,0.068048,-0.044079,-0.000355,0.215933,0.207357,0.050476,0.000167,2.000000,2.000000,2.000000,0.000000,0.803553,0.000355
0.020000,1.375904,1.507223,1.969986,0.065032,-0.037542,0.000142,0.373340,0.305674,0.036101,-0.002467,2.000000,2.000000,2.000000,0.000000,0.795754,0.000142
0.020000,1.379446,1.510065,1.971577,0.060763,-0.029050,0.000927,0.508437,0.403574,0.036707,-0.004407,2.000000,2.000000,2.000000,0.000000,0.791158,0.000927
0.020000,1.380984,1.511132,1.972637,0.053828,-0.019885,0.000838,0.614381,0.497673,0.047171,-0.000152,2.000000,2.000000,2.000000,0.000000,0.789254,0.000838
0.020000,1.381121,1.510957,1.973519,0.041255,-0.012572,0.001035,0.689627,0.564335,0.049578,-0.001675,2.000000,2.000000,2.000000,0.000000,0.789224,0.001035
0.020000,1.380386,1.510295,1.974962,0.030352,-0.005694,0.001128,0.737349,0.591133,0.033171,-0.001254,2.000000,2.000000,2.000000,0.000000,0.790164,0.001128
0.020000,1.379271,1.509776,1.976694,0.024336,0.000982,0.001165,0.758975,0.583903,0.022679,-0.001021,2.000000,2.000000,2.000000,0.000000,0.791307,0.001165
0.020000,1.378245,1.509903,1.977610,0.019234,0.007557,0.001189,0.755274,0.549076,0.040242,-0.000987,2.000000,2.000000,2.000000,0.000000,0.792007,0.001189
0.020000,1.377768,1.511146,1.978199,0.012715,0.013905,0.001167,0.726212,0.487907,0.046814,-0.000757,2.000000,2.000000,2.000000,0.000000,0.791597,0.001167
0.020000,1.378291,1.513983,1.979164,0.008171,0.020042,0.001143,0.671860,0.399251,0.035823,-0.000748,2.000000,2.000000,2.000000,0.000000,0.789410,0.001143
0.020000,1.380234,1.518840,1.980254,0.007702,0.027414,0.001462,0.593427,0.285453,0.030582,-0.002626,2.000000,2.000000,2.000000,0.000000,0.784866,0.001462
0.020000,1.384098,1.526216,1.981358,0.007738,0.031835,0.001108,0.485865,0.142570,0.027950,0.000840,2.000000,2.000000,2.000000,0.000000,0.777274,0.001108
0.020000,1.390296,1.536584,1.982471,0.009739,0.033882,0.001181,0.353620,-0.029276,0.025386,-0.001274,2.000000,2.000000,2.000000,0.000000,0.766029,0.001181
0.020000,1.399031,1.550011,1.983564,0.014701,0.034437,0.001086,0.207756,-0.207842,0.023608,-0.000409,2.000000,2.000000,2.000000,0.000000,0.750949,0.001086
0.020000,1.410197,1.565988,1.984596,0.021344,0.032910,0.000934,0.064986,-0.361939,0.022926,-0.000042,2.000000,2.000000,2.000000,0.000000,0.732442,0.000934
0.020000,1.423410,1.583547,1.985539,0.027672,0.029356,0.000859,-0.059322,-0.465812,0.023051,-0.000361,2.000000,2.000000,2.000000,0.000000,0.711405,0.000859
0.020000,1.438149,1.601654,1.986403,0.034187,0.024378,0.000616,-0.157097,-0.514771,0.023159,0.000603,2.000000,2.000000,2.000000,0.000000,0.688870,0.000616
0.020000,1.453868,1.619565,1.986925,0.040466,0.017453,0.000386,-0.226691,-0.523735,0.030245,0.000698,2.000000,2.000000,2.000000,0.000000,0.665704,0.000386
0.020000,1.470004,1.636804,1.986902,0.046436,0.008762,0.000048,-0.266426,-0.506413,0.043264,0.001453,2.000000,2.000000,2.000000,0.000000,0.642633,0.000048
0.020000,1.486071,1.652983,1.986994,0.052860,0.002381,-0.000206,-0.279933,-0.467072,0.040356,0.001228,2.000000,2.000000,2.000000,0.000000,0.620252,0.000206
0.020000,1.501676,1.667761,1.987598,0.058084,-0.002607,-0.000392,-0.272038,-0.407927,0.026867,0.001038,2.000000,2.000000,2.000000,0.000000,0.599052,0.000392
0.020000,1.516435,1.680853,1.988526,0.063295,-0.007979,-0.000638,-0.242527,-0.331591,0.017216,0.001501,2.000000,2.000000,2.000000,0.000000,0.579502,0.000638
0.020000,1.530008,1.692036,1.989066,0.066318,-0.013655,-0.000425,-0.193723,-0.241190,0.025333,-0.000850,2.000000,2.000000,2.000000,0.000000,0.562009,0.000425
0.020000,1.542097,1.701158,1.989482,0.067643,-0.017583,-0.001227,-0.127051,-0.140475,0.027429,0.004601,2.000000,2.000000,2.000000,0.000000,0.546893,0.001227
0.020000,1.552500,1.708161,1.990148,0.067613,-0.019891,-0.001058,-0.047889,-0.034162,0.020069,-0.000177,2.000000,2.000000,2.000000,0.000000,0.534344,0.001058
0.020000,1.561124,1.713113,1.991001,0.066206,-0.020611,-0.001126,0.038126,0.070661,0.013820,0.001027,2.000000,2.000000,2.000000,0.000000,0.524402,0.001126
0.020000,1.567994,1.716191,1.991757,0.063329,-0.019773,-0.001069,0.124777,0.168037,0.014579,0.000390,2.000000,2.000000,2.000000,0.000000,0.516957,0.001069
0.020000,1.573232,1.717638,1.992388,0.059347,-0.017469,-0.000966,0.206653,0.254126,0.016236,0.000113,2.000000,2.000000,2.000000,0.000000,0.511778,0.000966
0.020000,1.577050,1.717756,1.992956,0.054493,-0.013930,-0.000828,0.278776,0.325393,0.016554,-0.000146,2.000000,2.000000,2.000000,0.000000,0.508526,0.000828
0.020000,1.579753,1.716922,1.993512,0.049195,-0.009521,-0.000661,0.335702,0.377425,0.015709,-0.000397,2.000000,2.000000,2.000000,0.000000,0.506738,0.000661
0.020000,1.581795,1.715656,1.994075,0.043811,-0.004682,-0.000537,0.369011,0.401905,0.014337,-0.000270,2.000000,2.000000,2.000000,0.000000,0.505749,0.000537
0.020000,1.583735,1.714589,1.994659,0.038736,0.000135,-0.000444,0.372387,0.392415,0.012627,-0.000182,2.000000,2.000000,2.000000,0.000000,0.504742,0.000444
0.020000,1.586100,1.714299,1.994881,0.033093,0.004643,-0.000578,0.347037,0.350982,0.020811,0.001003,2.000000,2.000000,2.000000,0.000000,0.502955,0.000578
0.020000,1.589297,1.715240,1.994614,0.029937,0.008135,0.000210,0.299145,0.283634,0.033021,-0.003971,2.000000,2.000000,2.000000,0.000000,0.499794,0.000210
0.020000,1.593559,1.717601,1.994728,0.028616,0.011406,-0.000645,0.237154,0.205037,0.023709,0.004518,2.000000,2.000000,2.000000,0.000000,0.494946,0.000645
0.020000,1.598913,1.721355,1.995237,0.027591,0.013444,0.000125,0.172855,0.126028,0.013215,-0.003820,2.000000,2.000000,2.000000,0.000000,0.488402,0.000125
0.020000,1.605195,1.726354,1.995735,0.027449,0.013961,-0.000063,0.116197,0.053757,0.012432,0.000913,2.000000,2.000000,2.000000,0.000000,0.480387,0.000063
0.020000,1.612179,1.732461,1.995771,0.029369,0.014252,0.000266,0.070894,-0.012360,0.023395,-0.001803,2.000000,2.000000,2.000000,0.000000,0.471169,0.000266
0.020000,1.619723,1.739596,1.995572,0.032651,0.014263,0.000191,0.032694,-0.075314,0.029413,0.000186,2.000000,2.000000,2.000000,0.000000,0.460913,0.000191
0.020000,1.627735,1.747801,1.995244,0.035713,0.012400,0.000464,-0.001171,-0.141650,0.033185,-0.001679,2.000000,2.000000,2.000000,0.000000,0.449676,0.000464
0.020000,1.636099,1.757081,1.994984,0.039401,0.009938,0.000326,-0.029202,-0.209409,0.032098,0.000387,2.000000,2.000000,2.000000,0.000000,0.437560,0.000326
0.020000,1.644703,1.767263,1.995029,0.044297,0.007764,0.000192,-0.051316,-0.268885,0.024717,0.000460,2.000000,2.000000,2.000000,0.000000,0.424767,0.000192
0.020000,1.653410,1.778009,1.995372,0.049280,0.005277,0.000156,-0.066325,-0.310822,0.016906,0.000010,2.000000,2.000000,2.000000,0.000000,0.411614,0.000156
0.020000,1.662063,1.788849,1.995821,0.054044,0.002523,-0.000063,-0.072760,-0.327618,0.013413,0.001046,2.000000,2.000000,2.000000,0.000000,0.398502,0.000063
0.020000,1.670506,1.799224,1.995982,0.058662,-0.000017,0.000140,-0.070681,-0.313921,0.019965,-0.001123,2.000000,2.000000,2.000000,0.000000,0.385867,0.000140
0.020000,1.678617,1.808572,1.995980,0.063307,-0.002850,-0.000307,-0.061483,-0.268898,0.023880,0.002308,2.000000,2.000000,2.000000,0.000000,0.374096,0.000307
0.020000,1.686258,1.816390,1.996060,0.065674,-0.004473,-0.000263,-0.044598,-0.195195,0.021742,-0.000073,2.000000,2.000000,2.000000,0.000000,0.363542,0.000263
0.020000,1.693329,1.822369,1.996273,0.066778,-0.005747,-0.000329,-0.021694,-0.102946,0.018122,0.000502,2.000000,2.000000,2.000000,0.000000,0.354420,0.000329
0.020000,1.699799,1.826502,1.996331,0.065504,-0.008310,-0.000252,0.003586,-0.008327,0.021688,-0.000237,2.000000,2.000000,2.000000,0.000000,0.346751,0.000252
0.020000,1.705686,1.829024,1.996440,0.062480,-0.010658,-0.000712,0.028418,0.075485,0.020263,0.002669,2.000000,2.000000,2.000000,0.000000,0.340392,0.000712
0.020000,1.711055,1.830265,1.996688,0.058796,-0.011965,-0.000503,0.050404,0.142899,0.016419,-0.000681,2.000000,2.000000,2.000000,0.000000,0.335127,0.000503
0.020000,1.715946,1.830587,1.996752,0.054909,-0.012328,-0.000277,0.070753,0.191955,0.020667,-0.000918,2.000000,2.000000,2.000000,0.000000,0.330754,0.000277
0.020000,1.720357,1.830294,1.996370,0.051713,-0.010910,-0.000043,0.091829,0.225218,0.032114,-0.001120,2.000000,2.000000,2.000000,0.000000,0.327129,0.000043
0.020000,1.724251,1.829604,1.995794,0.048458,-0.008807,0.000111,0.115376,0.247278,0.037956,-0.000847,2.000000,2.000000,2.000000,0.000000,0.324176,0.000111
0.020000,1.727563,1.828733,1.995324,0.044690,-0.006765,0.000314,0.143131,0.257931,0.036408,-0.001221,2.000000,2.000000,2.000000,0.000000,0.321833,0.000314
0.020000,1.730273,1.827932,1.994948,0.041105,-0.004400,0.000609,0.172544,0.254978,0.034953,-0.001879,2.000000,2.000000,2.000000,0.000000,0.319977,0.000609
0.020000,1.732474,1.827497,1.994977,0.038052,-0.001859,0.000211,0.197400,0.235838,0.025196,0.001727,2.000000,2.000000,2.000000,0.000000,0.318359,0.000211
0.020000,1.734327,1.827927,1.995448,0.035486,0.001513,0.000446,0.214119,0.188886,0.013692,-0.001482,2.000000,2.000000,2.000000,0.000000,0.316562,0.000446
0.020000,1.736070,1.829848,1.996043,0.035104,0.003913,0.000339,0.218098,0.106772,0.009475,0.000230,2.000000,2.000000,2.000000,0.000000,0.314048,0.000339
0.020000,1.737944,1.833568,1.996499,0.035716,0.006129,0.000276,0.208978,0.006133,0.011839,0.000059,2.000000,2.000000,2.000000,0.000000,0.310459,0.000276
0.020000,1.740174,1.838834,1.996574,0.037519,0.008922,0.000659,0.187446,-0.082604,0.020798,-0.002349,2.000000,2.000000,2.000000,0.000000,0.305771,0.000659
0.020000,1.742920,1.844995,1.996422,0.040547,0.011370,0.000421,0.156696,-0.137353,0.026530,0.000790,2.000000,2.000000,2.000000,0.000000,0.300216,0.000421
0.020000,1.746322,1.851438,1.996410,0.042969,0.011609,0.000404,0.117805,-0.159384,0.023186,-0.000262,2.000000,2.000000,2.000000,0.000000,0.294001,0.000404
0.020000,1.750502,1.857883,1.996649,0.045742,0.011325,0.000343,0.071463,-0.166499,0.016715,-0.000017,2.000000,2.000000,2.000000,0.000000,0.287154,0.000343
0.020000,1.755538,1.864220,1.997026,0.048998,0.010719,0.000187,0.020127,-0.167565,0.012633,0.000555,2.000000,2.000000,2.000000,0.000000,0.279655,0.000187
0.020000,1.761414,1.870435,1.997373,0.052048,0.009180,0.000120,-0.031370,-0.167680,0.012642,0.000168,2.000000,2.000000,2.000000,0.000000,0.271510,0.000120
0.020000,1.768032,1.876585,1.997605,0.054979,0.006871,-0.000062,-0.078344,-0.170904,0.014887,0.000848,2.000000,2.000000,2.000000,0.000000,0.262767,0.000062
0.020000,1.775235,1.882755,1.997747,0.058019,0.004104,-0.000211,-0.117520,-0.178699,0.016746,0.000793,2.000000,2.000000,2.000000,0.000000,0.253517,0.000211
0.020000,1.782802,1.889072,1.997516,0.060589,0.000344,0.000052,-0.145369,-0.193405,0.026131,-0.001361,2.000000,2.000000,2.000000,0.000000,0.243898,0.000052
0.020000,1.790460,1.895636,1.997319,0.063641,-0.003213,-0.000708,-0.158335,-0.213910,0.025708,0.004077,2.000000,2.000000,2.000000,0.000000,0.234107,0.000708
0.020000,1.797993,1.902592,1.997219,0.068010,-0.006081,-0.000240,-0.159929,-0.242373,0.023642,-0.002135,2.000000,2.000000,2.000000,0.000000,0.224283,0.000240
0.020000,1.805351,1.910123,1.996976,0.073109,-0.008714,-0.000735,-0.158340,-0.281554,0.027537,0.002838,2.000000,2.000000,2.000000,0.000000,0.214418,0.000735
0.020000,1.812522,1.918297,1.996796,0.078668,-0.012454,-0.000348,-0.156188,-0.324842,0.026405,-0.001663,2.000000,2.000000,2.000000,0.000000,0.204532,0.000348
0.020000,1.819412,1.926944,1.996673,0.084710,-0.015291,-0.000489,-0.148431,-0.359613,0.025314,0.000973,2.000000,2.000000,2.000000,0.000000,0.194835,0.000489
0.020000,1.825859,1.935610,1.996552,0.089116,-0.017637,-0.001163,-0.131468,-0.370161,0.025506,0.004015,2.000000,2.000000,2.000000,0.000000,0.185696,0.001163
0.020000,1.831608,1.943658,1.996549,0.092376,-0.019072,-0.000822,-0.100338,-0.345573,0.022699,-0.001085,2.000000,2.000000,2.000000,0.000000,0.177601,0.000822
0.020000,1.836467,1.950500,1.996773,0.096202,-0.019317,-0.001185,-0.057757,-0.288257,0.016815,0.002553,2.000000,2.000000,2.000000,0.000000,0.170891,0.001185
0.020000,1.840448,1.955894,1.997058,0.098579,-0.019748,-0.001059,-0.014982,-0.216317,0.014765,0.000130,2.000000,2.000000,2.000000,0.000000,0.165563,0.001059
0.020000,1.843695,1.959863,1.997217,0.099060,-0.019954,-0.001061,0.020733,-0.144040,0.017430,0.000761,2.000000,2.000000,2.000000,0.000000,0.161400,0.001061
0.020000,1.846325,1.962372,1.997184,0.098250,-0.019383,-0.000986,0.051021,-0.068358,0.022110,0.000342,2.000000,2.000000,2.000000,0.000000,0.158240,0.000986
0.020000,1.848334,1.963253,1.996876,0.095949,-0.018296,-0.000586,0.082064,0.018137,0.029292,-0.001491,2.000000,2.000000,2.000000,0.000000,0.156086,0.000586
0.020000,1.849615,1.962294,1.996460,0.090790,-0.017856,-0.000692,0.119678,0.117994,0.032741,0.001020,2.000000,2.000000,2.000000,0.000000,0.155080,0.000692
0.020000,1.850061,1.959420,1.996435,0.084361,-0.016849,-0.000819,0.163954,0.224015,0.023470,0.001220,2.000000,2.000000,2.000000,0.000000,0.155375,0.000819
0.020000,1.849728,1.954870,1.996694,0.077370,-0.014968,-0.000342,0.206188,0.318827,0.016143,-0.002011,2.000000,2.000000,2.000000,0.000000,0.156937,0.000342
0.020000,1.848799,1.949123,1.996685,0.070177,-0.011859,-0.000014,0.239345,0.389272,0.022571,-0.001527,2.000000,2.000000,2.000000,0.000000,0.159566,0.000014
0.020000,1.847518,1.942651,1.996295,0.063355,-0.007423,0.000240,0.259703,0.435189,0.032446,-0.001348,2.000000,2.000000,2.000000,0.000000,0.162952,0.000240
0.020000,1.846162,1.935887,1.995905,0.056370,-0.003000,0.000421,0.265288,0.458091,0.033290,-0.001128,2.000000,2.000000,2.000000,0.000000,0.166713,0.000421
0.020000,1.844985,1.929299,1.995358,0.049171,0.000939,0.000755,0.257141,0.455735,0.038163,-0.002104,2.000000,2.000000,2.000000,0.000000,0.170440,0.000755
0.020000,1.844153,1.923301,1.994840,0.042554,0.005642,0.000910,0.239530,0.430523,0.038564,-0.001362,2.000000,2.000000,2.000000,0.000000,0.173774,0.000910
0.020000,1.843870,1.918209,1.994770,0.036433,0.007506,0.000702,0.210270,0.387502,0.027992,0.000524,2.000000,2.000000,2.000000,0.000000,0.176334,0.000702
0.020000,1.844268,1.914307,1.994999,0.032131,0.009536,0.000993,0.173324,0.327762,0.020407,-0.002087,2.000000,2.000000,2.000000,0.000000,0.177822,0.000993
0.020000,1.845436,1.911806,1.995137,0.029083,0.011467,0.001025,0.130604,0.255289,0.022279,-0.000878,2.000000,2.000000,2.000000,0.000000,0.178022,0.001025
0.020000,1.847408,1.910812,1.994950,0.027244,0.012383,0.001148,0.085293,0.175509,0.030421,-0.001408,2.000000,2.000000,2.000000,0.000000,0.176817,0.001148
0.020000,1.850184,1.911297,1.994872,0.027369,0.013096,0.000763,0.038966,0.095613,0.027998,0.001287,2.000000,2.000000,2.000000,0.000000,0.174182,0.000763
0.020000,1.853738,1.913124,1.995195,0.028841,0.013306,0.000769,-0.006755,0.021654,0.017740,-0.000597,2.000000,2.000000,2.000000,0.000000,0.170185,0.000769
0.020000,1.857984,1.916092,1.995796,0.030846,0.012379,0.000575,-0.048518,-0.042860,0.009835,0.000493,2.000000,2.000000,2.000000,0.000000,0.165005,0.000575
0.020000,1.862774,1.919965,1.996422,0.033255,0.010494,0.000363,-0.082930,-0.095627,0.007972,0.000723,2.000000,2.000000,2.000000,0.000000,0.158901,0.000363
0.020000,1.867924,1.924471,1.996966,0.036126,0.008222,0.000180,-0.107827,-0.134540,0.008774,0.000708,2.000000,2.000000,2.000000,0.000000,0.152177,0.000180
0.020000,1.873233,1.929322,1.997394,0.039332,0.005800,0.000019,-0.122115,-0.158285,0.010647,0.000715,2.000000,2.000000,2.000000,0.000000,0.145162,0.000019
0.020000,1.878497,1.934227,1.997699,0.042523,0.003291,-0.000103,-0.125402,-0.166533,0.012959,0.000615,2.000000,2.000000,2.000000,0.000000,0.138182,0.000103
0.020000,1.883534,1.938916,1.997533,0.044751,0.000075,0.000235,-0.118699,-0.160038,0.024531,-0.001833,2.000000,2.000000,2.000000,0.000000,0.131536,0.000235
0.020000,1.888174,1.943181,1.997571,0.048192,-0.002518,-0.000786,-0.102292,-0.141939,0.019600,0.005414,2.000000,2.000000,2.000000,0.000000,0.125456,0.000786
0.020000,1.892267,1.946853,1.997939,0.050019,-0.003835,-0.000208,-0.077402,-0.114011,0.010930,-0.002664,2.000000,2.000000,2.000000,0.000000,0.120147,0.000208
0.020000,1.895689,1.949852,1.998232,0.050682,-0.005156,-0.000378,-0.045076,-0.081160,0.012135,0.001048,2.000000,2.000000,2.000000,0.000000,0.115753,0.000378
0.020000,1.898347,1.952124,1.998311,0.051198,-0.005926,-0.000515,-0.006976,-0.044555,0.017079,0.000989,2.000000,2.000000,2.000000,0.000000,0.112376,0.000515
0.020000,1.900215,1.953624,1.998418,0.051426,-0.005565,-0.000458,0.033416,-0.004696,0.016164,0.000023,2.000000,2.000000,2.000000,0.000000,0.110047,0.000458
0.020000,1.901317,1.954361,1.998559,0.050805,-0.004541,-0.000382,0.073326,0.035433,0.015071,-0.000120,2.000000,2.000000,2.000000,0.000000,0.108735,0.000382
0.020000,1.901713,1.954400,1.998670,0.049386,-0.003227,-0.000344,0.110810,0.072917,0.015558,0.000040,2.000000,2.000000,2.000000,0.000000,0.108358,0.000344
0.020000,1.901496,1.953843,1.998762,0.047523,-0.001383,-0.000280,0.143897,0.105541,0.015826,-0.000121,2.000000,2.000000,2.000000,0.000000,0.108789,0.000280
0.020000,1.900796,1.952826,1.998858,0.045378,0.000976,-0.000192,0.170639,0.131319,0.015514,-0.000304,2.000000,2.000000,2.000000,0.000000,0.109855,0.000192
0.020000,1.899764,1.951515,1.998945,0.043005,0.003604,-0.000097,0.189618,0.148500,0.015568,-0.000399,2.000000,2.000000,2.000000,0.000000,0.111351,0.000097
0.020000,1.898564,1.950095,1.999004,0.040564,0.006339,-0.000008,0.199910,0.155923,0.016112,-0.000434,2.000000,2.000000,2.000000,0.000000,0.113052,0.000008
0.020000,1.897380,1.948742,1.999100,0.037784,0.008610,-0.000030,0.200384,0.153765,0.015003,0.000116,2.000000,2.000000,2.000000,0.000000,0.114713,0.000030
0.020000,1.896350,1.947637,1.999237,0.035284,0.011565,0.000356,0.193262,0.141532,0.013776,-0.002116,2.000000,2.000000,2.000000,0.000000,0.116128,0.000356
0.020000,1.895590,1.946991,1.999142,0.033673,0.013905,0.000421,0.179546,0.117631,0.019488,-0.000623,2.000000,2.000000,2.000000,0.000000,0.117099,0.000421
0.020000,1.895198,1.947021,1.998928,0.033145,0.015573,0.000294,0.160227,0.081310,0.022766,0.000384,2.000000,2.000000,2.000000,0.000000,0.117437,0.000294
0.020000,1.895250,1.947913,1.999103,0.033729,0.017721,0.000098,0.136333,0.034104,0.013128,0.000849,2.000000,2.000000,2.000000,0.000000,0.116989,0.000098
0.020000,1.895780,1.949810,1.999228,0.034853,0.019192,0.000737,0.110047,-0.021974,0.014077,-0.003605,2.000000,2.000000,2.000000,0.000000,0.115679,0.000737
0.020000,1.896799,1.952739,1.999068,0.036150,0.019325,0.000340,0.082654,-0.080562,0.021190,0.001636,2.000000,2.000000,2.000000,0.000000,0.113512,0.000340
0.020000,1.898307,1.956600,1.998911,0.038327,0.019120,0.000346,0.054758,-0.134730,0.021441,-0.000305,2.000000,2.000000,2.000000,0.000000,0.110572,0.000346
0.020000,1.900280,1.961199,1.998981,0.041127,0.018626,0.000338,0.027639,-0.179353,0.015903,-0.000234,2.000000,2.000000,2.000000,0.000000,0.107008,0.000338
0.020000,1.902657,1.966307,1.999235,0.044351,0.017673,0.000132,0.003383,-0.212216,0.010964,0.000854,2.000000,2.000000,2.000000,0.000000,0.103012,0.000132
0.020000,1.905347,1.971694,1.999513,0.047843,0.016424,0.000138,-0.016320,-0.233031,0.009815,-0.000162,2.000000,2.000000,2.000000,0.000000,0.098796,0.000138
0.020000,1.908231,1.977164,1.999705,0.051502,0.015050,-0.000006,-0.029848,-0.243405,0.011473,0.000653,2.000000,2.000000,2.000000,0.000000,0.094568,0.000006
0.020000,1.911171,1.982562,1.999724,0.055065,0.013543,0.000015,-0.036028,-0.245406,0.015553,-0.000155,2.000000,2.000000,2.000000,0.000000,0.090525,0.000015
0.020000,1.914019,1.987771,1.999221,0.058459,0.011936,0.000073,-0.034181,-0.240901,0.029068,-0.000367,2.000000,2.000000,2.000000,0.000000,0.086850,0.000073
0.020000,1.916681,1.992684,1.998482,0.062508,0.010457,0.000043,-0.027073,-0.230307,0.036240,0.000070,2.000000,2.000000,2.000000,0.000000,0.083654,0.000043
0.020000,1.919051,1.997208,1.997779,0.065070,0.009804,0.000337,-0.014068,-0.214334,0.036845,-0.001692,2.000000,2.000000,2.000000,0.000000,0.081027,0.000337
0.020000,1.921005,2.001306,1.997413,0.067036,0.009133,0.000050,0.006262,-0.195978,0.029564,0.001298,2.000000,2.000000,2.000000,0.000000,0.079048,0.000050
0.020000,1.922395,2.005050,1.997527,0.069296,0.008916,0.000047,0.035022,-0.181118,0.017862,-0.000067,2.000000,2.000000,2.000000,0.000000,0.077809,0.000047
0.020000,1.923084,2.008628,1.997967,0.071867,0.009953,0.000022,0.071928,-0.176303,0.009185,0.000060,2.000000,2.000000,2.000000,0.000000,0.077425,0.000022
0.020000,1.922968,2.012281,1.998410,0.073823,0.011202,0.000022,0.115242,-0.184589,0.008174,-0.000064,2.000000,2.000000,2.000000,0.000000,0.078021,0.000022
0.020000,1.921964,2.016277,1.998400,0.076093,0.013655,-0.000181,0.164110,-0.207710,0.019002,0.001055,2.000000,2.000000,2.000000,0.000000,0.079732,0.000181
0.020000,1.920073,2.020786,1.997843,0.078772,0.016924,-0.000158,0.213740,-0.240646,0.033222,-0.000039,2.000000,2.000000,2.000000,0.000000,0.082614,0.000158
0.020000,1.917386,2.025795,1.997282,0.081937,0.020331,0.000146,0.259338,-0.273645,0.034494,-0.001609,2.000000,2.000000,2.000000,0.000000,0.086590,0.000146
0.020000,1.914080,2.031159,1.997062,0.085076,0.024461,0.000173,0.296119,-0.299250,0.026805,-0.000294,2.000000,2.000000,2.000000,0.000000,0.091442,0.000173
0.020000,1.910427,2.036661,1.997029,0.087876,0.029324,0.000376,0.318694,-0.313653,0.022427,-0.001287,2.000000,2.000000,2.000000,0.000000,0.096831,0.000376
0.020000,1.906746,2.041992,1.997088,0.090904,0.033730,0.000751,0.324068,-0.311348,0.020090,-0.002381,2.000000,2.000000,2.000000,0.000000,0.102314,0.000751
0.020000,1.903319,2.046850,1.996623,0.094406,0.036920,0.001248,0.313990,-0.292550,0.033587,-0.003322,2.000000,2.000000,2.000000,0.000000,0.107488,0.001248
0.020000,1.900399,2.050896,1.996031,0.097303,0.040884,0.001025,0.290045,-0.254511,0.037827,0.000275,2.000000,2.000000,2.000000,0.000000,0.111922,0.001025
0.020000,1.898214,2.053880,1.995752,0.098524,0.043611,0.001235,0.252929,-0.202054,0.030967,-0.001961,2.000000,2.000000,2.000000,0.000000,0.115246,0.001235
0.020000,1.896904,2.055905,1.995935,0.099215,0.045852,0.001484,0.207435,-0.154067,0.019520,-0.002330,2.000000,2.000000,2.000000,0.000000,0.117349,0.001484
0.020000,1.896564,2.057508,1.996383,0.100277,0.046925,0.001299,0.155748,-0.134521,0.012283,-0.000138,2.000000,2.000000,2.000000,0.000000,0.118403,0.001299
0.020000,1.897160,2.058941,1.996732,0.101322,0.046193,0.001202,0.104862,-0.128298,0.013934,-0.000501,2.000000,2.000000,2.000000,0.000000,0.118579,0.001202
0.020000,1.898562,2.059836,1.996865,0.100432,0.045788,0.001136,0.060073,-0.101730,0.018788,-0.000613,2.000000,2.000000,2.000000,0.000000,0.117812,0.001136
0.020000,1.900650,2.059745,1.996658,0.100593,0.043441,0.000521,0.021127,-0.050177,0.027337,0.002447,2.000000,2.000000,2.000000,0.000000,0.115979,0.000521
0.020000,1.903274,2.058543,1.996348,0.099213,0.041482,0.000576,-0.010511,0.009361,0.030461,-0.000818,2.000000,2.000000,2.000000,0.000000,0.113122,0.000576
0.020000,1.906341,2.056351,1.996293,0.095600,0.040552,0.000511,-0.037578,0.063564,0.024470,-0.000194,2.000000,2.000000,2.000000,0.000000,0.109367,0.000511
0.020000,1.909764,2.053397,1.996561,0.091408,0.039284,0.000356,-0.060406,0.106371,0.016216,0.000338,2.000000,2.000000,2.000000,0.000000,0.104908,0.000356
0.020000,1.913431,2.049947,1.996985,0.087631,0.037001,0.000268,-0.077474,0.135487,0.011576,0.000075,2.000000,2.000000,2.000000,0.000000,0.099990,0.000268
0.020000,1.917215,2.046258,1.997449,0.084059,0.034275,0.000147,-0.087905,0.151208,0.009678,0.000315,2.000000,2.000000,2.000000,0.000000,0.094866,0.000147
0.020000,1.921002,2.042575,1.997821,0.080615,0.031414,-0.000063,-0.092136,0.153819,0.011118,0.000892,2.000000,2.000000,2.000000,0.000000,0.089767,0.000063
0.020000,1.924679,2.039097,1.997984,0.076963,0.028911,0.000176,-0.090220,0.145576,0.015731,-0.001435,2.000000,2.000000,2.000000,0.000000,0.084888,0.000176
0.020000,1.928186,2.035949,1.997831,0.073182,0.025936,-0.000641,-0.085053,0.130402,0.023627,0.004213,2.000000,2.000000,2.000000,0.000000,0.080338,0.000641
0.020000,1.931493,2.033202,1.997667,0.071054,0.023755,-0.000295,-0.077763,0.111026,0.024209,-0.001609,2.000000,2.000000,2.000000,0.000000,0.076165,0.000295
0.020000,1.934596,2.030906,1.997749,0.069189,0.021880,-0.000515,-0.070245,0.088508,0.018159,0.001268,2.000000,2.000000,2.000000,0.000000,0.072373,0.000515
0.020000,1.937510,2.029101,1.998046,0.067439,0.019896,-0.000682,-0.063238,0.063398,0.012414,0.001136,2.000000,2.000000,2.000000,0.000000,0.068961,0.000682
0.020000,1.940273,2.027789,1.998389,0.066300,0.018166,-0.000596,-0.058068,0.037680,0.010604,-0.000135,2.000000,2.000000,2.000000,0.000000,0.065895,0.000596
0.020000,1.942945,2.026930,1.998651,0.065645,0.016575,-0.000781,-0.056112,0.013591,0.011996,0.001301,2.000000,2.000000,2.000000,0.000000,0.063105,0.000781
0.020000,1.945600,2.026451,1.998818,0.065276,0.014975,-0.000767,-0.058029,-0.006927,0.013929,0.000350,2.000000,2.000000,2.000000,0.000000,0.060501,0.000767
0.020000,1.948311,2.026257,1.998941,0.065174,0.013346,-0.000838,-0.063999,-0.022644,0.014692,0.000807,2.000000,2.000000,2.000000,0.000000,0.057985,0.000838
0.020000,1.951147,2.026243,1.999072,0.065289,0.011634,-0.000908,-0.073719,-0.032992,0.014249,0.000867,2.000000,2.000000,2.000000,0.000000,0.055463,0.000908
0.020000,1.954151,2.026315,1.999370,0.065925,0.010184,-0.001117,-0.086012,-0.038376,0.009643,0.001684,2.000000,2.000000,2.000000,0.000000,0.052868,0.001117
0.020000,1.957363,2.026453,1.999563,0.066553,0.008377,-0.000809,-0.100703,-0.042660,0.011730,-0.001003,2.000000,2.000000,2.000000,0.000000,0.050178,0.000809
0.020000,1.960846,2.026669,1.999599,0.066668,0.005743,-0.001172,-0.118966,-0.047838,0.015411,0.002488,2.000000,2.000000,2.000000,0.000000,0.047375,0.001172
0.020000,1.964664,2.027013,1.999544,0.066956,0.002810,-0.001077,-0.141110,-0.055726,0.017713,0.000225,2.000000,2.000000,2.000000,0.000000,0.044481,0.001077
0.020000,1.968873,2.027578,1.999115,0.067545,-0.000301,-0.000692,-0.166629,-0.068880,0.027509,-0.001421,2.000000,2.000000,2.000000,0.000000,0.041597,0.000692
0.020000,1.973497,2.028392,1.999006,0.068070,-0.003961,-0.001803,-0.193869,-0.084015,0.020105,0.006546,2.000000,2.000000,2.000000,0.000000,0.038852,0.001803
0.020000,1.978521,2.029536,1.998811,0.068847,-0.008052,-0.000571,-0.220876,-0.103531,0.022569,-0.005555,2.000000,2.000000,2.000000,0.000000,0.036540,0.000571
0.020000,1.983854,2.031061,1.998334,0.070110,-0.011900,-0.001320,-0.243186,-0.126541,0.030310,0.004493,2.000000,2.000000,2.000000,0.000000,0.035046,0.001320
0.020000,1.989340,2.032941,1.997719,0.071817,-0.015883,-0.001099,-0.257283,-0.148477,0.034861,-0.000311,2.000000,2.000000,2.000000,0.000000,0.034698,0.001099
0.020000,1.994769,2.035053,1.997431,0.074114,-0.019186,-0.001359,-0.260065,-0.164104,0.027661,0.002197,2.000000,2.000000,2.000000,0.000000,0.035534,0.001359
0.020000,1.999915,2.037256,1.997235,0.076092,-0.022687,-0.001132,-0.250491,-0.172250,0.025874,-0.000292,2.000000,2.000000,2.000000,0.000000,0.037359,0.001132
0.020000,2.004529,2.039361,1.997293,0.078336,-0.026087,-0.001551,-0.226989,-0.170262,0.019697,0.003118,2.000000,2.000000,2.000000,0.000000,0.039713,0.001551
0.020000,2.008372,2.041160,1.997632,0.080118,-0.028302,-0.001641,-0.189908,-0.156804,0.012269,0.001614,2.000000,2.000000,2.000000,0.000000,0.042069,0.001641
0.020000,2.011227,2.042464,1.998003,0.081078,-0.029300,-0.001570,-0.140320,-0.132592,0.010767,0.000808,2.000000,2.000000,2.000000,0.000000,0.043969,0.001570
0.020000,2.012912,2.043088,1.998355,0.082561,-0.028665,-0.001740,-0.079662,-0.097685,0.010449,0.002103,2.000000,2.000000,2.000000,0.000000,0.045011,0.001740
0.020000,2.013349,2.042863,1.998653,0.083235,-0.027358,-0.001472,-0.013554,-0.052822,0.011141,-0.000176,2.000000,2.000000,2.000000,0.000000,0.044914,0.001472
0.020000,2.012561,2.041739,1.998729,0.082930,-0.025161,-0.001208,0.052662,-0.004275,0.016267,-0.000328,2.000000,2.000000,2.000000,0.000000,0.043607,0.001208
0.020000,2.010675,2.039795,1.998494,0.082007,-0.022067,-0.000863,0.113423,0.040923,0.024171,-0.000949,2.000000,2.000000,2.000000,0.000000,0.041230,0.000863
0.020000,2.007890,2.037215,1.998077,0.080109,-0.018749,-0.000541,0.164481,0.076942,0.029407,-0.001056,2.000000,2.000000,2.000000,0.000000,0.038091,0.000541
0.020000,2.004433,2.034259,1.997587,0.077250,-0.015397,-0.000153,0.204216,0.099472,0.032174,-0.001646,2.000000,2.000000,2.000000,0.000000,0.034629,0.000153
0.020000,2.000513,2.031215,1.997191,0.074483,-0.011473,0.000072,0.233389,0.106632,0.030742,-0.001019,2.000000,2.000000,2.000000,0.000000,0.031346,0.000072
0.020000,1.996336,2.028317,1.997341,0.071937,-0.007259,-0.000108,0.251719,0.101355,0.017382,0.001052,2.000000,2.000000,2.000000,0.000000,0.028676,0.000108
0.020000,1.992110,2.025751,1.997855,0.068732,-0.002605,0.000316,0.259218,0.085517,0.007647,-0.002150,2.000000,2.000000,2.000000,0.000000,0.027018,0.000316
0.020000,1.988024,2.023590,1.998352,0.066569,0.001638,0.000368,0.256386,0.065521,0.007000,-0.000401,2.000000,2.000000,2.000000,0.000000,0.026507,0.000368
0.020000,1.984303,2.021736,1.998643,0.065351,0.004751,0.000400,0.241219,0.050499,0.011317,-0.000332,2.000000,2.000000,2.000000,0.000000,0.026846,0.000400
0.020000,1.981203,2.019994,1.998969,0.064303,0.008114,0.000327,0.211722,0.046233,0.009803,0.000223,2.000000,2.000000,2.000000,0.000000,0.027462,0.000327
0.020000,1.978981,2.018176,1.999302,0.062730,0.010428,0.000554,0.167487,0.052271,0.008945,-0.001384,2.000000,2.000000,2.000000,0.000000,0.027797,0.000554
0.020000,1.977842,2.016132,1.999525,0.060779,0.011244,0.000423,0.110720,0.066697,0.011113,0.000426,2.000000,2.000000,2.000000,0.000000,0.027413,0.000423
0.020000,1.977901,2.013784,1.999627,0.059065,0.011221,0.000333,0.046364,0.085585,0.013775,0.000284,2.000000,2.000000,2.000000,0.000000,0.026048,0.000333
0.020000,1.979151,2.011123,1.999459,0.058086,0.009323,-0.000057,-0.019007,0.105270,0.020573,0.002001,2.000000,2.000000,2.000000,0.000000,0.023636,0.000057
0.020000,1.981468,2.008157,1.999420,0.056915,0.006364,0.000202,-0.078742,0.124924,0.017567,-0.001301,2.000000,2.000000,2.000000,0.000000,0.020256,0.000202
0.020000,1.984636,2.005020,1.999727,0.055139,0.003270,-0.000089,-0.127900,0.137432,0.008681,0.001544,2.000000,2.000000,2.000000,0.000000,0.016166,0.000089
0.020000,1.988378,2.001955,2.000154,0.053211,0.000037,-0.000227,-0.162833,0.136875,0.004914,0.000909,2.000000,2.000000,2.000000,0.000000,0.011786,0.000227
0.020000,1.992397,1.999220,2.000468,0.050210,-0.002192,-0.000212,-0.182034,0.122150,0.006970,0.000163,2.000000,2.000000,2.000000,0.000000,0.007657,0.000212
0.020000,1.996482,1.997038,2.000276,0.047589,-0.005908,-0.000017,-0.190007,0.094925,0.019423,-0.000833,2.000000,2.000000,2.000000,0.000000,0.004607,0.000017
0.020000,2.000441,1.995502,1.999935,0.046713,-0.008910,-0.000488,-0.187558,0.061908,0.023688,0.002693,2.000000,2.000000,2.000000,0.000000,0.004520,0.000488
0.020000,2.004152,1.994590,1.999879,0.046055,-0.011411,-0.000359,-0.178350,0.029544,0.017017,-0.000271,2.000000,2.000000,2.000000,0.000000,0.006821,0.000359
0.020000,2.007558,1.994196,2.000051,0.045562,-0.013956,-0.000610,-0.165793,0.002272,0.011210,0.001736,2.000000,2.000000,2.000000,0.000000,0.009529,0.000610
0.020000,2.010642,1.994128,2.000125,0.046342,-0.017152,-0.000896,-0.152167,-0.015045,0.013395,0.002108,2.000000,2.000000,2.000000,0.000000,0.012155,0.000896
0.020000,2.013399,1.994138,2.000229,0.046694,-0.019249,-0.000561,-0.137888,-0.019034,0.012454,-0.001099,2.000000,2.000000,2.000000,0.000000,0.014627,0.000561
0.020000,2.015872,1.994070,2.000427,0.046780,-0.020831,-0.000857,-0.125737,-0.014617,0.009815,0.002144,2.000000,2.000000,2.000000,0.000000,0.016949,0.000857
0.020000,2.018068,1.993838,2.000606,0.046437,-0.021772,-0.000710,-0.113682,-0.005424,0.009861,-0.000076,2.000000,2.000000,2.000000,0.000000,0.019100,0.000710
0.020000,2.019948,1.993442,2.000632,0.046529,-0.022282,-0.000573,-0.099201,0.003970,0.013460,-0.000122,2.000000,2.000000,2.000000,0.000000,0.021007,0.000573
0.020000,2.021518,1.992997,2.000325,0.046519,-0.023224,-0.000375,-0.084830,0.007304,0.022038,-0.000550,2.000000,2.000000,2.000000,0.000000,0.022631,0.000375
0.020000,2.022928,1.992946,2.000059,0.046874,-0.024064,-0.000652,-0.078325,-0.013606,0.021607,0.001935,2.000000,2.000000,2.000000,0.000000,0.023989,0.000652
0.020000,2.024315,1.993719,2.000114,0.047063,-0.023903,-0.000486,-0.079163,-0.058589,0.013833,-0.000308,2.000000,2.000000,2.000000,0.000000,0.025113,0.000486
0.020000,2.025644,1.995298,2.000392,0.048303,-0.024455,-0.000548,-0.078099,-0.103409,0.007931,0.000839,2.000000,2.000000,2.000000,0.000000,0.026075,0.000548
0.020000,2.026669,1.997145,2.000685,0.049623,-0.024790,-0.000585,-0.063525,-0.119793,0.006966,0.000749,2.000000,2.000000,2.000000,0.000000,0.026830,0.000585
0.020000,2.027213,1.998858,2.000427,0.051796,-0.025234,-0.001121,-0.038872,-0.114361,0.020612,0.003528,2.000000,2.000000,2.000000,0.000000,0.027240,0.001121
0.020000,2.027242,2.000359,1.999993,0.052979,-0.024522,-0.000523,-0.012014,-0.104589,0.025748,-0.002330,2.000000,2.000000,2.000000,0.000000,0.027244,0.000523
0.020000,2.026744,2.001477,1.999884,0.053499,-0.023266,-0.000678,0.016163,-0.085282,0.018209,0.001404,2.000000,2.000000,2.000000,0.000000,0.026785,0.000678
0.020000,2.025647,2.001867,1.999758,0.054436,-0.020955,-0.000028,0.048848,-0.046650,0.018890,-0.002919,2.000000,2.000000,2.000000,0.000000,0.025716,0.000028
0.020000,2.023950,2.001279,1.999431,0.053611,-0.019353,0.000019,0.082287,0.006418,0.024373,-0.000052,2.000000,2.000000,2.000000,0.000000,0.023991,0.000019
0.020000,2.021722,1.999720,1.998948,0.051611,-0.017516,0.000286,0.112703,0.060303,0.029102,-0.001299,2.000000,2.000000,2.000000,0.000000,0.021749,0.000286
0.020000,2.019061,1.997280,1.998492,0.048758,-0.015543,0.000504,0.138446,0.110225,0.029437,-0.001223,2.000000,2.000000,2.000000,0.000000,0.019313,0.000504
0.020000,2.016064,1.994133,1.998258,0.044933,-0.013624,0.000485,0.159330,0.151725,0.024671,-0.000074,2.000000,2.000000,2.000000,0.000000,0.017190,0.000485
0.020000,2.012855,1.990497,1.998393,0.041116,-0.011186,0.000509,0.173881,0.182170,0.015562,-0.000298,2.000000,2.000000,2.000000,0.000000,0.016067,0.000509
0.020000,2.009599,1.986600,1.998808,0.037644,-0.008222,0.000541,0.179717,0.200748,0.008017,-0.000370,2.000000,2.000000,2.000000,0.000000,0.016526,0.000541
0.020000,2.006460,1.982707,1.998948,0.033881,-0.005607,0.000956,0.176772,0.205098,0.014280,-0.002502,2.000000,2.000000,2.000000,0.000000,0.018490,0.000956
0.020000,2.003583,1.979036,1.999034,0.030595,-0.002307,0.001032,0.165769,0.197637,0.015404,-0.000940,2.000000,2.000000,2.000000,0.000000,0.021290,0.001032
0.020000,2.001133,1.975760,1.998815,0.027960,0.000430,0.001347,0.145514,0.180570,0.023128,-0.002320,2.000000,2.000000,2.000000,0.000000,0.024295,0.001347
0.020000,1.999274,1.973045,1.998694,0.026295,0.001932,0.000747,0.115660,0.154202,0.021050,0.002483,2.000000,2.000000,2.000000,0.000000,0.026997,0.000747
0.020000,1.998203,1.971132,1.999071,0.024961,0.002731,0.000803,0.074518,0.113881,0.008369,-0.000712,2.000000,2.000000,2.000000,0.000000,0.028939,0.000803
0.020000,1.998105,1.970336,1.999712,0.024753,0.003026,0.000742,0.022393,0.055602,0.000736,-0.000115,2.000000,2.000000,2.000000,0.000000,0.029726,0.000742
0.020000,1.999088,1.970898,2.000276,0.025990,0.002540,0.000497,-0.036769,-0.017235,0.001398,0.000934,2.000000,2.000000,2.000000,0.000000,0.029118,0.000497
0.020000,2.001141,1.972922,2.000740,0.028564,0.001298,0.000354,-0.096492,-0.097243,0.002796,0.000542,2.000000,2.000000,2.000000,0.000000,0.027112,0.000354
0.020000,2.004201,1.976533,2.001113,0.032666,-0.000654,0.000249,-0.153992,-0.185728,0.004171,0.000426,2.000000,2.000000,2.000000,0.000000,0.023867,0.000249
0.020000,2.008147,1.981791,2.001120,0.038494,-0.002443,0.000495,-0.206130,-0.279415,0.012887,-0.001430,2.000000,2.000000,2.000000,0.000000,0.019980,0.000495
0.020000,2.012653,1.988327,2.000833,0.044343,-0.005143,0.000224,-0.241315,-0.354860,0.020507,0.001240,2.000000,2.000000,2.000000,0.000000,0.017235,0.000224
0.020000,2.017161,1.995398,2.000434,0.049497,-0.009100,0.000316,-0.246810,-0.391151,0.023989,-0.000577,2.000000,2.000000,2.000000,0.000000,0.017773,0.000316
0.020000,2.021173,2.002307,1.999710,0.055572,-0.012420,-0.000108,-0.224825,-0.390025,0.033247,0.002201,2.000000,2.000000,2.000000,0.000000,0.021300,0.000108
0.020000,2.024469,2.008651,1.999236,0.061000,-0.016460,-0.000221,-0.190572,-0.366855,0.028300,0.000790,2.000000,2.000000,2.000000,0.000000,0.025964,0.000221
0.020000,2.026952,2.014296,1.999372,0.066020,-0.017888,-0.000297,-0.150249,-0.335813,0.013443,0.000667,2.000000,2.000000,2.000000,0.000000,0.030516,0.000297
0.020000,2.028639,2.019246,1.999803,0.070451,-0.018545,-0.000303,-0.110019,-0.304266,0.005539,0.000336,2.000000,2.000000,2.000000,0.000000,0.034506,0.000303
0.020000,2.029579,2.023521,2.000165,0.073395,-0.019872,-0.000399,-0.071642,-0.273257,0.006402,0.000841,2.000000,2.000000,2.000000,0.000000,0.037791,0.000399
0.020000,2.029802,2.027075,2.000325,0.075777,-0.020176,-0.000417,-0.034168,-0.239031,0.010878,0.000485,2.000000,2.000000,2.000000,0.000000,0.040266,0.000417
0.020000,2.029269,2.029818,2.000353,0.077798,-0.019276,-0.000332,0.006295,-0.199194,0.013989,-0.000066,2.000000,2.000000,2.000000,0.000000,0.041784,0.000332
0.020000,2.027837,2.031744,2.000367,0.079018,-0.017737,-0.000263,0.055424,-0.158166,0.014283,-0.000039,2.000000,2.000000,2.000000,0.000000,0.042222,0.000263
0.020000,2.025365,2.032860,2.000432,0.079396,-0.015486,-0.000122,0.113273,-0.116687,0.012914,-0.000477,2.000000,2.000000,2.000000,0.000000,0.041513,0.000122
0.020000,2.021850,2.033080,2.000546,0.078927,-0.012454,0.000046,0.172527,-0.069640,0.011502,-0.000728,2.000000,2.000000,2.000000,0.000000,0.039648,0.000046
0.020000,2.017508,2.032223,2.000674,0.077521,-0.008924,0.000225,0.221209,-0.011761,0.010892,-0.000907,2.000000,2.000000,2.000000,0.000000,0.036679,0.000225
0.020000,2.012738,2.030113,2.000790,0.075110,-0.005098,0.000411,0.249068,0.057031,0.010944,-0.001073,2.000000,2.000000,2.000000,0.000000,0.032706,0.000411
0.020000,2.007986,2.026708,2.000891,0.071868,-0.001230,0.000573,0.253133,0.129568,0.011064,-0.001074,2.000000,2.000000,2.000000,0.000000,0.027891,0.000573
0.020000,2.003659,2.022215,2.000990,0.067875,0.002335,0.000700,0.234951,0.192330,0.010869,-0.001005,2.000000,2.000000,2.000000,0.000000,0.022536,0.000700
0.020000,2.000095,2.016961,2.000988,0.062319,0.006219,0.000693,0.197895,0.238479,0.013284,-0.000361,2.000000,2.000000,2.000000,0.000000,0.016990,0.000693
0.020000,1.997598,2.011337,2.000978,0.057787,0.007890,0.000801,0.143424,0.264156,0.013508,-0.000997,2.000000,2.000000,2.000000,0.000000,0.011630,0.000801
0.020000,1.996380,2.005752,2.001053,0.053400,0.008407,0.000696,0.076107,0.268027,0.011263,0.000091,2.000000,2.000000,2.000000,0.000000,0.006878,0.000696
0.020000,1.996561,2.000624,2.001222,0.048943,0.008223,0.000680,0.000857,0.249160,0.008681,-0.000329,2.000000,2.000000,2.000000,0.000000,0.003703,0.000680
0.020000,1.998113,1.996336,2.001357,0.043333,0.004857,0.000602,-0.074441,0.208788,0.009187,0.000017,2.000000,2.000000,2.000000,0.000000,0.004339,0.000602
0.020000,2.000870,1.993183,2.001413,0.040832,0.002435,0.000456,-0.142210,0.151464,0.010933,0.000439,2.000000,2.000000,2.000000,0.000000,0.007016,0.000456
0.020000,2.004613,1.991279,2.001449,0.040188,0.000186,0.000439,-0.199376,0.086714,0.011304,-0.000172,2.000000,2.000000,2.000000,0.000000,0.009972,0.000439
0.020000,2.008999,1.990642,2.001544,0.039633,-0.003525,0.000236,-0.238847,0.019574,0.009673,0.000861,2.000000,2.000000,2.000000,0.000000,0.013074,0.000236
0.020000,2.013619,1.991171,2.001704,0.040044,-0.007516,0.000118,-0.256806,-0.043438,0.007775,0.000535,2.000000,2.000000,2.000000,0.000000,0.016320,0.000118
0.020000,2.018065,1.992676,2.001769,0.041890,-0.010785,0.000172,-0.252759,-0.097275,0.009859,-0.000335,2.000000,2.000000,2.000000,0.000000,0.019574,0.000172
0.020000,2.021946,1.994924,2.001717,0.044278,-0.014205,-0.000198,-0.227043,-0.139533,0.012760,0.001967,2.000000,2.000000,2.000000,0.000000,0.022590,0.000198
0.020000,2.024939,1.997725,2.001695,0.047447,-0.017507,-0.000155,-0.183317,-0.172227,0.012055,-0.000047,2.000000,2.000000,2.000000,0.000000,0.025100,0.000155
0.020000,2.026813,2.000910,2.001767,0.050082,-0.018628,-0.000224,-0.125815,-0.196340,0.009632,0.000540,2.000000,2.000000,2.000000,0.000000,0.026886,0.000224
0.020000,2.027431,2.004341,2.001891,0.053071,-0.018840,-0.000239,-0.059770,-0.213334,0.008120,0.000294,2.000000,2.000000,2.000000,0.000000,0.027836,0.000239
0.020000,2.026763,2.007909,2.002014,0.056497,-0.018391,-0.000164,0.009358,-0.224742,0.007852,-0.000191,2.000000,2.000000,2.000000,0.000000,0.027979,0.000164
0.020000,2.024895,2.011549,2.002099,0.059853,-0.016799,-0.000121,0.075185,-0.232851,0.008529,-0.000061,2.000000,2.000000,2.000000,0.000000,0.027523,0.000121
0.020000,2.022004,2.015223,2.002101,0.062982,-0.014088,-0.000020,0.132671,-0.239011,0.010496,-0.000414,2.000000,2.000000,2.000000,0.000000,0.026839,0.000020
0.020000,2.018327,2.018899,2.001958,0.065967,-0.010618,0.000040,0.178414,-0.243407,0.014212,-0.000255,2.000000,2.000000,2.000000,0.000000,0.026398,0.000040
0.020000,2.014135,2.022532,2.001736,0.069038,-0.006870,0.000219,0.210217,-0.245091,0.016561,-0.000957,2.000000,2.000000,2.000000,0.000000,0.026655,0.000219
0.020000,2.009709,2.026053,2.001583,0.072168,-0.003093,0.000406,0.227325,-0.242963,0.015173,-0.001131,2.000000,2.000000,2.000000,0.000000,0.027849,0.000406
0.020000,2.005317,2.029393,2.001412,0.075255,0.000605,0.000830,0.229973,-0.236902,0.015952,-0.002570,2.000000,2.000000,2.000000,0.000000,0.029903,0.000830
0.020000,2.001162,2.032536,2.000857,0.078675,0.004727,0.001425,0.221623,-0.229893,0.026281,-0.003815,2.000000,2.000000,2.000000,0.000000,0.032568,0.001425
0.020000,1.997253,2.035576,2.000635,0.080991,0.008611,0.001462,0.212730,-0.227647,0.018761,-0.001180,2.000000,2.000000,2.000000,0.000000,0.035687,0.001462
0.020000,1.993436,2.038806,2.000864,0.083529,0.011832,0.001449,0.212066,-0.241356,0.007532,-0.000944,2.000000,2.000000,2.000000,0.000000,0.039367,0.001449
0.020000,1.989789,2.042231,2.000621,0.085614,0.013430,0.001066,0.207180,-0.255471,0.019275,0.001086,2.000000,2.000000,2.000000,0.000000,0.043453,0.001066
0.020000,1.986688,2.045264,2.000424,0.088113,0.016104,0.001201,0.181575,-0.237661,0.018579,-0.001502,2.000000,2.000000,2.000000,0.000000,0.047183,0.001201
0.020000,1.984514,2.047274,2.000394,0.090102,0.018132,0.001243,0.134607,-0.184870,0.014667,-0.001098,2.000000,2.000000,2.000000,0.000000,0.049747,0.001243
0.020000,1.983382,2.048054,1.999957,0.091077,0.017810,0.000503,0.080433,-0.119571,0.025266,0.003167,2.000000,2.000000,2.000000,0.000000,0.050846,0.000503
0.020000,1.983259,2.047448,1.999509,0.090268,0.017664,0.001128,0.026803,-0.044469,0.026500,-0.003830,2.000000,2.000000,2.000000,0.000000,0.050317,0.001128
0.020000,1.984075,2.045380,1.999426,0.087712,0.017761,0.000765,-0.024007,0.036297,0.017956,0.001156,2.000000,2.000000,2.000000,0.000000,0.048097,0.000765
0.020000,1.985722,2.041916,1.999693,0.083722,0.017050,0.000808,-0.069992,0.115095,0.009056,-0.000834,2.000000,2.000000,2.000000,0.000000,0.044282,0.000808
0.020000,1.988047,2.037208,2.000059,0.078932,0.015380,0.000728,-0.108632,0.186980,0.005916,-0.000189,2.000000,2.000000,2.000000,0.000000,0.039081,0.000728
0.020000,1.990868,2.031454,2.000392,0.073549,0.013266,0.000570,-0.138068,0.249417,0.006007,0.000286,2.000000,2.000000,2.000000,0.000000,0.032755,0.000570
0.020000,1.994001,2.024925,2.000381,0.066900,0.011568,0.000196,-0.158118,0.298060,0.014243,0.001584,2.000000,2.000000,2.000000,0.000000,0.025640,0.000196
0.020000,1.997276,2.017921,2.000099,0.060347,0.009180,0.000188,-0.169228,0.331116,0.021288,-0.000170,2.000000,2.000000,2.000000,0.000000,0.018128,0.000188
0.020000,2.000523,2.010753,1.999806,0.053830,0.006684,-0.000089,-0.171396,0.347703,0.022163,0.001317,2.000000,2.000000,2.000000,0.000000,0.010767,0.000089
0.020000,2.003599,2.003764,1.999568,0.048413,0.003148,-0.000064,-0.165594,0.345633,0.021368,-0.000147,2.000000,2.000000,2.000000,0.000000,0.005226,0.000064
0.020000,2.006370,1.997234,1.999137,0.043003,-0.000690,-0.000644,-0.152551,0.328068,0.026874,0.003163,2.000000,2.000000,2.000000,0.000000,0.006998,0.000644
0.020000,2.008723,1.991419,1.998579,0.038344,-0.002370,-0.000636,-0.132894,0.296181,0.031106,0.000339,2.000000,2.000000,2.000000,0.000000,0.012319,0.000636
0.020000,2.010680,1.986619,1.998435,0.035305,-0.004537,-0.000380,-0.113911,0.247270,0.021523,-0.001022,2.000000,2.000000,2.000000,0.000000,0.017192,0.000380
0.020000,2.012340,1.983146,1.998491,0.033926,-0.007561,-0.001098,-0.100125,0.180135,0.016671,0.004165,2.000000,2.000000,2.000000,0.000000,0.020943,0.001098
0.020000,2.013813,1.981209,1.998670,0.032930,-0.009112,-0.000505,-0.091916,0.100219,0.013368,-0.002540,2.000000,2.000000,2.000000,0.000000,0.023359,0.000505
0.020000,2.015190,1.980897,1.999014,0.033049,-0.010136,-0.000641,-0.088557,0.013814,0.008750,0.001063,2.000000,2.000000,2.000000,0.000000,0.024425,0.000641
0.020000,2.016455,1.982118,1.999420,0.034658,-0.011403,-0.000643,-0.084327,-0.069376,0.006410,0.000425,2.000000,2.000000,2.000000,0.000000,0.024308,0.000643
0.020000,2.017492,1.984609,1.999728,0.037405,-0.012468,-0.000522,-0.073536,-0.139845,0.008109,-0.000241,2.000000,2.000000,2.000000,0.000000,0.023301,0.000522
0.020000,2.018105,1.987957,2.000080,0.042135,-0.014442,-0.000411,-0.051911,-0.189237,0.006349,-0.000273,2.000000,2.000000,2.000000,0.000000,0.021745,0.000411
0.020000,2.018124,1.991728,2.000401,0.045713,-0.014424,-0.000501,-0.020469,-0.215790,0.006386,0.000766,2.000000,2.000000,2.000000,0.000000,0.019927,0.000501
0.020000,2.017510,1.995569,2.000594,0.048556,-0.013116,-0.000311,0.013754,-0.223613,0.009042,-0.000712,2.000000,2.000000,2.000000,0.000000,0.018072,0.000311
0.020000,2.016331,1.999217,2.000717,0.052223,-0.012202,-0.000246,0.044935,-0.217163,0.010447,-0.000152,2.000000,2.000000,2.000000,0.000000,0.016366,0.000246
0.020000,2.014780,2.002606,2.000846,0.055823,-0.011102,-0.000191,0.066225,-0.206991,0.010039,-0.000144,2.000000,2.000000,2.000000,0.000000,0.015032,0.000191
0.020000,2.013114,2.005843,2.000653,0.059075,-0.009539,0.000415,0.073788,-0.202507,0.018107,-0.003213,2.000000,2.000000,2.000000,0.000000,0.014371,0.000415
0.020000,2.011568,2.009001,2.000660,0.062283,-0.007859,-0.000318,0.068840,-0.201884,0.013299,0.003726,2.000000,2.000000,2.000000,0.000000,0.014672,0.000318
0.020000,2.010289,2.012086,2.000364,0.064613,-0.005810,0.000515,0.055472,-0.201679,0.021130,-0.004374,2.000000,2.000000,2.000000,0.000000,0.015877,0.000515
0.020000,2.009355,2.014892,1.999987,0.066903,-0.005380,0.000173,0.037817,-0.190020,0.023890,0.001506,2.000000,2.000000,2.000000,0.000000,0.017586,0.000173
0.020000,2.008761,2.017055,1.999674,0.068903,-0.005354,-0.000204,0.020050,-0.158333,0.022973,0.001932,2.000000,2.000000,2.000000,0.000000,0.019177,0.000204
0.020000,2.008486,2.018190,1.999585,0.070162,-0.005664,0.000273,0.002928,-0.104722,0.017853,-0.002497,2.000000,2.000000,2.000000,0.000000,0.020076,0.000273
0.020000,2.008476,2.017999,1.999542,0.069352,-0.005153,-0.000332,-0.011404,-0.033816,0.016839,0.003117,2.000000,2.000000,2.000000,0.000000,0.019900,0.000332
0.020000,2.008699,2.016399,1.999415,0.067548,-0.005075,-0.000097,-0.024449,0.043164,0.019108,-0.001076,2.000000,2.000000,2.000000,0.000000,0.018573,0.000097
0.020000,2.009152,2.013516,1.999150,0.064889,-0.005390,-0.000370,-0.037529,0.114889,0.022991,0.001556,2.000000,2.000000,2.000000,0.000000,0.016345,0.000370
0.020000,2.009857,2.009602,1.998903,0.059792,-0.004399,-0.000265,-0.052064,0.174219,0.023070,-0.000328,2.000000,2.000000,2.000000,0.000000,0.013804,0.000265
0.020000,2.010847,2.004995,1.998905,0.054124,-0.003606,-0.000127,-0.068686,0.216413,0.017150,-0.000583,2.000000,2.000000,2.000000,0.000000,0.011992,0.000127
0.020000,2.012073,2.000032,1.998734,0.050501,-0.005378,-0.000865,-0.083152,0.240838,0.021662,0.004145,2.000000,2.000000,2.000000,0.000000,0.012139,0.000865
0.020000,2.013420,1.994994,1.998503,0.047139,-0.007656,-0.000379,-0.091367,0.250499,0.023576,-0.002062,2.000000,2.000000,2.000000,0.000000,0.014402,0.000379
0.020000,2.014785,1.990161,1.998734,0.043552,-0.009529,-0.000297,-0.094122,0.244924,0.012091,-0.000179,2.000000,2.000000,2.000000,0.000000,0.017805,0.000297
0.020000,2.016049,1.985773,1.999301,0.039193,-0.010802,-0.000479,-0.090477,0.226197,0.002913,0.001216,2.000000,2.000000,2.000000,0.000000,0.021458,0.000479
0.020000,2.017124,1.982042,1.999854,0.036394,-0.012438,-0.000262,-0.081918,0.195384,0.002089,-0.000844,2.000000,2.000000,2.000000,0.000000,0.024814,0.000262
0.020000,2.017928,1.979140,2.000202,0.034848,-0.013410,-0.000324,-0.068618,0.154550,0.006246,0.000538,2.000000,2.000000,2.000000,0.000000,0.027506,0.000324
0.020000,2.018374,1.977230,2.000391,0.033787,-0.013902,-0.000242,-0.050330,0.103915,0.009670,-0.000205,2.000000,2.000000,2.000000,0.000000,0.029261,0.000242
0.020000,2.018294,1.976587,2.000462,0.034924,-0.015014,-0.000319,-0.022432,0.037145,0.012288,0.000613,2.000000,2.000000,2.000000,0.000000,0.029716,0.000319
0.020000,2.017452,1.977521,2.000693,0.037773,-0.015673,-0.000043,0.018943,-0.047996,0.008019,-0.001269,2.000000,2.000000,2.000000,0.000000,0.028467,0.000043
0.020000,2.015685,1.980223,2.000792,0.041695,-0.015449,-0.000518,0.070281,-0.145296,0.010914,0.002664,2.000000,2.000000,2.000000,0.000000,0.025254,0.000518
0.020000,2.013005,1.984598,2.000460,0.045198,-0.013111,-0.000424,0.121885,-0.239504,0.021908,-0.000125,2.000000,2.000000,2.000000,0.000000,0.020163,0.000424
0.020000,2.009656,1.990260,2.000031,0.049349,-0.010048,-0.000157,0.161130,-0.314507,0.025136,-0.001137,2.000000,2.000000,2.000000,0.000000,0.013715,0.000157
0.020000,2.006006,1.996611,1.999928,0.054529,-0.007284,-0.000113,0.181075,-0.358310,0.017549,-0.000097,2.000000,2.000000,2.000000,0.000000,0.006897,0.000113
0.020000,2.002449,2.003068,2.000180,0.059838,-0.004482,0.000115,0.179851,-0.371155,0.008534,-0.001142,2.000000,2.000000,2.000000,0.000000,0.003930,0.000115
0.020000,1.999288,2.009312,2.000610,0.065679,-0.000937,0.000352,0.161943,-0.366701,0.003410,-0.001357,2.000000,2.000000,2.000000,0.000000,0.009359,0.000352
0.020000,1.996753,2.015396,2.000983,0.070906,0.001577,0.000467,0.131064,-0.365149,0.003949,-0.000848,2.000000,2.000000,2.000000,0.000000,0.015765,0.000467
0.020000,1.995004,2.021245,2.001146,0.075215,0.002359,0.000527,0.090909,-0.359357,0.008628,-0.000637,2.000000,2.000000,2.000000,0.000000,0.021855,0.000527
0.020000,1.994097,2.026350,2.001160,0.078916,0.002908,0.000568,0.046814,-0.325555,0.012126,-0.000577,2.000000,2.000000,2.000000,0.000000,0.027028,0.000568
0.020000,1.994098,2.030192,2.001160,0.082707,0.002153,0.000510,-0.001739,-0.262601,0.012440,-0.000065,2.000000,2.000000,2.000000,0.000000,0.030785,0.000510
0.020000,1.995092,2.032669,2.001207,0.084430,0.001300,0.000459,-0.055986,-0.192800,0.011208,-0.000074,2.000000,2.000000,2.000000,0.000000,0.033058,0.000459
0.020000,1.997101,2.033829,2.001293,0.084928,-0.000398,0.000364,-0.112580,-0.124110,0.010087,0.000207,2.000000,2.000000,2.000000,0.000000,0.033977,0.000364
0.020000,1.999995,2.033562,2.001394,0.084301,-0.002985,0.000196,-0.163157,-0.047556,0.009473,0.000670,2.000000,2.000000,2.000000,0.000000,0.033591,0.000196
0.020000,2.003521,2.031620,2.001488,0.082066,-0.006004,0.000041,-0.200990,0.044438,0.009437,0.000715,2.000000,2.000000,2.000000,0.000000,0.031850,0.000041
0.020000,2.007421,2.027843,2.001517,0.078345,-0.009270,-0.000195,-0.225487,0.147026,0.010924,0.001268,2.000000,2.000000,2.000000,0.000000,0.028855,0.000195
0.020000,2.011684,2.022597,2.001257,0.073666,-0.012779,-0.000658,-0.250067,0.231497,0.018321,0.002691,2.000000,2.000000,2.000000,0.000000,0.025470,0.000658
0.020000,2.016469,2.016659,2.000850,0.066884,-0.015507,-0.000584,-0.283694,0.275062,0.022678,0.000064,2.000000,2.000000,2.000000,0.000000,0.023441,0.000584
0.020000,2.021637,2.010486,2.000735,0.060673,-0.019339,-0.000656,-0.310367,0.294364,0.015917,0.000825,2.000000,2.000000,2.000000,0.000000,0.024055,0.000656
0.020000,2.026640,2.004037,2.000968,0.055502,-0.024114,-0.000922,-0.307709,0.316072,0.007143,0.001947,2.000000,2.000000,2.000000,0.000000,0.026961,0.000922
0.020000,2.030991,1.997327,2.000861,0.050180,-0.028320,-0.000765,-0.278199,0.337488,0.015439,-0.000183,2.000000,2.000000,2.000000,0.000000,0.031118,0.000765
0.020000,2.034418,1.990528,2.000608,0.043650,-0.031723,-0.000961,-0.233149,0.349872,0.019453,0.001655,2.000000,2.000000,2.000000,0.000000,0.035703,0.000961
0.020000,2.036666,1.983896,2.000607,0.038452,-0.033460,-0.000846,-0.173153,0.348562,0.013423,0.000088,2.000000,2.000000,2.000000,0.000000,0.040051,0.000846
0.020000,2.037548,1.977734,2.000876,0.033874,-0.034150,-0.000781,-0.101678,0.330640,0.006415,0.000295,2.000000,2.000000,2.000000,0.000000,0.043662,0.000781
0.020000,2.037014,1.972360,2.000993,0.027592,-0.032104,-0.001030,-0.025986,0.294897,0.009787,0.001979,2.000000,2.000000,2.000000,0.000000,0.046206,0.001030
0.020000,2.035096,1.967948,2.000974,0.023632,-0.030197,-0.000630,0.049632,0.248827,0.013066,-0.001401,2.000000,2.000000,2.000000,0.000000,0.047540,0.000630
0.020000,2.031880,1.964473,2.001009,0.021914,-0.028529,-0.000730,0.122084,0.203215,0.011666,0.001071,2.000000,2.000000,2.000000,0.000000,0.047744,0.000730
0.020000,2.027560,1.961841,2.001188,0.020018,-0.025151,-0.000556,0.185452,0.161791,0.007859,-0.000359,2.000000,2.000000,2.000000,0.000000,0.047086,0.000556
0.020000,2.022391,1.959947,2.001472,0.018599,-0.020787,-0.000393,0.236080,0.125131,0.004722,-0.000418,2.000000,2.000000,2.000000,0.000000,0.045910,0.000393
0.020000,2.016657,1.958740,2.001756,0.018227,-0.016312,-0.000364,0.272268,0.090613,0.004102,0.000209,2.000000,2.000000,2.000000,0.000000,0.044530,0.000364
0.020000,2.010659,1.958185,2.001977,0.018372,-0.011596,-0.000193,0.292734,0.057189,0.005134,-0.000590,2.000000,2.000000,2.000000,0.000000,0.043197,0.000193
0.020000,2.004703,1.958220,2.002142,0.018866,-0.006797,-0.000120,0.296762,0.026457,0.006100,-0.000169,2.000000,2.000000,2.000000,0.000000,0.042098,0.000120
0.020000,1.999083,1.958757,2.002285,0.019799,-0.002309,-0.000021,0.284910,-0.000073,0.006275,-0.000362,2.000000,2.000000,2.000000,0.000000,0.041316,0.000021
0.020000,1.994052,1.959702,2.001977,0.021221,0.001813,0.000683,0.258812,-0.022181,0.017643,-0.003760,2.000000,2.000000,2.000000,0.000000,0.040783,0.000683
0.020000,1.989797,1.960962,2.001602,0.023266,0.005689,0.000140,0.222020,-0.039386,0.020027,0.002597,2.000000,2.000000,2.000000,0.000000,0.040381,0.000140
0.020000,1.986466,1.962426,2.001590,0.024579,0.007891,0.000468,0.176371,-0.051050,0.011354,-0.001815,2.000000,2.000000,2.000000,0.000000,0.039969,0.000468
0.020000,1.984144,1.963992,2.001891,0.026006,0.009265,0.000433,0.125074,-0.057310,0.003212,-0.000052,2.000000,2.000000,2.000000,0.000000,0.039390,0.000433
0.020000,1.982860,1.965566,2.002266,0.027760,0.010026,0.000322,0.071154,-0.058580,0.000654,0.000387,2.000000,2.000000,2.000000,0.000000,0.038531,0.000322
0.020000,1.982578,1.967069,2.002528,0.029263,0.009845,0.000440,0.018083,-0.055597,0.002739,-0.000797,2.000000,2.000000,2.000000,0.000000,0.037341,0.000440
0.020000,1.983207,1.968437,2.002650,0.030566,0.008824,0.000295,-0.031070,-0.049022,0.005821,0.000565,2.000000,2.000000,2.000000,0.000000,0.035850,0.000295
0.020000,1.984591,1.969645,2.002705,0.031856,0.007280,0.000294,-0.072776,-0.040968,0.007235,-0.000133,2.000000,2.000000,2.000000,0.000000,0.034149,0.000294
0.020000,1.986475,1.970778,2.002610,0.033260,0.005122,0.000004,-0.101307,-0.037479,0.010992,0.001458,2.000000,2.000000,2.000000,0.000000,0.032305,0.000004
0.020000,1.988599,1.971895,2.002525,0.034161,0.002897,0.000151,-0.116173,-0.037102,0.010901,-0.000742,2.000000,2.000000,2.000000,0.000000,0.030434,0.000151
0.020000,1.990808,1.972914,2.002594,0.034778,0.000566,0.000016,-0.122963,-0.032316,0.007038,0.000706,2.000000,2.000000,2.000000,0.000000,0.028720,0.000016
0.020000,1.993013,1.973690,2.002624,0.035722,-0.002160,-0.000243,-0.124914,-0.019496,0.007838,0.001482,2.000000,2.000000,2.000000,0.000000,0.027348,0.000243
0.020000,1.995098,1.974192,2.002644,0.036527,-0.004708,-0.000054,-0.120676,-0.004638,0.008033,-0.000798,2.000000,2.000000,2.000000,0.000000,0.026402,0.000054
0.020000,1.996908,1.974486,2.002716,0.036321,-0.006110,-0.000213,-0.107739,0.006796,0.006578,0.000981,2.000000,2.000000,2.000000,0.000000,0.025844,0.000213
0.020000,1.998316,1.974665,2.002900,0.035752,-0.007876,-0.000284,-0.087651,0.013367,0.003504,0.000614,2.000000,2.000000,2.000000,0.000000,0.025556,0.000284
0.020000,1.999247,1.974863,2.003110,0.035876,-0.009024,-0.000169,-0.063073,0.012795,0.002377,-0.000354,2.000000,2.000000,2.000000,0.000000,0.025339,0.000169
0.020000,1.999693,1.975234,2.003238,0.036365,-0.009220,-0.000224,-0.037445,0.003757,0.004026,0.000499,2.000000,2.000000,2.000000,0.000000,0.024979,0.000224
0.020000,1.999685,1.975924,2.003286,0.036804,-0.009228,-0.000169,-0.013095,-0.013579,0.005779,-0.000067,2.000000,2.000000,2.000000,0.000000,0.024301,0.000169
0.020000,1.999289,1.977082,2.002934,0.037066,-0.008396,-0.000619,0.008249,-0.039389,0.016033,0.002677,2.000000,2.000000,2.000000,0.000000,0.023116,0.000619
0.020000,1.998555,1.978799,2.002414,0.038953,-0.008237,-0.000294,0.027189,-0.070735,0.021088,-0.001265,2.000000,2.000000,2.000000,0.000000,0.021387,0.000294
0.020000,1.997492,1.981082,2.001902,0.041490,-0.007944,-0.000691,0.046144,-0.103091,0.021914,0.002485,2.000000,2.000000,2.000000,0.000000,0.019179,0.000691
0.020000,1.996125,1.983893,2.001358,0.043474,-0.006519,-0.000746,0.064080,-0.134094,0.023815,0.000886,2.000000,2.000000,2.000000,0.000000,0.016623,0.000746
0.020000,1.994481,1.987126,2.000830,0.045775,-0.004769,-0.000656,0.080821,-0.159987,0.024517,0.000131,2.000000,2.000000,2.000000,0.000000,0.014031,0.000656
0.020000,1.992572,1.990606,2.000410,0.048513,-0.003052,-0.000769,0.097406,-0.176716,0.022811,0.001198,2.000000,2.000000,2.000000,0.000000,0.011983,0.000769
0.020000,1.990396,1.994127,2.000081,0.051200,-0.001037,-0.000694,0.114252,-0.182607,0.021306,0.000246,2.000000,2.000000,2.000000,0.000000,0.011257,0.000694
0.020000,1.987962,1.997479,1.999925,0.053635,0.001289,-0.000481,0.131080,-0.177087,0.017508,-0.000562,2.000000,2.000000,2.000000,0.000000,0.012300,0.000481
0.020000,1.985283,2.000480,1.999937,0.055895,0.003733,-0.000061,0.147351,-0.161553,0.013482,-0.001843,2.000000,2.000000,2.000000,0.000000,0.014725,0.000061
0.020000,1.982366,2.003041,1.999797,0.058471,0.007019,0.000404,0.163704,-0.140898,0.017410,-0.002393,2.000000,2.000000,2.000000,0.000000,0.017895,0.000404
0.020000,1.979266,2.005100,1.999709,0.059656,0.009520,0.000222,0.177421,-0.116256,0.016346,0.000845,2.000000,2.000000,2.000000,0.000000,0.021354,0.000222
0.020000,1.976084,2.006682,1.999869,0.060461,0.011905,0.000555,0.185849,-0.092581,0.010103,-0.001869,2.000000,2.000000,2.000000,0.000000,0.024832,0.000555
0.020000,1.972994,2.007924,2.000197,0.061354,0.014471,0.000633,0.184891,-0.075877,0.005406,-0.000709,2.000000,2.000000,2.000000,0.000000,0.028145,0.000633
0.020000,1.970220,2.009056,2.000525,0.062103,0.016714,0.000704,0.171665,-0.071439,0.004699,-0.000728,2.000000,2.000000,2.000000,0.000000,0.031131,0.000704
0.020000,1.967970,2.010320,2.000750,0.062223,0.019027,0.000882,0.146743,-0.080158,0.006700,-0.001369,2.000000,2.000000,2.000000,0.000000,0.033659,0.000882
0.020000,1.966505,2.012012,2.000873,0.063813,0.019653,0.000815,0.107010,-0.105185,0.008858,-0.000162,2.000000,2.000000,2.000000,0.000000,0.035594,0.000815
0.020000,1.966089,2.014426,2.000956,0.065926,0.019503,0.000832,0.051906,-0.146918,0.009610,-0.000578,2.000000,2.000000,2.000000,0.000000,0.036864,0.000832
0.020000,1.966866,2.017746,2.001061,0.068256,0.018837,0.000799,-0.012180,-0.199579,0.008859,-0.000329,2.000000,2.000000,2.000000,0.000000,0.037602,0.000799
0.020000,1.968735,2.021936,2.001194,0.071210,0.017355,0.000688,-0.072140,-0.251287,0.007911,0.000121,2.000000,2.000000,2.000000,0.000000,0.038211,0.000688
0.020000,1.971354,2.026725,2.001324,0.074620,0.015275,0.000589,-0.114498,-0.289275,0.007670,0.000123,2.000000,2.000000,2.000000,0.000000,0.039199,0.000589
0.020000,1.974242,2.031692,2.001427,0.078127,0.012997,0.000457,-0.131426,-0.305037,0.008095,0.000374,2.000000,2.000000,2.000000,0.000000,0.040865,0.000457
0.020000,1.976930,2.036392,2.001495,0.081500,0.010780,0.000339,-0.123019,-0.296665,0.008756,0.000381,2.000000,2.000000,2.000000,0.000000,0.043114,0.000339
0.020000,1.979083,2.040424,2.001703,0.084655,0.007891,-0.000069,-0.095998,-0.266227,0.004954,0.002059,2.000000,2.000000,2.000000,0.000000,0.045546,0.000069
0.020000,1.980390,2.043468,2.001927,0.086967,0.007614,0.000203,-0.051550,-0.217564,0.004083,-0.001393,2.000000,2.000000,2.000000,0.000000,0.047726,0.000203
0.020000,1.980659,2.045282,2.002006,0.087836,0.007680,0.000145,0.004399,-0.154573,0.007345,0.000228,2.000000,2.000000,2.000000,0.000000,0.049281,0.000145
0.020000,1.979831,2.045734,2.001953,0.087804,0.007995,0.000189,0.064742,-0.083054,0.010582,-0.000296,2.000000,2.000000,2.000000,0.000000,0.050022,0.000189
0.020000,1.978033,2.044849,2.001845,0.086771,0.009296,0.000400,0.119251,-0.011445,0.012104,-0.001247,2.000000,2.000000,2.000000,0.000000,0.049974,0.000400
0.020000,1.975563,2.042817,2.001680,0.084884,0.011127,0.000571,0.158699,0.051229,0.013777,-0.001181,2.000000,2.000000,2.000000,0.000000,0.049328,0.000571
0.020000,1.972976,2.040101,2.001386,0.082514,0.012786,0.000839,0.168469,0.089863,0.017429,-0.001837,2.000000,2.000000,2.000000,0.000000,0.048377,0.000839
0.020000,1.970910,2.037236,2.001147,0.079824,0.014324,0.000763,0.143449,0.100093,0.016625,-0.000146,2.000000,2.000000,2.000000,0.000000,0.047266,0.000763
0.020000,1.969686,2.034442,2.001140,0.076337,0.016428,0.000894,0.100298,0.098522,0.011069,-0.001234,2.000000,2.000000,2.000000,0.000000,0.045896,0.000894
0.020000,1.969286,2.031626,2.001318,0.073740,0.016940,0.000846,0.057301,0.101960,0.006257,-0.000351,2.000000,2.000000,2.000000,0.000000,0.044106,0.000846
0.020000,1.969591,2.028654,2.001526,0.071211,0.016561,0.000739,0.019819,0.112949,0.005079,0.000000,2.000000,2.000000,2.000000,0.000000,0.041810,0.000739
0.020000,1.970598,2.025553,2.001545,0.068455,0.015744,0.000531,-0.018305,0.122603,0.009545,0.000623,2.000000,2.000000,2.000000,0.000000,0.038984,0.000531
0.020000,1.972267,2.022337,2.001446,0.065638,0.014386,0.000522,-0.054920,0.131738,0.012553,-0.000332,2.000000,2.000000,2.000000,0.000000,0.035639,0.000522
0.020000,1.974470,2.018980,2.001292,0.062818,0.012477,0.000202,-0.085382,0.142466,0.014142,0.001383,2.000000,2.000000,2.000000,0.000000,0.031838,0.000202
0.020000,1.977005,2.015437,2.000927,0.060227,0.009880,-0.000198,-0.105459,0.155830,0.019955,0.002050,2.000000,2.000000,2.000000,0.000000,0.027712,0.000198
0.020000,1.979646,2.011631,2.000840,0.057126,0.007527,0.000288,-0.113472,0.173906,0.013482,-0.002549,2.000000,2.000000,2.000000,0.000000,0.023458,0.000288
0.020000,1.982207,2.007571,2.001032,0.053289,0.005831,-0.000284,-0.111584,0.191693,0.006400,0.002936,2.000000,2.000000,2.000000,0.000000,0.019364,0.000284
0.020000,1.984539,2.003326,2.001318,0.049732,0.004060,-0.000042,-0.101425,0.206163,0.003524,-0.001139,2.000000,2.000000,2.000000,0.000000,0.015869,0.000042
0.020000,1.986545,1.998978,2.001732,0.045627,0.002055,-0.000345,-0.085774,0.216393,-0.000406,0.001686,2.000000,2.000000,2.000000,0.000000,0.013605,0.000345
0.020000,1.988194,1.994687,2.001909,0.041764,0.000713,0.000019,-0.068068,0.218140,0.004853,-0.001767,2.000000,2.000000,2.000000,0.000000,0.013086,0.000019
0.020000,1.989492,1.990633,2.001869,0.038820,0.000249,-0.000167,-0.050375,0.210082,0.010094,0.001005,2.000000,2.000000,2.000000,0.000000,0.014201,0.000167
0.020000,1.990414,1.987061,2.001851,0.036157,-0.000009,-0.000141,-0.030979,0.188338,0.009570,-0.000027,2.000000,2.000000,2.000000,0.000000,0.016209,0.000141
0.020000,1.990873,1.984299,2.001818,0.033537,0.000666,-0.000208,-0.006379,0.148269,0.009989,0.000466,2.000000,2.000000,2.000000,0.000000,0.018252,0.000208
0.020000,1.990793,1.982683,2.001406,0.032836,0.000993,-0.000707,0.022855,0.088888,0.019841,0.002893,2.000000,2.000000,2.000000,0.000000,0.019663,0.000707
0.020000,1.990134,1.982396,2.001159,0.033974,0.000968,0.000051,0.054943,0.018287,0.016430,-0.003671,2.000000,2.000000,2.000000,0.000000,0.020214,0.000051
0.020000,1.988926,1.983414,2.001382,0.036056,0.001288,-0.000309,0.085996,-0.052499,0.004723,0.001952,2.000000,2.000000,2.000000,0.000000,0.019990,0.000309
0.020000,1.987293,1.985521,2.001843,0.038606,0.002257,-0.000117,0.110967,-0.112865,-0.001962,-0.000832,2.000000,2.000000,2.000000,0.000000,0.019352,0.000117
0.020000,1.985427,1.988369,2.002082,0.041764,0.003495,-0.000184,0.125792,-0.155439,0.002810,0.000463,2.000000,2.000000,2.000000,0.000000,0.018761,0.000184
0.020000,1.983531,1.991553,2.001941,0.045456,0.004497,-0.000283,0.129975,-0.176746,0.012151,0.000688,2.000000,2.000000,2.000000,0.000000,0.018611,0.000283
0.020000,1.981756,1.994729,2.001522,0.047574,0.007319,-0.000183,0.125733,-0.179640,0.019641,-0.000342,2.000000,2.000000,2.000000,0.000000,0.019051,0.000183
0.020000,1.980237,1.997746,2.001029,0.050870,0.010166,-0.000164,0.114210,-0.174312,0.022415,0.000042,2.000000,2.000000,2.000000,0.000000,0.019918,0.000164
0.020000,1.979062,2.000491,2.000632,0.053449,0.011336,-0.000235,0.097461,-0.162665,0.020950,0.000527,2.000000,2.000000,2.000000,0.000000,0.020953,0.000235
0.020000,1.978298,2.002899,2.000311,0.055096,0.012148,-0.000327,0.076802,-0.147291,0.019789,0.000688,2.000000,2.000000,2.000000,0.000000,0.021897,0.000327
0.020000,1.977993,2.004929,1.999955,0.056685,0.013016,-0.000428,0.053045,-0.129279,0.021362,0.000812,2.000000,2.000000,2.000000,0.000000,0.022552,0.000428
0.020000,1.978169,2.006536,1.999971,0.058333,0.012992,0.000063,0.027448,-0.108530,0.012475,-0.002377,2.000000,2.000000,2.000000,0.000000,0.022788,0.000063
0.020000,1.978814,2.007756,2.000041,0.059717,0.012246,-0.000653,0.002217,-0.089246,0.011025,0.003924,2.000000,2.000000,2.000000,0.000000,0.022561,0.000653
0.020000,1.979867,2.008607,2.000136,0.059941,0.011926,-0.000007,-0.020417,-0.070597,0.010228,-0.003066,2.000000,2.000000,2.000000,0.000000,0.021896,0.000007
0.020000,1.981261,2.009144,2.000238,0.060071,0.011213,-0.000329,-0.039813,-0.054514,0.009837,0.001811,2.000000,2.000000,2.000000,0.000000,0.020852,0.000329
0.020000,1.982928,2.009451,2.000570,0.060161,0.010123,0.000041,-0.055798,-0.042697,0.003653,-0.001768,2.000000,2.000000,2.000000,0.000000,0.019522,0.000041
0.020000,1.984797,2.009686,2.000939,0.060245,0.008727,-0.000189,-0.068362,-0.039415,0.001984,0.001273,2.000000,2.000000,2.000000,0.000000,0.018051,0.000189
0.020000,1.986810,2.010045,2.001169,0.060286,0.007424,-0.000148,-0.077868,-0.046626,0.004809,-0.000056,2.000000,2.000000,2.000000,0.000000,0.016621,0.000148
0.020000,1.988941,2.010721,2.001368,0.060595,0.005459,-0.000253,-0.086320,-0.064681,0.005119,0.000717,2.000000,2.000000,2.000000,0.000000,0.015463,0.000253
0.020000,1.991190,2.011916,2.001160,0.061337,0.003291,0.000231,-0.094889,-0.094128,0.015243,-0.002446,2.000000,2.000000,2.000000,0.000000,0.014864,0.000231
0.020000,1.993559,2.013781,2.000597,0.063373,0.002015,0.000087,-0.103679,-0.132472,0.024890,0.000668,2.000000,2.000000,2.000000,0.000000,0.015224,0.000087
0.020000,1.996066,2.016397,2.000007,0.066745,0.001171,0.000301,-0.113803,-0.175972,0.026752,-0.001199,2.000000,2.000000,2.000000,0.000000,0.016863,0.000301
0.020000,1.998726,2.019773,2.000016,0.070576,0.000147,-0.000162,-0.124783,-0.220998,0.012442,0.002371,2.000000,2.000000,2.000000,0.000000,0.019814,0.000162
0.020000,2.001514,2.023957,2.000169,0.074188,-0.001891,0.000438,-0.134838,-0.269419,0.008677,-0.003156,2.000000,2.000000,2.000000,0.000000,0.024005,0.000438
0.020000,2.004370,2.028913,2.000080,0.077839,-0.004339,0.000033,-0.141596,-0.317033,0.014628,0.001953,2.000000,2.000000,2.000000,0.000000,0.029242,0.000033
0.020000,2.007237,2.034425,1.999933,0.082844,-0.006050,-0.000153,-0.145424,-0.353702,0.016352,0.001031,2.000000,2.000000,2.000000,0.000000,0.035178,0.000153
0.020000,2.010050,2.040166,1.999743,0.088212,-0.007681,-0.000607,-0.145664,-0.373263,0.017741,0.002645,2.000000,2.000000,2.000000,0.000000,0.041405,0.000607
0.020000,2.012705,2.045710,1.999993,0.092855,-0.010428,-0.000400,-0.140411,-0.369850,0.006741,-0.000676,2.000000,2.000000,2.000000,0.000000,0.047443,0.000400
0.020000,2.015095,2.050738,1.999809,0.096103,-0.013210,-0.000957,-0.128971,-0.348842,0.017494,0.003396,2.000000,2.000000,2.000000,0.000000,0.052936,0.000957
0.020000,2.017061,2.054852,1.999334,0.099304,-0.013608,-0.000670,-0.108882,-0.305565,0.025409,-0.000856,2.000000,2.000000,2.000000,0.000000,0.057448,0.000670
0.020000,2.018466,2.057582,1.999136,0.100809,-0.014588,-0.000722,-0.080783,-0.234623,0.019247,0.000820,2.000000,2.000000,2.000000,0.000000,0.060477,0.000722
0.020000,2.019187,2.058565,1.999223,0.100594,-0.015459,-0.000751,-0.045365,-0.141829,0.012281,0.000736,2.000000,2.000000,2.000000,0.000000,0.061633,0.000751
0.020000,2.019151,2.057567,1.999191,0.098874,-0.015429,-0.000280,-0.005210,-0.034365,0.015173,-0.001995,2.000000,2.000000,2.000000,0.000000,0.060674,0.000280
0.020000,2.018280,2.054497,1.998956,0.093925,-0.016116,-0.000508,0.040022,0.080262,0.020538,0.001529,2.000000,2.000000,2.000000,0.000000,0.057491,0.000508
0.020000,2.016501,2.049414,1.998983,0.087465,-0.016116,-0.000646,0.090233,0.193874,0.014263,0.001197,2.000000,2.000000,2.000000,0.000000,0.052106,0.000646
0.020000,2.013834,2.042568,1.999090,0.079955,-0.015204,0.000014,0.140578,0.295933,0.012124,-0.003091,2.000000,2.000000,2.000000,0.000000,0.044769,0.000014
0.020000,2.010400,2.034300,1.998814,0.073151,-0.011518,0.000345,0.185390,0.381160,0.021839,-0.001748,2.000000,2.000000,2.000000,0.000000,0.035861,0.000345
0.020000,2.006428,2.024899,1.998403,0.065902,-0.006989,0.000467,0.218477,0.452141,0.025972,-0.000835,2.000000,2.000000,2.000000,0.000000,0.025765,0.000467
0.020000,2.002175,2.014723,1.998316,0.057543,-0.003044,0.000648,0.238238,0.504747,0.018446,-0.001250,2.000000,2.000000,2.000000,0.000000,0.014978,0.000648
0.020000,1.997932,2.004239,1.998557,0.049772,0.000970,0.000683,0.242417,0.532603,0.010124,-0.000577,2.000000,2.000000,2.000000,0.000000,0.004933,0.000683
0.020000,1.993994,1.993944,1.998669,0.042333,0.004789,0.000770,0.230495,0.533812,0.012986,-0.000897,2.000000,2.000000,2.000000,0.000000,0.008633,0.000770
0.020000,1.990567,1.984291,1.998776,0.035114,0.009436,0.000824,0.207009,0.510192,0.012916,-0.000786,2.000000,2.000000,2.000000,0.000000,0.018365,0.000824
0.020000,1.987860,1.975716,1.999162,0.027405,0.010899,0.000593,0.171392,0.462220,0.005446,0.000744,2.000000,2.000000,2.000000,0.000000,0.027162,0.000593
0.020000,1.986033,1.968644,1.999690,0.021942,0.011970,0.000724,0.126540,0.389975,0.000976,-0.001098,2.000000,2.000000,2.000000,0.000000,0.034327,0.000724
0.020000,1.985190,1.963390,2.000139,0.018565,0.013602,0.000658,0.074868,0.299019,0.001901,-0.000111,2.000000,2.000000,2.000000,0.000000,0.039492,0.000658
0.020000,1.985348,1.960162,2.000377,0.016834,0.014114,0.000696,0.021213,0.194760,0.006442,-0.000641,2.000000,2.000000,2.000000,0.000000,0.042449,0.000696
0.020000,1.986454,1.959048,2.000275,0.016852,0.013573,0.000916,-0.030571,0.083435,0.014794,-0.001682,2.000000,2.000000,2.000000,0.000000,0.043135,0.000916
0.020000,1.988446,1.959987,2.000024,0.020106,0.013850,0.000765,-0.080128,-0.026727,0.018840,0.000204,2.000000,2.000000,2.000000,0.000000,0.041648,0.000765
0.020000,1.991262,1.962776,2.000152,0.024676,0.013205,0.000504,-0.127241,-0.128221,0.009541,0.000906,2.000000,2.000000,2.000000,0.000000,0.038236,0.000504
0.020000,1.994767,1.967181,2.000508,0.029826,0.011210,0.000780,-0.168038,-0.218897,0.003346,-0.001873,2.000000,2.000000,2.000000,0.000000,0.033237,0.000780
0.020000,1.998779,1.972906,2.000529,0.035295,0.008077,0.000811,-0.199655,-0.295229,0.011304,-0.000725,2.000000,2.000000,2.000000,0.000000,0.027127,0.000811
0.020000,2.003060,1.979582,2.000182,0.040740,0.003940,0.000620,-0.218760,-0.353109,0.020783,0.000469,2.000000,2.000000,2.000000,0.000000,0.020647,0.000620
0.020000,2.007341,1.986774,1.999904,0.046556,-0.000125,0.000461,-0.223607,-0.388292,0.019722,0.000417,2.000000,2.000000,2.000000,0.000000,0.015127,0.000461
0.020000,2.011364,1.994065,1.999402,0.052752,-0.003812,0.000294,-0.214247,-0.401411,0.026147,0.000577,2.000000,2.000000,2.000000,0.000000,0.012834,0.000294
0.020000,2.014915,2.001074,1.999105,0.058429,-0.008203,-0.000018,-0.193064,-0.393942,0.021871,0.001486,2.000000,2.000000,2.000000,0.000000,0.014981,0.000018
0.020000,2.017759,2.007511,1.999322,0.063686,-0.010159,-0.000086,-0.158551,-0.370439,0.009154,0.000361,2.000000,2.000000,2.000000,0.000000,0.019294,0.000086
0.020000,2.019686,2.013190,1.999766,0.069111,-0.010557,-0.000071,-0.111923,-0.336189,0.002823,-0.000045,2.000000,2.000000,2.000000,0.000000,0.023698,0.000071
0.020000,2.020530,2.017980,2.000166,0.072951,-0.011339,-0.000214,-0.055117,-0.294104,0.003032,0.000817,2.000000,2.000000,2.000000,0.000000,0.027291,0.000214
0.020000,2.020200,2.021788,2.000397,0.075425,-0.011523,-0.000192,0.007758,-0.246024,0.006567,0.000009,2.000000,2.000000,2.000000,0.000000,0.029714,0.000192
0.020000,2.018713,2.024511,2.000511,0.077374,-0.010181,-0.000140,0.070983,-0.191277,0.009137,-0.000171,2.000000,2.000000,2.000000,0.000000,0.030842,0.000140
0.020000,2.016180,2.026049,2.000610,0.078355,-0.007981,-0.000035,0.129489,-0.129971,0.009271,-0.000494,2.000000,2.000000,2.000000,0.000000,0.030671,0.000035
0.020000,2.012794,2.026321,2.000748,0.078057,-0.005266,0.000101,0.178654,-0.062976,0.008047,-0.000741,2.000000,2.000000,2.000000,0.000000,0.029275,0.000101
0.020000,2.008824,2.025248,2.000921,0.076598,-0.002020,0.000241,0.214109,0.009725,0.006820,-0.000860,2.000000,2.000000,2.000000,0.000000,0.026762,0.000241
0.020000,2.004592,2.022765,2.001104,0.073986,0.001491,0.000394,0.232655,0.087596,0.006201,-0.001037,2.000000,2.000000,2.000000,0.000000,0.023249,0.000394
0.020000,2.000433,2.018861,2.001207,0.069948,0.004651,0.000592,0.233294,0.167568,0.007863,-0.001388,2.000000,2.000000,2.000000,0.000000,0.018904,0.000592
0.020000,1.996667,2.013603,2.001283,0.065115,0.007830,0.000596,0.216427,0.245668,0.008336,-0.000472,2.000000,2.000000,2.000000,0.000000,0.014064,0.000596
0.020000,1.993554,2.007132,2.001332,0.058525,0.011525,0.000644,0.184982,0.317641,0.008865,-0.000722,2.000000,2.000000,2.000000,0.000000,0.009705,0.000644
0.020000,1.991296,1.999736,2.001422,0.052514,0.013074,0.000685,0.141727,0.375340,0.007674,-0.000722,2.000000,2.000000,2.000000,0.000000,0.008823,0.000685
0.020000,1.990005,1.991805,2.001588,0.046231,0.013720,0.000578,0.091479,0.412906,0.005485,0.000056,2.000000,2.000000,2.000000,0.000000,0.013022,0.000578
0.020000,1.989737,1.983780,2.001814,0.039454,0.013988,0.000588,0.037087,0.427134,0.003558,-0.000516,2.000000,2.000000,2.000000,0.000000,0.019280,0.000588
0.020000,1.990485,1.976083,2.002052,0.033030,0.013277,0.000495,-0.018102,0.418458,0.002755,0.000037,2.000000,2.000000,2.000000,0.000000,0.025822,0.000495
0.020000,1.992179,1.969100,2.002232,0.027216,0.011500,0.000449,-0.070529,0.388434,0.003723,-0.000159,2.000000,2.000000,2.000000,0.000000,0.031952,0.000449
0.020000,1.994733,1.963129,2.002372,0.021627,0.008518,0.000337,-0.119459,0.341503,0.004340,0.000230,2.000000,2.000000,2.000000,0.000000,0.037320,0.000337
0.020000,1.998006,1.958413,2.002516,0.018116,0.006002,0.000297,-0.161607,0.280283,0.003930,-0.000087,2.000000,2.000000,2.000000,0.000000,0.041711,0.000297
0.020000,2.001816,1.955119,2.002674,0.015757,0.002926,0.000231,-0.194616,0.208591,0.003200,0.000079,2.000000,2.000000,2.000000,0.000000,0.044998,0.000231
0.020000,2.005946,1.953340,2.002850,0.014363,-0.000758,0.000146,-0.216455,0.130288,0.002378,0.000229,2.000000,2.000000,2.000000,0.000000,0.047124,0.000146
0.020000,2.010163,1.953102,2.003025,0.014458,-0.004348,0.000105,-0.225950,0.048932,0.001988,0.000043,2.000000,2.000000,2.000000,0.000000,0.048082,0.000105
0.020000,2.014210,1.954407,2.003171,0.016036,-0.007658,0.000051,-0.221545,-0.034199,0.002342,0.000145,2.000000,2.000000,2.000000,0.000000,0.047861,0.000051
0.020000,2.017814,1.957235,2.003284,0.018849,-0.010697,-0.000023,-0.202176,-0.118011,0.002829,0.000295,2.000000,2.000000,2.000000,0.000000,0.046443,0.000023
0.020000,2.020750,1.961565,2.003362,0.023586,-0.013885,-0.000107,-0.169909,-0.202413,0.003465,0.000402,2.000000,2.000000,2.000000,0.000000,0.043808,0.000107
0.020000,2.022808,1.967300,2.003426,0.028349,-0.015190,-0.000128,-0.125577,-0.283306,0.003604,0.000110,2.000000,2.000000,2.000000,0.000000,0.040015,0.000128
0.020000,2.023841,1.974274,2.003492,0.034021,-0.015644,-0.000149,-0.072205,-0.356750,0.003370,0.000130,2.000000,2.000000,2.000000,0.000000,0.035248,0.000149
0.020000,2.023767,1.982231,2.003570,0.040390,-0.015560,-0.000145,-0.013272,-0.417692,0.002867,0.000007,2.000000,2.000000,2.000000,0.000000,0.029889,0.000145
0.020000,2.022600,1.990880,2.003646,0.046500,-0.014473,-0.000108,0.046096,-0.463997,0.002699,-0.000176,2.000000,2.000000,2.000000,0.000000,0.024642,0.000108
0.020000,2.020452,1.999923,2.003700,0.052328,-0.012486,-0.000036,0.100576,-0.494934,0.003065,-0.000393,2.000000,2.000000,2.000000,0.000000,0.020784,0.000036
0.020000,2.017520,2.009037,2.003725,0.058036,-0.009928,0.000066,0.145412,-0.508908,0.003631,-0.000604,2.000000,2.000000,2.000000,0.000000,0.020062,0.000066
0.020000,2.014069,2.017875,2.003728,0.063589,-0.006979,0.000185,0.176547,-0.504106,0.004126,-0.000775,2.000000,2.000000,2.000000,0.000000,0.023051,0.000185
0.020000,2.010416,2.026068,2.003712,0.068966,-0.003851,0.000318,0.191061,-0.478978,0.004525,-0.000941,2.000000,2.000000,2.000000,0.000000,0.028316,0.000318
0.020000,2.006861,2.033273,2.003683,0.074765,-0.000150,0.000499,0.189471,-0.434626,0.004863,-0.001296,2.000000,2.000000,2.000000,0.000000,0.034172,0.000499
0.020000,2.003712,2.039142,2.003636,0.079375,0.002197,0.000581,0.170967,-0.370245,0.005324,-0.000887,2.000000,2.000000,2.000000,0.000000,0.039485,0.000581
0.020000,2.001243,2.043365,2.003574,0.082506,0.004016,0.000635,0.137108,-0.287454,0.005771,-0.000796,2.000000,2.000000,2.000000,0.000000,0.043529,0.000635
0.020000,1.999677,2.045753,2.003474,0.084342,0.005560,0.000639,0.090393,-0.192634,0.006821,-0.000562,2.000000,2.000000,2.000000,0.000000,0.045886,0.000639
0.020000,1.999152,2.046284,2.003199,0.084316,0.006302,0.000435,0.035147,-0.094590,0.011536,0.000572,2.000000,2.000000,2.000000,0.000000,0.046402,0.000435
0.020000,1.999711,2.045083,2.002603,0.082813,0.006032,0.000131,-0.023584,-0.001367,0.020388,0.001258,2.000000,2.000000,2.000000,0.000000,0.045159,0.000131
0.020000,2.001326,2.042344,2.002092,0.079560,0.005349,0.000352,-0.082031,0.083173,0.019415,-0.001414,2.000000,2.000000,2.000000,0.000000,0.042416,0.000352
0.020000,2.003920,2.038340,2.001989,0.075259,0.003821,0.000112,-0.137508,0.154478,0.009861,0.000967,2.000000,2.000000,2.000000,0.000000,0.038591,0.000112
0.020000,2.007342,2.033398,2.002195,0.070682,0.001025,-0.000024,-0.185952,0.209360,0.002007,0.000559,2.000000,2.000000,2.000000,0.000000,0.034266,0.000024
0.020000,2.011384,2.027851,2.002484,0.066024,-0.002694,-0.000124,-0.223837,0.247115,-0.000620,0.000456,2.000000,2.000000,2.000000,0.000000,0.030190,0.000124
0.020000,2.015789,2.022020,2.002787,0.061326,-0.006794,-0.000226,-0.248603,0.268170,-0.001618,0.000544,2.000000,2.000000,2.000000,0.000000,0.027239,0.000226
0.020000,2.020287,2.016231,2.003088,0.056708,-0.010981,-0.000311,-0.258928,0.271756,-0.002231,0.000521,2.000000,2.000000,2.000000,0.000000,0.026164,0.000311
0.020000,2.024593,2.010823,2.003033,0.052230,-0.014831,-0.000827,-0.254069,0.256756,0.006322,0.002961,2.000000,2.000000,2.000000,0.000000,0.027040,0.000827
0.020000,2.028474,2.006080,2.002793,0.047743,-0.019014,-0.000603,-0.236071,0.226127,0.011188,-0.000749,2.000000,2.000000,2.000000,0.000000,0.029250,0.000603
0.020000,2.031719,2.002301,2.002615,0.045432,-0.021866,-0.000880,-0.206193,0.178334,0.010052,0.001865,2.000000,2.000000,2.000000,0.000000,0.031909,0.000880
0.020000,2.034162,1.999775,2.002361,0.045754,-0.025560,-0.001236,-0.166663,0.113772,0.012358,0.002497,2.000000,2.000000,2.000000,0.000000,0.034245,0.001236
0.020000,2.035645,1.998717,2.001956,0.045741,-0.027540,-0.001201,-0.117469,0.036214,0.016786,0.000612,2.000000,2.000000,2.000000,0.000000,0.035722,0.001201
0.020000,2.036110,1.999299,2.001471,0.046100,-0.027464,-0.001367,-0.064083,-0.052383,0.019684,0.001703,2.000000,2.000000,2.000000,0.000000,0.036147,0.001367
0.020000,2.035568,2.001586,2.001153,0.048432,-0.026859,-0.001161,-0.010209,-0.146443,0.016323,-0.000212,2.000000,2.000000,2.000000,0.000000,0.035622,0.001161
0.020000,2.034081,2.005532,2.001168,0.052289,-0.025725,-0.001051,0.041429,-0.239798,0.008340,0.000178,2.000000,2.000000,2.000000,0.000000,0.034547,0.001051
0.020000,2.031775,2.010999,2.001430,0.056898,-0.023574,-0.000890,0.087113,-0.327687,0.001884,-0.000165,2.000000,2.000000,2.000000,0.000000,0.033655,0.000890
0.020000,2.028827,2.017766,2.001719,0.062469,-0.020835,-0.000660,0.124078,-0.405228,0.000610,-0.000654,2.000000,2.000000,2.000000,0.000000,0.033905,0.000660
0.020000,2.025433,2.025517,2.001889,0.067960,-0.017853,-0.000482,0.150997,-0.467147,0.003064,-0.000523,2.000000,2.000000,2.000000,0.000000,0.036077,0.000482
0.020000,2.021806,2.033912,2.001932,0.073400,-0.014676,-0.000249,0.166855,-0.511658,0.005978,-0.000945,2.000000,2.000000,2.000000,0.000000,0.040364,0.000249
0.020000,2.018160,2.042593,2.001916,0.078547,-0.011461,-0.000042,0.171272,-0.537531,0.007400,-0.000970,2.000000,2.000000,2.000000,0.000000,0.046343,0.000042
0.020000,2.014699,2.051251,2.001121,0.083566,-0.008257,0.000173,0.164607,-0.545989,0.027610,-0.001157,2.000000,2.000000,2.000000,0.000000,0.053329,0.000173
0.020000,2.011526,2.059458,2.000090,0.088495,-0.004876,0.000418,0.152140,-0.530731,0.035419,-0.001474,2.000000,2.000000,2.000000,0.000000,0.060565,0.000418
0.020000,2.008755,2.066737,1.999890,0.093719,-0.003579,0.000756,0.133206,-0.488863,0.015989,-0.002165,2.000000,2.000000,2.000000,0.000000,0.067309,0.000756
0.020000,2.006511,2.072724,2.000379,0.098512,-0.002300,0.000534,0.107373,-0.425911,-0.001496,0.000671,2.000000,2.000000,2.000000,0.000000,0.073016,0.000534
0.020000,2.004879,2.077098,2.000899,0.102411,-0.000606,0.000806,0.076080,-0.343993,-0.003309,-0.001894,2.000000,2.000000,2.000000,0.000000,0.077257,0.000806
0.020000,2.003884,2.079530,2.001085,0.104097,0.000163,0.000784,0.042923,-0.242378,0.004240,-0.000474,2.000000,2.000000,2.000000,0.000000,0.079632,0.000784
0.020000,2.003502,2.079772,2.000982,0.104332,0.000180,0.000695,0.010456,-0.125050,0.011354,-0.000101,2.000000,2.000000,2.000000,0.000000,0.079855,0.000695
0.020000,2.003669,2.077749,2.000675,0.102278,0.000501,0.000580,-0.019230,-0.001149,0.016849,0.000101,2.000000,2.000000,2.000000,0.000000,0.077838,0.000580
0.020000,2.004250,2.073812,2.000330,0.096843,0.002420,0.000723,-0.042052,0.105847,0.018469,-0.001245,2.000000,2.000000,2.000000,0.000000,0.073935,0.000723
0.020000,2.005063,2.068597,2.000246,0.090548,0.003739,0.000871,-0.055502,0.180179,0.012403,-0.001380,2.000000,2.000000,2.000000,0.000000,0.068784,0.000871
0.020000,2.005951,2.062596,2.000209,0.084488,0.003603,0.000377,-0.060690,0.228820,0.011372,0.002041,2.000000,2.000000,2.000000,0.000000,0.062879,0.000377
0.020000,2.006877,2.055921,1.999850,0.079792,0.000912,0.000034,-0.063949,0.272282,0.019787,0.001561,2.000000,2.000000,2.000000,0.000000,0.056342,0.000034
0.020000,2.007850,2.048334,1.999324,0.073257,-0.000725,0.000006,-0.067785,0.329436,0.024898,0.000063,2.000000,2.000000,2.000000,0.000000,0.048972,0.000006
0.020000,2.008891,2.039736,1.999129,0.064683,-0.000614,0.000168,-0.072635,0.393082,0.017413,-0.000963,2.000000,2.000000,2.000000,0.000000,0.040728,0.000168
0.020000,2.009924,2.030450,1.999160,0.055647,0.000046,-0.000195,-0.073797,0.440013,0.011951,0.001809,2.000000,2.000000,2.000000,0.000000,0.032038,0.000195
0.020000,2.010828,2.020995,1.999112,0.047686,-0.002210,0.000626,-0.067724,0.459442,0.013969,-0.004446,2.000000,2.000000,2.000000,0.000000,0.023640,0.000626
0.020000,2.011454,2.011845,1.998771,0.041316,-0.004849,0.000163,-0.053943,0.452930,0.021691,0.002035,2.000000,2.000000,2.000000,0.000000,0.016523,0.000163
0.020000,2.011674,2.003399,1.998299,0.035543,-0.004998,-0.000158,-0.032860,0.424317,0.025809,0.001577,2.000000,2.000000,2.000000,0.000000,0.012277,0.000158
0.020000,2.011467,1.996080,1.998223,0.030006,-0.004647,0.000396,-0.009727,0.371767,0.016547,-0.003011,2.000000,2.000000,2.000000,0.000000,0.012248,0.000396
0.020000,2.010958,1.990363,1.998662,0.026737,-0.005461,-0.000021,0.006610,0.292236,0.003372,0.001942,2.000000,2.000000,2.000000,0.000000,0.014654,0.000021
0.020000,2.010178,1.986508,1.999304,0.024827,-0.005406,0.000183,0.021766,0.196721,-0.002812,-0.001186,2.000000,2.000000,2.000000,0.000000,0.016915,0.000183
0.020000,2.008939,1.984451,1.999745,0.024286,-0.004662,0.000081,0.047550,0.102785,0.001071,0.000356,2.000000,2.000000,2.000000,0.000000,0.017937,0.000081
0.020000,2.006983,1.983931,1.999649,0.025331,-0.003843,-0.000280,0.087947,0.021301,0.014108,0.001853,2.000000,2.000000,2.000000,0.000000,0.017525,0.000280
0.020000,2.004247,1.984691,1.999540,0.027933,-0.002850,0.000346,0.132702,-0.048002,0.014649,-0.003329,2.000000,2.000000,2.000000,0.000000,0.015894,0.000346
0.020000,2.000822,1.986488,1.999827,0.031127,-0.000926,0.000130,0.173397,-0.105263,0.004592,0.000868,2.000000,2.000000,2.000000,0.000000,0.013538,0.000130
0.020000,1.996887,1.989084,2.000382,0.034495,0.001850,0.000317,0.205086,-0.150749,-0.002963,-0.001200,2.000000,2.000000,2.000000,0.000000,0.011358,0.000317
0.020000,1.992686,1.992249,2.000921,0.038210,0.004969,0.000490,0.224079,-0.184597,-0.003743,-0.001259,2.000000,2.000000,2.000000,0.000000,0.010697,0.000490
0.020000,1.988502,1.995752,2.001407,0.042212,0.007967,0.000641,0.227886,-0.206445,-0.003469,-0.001267,2.000000,2.000000,2.000000,0.000000,0.012338,0.000641
0.020000,1.984603,1.999362,2.001405,0.046573,0.010603,0.000213,0.217332,-0.216035,0.008143,0.001812,2.000000,2.000000,2.000000,0.000000,0.015474,0.000213
0.020000,1.981233,2.002908,2.000886,0.050615,0.013845,0.001153,0.192827,-0.216663,0.021537,-0.005422,2.000000,2.000000,2.000000,0.000000,0.019012,0.001153
0.020000,1.978688,2.006250,2.000494,0.053682,0.015715,0.000620,0.151904,-0.209330,0.019339,0.002013,2.000000,2.000000,2.000000,0.000000,0.022215,0.000620
0.020000,1.977224,2.009280,2.000572,0.056783,0.016392,0.000773,0.095977,-0.196126,0.007942,-0.001393,2.000000,2.000000,2.000000,0.000000,0.024600,0.000773
0.020000,1.977028,2.011952,2.000812,0.059712,0.016160,0.000607,0.028726,-0.180003,0.003560,0.000249,2.000000,2.000000,2.000000,0.000000,0.025908,0.000607
0.020000,1.978179,2.014208,2.001027,0.063533,0.013474,0.000445,-0.044231,-0.160413,0.003689,0.000334,2.000000,2.000000,2.000000,0.000000,0.026059,0.000445
0.020000,1.980636,2.015977,2.000998,0.066755,0.009676,0.000027,-0.116530,-0.136621,0.009557,0.001858,2.000000,2.000000,2.000000,0.000000,0.025124,0.000027
0.020000,1.984321,2.017219,2.000867,0.067262,0.007119,0.000087,-0.186053,-0.110032,0.012271,-0.000480,2.000000,2.000000,2.000000,0.000000,0.023304,0.000087
0.020000,1.989094,2.017907,2.000860,0.067338,0.003643,-0.000142,-0.249368,-0.081593,0.009301,0.001069,2.000000,2.000000,2.000000,0.000000,0.020985,0.000142
0.020000,1.994699,2.017978,2.001032,0.067544,-0.001185,-0.000394,-0.300025,-0.048937,0.004651,0.001357,2.000000,2.000000,2.000000,0.000000,0.018771,0.000394
0.020000,2.000816,2.017347,2.001284,0.066881,-0.006198,-0.000544,-0.334101,-0.010635,0.002194,0.000981,2.000000,2.000000,2.000000,0.000000,0.017413,0.000544
0.020000,2.007072,2.015908,2.001498,0.065301,-0.011095,-0.000782,-0.348594,0.034200,0.002628,0.001573,2.000000,2.000000,2.000000,0.000000,0.017473,0.000782
0.020000,2.013070,2.013543,2.001638,0.063055,-0.015933,-0.000923,-0.341667,0.086415,0.004100,0.001215,2.000000,2.000000,2.000000,0.000000,0.018893,0.000923
0.020000,2.018425,2.010158,2.001733,0.059996,-0.020291,-0.001056,-0.313403,0.144914,0.004934,0.001282,2.000000,2.000000,2.000000,0.000000,0.021111,0.001056
0.020000,2.022824,2.005670,2.001827,0.055345,-0.024470,-0.001169,-0.267520,0.208944,0.004745,0.001272,2.000000,2.000000,2.000000,0.000000,0.023589,0.001169
0.020000,2.026002,2.000092,2.001937,0.050868,-0.026629,-0.001133,-0.206060,0.273647,0.004096,0.000548,2.000000,2.000000,2.000000,0.000000,0.026074,0.001133
0.020000,2.027768,1.993519,2.002061,0.045619,-0.027667,-0.001106,-0.132949,0.334440,0.003487,0.000576,2.000000,2.000000,2.000000,0.000000,0.028589,0.001106
0.020000,2.028013,1.986141,2.002201,0.039441,-0.027759,-0.001054,-0.052233,0.386090,0.002751,0.000435,2.000000,2.000000,2.000000,0.000000,0.031331,0.001054
0.020000,2.026725,1.978226,2.002352,0.033016,-0.026461,-0.000939,0.030792,0.424104,0.002179,0.000060,2.000000,2.000000,2.000000,0.000000,0.034552,0.000939
0.020000,2.023994,1.970113,2.002499,0.026590,-0.023880,-0.000840,0.110655,0.444349,0.001892,0.000075,2.000000,2.000000,2.000000,0.000000,0.038408,0.000840
0.020000,2.020002,1.962192,2.002641,0.020288,-0.020315,-0.000737,0.182318,0.443598,0.001691,-0.000011,2.000000,2.000000,2.000000,0.000000,0.042854,0.000737
0.020000,2.014993,1.954851,2.002778,0.014418,-0.015925,-0.000649,0.241957,0.421563,0.001493,0.000006,2.000000,2.000000,2.000000,0.000000,0.047655,0.000649
0.020000,2.009223,1.948394,2.002911,0.008634,-0.010244,-0.000569,0.288979,0.382297,0.001265,-0.000000,2.000000,2.000000,2.000000,0.000000,0.052504,0.000569
0.020000,2.002990,1.943092,2.003036,0.004833,-0.005239,-0.000535,0.320509,0.327498,0.001159,0.000195,2.000000,2.000000,2.000000,0.000000,0.057067,0.000535
0.020000,1.996613,1.939161,2.003148,0.002140,-0.000104,-0.000493,0.335336,0.259619,0.001173,0.000135,2.000000,2.000000,2.000000,0.000000,0.061015,0.000493
0.020000,1.990417,1.936778,2.003261,0.000440,0.005207,-0.000452,0.332571,0.180634,0.000871,0.000118,2.000000,2.000000,2.000000,0.000000,0.064028,0.000452
0.020000,1.984711,1.936059,2.003375,0.000274,0.009989,-0.000432,0.312856,0.093600,0.000554,0.000207,2.000000,2.000000,2.000000,0.000000,0.065830,0.000432
0.020000,1.979789,1.937030,2.003563,0.003411,0.015796,-0.000489,0.276650,0.003317,-0.001646,0.000618,2.000000,2.000000,2.000000,0.000000,0.066230,0.000489
0.020000,1.975888,1.939649,2.003710,0.006135,0.019039,-0.000299,0.226719,-0.086544,-0.001036,-0.000692,2.000000,2.000000,2.000000,0.000000,0.065096,0.000299
0.020000,1.973125,1.943862,2.003739,0.009127,0.020311,-0.000331,0.169239,-0.175366,0.001652,0.000396,2.000000,2.000000,2.000000,0.000000,0.062352,0.000331
0.020000,1.971582,1.949514,2.003726,0.014183,0.021432,-0.000304,0.106126,-0.257535,0.002648,0.000096,2.000000,2.000000,2.000000,0.000000,0.058054,0.000304
