t,u,y,cross1,cross2
0.0,0.0,0.0,0.0,-0.04072115570306778
0.004166666666666667,0.0,0.0,0.0,-0.0807088166475296
0.008333333333333333,0.0,0.0,0.0,-0.11952421814203262
0.0125,0.0,0.0,0.0,-0.15681280195713043
0.016666666666666666,0.0,0.0,0.0,-0.19229675829410553
0.020833333333333332,0.0,0.0,0.0,-0.2257671058177948
0.025,0.0,0.0,0.0,-0.25707584619522095
0.029166666666666667,0.0,0.0,0.0,-0.28612813353538513
0.03333333333333333,0.0,0.0,0.0,-0.3128749132156372
0.0375,0.0,0.0,0.0,-0.3373059332370758
0.041666666666666664,0.0,0.0,0.0,-0.35944312810897827
0.04583333333333333,0.0,0.0,0.0,-0.3793348968029022
0.05,0.0,0.0,0.0,-0.3970506191253662
0.05416666666666667,0.0,0.0,0.0,-0.41267597675323486
0.058333333333333334,0.0,0.0,0.0,-0.42630884051322937
0.0625,0.0,0.0,0.0,-0.4380556046962738
0.06666666666666667,0.0,0.0,0.0,-0.44802817702293396
0.07083333333333333,0.0,0.0,0.0,-0.45634129643440247
0.075,0.0,0.0,0.0,-0.4631105363368988
0.07916666666666666,0.0,0.0,0.0,-0.4684503674507141
0.08333333333333333,0.0,0.0,0.0,-0.4724729359149933
0.0875,0.0,0.0,0.0,-0.4752868413925171
0.09166666666666666,0.0,0.0,0.0,-0.47699642181396484
0.09583333333333333,0.0,0.0,0.0,-0.47770100831985474
0.1,0.0,0.0,0.0,-0.4774947762489319
0.10416666666666667,0.0,0.0,0.0,-0.47646620869636536
0.10833333333333334,0.0,0.0,0.0,-0.4746982157230377
0.1125,0.0,0.0,0.0,-0.47226810455322266
0.11666666666666667,0.0,0.0,0.0,-0.4692475199699402
0.12083333333333333,0.0,0.0,0.0,-0.46570271253585815
0.125,0.0,0.0,0.0,-0.46169477701187134
0.12916666666666665,0.0,0.0,0.0,-0.4572798013687134
0.13333333333333333,0.0,0.0,0.0,-0.4525090754032135
0.1375,0.0,0.0,0.0,-0.4474295675754547
0.14166666666666666,0.0,0.0,0.0,-0.4420839548110962
0.14583333333333334,0.0,0.0,0.0,-0.4365110993385315
0.15,0.0,0.0,0.0,-0.4307461977005005
0.15416666666666667,0.0,0.0,0.0,-0.4248211085796356
0.15833333333333333,0.0,0.0,0.0,-0.418764591217041
0.1625,0.0,0.0,0.0,-0.41260260343551636
0.16666666666666666,0.0,0.0,0.0,-0.4063584506511688
0.17083333333333334,0.0,0.0,0.0,-0.4000530540943146
0.175,0.0,0.0,0.0,-0.3937051296234131
0.17916666666666667,0.0,0.0,0.0,-0.38733145594596863
0.18333333333333332,0.0,0.0,0.0,-0.3809469938278198
0.1875,0.0,0.0,0.0,-0.3745650053024292
0.19166666666666665,0.0,0.0,0.0,-0.3681972920894623
0.19583333333333333,0.0,0.0,0.0,-0.36185431480407715
0.2,0.0,0.0,0.0,-0.3555452525615692
0.20416666666666666,0.0,0.0,0.0,-0.3492782413959503
0.20833333333333334,0.0,0.0,0.0,-0.3430604040622711
0.2125,0.0,0.0,0.0,-0.33689790964126587
0.21666666666666667,0.0,0.0,0.0,-0.33079615235328674
0.22083333333333333,0.0,0.0,0.0,-0.3247598111629486
0.225,0.0,0.0,0.0,-0.31879284977912903
0.22916666666666666,0.0,0.0,0.0,-0.312898725271225
0.23333333333333334,0.0,0.0,0.0,-0.30708029866218567
0.2375,0.0,0.0,0.0,-0.30133992433547974
0.24166666666666667,0.0,0.0,0.0,-0.29567965865135193
0.24583333333333332,0.0,0.0,0.0,-0.290101021528244
0.25,0.0,0.0,0.0,-0.28460532426834106
0.25416666666666665,0.0,0.0,0.0,-0.2791934907436371
0.2583333333333333,0.0,0.0,0.0,-0.2738661766052246
0.2625,0.0,0.0,0.0,-0.26862385869026184
0.26666666666666666,0.0,0.0,0.0,-0.2634667456150055
0.2708333333333333,0.0,0.0,0.0,-0.25839489698410034
0.275,0.0,0.0,0.0,-0.25340813398361206
0.2791666666666667,0.0,0.0,0.0,-0.24850623309612274
0.2833333333333333,0.0,0.0,0.0,-0.24368873238563538
0.2875,0.0,0.0,0.0,-0.23895512521266937
0.2916666666666667,0.0,0.0,0.0,-0.23430480062961578
0.29583333333333334,0.0,0.0,0.0,-0.2297370284795761
0.3,0.0,0.0,0.0,-0.22525103390216827
0.30416666666666664,0.0,0.0,0.0,-0.22084593772888184
0.30833333333333335,0.0,0.0,0.0,-0.21652086079120636
0.3125,0.0,0.0,0.0,-0.21227481961250305
0.31666666666666665,0.0,0.0,0.0,-0.20810683071613312
0.3208333333333333,0.0,0.0,0.0,-0.2040158361196518
0.325,0.0,0.0,0.0,-0.2000008076429367
0.32916666666666666,0.0,0.0,0.0,-0.1960606426000595
0.3333333333333333,0.0,0.0,0.0,-0.19219423830509186
0.3375,0.0,0.0,0.0,-0.1884004920721054
0.3416666666666667,0.0,0.0,0.0,-0.18467824161052704
0.3458333333333333,0.0,0.0,0.0,-0.1810263991355896
0.35,0.0,0.0,0.0,-0.17744380235671997
0.3541666666666667,0.0,0.0,0.0,-0.17392930388450623
0.35833333333333334,0.0,0.0,0.0,-0.17048180103302002
0.3625,0.0,0.0,0.0,-0.16710011661052704
0.36666666666666664,0.0,0.0,0.0,-0.16378316283226013
0.37083333333333335,0.0,0.0,0.0,-0.16052977740764618
0.375,0.0,0.0,0.0,-0.15733888745307922
0.37916666666666665,0.0,0.0,0.0,-0.15420936048030853
0.3833333333333333,0.0,0.0,0.0,-0.15114009380340576
0.3875,0.0,0.0,0.0,-0.14813002943992615
0.39166666666666666,0.0,0.0,0.0,-0.14517807960510254
0.3958333333333333,0.0,0.0,0.0,-0.14228320121765137
0.4,0.0,0.0,0.0,-0.13944432139396667
0.4041666666666667,0.0,0.0,0.0,-0.13666042685508728
0.4083333333333333,0.0,0.0,0.0,-0.1339304894208908
0.4125,0.0,0.0,0.0,-0.13125351071357727
0.4166666666666667,0.0,0.0,0.0,-0.12862850725650787
0.42083333333333334,0.0,0.0,0.0,-0.12605449557304382
0.425,0.0,0.0,0.0,-0.12353051453828812
0.42916666666666664,0.0,0.0,0.0,-0.12105562537908554
0.43333333333333335,0.0,0.0,0.0,-0.11862889677286148
0.4375,0.0,0.0,0.0,-0.11624941974878311
0.44166666666666665,0.0,0.0,0.0,-0.11391628533601761
0.4458333333333333,0.0,0.0,0.0,-0.11162861436605453
0.45,0.0,0.0,0.0,-0.10938553512096405
0.45416666666666666,0.0,0.0,0.0,-0.1071861982345581
0.4583333333333333,0.0,0.0,0.0,-0.10502976179122925
0.46249999999999997,0.0,0.0,0.0,-0.10291540622711182
0.4666666666666667,0.0,0.0,0.0,-0.10084231942892075
0.4708333333333333,0.0,0.0,0.0,-0.09880970418453217
0.475,0.0,0.0,0.0,-0.096816785633564
0.4791666666666667,0.0,0.0,0.0,-0.09486278891563416
0.48333333333333334,0.0,0.0,0.0,-0.09294696897268295
0.4875,0.0,0.0,0.0,-0.0910685807466507
0.49166666666666664,0.0,0.0,0.0,-0.08922690153121948
0.49583333333333335,0.0,0.0,0.0,-0.0874212235212326
0.5,0.15,0.0,0.0,-0.08592665195465088
0.5041666666666667,0.15,1.7011894669849426e-05,2.6954058254576057e-25,-0.08498095721006393
0.5083333333333333,0.15,5.000815508537926e-05,1.4578507474120042e-24,-0.0839809849858284
0.5125,0.15,9.722218237584457e-05,2.2710177390218464e-24,-0.08293233811855316
0.5166666666666666,0.15,0.00015643743972759694,5.150644821865324e-24,-0.08184175938367844
0.5208333333333334,0.15,0.00022513212752528489,9.718684310788722e-24,-0.08071558177471161
0.525,0.15,0.00030063276062719524,2.084412218575273e-23,-0.0795598030090332
0.5291666666666667,0.15,0.00038026869879104197,4.2334750593213907e-23,-0.07838012278079987
0.5333333333333333,0.15,0.0004615192592609674,7.806114396363174e-23,-0.0771818533539772
0.5375,0.15,0.0005421445821411908,1.0600895860089968e-22,-0.07596985995769501
0.5416666666666666,0.15,0.0006202947115525603,-9.371939376560898e-21,-0.07474847137928009
0.5458333333333333,0.15,0.0006945905624888837,-4.255329848641896e-20,-0.07352139055728912
0.55,0.15,0.0007641746778972447,-1.0887132795042448e-19,-0.07229173183441162
0.5541666666666667,0.15,0.000828729709610343,-2.0354721553837038e-19,-0.07106201350688934
0.5583333333333333,0.15,0.0008884657290764153,-3.4081092347861227e-19,-0.06983429938554764
0.5625,0.15,0.0009440790163353086,-5.158171637849383e-19,-0.06861025094985962
0.5666666666666667,0.15,0.0009966858197003603,-7.048321730539445e-19,-0.06739133596420288
0.5708333333333333,0.15,0.0010477359173819423,-9.030466198066709e-19,-0.06617886573076248
0.575,0.15,0.0010989129077643156,-1.0914130160778589e-18,-0.06497412919998169
0.5791666666666666,0.15,0.0011520260013639927,-1.2699490945518901e-18,-0.06377840787172318
0.5833333333333334,0.15,0.0012089008232578635,-1.4385963322004265e-18,-0.06259298324584961
0.5875,0.15,0.001271274988539517,-1.5973644483956655e-18,-0.06141909211874008
0.5916666666666667,0.15,0.001340704271569848,-1.7367041599535653e-18,-0.060257893055677414
0.5958333333333333,0.15,0.0014184832107275724,-1.8661482064459167e-18,-0.059110376983881
0.6,0.15,0.0015055853873491287,-1.980938334796585e-18,-0.057977352291345596
0.6041666666666666,0.15,0.0016026244265958667,-2.0859631824257582e-18,-0.05685940757393837
0.6083333333333333,0.15,0.001709837350063026,-2.1907289157280494e-18,-0.05575691536068916
0.6125,0.15,0.001827089348807931,-2.295235121113152e-18,-0.05467008426785469
0.6166666666666667,0.15,0.00195389986038208,-2.3994807646053005e-18,-0.053598981350660324
0.6208333333333333,0.15,0.002089485991746187,-2.503564901082848e-18,-0.052543625235557556
0.625,0.15,0.002232820261269808,-2.593227763965993e-18,-0.05150400474667549
0.6291666666666667,0.15,0.002382699167355895,-2.668543799509865e-18,-0.05048013851046562
0.6333333333333333,0.15,0.0025378186255693436,-2.739000562545294e-18,-0.04947208985686302
0.6375,0.15,0.00269684917293489,-2.8187775831326645e-18,-0.048479966819286346
0.6416666666666666,0.15,0.0028585109394043684,-2.9125298201691184e-18,-0.04750389605760574
0.6458333333333334,0.15,0.003021640470251441,-3.0202208777077034e-18,-0.04654400423169136
0.65,0.15,0.003185247303918004,-3.1466285509665257e-18,-0.04560038074851036
0.6541666666666667,0.15,0.0033485598396509886,-3.3058591645217584e-18,-0.044673047959804535
0.6583333333333333,0.15,0.003511053277179599,-3.5120322778393754e-18,-0.043761953711509705
0.6625,0.15,0.0036724666133522987,-3.779234776751155e-18,-0.042866967618465424
0.6666666666666666,0.15,0.0038327991496771574,-4.121161877068831e-18,-0.04198789224028587
0.6708333333333333,0.15,0.003992297686636448,-4.5376729580882694e-18,-0.04112447798252106
0.675,0.15,0.004151425324380398,-5.028445005780269e-18,-0.04027646407485008
0.6791666666666667,0.15,0.004310825373977423,-5.579163246054292e-18,-0.039443597197532654
0.6833333333333333,0.15,0.004471273627132177,-6.1801831665582776e-18,-0.03862564265727997
0.6875,0.15,0.004633625969290733,-6.817106034369515e-18,-0.037822406738996506
0.6916666666666667,0.15,0.004798765294253826,-7.466381190268006e-18,-0.037033725529909134
0.6958333333333333,0.15,0.004967551212757826,-8.109234529480942e-18,-0.03625946864485741
0.7,0.15,0.005140770226716995,-8.722417727302214e-18,-0.035499513149261475
0.7041666666666666,0.15,0.005319095682352781,-9.30583979386444e-18,-0.03475372493267059
0.7083333333333334,0.15,0.0055030533112585545,-9.845739752497189e-18,-0.03402195870876312
0.7125,0.15,0.005693001672625542,-1.0342147381702512e-17,-0.03330402821302414
0.7166666666666667,0.15,0.005889116786420345,-1.0795078397912047e-17,-0.03259972855448723
0.7208333333333333,0.15,0.006091392133384943,-1.1204828104604478e-17,-0.03190881013870239
0.725,0.15,0.006299646571278572,-1.1571413045392053e-17,-0.03123101405799389
0.7291666666666666,0.15,0.006513543892651796,-1.1894944889657469e-17,-0.030566072091460228
0.7333333333333333,0.15,0.006732616573572159,-1.2175744583478395e-17,-0.029913723468780518
0.7375,0.15,0.006956298369914293,-1.2423086475882776e-17,-0.02927371859550476
0.7416666666666667,0.15,0.007183960638940334,-1.263705411211248e-17,-0.0286458320915699
0.7458333333333333,0.15,0.007414946798235178,-1.283645675211635e-17,-0.02802986092865467
0.75,0.15,0.007648611441254616,-1.3030568744922332e-17,-0.027425620704889297
0.7541666666666667,0.15,0.007884354330599308,-1.3233931098518494e-17,-0.026832938194274902
0.7583333333333333,0.15,0.00812164880335331,-1.3483848004169753e-17,-0.026251640170812607
0.7625,0.15,0.008360065519809723,-1.3813103111093423e-17,-0.025681553408503532
0.7666666666666666,0.15,0.008599293418228626,-1.424010780536371e-17,-0.025122491642832756
0.7708333333333334,0.15,0.008839144371449947,-1.4787737766820765e-17,-0.02457425929605961
0.775,0.15,0.009079561568796635,-1.5455714235598162e-17,-0.024036645889282227
0.7791666666666667,0.15,0.009320608340203762,-1.624374935284273e-17,-0.023509442806243896
0.7833333333333333,0.15,0.009562463499605656,-1.7151406367191042e-17,-0.02299242839217186
0.7875,0.15,0.009805398993194103,-1.817855292974509e-17,-0.0224853977560997
0.7916666666666666,0.15,0.010049761272966862,-1.9324907799096603e-17,-0.021988147869706154
0.7958333333333333,0.15,0.010295944288372993,-2.059003587824338e-17,-0.021500492468476295
0.8,0.15,0.01054436806589365,-2.1973311818642333e-17,-0.021022258326411247
0.8041666666666667,0.15,0.01079544983804226,-2.3470278771153023e-17,-0.020553281530737877
0.8083333333333333,0.15,0.01104957889765501,-2.5048187000963252e-17,-0.020093409344553947
0.8125,0.15,0.011307097971439362,-2.6664522733310245e-17,-0.019642487168312073
0.8166666666666667,0.15,0.011568284593522549,-2.827813207835826e-17,-0.019200367853045464
0.8208333333333333,0.15,0.011833337135612965,-2.986034661043744e-17,-0.018766893073916435
0.825,0.15,0.012102365493774414,-3.1373948165066575e-17,-0.018341904506087303
0.8291666666666666,0.15,0.012375393882393837,-3.279171257392531e-17,-0.017925236374139786
0.8333333333333334,0.15,0.01265235710889101,-3.4109245853599775e-17,-0.017516719177365303
0.8375,0.15,0.01293310895562172,-3.533210665780632e-17,-0.017116187140345573
0.8416666666666667,0.15,0.013217436149716377,-3.648366780193324e-17,-0.016723470762372017
0.8458333333333333,0.15,0.013505070470273495,-3.756882950392931e-17,-0.0163384098559618
0.85,0.15,0.013795705512166023,-3.86013560491874e-17,-0.015960853546857834
0.8541666666666666,0.15,0.014089013449847698,-3.9605579782606376e-17,-0.015590650960803032
0.8583333333333333,0.15,0.014384668320417404,-4.0604036412794634e-17,-0.015227667056024075
0.8624999999999999,0.15,0.014682354405522346,-4.160540802746153e-17,-0.014871766790747643
0.8666666666666667,0.15,0.014981790445744991,-4.260896339894556e-17,-0.014522821642458439
0.8708333333333333,0.15,0.015282738022506237,-4.362911532223986e-17,-0.014180703088641167
0.875,0.15,0.01558501087129116,-4.4674128986025053e-17,-0.013845285400748253
0.8791666666666667,0.15,0.015888486057519913,-4.574311434396203e-17,-0.013516438193619251
0.8833333333333333,0.15,0.016193097457289696,-4.685063970099908e-17,-0.013194035738706589
0.8875,0.15,0.016498848795890808,-4.8005311044229204e-17,-0.01287794765084982
0.8916666666666666,0.15,0.01680579222738743,-4.919870436629416e-17,-0.012568047270178795
0.8958333333333334,0.15,0.01711403578519821,-5.0407433616915845e-17,-0.012264209799468517
0.9,0.15,0.017423726618289948,-5.163607806796536e-17,-0.011966313235461712
0.9041666666666667,0.15,0.017735041677951813,-5.288806224717867e-17,-0.011674243025481701
0.9083333333333333,0.15,0.01804817095398903,-5.415537573750381e-17,-0.011387885548174381
0.9125,0.15,0.018363313749432564,-5.542255687893095e-17,-0.011107134632766247
0.9166666666666666,0.15,0.01868065632879734,-5.669068431497884e-17,-0.010831886902451515
0.9208333333333333,0.15,0.019000370055437088,-5.794756871214092e-17,-0.010562040843069553
0.9249999999999999,0.15,0.01932259276509285,-5.917843331595452e-17,-0.010297496803104877
0.9291666666666667,0.15,0.01964743062853813,-6.038332444853397e-17,-0.010038155131042004
0.9333333333333333,0.15,0.01997494511306286,-6.156327443128371e-17,-0.009783918038010597
0.9375,0.15,0.020305154845118523,-6.270443295202716e-17,-0.009534684009850025
0.9416666666666667,0.15,0.020638039335608482,-6.37923408936569e-17,-0.009290356189012527
0.9458333333333333,0.15,0.020973529666662216,-6.481752207507553e-17,-0.009050833992660046
0.95,0.15,0.021311528980731964,-6.57811345491406e-17,-0.00881602056324482
0.9541666666666666,0.15,0.02165190503001213,-6.666908315821422e-17,-0.008585819974541664
0.9583333333333334,0.15,0.02199450507760048,-6.746692202007877e-17,-0.008360140025615692
0.9625,0.15,0.022339163348078728,-6.817917084960123e-17,-0.008138890378177166
0.9666666666666667,0.15,0.022685712203383446,-6.881560361289953e-17,-0.007921983487904072
0.9708333333333333,0.15,0.023033984005451202,-6.940460253115159e-17,-0.0077093360014259815
0.975,0.15,0.02338382415473461,-6.997912909740642e-17,-0.007500865496695042
0.9791666666666666,0.15,0.02373509854078293,-7.057211833493343e-17,-0.007296491414308548
0.9833333333333333,0.15,0.02408769726753235,-7.120638057630439e-17,-0.007096134126186371
0.9874999999999999,0.15,0.024441536515951157,-7.190081524415491e-17,-0.0068997167982161045
0.9916666666666667,0.15,0.024796567857265472,-7.2669643227576e-17,-0.006707160733640194
0.9958333333333333,0.15,0.025152767077088356,-7.352672807363404e-17,-0.00651839142665267
1.0,0.15,0.025510145351290703,-7.449429777974957e-17,-0.006333332974463701
1.0041666666666667,0.15,0.02586873434484005,-7.557640222220164e-17,-0.006151912268251181
1.0083333333333333,0.15,0.026228589937090874,-7.677240612627981e-17,-0.005974057130515575
1.0125,0.15,0.026589786633849144,-7.808166098238384e-17,-0.005799699109047651
1.0166666666666666,0.15,0.026952406391501427,-7.949462443496732e-17,-0.005628769751638174
1.0208333333333333,0.15,0.027316538617014885,-8.099587783741226e-17,-0.005461202934384346
1.025,0.15,0.027682268992066383,-8.257255687683224e-17,-0.005296935327351093
1.0291666666666666,0.15,0.02804967574775219,-8.419668961363316e-17,-0.005135904531925917
1.0333333333333332,0.15,0.028418825939297676,-8.584125702028658e-17,-0.004978048149496317
1.0375,0.15,0.028789769858121872,-8.748632073530754e-17,-0.004823306109756231
1.0416666666666667,0.15,0.029162539169192314,-8.909893911798172e-17,-0.0046716188080608845
1.0458333333333334,0.15,0.02953714318573475,-9.065321148896886e-17,-0.004522926174104214
1.05,0.15,0.02991357073187828,-9.212929213101259e-17,-0.004377169068902731
1.0541666666666667,0.15,0.030291788280010223,-9.351759236645219e-17,-0.004234290216118097
1.0583333333333333,0.15,0.030671749264001846,-9.480064214075054e-17,-0.004094230942428112
1.0625,0.15,0.03105338290333748,-9.597502023489413e-17,-0.0039569358341395855
1.0666666666666667,0.15,0.03143661096692085,-9.704145456782199e-17,-0.0038223490118980408
1.0708333333333333,0.15,0.0318213514983654,-9.800383619713559e-17,-0.00369041645899415
1.075,0.15,0.03220750764012337,-9.888089910934801e-17,-0.0035610857885330915
1.0791666666666666,0.15,0.032594989985227585,-9.967281535802668e-17,-0.0034343053121119738
1.0833333333333333,0.15,0.03298371285200119,-1.0040861567394975e-16,-0.003310025203973055
1.0875,0.15,0.033373598009347916,-1.0111620582226231e-16,-0.0031881958711892366
1.0916666666666666,0.15,0.03376457840204239,-1.0182973181865055e-16,-0.0030687698163092136
1.0958333333333332,0.15,0.03415660187602043,-1.0256399026991182e-16,-0.0029516995418816805
1.1,0.15,0.03454962745308876,-1.033483692488489e-16,-0.0028369391802698374
1.1041666666666667,0.15,0.034943629056215286,-1.0419959103872517e-16,-0.0027244428638368845
1.1083333333333334,0.15,0.03533859923481941,-1.0513085082467207e-16,-0.0026141665875911713
1.1125,0.15,0.03573454171419144,-1.0615173728435032e-16,-0.0025060665793716908
1.1166666666666667,0.15,0.036131471395492554,-1.0725619545567602e-16,-0.0024000999983400106
1.1208333333333333,0.15,0.03652941435575485,-1.0842968681220295e-16,-0.002296225633472204
1.125,0.15,0.03692840412259102,-1.0965537657410443e-16,-0.002194402739405632
1.1291666666666667,0.15,0.03732847049832344,-1.1090835667877525e-16,-0.002094591734930873
1.1333333333333333,0.15,0.0377296544611454,-1.1216083385763364e-16,-0.0019967537373304367
1.1375,0.15,0.03813198208808899,-1.1338212301867633e-16,-0.0019008509116247296
1.1416666666666666,0.15,0.03853548690676689,-1.145392097292951e-16,-0.001806846004910767
1.1458333333333333,0.15,0.0389401912689209,-1.1560563744477808e-16,-0.0017147024627774954
1.15,0.15,0.03934609889984131,-1.1654729985410844e-16,-0.0016243841964751482
1.1541666666666666,0.15,0.03975321725010872,-1.1734247850312302e-16,-0.0015358555829152465
1.1583333333333332,0.15,0.04016153886914253,-1.1797758115999633e-16,-0.0014490813482552767
1.1625,0.15,0.04057104140520096,-1.184357465751221e-16,-0.0013640271499752998
1.1666666666666667,0.15,0.04098169505596161,-1.1871852323060703e-16,-0.0012806587619706988
1.1708333333333334,0.15,0.0413934662938118,-1.188459487496096e-16,-0.0011989425402134657
1.175,0.15,0.041806310415267944,-1.1884868837179838e-16,-0.001118845771998167
1.1791666666666667,0.15,0.04222017899155617,-1.187474811694913e-16,-0.0010403359774500132
1.1833333333333333,0.15,0.04263501986861229,-1.1856436323420675e-16,-0.0009633816662244499
1.1875,0.15,0.04305078089237213,-1.1833052920120536e-16,-0.0008879518718458712
1.1916666666666667,0.15,0.04346741363406181,-1.180785104296176e-16,-0.000814016442745924
1.1958333333333333,0.15,0.043884869664907455,-1.1784532490621645e-16,-0.0007415458094328642
1.2,0.15,0.04430310055613518,-1.1766723622905624e-16,-0.0006705109844915569
1.2041666666666666,0.15,0.04472208023071289,-1.175825329343308e-16,-0.0006008836789987981
1.2083333333333333,0.15,0.04514177143573761,-1.176088703650345e-16,-0.0005326361279003322
1.2125,0.15,0.04556215554475784,-1.1779053246244094e-16,-0.00046574126463383436
1.2166666666666666,0.15,0.045983217656612396,-1.1813823948728883e-16,-0.0004001724300906062
1.2208333333333332,0.15,0.04640495032072067,-1.1865016502478565e-16,-0.0003359036927577108
1.225,0.15,0.04682735353708267,-1.1932211361486453e-16,-0.00027290955767966807
1.2291666666666667,0.15,0.047250427305698395,-1.2014296795009275e-16,-0.00021116517018526793
1.2333333333333334,0.15,0.04767417907714844,-1.2108999048979246e-16,-0.000150646228576079
1.2375,0.15,0.048098623752593994,-1.2213284686654011e-16,-9.132895502261817e-05
1.2416666666666667,0.15,0.04852376505732536,-1.2324125565247137e-16,-3.3190033718710765e-05
1.2458333333333333,0.15,0.04894961789250374,-1.2439427925192129e-16,2.379334364377428e-05
1.25,0.15,0.04937618970870972,-1.255424588817041e-16,7.964357064338401e-05
1.2541666666666667,0.15,0.0498034842312336,-1.2666038355340216e-16,0.00013438265887089074
1.2583333333333333,0.15,0.05023150518536568,-1.277450754168103e-16,0.0001880322233773768
1.2625,0.15,0.05066024512052536,-1.2877509395045112e-16,0.00024061358999460936
1.2666666666666666,0.15,0.05108969286084175,-1.2972918392130449e-16,0.00029214771348051727
1.2708333333333333,0.15,0.05151984095573425,-1.3061304956687455e-16,0.00034265522845089436
1.275,0.15,0.05195067077875137,-1.3143836405996566e-16,0.0003921564784832299
1.2791666666666666,0.15,0.052382152527570724,-1.3221920932332591e-16,0.0004406714579090476
1.2833333333333332,0.15,0.052814263850450516,-1.3297808466961676e-16,0.00048821972450241446
1.2875,0.15,0.05324697494506836,-1.337242942263682e-16,0.0005348206032067537
1.2916666666666667,0.15,0.05368025600910187,-1.344684126705311e-16,0.0005804929533042014
1.2958333333333334,0.15,0.054114069789648056,-1.3521216053777958e-16,0.0006252552848309278
1.3,0.15,0.054548390209674835,-1.3595465109049698e-16,0.0006691257003694773
1.3041666666666667,0.15,0.05498318374156952,-1.3669970921183574e-16,0.0007121219532564282
1.3083333333333333,0.15,0.05541842430830002,-1.3745008775887445e-16,0.000754261389374733
1.3125,0.15,0.055854085832834244,-1.3821412471218763e-16,0.0007955609471537173
1.3166666666666667,0.15,0.056290142238140106,-1.3900824457001814e-16,0.0008360373321920633
1.3208333333333333,0.15,0.05672658234834671,-1.3983056797801425e-16,0.0008757066680118442
1.325,0.15,0.057163383811712265,-1.4069754590419843e-16,0.0009145850199274719
1.3291666666666666,0.15,0.05760054290294647,-1.4161832365742306e-16,0.0009526878129690886
1.3333333333333333,0.15,0.05803804472088814,-1.4259742757000003e-16,0.0009900302393361926
1.3375,0.15,0.058475885540246964,-1.436283063714779e-16,0.0010266273748129606
1.3416666666666666,0.15,0.05891406536102295,-1.4470243679282497e-16,0.0010624936548992991
1.3458333333333332,0.15,0.059352580457925797,-1.457948578318768e-16,0.001097643282264471
1.35,0.15,0.05979142710566521,-1.4688704064291222e-16,0.0011320902267470956
1.3541666666666667,0.15,0.06023060902953148,-1.4796969433329102e-16,0.0011658483417704701
1.3583333333333334,0.15,0.060670122504234314,-1.490346000364469e-16,0.0011989310150966048
1.3625,0.15,0.06110996752977371,-1.5006317596709943e-16,0.0012313512852415442
1.3666666666666667,0.15,0.06155013293027878,-1.5102776120556486e-16,0.001263122190721333
1.3708333333333333,0.15,0.06199061870574951,-1.5191551790873638e-16,0.001294256653636694
1.375,0.15,0.06243140995502472,-1.527301915504276e-16,0.0013247668975964189
1.3791666666666667,0.15,0.0628724992275238,-1.534867772607829e-16,0.0013546653790399432
1.3833333333333333,0.15,0.06331387162208557,-1.541981922922479e-16,0.0013839643215760589
1.3875,0.15,0.06375551223754883,-1.5486914826559172e-16,0.0014126754831522703
1.3916666666666666,0.15,0.06419740617275238,-1.5550886989900553e-16,0.001440810738131404
1.3958333333333333,0.15,0.06463951617479324,-1.5613124059189043e-16,0.0014683814952149987
1.4,0.15,0.06508184224367142,-1.567532671776405e-16,0.00149539893027395
1.4041666666666666,0.15,0.06552435457706451,-1.5737490995158636e-16,0.0015218742191791534
1.4083333333333332,0.15,0.06596703082323074,-1.5799516306210312e-16,0.0015478181885555387
1.4125,0.15,0.06640984863042831,-1.58617202882743e-16,0.001573241432197392
1.4166666666666667,0.15,0.06685280054807663,-1.592240358150017e-16,0.001598154311068356
1.4208333333333334,0.15,0.0672958493232727,-1.5981322663915587e-16,0.0016225669533014297
1.425,0.15,0.06773898750543594,-1.603720433912171e-16,0.0016464893706142902
1.4291666666666667,0.15,0.06818220019340515,-1.6088457773364475e-16,0.001669931341893971
1.4333333333333333,0.15,0.06862547248601913,-1.6134172406225586e-16,0.00169290229678154
1.4375,0.15,0.0690687969326973,-1.617400810103716e-16,0.001715411664918065
1.4416666666666667,0.15,0.06951215863227844,-1.6207168117433185e-16,0.001737468410283327
1.4458333333333333,0.15,0.06995555013418198,-1.623343010926501e-16,0.0017590814968571067
1.45,0.15,0.0703989565372467,-1.625248438011129e-16,0.001780259539373219
1.4541666666666666,0.15,0.07084238529205322,-1.6265040320065355e-16,0.001801011385396123
1.4583333333333333,0.15,0.07128582894802094,-1.6269737382455676e-16,0.0018213450675830245
1.4625,0.15,0.07172927260398865,-1.626682967716643e-16,0.0018412689678370953
1.4666666666666666,0.15,0.07217270880937576,-1.625701865335706e-16,0.0018607911188155413
1.4708333333333332,0.15,0.07261614501476288,-1.6243319218924203e-16,0.0018799194367602468
1.475,0.15,0.0730595663189888,-1.622828306062146e-16,0.0018986616050824523
1.4791666666666667,0.15,0.07350296527147293,-1.621318602182563e-16,0.0019170253071933985
1.4833333333333334,0.15,0.07394633442163467,-1.6198135305144106e-16,0.0019350179936736822
1.4875,0.15,0.07438965886831284,-1.6184385578130005e-16,0.0019526469986885786
1.4916666666666667,0.15,0.07483293116092682,-1.6172748139528119e-16,0.001969919539988041
1.4958333333333333,0.15,0.07527613639831543,-1.6161940528516746e-16,0.001986843068152666
1.5,0.15,0.07571926712989807,-1.6151840984109718e-16,0.0020034238696098328
1.5041666666666667,0.15,0.07616230100393295,-1.6141982314697066e-16,0.002019669394940138
1.5083333333333333,0.15,0.07660522311925888,-1.6131215731844076e-16,0.0020355863962322474
1.5125,0.15,0.07704802602529526,-1.6119299037067392e-16,0.0020511809270828962
1.5166666666666666,0.15,0.07749069482088089,-1.6105090059377201e-16,0.002066459972411394
1.5208333333333333,0.15,0.07793319970369339,-1.6088006463622266e-16,0.0020814298186451197
1.525,0.15,0.07837554067373276,-1.606654079585427e-16,0.0020960962865501642
1.5291666666666666,0.15,0.0788176953792572,-1.6039435741542132e-16,0.00211046589538455
1.5333333333333332,0.15,0.07925965636968613,-1.6005903824742703e-16,0.0021245444659143686
1.5375,0.15,0.07970140874385834,-1.5965829901914714e-16,0.0021383375860750675
1.5416666666666667,0.15,0.08014293760061264,-1.5919351615912094e-16,0.0021518513094633818
1.5458333333333334,0.15,0.08058423548936844,-1.5866355146682557e-16,0.0021650907583534718
1.55,0.15,0.08102529495954514,-1.5807230923475227e-16,0.0021780619863420725
1.5541666666666667,0.15,0.08146610110998154,-1.5743388462053894e-16,0.002190769650042057
1.5583333333333333,0.15,0.08190664649009705,-1.5676353745212597e-16,0.0022032195702195168
1.5625,0.15,0.08234693109989166,-1.560713659504314e-16,0.0022154166363179684
1.5666666666666667,0.15,0.0827869325876236,-1.553679183226265e-16,0.002227365504950285
1.5708333333333333,0.15,0.08322665840387344,-1.5465461070191997e-16,0.002239071764051914
1.575,0.15,0.08366610109806061,-1.5393806053321223e-16,0.002250539604574442
1.5791666666666666,0.15,0.0841052383184433,-1.5322557347567336e-16,0.0022617741487920284
1.5833333333333333,0.15,0.08454407751560211,-1.5252973590950395e-16,0.002272780053317547
1.5875,0.15,0.08498260378837585,-1.518504948951448e-16,0.002283561509102583
1.5916666666666666,0.15,0.08542080968618393,-1.5118516374996636e-16,0.0022941231727600098
1.5958333333333332,0.15,0.08585868775844574,-1.5053502625827928e-16,0.0023044697009027004
1.6,0.15,0.08629623055458069,-1.4990008242008357e-16,0.002314605051651597
1.6041666666666667,0.15,0.08673341572284698,-1.492747868165527e-16,0.0023245334159582853
1.6083333333333334,0.15,0.08717025071382523,-1.4864380021040744e-16,0.0023342592176049948
1.6125,0.15,0.08760670572519302,-1.480176311041497e-16,0.002343786647543311
1.6166666666666667,0.15,0.08804278820753098,-1.4740680123517114e-16,0.002353119431063533
1.6208333333333333,0.15,0.0884784683585167,-1.4680944448400984e-16,0.002362261526286602
1.625,0.15,0.08891374617815018,-1.4621482735503732e-16,0.002371216891333461
1.6291666666666667,0.15,0.08934861421585083,-1.4562109696368146e-16,0.0023799892514944077
1.6333333333333333,0.15,0.08978304266929626,-1.4502366080318136e-16,0.0023885825648903847
1.6375,0.15,0.09021703898906708,-1.4442251887353703e-16,0.0023969998583197594
1.6416666666666666,0.15,0.09065058827400208,-1.4381765793985865e-16,0.0024052453227341175
1.6458333333333333,0.15,0.09108366817235947,-1.4321058677958353e-16,0.0024133222177624702
1.65,0.15,0.09151628613471985,-1.4260125245315247e-16,0.0024212338030338287
1.6541666666666666,0.15,0.09194841980934143,-1.4198830500180578e-16,0.002428983338177204
1.6583333333333332,0.15,0.09238006919622421,-1.4137316055875214e-16,0.002436574548482895
1.6624999999999999,0.15,0.092811219394207,-1.4075292068312518e-16,0.002444010227918625
1.6666666666666667,0.15,0.0932418704032898,-1.4013052352046068e-16,0.0024512934032827616
1.6708333333333334,0.15,0.0936719998717308,-1.3950453970266015e-16,0.00245842756703496
1.675,0.15,0.09410161525011063,-1.388749162901644e-16,0.0024654152803122997
1.6791666666666667,0.15,0.09453070163726807,-1.382432282348597e-16,0.002472259569913149
1.6833333333333333,0.15,0.09495925903320312,-1.3760795352441897e-16,0.0024789636954665184
1.6875,0.15,0.09538726508617401,-1.3696914509840142e-16,0.002485529985278845
1.6916666666666667,0.15,0.09581472724676132,-1.3632673678235803e-16,0.0024919614661484957
1.6958333333333333,0.15,0.09624163806438446,-1.3568232999795472e-16,0.002498260699212551
1.7,0.15,0.09666798263788223,-1.3503437626308478e-16,0.0025044307112693787
1.7041666666666666,0.15,0.09709375351667404,-1.3438138003520072e-16,0.002510473597794771
1.7083333333333333,0.15,0.09751894325017929,-1.3372639857384653e-16,0.0025163921527564526
1.7125,0.15,0.09794354438781738,-1.3306789663180532e-16,0.0025221891701221466
1.7166666666666666,0.15,0.09836754947900772,-1.3240591391374648e-16,0.0025278667453676462
1.7208333333333332,0.15,0.09879095107316971,-1.3174195919710732e-16,0.0025334274396300316
1.7249999999999999,0.15,0.09921373426914215,-1.3107300169212343e-16,0.002538873814046383
1.7291666666666667,0.15,0.09963589906692505,-1.3040212512811843e-16,0.002544207964092493
1.7333333333333334,0.15,0.10005743056535721,-1.297277810229856e-16,0.0025494322180747986
1.7375,0.15,0.10047832131385803,-1.2905000908139435e-16,0.002554548904299736
1.7416666666666667,0.15,0.10089855641126633,-1.2837037102034118e-16,0.002559560351073742
1.7458333333333333,0.15,0.10131813585758209,-1.2768571693605349e-16,0.0025644684210419655
1.75,0.15,0.10173704475164413,-1.2699763501530738e-16,0.002569275675341487
1.7541666666666667,0.15,0.10215528309345245,-1.2630935457121425e-16,0.002573983510956168
1.7583333333333333,0.15,0.10257282853126526,-1.256315296900638e-16,0.002578594721853733
1.7625,0.15,0.10298968851566315,-1.2496742938963683e-16,0.0025831107050180435
1.7666666666666666,0.15,0.10340584814548492,-1.2432004475502833e-16,0.0025875335559248924
1.7708333333333333,0.15,0.10382129997015,-1.236877214250132e-16,0.0025918653700500727
1.775,0.15,0.10423603653907776,-1.2307040646003222e-16,0.00259610777720809
1.7791666666666666,0.15,0.10465005040168762,-1.224680733903058e-16,0.002600262640044093
1.7833333333333332,0.15,0.10506334155797958,-1.2188073545072375e-16,0.0026043320540338755
1.7874999999999999,0.15,0.10547589510679245,-1.2130832646683706e-16,0.002608317183330655
1.7916666666666667,0.15,0.10588771104812622,-1.207491523727512e-16,0.0026122203562408686
1.7958333333333334,0.15,0.1062987744808197,-1.2020654836069602e-16,0.002616042736917734
1.8,0.15,0.1067090854048729,-1.196787806601076e-16,0.0026197864208370447
1.8041666666666667,0.15,0.1071186363697052,-1.191658360360961e-16,0.0026234525721520185
1.8083333333333333,0.15,0.10752742737531662,-1.1866768801888197e-16,0.002627043053507805
1.8125,0.15,0.10793543606996536,-1.1818258960301148e-16,0.0026305594947189093
1.8166666666666667,0.15,0.10834266990423203,-1.17707060012467e-16,0.0026340032927691936
1.8208333333333333,0.15,0.10874911397695541,-1.1723988163738684e-16,0.00263737584464252
1.825,0.15,0.10915476828813553,-1.1677055921015895e-16,0.0026406787801533937
1.8291666666666666,0.15,0.10955961793661118,-1.1629741189977862e-16,0.002643913496285677
1.8333333333333333,0.15,0.10996365547180176,-1.1581870593568193e-16,0.0026470813900232315
1.8375,0.15,0.11036688834428787,-1.153344280829791e-16,0.002650184091180563
1.8416666666666666,0.15,0.11076929420232773,-1.14846312112234e-16,0.002653222531080246
1.8458333333333332,0.15,0.11117086559534073,-1.1435262425288275e-16,0.0026561981067061424
1.8499999999999999,0.15,0.11157160997390747,-1.1385512474526886e-16,0.0026591126807034016
1.8541666666666667,0.15,0.11197150498628616,-1.1335554735995623e-16,0.0026619667187333107
1.8583333333333334,0.15,0.1123705506324768,-1.1286319622447487e-16,0.002664762083441019
1.8625,0.15,0.1127687394618988,-1.123909091819316e-16,0.002667499938979745
1.8666666666666667,0.15,0.11316607147455215,-1.1195071674715537e-16,0.002670181216672063
1.8708333333333333,0.15,0.11356252431869507,-1.1153263981323637e-16,0.002672807313501835
1.875,0.15,0.11395810544490814,-1.1114021209575141e-16,0.0026753791607916355
1.8791666666666667,0.15,0.11435280740261078,-1.1077058809339332e-16,0.0026778981555253267
1.8833333333333333,0.15,0.11474662274122238,-1.104209620095243e-16,0.002680365229025483
1.8875,0.15,0.11513954401016235,-1.1007569020439977e-16,0.002682781545445323
1.8916666666666666,0.15,0.1155315637588501,-1.097283603739112e-16,0.002685148036107421
1.8958333333333333,0.15,0.11592267453670502,-1.0937715272071099e-16,0.002687466097995639
1.9,0.15,0.11631288379430771,-1.0902024744745151e-16,0.002689736196771264
1.9041666666666666,0.15,0.11670217663049698,-1.0864744707154121e-16,0.0026919597294181585
1.9083333333333332,0.15,0.11709054559469223,-1.0824856072783344e-16,0.002694137394428253
1.9124999999999999,0.15,0.11747798323631287,-1.0781161084105843e-16,0.00269627058878541
1.9166666666666667,0.15,0.11786449700593948,-1.073292586648216e-16,0.002698359778150916
1.9208333333333334,0.15,0.11825007200241089,-1.0679973072388966e-16,0.00270040612667799
1.925,0.15,0.11863470077514648,-1.062231064276014e-16,0.0027024103328585625
1.9291666666666667,0.15,0.11901839077472687,-1.0562356591962296e-16,0.002704373560845852
1.9333333333333333,0.15,0.11940111964941025,-1.050205314007371e-16,0.002706296741962433
1.9375,0.15,0.11978288739919662,-1.044417101127419e-16,0.0027081803418695927
1.9416666666666667,0.15,0.120163694024086,-1.0389629368660403e-16,0.002710025291889906
1.9458333333333333,0.15,0.12054353207349777,-1.0340108381492568e-16,0.002711832756176591
1.95,0.15,0.12092239409685135,-1.0296420672004458e-16,0.002713603200390935
1.9541666666666666,0.15,0.12130027264356613,-1.0259208794095902e-16,0.002715337323024869
1.9583333333333333,0.15,0.12167716771364212,-1.0229001481614446e-16,0.0027170362882316113
1.9625,0.15,0.12205307185649872,-1.0205786823159268e-16,0.0027187007945030928
1.9666666666666666,0.15,0.12242797762155533,-1.0189552245585057e-16,0.002720331074669957
1.9708333333333332,0.15,0.12280188500881195,-1.018008665239949e-16,0.0027219285257160664
1.9749999999999999,0.15,0.12317477911710739,-1.0176987041208131e-16,0.002723493380472064
1.9791666666666667,0.15,0.12354666739702225,-1.0179238957707746e-16,0.0027250265702605247
1.9833333333333334,0.15,0.12391753494739532,-1.0185248259421821e-16,0.0027265287935733795
1.9875,0.15,0.12428738176822662,-1.019302772764676e-16,0.002728000283241272
1.9916666666666667,0.15,0.12465620040893555,-1.0200846238796611e-16,0.002729442436248064
1.9958333333333333,0.15,0.1250239908695221,-1.0208433801119437e-16,0.0027308552525937557
2.0,0.15,0.12539073824882507,-1.0214932793756144e-16,0.0027322396636009216
2.0041666666666664,0.15,0.12575645744800568,-1.0219150753135674e-16,0.002733596134930849
2.0083333333333333,0.15,0.1261211335659027,-1.0219903818365343e-16,0.002734925365075469
2.0125,0.15,0.12648475170135498,-1.0216794942751123e-16,0.0027362278196960688
2.0166666666666666,0.15,0.1268473118543625,-1.020863960365584e-16,0.0027375041972845793
2.0208333333333335,0.15,0.12720882892608643,-1.0194663560026144e-16,0.0027387551963329315
2.025,0.15,0.1275692731142044,-1.0174680199915843e-16,0.002739981049671769
2.029166666666667,0.15,0.12792865931987762,-1.0148494970444865e-16,0.002741182455793023
2.033333333333333,0.15,0.12828697264194489,-1.0116731234922828e-16,0.0027423598803579807
2.0375,0.15,0.1286442130804062,-1.0080270437010471e-16,0.0027435137890279293
2.0416666666666665,0.15,0.12900038063526154,-1.0041441255568252e-16,0.0027446451131254435
2.0458333333333334,0.15,0.12935546040534973,-1.0001900037054747e-16,0.0027457536198198795
2.05,0.15,0.12970946729183197,-9.963548635134338e-17,0.002746840473264456
2.0541666666666667,0.15,0.13006237149238586,-9.926645791902633e-17,0.002747905906289816
2.058333333333333,0.15,0.1304141730070114,-9.891395986407053e-17,0.002748950384557247
2.0625,0.15,0.1307648867368698,-9.858670736140985e-17,0.002749974373728037
2.0666666666666664,0.15,0.13111449778079987,-9.829653240252625e-17,0.0027509781066328287
2.0708333333333333,0.15,0.13146300613880157,-9.80274340056505e-17,0.0027519625145941973
2.075,0.15,0.13181039690971375,-9.77856656562135e-17,0.002752927364781499
2.0791666666666666,0.15,0.13215667009353638,-9.756036150968876e-17,0.002753873821347952
2.0833333333333335,0.15,0.13250182569026947,-9.733765140156498e-17,0.0027548016514629126
2.0875,0.15,0.13284587860107422,-9.712636962078423e-17,0.0027557117864489555
2.091666666666667,0.15,0.13318878412246704,-9.694041941908231e-17,0.002756604226306081
2.095833333333333,0.15,0.13353057205677032,-9.679154676115747e-17,0.0027574794366955757
2.1,0.15,0.13387122750282288,-9.668932708978062e-17,0.002758338116109371
2.1041666666666665,0.15,0.1342107504606247,-9.663367437816805e-17,0.0027591802645474672
2.1083333333333334,0.15,0.1345491260290146,-9.6626633416794e-17,0.002760006347671151
2.1125,0.15,0.13488635420799255,-9.665957505750831e-17,0.0027608165983110666
2.1166666666666667,0.15,0.1352224498987198,-9.67249355607898e-17,0.0027616117149591446
2.120833333333333,0.15,0.1355573982000351,-9.681342403399827e-17,0.002762391697615385
2.125,0.15,0.13589118421077728,-9.692065972860965e-17,0.0027631570119410753
2.1291666666666664,0.15,0.13622382283210754,-9.703275262777793e-17,0.0027639081235975027
2.1333333333333333,0.15,0.13655529916286469,-9.713820822971109e-17,0.002764645265415311
2.1375,0.15,0.1368856132030487,-9.723729784965005e-17,0.0027653684373944998
2.1416666666666666,0.15,0.1372147649526596,-9.73364271742584e-17,0.0027660783380270004
2.1458333333333335,0.15,0.1375427544116974,-9.743558958609126e-17,0.0027667752001434565
2.15,0.15,0.13786956667900085,-9.754614723804264e-17,0.002767459023743868
2.154166666666667,0.15,0.1381952166557312,-9.766635312465885e-17,0.0027681305073201656
2.158333333333333,0.15,0.13851967453956604,-9.780485624642473e-17,0.0027687896508723497
2.1625,0.15,0.13884297013282776,-9.795672660688947e-17,0.0027694369200617075
2.1666666666666665,0.15,0.13916507363319397,-9.811974736201142e-17,0.0027700725477188826
2.1708333333333334,0.15,0.13948599994182587,-9.829148329206723e-17,0.0027706967666745186
2.175,0.15,0.13980573415756226,-9.846523754281766e-17,0.0027713095769286156
2.1791666666666667,0.15,0.14012427628040314,-9.862935017634818e-17,0.0027719116769731045
2.183333333333333,0.15,0.1404416412115097,-9.878806297483996e-17,0.0027725030668079853
2.1875,0.15,0.14075779914855957,-9.892533525185436e-17,0.0027730839792639017
2.1916666666666664,0.15,0.14107275009155273,-9.902278374545801e-17,0.0027736546471714973
2.1958333333333333,0.15,0.14138652384281158,-9.907600123734722e-17,0.0027742155361920595
2.2,0.15,0.14169907569885254,-9.908729721579224e-17,0.0027747666463255882
2.2041666666666666,0.15,0.14201043546199799,-9.905440189719223e-17,0.002775308210402727
2.2083333333333335,0.15,0.14232057332992554,-9.897483373970953e-17,0.00277584046125412
2.2125,0.15,0.14262951910495758,-9.884878464924625e-17,0.00277636363171041
2.216666666666667,0.15,0.14293724298477173,-9.867892807354216e-17,0.0027768779546022415
2.220833333333333,0.15,0.14324374496936798,-9.848838536507935e-17,0.0027773836627602577
2.225,0.15,0.14354903995990753,-9.827731534253542e-17,0.0027778809890151024
2.2291666666666665,0.15,0.1438531130552292,-9.804584373736348e-17,0.0027783699333667755
2.2333333333333334,0.15,0.14415597915649414,-9.780795321063813e-17,0.0027788507286459208
2.2375,0.15,0.14445760846138,-9.756374964147777e-17,0.0027793236076831818
2.2416666666666667,0.15,0.14475801587104797,-9.730875301968483e-17,0.002779788803309202
2.245833333333333,0.15,0.14505720138549805,-9.702688295415126e-17,0.0027802465483546257
2.25,0.15,0.14535515010356903,-9.669974956549878e-17,0.0027806968428194523
2.2541666666666664,0.15,0.14565187692642212,-9.632978807345077e-17,0.0027811399195343256
2.2583333333333333,0.15,0.14594736695289612,-9.591243244102591e-17,0.0027815760113298893
2.2625,0.15,0.14624162018299103,-9.545242075877292e-17,0.002782005351036787
2.2666666666666666,0.15,0.14653465151786804,-9.494055477828021e-17,0.002782427705824375
2.2708333333333335,0.15,0.14682643115520477,-9.439306047444361e-17,0.0027828437741845846
2.275,0.15,0.14711697399616241,-9.382150514094907e-17,0.0027832533232867718
2.279166666666667,0.15,0.14740628004074097,-9.324439115373817e-17,0.0027836565859615803
2.283333333333333,0.15,0.14769434928894043,-9.267089690888781e-17,0.0027840537950396538
2.2875,0.15,0.1479811668395996,-9.211254999541452e-17,0.0027844449505209923
2.2916666666666665,0.15,0.1482667326927185,-9.157379071884648e-17,0.002784830518066883
2.2958333333333334,0.15,0.1485510617494583,-9.107312145512528e-17,0.002785210032016039
2.3,0.15,0.14883413910865784,-9.06242403151948e-17,0.0027855841908603907
2.3041666666666667,0.15,0.14911596477031708,-9.022467899210719e-17,0.0027859529945999384
2.308333333333333,0.15,0.14939653873443604,-8.988339750625761e-17,0.002786316443234682
2.3125,0.15,0.1496758610010147,-8.960255976212851e-17,0.0027866747695952654
2.3166666666666664,0.15,0.1499539315700531,-8.938186797469936e-17,0.0027870279736816883
2.3208333333333333,0.15,0.15023073554039001,-8.921883398468761e-17,0.002787376055493951
2.325,0.15,0.15050630271434784,-8.90924143173099e-17,0.0027877194806933403
2.3291666666666666,0.15,0.150780588388443,-8.898666754780113e-17,0.0027880582492798567
2.3333333333333335,0.15,0.15105363726615906,-8.888769042442548e-17,0.0027883923612535
2.3375,0.15,0.15132540464401245,-8.878157969544718e-17,0.002788722049444914
2.341666666666667,0.15,0.15159592032432556,-8.864748379198498e-17,0.0027890473138540983
2.345833333333333,0.15,0.1518651843070984,-8.846230783133641e-17,0.0027893681544810534
2.35,0.15,0.15213316679000854,-8.82124926689005e-17,0.0027896850369870663
2.3541666666666665,0.15,0.15239989757537842,-8.787284569194132e-17,0.0027899977285414934
2.3583333333333334,0.15,0.15266536176204681,-8.744862115170983e-17,0.0027903064619749784
2.3625,0.15,0.15292954444885254,-8.692577683012731e-17,0.0027906112372875214
2.3666666666666667,0.15,0.15319247543811798,-8.630231425883384e-17,0.002790912054479122
2.370833333333333,0.15,0.15345413982868195,-8.559719241746914e-17,0.002791209379211068
2.375,0.15,0.15371452271938324,-8.480794299908534e-17,0.0027915029786527157
2.3791666666666664,0.15,0.15397365391254425,-8.394424732557177e-17,0.0027917930856347084
2.3833333333333333,0.15,0.1542315036058426,-8.302476659154763e-17,0.0027920797001570463
2.3875,0.15,0.15448808670043945,-8.20727677332828e-17,0.0027923628222197294
2.3916666666666666,0.15,0.15474338829517365,-8.111172944528399e-17,0.0027926426846534014
2.3958333333333335,0.15,0.15499742329120636,-8.015963794279056e-17,0.002792919287458062
2.4,0.15,0.1552501916885376,-7.923310962994746e-17,0.0027931928634643555
2.404166666666667,0.15,0.15550167858600616,-7.834817857574843e-17,0.0027934631798416376
2.408333333333333,0.15,0.15575189888477325,-7.75303484128397e-17,0.002793730702251196
2.4125,0.15,0.15600083768367767,-7.679309887648344e-17,0.0027939951978623867
2.4166666666666665,0.15,0.15624850988388062,-7.614059233952201e-17,0.00279425666667521
2.4208333333333334,0.15,0.1564949005842209,-7.556521874031992e-17,0.002794515574350953
2.425,0.15,0.1567400097846985,-7.505540416774634e-17,0.0027947714552283287
2.4291666666666667,0.15,0.1569838523864746,-7.45946513316645e-17,0.002795024774968624
2.433333333333333,0.15,0.15722641348838806,-7.417357669520561e-17,0.0027952755335718393
2.4375,0.15,0.15746770799160004,-7.376897949654877e-17,0.0027955237310379744
2.4416666666666664,0.15,0.15770772099494934,-7.33576523564282e-17,0.002795769367367029
2.4458333333333333,0.15,0.15794645249843597,-7.291652024447612e-17,0.0027960126753896475
2.45,0.15,0.15818390250205994,-7.242457277313369e-17,0.0027962534222751856
2.4541666666666666,0.15,0.15842008590698242,-7.186842946881224e-17,0.002796491840854287
2.4583333333333335,0.15,0.15865498781204224,-7.124645582262136e-17,0.002796727931126952
2.4625,0.15,0.15888860821723938,-7.055630264162142e-17,0.0027969619259238243
2.466666666666667,0.15,0.15912094712257385,-6.979808903982061e-17,0.0027971938252449036
2.470833333333333,0.15,0.15935201942920685,-6.897196721845165e-17,0.0027974233962595463
2.475,0.15,0.15958181023597717,-6.807805629152275e-17,0.002797650871798396
2.4791666666666665,0.15,0.15981031954288483,-6.712154433583583e-17,0.002797876251861453
2.4833333333333334,0.15,0.1600375473499298,-6.610976348034057e-17,0.0027980997692793608
2.4875,0.15,0.16026350855827332,-6.506756884808296e-17,0.0027983214240521193
2.4916666666666667,0.15,0.16048818826675415,-6.403957525258165e-17,0.002798540983349085
2.495833333333333,0.15,0.16071158647537231,-6.305144514516051e-17,0.0027987586800009012
2.5,0.15,0.160933718085289,-6.212373230968024e-17,0.0027989745140075684
2.5041666666666664,0.15,0.16115456819534302,-6.126713053709992e-17,0.0027991884853690863
2.5083333333333333,0.15,0.16137413680553436,-6.048154056574606e-17,0.0027994008269160986
2.5125,0.15,0.16159242391586304,-5.976679034205124e-17,0.0027996115386486053
2.5166666666666666,0.15,0.16180944442749023,-5.912532832062862e-17,0.002799820387735963
2.5208333333333335,0.15,0.16202519834041595,-5.855497736210596e-17,0.002800027607008815
2.525,0.15,0.162239670753479,-5.804843180731318e-17,0.002800233196467161
2.529166666666667,0.15,0.16245286166667938,-5.759117298213877e-17,0.0028004373889416456
2.533333333333333,0.15,0.1626647710800171,-5.717647756256389e-17,0.0028006399516016245
2.5375,0.15,0.16287542879581451,-5.679648402404683e-17,0.0028008408844470978
2.5416666666666665,0.15,0.16308479011058807,-5.645422977379688e-17,0.0028010401874780655
2.5458333333333334,0.15,0.16329289972782135,-5.613837251125474e-17,0.002801238326355815
2.55,0.15,0.16349972784519196,-5.583445973675785e-17,0.002801434835419059
2.5541666666666667,0.15,0.1637052744626999,-5.553435861052361e-17,0.0028016299474984407
2.558333333333333,0.15,0.16390955448150635,-5.5216446631339885e-17,0.0028018236625939608
2.5625,0.15,0.16411256790161133,-5.4849883197248235e-17,0.0028020162135362625
2.5666666666666664,0.15,0.16431431472301483,-5.442085439201903e-17,0.0028022071346640587
2.5708333333333333,0.15,0.16451479494571686,-5.391760432478667e-17,0.0028023971244692802
2.575,0.15,0.1647139936685562,-5.3330981069253864e-17,0.0028025854844599962
2.5791666666666666,0.15,0.16491194069385529,-5.2644626301626764e-17,0.002802772680297494
2.5833333333333335,0.15,0.1651086062192917,-5.185865913591358e-17,0.0028029587119817734
2.5875,0.15,0.1653040200471878,-5.0961363385918106e-17,0.002803143346682191
2.591666666666667,0.15,0.16549815237522125,-4.9953490131636545e-17,0.002803327050060034
2.595833333333333,0.15,0.16569103300571442,-4.883719335138398e-17,0.0028035093564540148
2.6,0.15,0.1658826470375061,-4.7620506623269535e-17,0.0028036904986947775
2.6041666666666665,0.15,0.1660729944705963,-4.629436735650207e-17,0.0028038707096129656
2.6083333333333334,0.15,0.16626209020614624,-4.4874108170915873e-17,0.0028040495235472918
2.6125,0.15,0.1664499193429947,-4.33731426273241e-17,0.0028042274061590433
2.6166666666666667,0.15,0.16663648188114166,-4.180944701479876e-17,0.0028044041246175766
2.620833333333333,0.15,0.16682179272174835,-4.021215132579151e-17,0.0028045796789228916
2.625,0.15,0.16700585186481476,-3.8595211751597355e-17,0.002804754301905632
2.6291666666666664,0.15,0.1671886444091797,-3.6970582706428906e-17,0.002804927993565798
2.6333333333333333,0.15,0.16737018525600433,-3.534558970179093e-17,0.0028051005210727453
2.6375,0.15,0.1675504744052887,-3.372616196831422e-17,0.0028052718844264746
2.6416666666666666,0.15,0.16772949695587158,-3.213149009620999e-17,0.002805442549288273
2.6458333333333335,0.15,0.16790728271007538,-3.056743714166002e-17,0.002805612049996853
2.65,0.15,0.1680838167667389,-2.903589238518339e-17,0.0028057803865522146
2.654166666666667,0.15,0.16825909912586212,-2.7552782362294188e-17,0.0028059480246156454
2.658333333333333,0.15,0.16843312978744507,-2.6119303176158168e-17,0.0028061147313565016
2.6625,0.15,0.16860592365264893,-2.473343981480315e-17,0.0028062802739441395
2.6666666666666665,0.15,0.1687774658203125,-2.3414341509409737e-17,0.0028064451180398464
2.6708333333333334,0.15,0.1689477562904358,-2.214079604034962e-17,0.0028066090308129787
2.675,0.15,0.16911680996418,-2.089429441423631e-17,0.002806771779432893
2.6791666666666667,0.15,0.1692846268415451,-1.965636237926905e-17,0.002806933829560876
2.683333333333333,0.15,0.16945119202136993,-1.8395888018248496e-17,0.0028070949483662844
2.6875,0.15,0.16961653530597687,-1.711637526824942e-17,0.0028072551358491182
2.6916666666666664,0.15,0.16978062689304352,-1.5796747567263975e-17,0.002807414624840021
2.6958333333333333,0.15,0.16994348168373108,-1.441672740975603e-17,0.0028075729496777058
2.7,0.15,0.17010511457920074,-1.2950697012154824e-17,0.0028077305760234594
2.7041666666666666,0.15,0.17026551067829132,-1.1375771595633461e-17,0.002807887503877282
2.7083333333333335,0.15,0.1704246699810028,-9.672945031257311e-18,0.0028080432675778866
2.7125,0.15,0.1705826073884964,-7.85442071460337e-18,0.00280819833278656
2.716666666666667,0.15,0.1707393079996109,-5.9370057149477946e-18,0.0028083526995033026
2.720833333333333,0.15,0.1708947867155075,-3.932078315206559e-18,0.0028085061348974705
2.725,0.15,0.17104904353618622,-1.8428473557709104e-18,0.0028086586389690638
2.7291666666666665,0.15,0.17120207846164703,3.0855628211241992e-19,0.002808810444548726
2.7333333333333334,0.15,0.17135389149188995,2.491574918103892e-18,0.002808961318805814
2.7375,0.15,0.17150448262691498,4.7012400660048114e-18,0.0028091114945709705
2.7416666666666667,0.15,0.1716538518667221,6.895150938754199e-18,0.0028092607390135527
2.745833333333333,0.15,0.17180199921131134,9.041024538200489e-18,0.002809409284964204
2.75,0.15,0.17194895446300507,1.1106640111533208e-17,0.002809557132422924
2.7541666666666664,0.15,0.1720946729183197,1.3086491944595205e-17,0.0028097040485590696
2.7583333333333333,0.15,0.17223919928073883,1.4988142122546438e-17,0.0028098500333726406
2.7625,0.15,0.17238250374794006,1.6797953745808358e-17,0.0028099955525249243
2.7666666666666666,0.15,0.1725246012210846,1.8497687481874172e-17,0.0028101401403546333
2.7708333333333335,0.15,0.17266550660133362,2.007735098894424e-17,0.0028102837968617678
2.775,0.15,0.17280520498752594,2.15364132170653e-17,0.0028104267548769712
2.779166666666667,0.15,0.17294369637966156,2.288081497739671e-17,0.0028105690144002438
2.783333333333333,0.15,0.17308098077774048,2.4127405939016174e-17,0.0028107105754315853
2.7875,0.15,0.1732170730829239,2.5296769664286463e-17,0.0028108512051403522
2.7916666666666665,0.15,0.1733519732952118,2.6412179706922368e-17,0.0028109911363571882
2.7958333333333334,0.15,0.1734856814146042,2.7500603809254343e-17,0.0028111301362514496
2.8,0.15,0.17361819744110107,2.8575956803546755e-17,0.0028112686704844236
2.8041666666666667,0.15,0.17374952137470245,2.966873518462321e-17,0.002811406273394823
2.808333333333333,0.15,0.17387966811656952,3.0801125590873603e-17,0.002811542944982648
2.8125,0.15,0.17400860786437988,3.199703023327827e-17,0.0028116791509091854
2.8166666666666664,0.15,0.17413638532161713,3.326931342472363e-17,0.0028118144255131483
2.8208333333333333,0.15,0.17426297068595886,3.461504694584125e-17,0.0028119487687945366
2.825,0.15,0.17438837885856628,3.6019328310715374e-17,0.0028120826464146376
2.8291666666666666,0.15,0.1745126098394394,3.74681483884918e-17,0.002812215592712164
2.8333333333333335,0.15,0.17463567852973938,3.8953063319477596e-17,0.0028123478405177593
2.8375,0.15,0.17475755512714386,4.04592301747611e-17,0.0028124793898314238
2.841666666666667,0.15,0.17487826943397522,4.196531431198335e-17,0.0028126100078225136
2.845833333333333,0.15,0.17499782145023346,4.346020173243408e-17,0.0028127399273216724
2.85,0.15,0.17511619627475739,4.493096194877787e-17,0.0028128689154982567
2.8541666666666665,0.15,0.17523342370986938,4.636006204075103e-17,0.0028129974380135536
2.8583333333333334,0.15,0.17534947395324707,4.7738297142497086e-17,0.002813125029206276
2.8625,0.15,0.17546437680721283,4.904632446257209e-17,0.0028132519219070673
2.8666666666666667,0.15,0.17557811737060547,5.0276868120308025e-17,0.002813377883285284
2.870833333333333,0.15,0.175690695643425,5.141431094573989e-17,0.00281350314617157
2.875,0.15,0.17580214142799377,5.2452310117930635e-17,0.0028136277105659246
2.8791666666666664,0.15,0.17591242492198944,5.3404954177073256e-17,0.0028137515764683485
2.8833333333333333,0.15,0.17602156102657318,5.426683667068411e-17,0.0028138745110481977
2.8875,0.15,0.176129549741745,5.506677657130454e-17,0.002813996747136116
2.8916666666666666,0.15,0.17623640596866608,5.583260023474083e-17,0.0028141180519014597
2.8958333333333335,0.15,0.17634211480617523,5.65792134556312e-17,0.0028142386581748724
2.9,0.15,0.17644669115543365,5.732233928305904e-17,0.002814358565956354
2.904166666666667,0.15,0.17655012011528015,5.808705121575206e-17,0.0028144775424152613
2.908333333333333,0.15,0.1766524314880371,5.887333601882047e-17,0.0028145958203822374
2.9125,0.15,0.17675361037254333,5.969687703667826e-17,0.0028147133998572826
2.9166666666666665,0.15,0.17685365676879883,6.05446246679818e-17,0.0028148300480097532
2.9208333333333334,0.15,0.17695258557796478,6.142396398123998e-17,0.002814945997670293
2.925,0.15,0.17705038189888,6.234325942680691e-17,0.002815061016008258
2.9291666666666667,0.15,0.17714707553386688,6.330330509807065e-17,0.002815175335854292
2.933333333333333,0.15,0.17724263668060303,6.428454644535046e-17,0.0028152887243777514
2.9375,0.15,0.17733708024024963,6.528898193700625e-17,0.00281540141440928
2.9416666666666664,0.15,0.1774304211139679,6.629148513475112e-17,0.0028155134059488773
2.9458333333333333,0.15,0.17752264440059662,6.729486845266774e-17,0.0028156244661659002
2.95,0.15,0.1776137799024582,6.829633271156324e-17,0.002815734827890992
2.9541666666666666,0.15,0.17770379781723022,6.92940713489798e-17,0.0028158442582935095
2.9583333333333335,0.15,0.1777927130460739,7.028067944407385e-17,0.002815952990204096
2.9625,0.15,0.17788052558898926,7.124692566120929e-17,0.0028160607907921076
2.966666666666667,0.15,0.17796725034713745,7.218643740094702e-17,0.0028161676600575447
2.970833333333333,0.15,0.1780528724193573,7.309364939212578e-17,0.002816273830831051
2.975,0.15,0.1781374216079712,7.397423940247013e-17,0.002816379303112626
2.9791666666666665,0.15,0.17822086811065674,7.481441667680759e-17,0.0028164838440716267
2.9833333333333334,0.15,0.17830322682857513,7.56022168747582e-17,0.0028165876865386963
2.9875,0.15,0.17838451266288757,7.633209457749539e-17,0.0028166903648525476
2.9916666666666667,0.15,0.17846472561359406,7.702081839039684e-17,0.0028167925775051117
2.995833333333333,0.15,0.1785438507795334,7.769152951827933e-17,0.0028168936260044575
3.0,0.15,0.17862190306186676,7.837125360611621e-17,0.002816994208842516
3.0041666666666664,0.15,0.17869888246059418,7.907663352783203e-17,0.002817093627527356
3.0083333333333333,0.15,0.17877480387687683,7.981766162522643e-17,0.0028171923477202654
3.0125,0.15,0.17884965240955353,8.060243103341264e-17,0.0028172901365906
3.0166666666666666,0.15,0.17892342805862427,8.144184730158655e-17,0.0028173872269690037
3.0208333333333335,0.15,0.17899616062641144,8.235248051177883e-17,0.002817483153194189
3.025,0.15,0.17906783521175385,8.332745513873793e-17,0.002817578613758087
3.029166666666667,0.15,0.1791384518146515,8.436407126494449e-17,0.002817672910168767
3.033333333333333,0.15,0.17920801043510437,8.543982957773705e-17,0.002817766508087516
3.0375,0.15,0.17927652597427368,8.653826587420337e-17,0.00281785917468369
3.0416666666666665,0.15,0.17934399843215942,8.765471485568864e-17,0.0028179509099572897
3.0458333333333334,0.15,0.1794104278087616,8.877987901210777e-17,0.0028180419467389584
3.05,0.15,0.1794758290052414,8.991944272863022e-17,0.0028181320521980524
3.0541666666666667,0.15,0.17954017221927643,9.106520699102437e-17,0.002818221226334572
3.058333333333333,0.15,0.17960350215435028,9.218841238375298e-17,0.0028183097019791603
3.0625,0.15,0.17966578900814056,9.328733175369703e-17,0.0028183970134705305
3.0666666666666664,0.15,0.17972704768180847,9.435102646443612e-17,0.0028184836264699697
3.0708333333333333,0.15,0.1797872930765152,9.536820715497012e-17,0.0028185693081468344
3.075,0.15,0.17984651029109955,9.634177226616544e-17,0.0028186540585011244
3.0791666666666666,0.15,0.17990471422672272,9.72786304104981e-17,0.0028187378775328398
3.0833333333333335,0.15,0.1799619048833847,9.8172475162978e-17,0.002818820998072624
3.0875,0.15,0.18001806735992432,9.901771478266428e-17,0.0028189029544591904
3.091666666666667,0.15,0.18007323145866394,9.981912706477506e-17,0.0028189842123538256
3.095833333333333,0.15,0.18012739717960358,1.0055613175567e-16,0.002819064538925886
3.1,0.15,0.18018054962158203,1.012345654417513e-16,0.002819143934175372
3.1041666666666665,0.15,0.1802327036857605,1.018695026625021e-16,0.0028192223981022835
3.1083333333333334,0.15,0.18028387427330017,1.0247137251108548e-16,0.002819300163537264
3.1125,0.15,0.18033403158187866,1.0302710553382311e-16,0.002819376764819026
3.1166666666666667,0.15,0.18038320541381836,1.0354206186108432e-16,0.0028194524347782135
3.120833333333333,0.15,0.18043139576911926,1.0404689349764788e-16,0.00281952740624547
3.125,0.15,0.18047860264778137,1.0453765644635315e-16,0.0028196012135595083
3.1291666666666664,0.15,0.1805248260498047,1.0503105975557368e-16,0.0028196743223816156
3.1333333333333333,0.15,0.1805700659751892,1.0553347602474858e-16,0.0028197462670505047
3.1375,0.15,0.18061433732509613,1.0607015080617299e-16,0.0028198175132274628
3.1416666666666666,0.15,0.18065764009952545,1.0662387212566089e-16,0.0028198878280818462
3.1458333333333335,0.15,0.18069997429847717,1.0720312354757462e-16,0.0028199569787830114
3.15,0.15,0.1807413399219513,1.077940150550682e-16,0.0028200254309922457
3.154166666666667,0.15,0.180781751871109,1.0839364158983034e-16,0.0028200927190482616
3.158333333333333,0.15,0.18082119524478912,1.0901118154793793e-16,0.0028201593086123466
3.1625,0.15,0.18085968494415283,1.0965870514888934e-16,0.002820224966853857
3.1666666666666665,0.15,0.18089722096920013,1.1031829235189422e-16,0.002820289460942149
3.1708333333333334,0.15,0.18093381822109222,1.1099847304342923e-16,0.0028203532565385103
3.175,0.15,0.1809694617986679,1.1169573336025223e-16,0.002820415887981653
3.1791666666666667,0.15,0.18100416660308838,1.1240424995085085e-16,0.0028204775881022215
3.183333333333333,0.15,0.18103791773319244,1.1311193274339201e-16,0.002820538589730859
3.1875,0.15,0.18107075989246368,1.1382209046032594e-16,0.002820598427206278
3.1916666666666664,0.15,0.18110264837741852,1.1451228996344019e-16,0.0028206573333591223
3.1958333333333333,0.15,0.18113361299037933,1.1515086016144132e-16,0.002820715308189392
3.2,0.15,0.18116365373134613,1.1572692197491305e-16,0.0028207723516970873
3.2041666666666666,0.15,0.1811927706003189,1.1622608907864185e-16,0.002820828231051564
3.2083333333333335,0.15,0.18122096359729767,1.1661969470131908e-16,0.00282088341191411
3.2125,0.15,0.1812482476234436,1.1691079610248874e-16,0.002820937428623438
3.216666666666667,0.15,0.1812746226787567,1.1712096615252622e-16,0.0028209907468408346
3.220833333333333,0.15,0.1813000738620758,1.1727918926009536e-16,0.002821042900905013
3.225,0.15,0.18132463097572327,1.1740403397558676e-16,0.002821094123646617
3.2291666666666665,0.15,0.1813482791185379,1.175279390139023e-16,0.002821144415065646
3.2333333333333334,0.15,0.1813710331916809,1.176682553155709e-16,0.002821193775162101
3.2375,0.15,0.18139289319515228,1.1783592813445785e-16,0.002821241971105337
3.2416666666666667,0.15,0.18141385912895203,1.180689945438508e-16,0.0028212894685566425
3.245833333333333,0.15,0.18143393099308014,1.1838182763407345e-16,0.0028213358018547297
3.25,0.15,0.18145312368869781,1.1877997282395237e-16,0.002821381203830242
3.2541666666666664,0.15,0.18147142231464386,1.1926961080702456e-16,0.00282142567448318
3.2583333333333333,0.15,0.18148885667324066,1.198707527366689e-16,0.0028214689809828997
3.2624999999999997,0.15,0.18150539696216583,1.205728239359345e-16,0.0028215115889906883
3.2666666666666666,0.15,0.18152108788490295,1.213652894325399e-16,0.0028215530328452587
3.2708333333333335,0.15,0.18153589963912964,1.2223525844381908e-16,0.0028215935453772545
3.275,0.15,0.1815498322248459,1.2315091429469078e-16,0.0028216331265866756
3.279166666666667,0.15,0.18156291544437408,1.2408329904627075e-16,0.0028216715436428785
3.283333333333333,0.15,0.18157514929771423,1.2500644584476973e-16,0.0028217092622071505
3.2875,0.15,0.18158651888370514,1.25909369731653e-16,0.002821745816618204
3.2916666666666665,0.15,0.1815970242023468,1.267748388803999e-16,0.002821781439706683
3.2958333333333334,0.15,0.1816066950559616,1.276202042315393e-16,0.002821815898641944
3.3,0.15,0.18161551654338837,1.2843568520150837e-16,0.0028218496590852737
3.3041666666666667,0.15,0.18162350356578827,1.292288256774936e-16,0.0028218822553753853
3.308333333333333,0.15,0.18163064122200012,1.300025373352512e-16,0.002821913920342922
3.3125,0.15,0.1816369593143463,1.3076429788751864e-16,0.002821944421157241
3.3166666666666664,0.15,0.18164242804050446,1.3150840309679175e-16,0.002821973990648985
3.3208333333333333,0.15,0.18164709210395813,1.3223023398653002e-16,0.002822002861648798
3.3249999999999997,0.15,0.18165090680122375,1.3293444923794337e-16,0.002822030335664749
3.3291666666666666,0.15,0.1816539168357849,1.3362389435233896e-16,0.0028220571111887693
3.3333333333333335,0.15,0.1816561073064804,1.3429286509221265e-16,0.0028220827225595713
3.3375,0.15,0.18165747821331024,1.3495000384060438e-16,0.0028221074026077986
3.341666666666667,0.15,0.1816580444574356,1.3560743375657172e-16,0.0028221311513334513
3.345833333333333,0.15,0.1816578060388565,1.362622696341381e-16,0.0028221539687365294
3.35,0.15,0.18165676295757294,1.3693121390423218e-16,0.002822175621986389
3.3541666666666665,0.15,0.1816549152135849,1.3764250982168898e-16,0.0028221963439136744
3.3583333333333334,0.15,0.1816522628068924,1.3840307923387434e-16,0.0028222159016877413
3.3625,0.15,0.1816488355398178,1.3922889665277788e-16,0.0028222347609698772
3.3666666666666667,0.15,0.18164460361003876,1.4014124378119937e-16,0.002822252456098795
3.370833333333333,0.15,0.18163959681987762,1.4112957241196753e-16,0.0028222689870744944
3.375,0.15,0.18163380026817322,1.421741757941689e-16,0.002822284819558263
3.3791666666666664,0.15,0.18162722885608673,1.432818037216019e-16,0.002822299487888813
3.3833333333333333,0.15,0.18161988258361816,1.444160470124244e-16,0.0028223132248967886
3.3874999999999997,0.15,0.1816117763519287,1.4555203730870064e-16,0.0028223260305821896
3.3916666666666666,0.15,0.18160288035869598,1.4667417067535537e-16,0.0028223376721143723
3.3958333333333335,0.15,0.18159322440624237,1.4775651996326876e-16,0.0028223483823239803
3.4,0.15,0.18158282339572906,1.487772343693796e-16,0.002822358161211014
3.404166666666667,0.15,0.18157164752483368,1.4968914474643765e-16,0.0028223670087754726
3.408333333333333,0.15,0.1815597265958786,1.5044693483176483e-16,0.0028223746921867132
3.4125,0.15,0.18154704570770264,1.5103174490739492e-16,0.002822381444275379
3.4166666666666665,0.15,0.18153361976146698,1.5142729605887288e-16,0.0028223872650414705
3.4208333333333334,0.15,0.18151944875717163,1.5162465473558313e-16,0.0028223919216543436
3.425,0.15,0.18150454759597778,1.516352558823136e-16,0.002822395646944642
3.4291666666666667,0.15,0.18148890137672424,1.514807517787785e-16,0.002822398440912366
3.433333333333333,0.15,0.1814725250005722,1.5118921362624542e-16,0.002822400303557515
3.4375,0.15,0.18145541846752167,1.507944698030453e-16,0.002822401002049446
3.4416666666666664,0.15,0.18143759667873383,1.5036421677050953e-16,0.0028224007692188025
3.4458333333333333,0.15,0.1814190298318863,1.4996893031682759e-16,0.002822399605065584
3.4499999999999997,0.15,0.18139976263046265,1.4967315699955823e-16,0.0028223972767591476
3.4541666666666666,0.15,0.1813797652721405,1.4952638207166682e-16,0.0028223940171301365
3.4583333333333335,0.15,0.18135906755924225,1.4956699994846562e-16,0.0028223898261785507
3.4625,0.15,0.1813376545906067,1.4981883343159616e-16,0.0028223847039043903
3.466666666666667,0.15,0.18131554126739502,1.502779649936774e-16,0.0028223786503076553
3.470833333333333,0.15,0.18129272758960724,1.5092039977950038e-16,0.002822371432557702
3.475,0.15,0.18126921355724335,1.517301368072959e-16,0.002822363283485174
3.4791666666666665,0.15,0.18124501407146454,1.5269701168169687e-16,0.0028223542030900717
3.4833333333333334,0.15,0.18122011423110962,1.5378262998739107e-16,0.002822343958541751
3.4875,0.15,0.18119452893733978,1.5496017783764196e-16,0.0028223327826708555
3.4916666666666667,0.15,0.18116825819015503,1.5619136669625569e-16,0.0028223206754773855
3.495833333333333,0.15,0.18114131689071655,1.574270554174017e-16,0.002822307636961341
3.5,0.15,0.18111369013786316,1.5861644849402435e-16,0.0028222936671227217
3.5041666666666664,0.15,0.18108539283275604,1.5972377201899194e-16,0.002822278533130884
3.5083333333333333,0.15,0.1810564249753952,1.607122329986581e-16,0.002822262467816472
3.5124999999999997,0.15,0.18102678656578064,1.6154110767710564e-16,0.0028222454711794853
3.5166666666666666,0.15,0.18099649250507355,1.6219051724985367e-16,0.002822227543219924
3.5208333333333335,0.15,0.18096554279327393,1.6263943147700865e-16,0.0028222084511071444
3.525,0.15,0.18093393743038177,1.6287834770769356e-16,0.0028221886605024338
3.529166666666667,0.15,0.1809016764163971,1.629272506255077e-16,0.002822167705744505
3.533333333333333,0.15,0.18086875975131989,1.6278081980475111e-16,0.0028221458196640015
3.5375,0.15,0.18083520233631134,1.624670999769118e-16,0.0028221227694302797
3.5416666666666665,0.15,0.18080101907253265,1.62027344293499e-16,0.002822099020704627
3.5458333333333334,0.15,0.18076618015766144,1.6149412381831263e-16,0.0028220743406563997
3.55,0.15,0.18073071539402008,1.6090743438833082e-16,0.002822048496454954
3.5541666666666667,0.15,0.18069462478160858,1.6032437131815444e-16,0.002822021720930934
3.558333333333333,0.15,0.18065789341926575,1.5978940383751434e-16,0.002821994014084339
3.5625,0.15,0.18062055110931396,1.5933190016687861e-16,0.002821965143084526
3.5666666666666664,0.15,0.18058258295059204,1.5896164088981008e-16,0.002821935573592782
3.5708333333333333,0.15,0.18054400384426117,1.5868485963940493e-16,0.0028219050727784634
3.5749999999999997,0.15,0.18050479888916016,1.5852731151121564e-16,0.0028218734078109264
3.5791666666666666,0.15,0.1804649978876114,1.5849806240475576e-16,0.002821840811520815
3.5833333333333335,0.15,0.18042458593845367,1.5858366567198765e-16,0.0028218072839081287
3.5875,0.15,0.1803835779428482,1.5878498158074835e-16,0.0028217730578035116
3.591666666666667,0.15,0.1803419589996338,1.591053585581575e-16,0.0028217374347150326
3.595833333333333,0.15,0.1802997589111328,1.595359821676077e-16,0.0028217011131346226
3.6,0.15,0.18025696277618408,1.600759392017027e-16,0.002821663860231638
3.6041666666666665,0.15,0.1802135705947876,1.607044244136756e-16,0.0028216256760060787
3.6083333333333334,0.15,0.18016961216926575,1.613952856612799e-16,0.002821586327627301
3.6125,0.15,0.18012505769729614,1.621160842296137e-16,0.0028215462807565928
3.6166666666666667,0.15,0.18007992208003998,1.6283618134878806e-16,0.002821505069732666
3.620833333333333,0.15,0.18003422021865845,1.6353532763740768e-16,0.0028214631602168083
3.625,0.15,0.17998795211315155,1.6418015793828462e-16,0.0028214200865477324
3.6291666666666664,0.15,0.1799411028623581,1.6474944348817831e-16,0.0028213763143867254
3.6333333333333333,0.15,0.17989370226860046,1.652202349881741e-16,0.0028213313780725002
3.6374999999999997,0.15,0.17984573543071747,1.6557993282318155e-16,0.0028212855104357004
3.6416666666666666,0.15,0.1797972172498703,1.6582058282443038e-16,0.0028212389443069696
3.6458333333333335,0.15,0.17974814772605896,1.659207047657738e-16,0.0028211912140250206
3.65,0.15,0.17969852685928345,1.6589194535023656e-16,0.002821142552420497
3.654166666666667,0.15,0.17964835464954376,1.6573455604072487e-16,0.0028210931923240423
3.658333333333333,0.15,0.1795976459980011,1.6546157320369257e-16,0.0028210426680743694
3.6625,0.15,0.17954638600349426,1.6509057277279518e-16,0.002820991212502122
3.6666666666666665,0.15,0.17949460446834564,1.6466263584597455e-16,0.0028209390584379435
3.6708333333333334,0.15,0.17944228649139404,1.6421013496368354e-16,0.0028208857402205467
3.675,0.15,0.17938944697380066,1.6377220569506327e-16,0.002820831723511219
3.6791666666666667,0.15,0.1793360710144043,1.633765618993567e-16,0.002820776542648673
3.683333333333333,0.15,0.17928217351436615,1.63053630588216e-16,0.002820720663294196
3.6875,0.15,0.1792277693748474,1.6282068329283127e-16,0.0028206638526171446
3.6916666666666664,0.15,0.1791728436946869,1.626917489963914e-16,0.0028206061106175184
3.6958333333333333,0.15,0.17911739647388458,1.626684158856725e-16,0.0028205474372953176
3.6999999999999997,0.15,0.17906145751476288,1.6272633176344102e-16,0.0028204878326505423
3.7041666666666666,0.15,0.1790049970149994,1.6286460989208028e-16,0.0028204272966831923
3.7083333333333335,0.15,0.1789480596780777,1.630674610480579e-16,0.0028203660622239113
3.7125,0.15,0.17889060080051422,1.6330710519768185e-16,0.002820303663611412
3.716666666666667,0.15,0.17883266508579254,1.6356497379056158e-16,0.002820240566506982
3.720833333333333,0.15,0.17877422273159027,1.6380764872994994e-16,0.002820176538079977
3.725,0.15,0.1787153035402298,1.6401959225522073e-16,0.0028201115783303976
3.7291666666666665,0.15,0.17865590751171112,1.64176677162267e-16,0.0028200456872582436
3.7333333333333334,0.15,0.17859601974487305,1.642595275724203e-16,0.002819978864863515
3.7375,0.15,0.17853565514087677,1.6426830230435827e-16,0.0028199113439768553
3.7416666666666667,0.15,0.17847482860088348,1.642003014405615e-16,0.002819842891767621
3.745833333333333,0.15,0.1784135103225708,1.64061308627873e-16,0.002819773508235812
3.75,0.15,0.1783517450094223,1.6384867688833257e-16,0.0028197031933814287
3.7541666666666664,0.15,0.1782895028591156,1.635653708372556e-16,0.0028196321800351143
3.7583333333333333,0.15,0.17822681367397308,1.6320302602428798e-16,0.0028195600025355816
3.7624999999999997,0.15,0.17816366255283356,1.6276926574595497e-16,0.002819487126544118
3.7666666666666666,0.15,0.17810006439685822,1.6227164712433287e-16,0.0028194135520607233
3.7708333333333335,0.15,0.17803600430488586,1.6171492148486018e-16,0.0028193388134241104
3.775,0.15,0.1779714971780777,1.6112615417717964e-16,0.0028192633762955666
3.779166666666667,0.15,0.1779065579175949,1.6051075827121979e-16,0.0028191872406750917
3.783333333333333,0.15,0.1778411716222763,1.598947535603291e-16,0.0028191099409013987
3.7875,0.15,0.17777535319328308,1.59290938182945e-16,0.0028190319426357746
3.7916666666666665,0.15,0.17770910263061523,1.5872522605329752e-16,0.002818953013047576
3.7958333333333334,0.15,0.17764241993427277,1.5820595515196123e-16,0.0028188733849674463
3.8,0.15,0.17757532000541687,1.5774412367236063e-16,0.002818792825564742
3.8041666666666667,0.15,0.17750778794288635,1.573505974590222e-16,0.0028187113348394632
3.808333333333333,0.15,0.1774398386478424,1.5702893669730238e-16,0.0028186291456222534
3.8125,0.15,0.17737147212028503,1.5677892962896435e-16,0.002818546025082469
3.8166666666666664,0.15,0.17730268836021423,1.5659767781314173e-16,0.0028184622060507536
3.8208333333333333,0.15,0.1772335022687912,1.5646833323511804e-16,0.0028183774556964636
3.8249999999999997,0.15,0.17716389894485474,1.5637977858746056e-16,0.002818291774019599
3.8291666666666666,0.15,0.17709390819072723,1.5631247917282325e-16,0.0028182053938508034
3.8333333333333335,0.15,0.1770235151052475,1.5626088957237954e-16,0.002818118082359433
3.8375,0.15,0.17695271968841553,1.562149645047706e-16,0.002818030072376132
3.841666666666667,0.15,0.17688153684139252,1.5615520897731977e-16,0.0028179411310702562
3.845833333333333,0.15,0.17680995166301727,1.560603942267865e-16,0.0028178514912724495
3.85,0.15,0.17673799395561218,1.5592697330270414e-16,0.002817760920152068
3.8541666666666665,0.15,0.17666564881801605,1.557393025653281e-16,0.002817669650539756
3.8583333333333334,0.15,0.17659291625022888,1.554678549755127e-16,0.002817577449604869
3.8625,0.15,0.17651981115341187,1.5510355139885455e-16,0.002817484550178051
3.8666666666666667,0.15,0.1764463484287262,1.5462725418470162e-16,0.002817390952259302
3.870833333333333,0.15,0.1763724982738495,1.5403552226170568e-16,0.002817296190187335
3.875,0.15,0.17629829049110413,1.5333783181096416e-16,0.0028172009624540806
3.8791666666666664,0.15,0.17622371017932892,1.5254547219347716e-16,0.0028171048033982515
3.8833333333333333,0.15,0.17614877223968506,1.5167527818907138e-16,0.0028170079458504915
3.8874999999999997,0.15,0.17607347667217255,1.5074400516823467e-16,0.002816910156980157
3.8916666666666666,0.15,0.17599783837795258,1.4976835556189573e-16,0.0028168116696178913
3.8958333333333335,0.15,0.17592182755470276,1.4876419800292576e-16,0.002816712250933051
3.9,0.15,0.17584548890590668,1.4773149278665535e-16,0.0028166123665869236
3.904166666666667,0.15,0.17576879262924194,1.4667676471375634e-16,0.002816511318087578
3.908333333333333,0.15,0.17569176852703094,1.4562226163398394e-16,0.0028164098039269447
3.9125,0.15,0.1756144016981125,1.4459287837505355e-16,0.002816307358443737
3.9166666666666665,0.15,0.17553669214248657,1.4361631556131834e-16,0.0028162042144685984
3.9208333333333334,0.15,0.17545866966247559,1.4271372254668008e-16,0.0028161003720015287
3.925,0.15,0.17538030445575714,1.4187656282721721e-16,0.0028159955982118845
3.9291666666666667,0.15,0.17530161142349243,1.4111124208959335e-16,0.0028158901259303093
3.933333333333333,0.15,0.17522260546684265,1.4041108994934887e-16,0.002815783955156803
3.9375,0.15,0.1751432716846466,1.3977417411257284e-16,0.0028156768530607224
3.9416666666666664,0.15,0.17506363987922668,1.3919295069207878e-16,0.0028155690524727106
3.9458333333333333,0.15,0.1749836802482605,1.3866366097916325e-16,0.0028154607862234116
3.9499999999999997,0.15,0.17490340769290924,1.3818336682829046e-16,0.0028153513558208942
3.9541666666666666,0.15,0.1748228371143341,1.3773263942123276e-16,0.0028152414597570896
3.9583333333333335,0.15,0.1747419685125351,1.373058274600452e-16,0.002815130865201354
3.9625,0.15,0.174660786986351,1.3689738552590122e-16,0.002815019339323044
3.966666666666667,0.15,0.17457932233810425,1.3649337727984052e-16,0.0028149071149528027
3.970833333333333,0.15,0.1744975447654724,1.3609197630707058e-16,0.0028147941920906305
3.975,0.15,0.1744154989719391,1.356913429579091e-16,0.0028146805707365274
3.9791666666666665,0.15,0.17433315515518188,1.3526740296780832e-16,0.0028145660180598497
3.9833333333333334,0.15,0.174250528216362,1.3479994666004236e-16,0.0028144509997218847
3.9875,0.15,0.17416761815547943,1.342890005043908e-16,0.002814335050061345
3.9916666666666667,0.15,0.17408442497253418,1.3374020256390882e-16,0.002814218634739518
3.995833333333333,0.15,0.17400096356868744,1.3314164143777565e-16,0.0028141012880951166
4.0,0.15,0.17391721904277802,1.3249610968773927e-16,0.002813983242958784
4.004166666666666,0.15,0.1738332211971283,1.3180654545933546e-16,0.0028138647321611643
4.008333333333333,0.15,0.1737489402294159,1.3106375050415264e-16,0.00281374529004097
4.0125,0.15,0.1736644059419632,1.3025943978117548e-16,0.0028136251494288445
4.016666666666667,0.15,0.1735796183347702,1.2939007957482715e-16,0.002813504310324788
4.020833333333333,0.15,0.17349456250667572,1.2845577576422605e-16,0.0028133827727288008
4.025,0.15,0.17340925335884094,1.2743826420144702e-16,0.0028132605366408825
4.029166666666667,0.15,0.17332370579242706,1.263506209576133e-16,0.0028131376020610332
4.033333333333333,0.15,0.1732378900051117,1.251931107305209e-16,0.0028130142018198967
4.0375,0.15,0.17315185070037842,1.2399440029147845e-16,0.0028128898702561855
4.041666666666667,0.15,0.17306555807590485,1.22783196116464e-16,0.0028127648402005434
4.045833333333333,0.15,0.17297902703285217,1.2156238341145414e-16,0.0028126391116529703
4.05,0.15,0.1728922575712204,1.2034857196314893e-16,0.00281251291744411
4.054166666666666,0.15,0.17280524969100952,1.1916760951132942e-16,0.002812385791912675
4.058333333333334,0.15,0.17271801829338074,1.1803429266279297e-16,0.0028122582007199526
4.0625,0.15,0.17263056337833405,1.1696047987880113e-16,0.0028121299110352993
4.066666666666666,0.15,0.17254287004470825,1.1592507474501135e-16,0.0028120006900280714
4.070833333333333,0.15,0.17245496809482574,1.1492332593598514e-16,0.0028118712361902
4.075,0.15,0.17236684262752533,1.1395691428272718e-16,0.0028117408510297537
4.079166666666667,0.15,0.1722785085439682,1.1301731651620575e-16,0.0028116097673773766
4.083333333333333,0.15,0.17218995094299316,1.1209717403769156e-16,0.0028114779852330685
4.0875,0.15,0.1721011847257614,1.1117712420340598e-16,0.002811345737427473
4.091666666666667,0.15,0.17201222479343414,1.1024497767984242e-16,0.0028112127911299467
4.095833333333333,0.15,0.17192304134368896,1.0928334382180258e-16,0.0028110791463404894
4.1,0.15,0.17183366417884827,1.0828659780112108e-16,0.002810944803059101
4.104166666666667,0.15,0.17174409329891205,1.0725753879699081e-16,0.0028108099941164255
4.108333333333333,0.15,0.1716543287038803,1.0619077359181792e-16,0.002810674486681819
4.1125,0.15,0.17156437039375305,1.0508638821238612e-16,0.0028105382807552814
4.116666666666666,0.15,0.17147421836853027,1.0394444883314442e-16,0.002810401376336813
4.120833333333334,0.15,0.17138387262821198,1.0276504148087651e-16,0.002810264006257057
4.125,0.15,0.17129334807395935,1.0155364539995995e-16,0.0028101259376853704
4.129166666666666,0.15,0.1712026447057724,1.0030763346476927e-16,0.0028099871706217527
4.133333333333333,0.15,0.17111176252365112,9.902977838471775e-17,0.0028098479378968477
4.1375,0.15,0.17102070152759552,9.77201397168095e-17,0.0028097080066800117
4.141666666666667,0.15,0.1709294617176056,9.637607048308434e-17,0.002809567376971245
4.145833333333333,0.15,0.17083805799484253,9.500033677551064e-17,0.002809426048770547
4.15,0.15,0.17074649035930634,9.359955603898884e-17,0.0028092842549085617
4.154166666666667,0.15,0.170654758810997,9.218840576630808e-17,0.002809141995385289
4.158333333333333,0.15,0.17056286334991455,9.077613714543914e-17,0.0028089990373700857
4.1625,0.15,0.17047080397605896,8.937393365826375e-17,0.0028088553808629513
4.166666666666667,0.15,0.17037858068943024,8.799636691845264e-17,0.002808711025863886
4.170833333333333,0.15,0.17028620839118958,8.665190063803345e-17,0.002808566205203533
4.175,0.15,0.17019370198249817,8.534774783194765e-17,0.002808420918881893
4.179166666666666,0.15,0.17010103166103363,8.409115460236119e-17,0.0028082747012376785
4.183333333333334,0.15,0.17000821232795715,8.288781195188845e-17,0.0028081282507628202
4.1875,0.15,0.16991525888442993,8.174952540223178e-17,0.002807981101796031
4.191666666666666,0.15,0.16982215642929077,8.067080909156873e-17,0.002807833254337311
4.195833333333333,0.15,0.16972891986370087,7.964614407085234e-17,0.0028076849412173033
4.2,0.15,0.16963554918766022,7.866428068375189e-17,0.002807535929605365
4.204166666666667,0.15,0.16954204440116882,7.77112693564173e-17,0.002807386452332139
4.208333333333333,0.15,0.16944842040538788,7.677781257876346e-17,0.0028072362765669823
4.2125,0.15,0.1693546622991562,7.584466682101994e-17,0.002807085635140538
4.216666666666667,0.15,0.16926077008247375,7.491136224459881e-17,0.002806934528052807
4.220833333333333,0.15,0.16916677355766296,7.397792531927967e-17,0.0028067827224731445
4.225,0.15,0.16907264292240143,7.304166274498805e-17,0.0028066302184015512
4.229166666666667,0.15,0.16897840797901154,7.210258113916885e-17,0.0028064772486686707
4.233333333333333,0.15,0.1688840389251709,7.116336056700674e-17,0.0028063238132745028
4.2375,0.15,0.1687895804643631,7.022401426339152e-17,0.0028061699122190475
4.241666666666666,0.15,0.16869500279426575,6.928719582372826e-17,0.0028060150798410177
4.245833333333334,0.15,0.16860032081604004,6.836676879508336e-17,0.0028058600146323442
4.25,0.15,0.16850553452968597,6.747657025474359e-17,0.00280570425093174
4.254166666666666,0.15,0.16841064393520355,6.663035787065694e-17,0.002805548021569848
4.258333333333333,0.15,0.16831564903259277,6.58419223979959e-17,0.002805391326546669
4.2625,0.15,0.16822056472301483,6.511240865472823e-17,0.002805233933031559
4.266666666666667,0.15,0.16812539100646973,6.444699810021097e-17,0.0028050760738551617
4.270833333333333,0.15,0.16803012788295746,6.384025781218088e-17,0.002804917749017477
4.275,0.15,0.16793476045131683,6.329738910232968e-17,0.0028047587256878614
4.279166666666667,0.15,0.16783931851387024,6.280763862269418e-17,0.0028045992366969585
4.283333333333333,0.15,0.16774378716945648,6.236235075534463e-17,0.0028044392820447683
4.2875,0.15,0.16764818131923676,6.1946907564496e-17,0.002804278861731291
4.291666666666667,0.15,0.16755250096321106,6.154736609374309e-17,0.0028041177429258823
4.295833333333333,0.15,0.1674567312002182,6.115784343456942e-17,0.0028039561584591866
4.3,0.15,0.16736090183258057,6.076836709751005e-17,0.0028037941083312035
4.304166666666666,0.15,0.16726498305797577,6.037431148857959e-17,0.002803631592541933
4.308333333333334,0.15,0.1671690046787262,5.996980031670646e-17,0.0028034683782607317
4.3125,0.15,0.16707296669483185,5.954955947830502e-17,0.002803304698318243
4.316666666666666,0.15,0.16697685420513153,5.911890278163031e-17,0.0028031407855451107
4.320833333333333,0.15,0.16688068211078644,5.86725627405416e-17,0.0028029759414494038
4.325,0.15,0.16678445041179657,5.821585316329392e-17,0.002802810864523053
4.329166666666667,0.15,0.16668817400932312,5.77461535417067e-17,0.0028026453219354153
4.333333333333333,0.15,0.1665918231010437,5.726349696300446e-17,0.0028024790808558464
4.3375,0.15,0.1664954274892807,5.676526953645152e-17,0.0028023123741149902
4.341666666666667,0.15,0.16639898717403412,5.625412485745296e-17,0.0028021454345434904
4.345833333333333,0.15,0.16630250215530396,5.573273637374853e-17,0.0028019777964800596
4.35,0.15,0.16620595753192902,5.5195846525364864e-17,0.0028018096927553415
4.354166666666667,0.15,0.1661093831062317,5.464877242927944e-17,0.0028016408905386925
4.358333333333333,0.15,0.16601276397705078,5.409150746804737e-17,0.0028014718554913998
4.3625,0.15,0.1659161001443863,5.3518830477642206e-17,0.0028013023547828197
4.366666666666666,0.15,0.16581940650939941,5.2936022179094494e-17,0.0028011323884129524
4.370833333333334,0.15,0.16572268307209015,5.2343099116016484e-17,0.002800961723551154
4.375,0.15,0.1656259149312973,5.174008444946533e-17,0.002800790825858712
4.379166666666666,0.15,0.16552913188934326,5.112175039796969e-17,0.0028006192296743393
4.383333333333333,0.15,0.16543230414390564,5.0490753865657087e-17,0.0028004474006593227
4.3875,0.15,0.16533547639846802,4.984972859559789e-17,0.0028002748731523752
4.391666666666667,0.15,0.16523860394954681,4.919609047555849e-17,0.002800102112814784
4.395833333333333,0.15,0.16514171659946442,4.852985274042868e-17,0.002799928653985262
4.4,0.15,0.16504482924938202,4.785366236816863e-17,0.002799754962325096
4.404166666666667,0.15,0.16494791209697723,4.7167532593668147e-17,0.002799580805003643
4.408333333333333,0.15,0.16485098004341125,4.64859456950918e-17,0.002799405949190259
4.4125,0.15,0.16475403308868408,4.582275860206109e-17,0.0027992308605462313
4.416666666666667,0.15,0.1646570861339569,4.5183936941153735e-17,0.0027990553062409163
4.420833333333333,0.15,0.16456012427806854,4.456424962217596e-17,0.0027988790534436703
4.425,0.15,0.16446316242218018,4.394977684977972e-17,0.0027987025678157806
4.429166666666666,0.15,0.1643662005662918,4.333330560902355e-17,0.0027985256165266037
4.433333333333334,0.15,0.16426922380924225,4.271080918468554e-17,0.0027983481995761395
4.4375,0.15,0.16417226195335388,4.208026925607107e-17,0.002798170316964388
4.441666666666666,0.15,0.16407530009746552,4.142467237234114e-17,0.0027979922015219927
4.445833333333333,0.15,0.16397835314273834,4.073801320224862e-17,0.0027978133875876665
4.45,0.15,0.16388140618801117,4.0003324617068824e-17,0.002797634107992053
4.454166666666667,0.15,0.163784459233284,3.922645312937127e-17,0.002797454595565796
4.458333333333333,0.15,0.1636875420808792,3.840230661530509e-17,0.0027972746174782515
4.4625,0.15,0.16359062492847443,3.753097441037643e-17,0.0027970941737294197
4.466666666666667,0.15,0.16349373757839203,3.662290876880552e-17,0.0027969132643193007
4.470833333333333,0.15,0.16339685022830963,3.569203610338529e-17,0.0027967318892478943
4.475,0.15,0.16329999268054962,3.4747078206494514e-17,0.0027965502813458443
4.479166666666667,0.15,0.163203164935112,3.3788068165357686e-17,0.002796368207782507
4.483333333333333,0.15,0.16310635209083557,3.2832022739536247e-17,0.0027961856685578823
4.4875,0.15,0.16300956904888153,3.188503328706104e-17,0.0027960026636719704
4.491666666666666,0.15,0.16291281580924988,3.096610841840853e-17,0.002795819193124771
4.495833333333334,0.15,0.1628160923719406,3.008442983837806e-17,0.002795635489746928
4.5,0.15,0.16271941363811493,2.925119095501869e-17,0.0027954510878771544
4.504166666666666,0.15,0.16262274980545044,2.847243680424697e-17,0.002795266453176737
4.508333333333333,0.15,0.16252613067626953,2.775062080375972e-17,0.0027950815856456757
4.5125,0.15,0.162429541349411,2.7083071160178402e-17,0.0027948960196226835
4.516666666666667,0.15,0.16233301162719727,2.646453196789085e-17,0.0027947102207690477
4.520833333333333,0.15,0.1622365117073059,2.5872340132474336e-17,0.0027945241890847683
4.525,0.15,0.16214005649089813,2.5281309658637847e-17,0.002794337458908558
4.529166666666667,0.15,0.16204364597797394,2.4682712136557723e-17,0.002794150495901704
4.533333333333333,0.15,0.16194728016853333,2.4047829509727348e-17,0.0027939630672335625
4.5375,0.15,0.1618509739637375,2.336082457813878e-17,0.002793775172904134
4.541666666666667,0.15,0.16175471246242523,2.2593588090216246e-17,0.0027935870457440615
4.545833333333333,0.15,0.16165851056575775,2.1737537219923893e-17,0.002793398452922702
4.55,0.15,0.16156236827373505,2.079952764017856e-17,0.002793209394440055
4.554166666666666,0.15,0.16146627068519592,1.97628056348536e-17,0.0027930201031267643
4.558333333333334,0.15,0.16137023270130157,1.8625996429770948e-17,0.0027928303461521864
4.5625,0.15,0.1612742692232132,1.738418988081449e-17,0.002792640356346965
4.566666666666666,0.15,0.1611783653497696,1.6073452717052763e-17,0.0027924496680498123
4.570833333333333,0.15,0.16108252108097076,1.4704728537989844e-17,0.00279225897975266
4.575,0.15,0.1609867364168167,1.3320180393808785e-17,0.0027920675929635763
4.579166666666667,0.15,0.16089104115962982,1.193576294416451e-17,0.002791875973343849
4.583333333333333,0.15,0.1607953906059265,1.0572494848421991e-17,0.0027916841208934784
4.5875,0.15,0.16069982945919037,9.244665651663081e-18,0.0027914918027818203
4.591666666666667,0.15,0.1606043428182602,7.933260953147024e-18,0.002791299019008875
4.595833333333333,0.15,0.160508930683136,6.636174337443953e-18,0.002791106002405286
4.6,0.15,0.16041359305381775,5.344609152329674e-18,0.0027909125201404095
4.604166666666667,0.15,0.16031832993030548,4.044700196376573e-18,0.002790718572214246
4.608333333333333,0.15,0.16022315621376038,2.7175310897464802e-18,0.0027905243914574385
4.6125,0.15,0.16012805700302124,1.3564579177593703e-18,0.0027903299778699875
4.616666666666666,0.15,0.16003304719924927,-5.2307800010556396e-20,0.002790135098621249
4.620833333333334,0.15,0.15993812680244446,-1.5275949690516913e-18,0.0027899397537112236
4.625,0.15,0.15984328091144562,-3.0642078611414357e-18,0.0027897441759705544
4.629166666666666,0.15,0.15974853932857513,-4.643110362047954e-18,0.0027895483653992414
4.633333333333333,0.15,0.15965388715267181,-6.238598247826466e-18,0.0027893520891666412
4.6375,0.15,0.15955932438373566,-7.837223629668392e-18,0.0027891553472727537
4.641666666666667,0.15,0.15946485102176666,-9.418414939329844e-18,0.0027889583725482225
4.645833333333333,0.15,0.15937048196792603,-1.0950312901928037e-17,0.0027887611649930477
4.65,0.15,0.15927620232105255,-1.2385972536158747e-17,0.0027885634917765856
4.654166666666667,0.15,0.15918202698230743,-1.370710901458149e-17,0.002788365352898836
4.658333333333333,0.15,0.15908795595169067,-1.489756915419433e-17,0.002788166981190443
4.6625,0.15,0.15899398922920227,-1.5942078237805866e-17,0.0027879683766514063
4.666666666666667,0.15,0.15890011191368103,-1.684050226215686e-17,0.0027877693064510822
4.670833333333333,0.15,0.15880635380744934,-1.760529029546624e-17,0.0027875700034201145
4.675,0.15,0.158712700009346,-1.8250557347706605e-17,0.0027873702347278595
4.679166666666666,0.15,0.15861916542053223,-1.880424888869245e-17,0.002787170233204961
4.683333333333334,0.15,0.1585257351398468,-1.928460755965302e-17,0.0027869699988514185
4.6875,0.15,0.15843240916728973,-1.9718182549528814e-17,0.002786769298836589
4.691666666666666,0.15,0.15833920240402222,-2.0111392779873247e-17,0.0027865683659911156
4.695833333333333,0.15,0.15824611485004425,-2.049743631739052e-17,0.002786366967484355
4.7,0.15,0.15815313160419464,-2.088767862369711e-17,0.0027861653361469507
4.704166666666667,0.15,0.15806028246879578,-2.1279211331759286e-17,0.002785963239148259
4.708333333333333,0.15,0.15796753764152527,-2.1679541932816575e-17,0.0027857611421495676
4.7125,0.15,0.1578749269247055,-2.2086923421415266e-17,0.002785558346658945
4.716666666666667,0.15,0.1577824354171753,-2.2503842302476693e-17,0.0027853555511683226
4.720833333333333,0.15,0.15769006311893463,-2.29227828129552e-17,0.0027851522900164127
4.725,0.15,0.15759782493114471,-2.3350855397396292e-17,0.0027849487960338593
4.729166666666667,0.15,0.15750570595264435,-2.3773816005651807e-17,0.0027847448363900185
4.733333333333333,0.15,0.15741372108459473,-2.420377787061197e-17,0.002784540643915534
4.7375,0.15,0.15732187032699585,-2.4633246735927052e-17,0.002784336218610406
4.741666666666666,0.15,0.15723013877868652,-2.506009674742279e-17,0.002784131560474634
4.745833333333334,0.15,0.15713855624198914,-2.5498548794190198e-17,0.002783926436677575
4.75,0.15,0.1570470929145813,-2.593614057312055e-17,0.0027837210800498724
4.754166666666666,0.15,0.1569557785987854,-2.6372873738575073e-17,0.0027835152577608824
4.758333333333333,0.15,0.15686459839344025,-2.681833696821448e-17,0.0027833094354718924
4.7625,0.15,0.15677355229854584,-2.7281750017146288e-17,0.0027831029146909714
4.766666666666667,0.15,0.15668265521526337,-2.777941496088269e-17,0.0027828963939100504
4.770833333333333,0.15,0.15659189224243164,-2.8320156162198407e-17,0.0027826896402984858
4.775,0.15,0.15650126338005066,-2.8910994730132783e-17,0.002782482421025634
4.779166666666667,0.15,0.1564107984304428,-2.956567178902155e-17,0.002782274968922138
4.783333333333333,0.15,0.1563204675912857,-3.0286222203171594e-17,0.0027820670511573553
4.7875,0.15,0.15623028576374054,-3.1079263417483334e-17,0.0027818591333925724
4.791666666666667,0.15,0.1561402529478073,-3.194219146738845e-17,0.002781650749966502
4.795833333333333,0.15,0.15605036914348602,-3.287981061788466e-17,0.0027814421337097883
4.8,0.15,0.15596063435077667,-3.3880586662510517e-17,0.002781233284622431
4.804166666666666,0.15,0.15587104856967926,-3.4933011864584184e-17,0.002781023969873786
4.808333333333334,0.15,0.1557816118001938,-3.601820003635985e-17,0.0027808144222944975
4.8125,0.15,0.15569233894348145,-3.712900764606751e-17,0.0027806046418845654
4.816666666666666,0.15,0.15560322999954224,-3.826536851925816e-17,0.0027803946286439896
4.820833333333333,0.15,0.15551427006721497,-3.9424784570481886e-17,0.00278018438257277
4.825,0.15,0.15542547404766083,-4.058195069043947e-17,0.0027799736708402634
4.829166666666667,0.15,0.15533682703971863,-4.1715945827078214e-17,0.0027797629591077566
4.833333333333333,0.15,0.15524834394454956,-4.2812357185405e-17,0.0027795517817139626
4.8375,0.15,0.15516002476215363,-4.385061443794686e-17,0.002779340371489525
4.841666666666667,0.15,0.15507186949253082,-4.481944476731592e-17,0.0027791284956038
4.845833333333333,0.15,0.15498387813568115,-4.570051454241555e-17,0.002778916619718075
4.85,0.15,0.1548960655927658,-4.650538113076435e-17,0.0027787042781710625
4.854166666666667,0.15,0.1548084020614624,-4.723664849693063e-17,0.00277849193662405
4.858333333333333,0.15,0.15472091734409332,-4.790369686906074e-17,0.0027782791294157505
4.8625,0.15,0.15463359653949738,-4.8492517116300487e-17,0.002778066089376807
4.866666666666666,0.15,0.15454643964767456,-4.900108760923279e-17,0.0027778525836765766
4.870833333333334,0.15,0.15445947647094727,-4.945810158894589e-17,0.002777639077976346
4.875,0.15,0.1543726623058319,-4.98818595993119e-17,0.0027774253394454718
4.879166666666666,0.15,0.15428604185581207,-5.028846519249602e-17,0.00277721113525331
4.883333333333333,0.15,0.15419958531856537,-5.0689614702359735e-17,0.002776996698230505
4.8875,0.15,0.154113307595253,-5.109429131035538e-17,0.0027767822612076998
4.891666666666667,0.15,0.15402720868587494,-5.1532912101967746e-17,0.0027765673585236073
4.895833333333333,0.15,0.15394127368927002,-5.201027472474965e-17,0.002776352223008871
4.9,0.15,0.15385553240776062,-5.251245607463059e-17,0.0027761368546634912
4.904166666666667,0.15,0.15376996994018555,-5.3034790852955776e-17,0.0027759212534874678
4.908333333333333,0.15,0.1536845862865448,-5.3558267140526284e-17,0.002775705186650157
4.9125,0.15,0.15359939634799957,-5.4082878319897215e-17,0.002775489119812846
4.916666666666667,0.15,0.15351438522338867,-5.462078063735065e-17,0.0027752728201448917
4.920833333333333,0.15,0.1534295529127121,-5.51534783343899e-17,0.00277505605481565
4.925,0.15,0.15334491431713104,-5.566251204846523e-17,0.0027748392894864082
4.929166666666666,0.15,0.15326045453548431,-5.6117554029598e-17,0.002774622058495879
4.933333333333334,0.15,0.1531761884689331,-5.651675139321609e-17,0.00277440482750535
4.9375,0.15,0.15309210121631622,-5.683909375176066e-17,0.0027741871308535337
4.941666666666666,0.15,0.15300822257995605,-5.708712882151836e-17,0.0027739692013710737
4.945833333333333,0.15,0.1529245227575302,-5.724234099165781e-17,0.0027737512718886137
4.95,0.15,0.1528410166501999,-5.730486922852192e-17,0.0027735328767448664
4.954166666666667,0.15,0.1527577042579651,-5.728614847689862e-17,0.0027733142487704754
4.958333333333333,0.15,0.1526745855808258,-5.72047737569581e-17,0.0027730953879654408
4.9625,0.15,0.15259166061878204,-5.707715633205342e-17,0.002772876527160406
4.966666666666667,0.15,0.1525089293718338,-5.691722592369997e-17,0.002772657200694084
4.970833333333333,0.15,0.15242639183998108,-5.673651673835918e-17,0.0027724376413971186
4.975,0.15,0.15234406292438507,-5.655854055776227e-17,0.0027722178492695093
4.979166666666667,0.15,0.15226192772388458,-5.637847326457683e-17,0.0027719978243112564
4.983333333333333,0.15,0.15217998623847961,-5.619875669597111e-17,0.00277177756652236
4.9875,0.15,0.15209825336933136,-5.601936438216551e-17,0.0027715573087334633
4.991666666666666,0.15,0.15201672911643982,-5.584030294060493e-17,0.0027713365852832794
4.995833333333334,0.15,0.1519353985786438,-5.566156575384447e-17,0.002771115629002452
5.0,0.15,0.1518542617559433,-5.548316274805148e-17,0.0027708944398909807
5.004166666666666,0.15,0.1517733335494995,-5.530749936444727e-17,0.0027706732507795095
5.008333333333333,0.15,0.15169261395931244,-5.513216023564318e-17,0.002770451596006751
5.0125,0.15,0.15161210298538208,-5.495714536163921e-17,0.002770229708403349
5.016666666666667,0.15,0.15153180062770844,-5.478005591865896e-17,0.002770007820799947
5.020833333333333,0.15,0.1514517068862915,-5.460329403920128e-17,0.0027697854675352573
5.025,0.15,0.1513718068599701,-5.442445759076731e-17,0.002769563114270568
5.029166666666667,0.15,0.1512921303510666,-5.4248350838354773e-17,0.002769340295344591
5.033333333333333,0.15,0.1512126624584198,-5.407016951696595e-17,0.0027691174764186144
5.0375,0.15,0.15113338828086853,-5.389231906782215e-17,0.002768894424661994
5.041666666666667,0.15,0.15105433762073517,-5.3712400667146965e-17,0.00276867114007473
5.045833333333333,0.15,0.15097551047801971,-5.353042424110775e-17,0.002768447622656822
5.05,0.15,0.15089687705039978,-5.3348768761146204e-17,0.002768223872408271
5.054166666666666,0.15,0.15081846714019775,-5.3169842977206084e-17,0.002767999889329076
5.058333333333334,0.15,0.15074028074741364,-5.299363365439759e-17,0.002767775673419237
5.0625,0.15,0.15066228806972504,-5.2820127557830915e-17,0.002767551224678755
5.066666666666666,0.15,0.15058453381061554,-5.2649334613673416e-17,0.002767326543107629
5.070833333333333,0.15,0.15050698816776276,-5.2476473717984534e-17,0.002767101861536503
5.075,0.15,0.1504296511411667,-5.230154487076427e-17,0.0027668767143040895
5.079166666666667,0.15,0.15035253763198853,-5.212932586723073e-17,0.0027666515670716763
5.083333333333333,0.15,0.15027564764022827,-5.195980016377166e-17,0.0027664261870086193
5.0875,0.15,0.15019898116588593,-5.1790595406390265e-17,0.0027662005741149187
5.091666666666667,0.15,0.1501225233078003,-5.162407733163844e-17,0.0027659747283905745
5.095833333333333,0.15,0.15004628896713257,-5.1457876894241836e-17,0.0027657486498355865
5.1,0.15,0.14997027814388275,-5.129198085931065e-17,0.0027655225712805986
5.104166666666667,0.15,0.14989449083805084,-5.1124020181570533e-17,0.0027652960270643234
5.108333333333333,0.15,0.14981892704963684,-5.095874949518244e-17,0.002765069482848048
5.1125,0.15,0.14974358677864075,-5.079140754854051e-17,0.0027648427058011293
5.116666666666666,0.15,0.14966847002506256,-5.0624386547976254e-17,0.002764615463092923
5.120833333333334,0.15,0.14959359169006348,-5.0457666641154966e-17,0.0027643884532153606
5.125,0.15,0.1495189219713211,-5.029126106296645e-17,0.002764160977676511
5.129166666666666,0.15,0.14944447576999664,-5.012279415069145e-17,0.0027639332693070173
5.133333333333333,0.15,0.14937026798725128,-4.995463825832677e-17,0.002763705560937524
5.1375,0.15,0.14929628372192383,-4.978679669459486e-17,0.0027634776197373867
5.141666666666667,0.15,0.14922253787517548,-4.962162857860272e-17,0.002763249445706606
5.145833333333333,0.15,0.14914900064468384,-4.9459133910350353e-17,0.0027630210388451815
5.15,0.15,0.1490757167339325,-4.929930276367041e-17,0.0027627923991531134
5.154166666666667,0.15,0.14900264143943787,-4.914212521239553e-17,0.0027625637594610453
5.158333333333333,0.15,0.14892980456352234,-4.8985255372308525e-17,0.00276233465410769
5.1625,0.15,0.1488572061061859,-4.882868000851959e-17,0.0027621055487543344
5.166666666666667,0.15,0.1487848311662674,-4.867239912102872e-17,0.0027618762105703354
5.170833333333333,0.15,0.14871269464492798,-4.851876852022047e-17,0.0027616468723863363
5.175,0.15,0.14864078164100647,-4.836778158864994e-17,0.00276141706854105
5.179166666666666,0.15,0.14856910705566406,-4.821708913337748e-17,0.0027611872646957636
5.183333333333334,0.15,0.14849767088890076,-4.806433534401854e-17,0.0027609572280198336
5.1875,0.15,0.14842645823955536,-4.7914221915174864e-17,0.00276072695851326
5.191666666666666,0.15,0.14835548400878906,-4.776674222940156e-17,0.002760496689006686
5.195833333333333,0.15,0.14828474819660187,-4.7621902904143525e-17,0.002760266186669469
5.2,0.15,0.14821425080299377,-4.7470297241474806e-17,0.0027600352186709642
5.204166666666667,0.15,0.1481439769268036,-4.730512250803777e-17,0.0027598044835031033
5.208333333333333,0.15,0.1480739563703537,-4.7119446930299214e-17,0.002759573282673955
5.2125,0.15,0.1480041742324829,-4.690180247624671e-17,0.0027593420818448067
5.216666666666667,0.15,0.14793461561203003,-4.665223877671701e-17,0.0027591106481850147
5.220833333333333,0.15,0.14786529541015625,-4.638013275113402e-17,0.002758878981694579
5.225,0.15,0.14779622852802277,-4.609938434251107e-17,0.0027586470823735
5.229166666666667,0.15,0.1477273851633072,-4.582392327236356e-17,0.0027584151830524206
5.233333333333333,0.15,0.1476587951183319,-4.556292462804593e-17,0.0027581830509006977
5.2375,0.15,0.14759044349193573,-4.532553702713301e-17,0.002757950685918331
5.241666666666666,0.15,0.14752233028411865,-4.5109381498183106e-17,0.002757718088105321
5.245833333333334,0.15,0.14745445549488068,-4.4916744368409306e-17,0.0027574854902923107
5.25,0.15,0.1473868191242218,-4.474525328381481e-17,0.002757252659648657
5.254166666666666,0.15,0.14731942117214203,-4.459719126289027e-17,0.002757019829005003
5.258333333333333,0.15,0.14725227653980255,-4.447251860096628e-17,0.002756786532700062
5.2625,0.15,0.14718537032604218,-4.437119228465098e-17,0.0027565532363951206
5.266666666666667,0.15,0.1471187025308609,-4.429082341633533e-17,0.0027563199400901794
5.270833333333333,0.15,0.14705228805541992,-4.423138221751727e-17,0.002756086178123951
5.275,0.15,0.14698609709739685,-4.419515170668745e-17,0.0027558524161577225
5.279166666666667,0.15,0.14692017436027527,-4.418208556173156e-17,0.0027556184213608503
5.283333333333333,0.15,0.1468544751405716,-4.4192147386702655e-17,0.002755384426563978
5.2875,0.15,0.1467890441417694,-4.422527431587418e-17,0.0027551499661058187
5.291666666666667,0.15,0.14672383666038513,-4.427679112442398e-17,0.002754915738478303
5.295833333333333,0.15,0.14665888249874115,-4.433046522001132e-17,0.0027546810451895
5.3,0.15,0.14659418165683746,-4.438170740459776e-17,0.0027544463519006968
5.304166666666666,0.15,0.14652971923351288,-4.442588546675299e-17,0.00275421142578125
5.308333333333334,0.15,0.1464654952287674,-4.4458423443328375e-17,0.0027539762668311596
5.3125,0.15,0.1464015245437622,-4.447470566650587e-17,0.002753741107881069
5.316666666666666,0.15,0.14633780717849731,-4.4474775149677323e-17,0.002753505716100335
5.320833333333333,0.15,0.14627432823181152,-4.44494171008189e-17,0.002753270324319601
5.325,0.15,0.14621110260486603,-4.439404893933705e-17,0.0027530344668775797
5.329166666666667,0.15,0.14614811539649963,-4.4299485651709986e-17,0.002752798842266202
5.333333333333333,0.15,0.14608538150787354,-4.418661189404345e-17,0.002752562751993537
5.3375,0.15,0.14602290093898773,-4.4053131412956993e-17,0.002752326661720872
5.341666666666667,0.15,0.14596067368984222,-4.390833840981326e-17,0.0027520903386175632
5.345833333333333,0.15,0.14589868485927582,-4.3761474146415696e-17,0.0027518540155142546
5.35,0.15,0.1458369493484497,-4.36148580372019e-17,0.0027516174595803022
5.354166666666667,0.15,0.1457754522562027,-4.3468486773449414e-17,0.0027513806708157063
5.358333333333333,0.15,0.14571420848369598,-4.3324676460873394e-17,0.0027511438820511103
5.3625,0.15,0.14565323293209076,-4.3176488708495745e-17,0.0027509068604558706
5.366666666666666,0.15,0.14559248089790344,-4.302162726293602e-17,0.002750669838860631
5.370833333333334,0.15,0.14553199708461761,-4.2857802488258665e-17,0.0027504325844347477
5.375,0.15,0.1454717516899109,-4.268039209920074e-17,0.0027501950971782207
5.379166666666666,0.15,0.14541177451610565,-4.247558217953261e-17,0.002749957609921694
5.383333333333333,0.15,0.14535203576087952,-4.223187822746224e-17,0.002749719889834523
5.3875,0.15,0.14529255032539368,-4.1930893672333794e-17,0.0027494821697473526
5.391666666666667,0.15,0.14523330330848694,-4.1579643005741726e-17,0.0027492439839988947
5.395833333333333,0.15,0.1451743245124817,-4.1155190163661166e-17,0.0027490060310810804
5.4,0.15,0.14511559903621674,-4.0673794208212456e-17,0.0027487678453326225
5.404166666666667,0.15,0.14505711197853088,-4.015173736257309e-17,0.002748529426753521
5.408333333333333,0.15,0.14499887824058533,-3.959376102601422e-17,0.0027482907753437757
5.4125,0.15,0.14494089782238007,-3.901146557944629e-17,0.0027480521239340305
5.416666666666667,0.15,0.1448831707239151,-3.842573237025259e-17,0.0027478134725242853
5.420833333333333,0.15,0.14482569694519043,-3.7855030687150204e-17,0.0027475745882838964
5.425,0.15,0.14476847648620605,-3.7315480625916566e-17,0.002747335471212864
5.429166666666666,0.15,0.14471150934696198,-3.682086632427926e-17,0.0027470963541418314
5.433333333333334,0.15,0.1446547955274582,-3.6391807740548e-17,0.0027468570042401552
5.4375,0.15,0.1445983350276947,-3.6037450183575186e-17,0.002746617654338479
5.441666666666666,0.15,0.14454211294651031,-3.57623067507829e-17,0.002746378071606159
5.445833333333333,0.15,0.14448615908622742,-3.556392567883553e-17,0.0027461384888738394
5.45,0.15,0.14443045854568481,-3.544445763732572e-17,0.002745898673310876
5.454166666666667,0.15,0.1443749964237213,-3.5401457480362764e-17,0.0027456586249172688
5.458333333333333,0.15,0.1443198025226593,-3.5420955781761864e-17,0.0027454185765236616
5.4625,0.15,0.14426486194133759,-3.5484321125405877e-17,0.002745178295299411
5.466666666666667,0.15,0.14421015977859497,-3.5556845012792076e-17,0.00274493801407516
5.470833333333333,0.15,0.14415572583675385,-3.560155577926179e-17,0.0027446977328509092
5.475,0.15,0.14410153031349182,-3.557238939086317e-17,0.002744457218796015
5.479166666666667,0.15,0.1440476030111313,-3.543943168792385e-17,0.0027442164719104767
5.483333333333333,0.15,0.14399392902851105,-3.519581045391473e-17,0.0027439757250249386
5.4875,0.15,0.1439404934644699,-3.4821001683477153e-17,0.002743734745308757
5.491666666666666,0.15,0.14388732612133026,-3.431069080253604e-17,0.002743493765592575
5.495833333333334,0.15,0.1438344120979309,-3.3665152435054756e-17,0.0027432525530457497
5.5,0.15,0.14378173649311066,-3.289154334769311e-17,0.0027430113404989243
5.504166666666666,0.15,0.1437293291091919,-3.2027053580791493e-17,0.002742769895121455
5.508333333333333,0.15,0.14367716014385223,-3.1120321354368016e-17,0.002742528449743986
5.5125,0.15,0.14362525939941406,-3.019927228590247e-17,0.002742287004366517
5.516666666666667,0.15,0.1435736119747162,-2.929846598138732e-17,0.0027420450933277607
5.520833333333333,0.15,0.1435222178697586,-2.8470792369189214e-17,0.002741803415119648
5.525,0.15,0.14347106218338013,-2.772551090908506e-17,0.0027415615040808916
5.529166666666667,0.15,0.14342017471790314,-2.7099389779302848e-17,0.0027413193602114916
5.533333333333333,0.15,0.14336954057216644,-2.66014452485194e-17,0.0027410772163420916
5.5375,0.15,0.14331915974617004,-2.6242931936149118e-17,0.002740834839642048
5.541666666666667,0.15,0.14326901733875275,-2.6018962859133035e-17,0.002740592462942004
5.545833333333333,0.15,0.14321914315223694,-2.5915431279304673e-17,0.0027403500862419605
5.55,0.15,0.14316952228546143,-2.5918242039026128e-17,0.002740107476711273
5.554166666666666,0.15,0.1431201547384262,-2.601577655941348e-17,0.002739864867180586
5.558333333333334,0.15,0.1430710256099701,-2.6200790392661992e-17,0.002739622024819255
5.5625,0.15,0.14302216470241547,-2.645464715957084e-17,0.002739379182457924
5.566666666666666,0.15,0.14297355711460114,-2.6758917276092346e-17,0.0027391361072659492
5.570833333333333,0.15,0.1429251879453659,-2.710425691002711e-17,0.0027388930320739746
5.575,0.15,0.14287708699703217,-2.7474382183836412e-17,0.0027386497240513563
5.579166666666667,0.15,0.14282923936843872,-2.7843885417825075e-17,0.002738406416028738
5.583333333333333,0.15,0.14278163015842438,-2.8208145981091376e-17,0.0027381631080061197
5.5875,0.15,0.14273428916931152,-2.854407726273896e-17,0.0027379195671528578
5.591666666666667,0.15,0.14268718659877777,-2.8837878581427996e-17,0.002737675793468952
5.595833333333333,0.15,0.1426403522491455,-2.9075871678549303e-17,0.0027374320197850466
5.6,0.15,0.14259375631809235,-2.925334824205623e-17,0.002737188246101141
5.604166666666667,0.15,0.14254741370677948,-2.9370410842344735e-17,0.0027369444724172354
5.608333333333333,0.15,0.1425013393163681,-2.942492866215688e-17,0.002736700465902686
5.6125,0.15,0.14245550334453583,-2.942153060420051e-17,0.002736456226557493
5.616666666666666,0.15,0.14240992069244385,-2.9364961376469236e-17,0.002736212220042944
5.620833333333334,0.15,0.14236459136009216,-2.925767605102111e-17,0.0027359677478671074
5.625,0.15,0.14231950044631958,-2.910204367313048e-17,0.0027357235085219145
5.629166666666666,0.15,0.1422746777534485,-2.8907269108653845e-17,0.002735479036346078
5.633333333333333,0.15,0.1422301083803177,-2.86850420740078e-17,0.0027352343313395977
5.6375,0.15,0.142185777425766,-2.8444779193285646e-17,0.0027349896263331175
5.641666666666667,0.15,0.1421416997909546,-2.8197984894446775e-17,0.0027347449213266373
5.645833333333333,0.15,0.14209787547588348,-2.795155786379988e-17,0.002734500216320157
5.65,0.15,0.14205430448055267,-2.7714855168434153e-17,0.002734255278483033
5.654166666666667,0.15,0.14201098680496216,-2.7494598478007208e-17,0.0027340103406459093
5.658333333333333,0.15,0.14196790754795074,-2.730462486980583e-17,0.002733765169978142
5.6625,0.15,0.14192508161067963,-2.715423350827634e-17,0.0027335199993103743
5.666666666666667,0.15,0.1418825089931488,-2.7050218854970246e-17,0.002733274595811963
5.670833333333333,0.15,0.14184018969535828,-2.699711055092189e-17,0.0027330294251441956
5.675,0.15,0.14179810881614685,-2.7003923210446878e-17,0.0027327837888151407
5.679166666666666,0.15,0.14175629615783691,-2.706368866406506e-17,0.0027325383853167295
5.683333333333334,0.15,0.14171470701694489,-2.7183168286103443e-17,0.0027322927489876747
5.6875,0.15,0.14167338609695435,-2.7341666017635954e-17,0.00273204711265862
5.691666666666666,0.15,0.1416323035955429,-2.7525260408953324e-17,0.0027318012434989214
5.695833333333333,0.15,0.14159147441387177,-2.7727163615948942e-17,0.002731555374339223
5.7,0.15,0.14155089855194092,-2.793586128449607e-17,0.0027313095051795244
5.704166666666667,0.15,0.14151056110858917,-2.8144476234981945e-17,0.002731063636019826
5.708333333333333,0.15,0.14147047698497772,-2.833452925252213e-17,0.002730817534029484
5.7125,0.15,0.14143063127994537,-2.848056964402959e-17,0.002730571199208498
5.716666666666667,0.15,0.14139105379581451,-2.855511846955532e-17,0.002730325097218156
5.720833333333333,0.15,0.14135169982910156,-2.8551296895125324e-17,0.00273007876239717
5.725,0.15,0.1413125991821289,-2.848758744434649e-17,0.0027298324275761843
5.729166666666667,0.15,0.14127375185489655,-2.837123621938478e-17,0.002729585859924555
5.733333333333333,0.15,0.1412351429462433,-2.822305508445203e-17,0.002729339525103569
5.7375,0.15,0.14119678735733032,-2.8059329571448186e-17,0.002729092724621296
5.741666666666666,0.15,0.14115867018699646,-2.790540118561942e-17,0.0027288461569696665
5.745833333333334,0.15,0.1411208063364029,-2.777972267207056e-17,0.0027285993564873934
5.75,0.15,0.14108318090438843,-2.770054990692066e-17,0.0027283525560051203
5.754166666666666,0.15,0.14104580879211426,-2.7672558114991867e-17,0.002728105755522847
5.758333333333333,0.15,0.1410086750984192,-2.7714107397160405e-17,0.0027278587222099304
5.7625,0.15,0.14097177982330322,-2.7831907842555307e-17,0.0027276116888970137
5.766666666666667,0.15,0.14093513786792755,-2.8032651342332126e-17,0.002727364655584097
5.770833333333333,0.15,0.14089873433113098,-2.8311252390084886e-17,0.00272711762227118
5.775,0.15,0.1408625692129135,-2.8649092804586244e-17,0.0027268703561276197
5.779166666666667,0.15,0.14082665741443634,-2.9034423312415496e-17,0.0027266230899840593
5.783333333333333,0.15,0.14079098403453827,-2.9425769077659234e-17,0.002726375823840499
5.7875,0.15,0.1407555490732193,-2.978854733326784e-17,0.002726128324866295
5.791666666666667,0.15,0.14072036743164062,-3.011326866325411e-17,0.002725880825892091
5.795833333333333,0.15,0.14068540930747986,-3.0372470671281274e-17,0.0027256333269178867
5.8,0.15,0.1406507045030594,-3.0557037826999006e-17,0.0027253858279436827
5.804166666666666,0.15,0.14061623811721802,-3.065072099445431e-17,0.002725138096138835
5.808333333333334,0.15,0.14058202505111694,-3.066739364688093e-17,0.0027248903643339872
5.8125,0.15,0.14054803550243378,-3.061185674055412e-17,0.0027246426325291395
5.816666666666666,0.15,0.1405142992734909,-3.049125711596634e-17,0.002724394900724292
5.820833333333333,0.15,0.14048078656196594,-3.030591571919526e-17,0.0027241469360888004
5.825,0.15,0.14044752717018127,-3.007888111082905e-17,0.002723898971453309
5.829166666666667,0.15,0.1404145061969757,-2.982172389327612e-17,0.0027236510068178177
5.833333333333333,0.15,0.14038170874118805,-2.952800529264834e-17,0.0027234030421823263
5.8375,0.15,0.14034916460514069,-2.919763597343956e-17,0.0027231548447161913
5.841666666666667,0.15,0.14031685888767242,-2.881940929271091e-17,0.0027229066472500563
5.845833333333333,0.15,0.14028477668762207,-2.83980434886764e-17,0.0027226584497839212
5.85,0.15,0.140252947807312,-2.795242805780428e-17,0.002722410252317786
5.854166666666667,0.15,0.14022134244441986,-2.7521447106329454e-17,0.0027221618220210075
5.858333333333333,0.15,0.1401899755001068,-2.7114820006449412e-17,0.0027219136245548725
5.8625,0.15,0.14015884697437286,-2.6760033969919293e-17,0.002721665194258094
5.866666666666666,0.15,0.14012795686721802,-2.645493170970156e-17,0.002721416763961315
5.870833333333334,0.15,0.14009730517864227,-2.6229339704323647e-17,0.002721168100833893
5.875,0.15,0.14006687700748444,-2.6094725985797992e-17,0.002720919670537114
5.879166666666666,0.15,0.1400367021560669,-2.605126095333078e-17,0.002720671007409692
5.883333333333333,0.15,0.14000675082206726,-2.611685472154501e-17,0.0027204223442822695
5.8875,0.15,0.13997702300548553,-2.62890637989112e-17,0.002720173681154847
5.891666666666667,0.15,0.1399475336074829,-2.6574317033150112e-17,0.002719925018027425
5.895833333333333,0.15,0.1399182826280594,-2.6949478182528637e-17,0.002719676122069359
5.9,0.15,0.13988927006721497,-2.7405125659869797e-17,0.0027194274589419365
5.904166666666667,0.15,0.13986048102378845,-2.792260985108297e-17,0.0027191785629838705
5.908333333333333,0.15,0.13983191549777985,-2.8459873585103514e-17,0.0027189296670258045
5.9125,0.15,0.13980358839035034,-2.8973264886645775e-17,0.0027186807710677385
5.916666666666667,0.15,0.13977549970149994,-2.9448413974108485e-17,0.002718431642279029
5.920833333333333,0.15,0.13974763453006744,-2.9866924350668465e-17,0.002718182746320963
5.925,0.15,0.13971999287605286,-3.02106212039067e-17,0.0027179336175322533
5.929166666666666,0.15,0.13969258964061737,-3.048630064973592e-17,0.0027176844887435436
5.933333333333334,0.15,0.1396654099225998,-3.0703531513482147e-17,0.002717435359954834
5.9375,0.15,0.13963846862316132,-3.087848352175956e-17,0.0027171862311661243
5.941666666666666,0.15,0.13961175084114075,-3.103396700713993e-17,0.0027169371023774147
5.945833333333333,0.15,0.13958525657653809,-3.11567536972673e-17,0.0027166877407580614
5.95,0.15,0.13955898582935333,-3.1253537137658456e-17,0.0027164386119693518
5.954166666666667,0.15,0.1395329385995865,-3.133101749127507e-17,0.0027161892503499985
5.958333333333333,0.15,0.13950712978839874,-3.138944622102337e-17,0.002715939888730645
5.9625,0.15,0.1394815444946289,-3.1444933496513425e-17,0.002715690527111292
5.966666666666667,0.15,0.13945618271827698,-3.1495285634760753e-17,0.0027154411654919386
5.970833333333333,0.15,0.13943104445934296,-3.1528879093797757e-17,0.0027151918038725853
5.975,0.15,0.13940612971782684,-3.1541346359990156e-17,0.0027149422094225883
5.979166666666667,0.15,0.13938145339488983,-3.1516673216678924e-17,0.002714692847803235
5.983333333333333,0.15,0.13935698568820953,-3.144328575273322e-17,0.002714443253353238
5.9875,0.15,0.13933274149894714,-3.1307644675886774e-17,0.002714193658903241
5.991666666666666,0.15,0.13930872082710266,-3.1100631147066803e-17,0.002713944064453244
5.995833333333334,0.15,0.1392849236726761,-3.0820187140909275e-17,0.002713694702833891
6.0,0.15,0.13926135003566742,-3.0462031170563615e-17,0.0027134448755532503
6.004166666666666,0.15,0.13923798501491547,-3.0026520578054446e-17,0.0027131952811032534
6.008333333333333,0.15,0.13921485841274261,-2.953007324417972e-17,0.0027129456866532564
6.0125,0.15,0.13919194042682648,-2.900248752332605e-17,0.002712695859372616
6.016666666666667,0.15,0.13916924595832825,-2.845767659339657e-17,0.002712446264922619
6.020833333333333,0.15,0.13914677500724792,-2.791413952161043e-17,0.0027121964376419783
6.025,0.15,0.13912451267242432,-2.7383524665353588e-17,0.0027119468431919813
6.029166666666667,0.15,0.13910247385501862,-2.6886680284784837e-17,0.0027116970159113407
6.033333333333333,0.15,0.13908064365386963,-2.6444206485879196e-17,0.0027114471886307
6.0375,0.15,0.13905903697013855,-2.6083487909995847e-17,0.0027111973613500595
6.041666666666667,0.15,0.13903765380382538,-2.5802368924458475e-17,0.002710947534069419
6.045833333333333,0.15,0.13901647925376892,-2.5611912242779366e-17,0.0027106977067887783
6.05,0.15,0.13899552822113037,-2.5502697932142764e-17,0.0027104478795081377
6.054166666666666,0.15,0.13897478580474854,-2.546092365684761e-17,0.002710198052227497
6.058333333333334,0.15,0.1389542520046234,-2.5479204348385033e-17,0.002709947992116213
6.0625,0.15,0.1389339417219162,-2.5527510041796905e-17,0.0027096981648355722
6.066666666666666,0.15,0.1389138400554657,-2.5584886597806033e-17,0.0027094483375549316
6.070833333333333,0.15,0.1388939470052719,-2.5641866107121136e-17,0.0027091982774436474
6.075,0.15,0.13887427747249603,-2.5693837865007843e-17,0.0027089484501630068
6.079166666666667,0.15,0.13885480165481567,-2.5736196129815458e-17,0.0027086983900517225
6.083333333333333,0.15,0.13883554935455322,-2.5764348394783088e-17,0.002708448562771082
6.0875,0.15,0.13881650567054749,-2.5778111025814745e-17,0.0027081985026597977
6.091666666666667,0.15,0.13879768550395966,-2.5775321772789216e-17,0.0027079484425485134
6.095833333333333,0.15,0.13877905905246735,-2.576548328658351e-17,0.002707698615267873
6.1,0.15,0.13876064121723175,-2.5759823716832423e-17,0.0027074485551565886
6.104166666666667,0.15,0.13874243199825287,-2.5765605709314168e-17,0.0027071984950453043
6.108333333333333,0.15,0.1387244462966919,-2.579644465691137e-17,0.00270694843493402
6.1125,0.15,0.13870665431022644,-2.5861757183717332e-17,0.002706698374822736
6.116666666666666,0.15,0.1386890709400177,-2.596610105490722e-17,0.002706448547542095
6.120833333333334,0.15,0.13867168128490448,-2.6105004532089576e-17,0.002706198487430811
6.125,0.15,0.13865451514720917,-2.6280600086883558e-17,0.0027059484273195267
6.129166666666666,0.15,0.13863755762577057,-2.6492809964311587e-17,0.0027056983672082424
6.133333333333333,0.15,0.1386207938194275,-2.6734977014803836e-17,0.002705448307096958
6.1375,0.15,0.13860422372817993,-2.7001962792395127e-17,0.002705198246985674
6.141666666666667,0.15,0.13858787715435028,-2.7287133308572783e-17,0.0027049481868743896
6.145833333333333,0.15,0.13857172429561615,-2.7578785612030405e-17,0.0027046981267631054
6.15,0.15,0.13855578005313873,-2.786328114882822e-17,0.002704448066651821
6.154166666666667,0.15,0.13854002952575684,-2.8142590263185324e-17,0.0027041982393711805
6.158333333333333,0.15,0.13852448761463165,-2.84167311530752e-17,0.0027039481792598963
6.1625,0.15,0.138509139418602,-2.8681074915789994e-17,0.002703698119148612
6.166666666666667,0.15,0.13849398493766785,-2.8933464264292174e-17,0.0027034480590373278
6.170833333333333,0.15,0.13847903907299042,-2.917390912474909e-17,0.0027031979989260435
6.175,0.15,0.1384643018245697,-2.940682995035422e-17,0.0027029479388147593
6.179166666666666,0.15,0.1384497433900833,-2.963002974940063e-17,0.002702697878703475
6.183333333333334,0.15,0.13843539357185364,-2.9843548226557716e-17,0.0027024480514228344
6.1875,0.15,0.13842123746871948,-3.0047395307992834e-17,0.00270219799131155
6.191666666666666,0.15,0.13840727508068085,-3.0243784529025174e-17,0.002701947931200266
6.195833333333333,0.15,0.13839352130889893,-3.0430538750282496e-17,0.0027016978710889816
6.2,0.15,0.13837994635105133,-3.06076778240995e-17,0.002701448043808341
6.204166666666667,0.15,0.13836658000946045,-3.077741197707293e-17,0.0027011979836970568
6.208333333333333,0.15,0.1383533924818039,-3.093537369556851e-17,0.0027009479235857725
6.2125,0.15,0.13834041357040405,-3.108377651490542e-17,0.002700698096305132
6.216666666666667,0.15,0.13832762837409973,-3.1220449913156335e-17,0.0027004480361938477
6.220833333333333,0.15,0.13831502199172974,-3.1345407125211045e-17,0.002700198208913207
6.225,0.15,0.13830260932445526,-3.1458677929571607e-17,0.0026999483816325665
6.229166666666667,0.15,0.1382903903722763,-3.156245600922251e-17,0.002699698321521282
6.233333333333333,0.15,0.13827836513519287,-3.1658964825650296e-17,0.0026994484942406416
6.2375,0.15,0.13826653361320496,-3.174603054820518e-17,0.002699198666960001
6.241666666666666,0.15,0.13825488090515137,-3.1823659794332054e-17,0.0026989488396793604
6.245833333333334,0.15,0.1382434219121933,-3.189188234253298e-17,0.00269869901239872
6.25,0.15,0.13823215663433075,-3.194853097960306e-17,0.002698449185118079
6.254166666666666,0.15,0.13822107017040253,-3.19936057055423e-17,0.0026981993578374386
6.258333333333333,0.15,0.13821017742156982,-3.203152697354418e-17,0.002697949530556798
6.2625,0.15,0.13819946348667145,-3.206010110062421e-17,0.0026976997032761574
6.266666666666667,0.15,0.1381889432668686,-3.2081551548268937e-17,0.0026974501088261604
6.270833333333333,0.15,0.13817860186100006,-3.2120690426132496e-17,0.00269720028154552
6.275,0.15,0.13816843926906586,-3.217093999398387e-17,0.002696950687095523
6.279166666666667,0.15,0.13815847039222717,-3.222086530703512e-17,0.0026967008598148823
6.283333333333333,0.15,0.13814868032932281,-3.22587931924819e-17,0.0026964512653648853
6.2875,0.15,0.13813908398151398,-3.2268732594722336e-17,0.0026962016709148884
6.291666666666667,0.15,0.13812965154647827,-3.2241743345695956e-17,0.0026959518436342478
6.295833333333333,0.15,0.13812041282653809,-3.218007868539135e-17,0.002695702249184251
6.3,0.15,0.13811135292053223,-3.207458007006634e-17,0.0026954528875648975
6.304166666666666,0.15,0.1381024569272995,-3.192315638713238e-17,0.0026952032931149006
6.308333333333334,0.15,0.1380937546491623,-3.1719315923142165e-17,0.0026949536986649036
6.3125,0.15,0.1380852311849594,-3.147920193493027e-17,0.0026947041042149067
6.316666666666666,0.15,0.13807688653469086,-3.1209686639025795e-17,0.0026944547425955534
6.320833333333333,0.15,0.13806872069835663,-3.0924676595886974e-17,0.0026942053809762
6.325,0.15,0.13806071877479553,-3.063561667646909e-17,0.002693955786526203
6.329166666666667,0.15,0.13805291056632996,-3.0347383937663765e-17,0.00269370642490685
6.333333333333333,0.15,0.1380452662706375,-3.007819951400431e-17,0.0026934570632874966
6.3375,0.15,0.1380378007888794,-2.982583001783683e-17,0.002693207934498787
6.341666666666667,0.15,0.1380305141210556,-2.958806191384214e-17,0.0026929585728794336
6.345833333333333,0.15,0.13802339136600494,-2.9373848604970505e-17,0.0026927092112600803
6.35,0.15,0.1380164474248886,-2.918532752592477e-17,0.0026924600824713707
6.354166666666667,0.15,0.1380096673965454,-2.902026859777349e-17,0.002692210953682661
6.358333333333333,0.15,0.13800306618213654,-2.887643843286277e-17,0.0026919615920633078
6.3625,0.15,0.137996643781662,-2.8751610260983616e-17,0.002691712463274598
6.366666666666666,0.15,0.13799038529396057,-2.864329592285347e-17,0.002691463567316532
6.370833333333334,0.15,0.1379842907190323,-2.8544424678596234e-17,0.0026912144385278225
6.375,0.15,0.13797837495803833,-2.842725950791177e-17,0.002690965309739113
6.379166666666666,0.15,0.1379726231098175,-2.826656809339477e-17,0.002690716413781047
6.383333333333333,0.15,0.1379670351743698,-2.804394070333225e-17,0.002690467517822981
6.3875,0.15,0.13796161115169525,-2.7736178230264545e-17,0.0026902183890342712
6.391666666666667,0.15,0.13795636594295502,-2.732933937214769e-17,0.002689969725906849
6.395833333333333,0.15,0.13795128464698792,-2.680539986343415e-17,0.002689720829948783
6.4,0.15,0.13794635236263275,-2.6150742656880083e-17,0.002689471933990717
6.404166666666667,0.15,0.13794159889221191,-2.535638787975561e-17,0.0026892232708632946
6.408333333333333,0.15,0.1379370093345642,-2.4422365310562783e-17,0.0026889746077358723
6.4125,0.15,0.13793258368968964,-2.3328546336275737e-17,0.0026887257117778063
6.416666666666667,0.15,0.1379283219575882,-2.2070623000264296e-17,0.0026884772814810276
6.420833333333333,0.15,0.1379242092370987,-2.064673580051144e-17,0.0026882286183536053
6.425,0.15,0.13792027533054352,-1.9063755299185036e-17,0.002687979955226183
6.429166666666666,0.15,0.13791649043560028,-1.7331490203988737e-17,0.0026877315249294043
6.433333333333334,0.15,0.13791286945343018,-1.5477935615573787e-17,0.0026874830946326256
6.4375,0.15,0.137909397482872,-1.3544644124831175e-17,0.002687234664335847
6.441666666666666,0.15,0.13790610432624817,-1.1559491718403939e-17,0.0026869862340390682
6.445833333333333,0.15,0.13790296018123627,-9.534503120856761e-18,0.0026867378037422895
6.45,0.15,0.1378999650478363,-7.515935926404833e-18,0.0026864896062761545
6.454166666666667,0.15,0.13789713382720947,-5.542903370312724e-18,0.0026862414088100195
6.458333333333333,0.15,0.13789445161819458,-3.631358044283825e-18,0.0026859932113438845
6.4624999999999995,0.15,0.13789193332195282,-1.80427509662695e-18,0.0026857450138777494
6.466666666666667,0.15,0.137889564037323,-7.584579302742393e-20,0.002685497049242258
6.470833333333333,0.15,0.1378873586654663,1.5400300785977775e-18,0.002685248851776123
6.475,0.15,0.13788530230522156,3.0370358051996813e-18,0.0026850008871406317
6.479166666666667,0.15,0.13788339495658875,4.42002884982914e-18,0.0026847529225051403
6.483333333333333,0.15,0.13788163661956787,5.703093513378518e-18,0.002684504957869649
6.4875,0.15,0.13788004219532013,6.898101491999176e-18,0.002684257226064801
6.491666666666666,0.15,0.13787858188152313,8.00547630216474e-18,0.0026840094942599535
6.495833333333334,0.15,0.13787728548049927,9.061584939506107e-18,0.0026837617624551058
