t,u,y,cross1,cross2
0.0,0.0,0.0,0.0,-0.04072115570306778
0.004166666666666667,0.0,0.0,0.0,-0.0807088166475296
0.008333333333333333,0.0,0.0,0.0,-0.11952421814203262
0.0125,0.0,0.0,0.0,-0.15681280195713043
0.016666666666666666,0.0,0.0,0.0,-0.19229675829410553
0.020833333333333332,0.0,0.0,0.0,-0.2257671058177948
0.025,0.0,0.0,0.0,-0.25707584619522095
0.029166666666666667,0.0,0.0,0.0,-0.28612813353538513
0.03333333333333333,0.0,0.0,0.0,-0.3128749132156372
0.0375,0.0,0.0,0.0,-0.3373059332370758
0.041666666666666664,0.0,0.0,0.0,-0.35944312810897827
0.04583333333333333,0.0,0.0,0.0,-0.3793348968029022
0.05,0.0,0.0,0.0,-0.3970506191253662
0.05416666666666667,0.0,0.0,0.0,-0.41267597675323486
0.058333333333333334,0.0,0.0,0.0,-0.42630884051322937
0.0625,0.0,0.0,0.0,-0.4380556046962738
0.06666666666666667,0.0,0.0,0.0,-0.44802817702293396
0.07083333333333333,0.0,0.0,0.0,-0.45634129643440247
0.075,0.0,0.0,0.0,-0.4631105363368988
0.07916666666666666,0.0,0.0,0.0,-0.4684503674507141
0.08333333333333333,0.0,0.0,0.0,-0.4724729359149933
0.0875,0.0,0.0,0.0,-0.4752868413925171
0.09166666666666666,0.0,0.0,0.0,-0.47699642181396484
0.09583333333333333,0.0,0.0,0.0,-0.47770100831985474
0.1,0.0,0.0,0.0,-0.4774947762489319
0.10416666666666667,0.0,0.0,0.0,-0.47646620869636536
0.10833333333333334,0.0,0.0,0.0,-0.4746982157230377
0.1125,0.0,0.0,0.0,-0.47226810455322266
0.11666666666666667,0.0,0.0,0.0,-0.4692475199699402
0.12083333333333333,0.0,0.0,0.0,-0.46570271253585815
0.125,0.0,0.0,0.0,-0.46169477701187134
0.12916666666666665,0.0,0.0,0.0,-0.4572798013687134
0.13333333333333333,0.0,0.0,0.0,-0.4525090754032135
0.1375,0.0,0.0,0.0,-0.4474295675754547
0.14166666666666666,0.0,0.0,0.0,-0.4420839548110962
0.14583333333333334,0.0,0.0,0.0,-0.4365110993385315
0.15,0.0,0.0,0.0,-0.4307461977005005
0.15416666666666667,0.0,0.0,0.0,-0.4248211085796356
0.15833333333333333,0.0,0.0,0.0,-0.418764591217041
0.1625,0.0,0.0,0.0,-0.41260260343551636
0.16666666666666666,0.0,0.0,0.0,-0.4063584506511688
0.17083333333333334,0.0,0.0,0.0,-0.4000530540943146
0.175,0.0,0.0,0.0,-0.3937051296234131
0.17916666666666667,0.0,0.0,0.0,-0.38733145594596863
0.18333333333333332,0.0,0.0,0.0,-0.3809469938278198
0.1875,0.0,0.0,0.0,-0.3745650053024292
0.19166666666666665,0.0,0.0,0.0,-0.3681972920894623
0.19583333333333333,0.0,0.0,0.0,-0.36185431480407715
0.2,0.0,0.0,0.0,-0.3555452525615692
0.20416666666666666,0.0,0.0,0.0,-0.3492782413959503
0.20833333333333334,0.0,0.0,0.0,-0.3430604040622711
0.2125,0.0,0.0,0.0,-0.33689790964126587
0.21666666666666667,0.0,0.0,0.0,-0.33079615235328674
0.22083333333333333,0.0,0.0,0.0,-0.3247598111629486
0.225,0.0,0.0,0.0,-0.31879284977912903
0.22916666666666666,0.0,0.0,0.0,-0.312898725271225
0.23333333333333334,0.0,0.0,0.0,-0.30708029866218567
0.2375,0.0,0.0,0.0,-0.30133992433547974
0.24166666666666667,0.0,0.0,0.0,-0.29567965865135193
0.24583333333333332,0.0,0.0,0.0,-0.290101021528244
0.25,0.0,0.0,0.0,-0.28460532426834106
0.25416666666666665,0.0,0.0,0.0,-0.2791934907436371
0.2583333333333333,0.0,0.0,0.0,-0.2738661766052246
0.2625,0.0,0.0,0.0,-0.26862385869026184
0.26666666666666666,0.0,0.0,0.0,-0.2634667456150055
0.2708333333333333,0.0,0.0,0.0,-0.25839489698410034
0.275,0.0,0.0,0.0,-0.25340813398361206
0.2791666666666667,0.0,0.0,0.0,-0.24850623309612274
0.2833333333333333,0.0,0.0,0.0,-0.24368873238563538
0.2875,0.0,0.0,0.0,-0.23895512521266937
0.2916666666666667,0.0,0.0,0.0,-0.23430480062961578
0.29583333333333334,0.0,0.0,0.0,-0.2297370284795761
0.3,0.0,0.0,0.0,-0.22525103390216827
0.30416666666666664,0.0,0.0,0.0,-0.22084593772888184
0.30833333333333335,0.0,0.0,0.0,-0.21652086079120636
0.3125,0.0,0.0,0.0,-0.21227481961250305
0.31666666666666665,0.0,0.0,0.0,-0.20810683071613312
0.3208333333333333,0.0,0.0,0.0,-0.2040158361196518
0.325,0.0,0.0,0.0,-0.2000008076429367
0.32916666666666666,0.0,0.0,0.0,-0.1960606426000595
0.3333333333333333,0.0,0.0,0.0,-0.19219423830509186
0.3375,0.0,0.0,0.0,-0.1884004920721054
0.3416666666666667,0.0,0.0,0.0,-0.18467824161052704
0.3458333333333333,0.0,0.0,0.0,-0.1810263991355896
0.35,0.0,0.0,0.0,-0.17744380235671997
0.3541666666666667,0.0,0.0,0.0,-0.17392930388450623
0.35833333333333334,0.0,0.0,0.0,-0.17048180103302002
0.3625,0.0,0.0,0.0,-0.16710011661052704
0.36666666666666664,0.0,0.0,0.0,-0.16378316283226013
0.37083333333333335,0.0,0.0,0.0,-0.16052977740764618
0.375,0.0,0.0,0.0,-0.15733888745307922
0.37916666666666665,0.0,0.0,0.0,-0.15420936048030853
0.3833333333333333,0.0,0.0,0.0,-0.15114009380340576
0.3875,0.0,0.0,0.0,-0.14813002943992615
0.39166666666666666,0.0,0.0,0.0,-0.14517807960510254
0.3958333333333333,0.0,0.0,0.0,-0.14228320121765137
0.4,0.0,0.0,0.0,-0.13944432139396667
0.4041666666666667,0.0,0.0,0.0,-0.13666042685508728
0.4083333333333333,0.0,0.0,0.0,-0.1339304894208908
0.4125,0.0,0.0,0.0,-0.13125351071357727
0.4166666666666667,0.0,0.0,0.0,-0.12862850725650787
0.42083333333333334,0.0,0.0,0.0,-0.12605449557304382
0.425,0.0,0.0,0.0,-0.12353051453828812
0.42916666666666664,0.0,0.0,0.0,-0.12105562537908554
0.43333333333333335,0.0,0.0,0.0,-0.11862889677286148
0.4375,0.0,0.0,0.0,-0.11624941974878311
0.44166666666666665,0.0,0.0,0.0,-0.11391628533601761
0.4458333333333333,0.0,0.0,0.0,-0.11162861436605453
0.45,0.0,0.0,0.0,-0.10938553512096405
0.45416666666666666,0.0,0.0,0.0,-0.1071861982345581
0.4583333333333333,0.0,0.0,0.0,-0.10502976179122925
0.46249999999999997,0.0,0.0,0.0,-0.10291540622711182
0.4666666666666667,0.0,0.0,0.0,-0.10084231942892075
0.4708333333333333,0.0,0.0,0.0,-0.09880970418453217
0.475,0.0,0.0,0.0,-0.096816785633564
0.4791666666666667,0.0,0.0,0.0,-0.09486278891563416
0.48333333333333334,0.0,0.0,0.0,-0.09294696897268295
0.4875,0.0,0.0,0.0,-0.0910685807466507
0.49166666666666664,0.0,0.0,0.0,-0.08922690153121948
0.49583333333333335,0.0,0.0,0.0,-0.0874212235212326
0.5,0.3,0.0,0.0,-0.08592665195465088
0.5041666666666667,0.3,1.692854675638955e-05,-2.682200047385173e-25,-0.08518511056900024
0.5083333333333333,0.3,5.05098796566017e-05,-1.468525021535776e-24,-0.0843668058514595
0.5125,0.3,9.964919445337728e-05,-3.875740680527775e-24,-0.08347786962985992
0.5166666666666666,0.3,0.0001629413600312546,-7.736799081887576e-24,-0.08252760767936707
0.5208333333333334,0.3,0.0002387637650826946,-1.3267381403812686e-23,-0.08152451366186142
0.525,0.3,0.00032537305378355086,-2.0650341659828808e-23,-0.08047635853290558
0.5291666666666667,0.3,0.00042100396240130067,-3.0035954696936926e-23,-0.07939025014638901
0.5333333333333333,0.3,0.0005239645252004266,-3.324200216716909e-23,-0.07827266305685043
0.5375,0.3,0.0006327223964035511,-3.5264934984412507e-23,-0.07712947577238083
0.5416666666666666,0.3,0.0007459779735654593,-2.428580556381803e-23,-0.07596594095230103
0.5458333333333333,0.3,0.0008627206552773714,-8.456835028571676e-24,-0.0747867226600647
0.55,0.3,0.0009822661522775888,-3.30161639117788e-24,-0.07359588891267776
0.5541666666666667,0.3,0.0011042737169191241,2.9354965787339456e-24,-0.07239700108766556
0.5583333333333333,0.3,0.0012287426507100463,-9.21611680529052e-24,-0.0711931437253952
0.5625,0.3,0.0013559912331402302,-2.42951235888305e-23,-0.069986991584301
0.5666666666666667,0.3,0.0014866180717945099,-4.236109854744829e-23,-0.06878090649843216
0.5708333333333333,0.3,0.0016214498318731785,-6.348944416190853e-23,-0.06757700443267822
0.575,0.3,0.0017614798853173852,-5.986481131814799e-23,-0.0663771703839302
0.5791666666666666,0.3,0.0019077996257692575,-5.493107326850405e-23,-0.06518316268920898
0.5833333333333334,0.3,0.002061530016362667,-8.135468241914016e-23,-0.0639965832233429
0.5875,0.3,0.002223752439022064,-1.467736677334448e-22,-0.06281889230012894
0.5916666666666667,0.3,0.00239544827491045,-2.214803353143616e-22,-0.06165139377117157
0.5958333333333333,0.3,0.0025774447713047266,-3.4667594360849776e-22,-0.06049525365233421
0.6,0.3,0.0027703745290637016,-5.318168522766634e-22,-0.05935145169496536
0.6041666666666666,0.3,0.0029746470972895622,-7.871007230386358e-22,-0.05822080373764038
0.6083333333333333,0.3,0.0031904338393360376,-1.02247056386566e-21,-0.0571039542555809
0.6125,0.3,0.003417668165639043,-1.0743957362973609e-20,-0.05600140988826752
0.6166666666666667,0.3,0.003656058805063367,-2.975456874410751e-20,-0.05491355434060097
0.6208333333333333,0.3,0.0039051144849509,-7.230306893673881e-20,-0.05384068936109543
0.625,0.3,0.0041641779243946075,-1.477693670087599e-19,-0.052783042192459106
0.6291666666666667,0.3,0.004432469606399536,-2.698786866873299e-19,-0.05174081400036812
0.6333333333333333,0.3,0.004709132481366396,-4.482494324364271e-19,-0.05071417987346649
0.6375,0.3,0.004993282724171877,-6.872039719234621e-19,-0.04970329627394676
0.6416666666666666,0.3,0.005284055136144161,-9.913298488256538e-19,-0.048708293586969376
0.6458333333333334,0.3,0.00558064877986908,-1.3513277436003164e-18,-0.04772929102182388
0.65,0.3,0.005882365629076958,-1.7666896639537657e-18,-0.046766359359025955
0.6541666666666667,0.3,0.006188638508319855,-2.227400934209822e-18,-0.04581952467560768
0.6583333333333333,0.3,0.006499056238681078,-2.7337508607877263e-18,-0.04488877207040787
0.6625,0.3,0.006813371554017067,-3.2760558470514728e-18,-0.04397403076291084
0.6666666666666666,0.3,0.007131506223231554,-3.8685309918277856e-18,-0.043075188994407654
0.6708333333333333,0.3,0.007453542202711105,-4.520565622249754e-18,-0.04219210147857666
0.675,0.3,0.0077797058038413525,-5.231880151270335e-18,-0.04132460057735443
0.6791666666666667,0.3,0.008110345341265202,-6.002432806268595e-18,-0.04047250747680664
0.6833333333333333,0.3,0.008445899933576584,-6.831936141981672e-18,-0.03963564708828926
0.6875,0.3,0.00878687109798193,-7.720636658232106e-18,-0.03881385177373886
0.6916666666666667,0.3,0.009133786894381046,-8.659011851808187e-18,-0.03800695389509201
0.6958333333333333,0.3,0.009487168863415718,-9.633168397141474e-18,-0.037214796990156174
0.7,0.3,0.009847498498857021,-1.0624130770980001e-17,-0.036437228322029114
0.7041666666666666,0.3,0.010215195827186108,-1.1613284100818875e-17,-0.0356740839779377
0.7083333333333334,0.3,0.010590589605271816,-1.2582928375910685e-17,-0.0349251925945282
0.7125,0.3,0.010973906144499779,-1.3514000391858536e-17,-0.03419036790728569
0.7166666666666667,0.3,0.011365258134901524,-1.4396987571618066e-17,-0.03346940875053406
0.7208333333333333,0.3,0.011764642782509327,-1.5237171463400427e-17,-0.03276209533214569
0.725,0.3,0.012171942740678787,-1.6024655678357035e-17,-0.03206819295883179
0.7291666666666666,0.3,0.01258693914860487,-1.67451680421989e-17,-0.03138747811317444
0.7333333333333333,0.3,0.013009326532483101,-1.741275739044962e-17,-0.030719703063368797
0.7375,0.3,0.013438728637993336,-1.8027134209894807e-17,-0.030064644291996956
0.7416666666666667,0.3,0.013874724507331848,-1.8602889966539892e-17,-0.029422076418995857
0.7458333333333333,0.3,0.014316869899630547,-1.9144122513139463e-17,-0.02879178710281849
0.75,0.3,0.014764719642698765,-1.966466892698031e-17,-0.028173567727208138
0.7541666666666667,0.3,0.015217853710055351,-2.0183939828316597e-17,-0.027567218989133835
0.7583333333333333,0.3,0.015675891190767288,-2.0710536241157656e-17,-0.02697254717350006
0.7625,0.3,0.016138512641191483,-2.125812980666776e-17,-0.026389354839920998
0.7666666666666666,0.3,0.016605468466877937,-2.1850999930186567e-17,-0.025817446410655975
0.7708333333333334,0.3,0.017076587304472923,-2.2493689487638217e-17,-0.02525661699473858
0.775,0.3,0.017551779747009277,-2.3190456804816135e-17,-0.02470666728913784
0.7791666666666667,0.3,0.018031038343906403,-2.3955436744027625e-17,-0.024167392402887344
0.7833333333333333,0.3,0.018514424562454224,-2.4788738493113545e-17,-0.023638585582375526
0.7875,0.3,0.019002070650458336,-2.5691101551541517e-17,-0.023120051249861717
0.7916666666666666,0.3,0.019494151696562767,-2.6648116433040868e-17,-0.0226115919649601
0.7958333333333333,0.3,0.019990883767604828,-2.764601719785749e-17,-0.022113019600510597
0.8,0.3,0.02049250341951847,-2.8671089191435254e-17,-0.021624155342578888
0.8041666666666667,0.3,0.0209992453455925,-2.971004789313656e-17,-0.021144824102520943
0.8083333333333333,0.3,0.021511338651180267,-3.0733296780644255e-17,-0.02067485637962818
0.8125,0.3,0.022028980776667595,-3.172795499745967e-17,-0.020214084535837173
0.8166666666666667,0.3,0.022552333772182465,-3.267409410826517e-17,-0.019762348383665085
0.8208333333333333,0.3,0.02308150753378868,-3.3572938340367344e-17,-0.019319480285048485
0.825,0.3,0.02361656352877617,-3.44099326237077e-17,-0.01888531632721424
0.8291666666666666,0.3,0.024157505482435226,-3.5176692655597406e-17,-0.01845969259738922
0.8333333333333334,0.3,0.024704275652766228,-3.588587760813097e-17,-0.018042439594864845
0.8375,0.3,0.025256773456931114,-3.6542668940665424e-17,-0.01763339340686798
0.8416666666666667,0.3,0.0258148442953825,-3.7147592740070353e-17,-0.017232390120625496
0.8458333333333333,0.3,0.02637830190360546,-3.770336877619983e-17,-0.016839269548654556
0.85,0.3,0.026946930214762688,-3.8233297072548254e-17,-0.016453875228762627
0.8541666666666666,0.3,0.027520494535565376,-3.876657710473874e-17,-0.01607605442404747
0.8583333333333333,0.3,0.028098762035369873,-3.933578324529363e-17,-0.015705661848187447
0.8624999999999999,0.3,0.028681501746177673,-3.9973397222506656e-17,-0.015342552214860916
0.8666666666666667,0.3,0.029268501326441765,-4.069319986538295e-17,-0.01498658861964941
0.8708333333333333,0.3,0.029859572649002075,-4.1504773234138327e-17,-0.014637632295489311
0.875,0.3,0.030454562976956367,-4.240742580578069e-17,-0.014295550063252449
0.8791666666666667,0.3,0.03105335310101509,-4.3414402396278246e-17,-0.013960208743810654
0.8833333333333333,0.3,0.03165586665272713,-4.451710694470534e-17,-0.013631477952003479
0.8875,0.3,0.03226206451654434,-4.5706026874017605e-17,-0.013309228233993053
0.8916666666666666,0.3,0.03287194296717644,-4.6969584964361757e-17,-0.01299333106726408
0.8958333333333334,0.3,0.0334855355322361,-4.8295141895977984e-17,-0.012683664448559284
0.9,0.3,0.0341029055416584,-4.967735077338674e-17,-0.012380105443298817
0.9041666666666667,0.3,0.03472412750124931,-5.1102073425558276e-17,-0.012082535773515701
0.9083333333333333,0.3,0.035349298268556595,-5.2544785601691614e-17,-0.011790841817855835
0.9125,0.3,0.035978518426418304,-5.3979153179805516e-17,-0.01150491088628769
0.9166666666666666,0.3,0.036611881107091904,-5.536739385824101e-17,-0.011224634945392609
0.9208333333333333,0.3,0.03724947199225426,-5.667643033866333e-17,-0.010949908755719662
0.9249999999999999,0.3,0.037891361862421036,-5.787784731267005e-17,-0.010680625215172768
0.9291666666666667,0.3,0.03853759542107582,-5.894853004522399e-17,-0.010416682809591293
0.9333333333333333,0.3,0.0391881950199604,-5.986537703617776e-17,-0.010157979093492031
0.9375,0.3,0.03984316065907478,-6.061721803853946e-17,-0.009904410690069199
0.9416666666666667,0.3,0.04050245136022568,-6.120373541495386e-17,-0.009655878879129887
0.9458333333333333,0.3,0.04116601496934891,-6.162592178215602e-17,-0.009412283077836037
0.95,0.3,0.04183376953005791,-6.19126490522465e-17,-0.00917352456599474
0.9541666666666666,0.3,0.04250560700893402,-6.210408511577088e-17,-0.008939506486058235
0.9583333333333334,0.3,0.043181415647268295,-6.224495728281111e-17,-0.008710133843123913
0.9625,0.3,0.043861061334609985,-6.236680429576262e-17,-0.00848531536757946
0.9666666666666667,0.3,0.044544413685798645,-6.251024403142421e-17,-0.00826495885848999
0.9708333333333333,0.3,0.04523134604096413,-6.26971934673061e-17,-0.008048975840210915
0.975,0.3,0.045921728014945984,-6.297942749230919e-17,-0.007837281562387943
0.9791666666666666,0.3,0.046615444123744965,-6.337861162103748e-17,-0.007629790343344212
0.9833333333333333,0.3,0.04731240123510361,-6.390221694878355e-17,-0.007426420692354441
0.9874999999999999,0.3,0.04801250994205475,-6.455641093419459e-17,-0.007227091118693352
0.9916666666666667,0.3,0.04871571436524391,-6.532707194985309e-17,-0.007031721994280815
0.9958333333333333,0.3,0.04942196235060692,-6.621712490640505e-17,-0.006840236485004425
1.0,0.3,0.050131235271692276,-6.722788005794075e-17,-0.006652557756751776
1.0041666666666667,0.3,0.05084352195262909,-6.835070163886513e-17,-0.006468611769378185
1.0083333333333333,0.3,0.051558833569288254,-6.95622565384593e-17,-0.006288325414061546
1.0125,0.3,0.05227718502283096,-7.081444916718697e-17,-0.006111627910286188
1.0166666666666666,0.3,0.05299860239028931,-7.20659403467552e-17,-0.005938450340181589
1.0208333333333333,0.3,0.05372312292456627,-7.32904455860195e-17,-0.005768724251538515
1.025,0.3,0.05445077270269394,-7.445843784583417e-17,-0.005602383986115456
1.0291666666666666,0.3,0.05518157780170441,-7.554405615152837e-17,-0.005439365282654762
1.0333333333333332,0.3,0.05591556429862976,-7.654170214471632e-17,-0.005279603414237499
1.0375,0.3,0.0566527396440506,-7.742988898180636e-17,-0.005123036447912455
1.0416666666666667,0.3,0.05739310756325722,-7.817252511831157e-17,-0.004969602916389704
1.0458333333333334,0.3,0.058136653155088425,-7.876025348714275e-17,-0.004819240886718035
1.05,0.3,0.05888334661722183,-7.920060474059658e-17,-0.004671890288591385
1.0541666666666667,0.3,0.059633154422044754,-7.950477559544457e-17,-0.004527491983026266
1.0583333333333333,0.3,0.06038602069020271,-7.969429259994782e-17,-0.004385987296700478
1.0625,0.3,0.061141882091760635,-7.978974924263644e-17,-0.004247318021953106
1.0666666666666667,0.3,0.06190066784620285,-7.982577461267435e-17,-0.004111427813768387
1.0708333333333333,0.3,0.06266230344772339,-7.983761322160121e-17,-0.003978260792791843
1.075,0.3,0.06342671066522598,-7.986503591326857e-17,-0.003847762942314148
1.0791666666666666,0.3,0.06419380009174347,-7.99341088031392e-17,-0.0037198804784566164
1.0833333333333333,0.3,0.06496350467205048,-8.007210899909264e-17,-0.003594561479985714
1.0875,0.3,0.06573573499917984,-8.030708123261691e-17,-0.0034717549569904804
1.0916666666666666,0.3,0.06651043891906738,-8.064349889646467e-17,-0.003351411083713174
1.0958333333333332,0.3,0.06728754937648773,-8.108939556874506e-17,-0.003233480965718627
1.1,0.3,0.0680670216679573,-8.164669030847919e-17,-0.0031179168727248907
1.1041666666666667,0.3,0.06884880363941193,-8.233133777532198e-17,-0.003004672471433878
1.1083333333333334,0.3,0.0696328654885292,-8.315115317170083e-17,-0.0028937021270394325
1.1125,0.3,0.07041919976472855,-8.410151752107526e-17,-0.0027849609032273293
1.1166666666666667,0.3,0.07120776921510696,-8.517554206330391e-17,-0.0026784054934978485
1.1208333333333333,0.3,0.07199858874082565,-8.634426224205763e-17,-0.0025739935226738453
1.125,0.3,0.07279163599014282,-8.758680663612049e-17,-0.002471683081239462
1.1291666666666667,0.3,0.07358691841363907,-8.889964152991565e-17,-0.0023714336566627026
1.1333333333333333,0.3,0.07438443601131439,-9.027585169352217e-17,-0.0022732054349035025
1.1375,0.3,0.07518418878316879,-9.16865255101701e-17,-0.0021769593004137278
1.1416666666666666,0.3,0.07598617672920227,-9.311806413058908e-17,-0.0020826568361371756
1.1458333333333333,0.3,0.07679038494825363,-9.453711563248095e-17,-0.0019902605563402176
1.15,0.3,0.07759679853916168,-9.590789287382422e-17,-0.0018997329752892256
1.1541666666666666,0.3,0.07840541005134583,-9.721215817647333e-17,-0.0018110377714037895
1.1583333333333332,0.3,0.07921618968248367,-9.842704826829732e-17,-0.001724138972349465
1.1625,0.3,0.08002910017967224,-9.952596102079646e-17,-0.001639000722207129
1.1666666666666667,0.3,0.08084411174058914,-1.0050197458660493e-16,-0.0015555883292108774
1.1708333333333334,0.3,0.0816611796617508,-1.0135662421293962e-16,-0.0014738671015948057
1.175,0.3,0.08248025178909302,-1.0209010842314754e-16,-0.0013938031625002623
1.1791666666666667,0.3,0.08330127596855164,-1.0270535874531958e-16,-0.0013153634499758482
1.1833333333333333,0.3,0.08412420749664307,-1.0321388291613758e-16,-0.0012385151349008083
1.1875,0.3,0.08494898676872253,-1.0362111385786479e-16,-0.001163226319476962
1.1916666666666667,0.3,0.08577556163072586,-1.03948928843342e-16,-0.001089465687982738
1.1958333333333333,0.3,0.08660387992858887,-1.042218256535906e-16,-0.0010172026231884956
1.2,0.3,0.08743388950824738,-1.0446105290418584e-16,-0.0009464070317335427
1.2041666666666666,0.3,0.0882655456662178,-1.0466709366860544e-16,-0.0008770497515797615
1.2083333333333333,0.3,0.08909881860017776,-1.0486115685775528e-16,-0.0008091021445579827
1.2125,0.3,0.08993365615606308,-1.0505850891702064e-16,-0.000742536096367985
1.2166666666666666,0.3,0.09077003598213196,-1.0526403352073801e-16,-0.0006773244240321219
1.2208333333333332,0.3,0.09160792827606201,-1.0549749035938008e-16,-0.0006134402938187122
1.225,0.3,0.09244731068611145,-1.0576819679536663e-16,-0.0005508575704880059
1.2291666666666667,0.3,0.09328816831111908,-1.0609412580904723e-16,-0.0004895507008768618
1.2333333333333334,0.3,0.09413047879934311,-1.0649354816579193e-16,-0.00042949480121023953
1.2375,0.3,0.09497423470020294,-1.0698008918465072e-16,-0.00037066536606289446
1.2416666666666667,0.3,0.09581941366195679,-1.0753959415098159e-16,-0.0003130384429823607
1.2458333333333333,0.3,0.09666600823402405,-1.0816088620034772e-16,-0.0002565905451774597
1.25,0.3,0.09751399606466293,-1.08820513108022e-16,-0.0002012986660702154
1.2541666666666667,0.3,0.09836336970329285,-1.0949665715816775e-16,-0.000147140133776702
1.2583333333333333,0.3,0.0992141142487526,-1.1017075641783926e-16,-9.409266203874722e-05
1.2625,0.3,0.10006619244813919,-1.1082906645397837e-16,-4.21343429479748e-05
1.2666666666666666,0.3,0.10091959685087204,-1.1146552568705627e-16,8.756420356803574e-06
1.2708333333333333,0.3,0.10177429020404816,-1.1206939400399958e-16,5.860087912878953e-05
1.275,0.3,0.10263024270534515,-1.1263477526140202e-16,0.00010741996811702847
1.2791666666666666,0.3,0.10348742455244064,-1.1314966541421423e-16,0.0001552342582726851
1.2833333333333332,0.3,0.10434579104185104,-1.135938018461511e-16,0.00020206402405165136
1.2875,0.3,0.10520531982183456,-1.1396903744178476e-16,0.00024792912881821394
1.2916666666666667,0.3,0.10606596618890762,-1.142738501887881e-16,0.00029284911579452455
1.2958333333333334,0.3,0.10692768543958664,-1.1450842537561834e-16,0.00033684310619719326
1.3,0.3,0.10779044032096863,-1.1467453647750879e-16,0.00037992990110069513
1.3041666666666667,0.3,0.1086541935801506,-1.1477067471702215e-16,0.00042212780681438744
1.3083333333333333,0.3,0.10951890796422958,-1.1479699891283604e-16,0.00046345486771315336
1.3125,0.3,0.11038455367088318,-1.1475010769827163e-16,0.0005039285751990974
1.3166666666666667,0.3,0.11125108599662781,-1.1464749759764565e-16,0.0005435662460513413
1.3208333333333333,0.3,0.11211847513914108,-1.1449495225780107e-16,0.0005823845276609063
1.325,0.3,0.11298670619726181,-1.1430459483779547e-16,0.0006203999510034919
1.3291666666666666,0.3,0.11385573446750641,-1.1409197633314484e-16,0.0006576285231858492
1.3333333333333333,0.3,0.11472554504871368,-1.1387263450447538e-16,0.000694085902068764
1.3375,0.3,0.11559611558914185,-1.1365879838996307e-16,0.0007297875126823783
1.3416666666666666,0.3,0.1164674162864685,-1.134533796653641e-16,0.0007647481979802251
1.3458333333333332,0.3,0.11733944714069366,-1.1326840884550744e-16,0.0007989828009158373
1.35,0.3,0.11821217089891434,-1.1310032574503667e-16,0.0008325055823661387
1.3541666666666667,0.3,0.11908557265996933,-1.1293810570074767e-16,0.0008653306867927313
1.3583333333333334,0.3,0.11995963752269745,-1.1279221751047292e-16,0.0008974720258265734
1.3625,0.3,0.1208343431353569,-1.126533041071232e-16,0.0009289431036449969
1.3666666666666667,0.3,0.1217096745967865,-1.1252450215958135e-16,0.0009597573080100119
1.3708333333333333,0.3,0.12258560210466385,-1.1239825454577106e-16,0.000989927793852985
1.375,0.3,0.12346211075782776,-1.1229240189714388e-16,0.0010194673668593168
1.3791666666666667,0.3,0.12433916330337524,-1.1219842094466805e-16,0.0010483888909220695
1.3833333333333333,0.3,0.1252167522907257,-1.121070869701524e-16,0.0010767049388960004
1.3875,0.3,0.12609483301639557,-1.120165206192452e-16,0.0011044275015592575
1.3916666666666666,0.3,0.12697339057922363,-1.1192403520931686e-16,0.0011315690353512764
1.3958333333333333,0.3,0.12785238027572632,-1.1181988986147398e-16,0.0011581411818042397
1.4,0.3,0.12873178720474243,-1.1169035999499308e-16,0.001184155815280974
1.4041666666666666,0.3,0.1296115666627884,-1.1151563297984228e-16,0.0012096241116523743
1.4083333333333332,0.3,0.130491703748703,-1.1129577499047059e-16,0.0012345575960353017
1.4125,0.3,0.13137215375900269,-1.1103295654880534e-16,0.0012589669786393642
1.4166666666666667,0.3,0.13225288689136505,-1.1072731000374454e-16,0.0012828633189201355
1.4208333333333334,0.3,0.1331338882446289,-1.1037897432163111e-16,0.0013062568614259362
1.425,0.3,0.13401512801647186,-1.0998594441666022e-16,0.0013291580835357308
1.4291666666666667,0.3,0.13489656150341034,-1.0954830631561556e-16,0.0013515769969671965
1.4333333333333333,0.3,0.13577818870544434,-1.0906402184546782e-16,0.0013735234970226884
1.4375,0.3,0.13665995001792908,-1.0853527476303412e-16,0.0013950071297585964
1.4416666666666667,0.3,0.13754186034202576,-1.0796215771254308e-16,0.0014160374412313104
1.4458333333333333,0.3,0.1384238749742508,-1.0734697356482004e-16,0.001436623395420611
1.45,0.3,0.139305979013443,-1.0668541436323483e-16,0.0014567741891369224
1.4541666666666666,0.3,0.14018815755844116,-1.059797565088332e-16,0.0014764986699447036
1.4583333333333333,0.3,0.1410703808069229,-1.0522784271457759e-16,0.001495805219747126
1.4625,0.3,0.14195263385772705,-1.0442060046350954e-16,0.001514702569693327
1.4666666666666666,0.3,0.1428348869085312,-1.0353960678902626e-16,0.001533198868855834
1.4708333333333332,0.3,0.14371713995933533,-1.0258478889923385e-16,0.0015513022663071752
1.475,0.3,0.14459936320781708,-1.0154911906764806e-16,0.0015690207947045565
1.4791666666666667,0.3,0.14548152685165405,-1.0044866445048711e-16,0.0015863623702898622
1.4833333333333334,0.3,0.14636361598968506,-9.927185775406507e-17,0.001603334560059011
1.4875,0.3,0.1472456157207489,-9.803714179731942e-17,0.0016199451638385653
1.4916666666666667,0.3,0.1481275111436844,-9.677226352671763e-17,0.0016362015157938004
1.4958333333333333,0.3,0.14900924265384674,-9.54957584054258e-17,0.001652111066505313
1.5,0.3,0.14989082515239716,-9.421215276575581e-17,0.0016676809173077345
1.5041666666666667,0.3,0.15077221393585205,-9.293047280255185e-17,0.0016829182859510183
1.5083333333333333,0.3,0.15165339410305023,-9.166437030464348e-17,0.0016978300409391522
1.5125,0.3,0.1525343358516693,-9.043015727371026e-17,0.0017124231671914458
1.5166666666666666,0.3,0.1534150093793869,-8.923231371994977e-17,0.0017267040675505996
1.5208333333333333,0.3,0.1542953997850418,-8.807807912808308e-17,0.0017406796105206013
1.525,0.3,0.15517547726631165,-8.698132366262147e-17,0.0017543560825288296
1.5291666666666666,0.3,0.15605522692203522,-8.595835932524449e-17,0.001767739886417985
1.5333333333333332,0.3,0.15693461894989014,-8.50116808926796e-17,0.0017808369593694806
1.5375,0.3,0.15781360864639282,-8.412282569365462e-17,0.0017936535878106952
1.5416666666666667,0.3,0.15869221091270447,-8.32708693673944e-17,0.0018061953596770763
1.5458333333333334,0.3,0.15957039594650269,-8.243275673586588e-17,0.001818468444980681
1.55,0.3,0.1604481190443039,-8.158504219178683e-17,0.0018304780824109912
1.5541666666666667,0.3,0.1613253802061081,-8.073084255170537e-17,0.0018422299763187766
1.5583333333333333,0.3,0.1622021645307541,-7.983952566317743e-17,0.0018537294818088412
1.5625,0.3,0.1630784273147583,-7.891175988813796e-17,0.0018649818375706673
1.5666666666666667,0.3,0.16395418345928192,-7.792466210212128e-17,0.001875992282293737
1.5708333333333333,0.3,0.16482938826084137,-7.685737411880126e-17,0.0018867658218368888
1.575,0.3,0.16570402681827545,-7.569828893982255e-17,0.0018973073456436396
1.5791666666666666,0.3,0.16657808423042297,-7.445289904445252e-17,0.0019076219759881496
1.5833333333333333,0.3,0.16745156049728394,-7.310235794961474e-17,0.0019177141366526484
1.5875,0.3,0.16832439601421356,-7.164690388332563e-17,0.0019275888334959745
1.5916666666666666,0.3,0.16919662058353424,-7.007339460001296e-17,0.0019372504903003573
1.5958333333333332,0.3,0.1700681746006012,-6.84065197866002e-17,0.001946703647263348
1.6,0.3,0.17093905806541443,-6.664104504417113e-17,0.00195595296099782
1.6041666666666667,0.3,0.17180924117565155,-6.478820679416665e-17,0.001965002389624715
1.6083333333333334,0.3,0.17267870903015137,-6.287115947629335e-17,0.001973856706172228
1.6125,0.3,0.17354744672775269,-6.091023188128534e-17,0.001982519868761301
1.6166666666666667,0.3,0.17441542446613312,-5.892290068112464e-17,0.00199099606834352
1.6208333333333333,0.3,0.17528264224529266,-5.693391511973884e-17,0.0019992892630398273
1.625,0.3,0.17614905536174774,-5.499482509290223e-17,0.0020074036438018084
1.6291666666666667,0.3,0.17701464891433716,-5.310174285173582e-17,0.0020153429359197617
1.6333333333333333,0.3,0.17787940800189972,-5.1280377169677757e-17,0.0020231110975146294
1.6375,0.3,0.17874331772327423,-4.9514521924166904e-17,0.00203071185387671
1.6416666666666666,0.3,0.1796063333749771,-4.779918425302589e-17,0.002038148930296302
1.6458333333333333,0.3,0.18046846985816956,-4.614256647920879e-17,0.0020454255864024162
1.65,0.3,0.18132969737052917,-4.45461641452631e-17,0.0020525455474853516
1.6541666666666666,0.3,0.18218998610973358,-4.301024856642974e-17,0.0020595125388354063
1.6583333333333332,0.3,0.18304932117462158,-4.15191761029641e-17,0.0020663293544203043
1.6624999999999999,0.3,0.18390768766403198,-4.004862764485713e-17,0.002072999719530344
1.6666666666666667,0.3,0.1847650706768036,-3.85842499541198e-17,0.0020795264281332493
1.6708333333333334,0.3,0.1856214553117752,-3.7100529471938536e-17,0.0020859132055193186
1.675,0.3,0.18647682666778564,-3.561225618766578e-17,0.002092162612825632
1.6791666666666667,0.3,0.1873311549425125,-3.4120932261293924e-17,0.0020982776768505573
1.6833333333333333,0.3,0.18818442523479462,-3.262087661637596e-17,0.0021042616572231054
1.6875,0.3,0.18903663754463196,-3.112589655169662e-17,0.0021101173479110003
1.6916666666666667,0.3,0.18988776206970215,-2.9636521462847944e-17,0.002115847310051322
1.6958333333333333,0.3,0.190737783908844,-2.816518552879782e-17,0.0021214548032730818
1.7,0.3,0.1915866732597351,-2.6728983264085277e-17,0.002126942155882716
1.7041666666666666,0.3,0.19243444502353668,-2.5332834738993775e-17,0.002132312161847949
1.7083333333333333,0.3,0.19328106939792633,-2.397368269397932e-17,0.002137567615136504
1.7125,0.3,0.19412651658058167,-2.2654763059598218e-17,0.002142710844054818
1.7166666666666666,0.3,0.19497078657150269,-2.136699670144709e-17,0.002147744642570615
1.7208333333333332,0.3,0.195813849568367,-2.0108874842088635e-17,0.0021526713389903307
1.7249999999999999,0.3,0.19665569067001343,-1.887576527009256e-17,0.002157493494451046
1.7291666666666667,0.3,0.19749630987644196,-1.7664681863447546e-17,0.0021622134372591972
1.7333333333333334,0.3,0.198335662484169,-1.6470904729578367e-17,0.002166833495721221
1.7375,0.3,0.19917376339435577,-1.5291245914404244e-17,0.0021713559981435537
1.7416666666666667,0.3,0.20001056790351868,-1.410199345848573e-17,0.0021757830400019884
1.7458333333333333,0.3,0.2008460909128189,-1.2918757914342927e-17,0.002180117182433605
1.75,0.3,0.2016802728176117,-1.1730079521769525e-17,0.002184360520914197
1.7541666666666667,0.3,0.20251314342021942,-1.0545278124727159e-17,0.002188514918088913
1.7583333333333333,0.3,0.20334464311599731,-9.359545322315058e-18,0.0021925827022641897
1.7625,0.3,0.20417480170726776,-8.185181290241886e-18,0.0021965657360851765
1.7666666666666666,0.3,0.20500357449054718,-7.026647013551141e-18,0.0022004658821970224
1.7708333333333333,0.3,0.20583094656467438,-5.879702364422877e-18,0.002204285468906164
1.775,0.3,0.20665690302848816,-4.736431224394961e-18,0.0022080258931964636
1.7791666666666666,0.3,0.20748145878314972,-3.600775109086208e-18,0.0022116894833743572
1.7833333333333332,0.3,0.20830455422401428,-2.475841322467674e-18,0.002215277636423707
1.7874999999999999,0.3,0.20912621915340424,-1.369410532176185e-18,0.002218792447820306
1.7916666666666667,0.3,0.2099463939666748,-2.7802838027493203e-19,0.0022222355473786592
1.7958333333333334,0.3,0.21076510846614838,7.745846434965731e-19,0.0022256087977439165
1.8,0.3,0.21158231794834137,1.807806330661939e-18,0.002228913363069296
1.8041666666666667,0.3,0.21239803731441498,2.805834067702588e-18,0.0022321513388305902
1.8083333333333333,0.3,0.21321222186088562,3.7595400199565735e-18,0.0022353241220116615
1.8125,0.3,0.2140248715877533,4.660106442094081e-18,0.0022384333424270153
1.8166666666666667,0.3,0.2148359715938568,5.538389859300328e-18,0.002241480629891157
1.8208333333333333,0.3,0.21564550697803497,6.403951652275816e-18,0.002244467381387949
1.825,0.3,0.21645347774028778,7.262535763194113e-18,0.0022473949939012527
1.8291666666666666,0.3,0.21725983917713165,8.134768767809842e-18,0.0022502653300762177
1.8333333333333333,0.3,0.21806462109088898,9.026362761842986e-18,0.0022530793212354183
1.8375,0.3,0.21886776387691498,9.941810990380935e-18,0.0022558385971933603
1.8416666666666666,0.3,0.21966929733753204,1.0882114341964877e-17,0.0022585445549339056
1.8458333333333332,0.3,0.2204691767692566,1.1847091664040663e-17,0.0022611983586102724
1.8499999999999999,0.3,0.22126738727092743,1.2837672707616804e-17,0.0022638016380369663
1.8541666666666667,0.3,0.22206394374370575,1.3843288586006708e-17,0.0022663555573672056
1.8583333333333334,0.3,0.22285881638526917,1.4840406010783242e-17,0.002268861047923565
1.8625,0.3,0.22365199029445648,1.584291913469546e-17,0.0022713197395205498
1.8666666666666667,0.3,0.2244434505701065,1.685423346032524e-17,0.0022737327963113785
1.8708333333333333,0.3,0.22523319721221924,1.7870679614475302e-17,0.0022761011496186256
1.875,0.3,0.2260212004184723,1.8892586815029438e-17,0.002278426196426153
1.8791666666666667,0.3,0.22680746018886566,1.991639156790877e-17,0.0022807088680565357
1.8833333333333333,0.3,0.22759196162223816,2.0949303579332312e-17,0.0022829503286629915
1.8875,0.3,0.2283746898174286,2.1977533748488803e-17,0.002285151742398739
1.8916666666666666,0.3,0.22915564477443695,2.298005348984592e-17,0.0022873140405863523
1.8958333333333333,0.3,0.22993479669094086,2.395958588198019e-17,0.0022894383873790503
1.9,0.3,0.2307121604681015,2.4895087450108263e-17,0.0022915254812687635
1.9041666666666666,0.3,0.2314876914024353,2.5789363990867917e-17,0.002293576719239354
1.9083333333333332,0.3,0.23226140439510345,2.6637961963841167e-17,0.002295592799782753
1.9124999999999999,0.3,0.23303326964378357,2.743182043259811e-17,0.0022975746542215347
1.9166666666666667,0.3,0.23380328714847565,2.817946266617049e-17,0.0022995234467089176
1.9208333333333334,0.3,0.2345714420080185,2.887276244222058e-17,0.002301439642906189
1.925,0.3,0.2353377342224121,2.95211562371764e-17,0.0023033246397972107
1.9291666666666667,0.3,0.2361021339893341,3.013230705223263e-17,0.00230517890304327
1.9333333333333333,0.3,0.23686464130878448,3.070097717975058e-17,0.002307003363966942
1.9375,0.3,0.23762524127960205,3.1254314687434256e-17,0.0023087989538908005
1.9416666666666667,0.3,0.2383839339017868,3.179347431941877e-17,0.0023105666041374207
1.9458333333333333,0.3,0.23914068937301636,3.2311918040142505e-17,0.0023123067803680897
1.95,0.3,0.2398955225944519,3.282283110856956e-17,0.002314020646736026
1.9541666666666666,0.3,0.24064838886260986,3.3348640045467465e-17,0.0023157084360718727
1.9583333333333333,0.3,0.24139931797981262,3.390493555102163e-17,0.0023173715453594923
1.9625,0.3,0.2421482652425766,3.4492521644787446e-17,0.0023190102074295282
1.9666666666666666,0.3,0.242895245552063,3.510752381277572e-17,0.002320625353604555
1.9708333333333332,0.3,0.2436402291059494,3.5742169865950906e-17,0.0023222174495458603
1.9749999999999999,0.3,0.24438321590423584,3.6401700820674137e-17,0.002323787659406662
1.9791666666666667,0.3,0.2451241910457611,3.712068290038278e-17,0.002325336216017604
1.9833333333333334,0.3,0.245863139629364,3.787706677866862e-17,0.002326863817870617
1.9875,0.3,0.24660007655620575,3.866582981485223e-17,0.002328371163457632
1.9916666666666667,0.3,0.24733497202396393,3.948978111429385e-17,0.0023298589512705803
1.9958333333333333,0.3,0.24806782603263855,4.0335427706841514e-17,0.002331327646970749
2.0,0.3,0.24879862368106842,4.120108876149051e-17,0.002332777949050069
2.0041666666666664,0.3,0.24952735006809235,4.20541766708287e-17,0.002334210556000471
2.0083333333333333,0.3,0.2502540051937103,4.2862821820215637e-17,0.0023356254678219557
2.0125,0.3,0.2509785592556,4.35899036524824e-17,0.002337023848667741
2.0166666666666666,0.3,0.2517010569572449,4.4227570569254626e-17,0.002338406164199114
2.0208333333333335,0.3,0.25242143869400024,4.476271010346213e-17,0.0023397726472467184
2.025,0.3,0.2531397044658661,4.5181597674381435e-17,0.002341123763471842
2.029166666666667,0.3,0.2538558542728424,4.549182018259087e-17,0.0023424604441970587
2.033333333333333,0.3,0.2545698881149292,4.56895990670523e-17,0.002343782689422369
2.0375,0.3,0.25528180599212646,4.577517255578214e-17,0.0023450914304703474
2.0416666666666665,0.3,0.25599154829978943,4.57527989745738e-17,0.0023463869001716375
2.0458333333333334,0.3,0.2566991448402405,4.563089240461819e-17,0.002347669331356883
2.05,0.3,0.2574045956134796,4.5407302176322654e-17,0.0023489396553486586
2.0541666666666667,0.3,0.25810787081718445,4.509854212343621e-17,0.0023501981049776077
2.058333333333333,0.3,0.25880900025367737,4.471058118125904e-17,0.002351444913074374
2.0625,0.3,0.2595079243183136,4.4264671274088854e-17,0.0023526805453002453
2.0666666666666664,0.3,0.26020464301109314,4.378061179706772e-17,0.002353905700147152
2.0708333333333333,0.3,0.2608991861343384,4.32936075570659e-17,0.002355120610445738
2.075,0.3,0.26159152388572693,4.2827997516427154e-17,0.0023563255090266466
2.0791666666666666,0.3,0.2622816264629364,4.239456480161672e-17,0.0023575208615511656
2.0833333333333335,0.3,0.2629695236682892,4.199288258743852e-17,0.002358707133680582
2.0875,0.3,0.2636551856994629,4.161419599428929e-17,0.0023598845582455397
2.091666666666667,0.3,0.2643386423587799,4.1267795914809235e-17,0.0023610536009073257
2.095833333333333,0.3,0.26501983404159546,4.096587168250493e-17,0.002362214494496584
2.1,0.3,0.26569876074790955,4.070938944433184e-17,0.0023633677046746016
2.1041666666666665,0.3,0.26637545228004456,4.049420006233739e-17,0.0023645134642720222
2.1083333333333334,0.3,0.2670498788356781,4.030725062645551e-17,0.0023656520061194897
2.1125,0.3,0.2677220404148102,4.015814635795915e-17,0.002366783795878291
2.1166666666666667,0.3,0.2683919072151184,4.0073055942707044e-17,0.0023679088335484266
2.120833333333333,0.3,0.26905950903892517,4.0053081185275114e-17,0.002369027817621827
2.125,0.3,0.2697248160839081,4.010274841797525e-17,0.0023701407480984926
2.1291666666666664,0.3,0.2703878581523895,4.0226249792151865e-17,0.0023712480906397104
2.1333333333333333,0.3,0.27104854583740234,4.04241477906215e-17,0.0023723498452454805
2.1375,0.3,0.2717069685459137,4.069631006448615e-17,0.0023734464775770903
2.1416666666666666,0.3,0.2723630666732788,4.1046902295310624e-17,0.0023745379876345396
2.1458333333333335,0.3,0.2730168402194977,4.1467139824989614e-17,0.0023756250739097595
2.15,0.3,0.2736682891845703,4.19481850558586e-17,0.00237670773640275
2.154166666666667,0.3,0.2743174135684967,4.246723758151318e-17,0.0023777862079441547
2.158333333333333,0.3,0.27496418356895447,4.300556010671779e-17,0.0023788604885339737
2.1625,0.3,0.275608628988266,4.3544187034387817e-17,0.002379931043833494
2.1666666666666665,0.3,0.2762507200241089,4.4059867971865625e-17,0.0023809983395040035
2.1708333333333334,0.3,0.27689045667648315,4.453864011041132e-17,0.0023820619098842144
2.175,0.3,0.2775278389453888,4.4961951443246554e-17,0.0023831226862967014
2.1791666666666667,0.3,0.2781628668308258,4.530665414810965e-17,0.002384180435910821
2.183333333333333,0.3,0.2787955105304718,4.555869608075456e-17,0.0023852353915572166
2.1875,0.3,0.2794257700443268,4.570411112371893e-17,0.002386287786066532
2.1916666666666664,0.3,0.28005367517471313,4.573359845819522e-17,0.0023873376194387674
2.1958333333333333,0.3,0.28067919611930847,4.56381285806168e-17,0.0023883855901658535
2.2,0.3,0.2813023030757904,4.54134398564678e-17,0.0023894314654171467
2.2041666666666666,0.3,0.2819230258464813,4.5091901517478635e-17,0.002390475245192647
2.2083333333333335,0.3,0.2825413644313812,4.471914415496019e-17,0.0023915173951536417
2.2125,0.3,0.2831572890281677,4.4305070775205944e-17,0.0023925581481307745
2.216666666666667,0.3,0.2837707996368408,4.3872991327877645e-17,0.0023935975041240454
2.220833333333333,0.3,0.2843818962574005,4.345517909175466e-17,0.0023946354631334543
2.225,0.3,0.2849906086921692,4.3074940707776285e-17,0.002395672257989645
2.2291666666666665,0.3,0.2855968773365021,4.275978489439358e-17,0.002396708121523261
2.2333333333333334,0.3,0.28620070219039917,4.252781367213166e-17,0.0023977430537343025
2.2375,0.3,0.28680211305618286,4.236056106099589e-17,0.002398777287453413
2.2416666666666667,0.3,0.28740110993385315,4.2280963125011136e-17,0.002399811055511236
2.245833333333333,0.3,0.28799763321876526,4.2279728971537207e-17,0.0024008441250771284
2.25,0.3,0.28859174251556396,4.235686852674145e-17,0.002401876961812377
2.2541666666666664,0.3,0.2891834080219269,4.2516944518882714e-17,0.0024029093328863382
2.2583333333333333,0.3,0.289772629737854,4.2769214753376686e-17,0.0024039417039602995
2.2625,0.3,0.29035937786102295,4.3104428042252575e-17,0.002404973842203617
2.2666666666666666,0.3,0.2909436821937561,4.3508787012893e-17,0.0024060062132775784
2.2708333333333335,0.3,0.29152554273605347,4.3968451279288715e-17,0.0024070385843515396
2.275,0.3,0.29210492968559265,4.445572683453145e-17,0.0024080711882561445
2.279166666666667,0.3,0.29268184304237366,4.495684608450588e-17,0.0024091042578220367
2.283333333333333,0.3,0.2932562828063965,4.542562588125193e-17,0.0024101375602185726
2.2875,0.3,0.29382824897766113,4.582976647621064e-17,0.002411171328276396
2.2916666666666665,0.3,0.29439777135849,4.613697142954548e-17,0.00241220579482615
2.2958333333333334,0.3,0.2949647903442383,4.633362203965139e-17,0.0024132407270371914
2.3,0.3,0.2955293357372284,4.6378170678721043e-17,0.002414276357740164
2.3041666666666667,0.3,0.2960914075374603,4.6275719396772676e-17,0.002415312686935067
2.308333333333333,0.3,0.2966509759426117,4.599872969685317e-17,0.002416350180283189
2.3125,0.3,0.2972080707550049,4.5524126548594744e-17,0.0024173881392925978
2.3166666666666664,0.3,0.2977626621723175,4.4852171341070967e-17,0.002418427262455225
2.3208333333333333,0.3,0.29831475019454956,4.4015875198167605e-17,0.0024194675497710705
2.325,0.3,0.29886436462402344,4.300124553264271e-17,0.0024205087684094906
2.3291666666666666,0.3,0.29941147565841675,4.18552992905138e-17,0.0024215509183704853
2.3333333333333335,0.3,0.2999560534954071,4.059150958959813e-17,0.002422594465315342
2.3375,0.3,0.3004981577396393,3.926122449360055e-17,0.002423639176413417
2.341666666666667,0.3,0.3010377585887909,3.7896710663855526e-17,0.00242468505166471
2.345833333333333,0.3,0.30157485604286194,3.651626864423518e-17,0.002425732323899865
2.35,0.3,0.30210942029953003,3.514243083462546e-17,0.0024267807602882385
2.3541666666666665,0.3,0.30264148116111755,3.382150611443953e-17,0.002427830593660474
2.3583333333333334,0.3,0.3031710386276245,3.25669312055477e-17,0.0024288820568472147
2.3625,0.3,0.3036980926990509,3.1377829296500674e-17,0.002429934684187174
2.3666666666666667,0.3,0.30422261357307434,3.023511567620562e-17,0.0024309889413416386
2.370833333333333,0.3,0.3047446012496948,2.912476136147364e-17,0.002432044595479965
2.375,0.3,0.30526408553123474,2.8065996647185364e-17,0.0024331018794327974
2.3791666666666664,0.3,0.3057810664176941,2.7063480214550696e-17,0.0024341605603694916
2.3833333333333333,0.3,0.3062954843044281,2.6102703315625454e-17,0.0024352208711206913
2.3875,0.3,0.30680739879608154,2.5170088607835192e-17,0.0024362828116863966
2.3916666666666666,0.3,0.3073168098926544,2.4256274061007035e-17,0.002437346149235964
2.3958333333333335,0.3,0.30782365798950195,2.3347050366578548e-17,0.0024384113494306803
2.4,0.3,0.3083280026912689,2.2428451407087385e-17,0.0024394779466092587
2.404166666666667,0.3,0.30882981419563293,2.1520810936351324e-17,0.0024405464064329863
2.408333333333333,0.3,0.309329092502594,2.0600580776692207e-17,0.002441616263240576
2.4125,0.3,0.3098258376121521,1.96684375618511e-17,0.0024426879826933146
2.4166666666666665,0.3,0.31032004952430725,1.8705764764961887e-17,0.002443761331960559
2.4208333333333334,0.3,0.31081172823905945,1.770316726862719e-17,0.002444836311042309
2.425,0.3,0.3113008737564087,1.6665422868065112e-17,0.002445913152769208
2.4291666666666667,0.3,0.311787486076355,1.5598569981747295e-17,0.002446991391479969
2.433333333333333,0.3,0.3122715651988983,1.4488015489307076e-17,0.0024480714928358793
2.4375,0.3,0.3127531111240387,1.3353093083201658e-17,0.002449153224006295
2.4416666666666664,0.3,0.3132321238517761,1.2184430807090814e-17,0.0024502365849912167
2.4458333333333333,0.3,0.3137085735797882,1.095309719186989e-17,0.0024513215757906437
2.45,0.3,0.3141825199127197,9.654231724259524e-18,0.00245240842923522
2.4541666666666666,0.3,0.3146539330482483,8.325624977724814e-18,0.002453496912494302
2.4583333333333335,0.3,0.3151227831840515,7.00506835291147e-18,0.0024545867927372456
2.4625,0.3,0.3155891001224518,5.706494880057336e-18,0.0024556785356253386
2.466666666666667,0.3,0.3160529136657715,4.443808638078815e-18,0.002456771908327937
2.470833333333333,0.3,0.31651416420936584,3.2308884768836273e-18,0.0024578669108450413
2.475,0.3,0.31697288155555725,2.086606108556865e-18,0.002458963543176651
2.4791666666666665,0.3,0.3174290657043457,9.99651595980667e-19,0.0024600618053227663
2.4833333333333334,0.3,0.3178826868534088,-9.968973947335951e-21,0.0024611614644527435
2.4875,0.3,0.31833380460739136,-9.335065118881704e-19,0.00246226298622787
2.4916666666666667,0.3,0.31878238916397095,-1.7664516427325036e-18,0.0024633659049868584
2.495833333333333,0.3,0.3192284107208252,-2.5287194635105855e-18,0.0024644702207297087
2.5,0.3,0.3196719288825989,-3.2149652500919815e-18,0.002465576399117708
2.5041666666666664,0.3,0.3201128840446472,-3.854838257557889e-18,0.002466683741658926
2.5083333333333333,0.3,0.3205513060092926,-4.456369789270739e-18,0.002467792946845293
2.5125,0.3,0.3209872245788574,-5.048281624049903e-18,0.0024689033161848783
2.5166666666666666,0.3,0.3214205801486969,-5.652790592377637e-18,0.0024700153153389692
2.5208333333333335,0.3,0.3218514323234558,-6.2975816021754786e-18,0.002471128711476922
2.525,0.3,0.3222797214984894,-7.01637260316262e-18,0.0024722435045987368
2.529166666666667,0.3,0.3227055072784424,-7.808111835190201e-18,0.0024733594618737698
2.533333333333333,0.3,0.32312873005867004,-8.662440515447219e-18,0.0024744770489633083
2.5375,0.3,0.32354944944381714,-9.58946265511601e-18,0.002475595800206065
2.5416666666666665,0.3,0.3239676356315613,-1.0588544633847357e-17,0.002476715948432684
2.5458333333333334,0.3,0.32438331842422485,-1.1685247986930376e-17,0.0024778374936431646
2.55,0.3,0.3247964382171631,-1.2848638640997419e-17,0.0024789602030068636
2.5541666666666667,0.3,0.32520705461502075,-1.4099169463874474e-17,0.002480084076523781
2.558333333333333,0.3,0.32561516761779785,-1.5436212625476612e-17,0.0024812091141939163
2.5625,0.3,0.3260207176208496,-1.6850971059989332e-17,0.00248233531601727
2.5666666666666664,0.3,0.3264237642288208,-1.832434020398511e-17,0.002483462681993842
2.5708333333333333,0.3,0.3268243074417114,-1.9847591647640285e-17,0.0024845912121236324
2.575,0.3,0.3272223174571991,-2.140166218655796e-17,0.002485720906406641
2.5791666666666666,0.3,0.3276178240776062,-2.2966932750969605e-17,0.002486851532012224
2.5833333333333335,0.3,0.32801079750061035,-2.4530105585347815e-17,0.002487983088940382
2.5875,0.3,0.3284012973308563,-2.60663586538711e-17,0.002489115810021758
2.591666666666667,0.3,0.32878923416137695,-2.755319760696169e-17,0.0024902494624257088
2.595833333333333,0.3,0.3291746973991394,-2.896759042764366e-17,0.0024913838133215904
2.6,0.3,0.3295576572418213,-3.030443672026001e-17,0.0024925193283706903
2.6041666666666665,0.3,0.3299380838871002,-3.1553982371027516e-17,0.0024936555419117212
2.6083333333333334,0.3,0.33031603693962097,-3.270585453506476e-17,0.0024947926867753267
2.6125,0.3,0.33069148659706116,-3.376595928194537e-17,0.002495930530130863
2.6166666666666667,0.3,0.3310644328594208,-3.4727907468617985e-17,0.0024970690719783306
2.620833333333333,0.3,0.33143487572669983,-3.5602220832474285e-17,0.0024982085451483727
2.625,0.3,0.3318028151988983,-3.640410295317299e-17,0.002499348483979702
2.6291666666666664,0.3,0.3321682810783386,-3.714815522288689e-17,0.0025004891213029623
2.6333333333333333,0.3,0.33253124356269836,-3.784434351363602e-17,0.0025016304571181536
2.6375,0.3,0.33289170265197754,-3.8520464402724613e-17,0.002502772258594632
2.6416666666666666,0.3,0.3332497179508209,-3.919371332072642e-17,0.0025039147585630417
2.6458333333333335,0.3,0.33360522985458374,-3.988779064655232e-17,0.002505057491362095
2.65,0.3,0.333958238363266,-4.0625721779733324e-17,0.002506200922653079
2.654166666666667,0.3,0.33430880308151245,-4.144176854124139e-17,0.0025073448196053505
2.658333333333333,0.3,0.33465689420700073,-4.2323837550520984e-17,0.0025084889493882656
2.6625,0.3,0.33500248193740845,-4.329622806524647e-17,0.0025096333120018244
2.6666666666666665,0.3,0.33534562587738037,-4.4358751488238185e-17,0.002510778373107314
2.6708333333333334,0.3,0.3356862962245941,-4.551123576592872e-17,0.002511923434212804
2.675,0.3,0.3360244929790497,-4.6758822653005696e-17,0.0025130687281489372
2.6791666666666667,0.3,0.33636021614074707,-4.809602297892422e-17,0.0025142142549157143
2.683333333333333,0.3,0.33669349551200867,-4.951198744277004e-17,0.002515360014513135
2.6875,0.3,0.3370243310928345,-5.0991932672635616e-17,0.0025165060069411993
2.6916666666666664,0.3,0.3373526930809021,-5.253783397582372e-17,0.0025176519993692636
2.6958333333333333,0.3,0.33767861127853394,-5.414957223832614e-17,0.002518797991797328
2.7,0.3,0.33800208568573,-5.581537502566503e-17,0.0025199439842253923
2.7041666666666666,0.3,0.33832311630249023,-5.752671906880864e-17,0.0025210899766534567
2.7083333333333335,0.3,0.3386417031288147,-5.925055023047935e-17,0.002522235969081521
2.7125,0.3,0.33895784616470337,-6.093385615957986e-17,0.0025233817286789417
2.716666666666667,0.3,0.33927157521247864,-6.256899370725018e-17,0.0025245274882763624
2.720833333333333,0.3,0.3395828604698181,-6.411302889097636e-17,0.002525672782212496
2.725,0.3,0.3398917019367218,-6.555459294041948e-17,0.002526818308979273
2.7291666666666665,0.3,0.3401981294155121,-6.685469587022622e-17,0.002527963137254119
2.7333333333333334,0.3,0.34050214290618896,-6.801360899563752e-17,0.002529107965528965
2.7375,0.3,0.34080374240875244,-6.903703655415752e-17,0.0025302523281425238
2.7416666666666667,0.3,0.3411028981208801,-6.993526867260641e-17,0.002531396457925439
2.745833333333333,0.3,0.3413996696472168,-7.070082102080178e-17,0.0025325401220470667
2.75,0.3,0.34169402718544006,-7.137404677774644e-17,0.002533683320507407
2.7541666666666664,0.3,0.3419859707355499,-7.197665116271377e-17,0.0025348260533064604
2.7583333333333333,0.3,0.3422755300998688,-7.254572495437065e-17,0.0025359680876135826
2.7625,0.3,0.3425627052783966,-7.309055904535728e-17,0.002537109889090061
2.7666666666666666,0.3,0.34284746646881104,-7.36196171477013e-17,0.002538250759243965
2.7708333333333335,0.3,0.34312984347343445,-7.417149881750688e-17,0.002539391163736582
2.775,0.3,0.34340983629226685,-7.475757282511295e-17,0.0025405308697372675
2.779166666666667,0.3,0.3436874449253082,-7.53760259906168e-17,0.0025416698772460222
2.783333333333333,0.3,0.3439626693725586,-7.60468959371769e-17,0.0025428079534322023
2.7875,0.3,0.34423550963401794,-7.676159322131252e-17,0.002543945563957095
2.7916666666666665,0.3,0.34450602531433105,-7.752633162378514e-17,0.0025450820103287697
2.7958333333333334,0.3,0.34477412700653076,-7.830702468591269e-17,0.0025462177582085133
2.8,0.3,0.34503990411758423,-7.904480361786099e-17,0.0025473525747656822
2.8041666666666667,0.3,0.3453032970428467,-7.971824113304246e-17,0.0025484864600002766
2.808333333333333,0.3,0.3455643653869629,-8.030980761991588e-17,0.0025496194139122963
2.8125,0.3,0.3458230495452881,-8.081124450724553e-17,0.0025507512036710978
2.8166666666666664,0.3,0.34607940912246704,-8.120624641079675e-17,0.0025518820621073246
2.8208333333333333,0.3,0.34633344411849976,-8.149757280509303e-17,0.002553011756390333
2.825,0.3,0.34658512473106384,-8.167701805845783e-17,0.002554140519350767
2.8291666666666666,0.3,0.3468344509601593,-8.173933453708512e-17,0.002555267885327339
2.8333333333333335,0.3,0.3470814824104309,-8.168470752943212e-17,0.002556394087150693
2.8375,0.3,0.3473261892795563,-8.151799424005574e-17,0.0025575191248208284
2.841666666666667,0.3,0.3475685715675354,-8.125501697971288e-17,0.002558642765507102
2.845833333333333,0.3,0.3478086292743683,-8.090895108120029e-17,0.0025597652420401573
2.85,0.3,0.3480463922023773,-8.050944931511678e-17,0.0025608863215893507
2.8541666666666665,0.3,0.3482818305492401,-8.010927918709833e-17,0.002562006004154682
2.8583333333333334,0.3,0.34851500391960144,-7.973159513685152e-17,0.0025631242897361517
2.8625,0.3,0.34874585270881653,-7.938938720871588e-17,0.0025642411783337593
2.8666666666666667,0.3,0.34897440671920776,-7.912785916880621e-17,0.002565356669947505
2.870833333333333,0.3,0.34920069575309753,-7.893410699956669e-17,0.0025664702989161015
2.875,0.3,0.34942469000816345,-7.885420796983897e-17,0.0025675827637314796
2.8791666666666664,0.3,0.3496464192867279,-7.887239932587024e-17,0.0025686933659017086
2.8833333333333333,0.3,0.3498658537864685,-7.898954133549755e-17,0.002569802338257432
2.8875,0.3,0.35008302330970764,-7.917970023215614e-17,0.0025709099136292934
2.8916666666666666,0.3,0.3502979576587677,-7.94178686915673e-17,0.0025720156263560057
2.8958333333333335,0.3,0.3505105972290039,-7.969935494529665e-17,0.0025731194764375687
2.9,0.3,0.35072100162506104,-8.000197070059305e-17,0.002574221696704626
2.904166666666667,0.3,0.3509291708469391,-8.027767992492432e-17,0.002575322287157178
2.908333333333333,0.3,0.3511350750923157,-8.051731083965849e-17,0.002576420782133937
2.9125,0.3,0.35133877396583557,-8.070520657016113e-17,0.0025775176472961903
2.9166666666666665,0.3,0.351540207862854,-8.083220857269007e-17,0.0025786124169826508
2.9208333333333334,0.3,0.35173943638801575,-8.089380374982322e-17,0.0025797055568546057
2.925,0.3,0.3519364297389984,-8.087432860948127e-17,0.0025807966012507677
2.9291666666666667,0.3,0.352131187915802,-8.077118911326326e-17,0.002581885550171137
2.933333333333333,0.3,0.3523237705230713,-8.055393177973743e-17,0.0025829726364463568
2.9375,0.3,0.3525141179561615,-8.023751203437875e-17,0.00258405739441514
2.9416666666666664,0.3,0.3527022898197174,-7.983497286108594e-17,0.0025851402897387743
2.9458333333333333,0.3,0.35288822650909424,-7.93648695753598e-17,0.0025862210895866156
2.95,0.3,0.35307198762893677,-7.884572440547663e-17,0.002587299793958664
2.9541666666666666,0.3,0.353253573179245,-7.829405449390786e-17,0.0025883764028549194
2.9583333333333335,0.3,0.3534329831600189,-7.777016461603108e-17,0.0025894506834447384
2.9625,0.3,0.35361021757125854,-7.727660248813293e-17,0.002590522635728121
2.966666666666667,0.3,0.35378527641296387,-7.683074552052195e-17,0.0025915924925357103
2.970833333333333,0.3,0.3539581596851349,-7.642881515215999e-17,0.0025926600210368633
2.975,0.3,0.354128897190094,-7.607427230672996e-17,0.0025937252212315798
2.9791666666666665,0.3,0.3542974591255188,-7.577419103283042e-17,0.0025947880931198597
2.9833333333333334,0.3,0.3544639050960541,-7.553296531387526e-17,0.0025958484038710594
2.9875,0.3,0.35462817549705505,-7.53652527903189e-17,0.0025969066191464663
2.9916666666666667,0.3,0.3547903299331665,-7.530613915502341e-17,0.002597962273284793
2.995833333333333,0.3,0.35495033860206604,-7.536459766327376e-17,0.0025990153662860394
3.0,0.3,0.35510823130607605,-7.55413893212335e-17,0.0026000661309808493
3.0041666666666664,0.3,0.35526400804519653,-7.582703794780521e-17,0.002601114334538579
3.0083333333333333,0.3,0.3554176688194275,-7.620742853301629e-17,0.0026021599769592285
3.0125,0.3,0.3555692136287689,-7.666288741317779e-17,0.0026032032910734415
3.0166666666666666,0.3,0.3557186722755432,-7.718963602725156e-17,0.0026042438112199306
3.0208333333333335,0.3,0.355866014957428,-7.778956034703422e-17,0.002605281537398696
3.025,0.3,0.3560112714767456,-7.843943975837018e-17,0.0026063169352710247
3.029166666666667,0.3,0.3561544418334961,-7.914127272961937e-17,0.0026073495391756296
3.033333333333333,0.3,0.35629555583000183,-7.987547162387654e-17,0.0026083793491125107
3.0375,0.3,0.35643455386161804,-8.063382419202025e-17,0.0026094065979123116
3.0416666666666665,0.3,0.3565715253353119,-8.139682882392897e-17,0.0026104310527443886
3.0458333333333334,0.3,0.3567064106464386,-8.215631959259556e-17,0.0026114529464393854
3.05,0.3,0.35683923959732056,-8.292052859947615e-17,0.0026124718133360147
3.0541666666666667,0.3,0.35697001218795776,-8.369723795977364e-17,0.0026134878862649202
3.058333333333333,0.3,0.3570987582206726,-8.445776104984469e-17,0.002614501165226102
3.0625,0.3,0.3572254478931427,-8.519294594339202e-17,0.0026155116502195597
3.0666666666666664,0.3,0.35735011100769043,-8.590142944676614e-17,0.0026165193412452936
3.0708333333333333,0.3,0.3574727475643158,-8.659620160430658e-17,0.0026175237726420164
3.075,0.3,0.3575933575630188,-8.729898087017653e-17,0.002618525642901659
3.0791666666666666,0.3,0.3577119708061218,-8.80205867667882e-17,0.002619524486362934
3.0833333333333335,0.3,0.3578285574913025,-8.878773391920457e-17,0.0026205203030258417
3.0875,0.3,0.3579431474208832,-8.961072568913563e-17,0.002621513092890382
3.091666666666667,0.3,0.3580557405948639,-9.050335944919876e-17,0.0026225028559565544
3.095833333333333,0.3,0.35816633701324463,-9.145993096188978e-17,0.0026234895922243595
3.1,0.3,0.3582749664783478,-9.248855983210152e-17,0.002624473301693797
3.1041666666666665,0.3,0.35838159918785095,-9.360762932176736e-17,0.002625453984364867
3.1083333333333334,0.3,0.35848626494407654,-9.482873981179774e-17,0.00262643164023757
3.1125,0.3,0.35858896374702454,-9.614391728108765e-17,0.0026274060364812613
3.1166666666666667,0.3,0.35868972539901733,-9.754727882112062e-17,0.002628377405926585
3.120833333333333,0.3,0.35878852009773254,-9.900768935364014e-17,0.0026293457485735416
3.125,0.3,0.35888534784317017,-1.0049621079209666e-16,0.0026303105987608433
3.1291666666666664,0.3,0.358980268239975,-1.019928121307766e-16,0.0026312724221497774
3.1333333333333333,0.3,0.3590732514858246,-1.0345619389605642e-16,0.002632231218740344
3.1375,0.3,0.3591642677783966,-1.048550820433367e-16,0.002633186522871256
3.1416666666666666,0.3,0.3592534065246582,-1.0615720329383807e-16,0.0026341388002038
3.1458333333333335,0.3,0.3593406081199646,-1.0733493643254617e-16,0.0026350875850766897
3.15,0.3,0.3594259023666382,-1.0839630180268031e-16,0.0026360333431512117
3.154166666666667,0.3,0.35950928926467896,-1.0931977947342431e-16,0.002636975608766079
3.158333333333333,0.3,0.3595907986164093,-1.1013866842751711e-16,0.002637914614751935
3.1625,0.3,0.35967040061950684,-1.108794980015645e-16,0.00263885036110878
3.1666666666666665,0.3,0.35974812507629395,-1.1153241482010976e-16,0.0026397828478366137
3.1708333333333334,0.3,0.359824001789093,-1.1212955981303424e-16,0.0026407118421047926
3.175,0.3,0.3598979711532593,-1.1266893451197801e-16,0.0026416373439133167
3.1791666666666667,0.3,0.3599700927734375,-1.1315877101839722e-16,0.0026425595860928297
3.183333333333333,0.3,0.3600403368473053,-1.1361761141290283e-16,0.0026434785686433315
3.1875,0.3,0.36010873317718506,-1.1409355128503114e-16,0.0026443940587341785
3.1916666666666664,0.3,0.36017531156539917,-1.1457768355394618e-16,0.0026453060563653708
3.1958333333333333,0.3,0.36024004220962524,-1.1507699624146279e-16,0.002646214561536908
3.2,0.3,0.3603029251098633,-1.1564419067876795e-16,0.0026471195742487907
3.2041666666666666,0.3,0.36036399006843567,-1.1627587873407264e-16,0.002648021327331662
3.2083333333333335,0.3,0.3604232370853424,-1.1697769847043203e-16,0.002648919587954879
3.2125,0.3,0.3604806959629059,-1.1774029282075692e-16,0.002649814123287797
3.216666666666667,0.3,0.3605363368988037,-1.1854286977317017e-16,0.0026507051661610603
3.220833333333333,0.3,0.3605901598930359,-1.1936911070854734e-16,0.0026515929494053125
3.225,0.3,0.3606422245502472,-1.2019479577855287e-16,0.0026524770073592663
3.2291666666666665,0.3,0.36069247126579285,-1.2100257404265785e-16,0.002653357572853565
3.2333333333333334,0.3,0.3607409596443176,-1.217740357691493e-16,0.0026542344130575657
3.2375,0.3,0.36078765988349915,-1.2246221033412403e-16,0.0026551077608019114
3.2416666666666667,0.3,0.3608326017856598,-1.2306484780631586e-16,0.002655977616086602
3.245833333333333,0.3,0.36087578535079956,-1.2353721425819794e-16,0.0026568439789116383
3.25,0.3,0.36091724038124084,-1.2389425188035543e-16,0.002657706383615732
3.2541666666666664,0.3,0.36095693707466125,-1.2414766031537228e-16,0.002658565528690815
3.2583333333333333,0.3,0.3609948754310608,-1.2430009977609845e-16,0.0026594209484755993
3.2624999999999997,0.3,0.36103111505508423,-1.2437134318789641e-16,0.002660272642970085
3.2666666666666666,0.3,0.3610655963420868,-1.2436508308502061e-16,0.0026611206121742725
3.2708333333333335,0.3,0.36109837889671326,-1.2429533521577014e-16,0.002661965088918805
3.275,0.3,0.36112943291664124,-1.241886620039753e-16,0.0026628058403730392
3.279166666666667,0.3,0.3611588180065155,-1.2405791452763272e-16,0.0026636430993676186
3.283333333333333,0.3,0.3611864745616913,-1.2393197131628785e-16,0.0026644764002412558
3.2875,0.3,0.36121246218681335,-1.2383969766459633e-16,0.002665306208655238
3.2916666666666665,0.3,0.3612367510795593,-1.2379274027558292e-16,0.0026661320589482784
3.2958333333333334,0.3,0.3612593412399292,-1.2379800776172366e-16,0.002666954416781664
3.3,0.3,0.36128029227256775,-1.2389572095312332e-16,0.002667773049324751
3.3041666666666667,0.3,0.3612995743751526,-1.2409842652531312e-16,0.0026685879565775394
3.308333333333333,0.3,0.3613171875476837,-1.244037951376881e-16,0.0026693991385400295
3.3125,0.3,0.3613331615924835,-1.2481049006637837e-16,0.002670206595212221
3.3166666666666664,0.3,0.361347496509552,-1.2531832602292672e-16,0.0026710100937634706
3.3208333333333333,0.3,0.36136019229888916,-1.2592710448398615e-16,0.0026718100998550653
3.3249999999999997,0.3,0.3613712787628174,-1.2663661369131983e-16,0.002672606147825718
3.3291666666666666,0.3,0.3613806962966919,-1.2740747984777025e-16,0.0026733987033367157
3.3333333333333335,0.3,0.36138853430747986,-1.2823143114721187e-16,0.0026741873007267714
3.3375,0.3,0.3613947629928589,-1.2907388482259508e-16,0.0026749721728265285
3.341666666666667,0.3,0.361399382352829,-1.29915094418337e-16,0.0026757530868053436
3.345833333333333,0.3,0.36140239238739014,-1.3074231473555944e-16,0.002676530508324504
3.35,0.3,0.36140382289886475,-1.3154392554101722e-16,0.002677303971722722
3.3541666666666665,0.3,0.3614036738872528,-1.3228081773534886e-16,0.0026780737098306417
3.3583333333333334,0.3,0.3614019453525543,-1.329460297665191e-16,0.0026788394898176193
3.3625,0.3,0.3613986670970917,-1.3351333008294268e-16,0.0026796015445142984
3.3666666666666667,0.3,0.3613938093185425,-1.3398281132884817e-16,0.002680359873920679
3.370833333333333,0.3,0.3613874316215515,-1.3434782958955557e-16,0.0026811144780367613
3.375,0.3,0.361379474401474,-1.3461424792124665e-16,0.0026818651240319014
3.3791666666666664,0.3,0.3613699972629547,-1.347833236384525e-16,0.0026826118119060993
3.3833333333333333,0.3,0.36135897040367126,-1.3487939570351685e-16,0.002683354774489999
3.3874999999999997,0.3,0.36134642362594604,-1.3491642692517962e-16,0.0026840940117836
3.3916666666666666,0.3,0.36133235692977905,-1.3490726838143744e-16,0.0026848292909562588
3.3958333333333335,0.3,0.3613167703151703,-1.3487619286018504e-16,0.0026855608448386192
3.4,0.3,0.36129969358444214,-1.3484843929627266e-16,0.0026862886734306812
3.404166666666667,0.3,0.3612811267375946,-1.348115007188385e-16,0.0026870123110711575
3.408333333333333,0.3,0.3612610399723053,-1.348020907121901e-16,0.002687732456251979
3.4125,0.3,0.361239492893219,-1.3482014310187845e-16,0.002688448643311858
3.4166666666666665,0.3,0.3612164556980133,-1.3486561818323417e-16,0.0026891608722507954
3.4208333333333334,0.3,0.3611919581890106,-1.3493844978180824e-16,0.002689869375899434
3.425,0.3,0.36116600036621094,-1.3503862466271086e-16,0.0026905739214271307
3.4291666666666667,0.3,0.36113858222961426,-1.351671354426771e-16,0.002691274741664529
3.433333333333333,0.3,0.36110973358154297,-1.353261791134139e-16,0.002691971603780985
3.4375,0.3,0.3610794246196747,-1.354869433198248e-16,0.0026926647406071424
3.4416666666666664,0.3,0.3610476851463318,-1.356537823406543e-16,0.002693353919312358
3.4458333333333333,0.3,0.3610145151615143,-1.3578304750933918e-16,0.002694039372727275
3.4499999999999997,0.3,0.36097991466522217,-1.3585634232905628e-16,0.0026947208680212498
3.4541666666666666,0.3,0.36094391345977783,-1.3586790962274222e-16,0.0026953984051942825
3.4583333333333335,0.3,0.3609064817428589,-1.358051630101964e-16,0.002696072217077017
3.4625,0.3,0.3608676791191101,-1.3563157419556847e-16,0.0026967423036694527
3.466666666666667,0.3,0.3608274757862091,-1.353716144901002e-16,0.0026974084321409464
3.470833333333333,0.3,0.3607858717441559,-1.3504616854989734e-16,0.002698070602491498
3.475,0.3,0.3607429265975952,-1.3466925212325898e-16,0.002698729047551751
3.4791666666666665,0.3,0.3606985807418823,-1.3422060259390002e-16,0.002699383767321706
3.4833333333333334,0.3,0.3606528639793396,-1.3370497128725896e-16,0.0027000342961400747
3.4875,0.3,0.36060580611228943,-1.3309966036732736e-16,0.002700681332498789
3.4916666666666667,0.3,0.3605573773384094,-1.3241294164023073e-16,0.002701324177905917
3.495833333333333,0.3,0.36050763726234436,-1.3166804233756958e-16,0.0027019635308533907
3.5,0.3,0.36045652627944946,-1.3088812351649538e-16,0.0027025986928492785
3.5041666666666664,0.3,0.3604041039943695,-1.3008600978522516e-16,0.0027032303623855114
3.5083333333333333,0.3,0.3603503704071045,-1.2927439340307793e-16,0.0027038580738008022
3.5124999999999997,0.3,0.36029529571533203,-1.2844653781114506e-16,0.002704481827095151
3.5166666666666666,0.3,0.3602389395236969,-1.276172793208933e-16,0.002705101855099201
3.5208333333333335,0.3,0.3601812720298767,-1.2680400857752096e-16,0.0027057179249823093
3.525,0.3,0.36012229323387146,-1.26034042393577e-16,0.002706330269575119
3.529166666666667,0.3,0.36006203293800354,-1.253178495668939e-16,0.0027069388888776302
3.533333333333333,0.3,0.36000049114227295,-1.2467021346937917e-16,0.0027075435500591993
3.5375,0.3,0.3599376976490021,-1.2412410221152676e-16,0.00270814448595047
3.5416666666666665,0.3,0.35987362265586853,-1.236597428679742e-16,0.0027087414637207985
3.5458333333333334,0.3,0.3598082661628723,-1.232620344294587e-16,0.0027093347162008286
3.55,0.3,0.3597416877746582,-1.229500748419629e-16,0.00270992424339056
3.5541666666666667,0.3,0.3596738576889038,-1.2268246537018975e-16,0.0027105098124593496
3.558333333333333,0.3,0.35960477590560913,-1.22458822202335e-16,0.0027110916562378407
3.5625,0.3,0.35953447222709656,-1.222651560598792e-16,0.002711669774726033
3.5666666666666664,0.3,0.3594629466533661,-1.2208762324809061e-16,0.0027122439350932837
3.5708333333333333,0.3,0.3593901991844177,-1.219329867956575e-16,0.0027128143701702356
3.5749999999999997,0.3,0.35931622982025146,-1.2178735006828896e-16,0.002713381079956889
3.5791666666666666,0.3,0.3592410683631897,-1.216336400581419e-16,0.002713944064453244
3.5833333333333335,0.3,0.3591647148132324,-1.214808035507217e-16,0.002714503090828657
3.5875,0.3,0.35908716917037964,-1.2131287926892855e-16,0.0027150583919137716
3.591666666666667,0.3,0.35900843143463135,-1.2111823374462747e-16,0.0027156099677085876
3.595833333333333,0.3,0.35892853140830994,-1.208613710033726e-16,0.002716157818213105
3.6,0.3,0.358847439289093,-1.2054814086645592e-16,0.0027167019434273243
3.6041666666666665,0.3,0.358765184879303,-1.201719391238668e-16,0.002717242343351245
3.6083333333333334,0.3,0.3586817979812622,-1.1975805765001467e-16,0.002717779017984867
3.6125,0.3,0.3585972487926483,-1.1930558323750327e-16,0.002718311734497547
3.6166666666666667,0.3,0.3585115671157837,-1.1881707022006415e-16,0.0027188409585505724
3.620833333333333,0.3,0.35842475295066833,-1.1831994128936468e-16,0.0027193662244826555
3.625,0.3,0.35833680629730225,-1.178053423041281e-16,0.002719887997955084
3.6291666666666664,0.3,0.3582477569580078,-1.1729038597686688e-16,0.0027204060461372137
3.6333333333333333,0.3,0.35815757513046265,-1.1677186946424924e-16,0.0027209201361984015
3.6374999999999997,0.3,0.35806629061698914,-1.162488001495401e-16,0.0027214307337999344
3.6416666666666666,0.3,0.3579739034175873,-1.1571546056034552e-16,0.002721937606111169
3.6458333333333335,0.3,0.3578804135322571,-1.1515800700193378e-16,0.002722440753132105
3.65,0.3,0.3577858507633209,-1.1458469804554063e-16,0.0027229401748627424
3.654166666666667,0.3,0.3576901853084564,-1.139852237120112e-16,0.002723436104133725
3.658333333333333,0.3,0.35759347677230835,-1.1337664377429878e-16,0.0027239283081144094
3.6625,0.3,0.3574956953525543,-1.127702740631831e-16,0.0027244167868047953
3.6666666666666665,0.3,0.3573968708515167,-1.1216047651560902e-16,0.0027249015402048826
3.6708333333333334,0.3,0.35729697346687317,-1.115472378966867e-16,0.0027253825683146715
3.675,0.3,0.35719603300094604,-1.1093055820641617e-16,0.0027258601039648056
3.6791666666666667,0.3,0.35709404945373535,-1.1030481923407696e-16,0.002726334147155285
3.683333333333333,0.3,0.3569910526275635,-1.0967565904272423e-16,0.0027268044650554657
3.6875,0.3,0.35688701272010803,-1.0904311071958247e-16,0.002727271057665348
3.6916666666666664,0.3,0.3567819595336914,-1.0840716764720681e-16,0.0027277341578155756
3.6958333333333333,0.3,0.3566758930683136,-1.0777348112354218e-16,0.0027281935326755047
3.6999999999999997,0.3,0.356568843126297,-1.071420577660335e-16,0.002728649415075779
3.7041666666666666,0.3,0.3564607799053192,-1.0651291080957057e-16,0.0027291015721857548
3.7083333333333335,0.3,0.35635173320770264,-1.0588036910387372e-16,0.0027295502368360758
3.7125,0.3,0.35624170303344727,-1.0524446573616746e-16,0.002729995409026742
3.716666666666667,0.3,0.3561306893825531,-1.0461083215206204e-16,0.0027304368559271097
3.720833333333333,0.3,0.35601872205734253,-1.0397948820389216e-16,0.0027308748103678226
3.725,0.3,0.35590577125549316,-1.0335041403932314e-16,0.0027313092723488808
3.7291666666666665,0.3,0.3557918667793274,-1.0271234014968953e-16,0.002731740241870284
3.7333333333333334,0.3,0.3556770086288452,-1.0207092445038121e-16,0.0027321677189320326
3.7375,0.3,0.355561226606369,-1.0142616694139818e-16,0.0027325914707034826
3.7416666666666667,0.3,0.3554444909095764,-1.0077806762274043e-16,0.002733011730015278
3.745833333333333,0.3,0.3553268313407898,-1.0012665958163247e-16,0.0027334284968674183
3.75,0.3,0.35520827770233154,-9.94719097308498e-17,0.0027338420040905476
3.7541666666666664,0.3,0.3550887703895569,-9.881385777506181e-17,0.0027342517860233784
3.7583333333333333,0.3,0.3549683690071106,-9.814687226865825e-17,0.0027346580754965544
3.7624999999999997,0.3,0.3548470437526703,-9.747096644652892e-17,0.0027350611053407192
3.7666666666666666,0.3,0.35472485423088074,-9.678615354356362e-17,0.0027354604098945856
3.7708333333333335,0.3,0.35460177063941956,-9.609807162281751e-17,0.002735856454819441
3.775,0.3,0.35447779297828674,-9.540671406684569e-17,0.0027362490072846413
3.779166666666667,0.3,0.3543529212474823,-9.471210734542776e-17,0.002736638067290187
3.783333333333333,0.3,0.354227215051651,-9.401424484111883e-17,0.0027370236348360777
3.7875,0.3,0.35410061478614807,-9.331313978880868e-17,0.0027374059427529573
3.7916666666666665,0.3,0.3539731800556183,-9.260879218849733e-17,0.002737784758210182
3.7958333333333334,0.3,0.35384488105773926,-9.190120865762967e-17,0.002738160314038396
3.8,0.3,0.35371577739715576,-9.118480407270974e-17,0.0027385323774069548
3.8041666666666667,0.3,0.353585809469223,-9.047078176795397e-17,0.002738900948315859
3.808333333333333,0.3,0.3534550070762634,-8.974794502659083e-17,0.0027392662595957518
3.8125,0.3,0.353323370218277,-8.902191205934079e-17,0.0027396283112466335
3.8166666666666664,0.3,0.35319092869758606,-8.82982679896998e-17,0.0027399868704378605
3.8208333333333333,0.3,0.3530576825141907,-8.756584257067594e-17,0.0027403421700000763
3.8249999999999997,0.3,0.3529236316680908,-8.683024077809989e-17,0.0027406939771026373
3.8291666666666666,0.3,0.3527888059616089,-8.609704773546758e-17,0.002741042524576187
3.8333333333333335,0.3,0.3526531457901001,-8.536069155417288e-17,0.002741387812420726
3.8375,0.3,0.3525167405605316,-8.462115899932597e-17,0.0027417298406362534
3.841666666666667,0.3,0.35237953066825867,-8.38728781823207e-17,0.0027420686092227697
3.845833333333333,0.3,0.35224154591560364,-8.312703258503879e-17,0.002742404118180275
3.85,0.3,0.3521028161048889,-8.237804370142917e-17,0.0027427361346781254
3.8541666666666665,0.3,0.3519633412361145,-8.162591153149185e-17,0.0027430651243776083
3.8583333333333334,0.3,0.351823091506958,-8.087064269267174e-17,0.00274339085444808
3.8625,0.3,0.3516820967197418,-8.010667853125246e-17,0.002743713092058897
3.8666666666666667,0.3,0.35154035687446594,-7.933401904723403e-17,0.0027440323028713465
3.870833333333333,0.3,0.35139790177345276,-7.85582493641124e-17,0.0027443482540547848
3.875,0.3,0.35125473141670227,-7.777939595166717e-17,0.002744660945609212
3.8791666666666664,0.3,0.3511108160018921,-7.699743895756364e-17,0.0027449706103652716
3.8833333333333333,0.3,0.3509661853313446,-7.621240485158141e-17,0.00274527701549232
3.8874999999999997,0.3,0.3508208692073822,-7.542985228743685e-17,0.0027455801609903574
3.8916666666666666,0.3,0.3506748378276825,-7.464976803024014e-17,0.0027458800468593836
3.8958333333333335,0.3,0.35052812099456787,-7.387216531488109e-17,0.0027461769059300423
3.9,0.3,0.35038071870803833,-7.308593345137189e-17,0.0027464707382023335
3.904166666666667,0.3,0.3502326011657715,-7.229663109342889e-17,0.0027467613108456135
3.908333333333333,0.3,0.3500838577747345,-7.149873929200514e-17,0.0027470486238598824
3.9125,0.3,0.3499344289302826,-7.070332241497414e-17,0.0027473329100757837
3.9166666666666665,0.3,0.34978431463241577,-6.990486813073386e-17,0.0027476141694933176
3.9208333333333334,0.3,0.3496335744857788,-6.910338305672918e-17,0.0027478921692818403
3.925,0.3,0.34948214888572693,-6.830438614200706e-17,0.002748167375102639
3.9291666666666667,0.3,0.3493300974369049,-6.750236505496544e-17,0.002748439321294427
3.933333333333333,0.3,0.34917742013931274,-6.670285197954109e-17,0.002748708240687847
3.9375,0.3,0.34902411699295044,-6.59058336808442e-17,0.002748973900452256
3.9416666666666664,0.3,0.3488701581954956,-6.51057912098278e-17,0.0027492367662489414
3.9458333333333333,0.3,0.348715603351593,-6.430273118393682e-17,0.002749496605247259
3.9499999999999997,0.3,0.3485604226589203,-6.34911346541243e-17,0.0027497531846165657
3.9541666666666666,0.3,0.3484046459197998,-6.265998357463101e-17,0.0027500069700181484
3.9583333333333335,0.3,0.34824827313423157,-6.180838459039542e-17,0.0027502577286213636
3.9625,0.3,0.3480913043022156,-6.096767130302103e-17,0.0027505054604262114
3.966666666666667,0.3,0.34793373942375183,-6.012131995259147e-17,0.0027507501654326916
3.970833333333333,0.3,0.34777557849884033,-5.92996715239752e-17,0.002750992076471448
3.975,0.3,0.34761685132980347,-5.848065683842929e-17,0.002751230960711837
3.9791666666666665,0.3,0.34745755791664124,-5.76946565854916e-17,0.002751466818153858
3.9833333333333334,0.3,0.34729769825935364,-5.695631517072677e-17,0.002751699648797512
3.9875,0.3,0.3471372723579407,-5.628027699969943e-17,0.002751929685473442
3.9916666666666667,0.3,0.34697631001472473,-5.564993890315442e-17,0.0027521569281816483
3.995833333333333,0.3,0.3468148112297058,-5.5073559452327475e-17,0.002752381144091487
4.0,0.3,0.3466527462005615,-5.4570355707209416e-17,0.0027526025660336018
4.004166666666666,0.3,0.34649017453193665,-5.4144820912887636e-17,0.002752820961177349
4.008333333333333,0.3,0.3463270366191864,-5.3793034233258635e-17,0.0027530365623533726
4.0125,0.3,0.34616339206695557,-5.353217455528391e-17,0.0027532491367310286
4.016666666666667,0.3,0.34599924087524414,-5.334359722795652e-17,0.0027534591499716043
4.020833333333333,0.3,0.3458345830440521,-5.3196868622179416e-17,0.0027536661364138126
4.025,0.3,0.3456694185733795,-5.310459166176545e-17,0.002753870328888297
4.029166666666667,0.3,0.3455037474632263,-5.304732760231963e-17,0.0027540717273950577
4.033333333333333,0.3,0.3453375995159149,-5.3006547598120766e-17,0.0027542703319340944
4.0375,0.3,0.3451709449291229,-5.298307552105896e-17,0.0027544659096747637
4.041666666666667,0.3,0.34500381350517273,-5.2953803253541934e-17,0.0027546589262783527
4.045833333333333,0.3,0.34483620524406433,-5.2890186446991706e-17,0.0027548493817448616
4.05,0.3,0.34466812014579773,-5.27746789462548e-17,0.002755036810413003
4.054166666666666,0.3,0.3444995880126953,-5.25679268065084e-17,0.0027552214451134205
4.058333333333334,0.3,0.3443306088447571,-5.2255417971085863e-17,0.002755403518676758
4.0625,0.3,0.34416115283966064,-5.183357901974097e-17,0.0027555827982723713
4.066666666666666,0.3,0.3439912796020508,-5.1322765212987424e-17,0.002755759283900261
4.070833333333333,0.3,0.3438209295272827,-5.072778081582293e-17,0.0027559329755604267
4.075,0.3,0.3436501622200012,-5.005010151846029e-17,0.0027561041060835123
4.079166666666667,0.3,0.3434789776802063,-4.9293684552949947e-17,0.0027562726754695177
4.083333333333333,0.3,0.34330734610557556,-4.8460826172672355e-17,0.0027564384508877993
4.0875,0.3,0.3431352972984314,-4.7610368697682085e-17,0.002756601432338357
4.091666666666667,0.3,0.3429628610610962,-4.6763789045403464e-17,0.0027567618526518345
4.095833333333333,0.3,0.34279000759124756,-4.594418209853897e-17,0.002756919711828232
4.1,0.3,0.3426167368888855,-4.516532537737129e-17,0.002757075009867549
4.104166666666667,0.3,0.3424431085586548,-4.440705883601128e-17,0.0027572275139391422
4.108333333333333,0.3,0.34226906299591064,-4.3658486851430394e-17,0.0027573774568736553
4.1125,0.3,0.34209463000297546,-4.293201713281692e-17,0.0027575248386710882
4.116666666666666,0.3,0.34191983938217163,-4.2226197151015225e-17,0.0027576694265007973
4.120833333333334,0.3,0.34174466133117676,-4.152011247141751e-17,0.00275781168602407
4.125,0.3,0.34156909584999084,-4.080150427734574e-17,0.002757951384410262
4.129166666666666,0.3,0.34139320254325867,-4.0047307464599494e-17,0.0027580882888287306
4.133333333333333,0.3,0.34121695160865784,-3.9262994660111414e-17,0.0027582228649407625
4.1375,0.3,0.34104031324386597,-3.8470251230820194e-17,0.0027583548799157143
4.141666666666667,0.3,0.3408633768558502,-3.765828412409324e-17,0.002758484333753586
4.145833333333333,0.3,0.3406860828399658,-3.681557567708137e-17,0.002758611226454377
4.15,0.3,0.34050843119621277,-3.595374612302972e-17,0.002758735790848732
4.154166666666667,0.3,0.34033048152923584,-3.507978348375314e-17,0.002758857561275363
4.158333333333333,0.3,0.34015220403671265,-3.419140474076099e-17,0.0027589770033955574
4.1625,0.3,0.3399735987186432,-3.3317107920516944e-17,0.0027590941172093153
4.166666666666667,0.3,0.33979466557502747,-3.247919712105788e-17,0.002759208669885993
4.170833333333333,0.3,0.33961543440818787,-3.170070435935972e-17,0.0027593206614255905
4.175,0.3,0.3394359350204468,-3.0984600868182765e-17,0.0027594303246587515
4.179166666666666,0.3,0.3392561078071594,-3.035075552584053e-17,0.0027595374267548323
4.183333333333334,0.3,0.3390759825706482,-2.979212406223652e-17,0.00275964243337512
4.1875,0.3,0.3388955891132355,-2.9313937567564515e-17,0.002759744646027684
4.191666666666666,0.3,0.3387148976325989,-2.890529049262862e-17,0.0027598447632044554
4.195833333333333,0.3,0.3385339379310608,-2.855531368417988e-17,0.0027599423192441463
4.2,0.3,0.3383527100086212,-2.824469082055397e-17,0.0027600375469774008
4.204166666666667,0.3,0.33817121386528015,-2.797092712502342e-17,0.002760130213573575
4.208333333333333,0.3,0.3379894495010376,-2.77140147529318e-17,0.0027602207846939564
4.2125,0.3,0.33780744671821594,-2.7472961087544046e-17,0.002760309027507901
4.216666666666667,0.3,0.3376251757144928,-2.7187211544937603e-17,0.002760394709184766
4.220833333333333,0.3,0.33744269609451294,-2.6825243926329298e-17,0.0027604782953858376
4.225,0.3,0.3372599482536316,-2.6385494860361407e-17,0.0027605595532804728
4.229166666666667,0.3,0.33707696199417114,-2.5852100677246388e-17,0.0027606382500380278
4.233333333333333,0.3,0.3368937373161316,-2.5211379809652614e-17,0.00276071485131979
4.2375,0.3,0.3367103040218353,-2.444969701236276e-17,0.0027607891242951155
4.241666666666666,0.3,0.33652666211128235,-2.3558050905951025e-17,0.0027608610689640045
4.245833333333334,0.3,0.33634281158447266,-2.2544159085532528e-17,0.0027609309181571007
4.25,0.3,0.33615872263908386,-2.1402942662146193e-17,0.0027609984390437603
4.254166666666666,0.3,0.33597445487976074,-2.015061768452051e-17,0.0027610636316239834
4.258333333333333,0.3,0.3357899487018585,-1.8795943995342418e-17,0.0027611267287284136
4.2625,0.3,0.33560529351234436,-1.73515791123452e-17,0.0027611874975264072
4.266666666666667,0.3,0.3354204297065735,-1.5856041527933e-17,0.0027612459380179644
4.270833333333333,0.3,0.3352353572845459,-1.434313976810209e-17,0.0027613025158643723
4.275,0.3,0.33505013585090637,-1.2808771844194813e-17,0.0027613565325737
4.279166666666667,0.3,0.3348647356033325,-1.130122194292712e-17,0.0027614086866378784
4.283333333333333,0.3,0.33467915654182434,-9.860118633085198e-18,0.0027614585123956203
4.2875,0.3,0.3344934284687042,-8.503808780655475e-18,0.0027615060098469257
4.291666666666667,0.3,0.3343075215816498,-7.250601201316198e-18,0.002761551644653082
4.295833333333333,0.3,0.3341214656829834,-6.112792348463276e-18,0.0027615949511528015
4.3,0.3,0.3339352607727051,-5.113250043721043e-18,0.0027616361621767282
4.304166666666666,0.3,0.3337489068508148,-4.265554111205781e-18,0.002761675277724862
4.308333333333334,0.3,0.333562433719635,-3.572692740880339e-18,0.0027617120649665594
4.3125,0.3,0.33337581157684326,-3.020504393862656e-18,0.0027617469895631075
4.316666666666666,0.3,0.3331890404224396,-2.6047559733679912e-18,0.0027617798186838627
4.320833333333333,0.3,0.33300215005874634,-2.28691906082485e-18,0.002761810552328825
4.325,0.3,0.33281514048576355,-2.0252384060921685e-18,0.0027618391904979944
4.329166666666667,0.3,0.3326280117034912,-1.778041063499831e-18,0.002761865733191371
4.333333333333333,0.3,0.3324407935142517,-1.5077057214155835e-18,0.0027618901804089546
4.3375,0.3,0.33225342631340027,-1.1668040148647435e-18,0.0027619125321507454
4.341666666666667,0.3,0.33206596970558167,-7.172432426634784e-19,0.002761933021247387
4.345833333333333,0.3,0.3318784236907959,-1.4602240032913911e-19,0.0027619514148682356
4.35,0.3,0.33169078826904297,5.749653855697903e-19,0.0027619677130132914
4.354166666666667,0.3,0.3315030634403229,1.4744045673275408e-18,0.0027619819156825542
4.358333333333333,0.3,0.33131521940231323,2.52569715234747e-18,0.002761994255706668
4.3625,0.3,0.3311273157596588,3.729173392489139e-18,0.0027620047330856323
4.366666666666666,0.3,0.3309393525123596,5.0528327717801696e-18,0.002762013114988804
4.370833333333334,0.3,0.33075129985809326,6.4989322525219115e-18,0.0027620194014161825
4.375,0.3,0.33056318759918213,8.000102109724984e-18,0.002762023825198412
4.379166666666666,0.3,0.3303750157356262,9.500818671952377e-18,0.0027620261535048485
4.383333333333333,0.3,0.33018675446510315,1.0969989874339448e-17,0.0027620268519967794
4.3875,0.3,0.3299984633922577,1.235042775805673e-17,0.0027620254550129175
4.391666666666667,0.3,0.32981014251708984,1.3587865966198296e-17,0.0027620219625532627
4.395833333333333,0.3,0.32962173223495483,1.466873129209276e-17,0.0027620166074484587
4.4,0.3,0.3294333219528198,1.5589919326901216e-17,0.002762009622529149
4.404166666666667,0.3,0.32924485206604004,1.6356960600199188e-17,0.0027620005421340466
4.408333333333333,0.3,0.32905635237693787,1.696494331350934e-17,0.002761989366263151
4.4125,0.3,0.3288678228855133,1.740838325937044e-17,0.00276197656057775
4.416666666666667,0.3,0.32867926359176636,1.7705480065619887e-17,0.0027619618922472
4.420833333333333,0.3,0.3284907042980194,1.787961812817455e-17,0.0027619453612715006
4.425,0.3,0.3283021152019501,1.7954709584182114e-17,0.0027619267348200083
4.429166666666666,0.3,0.32811352610588074,1.7933244247286363e-17,0.0027619064785540104
4.433333333333334,0.3,0.3279249370098114,1.7858124667137972e-17,0.0027618843596428633
4.4375,0.3,0.3277363181114197,1.7762934376606595e-17,0.002761860378086567
4.441666666666666,0.3,0.32754772901535034,1.7675418667798485e-17,0.0027618345338851213
4.445833333333333,0.3,0.3273591101169586,1.7637125168520955e-17,0.0027618068270385265
4.45,0.3,0.3271705210208893,1.7671041227996854e-17,0.002761777490377426
4.454166666666667,0.3,0.32698196172714233,1.7815658868850725e-17,0.0027617462910711765
4.458333333333333,0.3,0.3267934024333954,1.807537869194135e-17,0.0027617132291197777
4.4625,0.3,0.3266048729419708,1.845975959642739e-17,0.0027616785373538733
4.466666666666667,0.3,0.32641637325286865,1.896856169993121e-17,0.0027616419829428196
4.470833333333333,0.3,0.3262278735637665,1.9596368623801805e-17,0.0027616035658866167
4.475,0.3,0.3260394334793091,2.0363610074808015e-17,0.0027615635190159082
4.479166666666667,0.3,0.3258510231971741,2.1250445298777142e-17,0.0027615216095000505
4.483333333333333,0.3,0.32566267251968384,2.2226761612689805e-17,0.0027614780701696873
4.4875,0.3,0.325474351644516,2.3299161572195403e-17,0.0027614329010248184
4.491666666666666,0.3,0.3252860903739929,2.4423207380426362e-17,0.0027613858692348003
4.495833333333334,0.3,0.3250978887081146,2.5566466939925702e-17,0.002761336974799633
4.5,0.3,0.3249097168445587,2.6711496665935906e-17,0.002761286683380604
4.504166666666666,0.3,0.32472163438796997,2.783057773613032e-17,0.0027612345293164253
4.508333333333333,0.3,0.324533611536026,2.889658193513966e-17,0.0027611805126070976
4.5125,0.3,0.3243456482887268,2.990037222591766e-17,0.002761125098913908
4.516666666666667,0.3,0.3241577446460724,3.0818456679067814e-17,0.002761067822575569
4.520833333333333,0.3,0.3239699602127075,3.164795008861354e-17,0.0027610091492533684
4.525,0.3,0.32378220558166504,3.236438445203552e-17,0.0027609486132860184
4.529166666666667,0.3,0.3235945701599121,3.297825172822337e-17,0.002760886447504163
4.533333333333333,0.3,0.32340702414512634,3.348461199455893e-17,0.0027608226519078016
4.5375,0.3,0.32321956753730774,3.3883696861613716e-17,0.002760757226496935
4.541666666666667,0.3,0.3230322003364563,3.418544573162816e-17,0.0027606901712715626
4.545833333333333,0.3,0.322844922542572,3.440901941631144e-17,0.0027606214862316847
4.55,0.3,0.3226577639579773,3.4568929972330194e-17,0.002760551171377301
4.554166666666666,0.3,0.32247069478034973,3.465360679727602e-17,0.002760479226708412
4.558333333333334,0.3,0.3222837746143341,3.4677532169313506e-17,0.002760405885055661
4.5625,0.3,0.32209694385528564,3.4694069164119666e-17,0.002760330680757761
4.566666666666666,0.3,0.32191020250320435,3.47258262821968e-17,0.002760254079475999
4.570833333333333,0.3,0.321723610162735,3.4790293430416735e-17,0.002760175848379731
4.575,0.3,0.32153716683387756,3.49308777386038e-17,0.002760095987468958
4.579166666666667,0.3,0.3213508129119873,3.514411828307507e-17,0.0027600147295743227
4.583333333333333,0.3,0.321164608001709,3.546454489132096e-17,0.002759931841865182
4.5875,0.3,0.3209785521030426,3.588452434064883e-17,0.0027598473243415356
4.591666666666667,0.3,0.32079261541366577,3.641770841988826e-17,0.0027597614098340273
4.595833333333333,0.3,0.3206068277359009,3.706849772989803e-17,0.0027596738655120134
4.6,0.3,0.32042115926742554,3.785326052063934e-17,0.002759584691375494
4.604166666666667,0.3,0.3202356696128845,3.8743114953844286e-17,0.0027594943530857563
4.608333333333333,0.3,0.32005032896995544,3.970923543952662e-17,0.0027594021521508694
4.6125,0.3,0.3198651373386383,4.070022428314475e-17,0.0027593085542321205
4.616666666666666,0.3,0.3196801245212555,4.1718268550238263e-17,0.0027592135593295097
4.620833333333334,0.3,0.3194952607154846,4.27070041538678e-17,0.002759117167443037
4.625,0.3,0.3193105459213257,4.3618103893925555e-17,0.0027590191457420588
4.629166666666666,0.3,0.31912603974342346,4.4438743162194513e-17,0.002758919494226575
4.633333333333333,0.3,0.3189416825771332,4.516029611924697e-17,0.0027588186785578728
4.6375,0.3,0.3187575042247772,4.5782957979707486e-17,0.002758716233074665
4.641666666666667,0.3,0.3185735046863556,4.6306923958200626e-17,0.0027586123906075954
4.645833333333333,0.3,0.3183896839618683,4.673238926935095e-17,0.002758507151156664
4.65,0.3,0.3182060420513153,4.707887206689226e-17,0.0027584002818912268
4.654166666666667,0.3,0.31802260875701904,4.7355759196415813e-17,0.0027582922484725714
4.658333333333333,0.3,0.3178393542766571,4.760517400343525e-17,0.0027581825852394104
4.6625,0.3,0.3176563084125519,4.7830130734102723e-17,0.002758071757853031
4.666666666666667,0.3,0.317473441362381,4.807891357513417e-17,0.0027579593006521463
4.670833333333333,0.3,0.3172907829284668,4.83741641142564e-17,0.0027578454464673996
4.675,0.3,0.3171083331108093,4.8720405375058846e-17,0.002757730195298791
4.679166666666666,0.3,0.31692609190940857,4.912215376368605e-17,0.0027576135471463203
4.683333333333334,0.3,0.3167440593242645,4.9588147616129024e-17,0.0027574957348406315
4.6875,0.3,0.3165622353553772,5.0132895680331946e-17,0.002757376292720437
4.691666666666666,0.3,0.31638064980506897,5.075506784986983e-17,0.0027572554536163807
4.695833333333333,0.3,0.31619927287101746,5.145028006749615e-17,0.002757133450359106
4.7,0.3,0.31601810455322266,5.2228795990251457e-17,0.0027570100501179695
4.704166666666667,0.3,0.31583717465400696,5.3061584887357594e-17,0.002756885252892971
4.708333333333333,0.3,0.31565648317337036,5.39493085033046e-17,0.0027567590586841106
4.7125,0.3,0.3154760003089905,5.4872991314840517e-17,0.002756631700322032
4.716666666666667,0.3,0.3152957856655121,5.582296523496582e-17,0.0027565027121454477
4.720833333333333,0.3,0.3151157796382904,5.67899327535954e-17,0.002756372792646289
4.725,0.3,0.3149360120296478,5.777460855477853e-17,0.0027562412433326244
4.729166666666667,0.3,0.31475651264190674,5.874316426018422e-17,0.0027561085298657417
4.733333333333333,0.3,0.31457725167274475,5.97005960407123e-17,0.002755974419414997
4.7375,0.3,0.31439822912216187,6.064694360103216e-17,0.002755839144811034
4.741666666666666,0.3,0.3142194449901581,6.15772306225787e-17,0.0027557024732232094
4.745833333333334,0.3,0.3140409588813782,6.250145606459645e-17,0.0027555644046515226
4.75,0.3,0.313862681388855,6.340471082372476e-17,0.0027554251719266176
4.754166666666666,0.3,0.31368470191955566,6.431083093649494e-17,0.0027552847750484943
4.758333333333333,0.3,0.31350696086883545,6.520986376577678e-17,0.002755142981186509
4.7625,0.3,0.3133295178413391,6.608301576805305e-17,0.002754999790340662
4.766666666666667,0.3,0.3131523132324219,6.691613884612666e-17,0.0027548556681722403
4.770833333333333,0.3,0.3129754066467285,6.76951047551352e-17,0.0027547101490199566
4.775,0.3,0.31279873847961426,6.843489539033322e-17,0.002754563232883811
4.779166666666667,0.3,0.3126223683357239,6.914447077211591e-17,0.002754415152594447
4.783333333333333,0.3,0.312446266412735,6.981929133328157e-17,0.002754265908151865
4.7875,0.3,0.31227046251296997,7.046832371167028e-17,0.0027541154995560646
4.791666666666667,0.3,0.31209492683410645,7.110150730952247e-17,0.0027539636939764023
4.795833333333333,0.3,0.3119196891784668,7.170897551649161e-17,0.0027538107242435217
4.8,0.3,0.311744749546051,7.229508261132219e-17,0.002753656590357423
4.804166666666666,0.3,0.31157010793685913,7.287500239517086e-17,0.0027535012923181057
4.808333333333334,0.3,0.3113957345485687,7.34527318047575e-17,0.0027533448301255703
4.8125,0.3,0.3112216591835022,7.405691775905603e-17,0.002753186970949173
4.816666666666666,0.3,0.31104791164398193,7.47022840729699e-17,0.002753028180450201
4.820833333333333,0.3,0.31087443232536316,7.536504764952699e-17,0.002752867992967367
4.825,0.3,0.31070128083229065,7.604088729720732e-17,0.002752706641331315
4.829166666666667,0.3,0.310528427362442,7.67208099083912e-17,0.0027525443583726883
4.833333333333333,0.3,0.31035587191581726,7.738113826522494e-17,0.0027523806784301996
4.8375,0.3,0.31018364429473877,7.801787543098865e-17,0.0027522158343344927
4.841666666666667,0.3,0.31001171469688416,7.862703770385231e-17,0.002752050058916211
4.845833333333333,0.3,0.3098401129245758,7.92086912582649e-17,0.0027518828865140676
4.85,0.3,0.3096688389778137,7.973894711813589e-17,0.002751714549958706
4.854166666666667,0.3,0.3094978928565979,8.020374983049678e-17,0.0027515452820807695
4.858333333333333,0.3,0.30932724475860596,8.062745821002605e-17,0.002751374850049615
4.8625,0.3,0.3091569244861603,8.102373728044305e-17,0.002751203253865242
4.866666666666666,0.3,0.30898696184158325,8.141573486400948e-17,0.002751030493527651
4.870833333333334,0.3,0.3088172972202301,8.181677187730989e-17,0.0027508565690368414
4.875,0.3,0.3086479902267456,8.22349613077922e-17,0.0027506814803928137
4.879166666666666,0.3,0.3084790110588074,8.26982552427158e-17,0.0027505054604262114
4.883333333333333,0.3,0.3083103597164154,8.323428151453996e-17,0.0027503282763063908
4.8875,0.3,0.3081420361995697,8.387112455942209e-17,0.002750149928033352
4.891666666666667,0.3,0.30797407031059265,8.464580236413515e-17,0.0027499706484377384
4.895833333333333,0.3,0.30780646204948425,8.557651951960021e-17,0.0027497902046889067
4.9,0.3,0.3076391816139221,8.666705458685542e-17,0.0027496085967868567
4.904166666666667,0.3,0.30747225880622864,8.792199345521677e-17,0.002749426057562232
4.908333333333333,0.3,0.3073056638240814,8.932250949394256e-17,0.002749242354184389
4.9125,0.3,0.30713942646980286,9.08362500149146e-17,0.002749057486653328
4.916666666666667,0.3,0.30697357654571533,9.242556175664948e-17,0.002748871687799692
4.920833333333333,0.3,0.3068080544471741,9.40669395548609e-17,0.0027486849576234818
4.925,0.3,0.30664288997650146,9.573259675841198e-17,0.002748497063294053
4.929166666666666,0.3,0.3064780831336975,9.740908010182016e-17,0.002748308004811406
4.933333333333334,0.3,0.3063136637210846,9.905896131672863e-17,0.0027481180150061846
4.9375,0.3,0.30614957213401794,1.006871439298086e-16,0.0027479270938783884
4.941666666666666,0.3,0.30598586797714233,1.0227059261536171e-16,0.002747735008597374
4.945833333333333,0.3,0.30582255125045776,1.0377218350749657e-16,0.0027475417591631413
4.95,0.3,0.30565956234931946,1.0519718409235393e-16,0.0027473478112369776
4.954166666666667,0.3,0.3054969608783722,1.0651756949078047e-16,0.002747152466326952
4.958333333333333,0.3,0.30533474683761597,1.0773840204812503e-16,0.0027469564229249954
4.9625,0.3,0.3051729202270508,1.0885017249606571e-16,0.0027467592153698206
4.966666666666667,0.3,0.30501145124435425,1.0985249040535336e-16,0.002746561076492071
4.970833333333333,0.3,0.30485033988952637,1.10773466681925e-16,0.002746362006291747
4.975,0.3,0.3046896457672119,1.116220811985105e-16,0.0027461617719382048
4.979166666666667,0.3,0.3045293092727661,1.1244023561621935e-16,0.002745960606262088
4.983333333333333,0.3,0.30436936020851135,1.1325089908630092e-16,0.0027457585092633963
4.9875,0.3,0.30420982837677,1.140911954746466e-16,0.00274555548094213
4.991666666666666,0.3,0.30405065417289734,1.1497913746627531e-16,0.0027453515212982893
4.995833333333334,0.3,0.3038918673992157,1.1595660025251697e-16,0.0027451463975012302
5.0,0.3,0.3037334978580475,1.1704145093460272e-16,0.0027449403423815966
5.004166666666666,0.3,0.3035755157470703,1.1826161513001234e-16,0.0027447333559393883
5.008333333333333,0.3,0.3034179210662842,1.1960773577165664e-16,0.0027445254381746054
5.0125,0.3,0.3032607138156891,1.2109010960380067e-16,0.002744316589087248
5.016666666666667,0.3,0.3031039237976074,1.226707921973854e-16,0.0027441068086773157
5.020833333333333,0.3,0.3029475212097168,1.2431723895839055e-16,0.002743896096944809
5.025,0.3,0.3027915358543396,1.2601618852723566e-16,0.002743684221059084
5.029166666666667,0.3,0.30263593792915344,1.2771621012215464e-16,0.002743471646681428
5.033333333333333,0.3,0.3024807572364807,1.2940416149757525e-16,0.0027432581409811974
5.0375,0.3,0.302325963973999,1.310523287942545e-16,0.002743043703958392
5.041666666666667,0.3,0.30217158794403076,1.3264730506882416e-16,0.0027428283356130123
5.045833333333333,0.3,0.3020176291465759,1.3415687659950893e-16,0.002742612035945058
5.05,0.3,0.3018640875816345,1.3558631087244957e-16,0.002742394572123885
5.054166666666666,0.3,0.30171093344688416,1.3695886158902616e-16,0.002742176642641425
5.058333333333334,0.3,0.3015582263469696,1.3826927449798776e-16,0.002741957549005747
5.0625,0.3,0.3014059066772461,1.3955031918648129e-16,0.002741737524047494
5.066666666666666,0.3,0.301254004240036,1.4082049803044831e-16,0.00274151680059731
5.070833333333333,0.3,0.30110254883766174,1.4209401206664515e-16,0.002741294912993908
5.075,0.3,0.3009514808654785,1.4337488470157127e-16,0.002741072326898575
5.079166666666667,0.3,0.3008008599281311,1.4466731139529352e-16,0.002740848809480667
5.083333333333333,0.3,0.3006506562232971,1.4598076832890932e-16,0.0027406245935708284
5.0875,0.3,0.30050086975097656,1.4732920507626876e-16,0.0027403992135077715
5.091666666666667,0.3,0.30035150051116943,1.4870756590946793e-16,0.0027401731349527836
5.095833333333333,0.3,0.3002025783061981,1.5012539318405322e-16,0.002739946125075221
5.1,0.3,0.30005407333374023,1.5155454952430804e-16,0.0027397184167057276
5.104166666666667,0.3,0.29990601539611816,1.5297596345402936e-16,0.002739489544183016
5.108333333333333,0.3,0.2997583746910095,1.5438501599667669e-16,0.0027392602059990168
5.1125,0.3,0.2996111512184143,1.5580050069576723e-16,0.0027390297036617994
5.116666666666666,0.3,0.2994643747806549,1.5718481722937677e-16,0.002738798502832651
5.120833333333334,0.3,0.2993180453777313,1.5855221957382083e-16,0.0027385663706809282
5.125,0.3,0.29917213320732117,1.598791760950335e-16,0.0027383335400372744
5.129166666666666,0.3,0.2990266680717468,1.6118916548752148e-16,0.002738099778071046
5.133333333333333,0.3,0.2988816499710083,1.6250549439222406e-16,0.0027378650847822428
5.1375,0.3,0.2987370491027832,1.6382314678590673e-16,0.0027376296930015087
5.141666666666667,0.3,0.2985929250717163,1.651562840006564e-16,0.0027373936027288437
5.145833333333333,0.3,0.29844921827316284,1.6651378664752942e-16,0.002737156581133604
5.15,0.3,0.2983059585094452,1.67895509142738e-16,0.00273691862821579
5.154166666666667,0.3,0.29816314578056335,1.6930138531183312e-16,0.0027366799768060446
5.158333333333333,0.3,0.29802075028419495,1.707313225105862e-16,0.0027364403940737247
5.1625,0.3,0.29787883162498474,1.721806488228975e-16,0.0027362003456801176
5.166666666666667,0.3,0.29773736000061035,1.7364021893991467e-16,0.002735959133133292
5.170833333333333,0.3,0.2975963354110718,1.751193899287269e-16,0.002735717222094536
5.175,0.3,0.297455757856369,1.7662765120532138e-16,0.0027354746125638485
5.179166666666666,0.3,0.2973156273365021,1.7815089437717043e-16,0.00273523130454123
5.183333333333334,0.3,0.29717597365379333,1.7967997413542166e-16,0.0027349870651960373
5.1875,0.3,0.297036737203598,1.8121036414776317e-16,0.0027347421273589134
5.191666666666666,0.3,0.2968979775905609,1.8274209088397456e-16,0.002734496258199215
5.195833333333333,0.3,0.2967596650123596,1.8428459082048384e-16,0.0027342496905475855
5.2,0.3,0.29662179946899414,1.858610514842221e-16,0.002734002424404025
5.204166666666667,0.3,0.29648441076278687,1.8745295726435796e-16,0.0027337544597685337
5.208333333333333,0.3,0.2963474690914154,1.8907000933511542e-16,0.0027335055638104677
5.2125,0.3,0.29621097445487976,1.9073539522342558e-16,0.0027332562021911144
5.216666666666667,0.3,0.2960749566555023,1.9243500653676074e-16,0.002733005676418543
5.220833333333333,0.3,0.2959394156932831,1.941690682682475e-16,0.002732754684984684
5.225,0.3,0.29580432176589966,1.9590491670985738e-16,0.002732502995058894
5.229166666666667,0.3,0.29566967487335205,1.9764248568714137e-16,0.0027322503738105297
5.233333333333333,0.3,0.29553550481796265,1.9936770651224117e-16,0.0027319970540702343
5.2375,0.3,0.29540178179740906,2.0108993625224598e-16,0.002731743035838008
5.241666666666666,0.3,0.29526853561401367,2.027905004776468e-16,0.0027314883191138506
5.245833333333334,0.3,0.2951357662677765,2.0447409757432292e-16,0.0027312329038977623
5.25,0.3,0.2950034439563751,2.0615933579733436e-16,0.0027309765573590994
5.254166666666666,0.3,0.29487162828445435,2.07841371177014e-16,0.002730719745159149
5.258333333333333,0.3,0.294740229845047,2.09529229908206e-16,0.002730462234467268
5.2625,0.3,0.29460933804512024,2.1124141436685195e-16,0.002730203792452812
5.266666666666667,0.3,0.2944788932800293,2.1296394850932218e-16,0.002729944884777069
5.270833333333333,0.3,0.29434892535209656,2.1469209424506796e-16,0.0027296850457787514
5.275,0.3,0.294219434261322,2.1641666656056752e-16,0.0027294245082885027
5.279166666666667,0.3,0.2940904200077057,2.1811913661009966e-16,0.0027291635051369667
5.283333333333333,0.3,0.29396185278892517,2.197578144907917e-16,0.002728901570662856
5.2875,0.3,0.29383379220962524,2.213284120983482e-16,0.002728639170527458
5.291666666666667,0.3,0.29370617866516113,2.2279859659698564e-16,0.0027283760719001293
5.295833333333333,0.3,0.2935790419578552,2.241501700132279e-16,0.002728112041950226
5.3,0.3,0.2934524118900299,2.2539260852817234e-16,0.002727847546339035
5.304166666666666,0.3,0.2933262288570404,2.265260709604966e-16,0.0027275823522359133
5.308333333333334,0.3,0.2932005226612091,2.27546216266346e-16,0.0027273164596408606
5.3125,0.3,0.293075293302536,2.2846246768725873e-16,0.002727049868553877
5.316666666666666,0.3,0.2929505705833435,2.292890130251013e-16,0.0027267825789749622
5.320833333333333,0.3,0.2928262948989868,2.3001666726635197e-16,0.0027265148237347603
5.325,0.3,0.29270249605178833,2.3067340896804967e-16,0.0027262461371719837
5.329166666666667,0.3,0.29257920384407043,2.313009545028467e-16,0.00272597698494792
5.333333333333333,0.3,0.29245635867118835,2.3191327991437275e-16,0.002725707134231925
5.3375,0.3,0.29233402013778687,2.32528914048349e-16,0.002725436817854643
5.341666666666667,0.3,0.2922121584415436,2.331662269318191e-16,0.002725165570154786
5.345833333333333,0.3,0.2920907735824585,2.338438003500633e-16,0.002724893856793642
5.35,0.3,0.2919698655605316,2.3453836736681184e-16,0.002724621444940567
5.354166666666667,0.3,0.29184943437576294,2.3524987504250545e-16,0.002724348334595561
5.358333333333333,0.3,0.29172950983047485,2.3597834984692375e-16,0.0027240747585892677
5.3625,0.3,0.2916100323200226,2.3671913309885684e-16,0.0027238004840910435
5.366666666666666,0.3,0.2914910614490509,2.374721983285251e-16,0.0027235255111008883
5.370833333333334,0.3,0.2913725972175598,2.382330192036167e-16,0.002723249839618802
5.375,0.3,0.29125458002090454,2.389645380326892e-16,0.0027229737024754286
5.379166666666666,0.3,0.29113706946372986,2.396761251177216e-16,0.002722697099670768
5.383333333333333,0.3,0.2910200357437134,2.4036780692849354e-16,0.002722419798374176
5.3875,0.3,0.2909034788608551,2.4102118696818183e-16,0.0027221417985856533
5.391666666666667,0.3,0.2907874286174774,2.4164560906898586e-16,0.0027218631003051996
5.395833333333333,0.3,0.29067185521125793,2.4224107323090563e-16,0.0027215839363634586
5.4,0.3,0.29055675864219666,2.4279392104766667e-16,0.0027213043067604303
5.404166666666667,0.3,0.29044216871261597,2.433088641400381e-16,0.002721023978665471
5.408333333333333,0.3,0.2903280556201935,2.4379511399132126e-16,0.002720742952078581
5.4125,0.3,0.2902144193649292,2.44261987963936e-16,0.0027204614598304033
5.416666666666667,0.3,0.2901012897491455,2.4472335622239356e-16,0.002720179269090295
5.420833333333333,0.3,0.28998863697052,2.451561900584405e-16,0.002719896612688899
5.425,0.3,0.28987646102905273,2.455788594991204e-16,0.0027196132577955723
5.429166666666666,0.3,0.28976479172706604,2.459592302319968e-16,0.002719329437240958
5.433333333333334,0.3,0.28965359926223755,2.4631119889136056e-16,0.002719045151025057
5.4375,0.3,0.28954291343688965,2.466348713563301e-16,0.0027187601663172245
5.441666666666666,0.3,0.28943270444869995,2.4693940617064763e-16,0.002718474715948105
5.445833333333333,0.3,0.28932300209999084,2.472525171935561e-16,0.0027181885670870543
5.45,0.3,0.28921377658843994,2.4755114924702244e-16,0.0027179019525647163
5.454166666666667,0.3,0.28910502791404724,2.4783993454247696e-16,0.002717614872381091
5.458333333333333,0.3,0.28899678587913513,2.4811426733826894e-16,0.002717327093705535
5.4625,0.3,0.2888890206813812,2.483742005739576e-16,0.0027170388493686914
5.466666666666667,0.3,0.2887817621231079,2.4862889279328513e-16,0.002716749906539917
5.470833333333333,0.3,0.2886749804019928,2.488829232681226e-16,0.002716460730880499
5.475,0.3,0.2885687053203583,2.4914563583066946e-16,0.002716170623898506
5.479166666666667,0.3,0.28846290707588196,2.4941679225290924e-16,0.00271588028408587
5.483333333333333,0.3,0.28835761547088623,2.4968707517242217e-16,0.002715589478611946
5.4875,0.3,0.2882528007030487,2.4996559019339123e-16,0.0027152979746460915
5.491666666666666,0.3,0.2881484627723694,2.5023857303042353e-16,0.0027150060050189495
5.495833333333334,0.3,0.28804463148117065,2.5049204763988937e-16,0.0027147133368998766
5.5,0.3,0.2879413068294525,2.5073064623321907e-16,0.00271442043595016
5.504166666666666,0.3,0.2878384590148926,2.5092678730006764e-16,0.0027141268365085125
5.508333333333333,0.3,0.28773608803749084,2.510712064175745e-16,0.0027138327714055777
5.5125,0.3,0.2876342236995697,2.5115005989100796e-16,0.0027135382406413555
5.516666666666667,0.3,0.28753286600112915,2.5114513651200204e-16,0.002713243244215846
5.520833333333333,0.3,0.2874319553375244,2.510383044815296e-16,0.0027129475492984056
5.525,0.3,0.28733158111572266,2.508435133734407e-16,0.0027126516215503216
5.529166666666667,0.3,0.2872316837310791,2.505562368554235e-16,0.0027123549953103065
5.533333333333333,0.3,0.28713226318359375,2.501584490075692e-16,0.002712058136239648
5.5375,0.3,0.287033349275589,2.4964602054425994e-16,0.0027117605786770582
5.541666666666667,0.3,0.28693491220474243,2.490511916570506e-16,0.0027114625554531813
5.545833333333333,0.3,0.28683698177337646,2.48401887963421e-16,0.002711164066568017
5.55,0.3,0.2867395281791687,2.4771213844655996e-16,0.0027108651120215654
5.554166666666666,0.3,0.28664258122444153,2.4700523651251705e-16,0.0027105656918138266
5.558333333333334,0.3,0.28654611110687256,2.463134223528471e-16,0.0027102658059448004
5.5625,0.3,0.2864501178264618,2.456735154309761e-16,0.002709965454414487
5.566666666666666,0.3,0.2863546311855316,2.4510396518328636e-16,0.002709664637222886
5.570833333333333,0.3,0.28625965118408203,2.4462774737847223e-16,0.002709363354369998
5.575,0.3,0.28616514801979065,2.442449414258725e-16,0.0027090616058558226
5.579166666666667,0.3,0.28607112169265747,2.4396481174834774e-16,0.00270875939168036
5.583333333333333,0.3,0.2859776020050049,2.438099900074574e-16,0.00270845671184361
5.5875,0.3,0.2858845591545105,2.437895818073845e-16,0.0027081535663455725
5.591666666666667,0.3,0.2857920229434967,2.439172455544035e-16,0.002707849955186248
5.595833333333333,0.3,0.2856999635696411,2.4419708406435263e-16,0.0027075461111962795
5.6,0.3,0.2856083810329437,2.446150948238226e-16,0.0027072415687143803
5.604166666666667,0.3,0.28551730513572693,2.4515237841017787e-16,0.0027069367934018373
5.608333333333333,0.3,0.28542670607566833,2.4578087685704056e-16,0.002706631552428007
5.6125,0.3,0.28533661365509033,2.4644503009702673e-16,0.0027063258457928896
5.616666666666666,0.3,0.28524699807167053,2.4709870130429064e-16,0.0027060196734964848
5.620833333333334,0.3,0.28515785932540894,2.4772291164685786e-16,0.0027057130355387926
5.625,0.3,0.28506922721862793,2.4827186840601745e-16,0.002705406164750457
5.629166666666666,0.3,0.2849810719490051,2.4872275463175275e-16,0.0027050988283008337
5.633333333333333,0.3,0.2848933935165405,2.490620972062465e-16,0.0027047910261899233
5.6375,0.3,0.2848062217235565,2.4926220874003533e-16,0.0027044827584177256
5.641666666666667,0.3,0.2847195267677307,2.493144071454099e-16,0.0027041740249842405
5.645833333333333,0.3,0.2846333086490631,2.4921424549939706e-16,0.002703865058720112
5.65,0.3,0.2845475971698761,2.4897575278518577e-16,0.002703555626794696
5.654166666666667,0.3,0.2844623625278473,2.4860409060979834e-16,0.0027032457292079926
5.658333333333333,0.3,0.2843776047229767,2.4812228768148826e-16,0.0027029355987906456
5.6625,0.3,0.28429335355758667,2.475492698926707e-16,0.0027026250027120113
5.666666666666667,0.3,0.28420954942703247,2.469267006764388e-16,0.0027023139409720898
5.670833333333333,0.3,0.28412625193595886,2.462915318451165e-16,0.0027020026464015245
5.675,0.3,0.28404343128204346,2.4565300135178476e-16,0.002701690886169672
5.679166666666666,0.3,0.28396111726760864,2.450250587702937e-16,0.002701378660276532
5.683333333333334,0.3,0.28387925028800964,2.4445807609122536e-16,0.0027010662015527487
5.6875,0.3,0.28379788994789124,2.4394789755918225e-16,0.002700753277167678
5.691666666666666,0.3,0.28371700644493103,2.4352205174495015e-16,0.0027004401199519634
5.695833333333333,0.3,0.28363659977912903,2.4319424999436274e-16,0.0027001264970749617
5.7,0.3,0.28355666995048523,2.429597277470917e-16,0.0026998124085366726
5.704166666666667,0.3,0.283477246761322,2.4281361456369034e-16,0.00269949808716774
5.708333333333333,0.3,0.28339827060699463,2.4274635485372243e-16,0.00269918330013752
5.7125,0.3,0.2833198010921478,2.427394197714668e-16,0.002698868280276656
5.716666666666667,0.3,0.28324177861213684,2.427878329983583e-16,0.002698552794754505
5.720833333333333,0.3,0.28316426277160645,2.428866182158318e-16,0.0026982370764017105
5.725,0.3,0.28308722376823425,2.430311167426775e-16,0.002697921125218272
5.729166666666667,0.3,0.28301066160202026,2.4323927508946522e-16,0.0026976047083735466
5.733333333333333,0.3,0.2829345762729645,2.4350164354487724e-16,0.0026972878258675337
5.7375,0.3,0.2828589379787445,2.4380898415583255e-16,0.002696970710530877
5.741666666666666,0.3,0.2827838063240051,2.4415197955991134e-16,0.0026966531295329332
5.745833333333334,0.3,0.28270915150642395,2.4454367935845725e-16,0.0026963355485349894
5.75,0.3,0.282634973526001,2.449566608598029e-16,0.0026960172690451145
5.754166666666666,0.3,0.2825612425804138,2.45344893117221e-16,0.0026956989895552397
5.758333333333333,0.3,0.28248801827430725,2.4569463831509823e-16,0.0026953802444040775
5.7625,0.3,0.2824152410030365,2.459872352588154e-16,0.002695061033591628
5.766666666666667,0.3,0.28234294056892395,2.4617265606492527e-16,0.0026947418227791786
5.770833333333333,0.3,0.282271146774292,2.462371099782554e-16,0.002694421913474798
5.775,0.3,0.28219980001449585,2.4614883326328375e-16,0.002694102004170418
5.779166666666667,0.3,0.2821289002895355,2.4588535307712846e-16,0.00269378162920475
5.783333333333333,0.3,0.2820585072040558,2.4544698705714475e-16,0.0026934610214084387
5.7875,0.3,0.28198856115341187,2.448251589947417e-16,0.0026931401807814837
5.791666666666667,0.3,0.28191909193992615,2.440206365135277e-16,0.0026928188744932413
5.795833333333333,0.3,0.28185009956359863,2.4305676595911152e-16,0.002692497568204999
5.8,0.3,0.2817815840244293,2.4197923417108565e-16,0.0026921757962554693
5.804166666666666,0.3,0.2817135155200958,2.4078933816865057e-16,0.0026918535586446524
5.808333333333334,0.3,0.28164592385292053,2.3951500356928607e-16,0.0026915313210338354
5.8125,0.3,0.28157877922058105,2.382116051519189e-16,0.002691208617761731
5.816666666666666,0.3,0.28151214122772217,2.369167564733631e-16,0.0026908856816589832
5.820833333333333,0.3,0.2814459204673767,2.3569432911179754e-16,0.0026905625127255917
5.825,0.3,0.28138020634651184,2.345892687529859e-16,0.0026902391109615564
5.829166666666667,0.3,0.2813149094581604,2.3360231655075703e-16,0.002689915243536234
5.833333333333333,0.3,0.28125011920928955,2.327517101832565e-16,0.0026895913761109114
5.8375,0.3,0.2811857759952545,2.3202831757652173e-16,0.0026892670430243015
5.841666666666667,0.3,0.2811218798160553,2.3142676536529357e-16,0.002688942477107048
5.845833333333333,0.3,0.2810584604740143,2.309643912552111e-16,0.002688617678359151
5.85,0.3,0.2809954881668091,2.3060453460152606e-16,0.00268829264678061
5.854166666666667,0.3,0.2809329926967621,2.303195874241138e-16,0.0026879673823714256
5.858333333333333,0.3,0.2808709442615509,2.3010372637146195e-16,0.0026876418851315975
5.8625,0.3,0.2808093726634979,2.299161350434247e-16,0.0026873161550611258
5.866666666666666,0.3,0.28074824810028076,2.297470725611087e-16,0.0026869901921600103
5.870833333333334,0.3,0.2806875705718994,2.29555325477674e-16,0.0026866639964282513
5.875,0.3,0.2806273400783539,2.293264677632377e-16,0.002686337335035205
5.879166666666666,0.3,0.28056758642196655,2.290329973167937e-16,0.0026860106736421585
5.883333333333333,0.3,0.28050827980041504,2.2863849172161e-16,0.0026856837794184685
5.8875,0.3,0.28044942021369934,2.2812873670604054e-16,0.002685356652364135
5.891666666666667,0.3,0.28039100766181946,2.274809417898482e-16,0.002685029059648514
5.895833333333333,0.3,0.2803330719470978,2.267083948023931e-16,0.002684701466932893
5.9,0.3,0.2802755534648895,2.258020960186106e-16,0.002684373641386628
5.904166666666667,0.3,0.2802185118198395,2.2474415186748997e-16,0.00268404558300972
5.908333333333333,0.3,0.28016191720962524,2.2354414440924704e-16,0.002683717291802168
5.9125,0.3,0.28010573983192444,2.22229972791582e-16,0.0026833887677639723
5.916666666666667,0.3,0.28005003929138184,2.208431680986899e-16,0.0026830602437257767
5.920833333333333,0.3,0.27999478578567505,2.1940284151144315e-16,0.0026827312540262938
5.925,0.3,0.2799399793148041,2.1794121998650685e-16,0.002682402264326811
5.929166666666666,0.3,0.2798856198787689,2.1649076870856247e-16,0.0026820728089660406
5.933333333333334,0.3,0.2798316776752472,2.150933893387195e-16,0.0026817433536052704
5.9375,0.3,0.27977821230888367,2.1378189116879421e-16,0.0026814136654138565
5.941666666666666,0.3,0.27972516417503357,2.125838160044622e-16,0.0026810839772224426
5.945833333333333,0.3,0.2796725630760193,2.1154035082278372e-16,0.0026807538233697414
5.95,0.3,0.2796204090118408,2.1066081298617853e-16,0.0026804236695170403
5.954166666666667,0.3,0.27956870198249817,2.0993597777645547e-16,0.0026800932828336954
5.958333333333333,0.3,0.27951744198799133,2.0934286942492024e-16,0.002679762663319707
5.9625,0.3,0.2794665992259979,2.0884035389407183e-16,0.0026794318109750748
5.966666666666667,0.3,0.27941620349884033,2.0840901560057238e-16,0.0026791009586304426
5.970833333333333,0.3,0.27936622500419617,2.080301668800231e-16,0.002678769873455167
5.975,0.3,0.2793166935443878,2.0766275310426174e-16,0.0026784385554492474
5.979166666666667,0.3,0.2792676091194153,2.0727430908860684e-16,0.0026781070046126842
5.983333333333333,0.3,0.2792189419269562,2.06827777141616e-16,0.002677775453776121
5.9875,0.3,0.2791707217693329,2.0629967856878256e-16,0.0026774436701089144
5.991666666666666,0.3,0.279122918844223,2.0568056365878867e-16,0.0026771118864417076
5.995833333333334,0.3,0.279075562953949,2.0494749634760947e-16,0.002676779869943857
6.0,0.3,0.27902862429618835,2.0406933493954358e-16,0.002676447620615363
6.004166666666666,0.3,0.27898213267326355,2.0306384065670372e-16,0.0026761151384562254
6.008333333333333,0.3,0.2789360582828522,2.018951072430602e-16,0.0026757826562970877
6.0125,0.3,0.2788904011249542,2.0058605752774808e-16,0.00267545017413795
6.016666666666667,0.3,0.2788451611995697,1.9915545858450496e-16,0.002675117226317525
6.020833333333333,0.3,0.278800368309021,1.9762664352404976e-16,0.0026747845113277435
6.025,0.3,0.2787559926509857,1.9605435185059876e-16,0.002674451330676675
6.029166666666667,0.3,0.27871206402778625,1.9446660182586038e-16,0.002674118150025606
6.033333333333333,0.3,0.27866852283477783,1.9290017320859116e-16,0.0026737849693745375
6.0375,0.3,0.27862539887428284,1.9137409777032473e-16,0.002673451555892825
6.041666666666667,0.3,0.27858272194862366,1.8991540115603442e-16,0.002673117909580469
6.045833333333333,0.3,0.2785404622554779,1.8854218869496778e-16,0.002672784263268113
6.05,0.3,0.2784986197948456,1.872868329275777e-16,0.002672450616955757
6.054166666666666,0.3,0.2784571647644043,1.8618040937511658e-16,0.0026721167378127575
6.058333333333334,0.3,0.27841615676879883,1.8523631174606286e-16,0.002671782858669758
6.0625,0.3,0.2783755660057068,1.844584443329078e-16,0.0026714487466961145
6.066666666666666,0.3,0.2783353626728058,1.8384131465638403e-16,0.0026711144018918276
6.070833333333333,0.3,0.2782956063747406,1.8333486836326476e-16,0.0026707800570875406
6.075,0.3,0.27825623750686646,1.829156664637127e-16,0.0026704457122832537
6.079166666666667,0.3,0.27821728587150574,1.8254217787353274e-16,0.0026701113674789667
6.083333333333333,0.3,0.27817875146865845,1.82177847827095e-16,0.002669776789844036
6.0875,0.3,0.2781406342983246,1.8179956820680714e-16,0.002669441979378462
6.091666666666667,0.3,0.27810290455818176,1.81348007001692e-16,0.0026691074017435312
6.095833333333333,0.3,0.27806559205055237,1.807819904695791e-16,0.0026687723584473133
6.1,0.3,0.278028666973114,1.800924394760651e-16,0.002668437547981739
6.104166666666667,0.3,0.2779921591281891,1.7927083075211823e-16,0.002668102504685521
6.108333333333333,0.3,0.2779560685157776,1.7832224649542202e-16,0.002667767461389303
6.1125,0.3,0.27792036533355713,1.7726053040070816e-16,0.0026674324180930853
6.116666666666666,0.3,0.2778850793838501,1.7611804177353972e-16,0.0026670971419662237
6.120833333333334,0.3,0.2778501808643341,1.7489601145866818e-16,0.002666761865839362
6.125,0.3,0.27781566977500916,1.7365039657017152e-16,0.0026664265897125006
6.129166666666666,0.3,0.27778157591819763,1.7244477751865304e-16,0.0026660910807549953
6.133333333333333,0.3,0.27774786949157715,1.7128894812256534e-16,0.00266575557179749
6.1375,0.3,0.2777145802974701,1.7022829081903554e-16,0.002665420062839985
6.141666666666667,0.3,0.2776816785335541,1.69290095950833e-16,0.0026650845538824797
6.145833333333333,0.3,0.2776491641998291,1.6849724664242337e-16,0.0026647490449249744
6.15,0.3,0.27761703729629517,1.6785861026997323e-16,0.0026644133031368256
6.154166666666667,0.3,0.27758529782295227,1.6738294833053074e-16,0.0026640775613486767
6.158333333333333,0.3,0.2775539755821228,1.670608640523373e-16,0.002663741819560528
6.1625,0.3,0.277523010969162,1.6685950843890718e-16,0.0026634058449417353
6.166666666666667,0.3,0.2774924635887146,1.6674146645677342e-16,0.0026630701031535864
6.170833333333333,0.3,0.27746227383613586,1.6666502173328372e-16,0.0026627343613654375
6.175,0.3,0.27743250131607056,1.6658432861016794e-16,0.002662398386746645
6.179166666666666,0.3,0.2774030864238739,1.664761069162664e-16,0.0026620624121278524
6.183333333333334,0.3,0.2773740887641907,1.663121928060829e-16,0.00266172643750906
6.1875,0.3,0.2773454487323761,1.660471906076005e-16,0.0026613904628902674
6.191666666666666,0.3,0.27731719613075256,1.6564833073367234e-16,0.002661054488271475
6.195833333333333,0.3,0.27728933095932007,1.6507475707948317e-16,0.0026607185136526823
6.2,0.3,0.2772618234157562,1.643076231619566e-16,0.002660382306203246
6.204166666666667,0.3,0.2772347033023834,1.6335125679005748e-16,0.0026600463315844536
6.208333333333333,0.3,0.27720797061920166,1.6216545036857086e-16,0.002659710356965661
6.2125,0.3,0.27718162536621094,1.6074580991408286e-16,0.002659374149516225
6.216666666666667,0.3,0.27715563774108887,1.5911979782293022e-16,0.0026590381748974323
6.220833333333333,0.3,0.27713000774383545,1.5731122366186468e-16,0.002658701967447996
6.225,0.3,0.27710476517677307,1.553476954110108e-16,0.0026583659928292036
6.229166666666667,0.3,0.27707991003990173,1.5325708574828918e-16,0.0026580297853797674
6.233333333333333,0.3,0.27705541253089905,1.510812169254705e-16,0.002657693810760975
6.2375,0.3,0.277031272649765,1.488850193119177e-16,0.0026573576033115387
6.241666666666666,0.3,0.277007520198822,1.4673802901864447e-16,0.002657021628692746
6.245833333333334,0.3,0.2769841253757477,1.4470530876391175e-16,0.0026566856540739536
6.25,0.3,0.276961088180542,1.42846772893848e-16,0.002656349679455161
6.254166666666666,0.3,0.27693843841552734,1.4120845235518058e-16,0.002656013472005725
6.258333333333333,0.3,0.27691611647605896,1.397955219898216e-16,0.0026556774973869324
6.2625,0.3,0.2768941819667816,1.3864792469519004e-16,0.00265534152276814
6.266666666666667,0.3,0.2768726050853729,1.377614782461088e-16,0.0026550055481493473
6.270833333333333,0.3,0.2768513858318329,1.3712245806185444e-16,0.0026546698063611984
6.275,0.3,0.2768305242061615,1.367209512099661e-16,0.002654333831742406
6.279166666666667,0.3,0.27681002020835876,1.3653267166765924e-16,0.0026539978571236134
6.283333333333333,0.3,0.2767898738384247,1.3650270787715011e-16,0.0026536621153354645
6.2875,0.3,0.27677008509635925,1.3658866848640662e-16,0.0026533263735473156
6.291666666666667,0.3,0.2767506539821625,1.3673075826330853e-16,0.0026529906317591667
6.295833333333333,0.3,0.27673158049583435,1.3685544416012233e-16,0.002652654889971018
6.3,0.3,0.2767128348350525,1.368938915149938e-16,0.002652319148182869
6.304166666666666,0.3,0.2766944468021393,1.3679539746509588e-16,0.0026519836392253637
6.308333333333334,0.3,0.2766764163970947,1.365276159397553e-16,0.0026516481302678585
6.3125,0.3,0.27665871381759644,1.3607219014681832e-16,0.0026513126213103533
6.316666666666666,0.3,0.2766413688659668,1.3540631637115803e-16,0.002650977112352848
6.320833333333333,0.3,0.2766243815422058,1.3453936491475345e-16,0.0026506418362259865
6.325,0.3,0.2766077220439911,1.334669020895213e-16,0.0026503063272684813
6.329166666666667,0.3,0.276591420173645,1.322033274555649e-16,0.0026499710511416197
6.333333333333333,0.3,0.2765754461288452,1.3079407638957055e-16,0.0026496360078454018
6.3375,0.3,0.27655982971191406,1.2924956474981154e-16,0.00264930073171854
6.341666666666667,0.3,0.2765445411205292,1.2758368917057875e-16,0.0026489656884223223
6.345833333333333,0.3,0.27652958035469055,1.258328853034939e-16,0.0026486306451261044
6.35,0.3,0.2765149772167206,1.240075425370507e-16,0.00264829583466053
6.354166666666667,0.3,0.2765006721019745,1.2214011282104078e-16,0.002647960791364312
6.358333333333333,0.3,0.27648672461509705,1.2025377044750545e-16,0.0026476262137293816
6.3625,0.3,0.27647313475608826,1.183842231491274e-16,0.0026472914032638073
6.366666666666666,0.3,0.27645984292030334,1.1655046299277085e-16,0.0026469568256288767
6.370833333333334,0.3,0.2764468789100647,1.1481126612404135e-16,0.002646622247993946
6.375,0.3,0.2764342725276947,1.1319392288570827e-16,0.002646287903189659
6.379166666666666,0.3,0.2764219641685486,1.1171211815382568e-16,0.002645953558385372
6.383333333333333,0.3,0.2764100134372711,1.1038363300284101e-16,0.002645619213581085
6.3875,0.3,0.27639836072921753,1.0919433918789187e-16,0.002645285101607442
6.391666666666667,0.3,0.2763870358467102,1.0814379995761482e-16,0.0026449509896337986
6.395833333333333,0.3,0.27637603878974915,1.0720991966348736e-16,0.002644617110490799
6.4,0.3,0.27636536955833435,1.0637377241309425e-16,0.0026442832313477993
6.404166666666667,0.3,0.2763550281524658,1.0561258757853316e-16,0.0026439495850354433
6.408333333333333,0.3,0.27634498476982117,1.0490340262599959e-16,0.0026436157058924437
6.4125,0.3,0.2763352692127228,1.0420088805792566e-16,0.0026432822924107313
6.416666666666667,0.3,0.27632585167884827,1.0347730354528877e-16,0.002642948878929019
6.420833333333333,0.3,0.2763167917728424,1.0270011111151355e-16,0.0026426154654473066
6.425,0.3,0.27630800008773804,1.0183245820594953e-16,0.002642282284796238
6.429166666666666,0.3,0.27629953622817993,1.0085214991840068e-16,0.002641949336975813
6.433333333333334,0.3,0.2762914001941681,9.974553446003744e-17,0.002641616389155388
6.4375,0.3,0.2762835621833801,9.850500838666921e-17,0.002641283441334963
6.441666666666666,0.3,0.27627602219581604,9.716676912190132e-17,0.0026409507263451815
6.445833333333333,0.3,0.2762688100337982,9.57311938600931e-17,0.0026406182441860437
6.45,0.3,0.2762618958950043,9.421714893665563e-17,0.002640285762026906
6.454166666666667,0.3,0.2762552797794342,9.266995061426705e-17,0.0026399532798677683
6.458333333333333,0.3,0.2762489914894104,9.111684953102728e-17,0.002639621263369918
6.4624999999999995,0.3,0.2762430012226105,8.956270950893815e-17,0.0026392892468720675
6.466666666666667,0.3,0.27623727917671204,8.803036735035102e-17,0.002638957230374217
6.470833333333333,0.3,0.27623188495635986,8.654236207259673e-17,0.0026386254467070103
6.475,0.3,0.27622678875923157,8.50942401352573e-17,0.002638293895870447
6.479166666666667,0.3,0.27622199058532715,8.368590227665921e-17,0.002637962345033884
6.483333333333333,0.3,0.2762174606323242,8.232165645343266e-17,0.0026376310270279646
6.4875,0.3,0.27621325850486755,8.102353875709604e-17,0.002637299709022045
6.491666666666666,0.3,0.2762093245983124,7.980530023815244e-17,0.0026369686238467693
6.495833333333334,0.3,0.27620571851730347,7.868016916895781e-17,0.002636637771502137
