t,u,y,cross1,cross2
0.0,0.0,0.0,0.0,-0.04072115570306778
0.004166666666666667,0.0,0.0,0.0,-0.0807088166475296
0.008333333333333333,0.0,0.0,0.0,-0.11952421814203262
0.0125,0.0,0.0,0.0,-0.15681280195713043
0.016666666666666666,0.0,0.0,0.0,-0.19229675829410553
0.020833333333333332,0.0,0.0,0.0,-0.2257671058177948
0.025,0.0,0.0,0.0,-0.25707584619522095
0.029166666666666667,0.0,0.0,0.0,-0.28612813353538513
0.03333333333333333,0.0,0.0,0.0,-0.3128749132156372
0.0375,0.0,0.0,0.0,-0.3373059332370758
0.041666666666666664,0.0,0.0,0.0,-0.35944312810897827
0.04583333333333333,0.0,0.0,0.0,-0.3793348968029022
0.05,0.0,0.0,0.0,-0.3970506191253662
0.05416666666666667,0.0,0.0,0.0,-0.41267597675323486
0.058333333333333334,0.0,0.0,0.0,-0.42630884051322937
0.0625,0.0,0.0,0.0,-0.4380556046962738
0.06666666666666667,0.0,0.0,0.0,-0.44802817702293396
0.07083333333333333,0.0,0.0,0.0,-0.45634129643440247
0.075,0.0,0.0,0.0,-0.4631105363368988
0.07916666666666666,0.0,0.0,0.0,-0.4684503674507141
0.08333333333333333,0.0,0.0,0.0,-0.4724729359149933
0.0875,0.0,0.0,0.0,-0.4752868413925171
0.09166666666666666,0.0,0.0,0.0,-0.47699642181396484
0.09583333333333333,0.0,0.0,0.0,-0.47770100831985474
0.1,0.0,0.0,0.0,-0.4774947762489319
0.10416666666666667,0.0,0.0,0.0,-0.47646620869636536
0.10833333333333334,0.0,0.0,0.0,-0.4746982157230377
0.1125,0.0,0.0,0.0,-0.47226810455322266
0.11666666666666667,0.0,0.0,0.0,-0.4692475199699402
0.12083333333333333,0.0,0.0,0.0,-0.46570271253585815
0.125,0.0,0.0,0.0,-0.46169477701187134
0.12916666666666665,0.0,0.0,0.0,-0.4572798013687134
0.13333333333333333,0.0,0.0,0.0,-0.4525090754032135
0.1375,0.0,0.0,0.0,-0.4474295675754547
0.14166666666666666,0.0,0.0,0.0,-0.4420839548110962
0.14583333333333334,0.0,0.0,0.0,-0.4365110993385315
0.15,0.0,0.0,0.0,-0.4307461977005005
0.15416666666666667,0.0,0.0,0.0,-0.4248211085796356
0.15833333333333333,0.0,0.0,0.0,-0.418764591217041
0.1625,0.0,0.0,0.0,-0.41260260343551636
0.16666666666666666,0.0,0.0,0.0,-0.4063584506511688
0.17083333333333334,0.0,0.0,0.0,-0.4000530540943146
0.175,0.0,0.0,0.0,-0.3937051296234131
0.17916666666666667,0.0,0.0,0.0,-0.38733145594596863
0.18333333333333332,0.0,0.0,0.0,-0.3809469938278198
0.1875,0.0,0.0,0.0,-0.3745650053024292
0.19166666666666665,0.0,0.0,0.0,-0.3681972920894623
0.19583333333333333,0.0,0.0,0.0,-0.36185431480407715
0.2,0.0,0.0,0.0,-0.3555452525615692
0.20416666666666666,0.0,0.0,0.0,-0.3492782413959503
0.20833333333333334,0.0,0.0,0.0,-0.3430604040622711
0.2125,0.0,0.0,0.0,-0.33689790964126587
0.21666666666666667,0.0,0.0,0.0,-0.33079615235328674
0.22083333333333333,0.0,0.0,0.0,-0.3247598111629486
0.225,0.0,0.0,0.0,-0.31879284977912903
0.22916666666666666,0.0,0.0,0.0,-0.312898725271225
0.23333333333333334,0.0,0.0,0.0,-0.30708029866218567
0.2375,0.0,0.0,0.0,-0.30133992433547974
0.24166666666666667,0.0,0.0,0.0,-0.29567965865135193
0.24583333333333332,0.0,0.0,0.0,-0.290101021528244
0.25,0.0,0.0,0.0,-0.28460532426834106
0.25416666666666665,0.0,0.0,0.0,-0.2791934907436371
0.2583333333333333,0.0,0.0,0.0,-0.2738661766052246
0.2625,0.0,0.0,0.0,-0.26862385869026184
0.26666666666666666,0.0,0.0,0.0,-0.2634667456150055
0.2708333333333333,0.0,0.0,0.0,-0.25839489698410034
0.275,0.0,0.0,0.0,-0.25340813398361206
0.2791666666666667,0.0,0.0,0.0,-0.24850623309612274
0.2833333333333333,0.0,0.0,0.0,-0.24368873238563538
0.2875,0.0,0.0,0.0,-0.23895512521266937
0.2916666666666667,0.0,0.0,0.0,-0.23430480062961578
0.29583333333333334,0.0,0.0,0.0,-0.2297370284795761
0.3,0.0,0.0,0.0,-0.22525103390216827
0.30416666666666664,0.0,0.0,0.0,-0.22084593772888184
0.30833333333333335,0.0,0.0,0.0,-0.21652086079120636
0.3125,0.0,0.0,0.0,-0.21227481961250305
0.31666666666666665,0.0,0.0,0.0,-0.20810683071613312
0.3208333333333333,0.0,0.0,0.0,-0.2040158361196518
0.325,0.0,0.0,0.0,-0.2000008076429367
0.32916666666666666,0.0,0.0,0.0,-0.1960606426000595
0.3333333333333333,0.0,0.0,0.0,-0.19219423830509186
0.3375,0.0,0.0,0.0,-0.1884004920721054
0.3416666666666667,0.0,0.0,0.0,-0.18467824161052704
0.3458333333333333,0.0,0.0,0.0,-0.1810263991355896
0.35,0.0,0.0,0.0,-0.17744380235671997
0.3541666666666667,0.0,0.0,0.0,-0.17392930388450623
0.35833333333333334,0.0,0.0,0.0,-0.17048180103302002
0.3625,0.0,0.0,0.0,-0.16710011661052704
0.36666666666666664,0.0,0.0,0.0,-0.16378316283226013
0.37083333333333335,0.0,0.0,0.0,-0.16052977740764618
0.375,0.0,0.0,0.0,-0.15733888745307922
0.37916666666666665,0.0,0.0,0.0,-0.15420936048030853
0.3833333333333333,0.0,0.0,0.0,-0.15114009380340576
0.3875,0.0,0.0,0.0,-0.14813002943992615
0.39166666666666666,0.0,0.0,0.0,-0.14517807960510254
0.3958333333333333,0.0,0.0,0.0,-0.14228320121765137
0.4,0.0,0.0,0.0,-0.13944432139396667
0.4041666666666667,0.0,0.0,0.0,-0.13666042685508728
0.4083333333333333,0.0,0.0,0.0,-0.1339304894208908
0.4125,0.0,0.0,0.0,-0.13125351071357727
0.4166666666666667,0.0,0.0,0.0,-0.12862850725650787
0.42083333333333334,0.0,0.0,0.0,-0.12605449557304382
0.425,0.0,0.0,0.0,-0.12353051453828812
0.42916666666666664,0.0,0.0,0.0,-0.12105562537908554
0.43333333333333335,0.0,0.0,0.0,-0.11862889677286148
0.4375,0.0,0.0,0.0,-0.11624941974878311
0.44166666666666665,0.0,0.0,0.0,-0.11391628533601761
0.4458333333333333,0.0,0.0,0.0,-0.11162861436605453
0.45,0.0,0.0,0.0,-0.10938553512096405
0.45416666666666666,0.0,0.0,0.0,-0.1071861982345581
0.4583333333333333,0.0,0.0,0.0,-0.10502976179122925
0.46249999999999997,0.0,0.0,0.0,-0.10291540622711182
0.4666666666666667,0.0,0.0,0.0,-0.10084231942892075
0.4708333333333333,0.0,0.0,0.0,-0.09880970418453217
0.475,0.0,0.0,0.0,-0.096816785633564
0.4791666666666667,0.0,0.0,0.0,-0.09486278891563416
0.48333333333333334,0.0,0.0,0.0,-0.09294696897268295
0.4875,0.0,0.0,0.0,-0.0910685807466507
0.49166666666666664,0.0,0.0,0.0,-0.08922690153121948
0.49583333333333335,0.0,0.0,0.0,-0.0874212235212326
0.5,0.15,0.0,0.0,-0.08592665195465088
0.5041666666666667,0.15,1.7011894669849426e-05,-2.6954043463434084e-25,-0.08498095721006393
0.5083333333333333,0.15,5.000815508537926e-05,-1.4578495641206464e-24,-0.0839809849858284
0.5125,0.15,9.722218237584457e-05,-2.271016161300036e-24,-0.08293233811855316
0.5166666666666666,0.15,0.00015643743972759694,-5.150637722117177e-24,-0.08184175938367844
0.5208333333333334,0.15,0.00022513212752528489,-9.718668533570618e-24,-0.08071558177471161
0.525,0.15,0.00030063276062719524,-1.6144035269904386e-23,-0.0795598030090332
0.5291666666666667,0.15,0.00038026869879104197,4.722213366145413e-21,-0.07838012278079987
0.5333333333333333,0.15,0.0004615192592609674,2.8419964524541485e-20,-0.0771818533539772
0.5375,0.15,0.0005421445821411908,8.527063076571631e-20,-0.07596985995769501
0.5416666666666666,0.15,0.0006202947115525603,1.6576864911685185e-19,-0.07474847137928009
0.5458333333333333,0.15,0.0006945905624888837,2.5562577019697595e-19,-0.07352139055728912
0.55,0.15,0.0007641746778972447,3.453357565256422e-19,-0.07229173183441162
0.5541666666666667,0.15,0.000828729709610343,4.349194685639234e-19,-0.07106201350688934
0.5583333333333333,0.15,0.0008884657290764153,5.101380001930907e-19,-0.06983429938554764
0.5625,0.15,0.0009440790163353086,5.567777518512806e-19,-0.06861025094985962
0.5666666666666667,0.15,0.0009966858197003603,5.74927180165248e-19,-0.06739133596420288
0.5708333333333333,0.15,0.0010477359173819423,5.503772867652867e-19,-0.06617886573076248
0.575,0.15,0.0010989129077643156,4.832368459019474e-19,-0.06497412919998169
0.5791666666666666,0.15,0.0011520260013639927,3.7360369753205864e-19,-0.06377840787172318
0.5833333333333334,0.15,0.0012089008232578635,2.2157836994943978e-19,-0.06259298324584961
0.5875,0.15,0.001271274988539517,5.565256297855138e-20,-0.06141909211874008
0.5916666666666667,0.15,0.001340704271569848,-1.051956604256656e-19,-0.060257893055677414
0.5958333333333333,0.15,0.0014184832107275724,-2.3250291845003347e-19,-0.059110376983881
0.6,0.15,0.0015055853873491287,-3.0274895722441482e-19,-0.057977352291345596
0.6041666666666666,0.15,0.0016026244265958667,-2.9713061725698395e-19,-0.05685940757393837
0.6083333333333333,0.15,0.001709837350063026,-2.1581744472392007e-19,-0.05575691536068916
0.6125,0.15,0.001827089348807931,-8.732143768643401e-20,-0.05467008426785469
0.6166666666666667,0.15,0.00195389986038208,5.985020731922536e-20,-0.053598981350660324
0.6208333333333333,0.15,0.002089485991746187,2.0668895090242335e-19,-0.052543625235557556
0.625,0.15,0.002232820261269808,3.2008084674984427e-19,-0.05150400474667549
0.6291666666666667,0.15,0.002382699167355895,3.8600179074573312e-19,-0.05048013851046562
0.6333333333333333,0.15,0.0025378186255693436,4.1385924337317014e-19,-0.04947208985686302
0.6375,0.15,0.00269684917293489,4.036820008572298e-19,-0.048479966819286346
0.6416666666666666,0.15,0.0028585109394043684,3.4631904162942045e-19,-0.04750389605760574
0.6458333333333334,0.15,0.003021640470251441,2.417533567883964e-19,-0.04654400423169136
0.65,0.15,0.003185247303918004,8.050216717889538e-20,-0.04560038074851036
0.6541666666666667,0.15,0.0033485598396509886,-1.371245089527857e-19,-0.044673047959804535
0.6583333333333333,0.15,0.003511053277179599,-3.969691975418147e-19,-0.043761953711509705
0.6625,0.15,0.0036724666133522987,-6.894760819697804e-19,-0.042866967618465424
0.6666666666666666,0.15,0.0038327991496771574,-1.0002159399535813e-18,-0.04198789224028587
0.6708333333333333,0.15,0.003992297686636448,-1.3153310146911166e-18,-0.04112447798252106
0.675,0.15,0.004151425324380398,-1.620267115003304e-18,-0.04027646407485008
0.6791666666666667,0.15,0.004310825373977423,-1.9009162619527455e-18,-0.039443597197532654
0.6833333333333333,0.15,0.004471273627132177,-2.1480554951070512e-18,-0.03862564265727997
0.6875,0.15,0.004633625969290733,-2.3569159114397e-18,-0.037822406738996506
0.6916666666666667,0.15,0.004798765294253826,-2.5275754727234247e-18,-0.037033725529909134
0.6958333333333333,0.15,0.004967551212757826,-2.6552493527049126e-18,-0.03625946864485741
0.7,0.15,0.005140770226716995,-2.7451154952235923e-18,-0.035499513149261475
0.7041666666666666,0.15,0.005319095682352781,-2.792149605238817e-18,-0.03475372493267059
0.7083333333333334,0.15,0.0055030533112585545,-2.8012967752475814e-18,-0.03402195870876312
0.7125,0.15,0.005693001672625542,-2.7582724232517076e-18,-0.03330402821302414
0.7166666666666667,0.15,0.005889116786420345,-2.6635145413855424e-18,-0.03259972855448723
0.7208333333333333,0.15,0.006091392133384943,-2.5313025417684355e-18,-0.03190881013870239
0.725,0.15,0.006299646571278572,-2.3662994483085015e-18,-0.03123101405799389
0.7291666666666666,0.15,0.006513543892651796,-2.1826223389298766e-18,-0.030566072091460228
0.7333333333333333,0.15,0.006732616573572159,-1.994575027579981e-18,-0.029913723468780518
0.7375,0.15,0.006956298369914293,-1.8021653724746337e-18,-0.02927371859550476
0.7416666666666667,0.15,0.007183960638940334,-1.6055175541032945e-18,-0.0286458320915699
0.7458333333333333,0.15,0.007414946798235178,-1.4046561810891867e-18,-0.02802986092865467
0.75,0.15,0.007648611441254616,-1.1950430303991147e-18,-0.027425620704889297
0.7541666666666667,0.15,0.007884354330599308,-9.724393183816272e-19,-0.026832938194274902
0.7583333333333333,0.15,0.00812164880335331,-7.134127243431102e-19,-0.026251640170812607
0.7625,0.15,0.008360065519809723,-3.9952487544187387e-19,-0.025681553408503532
0.7666666666666666,0.15,0.008599293418228626,-1.1986927903685945e-20,-0.025122491642832756
0.7708333333333334,0.15,0.008839144371449947,4.632978640315098e-19,-0.02457425929605961
0.775,0.15,0.009079561568796635,1.0353038041647385e-18,-0.024036645889282227
0.7791666666666667,0.15,0.009320608340203762,1.7181086227954904e-18,-0.023509442806243896
0.7833333333333333,0.15,0.009562463499605656,2.5112988330150656e-18,-0.02299242839217186
0.7875,0.15,0.009805398993194103,3.4147574921643645e-18,-0.0224853977560997
0.7916666666666666,0.15,0.010049761272966862,4.428726240379829e-18,-0.021988147869706154
0.7958333333333333,0.15,0.010295944288372993,5.538645871699913e-18,-0.021500492468476295
0.8,0.15,0.01054436806589365,6.735656040993256e-18,-0.021022258326411247
0.8041666666666667,0.15,0.01079544983804226,8.000969822187552e-18,-0.020553281530737877
0.8083333333333333,0.15,0.01104957889765501,9.306321212980946e-18,-0.020093409344553947
0.8125,0.15,0.011307097971439362,1.0628359318271372e-17,-0.019642487168312073
0.8166666666666667,0.15,0.011568284593522549,1.1939113852825963e-17,-0.019200367853045464
0.8208333333333333,0.15,0.011833337135612965,1.3214964674253265e-17,-0.018766893073916435
0.825,0.15,0.012102365493774414,1.4441627200555103e-17,-0.018341904506087303
0.8291666666666666,0.15,0.012375393882393837,1.5619024503934506e-17,-0.017925236374139786
0.8333333333333334,0.15,0.01265235710889101,1.6746417084923855e-17,-0.017516719177365303
0.8375,0.15,0.01293310895562172,1.7842466138142344e-17,-0.017116187140345573
0.8416666666666667,0.15,0.013217436149716377,1.8935353707059655e-17,-0.016723470762372017
0.8458333333333333,0.15,0.013505070470273495,2.004345147308059e-17,-0.0163384098559618
0.85,0.15,0.013795705512166023,2.118526512086919e-17,-0.015960853546857834
0.8541666666666666,0.15,0.014089013449847698,2.238391269418508e-17,-0.015590650960803032
0.8583333333333333,0.15,0.014384668320417404,2.3668075853587928e-17,-0.015227667056024075
0.8624999999999999,0.15,0.014682354405522346,2.50508918815663e-17,-0.014871766790747643
0.8666666666666667,0.15,0.014981790445744991,2.6518356610349675e-17,-0.014522821642458439
0.8708333333333333,0.15,0.015282738022506237,2.805675538538192e-17,-0.014180703088641167
0.875,0.15,0.01558501087129116,2.9656671582569736e-17,-0.013845285400748253
0.8791666666666667,0.15,0.015888486057519913,3.129030035280276e-17,-0.013516438193619251
0.8833333333333333,0.15,0.016193097457289696,3.2929160213229574e-17,-0.013194035738706589
0.8875,0.15,0.016498848795890808,3.454685086741993e-17,-0.01287794765084982
0.8916666666666666,0.15,0.01680579222738743,3.612052227813266e-17,-0.012568047270178795
0.8958333333333334,0.15,0.01711403578519821,3.762672222064067e-17,-0.012264209799468517
0.9,0.15,0.017423726618289948,3.907060237579893e-17,-0.011966313235461712
0.9041666666666667,0.15,0.017735041677951813,4.045735082040938e-17,-0.011674243025481701
0.9083333333333333,0.15,0.01804817095398903,4.177705462201118e-17,-0.011387885548174381
0.9125,0.15,0.018363313749432564,4.3017077769566975e-17,-0.011107134632766247
0.9166666666666666,0.15,0.01868065632879734,4.4176526908015204e-17,-0.010831886902451515
0.9208333333333333,0.15,0.019000370055437088,4.525557078220083e-17,-0.010562040843069553
0.9249999999999999,0.15,0.01932259276509285,4.62674972214839e-17,-0.010297496803104877
0.9291666666666667,0.15,0.01964743062853813,4.7212425339872625e-17,-0.010038155131042004
0.9333333333333333,0.15,0.01997494511306286,4.8099391258378535e-17,-0.009783918038010597
0.9375,0.15,0.020305154845118523,4.8957018734918414e-17,-0.009534684009850025
0.9416666666666667,0.15,0.020638039335608482,4.980862102787646e-17,-0.009290356189012527
0.9458333333333333,0.15,0.020973529666662216,5.067255162068399e-17,-0.009050833992660046
0.95,0.15,0.021311528980731964,5.154899580179823e-17,-0.00881602056324482
0.9541666666666666,0.15,0.02165190503001213,5.2466190208609275e-17,-0.008585819974541664
0.9583333333333334,0.15,0.02199450507760048,5.343701569761581e-17,-0.008360140025615692
0.9625,0.15,0.022339163348078728,5.446604492324403e-17,-0.008138890378177166
0.9666666666666667,0.15,0.022685712203383446,5.55435303891556e-17,-0.007921983487904072
0.9708333333333333,0.15,0.023033984005451202,5.665541333365958e-17,-0.0077093360014259815
0.975,0.15,0.02338382415473461,5.778767800845687e-17,-0.007500865496695042
0.9791666666666666,0.15,0.02373509854078293,5.892564030331342e-17,-0.007296491414308548
0.9833333333333333,0.15,0.02408769726753235,6.004596049006544e-17,-0.007096134126186371
0.9874999999999999,0.15,0.024441536515951157,6.113621100718993e-17,-0.0068997167982161045
0.9916666666666667,0.15,0.024796567857265472,6.219035012749281e-17,-0.006707160733640194
0.9958333333333333,0.15,0.025152767077088356,6.318558075329211e-17,-0.00651839142665267
1.0,0.15,0.025510145351290703,6.410373138089127e-17,-0.006333332974463701
1.0041666666666667,0.15,0.02586873434484005,6.493954114159445e-17,-0.006151912268251181
1.0083333333333333,0.15,0.026228589937090874,6.567963617925789e-17,-0.005974057130515575
1.0125,0.15,0.026589786633849144,6.6311430113681e-17,-0.005799699109047651
1.0166666666666666,0.15,0.026952406391501427,6.683511485076587e-17,-0.005628769751638174
1.0208333333333333,0.15,0.027316538617014885,6.725139845711685e-17,-0.005461202934384346
1.025,0.15,0.027682268992066383,6.75608897376648e-17,-0.005296935327351093
1.0291666666666666,0.15,0.02804967574775219,6.776926646013425e-17,-0.005135904531925917
1.0333333333333332,0.15,0.028418825939297676,6.78995043932195e-17,-0.004978048149496317
1.0375,0.15,0.028789769858121872,6.79758829422602e-17,-0.004823306109756231
1.0416666666666667,0.15,0.029162539169192314,6.802469321584573e-17,-0.0046716188080608845
1.0458333333333334,0.15,0.02953714318573475,6.805524595895099e-17,-0.004522926174104214
1.05,0.15,0.02991357073187828,6.80773217551388e-17,-0.004377169068902731
1.0541666666666667,0.15,0.030291788280010223,6.81053333994023e-17,-0.004234290216118097
1.0583333333333333,0.15,0.030671749264001846,6.815140405079905e-17,-0.004094230942428112
1.0625,0.15,0.03105338290333748,6.821595722580269e-17,-0.0039569358341395855
1.0666666666666667,0.15,0.03143661096692085,6.829895983718871e-17,-0.0038223490118980408
1.0708333333333333,0.15,0.0318213514983654,6.840037218028771e-17,-0.00369041645899415
1.075,0.15,0.03220750764012337,6.852067071113252e-17,-0.0035610857885330915
1.0791666666666666,0.15,0.032594989985227585,6.865931941668621e-17,-0.0034343053121119738
1.0833333333333333,0.15,0.03298371285200119,6.881574257924244e-17,-0.003310025203973055
1.0875,0.15,0.033373598009347916,6.899044312461364e-17,-0.0031881958711892366
1.0916666666666666,0.15,0.03376457840204239,6.918391074372244e-17,-0.0030687698163092136
1.0958333333333332,0.15,0.03415660187602043,6.939555648397271e-17,-0.0029516995418816805
1.1,0.15,0.03454962745308876,6.962538034536444e-17,-0.0028369391802698374
1.1041666666666667,0.15,0.034943629056215286,6.987332938833844e-17,-0.0027244428638368845
1.1083333333333334,0.15,0.03533859923481941,7.013991977359693e-17,-0.0026141665875911713
1.1125,0.15,0.03573454171419144,7.04233714084617e-17,-0.0025060665793716908
1.1166666666666667,0.15,0.036131471395492554,7.073201565606238e-17,-0.0024000999983400106
1.1208333333333333,0.15,0.03652941435575485,7.104243999634128e-17,-0.002296225633472204
1.125,0.15,0.03692840412259102,7.134597557647884e-17,-0.002194402739405632
1.1291666666666667,0.15,0.03732847049832344,7.162856694350656e-17,-0.002094591734930873
1.1333333333333333,0.15,0.0377296544611454,7.188443706802636e-17,-0.0019967537373304367
1.1375,0.15,0.03813198208808899,7.210721996804404e-17,-0.0019008509116247296
1.1416666666666666,0.15,0.03853548690676689,7.229694873078411e-17,-0.001806846004910767
1.1458333333333333,0.15,0.0389401912689209,7.245372261792006e-17,-0.0017147024627774954
1.15,0.15,0.03934609889984131,7.2577601186456e-17,-0.0016243841964751482
1.1541666666666666,0.15,0.03975321725010872,7.266863737595113e-17,-0.0015358555829152465
1.1583333333333332,0.15,0.04016153886914253,7.272691059574427e-17,-0.0014490813482552767
1.1625,0.15,0.04057104140520096,7.275311567754995e-17,-0.0013640271499752998
1.1666666666666667,0.15,0.04098169505596161,7.274669013855164e-17,-0.0012806587619706988
1.1708333333333334,0.15,0.0413934662938118,7.27070648784879e-17,-0.0011989425402134657
1.175,0.15,0.041806310415267944,7.263426636713833e-17,-0.001118845771998167
1.1791666666666667,0.15,0.04222017899155617,7.252967765048713e-17,-0.0010403359774500132
1.1833333333333333,0.15,0.04263501986861229,7.23920414140032e-17,-0.0009633816662244499
1.1875,0.15,0.04305078089237213,7.222140397980086e-17,-0.0008879518718458712
1.1916666666666667,0.15,0.04346741363406181,7.201779181765971e-17,-0.000814016442745924
1.1958333333333333,0.15,0.043884869664907455,7.178197916863309e-17,-0.0007415458094328642
1.2,0.15,0.04430310055613518,7.151329105334117e-17,-0.0006705109844915569
1.2041666666666666,0.15,0.04472208023071289,7.121320316199673e-17,-0.0006008836789987981
1.2083333333333333,0.15,0.04514177143573761,7.088180152138349e-17,-0.0005326361279003322
1.2125,0.15,0.04556215554475784,7.051845085679099e-17,-0.00046574126463383436
1.2166666666666666,0.15,0.045983217656612396,7.012247618883941e-17,-0.0004001724300906062
1.2208333333333332,0.15,0.04640495032072067,6.969467161091678e-17,-0.0003359036927577108
1.225,0.15,0.04682735353708267,6.923509006258232e-17,-0.00027290955767966807
1.2291666666666667,0.15,0.047250427305698395,6.874380433572993e-17,-0.00021116517018526793
1.2333333333333334,0.15,0.04767417907714844,6.822292539528283e-17,-0.000150646228576079
1.2375,0.15,0.048098623752593994,6.76858204799399e-17,-9.132895502261817e-05
1.2416666666666667,0.15,0.04852376505732536,6.713782986773577e-17,-3.3190033718710765e-05
1.2458333333333333,0.15,0.04894961789250374,6.659143405975265e-17,2.379334364377428e-05
1.25,0.15,0.04937618970870972,6.605520926458147e-17,7.964357064338401e-05
1.2541666666666667,0.15,0.0498034842312336,6.553084293067185e-17,0.00013438265887089074
1.2583333333333333,0.15,0.05023150518536568,6.501599909997395e-17,0.0001880322233773768
1.2625,0.15,0.05066024512052536,6.450992338376911e-17,0.00024061358999460936
1.2666666666666666,0.15,0.05108969286084175,6.401758548317754e-17,0.00029214771348051727
1.2708333333333333,0.15,0.05151984095573425,6.35239902680549e-17,0.00034265522845089436
1.275,0.15,0.05195067077875137,6.303773379932683e-17,0.0003921564784832299
1.2791666666666666,0.15,0.052382152527570724,6.256184024931282e-17,0.0004406714579090476
1.2833333333333332,0.15,0.052814263850450516,6.209715665096013e-17,0.00048821972450241446
1.2875,0.15,0.05324697494506836,6.164282935387661e-17,0.0005348206032067537
1.2916666666666667,0.15,0.05368025600910187,6.119797162044559e-17,0.0005804929533042014
1.2958333333333334,0.15,0.054114069789648056,6.076498558316593e-17,0.0006252552848309278
1.3,0.15,0.054548390209674835,6.035233495406528e-17,0.0006691257003694773
1.3041666666666667,0.15,0.05498318374156952,5.996381152907157e-17,0.0007121219532564282
1.3083333333333333,0.15,0.05541842430830002,5.959877341602947e-17,0.000754261389374733
1.3125,0.15,0.055854085832834244,5.924311222241127e-17,0.0007955609471537173
1.3166666666666667,0.15,0.056290142238140106,5.889052814067177e-17,0.0008360373321920633
1.3208333333333333,0.15,0.05672658234834671,5.852875242796557e-17,0.0008757066680118442
1.325,0.15,0.057163383811712265,5.81548601736467e-17,0.0009145850199274719
1.3291666666666666,0.15,0.05760054290294647,5.776891755216416e-17,0.0009526878129690886
1.3333333333333333,0.15,0.05803804472088814,5.737003782590129e-17,0.0009900302393361926
1.3375,0.15,0.058475885540246964,5.695665266041669e-17,0.0010266273748129606
1.3416666666666666,0.15,0.05891406536102295,5.651583818581983e-17,0.0010624936548992991
1.3458333333333332,0.15,0.059352580457925797,5.603186473558241e-17,0.001097643282264471
1.35,0.15,0.05979142710566521,5.549262238553664e-17,0.0011320902267470956
1.3541666666666667,0.15,0.06023060902953148,5.489348223297468e-17,0.0011658483417704701
1.3583333333333334,0.15,0.060670122504234314,5.4233855325300394e-17,0.0011989310150966048
1.3625,0.15,0.06110996752977371,5.3499954216063746e-17,0.0012313512852415442
1.3666666666666667,0.15,0.06155013293027878,5.267968883343166e-17,0.001263122190721333
1.3708333333333333,0.15,0.06199061870574951,5.1774217230261715e-17,0.001294256653636694
1.375,0.15,0.06243140995502472,5.0782742004443405e-17,0.0013247668975964189
1.3791666666666667,0.15,0.0628724992275238,4.970443597536418e-17,0.0013546653790399432
1.3833333333333333,0.15,0.06331387162208557,4.854044726971426e-17,0.0013839643215760589
1.3875,0.15,0.06375551223754883,4.7287622674998595e-17,0.0014126754831522703
1.3916666666666666,0.15,0.06419740617275238,4.5962161696333424e-17,0.001440810738131404
1.3958333333333333,0.15,0.06463951617479324,4.456878918937765e-17,0.0014683814952149987
1.4,0.15,0.06508184224367142,4.3109887434295425e-17,0.00149539893027395
1.4041666666666666,0.15,0.06552435457706451,4.160917004488742e-17,0.0015218742191791534
1.4083333333333332,0.15,0.06596703082323074,4.008076526601604e-17,0.0015478181885555387
1.4125,0.15,0.06640984863042831,3.8557750396016053e-17,0.001573241432197392
1.4166666666666667,0.15,0.06685280054807663,3.7083506094932195e-17,0.001598154311068356
1.4208333333333334,0.15,0.0672958493232727,3.568876377688203e-17,0.0016225669533014297
1.425,0.15,0.06773898750543594,3.440566437174693e-17,0.0016464893706142902
1.4291666666666667,0.15,0.06818220019340515,3.324499100599212e-17,0.001669931341893971
1.4333333333333333,0.15,0.06862547248601913,3.220541357319263e-17,0.00169290229678154
1.4375,0.15,0.0690687969326973,3.128776918012835e-17,0.001715411664918065
1.4416666666666667,0.15,0.06951215863227844,3.0491816290060424e-17,0.001737468410283327
1.4458333333333333,0.15,0.06995555013418198,2.981742586281329e-17,0.0017590814968571067
1.45,0.15,0.0703989565372467,2.92645416501053e-17,0.001780259539373219
1.4541666666666666,0.15,0.07084238529205322,2.881823800496354e-17,0.001801011385396123
1.4583333333333333,0.15,0.07128582894802094,2.844501742130206e-17,0.0018213450675830245
1.4625,0.15,0.07172927260398865,2.810992986387928e-17,0.0018412689678370953
1.4666666666666666,0.15,0.07217270880937576,2.7794760815606776e-17,0.0018607911188155413
1.4708333333333332,0.15,0.07261614501476288,2.7471506904027178e-17,0.0018799194367602468
1.475,0.15,0.0730595663189888,2.71228320778626e-17,0.0018986616050824523
1.4791666666666667,0.15,0.07350296527147293,2.6738181512496867e-17,0.0019170253071933985
1.4833333333333334,0.15,0.07394633442163467,2.631645174899283e-17,0.0019350179936736822
1.4875,0.15,0.07438965886831284,2.5856279593701006e-17,0.0019526469986885786
1.4916666666666667,0.15,0.07483293116092682,2.5366808701112553e-17,0.001969919539988041
1.4958333333333333,0.15,0.07527613639831543,2.4863452754761785e-17,0.001986843068152666
1.5,0.15,0.07571926712989807,2.4344901500558417e-17,0.0020034238696098328
1.5041666666666667,0.15,0.07616230100393295,2.3815507562885704e-17,0.002019669394940138
1.5083333333333333,0.15,0.07660522311925888,2.3291892308972287e-17,0.0020355863962322474
1.5125,0.15,0.07704802602529526,2.2771733015658117e-17,0.0020511809270828962
1.5166666666666666,0.15,0.07749069482088089,2.225256303035656e-17,0.002066459972411394
1.5208333333333333,0.15,0.07793319970369339,2.17352905973802e-17,0.0020814298186451197
1.525,0.15,0.07837554067373276,2.1223350170632355e-17,0.0020960962865501642
1.5291666666666666,0.15,0.0788176953792572,2.07178799506359e-17,0.00211046589538455
1.5333333333333332,0.15,0.07925965636968613,2.0218803836774482e-17,0.0021245444659143686
1.5375,0.15,0.07970140874385834,1.9723769327385997e-17,0.0021383375860750675
1.5416666666666667,0.15,0.08014293760061264,1.9222903194679014e-17,0.0021518513094633818
1.5458333333333334,0.15,0.08058423548936844,1.8728535392864246e-17,0.0021650907583534718
1.55,0.15,0.08102529495954514,1.8227755286940968e-17,0.0021780619863420725
1.5541666666666667,0.15,0.08146610110998154,1.771590750442173e-17,0.002190769650042057
1.5583333333333333,0.15,0.08190664649009705,1.7188626186033478e-17,0.0022032195702195168
1.5625,0.15,0.08234693109989166,1.663176488894033e-17,0.0022154166363179684
1.5666666666666667,0.15,0.0827869325876236,1.6040995804177408e-17,0.002227365504950285
1.5708333333333333,0.15,0.08322665840387344,1.5406032113647002e-17,0.002239071764051914
1.575,0.15,0.08366610109806061,1.4723277236045733e-17,0.002250539604574442
1.5791666666666666,0.15,0.0841052383184433,1.3984613220842005e-17,0.0022617741487920284
1.5833333333333333,0.15,0.08454407751560211,1.3192279245953999e-17,0.002272780053317547
1.5875,0.15,0.08498260378837585,1.2317990697516076e-17,0.002283561509102583
1.5916666666666666,0.15,0.08542080968618393,1.136163177024248e-17,0.0022941231727600098
1.5958333333333332,0.15,0.08585868775844574,1.0308218087336812e-17,0.0023044697009027004
1.6,0.15,0.08629623055458069,9.140977734698946e-18,0.002314605051651597
1.6041666666666667,0.15,0.08673341572284698,7.861369031748815e-18,0.0023245334159582853
1.6083333333333334,0.15,0.08717025071382523,6.4765847275028726e-18,0.0023342592176049948
1.6125,0.15,0.08760670572519302,5.0041242414099845e-18,0.002343786647543311
1.6166666666666667,0.15,0.08804278820753098,3.46055744870566e-18,0.002353119431063533
1.6208333333333333,0.15,0.0884784683585167,1.8693460866940467e-18,0.002362261526286602
1.625,0.15,0.08891374617815018,2.4899878687011323e-19,0.002371216891333461
1.6291666666666667,0.15,0.08934861421585083,-1.375980517588964e-18,0.0023799892514944077
1.6333333333333333,0.15,0.08978304266929626,-2.9730564867460017e-18,0.0023885825648903847
1.6375,0.15,0.09021703898906708,-4.533963880221582e-18,0.0023969998583197594
1.6416666666666666,0.15,0.09065058827400208,-6.040372272243952e-18,0.0024052453227341175
1.6458333333333333,0.15,0.09108366817235947,-7.480255490682358e-18,0.0024133222177624702
1.65,0.15,0.09151628613471985,-8.849533053575075e-18,0.0024212338030338287
1.6541666666666666,0.15,0.09194841980934143,-1.0139609727177065e-17,0.002428983338177204
1.6583333333333332,0.15,0.09238006919622421,-1.1338992664057516e-17,0.002436574548482895
1.6624999999999999,0.15,0.092811219394207,-1.245844265680513e-17,0.002444010227918625
1.6666666666666667,0.15,0.0932418704032898,-1.3495182860103567e-17,0.0024512934032827616
1.6708333333333334,0.15,0.0936719998717308,-1.4453338423667628e-17,0.00245842756703496
1.675,0.15,0.09410161525011063,-1.5346964800465816e-17,0.0024654152803122997
1.6791666666666667,0.15,0.09453070163726807,-1.6196067353612724e-17,0.002472259569913149
1.6833333333333333,0.15,0.09495925903320312,-1.7018046654474018e-17,0.0024789636954665184
1.6875,0.15,0.09538726508617401,-1.7808847863686963e-17,0.002485529985278845
1.6916666666666667,0.15,0.09581472724676132,-1.857657735125458e-17,0.0024919614661484957
1.6958333333333333,0.15,0.09624163806438446,-1.9353208956574492e-17,0.002498260699212551
1.7,0.15,0.09666798263788223,-2.0138426696652705e-17,0.0025044307112693787
1.7041666666666666,0.15,0.09709375351667404,-2.094956165968343e-17,0.002510473597794771
1.7083333333333333,0.15,0.09751894325017929,-2.1796020543592617e-17,0.0025163921527564526
1.7125,0.15,0.09794354438781738,-2.2681032661491677e-17,0.0025221891701221466
1.7166666666666666,0.15,0.09836754947900772,-2.361063808621347e-17,0.0025278667453676462
1.7208333333333332,0.15,0.09879095107316971,-2.4586211591936062e-17,0.0025334274396300316
1.7249999999999999,0.15,0.09921373426914215,-2.561681907817303e-17,0.002538873814046383
1.7291666666666667,0.15,0.09963589906692505,-2.6712388366636238e-17,0.002544207964092493
1.7333333333333334,0.15,0.10005743056535721,-2.78684990041322e-17,0.0025494322180747986
1.7375,0.15,0.10047832131385803,-2.9067927435946344e-17,0.002554548904299736
1.7416666666666667,0.15,0.10089855641126633,-3.029626748453044e-17,0.002559560351073742
1.7458333333333333,0.15,0.10131813585758209,-3.155732748942468e-17,0.0025644684210419655
1.75,0.15,0.10173704475164413,-3.283436862375345e-17,0.002569275675341487
1.7541666666666667,0.15,0.10215528309345245,-3.4097513123791323e-17,0.002573983510956168
1.7583333333333333,0.15,0.10257282853126526,-3.5331266242303965e-17,0.002578594721853733
1.7625,0.15,0.10298968851566315,-3.651997441337942e-17,0.0025831107050180435
1.7666666666666666,0.15,0.10340584814548492,-3.76537015434997e-17,0.0025875335559248924
1.7708333333333333,0.15,0.10382129997015,-3.8735296442694435e-17,0.0025918653700500727
1.775,0.15,0.10423603653907776,-3.977555216359622e-17,0.00259610777720809
1.7791666666666666,0.15,0.10465005040168762,-4.0782025828281344e-17,0.002600262640044093
1.7833333333333332,0.15,0.10506334155797958,-4.1761056948964406e-17,0.0026043320540338755
1.7874999999999999,0.15,0.10547589510679245,-4.271685091187963e-17,0.002608317183330655
1.7916666666666667,0.15,0.10588771104812622,-4.366668586566202e-17,0.0026122203562408686
1.7958333333333334,0.15,0.1062987744808197,-4.4614896236721356e-17,0.002616042736917734
1.8,0.15,0.1067090854048729,-4.556739802079862e-17,0.0026197864208370447
1.8041666666666667,0.15,0.1071186363697052,-4.652909805328747e-17,0.0026234525721520185
1.8083333333333333,0.15,0.10752742737531662,-4.753696138140168e-17,0.002627043053507805
1.8125,0.15,0.10793543606996536,-4.862891919931048e-17,0.0026305594947189093
1.8166666666666667,0.15,0.10834266990423203,-4.9822024662522267e-17,0.0026340032927691936
1.8208333333333333,0.15,0.10874911397695541,-5.1126647307196e-17,0.00263737584464252
1.825,0.15,0.10915476828813553,-5.2557282646386065e-17,0.0026406787801533937
1.8291666666666666,0.15,0.10955961793661118,-5.4117332046771274e-17,0.002643913496285677
1.8333333333333333,0.15,0.10996365547180176,-5.580618339469834e-17,0.0026470813900232315
1.8375,0.15,0.11036688834428787,-5.760217779300818e-17,0.002650184091180563
1.8416666666666666,0.15,0.11076929420232773,-5.948515188708919e-17,0.002653222531080246
1.8458333333333332,0.15,0.11117086559534073,-6.142983365486665e-17,0.0026561981067061424
1.8499999999999999,0.15,0.11157160997390747,-6.342425213851571e-17,0.0026591126807034016
1.8541666666666667,0.15,0.11197150498628616,-6.545602609862766e-17,0.0026619667187333107
1.8583333333333334,0.15,0.1123705506324768,-6.748236713647636e-17,0.002664762083441019
1.8625,0.15,0.1127687394618988,-6.948228471683767e-17,0.002667499938979745
1.8666666666666667,0.15,0.11316607147455215,-7.142767455121948e-17,0.002670181216672063
1.8708333333333333,0.15,0.11356252431869507,-7.330131143054599e-17,0.002672807313501835
1.875,0.15,0.11395810544490814,-7.508717452071328e-17,0.0026753791607916355
1.8791666666666667,0.15,0.11435280740261078,-7.678947913412291e-17,0.0026778981555253267
1.8833333333333333,0.15,0.11474662274122238,-7.839829248597934e-17,0.002680365229025483
1.8875,0.15,0.11513954401016235,-7.992262753623696e-17,0.002682781545445323
1.8916666666666666,0.15,0.1155315637588501,-8.137098770159281e-17,0.002685148036107421
1.8958333333333333,0.15,0.11592267453670502,-8.274613245657037e-17,0.002687466097995639
1.9,0.15,0.11631288379430771,-8.405712108323831e-17,0.002689736196771264
1.9041666666666666,0.15,0.11670217663049698,-8.531334373591034e-17,0.0026919597294181585
1.9083333333333332,0.15,0.11709054559469223,-8.653534096355738e-17,0.002694137394428253
1.9124999999999999,0.15,0.11747798323631287,-8.773719468892753e-17,0.00269627058878541
1.9166666666666667,0.15,0.11786449700593948,-8.892419225049622e-17,0.002698359778150916
1.9208333333333334,0.15,0.11825007200241089,-9.011613966085043e-17,0.00270040612667799
1.925,0.15,0.11863470077514648,-9.131445305319885e-17,0.0027024103328585625
1.9291666666666667,0.15,0.11901839077472687,-9.25037534855929e-17,0.002704373560845852
1.9333333333333333,0.15,0.11940111964941025,-9.368754158638488e-17,0.002706296741962433
1.9375,0.15,0.11978288739919662,-9.487434062460656e-17,0.0027081803418695927
1.9416666666666667,0.15,0.120163694024086,-9.606389251990682e-17,0.002710025291889906
1.9458333333333333,0.15,0.12054353207349777,-9.725697151333901e-17,0.002711832756176591
1.95,0.15,0.12092239409685135,-9.846383464449877e-17,0.002713603200390935
1.9541666666666666,0.15,0.12130027264356613,-9.96871156564565e-17,0.002715337323024869
1.9583333333333333,0.15,0.12167716771364212,-1.0093562898581953e-16,0.0027170362882316113
1.9625,0.15,0.12205307185649872,-1.0219889921731052e-16,0.0027187007945030928
1.9666666666666666,0.15,0.12242797762155533,-1.0347260515940947e-16,0.002720331074669957
1.9708333333333332,0.15,0.12280188500881195,-1.0474090464902478e-16,0.0027219285257160664
1.9749999999999999,0.15,0.12317477911710739,-1.0599723979826011e-16,0.002723493380472064
1.9791666666666667,0.15,0.12354666739702225,-1.0724309953221808e-16,0.0027250265702605247
1.9833333333333334,0.15,0.12391753494739532,-1.0847191272811256e-16,0.0027265287935733795
1.9875,0.15,0.12428738176822662,-1.0966266899838469e-16,0.002728000283241272
1.9916666666666667,0.15,0.12465620040893555,-1.1078357152028795e-16,0.002729442436248064
1.9958333333333333,0.15,0.1250239908695221,-1.1183079541066988e-16,0.0027308552525937557
2.0,0.15,0.12539073824882507,-1.1280980667901824e-16,0.0027322396636009216
2.0041666666666664,0.15,0.12575645744800568,-1.1373484606675875e-16,0.002733596134930849
2.0083333333333333,0.15,0.1261211335659027,-1.1461348393085747e-16,0.002734925365075469
2.0125,0.15,0.12648475170135498,-1.1545208625330863e-16,0.0027362278196960688
2.0166666666666666,0.15,0.1268473118543625,-1.162611747715039e-16,0.0027375041972845793
2.0208333333333335,0.15,0.12720882892608643,-1.1703880395664255e-16,0.0027387551963329315
2.025,0.15,0.1275692731142044,-1.177866414048395e-16,0.002739981049671769
2.029166666666667,0.15,0.12792865931987762,-1.1851618823533166e-16,0.002741182455793023
2.033333333333333,0.15,0.12828697264194489,-1.1923373102077446e-16,0.0027423598803579807
2.0375,0.15,0.1286442130804062,-1.1995524427315751e-16,0.0027435137890279293
2.0416666666666665,0.15,0.12900038063526154,-1.206946113918819e-16,0.0027446451131254435
2.0458333333333334,0.15,0.12935546040534973,-1.2146369083820922e-16,0.0027457536198198795
2.05,0.15,0.12970946729183197,-1.2228062764605639e-16,0.002746840473264456
2.0541666666666667,0.15,0.13006237149238586,-1.231467717741831e-16,0.002747905906289816
2.058333333333333,0.15,0.1304141730070114,-1.2406826421145699e-16,0.002748950384557247
2.0625,0.15,0.1307648867368698,-1.2504779164050758e-16,0.002749974373728037
2.0666666666666664,0.15,0.13111449778079987,-1.2606248417175903e-16,0.0027509781066328287
2.0708333333333333,0.15,0.13146300613880157,-1.2711272561701556e-16,0.0027519625145941973
2.075,0.15,0.13181039690971375,-1.2818730602461584e-16,0.002752927364781499
2.0791666666666666,0.15,0.13215667009353638,-1.292723022904894e-16,0.002753873821347952
2.0833333333333335,0.15,0.13250182569026947,-1.303519648957732e-16,0.0027548016514629126
2.0875,0.15,0.13284587860107422,-1.3141452802343433e-16,0.0027557117864489555
2.091666666666667,0.15,0.13318878412246704,-1.3243190723731535e-16,0.002756604226306081
2.095833333333333,0.15,0.13353057205677032,-1.33384051679368e-16,0.0027574794366955757
2.1,0.15,0.13387122750282288,-1.3423850939980056e-16,0.002758338116109371
2.1041666666666665,0.15,0.1342107504606247,-1.349831042999963e-16,0.0027591802645474672
2.1083333333333334,0.15,0.1345491260290146,-1.3562604201163171e-16,0.002760006347671151
2.1125,0.15,0.13488635420799255,-1.361717165181207e-16,0.0027608165983110666
2.1166666666666667,0.15,0.1352224498987198,-1.3663733317620434e-16,0.0027616117149591446
2.120833333333333,0.15,0.1355573982000351,-1.370530542997388e-16,0.002762391697615385
2.125,0.15,0.13589118421077728,-1.374415512549529e-16,0.0027631570119410753
2.1291666666666664,0.15,0.13622382283210754,-1.3783707593665126e-16,0.0027639081235975027
2.1333333333333333,0.15,0.13655529916286469,-1.382728214484544e-16,0.002764645265415311
2.1375,0.15,0.1368856132030487,-1.387754428584212e-16,0.0027653684373944998
2.1416666666666666,0.15,0.1372147649526596,-1.3933026267376258e-16,0.0027660783380270004
2.1458333333333335,0.15,0.1375427544116974,-1.3995092606586317e-16,0.0027667752001434565
2.15,0.15,0.13786956667900085,-1.4064185348791646e-16,0.002767459023743868
2.154166666666667,0.15,0.1381952166557312,-1.4140590367611944e-16,0.0027681305073201656
2.158333333333333,0.15,0.13851967453956604,-1.4223911939842166e-16,0.0027687896508723497
2.1625,0.15,0.13884297013282776,-1.4315433849792993e-16,0.0027694369200617075
2.1666666666666665,0.15,0.13916507363319397,-1.441397025133827e-16,0.0027700725477188826
2.1708333333333334,0.15,0.13948599994182587,-1.4518761461803427e-16,0.0027706967666745186
2.175,0.15,0.13980573415756226,-1.462878707118482e-16,0.0027713095769286156
2.1791666666666667,0.15,0.14012427628040314,-1.4740411455254157e-16,0.0027719116769731045
2.183333333333333,0.15,0.1404416412115097,-1.485294904671975e-16,0.0027725030668079853
2.1875,0.15,0.14075779914855957,-1.4965744718536462e-16,0.0027730839792639017
2.1916666666666664,0.15,0.14107275009155273,-1.5078558919198894e-16,0.0027736546471714973
2.1958333333333333,0.15,0.14138652384281158,-1.5190060218793082e-16,0.0027742155361920595
2.2,0.15,0.14169907569885254,-1.5298374556923226e-16,0.0027747666463255882
2.2041666666666666,0.15,0.14201043546199799,-1.5402097711781455e-16,0.002775308210402727
2.2083333333333335,0.15,0.14232057332992554,-1.5499329153192368e-16,0.00277584046125412
2.2125,0.15,0.14262951910495758,-1.558982932965057e-16,0.00277636363171041
2.216666666666667,0.15,0.14293724298477173,-1.5673868232907997e-16,0.0027768779546022415
2.220833333333333,0.15,0.14324374496936798,-1.5754194749576287e-16,0.0027773836627602577
2.225,0.15,0.14354903995990753,-1.5831239013573966e-16,0.0027778809890151024
2.2291666666666665,0.15,0.1438531130552292,-1.590804240257727e-16,0.0027783699333667755
2.2333333333333334,0.15,0.14415597915649414,-1.5986934257191147e-16,0.0027788507286459208
2.2375,0.15,0.14445760846138,-1.6069297623399787e-16,0.0027793236076831818
2.2416666666666667,0.15,0.14475801587104797,-1.6156511576720438e-16,0.002779788803309202
2.245833333333333,0.15,0.14505720138549805,-1.6249963133604229e-16,0.0027802465483546257
2.25,0.15,0.14535515010356903,-1.6350629028918462e-16,0.0027806968428194523
2.2541666666666664,0.15,0.14565187692642212,-1.6458269711157742e-16,0.0027811399195343256
2.2583333333333333,0.15,0.14594736695289612,-1.6573325902152438e-16,0.0027815760113298893
2.2625,0.15,0.14624162018299103,-1.669532379284768e-16,0.002782005351036787
2.2666666666666666,0.15,0.14653465151786804,-1.6823853101659639e-16,0.002782427705824375
2.2708333333333335,0.15,0.14682643115520477,-1.6957742540840942e-16,0.0027828437741845846
2.275,0.15,0.14711697399616241,-1.7095358924990164e-16,0.0027832533232867718
2.279166666666667,0.15,0.14740628004074097,-1.7235770517865325e-16,0.0027836565859615803
2.283333333333333,0.15,0.14769434928894043,-1.7377092671158785e-16,0.0027840537950396538
2.2875,0.15,0.1479811668395996,-1.7518633200133959e-16,0.0027844449505209923
2.2916666666666665,0.15,0.1482667326927185,-1.7659890502467394e-16,0.002784830518066883
2.2958333333333334,0.15,0.1485510617494583,-1.780022003902579e-16,0.002785210032016039
2.3,0.15,0.14883413910865784,-1.7938664927276545e-16,0.0027855841908603907
2.3041666666666667,0.15,0.14911596477031708,-1.8074574010641458e-16,0.0027859529945999384
2.308333333333333,0.15,0.14939653873443604,-1.820655894918042e-16,0.002786316443234682
2.3125,0.15,0.1496758610010147,-1.8333006409826705e-16,0.0027866747695952654
2.3166666666666664,0.15,0.1499539315700531,-1.8452535993574088e-16,0.0027870279736816883
2.3208333333333333,0.15,0.15023073554039001,-1.856441316403862e-16,0.002787376055493951
2.325,0.15,0.15050630271434784,-1.8668418222049607e-16,0.0027877194806933403
2.3291666666666666,0.15,0.150780588388443,-1.876456307900787e-16,0.0027880582492798567
2.3333333333333335,0.15,0.15105363726615906,-1.8852863616781172e-16,0.0027883923612535
2.3375,0.15,0.15132540464401245,-1.8934026578484875e-16,0.002788722049444914
2.341666666666667,0.15,0.15159592032432556,-1.9009163694862251e-16,0.0027890473138540983
2.345833333333333,0.15,0.1518651843070984,-1.9080384607347557e-16,0.0027893681544810534
2.35,0.15,0.15213316679000854,-1.9149310589941396e-16,0.0027896850369870663
2.3541666666666665,0.15,0.15239989757537842,-1.9218042019655162e-16,0.0027899977285414934
2.3583333333333334,0.15,0.15266536176204681,-1.9287967236428965e-16,0.0027903064619749784
2.3625,0.15,0.15292954444885254,-1.9360936477856962e-16,0.0027906112372875214
2.3666666666666667,0.15,0.15319247543811798,-1.9438359259702946e-16,0.002790912054479122
2.370833333333333,0.15,0.15345413982868195,-1.9521811857342196e-16,0.002791209379211068
2.375,0.15,0.15371452271938324,-1.9612742167718925e-16,0.0027915029786527157
2.3791666666666664,0.15,0.15397365391254425,-1.9711933696309344e-16,0.0027917930856347084
2.3833333333333333,0.15,0.1542315036058426,-1.9817749287245087e-16,0.0027920797001570463
2.3875,0.15,0.15448808670043945,-1.9928508109521447e-16,0.0027923628222197294
2.3916666666666666,0.15,0.15474338829517365,-2.0044027521659173e-16,0.0027926426846534014
2.3958333333333335,0.15,0.15499742329120636,-2.01614474639723e-16,0.002792919287458062
2.4,0.15,0.1552501916885376,-2.028044632863867e-16,0.0027931928634643555
2.404166666666667,0.15,0.15550167858600616,-2.0397054972207004e-16,0.0027934631798416376
2.408333333333333,0.15,0.15575189888477325,-2.050821481164433e-16,0.002793730702251196
2.4125,0.15,0.15600083768367767,-2.0611352984373362e-16,0.0027939951978623867
2.4166666666666665,0.15,0.15624850988388062,-2.0703841041279651e-16,0.00279425666667521
2.4208333333333334,0.15,0.1564949005842209,-2.0784535487884404e-16,0.002794515574350953
2.425,0.15,0.1567400097846985,-2.085279046156534e-16,0.0027947714552283287
2.4291666666666667,0.15,0.1569838523864746,-2.090816656398107e-16,0.002795024774968624
2.433333333333333,0.15,0.15722641348838806,-2.094920928074248e-16,0.0027952755335718393
2.4375,0.15,0.15746770799160004,-2.09766346193878e-16,0.0027955237310379744
2.4416666666666664,0.15,0.15770772099494934,-2.0991067266715624e-16,0.002795769367367029
2.4458333333333333,0.15,0.15794645249843597,-2.0995089349726102e-16,0.0027960126753896475
2.45,0.15,0.15818390250205994,-2.09919328285086e-16,0.0027962534222751856
2.4541666666666666,0.15,0.15842008590698242,-2.0986996214612883e-16,0.002796491840854287
2.4583333333333335,0.15,0.15865498781204224,-2.098427247429187e-16,0.002796727931126952
2.4625,0.15,0.15888860821723938,-2.0987853835471978e-16,0.0027969619259238243
2.466666666666667,0.15,0.15912094712257385,-2.099910878575862e-16,0.0027971938252449036
2.470833333333333,0.15,0.15935201942920685,-2.1019644040773616e-16,0.0027974233962595463
2.475,0.15,0.15958181023597717,-2.105107293358369e-16,0.002797650871798396
2.4791666666666665,0.15,0.15981031954288483,-2.1095069677748652e-16,0.002797876251861453
2.4833333333333334,0.15,0.1600375473499298,-2.1150952676443754e-16,0.0027980997692793608
2.4875,0.15,0.16026350855827332,-2.121796092350545e-16,0.0027983214240521193
2.4916666666666667,0.15,0.16048818826675415,-2.12923687974548e-16,0.002798540983349085
2.495833333333333,0.15,0.16071158647537231,-2.1369921281220831e-16,0.0027987586800009012
2.5,0.15,0.160933718085289,-2.1447944927063773e-16,0.0027989745140075684
2.5041666666666664,0.15,0.16115456819534302,-2.152043241850302e-16,0.0027991884853690863
2.5083333333333333,0.15,0.16137413680553436,-2.1585113971937727e-16,0.0027994008269160986
2.5125,0.15,0.16159242391586304,-2.1640185671888037e-16,0.0027996115386486053
2.5166666666666666,0.15,0.16180944442749023,-2.168296083572438e-16,0.002799820387735963
2.5208333333333335,0.15,0.16202519834041595,-2.1712745955221189e-16,0.002800027607008815
2.525,0.15,0.162239670753479,-2.1728281068869425e-16,0.002800233196467161
2.529166666666667,0.15,0.16245286166667938,-2.173021865673627e-16,0.0028004373889416456
2.533333333333333,0.15,0.1626647710800171,-2.172088805942667e-16,0.0028006399516016245
2.5375,0.15,0.16287542879581451,-2.1702891256275477e-16,0.0028008408844470978
2.5416666666666665,0.15,0.16308479011058807,-2.16767324965841e-16,0.0028010401874780655
2.5458333333333334,0.15,0.16329289972782135,-2.164536845473405e-16,0.002801238326355815
2.55,0.15,0.16349972784519196,-2.161201388545795e-16,0.002801434835419059
2.5541666666666667,0.15,0.1637052744626999,-2.1579992069584798e-16,0.0028016299474984407
2.558333333333333,0.15,0.16390955448150635,-2.155085413619925e-16,0.0028018236625939608
2.5625,0.15,0.16411256790161133,-2.1527408528917047e-16,0.0028020162135362625
2.5666666666666664,0.15,0.16431431472301483,-2.1511794005930006e-16,0.0028022071346640587
2.5708333333333333,0.15,0.16451479494571686,-2.150497803768257e-16,0.0028023971244692802
2.575,0.15,0.1647139936685562,-2.1509256877555184e-16,0.0028025854844599962
2.5791666666666666,0.15,0.16491194069385529,-2.152244809221969e-16,0.002802772680297494
2.5833333333333335,0.15,0.1651086062192917,-2.1542716002460709e-16,0.0028029587119817734
2.5875,0.15,0.1653040200471878,-2.156769156300389e-16,0.002803143346682191
2.591666666666667,0.15,0.16549815237522125,-2.159638877455907e-16,0.002803327050060034
2.595833333333333,0.15,0.16569103300571442,-2.1625218335012258e-16,0.0028035093564540148
2.6,0.15,0.1658826470375061,-2.1653110865267546e-16,0.0028036904986947775
2.6041666666666665,0.15,0.1660729944705963,-2.167893081178002e-16,0.0028038707096129656
2.6083333333333334,0.15,0.16626209020614624,-2.1701982019346159e-16,0.0028040495235472918
2.6125,0.15,0.1664499193429947,-2.171822519959874e-16,0.0028042274061590433
2.6166666666666667,0.15,0.16663648188114166,-2.1726295835399297e-16,0.0028044041246175766
2.620833333333333,0.15,0.16682179272174835,-2.1726303776333178e-16,0.0028045796789228916
2.625,0.15,0.16700585186481476,-2.1717045970917484e-16,0.002804754301905632
2.6291666666666664,0.15,0.1671886444091797,-2.169934562929783e-16,0.002804927993565798
2.6333333333333333,0.15,0.16737018525600433,-2.1672898349008794e-16,0.0028051005210727453
2.6375,0.15,0.1675504744052887,-2.1638631895825418e-16,0.0028052718844264746
2.6416666666666666,0.15,0.16772949695587158,-2.159732315777901e-16,0.002805442549288273
2.6458333333333335,0.15,0.16790728271007538,-2.1548418916475894e-16,0.002805612049996853
2.65,0.15,0.1680838167667389,-2.1493708529017147e-16,0.0028057803865522146
2.654166666666667,0.15,0.16825909912586212,-2.1432571279071108e-16,0.0028059480246156454
2.658333333333333,0.15,0.16843312978744507,-2.1367957223574385e-16,0.0028061147313565016
2.6625,0.15,0.16860592365264893,-2.1299262851552062e-16,0.0028062802739441395
2.6666666666666665,0.15,0.1687774658203125,-2.122795591228305e-16,0.0028064451180398464
2.6708333333333334,0.15,0.1689477562904358,-2.115414757884168e-16,0.0028066090308129787
2.675,0.15,0.16911680996418,-2.1077966229659015e-16,0.002806771779432893
2.6791666666666667,0.15,0.1692846268415451,-2.09994092177571e-16,0.002806933829560876
2.683333333333333,0.15,0.16945119202136993,-2.0919017850128786e-16,0.0028070949483662844
2.6875,0.15,0.16961653530597687,-2.0836800067707955e-16,0.0028072551358491182
2.6916666666666664,0.15,0.16978062689304352,-2.075248587874267e-16,0.002807414624840021
2.6958333333333333,0.15,0.16994348168373108,-2.0665503535993534e-16,0.0028075729496777058
2.7,0.15,0.17010511457920074,-2.0577335347118241e-16,0.0028077305760234594
2.7041666666666666,0.15,0.17026551067829132,-2.0487725878743637e-16,0.002807887503877282
2.7083333333333335,0.15,0.1704246699810028,-2.0393848158408259e-16,0.0028080432675778866
2.7125,0.15,0.1705826073884964,-2.0296168054233097e-16,0.00280819833278656
2.716666666666667,0.15,0.1707393079996109,-2.0194554540809123e-16,0.0028083526995033026
2.720833333333333,0.15,0.1708947867155075,-2.0090100820033887e-16,0.0028085061348974705
2.725,0.15,0.17104904353618622,-1.99851852016046e-16,0.0028086586389690638
2.7291666666666665,0.15,0.17120207846164703,-1.9882707449876631e-16,0.002808810444548726
2.7333333333333334,0.15,0.17135389149188995,-1.9784513831977196e-16,0.002808961318805814
2.7375,0.15,0.17150448262691498,-1.969096036644194e-16,0.0028091114945709705
2.7416666666666667,0.15,0.1716538518667221,-1.9603651121914722e-16,0.0028092607390135527
2.745833333333333,0.15,0.17180199921131134,-1.9523627684222872e-16,0.002809409284964204
2.75,0.15,0.17194895446300507,-1.9452891168704277e-16,0.002809557132422924
2.7541666666666664,0.15,0.1720946729183197,-1.938959266125376e-16,0.0028097040485590696
2.7583333333333333,0.15,0.17223919928073883,-1.9330921071277618e-16,0.0028098500333726406
2.7625,0.15,0.17238250374794006,-1.9273647085664447e-16,0.0028099955525249243
2.7666666666666666,0.15,0.1725246012210846,-1.9215749736741655e-16,0.0028101401403546333
2.7708333333333335,0.15,0.17266550660133362,-1.9154732924292803e-16,0.0028102837968617678
2.775,0.15,0.17280520498752594,-1.908805819645409e-16,0.0028104267548769712
2.779166666666667,0.15,0.17294369637966156,-1.9014959253106043e-16,0.0028105690144002438
2.783333333333333,0.15,0.17308098077774048,-1.893350247684876e-16,0.0028107105754315853
2.7875,0.15,0.1732170730829239,-1.8843305379367e-16,0.0028108512051403522
2.7916666666666665,0.15,0.1733519732952118,-1.8743865034848324e-16,0.0028109911363571882
2.7958333333333334,0.15,0.1734856814146042,-1.863663198721491e-16,0.0028111301362514496
2.8,0.15,0.17361819744110107,-1.8524303507008169e-16,0.0028112686704844236
2.8041666666666667,0.15,0.17374952137470245,-1.8408761595557782e-16,0.002811406273394823
2.808333333333333,0.15,0.17387966811656952,-1.829001287030865e-16,0.002811542944982648
2.8125,0.15,0.17400860786437988,-1.8171842509743814e-16,0.0028116791509091854
2.8166666666666664,0.15,0.17413638532161713,-1.8054815643657771e-16,0.0028118144255131483
2.8208333333333333,0.15,0.17426297068595886,-1.7938825069443136e-16,0.0028119487687945366
2.825,0.15,0.17438837885856628,-1.7825911607107197e-16,0.0028120826464146376
2.8291666666666666,0.15,0.1745126098394394,-1.7717654179003197e-16,0.002812215592712164
2.8333333333333335,0.15,0.17463567852973938,-1.7614007786505813e-16,0.0028123478405177593
2.8375,0.15,0.17475755512714386,-1.7517034425446016e-16,0.0028124793898314238
2.841666666666667,0.15,0.17487826943397522,-1.7427280696772582e-16,0.0028126100078225136
2.845833333333333,0.15,0.17499782145023346,-1.7343396641725825e-16,0.0028127399273216724
2.85,0.15,0.17511619627475739,-1.7264450524063764e-16,0.0028128689154982567
2.8541666666666665,0.15,0.17523342370986938,-1.7189269732550044e-16,0.0028129974380135536
2.8583333333333334,0.15,0.17534947395324707,-1.7116284609254286e-16,0.002813125029206276
2.8625,0.15,0.17546437680721283,-1.7043082433765793e-16,0.0028132519219070673
2.8666666666666667,0.15,0.17557811737060547,-1.6967484743223346e-16,0.002813377883285284
2.870833333333333,0.15,0.175690695643425,-1.6888510832292704e-16,0.00281350314617157
2.875,0.15,0.17580214142799377,-1.6804162232613936e-16,0.0028136277105659246
2.8791666666666664,0.15,0.17591242492198944,-1.6715517587705814e-16,0.0028137515764683485
2.8833333333333333,0.15,0.17602156102657318,-1.6622156028072669e-16,0.0028138745110481977
2.8875,0.15,0.176129549741745,-1.6524658565376758e-16,0.002813996747136116
2.8916666666666666,0.15,0.17623640596866608,-1.6421945232610334e-16,0.0028141180519014597
2.8958333333333335,0.15,0.17634211480617523,-1.6315463926717608e-16,0.0028142386581748724
2.9,0.15,0.17644669115543365,-1.6206847833100005e-16,0.002814358565956354
2.904166666666667,0.15,0.17655012011528015,-1.6096554878944634e-16,0.0028144775424152613
2.908333333333333,0.15,0.1766524314880371,-1.5986469712559137e-16,0.0028145958203822374
2.9125,0.15,0.17675361037254333,-1.58760682323074e-16,0.0028147133998572826
2.9166666666666665,0.15,0.17685365676879883,-1.5763890629844388e-16,0.0028148300480097532
2.9208333333333334,0.15,0.17695258557796478,-1.564988528909988e-16,0.002814945997670293
2.925,0.15,0.17705038189888,-1.5534062797985715e-16,0.002815061016008258
2.9291666666666667,0.15,0.17714707553386688,-1.5415861997174337e-16,0.002815175335854292
2.933333333333333,0.15,0.17724263668060303,-1.5296372118096357e-16,0.0028152887243777514
2.9375,0.15,0.17733708024024963,-1.5175959767199258e-16,0.00281540141440928
2.9416666666666664,0.15,0.1774304211139679,-1.5055851818767578e-16,0.0028155134059488773
2.9458333333333333,0.15,0.17752264440059662,-1.4936188562633207e-16,0.0028156244661659002
2.95,0.15,0.1776137799024582,-1.481892346853075e-16,0.002815734827890992
2.9541666666666666,0.15,0.17770379781723022,-1.4705436935466434e-16,0.0028158442582935095
2.9583333333333335,0.15,0.1777927130460739,-1.4596045277306502e-16,0.002815952990204096
2.9625,0.15,0.17788052558898926,-1.449180463825706e-16,0.0028160607907921076
2.966666666666667,0.15,0.17796725034713745,-1.4393591168022923e-16,0.0028161676600575447
2.970833333333333,0.15,0.1780528724193573,-1.4300825178430816e-16,0.002816273830831051
2.975,0.15,0.1781374216079712,-1.4213502699013798e-16,0.002816379303112626
2.9791666666666665,0.15,0.17822086811065674,-1.4131885780589926e-16,0.0028164838440716267
2.9833333333333334,0.15,0.17830322682857513,-1.4056011480850642e-16,0.0028165876865386963
2.9875,0.15,0.17838451266288757,-1.3984131470853254e-16,0.0028166903648525476
2.9916666666666667,0.15,0.17846472561359406,-1.3915336513668444e-16,0.0028167925775051117
2.995833333333333,0.15,0.1785438507795334,-1.3845460265986904e-16,0.0028168936260044575
3.0,0.15,0.17862190306186676,-1.3770333737521368e-16,0.002816994208842516
3.0041666666666664,0.15,0.17869888246059418,-1.3687039958559729e-16,0.002817093627527356
3.0083333333333333,0.15,0.17877480387687683,-1.3593104004709227e-16,0.0028171923477202654
3.0125,0.15,0.17884965240955353,-1.34881711809232e-16,0.0028172901365906
3.0166666666666666,0.15,0.17892342805862427,-1.3375117428755372e-16,0.0028173872269690037
3.0208333333333335,0.15,0.17899616062641144,-1.3256123858044924e-16,0.002817483153194189
3.025,0.15,0.17906783521175385,-1.313502064590022e-16,0.002817578613758087
3.029166666666667,0.15,0.1791384518146515,-1.30130280491609e-16,0.002817672910168767
3.033333333333333,0.15,0.17920801043510437,-1.2889972690770571e-16,0.002817766508087516
3.0375,0.15,0.17927652597427368,-1.2768770216952361e-16,0.00281785917468369
3.0416666666666665,0.15,0.17934399843215942,-1.2651049842640755e-16,0.0028179509099572897
3.0458333333333334,0.15,0.1794104278087616,-1.2538602248425806e-16,0.0028180419467389584
3.05,0.15,0.1794758290052414,-1.2432724453507999e-16,0.0028181320521980524
3.0541666666666667,0.15,0.17954017221927643,-1.2331711804080983e-16,0.002818221226334572
3.058333333333333,0.15,0.17960350215435028,-1.2234673592061162e-16,0.0028183097019791603
3.0625,0.15,0.17966578900814056,-1.2138610791419664e-16,0.0028183970134705305
3.0666666666666664,0.15,0.17972704768180847,-1.204167316456233e-16,0.0028184836264699697
3.0708333333333333,0.15,0.1797872930765152,-1.1942277818668978e-16,0.0028185693081468344
3.075,0.15,0.17984651029109955,-1.1838493783317665e-16,0.0028186540585011244
3.0791666666666666,0.15,0.17990471422672272,-1.172955475838892e-16,0.0028187378775328398
3.0833333333333335,0.15,0.1799619048833847,-1.161474870681146e-16,0.002818820998072624
3.0875,0.15,0.18001806735992432,-1.149369049329208e-16,0.0028189029544591904
3.091666666666667,0.15,0.18007323145866394,-1.136639335272058e-16,0.0028189842123538256
3.095833333333333,0.15,0.18012739717960358,-1.1232584646367062e-16,0.002819064538925886
3.1,0.15,0.18018054962158203,-1.1092564144485516e-16,0.002819143934175372
3.1041666666666665,0.15,0.1802327036857605,-1.0946587942193588e-16,0.0028192223981022835
3.1083333333333334,0.15,0.18028387427330017,-1.0795824018516203e-16,0.002819300163537264
3.1125,0.15,0.18033403158187866,-1.0642003497039312e-16,0.002819376764819026
3.1166666666666667,0.15,0.18038320541381836,-1.0487617845767925e-16,0.0028194524347782135
3.120833333333333,0.15,0.18043139576911926,-1.0336101518605362e-16,0.00281952740624547
3.125,0.15,0.18047860264778137,-1.0188733667650874e-16,0.0028196012135595083
3.1291666666666664,0.15,0.1805248260498047,-1.0046340150028036e-16,0.0028196743223816156
3.1333333333333333,0.15,0.1805700659751892,-9.910105488374022e-17,0.0028197462670505047
3.1375,0.15,0.18061433732509613,-9.780886641803439e-17,0.0028198175132274628
3.1416666666666666,0.15,0.18065764009952545,-9.660102390502936e-17,0.0028198878280818462
3.1458333333333335,0.15,0.18069997429847717,-9.546652253385573e-17,0.0028199569787830114
3.15,0.15,0.1807413399219513,-9.439079069084277e-17,0.0028200254309922457
3.154166666666667,0.15,0.180781751871109,-9.337912233191081e-17,0.0028200927190482616
3.158333333333333,0.15,0.18082119524478912,-9.244350826721943e-17,0.0028201593086123466
3.1625,0.15,0.18085968494415283,-9.158520581129971e-17,0.002820224966853857
3.1666666666666665,0.15,0.18089722096920013,-9.080594873471555e-17,0.002820289460942149
3.1708333333333334,0.15,0.18093381822109222,-9.009451385091585e-17,0.0028203532565385103
3.175,0.15,0.1809694617986679,-8.943292817955103e-17,0.002820415887981653
3.1791666666666667,0.15,0.18100416660308838,-8.881221184789124e-17,0.0028204775881022215
3.183333333333333,0.15,0.18103791773319244,-8.821704547099199e-17,0.002820538589730859
3.1875,0.15,0.18107075989246368,-8.760800892958145e-17,0.002820598427206278
3.1916666666666664,0.15,0.18110264837741852,-8.696808877282062e-17,0.0028206573333591223
3.1958333333333333,0.15,0.18113361299037933,-8.627058361053631e-17,0.002820715308189392
3.2,0.15,0.18116365373134613,-8.548821633484895e-17,0.0028207723516970873
3.2041666666666666,0.15,0.1811927706003189,-8.457544568995384e-17,0.002820828231051564
3.2083333333333335,0.15,0.18122096359729767,-8.349658379550298e-17,0.00282088341191411
3.2125,0.15,0.1812482476234436,-8.22459859709963e-17,0.002820937428623438
3.216666666666667,0.15,0.1812746226787567,-8.082504187986291e-17,0.0028209907468408346
3.220833333333333,0.15,0.1813000738620758,-7.925443765486153e-17,0.002821042900905013
3.225,0.15,0.18132463097572327,-7.754955885538563e-17,0.002821094123646617
3.2291666666666665,0.15,0.1813482791185379,-7.574329418259034e-17,0.002821144415065646
3.2333333333333334,0.15,0.1813710331916809,-7.386791029781012e-17,0.002821193775162101
3.2375,0.15,0.18139289319515228,-7.193667517807031e-17,0.002821241971105337
3.2416666666666667,0.15,0.18141385912895203,-6.997950629176574e-17,0.0028212894685566425
3.245833333333333,0.15,0.18143393099308014,-6.801969704494591e-17,0.0028213358018547297
3.25,0.15,0.18145312368869781,-6.607251388299608e-17,0.002821381203830242
3.2541666666666664,0.15,0.18147142231464386,-6.416901247483395e-17,0.00282142567448318
3.2583333333333333,0.15,0.18148885667324066,-6.231416252157974e-17,0.0028214689809828997
3.2624999999999997,0.15,0.18150539696216583,-6.052917293413931e-17,0.0028215115889906883
3.2666666666666666,0.15,0.18152108788490295,-5.883252623611955e-17,0.0028215530328452587
3.2708333333333335,0.15,0.18153589963912964,-5.723553825830017e-17,0.0028215935453772545
3.275,0.15,0.1815498322248459,-5.574999467004884e-17,0.0028216331265866756
3.279166666666667,0.15,0.18156291544437408,-5.436790821537074e-17,0.0028216715436428785
3.283333333333333,0.15,0.18157514929771423,-5.306649172275126e-17,0.0028217092622071505
3.2875,0.15,0.18158651888370514,-5.1807625400841507e-17,0.002821745816618204
3.2916666666666665,0.15,0.1815970242023468,-5.058827184243219e-17,0.002821781439706683
3.2958333333333334,0.15,0.1816066950559616,-4.9384429574869464e-17,0.002821815898641944
3.3,0.15,0.18161551654338837,-4.820504538365871e-17,0.0028218496590852737
3.3041666666666667,0.15,0.18162350356578827,-4.704104344311899e-17,0.0028218822553753853
3.308333333333333,0.15,0.18163064122200012,-4.586927923971107e-17,0.002821913920342922
3.3125,0.15,0.1816369593143463,-4.469454711226531e-17,0.002821944421157241
3.3166666666666664,0.15,0.18164242804050446,-4.351993409882776e-17,0.002821973990648985
3.3208333333333333,0.15,0.18164709210395813,-4.233762499697102e-17,0.002822002861648798
3.3249999999999997,0.15,0.18165090680122375,-4.115819448364596e-17,0.002822030335664749
3.3291666666666666,0.15,0.1816539168357849,-3.997302664559223e-17,0.0028220571111887693
3.3333333333333335,0.15,0.1816561073064804,-3.8793655689271276e-17,0.0028220827225595713
3.3375,0.15,0.18165747821331024,-3.7608269475535835e-17,0.0028221074026077986
3.341666666666667,0.15,0.1816580444574356,-3.641781099028422e-17,0.0028221311513334513
3.345833333333333,0.15,0.1816578060388565,-3.5233308205442985e-17,0.0028221539687365294
3.35,0.15,0.18165676295757294,-3.4057113622674233e-17,0.002822175621986389
3.3541666666666665,0.15,0.1816549152135849,-3.2899533912410375e-17,0.0028221963439136744
3.3583333333333334,0.15,0.1816522628068924,-3.1796385995174956e-17,0.0028222159016877413
3.3625,0.15,0.1816488355398178,-3.075803940712694e-17,0.0028222347609698772
3.3666666666666667,0.15,0.18164460361003876,-2.981272416821154e-17,0.002822252456098795
3.370833333333333,0.15,0.18163959681987762,-2.897556114002622e-17,0.0028222689870744944
3.375,0.15,0.18163380026817322,-2.8246490765566884e-17,0.002822284819558263
3.3791666666666664,0.15,0.18162722885608673,-2.761285552710024e-17,0.002822299487888813
3.3833333333333333,0.15,0.18161988258361816,-2.705201549126071e-17,0.0028223132248967886
3.3874999999999997,0.15,0.1816117763519287,-2.6544217585020533e-17,0.0028223260305821896
3.3916666666666666,0.15,0.18160288035869598,-2.6078361044559243e-17,0.0028223376721143723
3.3958333333333335,0.15,0.18159322440624237,-2.563521888371866e-17,0.0028223483823239803
3.4,0.15,0.18158282339572906,-2.5192766591508946e-17,0.002822358161211014
3.404166666666667,0.15,0.18157164752483368,-2.4723442509919834e-17,0.0028223670087754726
3.408333333333333,0.15,0.1815597265958786,-2.4200555174945464e-17,0.0028223746921867132
3.4125,0.15,0.18154704570770264,-2.359555527492418e-17,0.002822381444275379
3.4166666666666665,0.15,0.18153361976146698,-2.2911480217065275e-17,0.0028223872650414705
3.4208333333333334,0.15,0.18151944875717163,-2.2145615194598353e-17,0.0028223919216543436
3.425,0.15,0.18150454759597778,-2.129462170657115e-17,0.002822395646944642
3.4291666666666667,0.15,0.18148890137672424,-2.0374262506736473e-17,0.002822398440912366
3.433333333333333,0.15,0.1814725250005722,-1.9411151304122606e-17,0.002822400303557515
3.4375,0.15,0.18145541846752167,-1.844837759119866e-17,0.002822401002049446
3.4416666666666664,0.15,0.18143759667873383,-1.7510488779822762e-17,0.0028224007692188025
3.4458333333333333,0.15,0.1814190298318863,-1.663152169784024e-17,0.002822399605065584
3.4499999999999997,0.15,0.18139976263046265,-1.5851801400113054e-17,0.0028223972767591476
3.4541666666666666,0.15,0.1813797652721405,-1.5190070144960433e-17,0.0028223940171301365
3.4583333333333335,0.15,0.18135906755924225,-1.464513348357785e-17,0.0028223898261785507
3.4625,0.15,0.1813376545906067,-1.4214498293599067e-17,0.0028223847039043903
3.466666666666667,0.15,0.18131554126739502,-1.38796092595233e-17,0.0028223786503076553
3.470833333333333,0.15,0.18129272758960724,-1.361733510270111e-17,0.002822371432557702
3.475,0.15,0.18126921355724335,-1.3393920236695438e-17,0.002822363283485174
3.4791666666666665,0.15,0.18124501407146454,-1.318920792433959e-17,0.0028223542030900717
3.4833333333333334,0.15,0.18122011423110962,-1.2983751976613056e-17,0.002822343958541751
3.4875,0.15,0.18119452893733978,-1.2756363334944679e-17,0.0028223327826708555
3.4916666666666667,0.15,0.18116825819015503,-1.2466917122180736e-17,0.0028223206754773855
3.495833333333333,0.15,0.18114131689071655,-1.2093390481692615e-17,0.002822307636961341
3.5,0.15,0.18111369013786316,-1.1618578056739214e-17,0.0028222936671227217
3.5041666666666664,0.15,0.18108539283275604,-1.1016414559038374e-17,0.002822278533130884
3.5083333333333333,0.15,0.1810564249753952,-1.0276147467807518e-17,0.002822262467816472
3.5124999999999997,0.15,0.18102678656578064,-9.38948016150274e-18,0.0028222454711794853
3.5166666666666666,0.15,0.18099649250507355,-8.365154284837498e-18,0.002822227543219924
3.5208333333333335,0.15,0.18096554279327393,-7.199616269900267e-18,0.0028222084511071444
3.525,0.15,0.18093393743038177,-5.898440073248735e-18,0.0028221886605024338
3.529166666666667,0.15,0.1809016764163971,-4.478618052616271e-18,0.002822167705744505
3.533333333333333,0.15,0.18086875975131989,-2.9622673632213194e-18,0.0028221458196640015
3.5375,0.15,0.18083520233631134,-1.382074874149525e-18,0.0028221227694302797
3.5416666666666665,0.15,0.18080101907253265,2.3983000676784576e-19,0.002822099020704627
3.5458333333333334,0.15,0.18076618015766144,1.875350383965416e-18,0.0028220743406563997
3.55,0.15,0.18073071539402008,3.508833984000939e-18,0.002822048496454954
3.5541666666666667,0.15,0.18069462478160858,5.127811731224426e-18,0.002822021720930934
3.558333333333333,0.15,0.18065789341926575,6.70731559243627e-18,0.002821994014084339
3.5625,0.15,0.18062055110931396,8.218318972761373e-18,0.002821965143084526
3.5666666666666664,0.15,0.18058258295059204,9.644232765014983e-18,0.002821935573592782
3.5708333333333333,0.15,0.18054400384426117,1.0976795089238922e-17,0.0028219050727784634
3.5749999999999997,0.15,0.18050479888916016,1.2202843847526244e-17,0.0028218734078109264
3.5791666666666666,0.15,0.1804649978876114,1.3325153403651454e-17,0.002821840811520815
3.5833333333333335,0.15,0.18042458593845367,1.4364869802793857e-17,0.0028218072839081287
3.5875,0.15,0.1803835779428482,1.5307443765159257e-17,0.0028217730578035116
3.591666666666667,0.15,0.1803419589996338,1.617290629646124e-17,0.0028217374347150326
3.595833333333333,0.15,0.1802997589111328,1.6968879038863866e-17,0.0028217011131346226
3.6,0.15,0.18025696277618408,1.7700252284148552e-17,0.002821663860231638
3.6041666666666665,0.15,0.1802135705947876,1.8375436804783735e-17,0.0028216256760060787
3.6083333333333334,0.15,0.18016961216926575,1.9003783050413716e-17,0.002821586327627301
3.6125,0.15,0.18012505769729614,1.9599923846074558e-17,0.0028215462807565928
3.6166666666666667,0.15,0.18007992208003998,2.018187353114644e-17,0.002821505069732666
3.620833333333333,0.15,0.18003422021865845,2.075943585024934e-17,0.0028214631602168083
3.625,0.15,0.17998795211315155,2.1353151352354176e-17,0.0028214200865477324
3.6291666666666664,0.15,0.1799411028623581,2.1976982846200843e-17,0.0028213763143867254
3.6333333333333333,0.15,0.17989370226860046,2.263999292258047e-17,0.0028213313780725002
3.6374999999999997,0.15,0.17984573543071747,2.3358670599823693e-17,0.0028212855104357004
3.6416666666666666,0.15,0.1797972172498703,2.4151261827882203e-17,0.0028212389443069696
3.6458333333333335,0.15,0.17974814772605896,2.503815164577176e-17,0.0028211912140250206
3.65,0.15,0.17969852685928345,2.603301665774031e-17,0.002821142552420497
3.654166666666667,0.15,0.17964835464954376,2.7141508161732823e-17,0.0028210931923240423
3.658333333333333,0.15,0.1795976459980011,2.83644831168639e-17,0.0028210426680743694
3.6625,0.15,0.17954638600349426,2.969478144775128e-17,0.002820991212502122
3.6666666666666665,0.15,0.17949460446834564,3.1094893822338136e-17,0.0028209390584379435
3.6708333333333334,0.15,0.17944228649139404,3.254983834536991e-17,0.0028208857402205467
3.675,0.15,0.17938944697380066,3.4057279058796744e-17,0.002820831723511219
3.6791666666666667,0.15,0.1793360710144043,3.5580224445625275e-17,0.002820776542648673
3.683333333333333,0.15,0.17928217351436615,3.708981582864475e-17,0.002820720663294196
3.6875,0.15,0.1792277693748474,3.85569033630688e-17,0.0028206638526171446
3.6916666666666664,0.15,0.1791728436946869,3.9975567744433995e-17,0.0028206061106175184
3.6958333333333333,0.15,0.17911739647388458,4.132216153338867e-17,0.0028205474372953176
3.6999999999999997,0.15,0.17906145751476288,4.259100365348581e-17,0.0028204878326505423
3.7041666666666666,0.15,0.1790049970149994,4.379525620263236e-17,0.0028204272966831923
3.7083333333333335,0.15,0.1789480596780777,4.4944011550121504e-17,0.0028203660622239113
3.7125,0.15,0.17889060080051422,4.605315487243671e-17,0.002820303663611412
3.716666666666667,0.15,0.17883266508579254,4.713623869673404e-17,0.002820240566506982
3.720833333333333,0.15,0.17877422273159027,4.8215735865895343e-17,0.002820176538079977
3.725,0.15,0.1787153035402298,4.9308342193404386e-17,0.0028201115783303976
3.7291666666666665,0.15,0.17865590751171112,5.0422220297545843e-17,0.0028200456872582436
3.7333333333333334,0.15,0.17859601974487305,5.156899372028731e-17,0.002819978864863515
3.7375,0.15,0.17853565514087677,5.273922267647833e-17,0.0028199113439768553
3.7416666666666667,0.15,0.17847482860088348,5.393350273615994e-17,0.002819842891767621
3.745833333333333,0.15,0.1784135103225708,5.5161406033380606e-17,0.002819773508235812
3.75,0.15,0.1783517450094223,5.641824410842838e-17,0.0028197031933814287
3.7541666666666664,0.15,0.1782895028591156,5.769637050372081e-17,0.0028196321800351143
3.7583333333333333,0.15,0.17822681367397308,5.900705472792334e-17,0.0028195600025355816
3.7624999999999997,0.15,0.17816366255283356,6.034433446318067e-17,0.002819487126544118
3.7666666666666666,0.15,0.17810006439685822,6.17176263335861e-17,0.0028194135520607233
3.7708333333333335,0.15,0.17803600430488586,6.313264781153361e-17,0.0028193388134241104
3.775,0.15,0.1779714971780777,6.459338921629816e-17,0.0028192633762955666
3.779166666666667,0.15,0.1779065579175949,6.607733138288359e-17,0.0028191872406750917
3.783333333333333,0.15,0.1778411716222763,6.758098030038248e-17,0.0028191099409013987
3.7875,0.15,0.17777535319328308,6.908747471918856e-17,0.0028190319426357746
3.7916666666666665,0.15,0.17770910263061523,7.058146216713283e-17,0.002818953013047576
3.7958333333333334,0.15,0.17764241993427277,7.208102150368326e-17,0.0028188733849674463
3.8,0.15,0.17757532000541687,7.358703284901161e-17,0.002818792825564742
3.8041666666666667,0.15,0.17750778794288635,7.509116483998823e-17,0.0028187113348394632
3.808333333333333,0.15,0.1774398386478424,7.658588682431646e-17,0.0028186291456222534
3.8125,0.15,0.17737147212028503,7.808269992123321e-17,0.002818546025082469
3.8166666666666664,0.15,0.17730268836021423,7.957504624284218e-17,0.0028184622060507536
3.8208333333333333,0.15,0.1772335022687912,8.10556532171978e-17,0.0028183774556964636
3.8249999999999997,0.15,0.17716389894485474,8.250701770253844e-17,0.002818291774019599
3.8291666666666666,0.15,0.17709390819072723,8.392618831843852e-17,0.0028182053938508034
3.8333333333333335,0.15,0.1770235151052475,8.530788434386749e-17,0.002818118082359433
3.8375,0.15,0.17695271968841553,8.663954586840436e-17,0.002818030072376132
3.841666666666667,0.15,0.17688153684139252,8.793230343437163e-17,0.0028179411310702562
3.845833333333333,0.15,0.17680995166301727,8.919487883414807e-17,0.0028178514912724495
3.85,0.15,0.17673799395561218,9.042731838984798e-17,0.002817760920152068
3.8541666666666665,0.15,0.17666564881801605,9.162687586183768e-17,0.002817669650539756
3.8583333333333334,0.15,0.17659291625022888,9.279920916550703e-17,0.002817577449604869
3.8625,0.15,0.17651981115341187,9.394437124041525e-17,0.002817484550178051
3.8666666666666667,0.15,0.1764463484287262,9.505963569926334e-17,0.002817390952259302
3.870833333333333,0.15,0.1763724982738495,9.61367902929299e-17,0.002817296190187335
3.875,0.15,0.17629829049110413,9.717092487729879e-17,0.0028172009624540806
3.8791666666666664,0.15,0.17622371017932892,9.816880248105826e-17,0.0028171048033982515
3.8833333333333333,0.15,0.17614877223968506,9.912211159341337e-17,0.0028170079458504915
3.8874999999999997,0.15,0.17607347667217255,1.000334793399896e-16,0.002816910156980157
3.8916666666666666,0.15,0.17599783837795258,1.0091502226239961e-16,0.0028168116696178913
3.8958333333333335,0.15,0.17592182755470276,1.0177602463583871e-16,0.002816712250933051
3.9,0.15,0.17584548890590668,1.0262899343116869e-16,0.0028166123665869236
3.904166666666667,0.15,0.17576879262924194,1.0346158711365026e-16,0.002816511318087578
3.908333333333333,0.15,0.17569176852703094,1.0427542033983913e-16,0.0028164098039269447
3.9125,0.15,0.1756144016981125,1.0508429709979759e-16,0.002816307358443737
3.9166666666666665,0.15,0.17553669214248657,1.0590677932647132e-16,0.0028162042144685984
3.9208333333333334,0.15,0.17545866966247559,1.0676537956741156e-16,0.0028161003720015287
3.925,0.15,0.17538030445575714,1.0766314184727251e-16,0.0028159955982118845
3.9291666666666667,0.15,0.17530161142349243,1.0859990072993166e-16,0.0028158901259303093
3.933333333333333,0.15,0.17522260546684265,1.0956070078991406e-16,0.002815783955156803
3.9375,0.15,0.1751432716846466,1.1054362958564347e-16,0.0028156768530607224
3.9416666666666664,0.15,0.17506363987922668,1.1154137484050493e-16,0.0028155690524727106
3.9458333333333333,0.15,0.1749836802482605,1.1254746469338583e-16,0.0028154607862234116
3.9499999999999997,0.15,0.17490340769290924,1.1355847792527264e-16,0.0028153513558208942
3.9541666666666666,0.15,0.1748228371143341,1.1455124024412408e-16,0.0028152414597570896
3.9583333333333335,0.15,0.1747419685125351,1.1549879217941583e-16,0.002815130865201354
3.9625,0.15,0.174660786986351,1.1639762648535065e-16,0.002815019339323044
3.966666666666667,0.15,0.17457932233810425,1.172282216994723e-16,0.0028149071149528027
3.970833333333333,0.15,0.1744975447654724,1.179833383370597e-16,0.0028147941920906305
3.975,0.15,0.1744154989719391,1.1866942178944588e-16,0.0028146805707365274
3.9791666666666665,0.15,0.17433315515518188,1.1928080752379608e-16,0.0028145660180598497
3.9833333333333334,0.15,0.174250528216362,1.1983144511396038e-16,0.0028144509997218847
3.9875,0.15,0.17416761815547943,1.2033810316531646e-16,0.002814335050061345
3.9916666666666667,0.15,0.17408442497253418,1.2081196515974604e-16,0.002814218634739518
3.995833333333333,0.15,0.17400096356868744,1.2126979970262679e-16,0.0028141012880951166
4.0,0.15,0.17391721904277802,1.2171827717841834e-16,0.002813983242958784
4.004166666666666,0.15,0.1738332211971283,1.2216175186586517e-16,0.0028138647321611643
4.008333333333333,0.15,0.1737489402294159,1.226115925353062e-16,0.00281374529004097
4.0125,0.15,0.1736644059419632,1.2307241816328195e-16,0.0028136251494288445
4.016666666666667,0.15,0.1735796183347702,1.235460419296951e-16,0.002813504310324788
4.020833333333333,0.15,0.17349456250667572,1.240372019250944e-16,0.0028133827727288008
4.025,0.15,0.17340925335884094,1.2454849218788077e-16,0.0028132605366408825
4.029166666666667,0.15,0.17332370579242706,1.2508169942817735e-16,0.0028131376020610332
4.033333333333333,0.15,0.1732378900051117,1.2564158820631245e-16,0.0028130142018198967
4.0375,0.15,0.17315185070037842,1.2623079226535642e-16,0.0028128898702561855
4.041666666666667,0.15,0.17306555807590485,1.268465322784511e-16,0.0028127648402005434
4.045833333333333,0.15,0.17297902703285217,1.2748335547099851e-16,0.0028126391116529703
4.05,0.15,0.1728922575712204,1.281368678595848e-16,0.00281251291744411
4.054166666666666,0.15,0.17280524969100952,1.2879849323561902e-16,0.002812385791912675
4.058333333333334,0.15,0.17271801829338074,1.294533158782956e-16,0.0028122582007199526
4.0625,0.15,0.17263056337833405,1.3010126961316554e-16,0.0028121299110352993
4.066666666666666,0.15,0.17254287004470825,1.307417853399674e-16,0.0028120006900280714
4.070833333333333,0.15,0.17245496809482574,1.3135998704256503e-16,0.0028118712361902
4.075,0.15,0.17236684262752533,1.319616980724708e-16,0.0028117408510297537
4.079166666666667,0.15,0.1722785085439682,1.3254387440503053e-16,0.0028116097673773766
4.083333333333333,0.15,0.17218995094299316,1.330892577439439e-16,0.0028114779852330685
4.0875,0.15,0.1721011847257614,1.33584083803818e-16,0.002811345737427473
4.091666666666667,0.15,0.17201222479343414,1.3401978961095174e-16,0.0028112127911299467
4.095833333333333,0.15,0.17192304134368896,1.3438647546777405e-16,0.0028110791463404894
4.1,0.15,0.17183366417884827,1.3468768832475156e-16,0.002810944803059101
4.104166666666667,0.15,0.17174409329891205,1.349208341434833e-16,0.0028108099941164255
4.108333333333333,0.15,0.1716543287038803,1.3509148481257545e-16,0.002810674486681819
4.1125,0.15,0.17156437039375305,1.3519977268092599e-16,0.0028105382807552814
4.116666666666666,0.15,0.17147421836853027,1.3524583009743294e-16,0.002810401376336813
4.120833333333334,0.15,0.17138387262821198,1.352297629412147e-16,0.002810264006257057
4.125,0.15,0.17129334807395935,1.351515844471611e-16,0.0028101259376853704
4.129166666666666,0.15,0.1712026447057724,1.3501345190230964e-16,0.0028099871706217527
4.133333333333333,0.15,0.17111176252365112,1.3482327977076125e-16,0.0028098479378968477
4.1375,0.15,0.17102070152759552,1.3459505733103542e-16,0.0028097080066800117
4.141666666666667,0.15,0.1709294617176056,1.3434008717902208e-16,0.002809567376971245
4.145833333333333,0.15,0.17083805799484253,1.340675410933532e-16,0.002809426048770547
4.15,0.15,0.17074649035930634,1.3379406856539827e-16,0.0028092842549085617
4.154166666666667,0.15,0.170654758810997,1.3353078690259e-16,0.002809141995385289
4.158333333333333,0.15,0.17056286334991455,1.332891178148265e-16,0.0028089990373700857
4.1625,0.15,0.17047080397605896,1.330690613021078e-16,0.0028088553808629513
4.166666666666667,0.15,0.17037858068943024,1.32875858380795e-16,0.002808711025863886
4.170833333333333,0.15,0.17028620839118958,1.327087414272797e-16,0.002808566205203533
4.175,0.15,0.17019370198249817,1.3256802807891708e-16,0.002808420918881893
4.179166666666666,0.15,0.17010103166103363,1.324340909941325e-16,0.0028082747012376785
4.183333333333334,0.15,0.17000821232795715,1.3231227706840548e-16,0.0028081282507628202
4.1875,0.15,0.16991525888442993,1.321972129364769e-16,0.002807981101796031
4.191666666666666,0.15,0.16982215642929077,1.3210262317907024e-16,0.002807833254337311
4.195833333333333,0.15,0.16972891986370087,1.3200395707560492e-16,0.0028076849412173033
4.2,0.15,0.16963554918766022,1.318774712337782e-16,0.002807535929605365
4.204166666666667,0.15,0.16954204440116882,1.317056029548244e-16,0.002807386452332139
4.208333333333333,0.15,0.16944842040538788,1.3145526501424134e-16,0.0028072362765669823
4.2125,0.15,0.1693546622991562,1.3110330958976738e-16,0.002807085635140538
4.216666666666667,0.15,0.16926077008247375,1.3062504037703412e-16,0.002806934528052807
4.220833333333333,0.15,0.16916677355766296,1.3002851742393028e-16,0.0028067827224731445
4.225,0.15,0.16907264292240143,1.293332224882427e-16,0.0028066302184015512
4.229166666666667,0.15,0.16897840797901154,1.2855127872902898e-16,0.0028064772486686707
4.233333333333333,0.15,0.1688840389251709,1.2767841127688342e-16,0.0028063238132745028
4.2375,0.15,0.1687895804643631,1.267407060996035e-16,0.0028061699122190475
4.241666666666666,0.15,0.16869500279426575,1.2576500355370536e-16,0.0028060150798410177
4.245833333333334,0.15,0.16860032081604004,1.247532756377693e-16,0.0028058600146323442
4.25,0.15,0.16850553452968597,1.2372035866326208e-16,0.00280570425093174
4.254166666666666,0.15,0.16841064393520355,1.2266074691602655e-16,0.002805548021569848
4.258333333333333,0.15,0.16831564903259277,1.215836518793641e-16,0.002805391326546669
4.2625,0.15,0.16822056472301483,1.2050037614916466e-16,0.002805233933031559
4.266666666666667,0.15,0.16812539100646973,1.1943044118788447e-16,0.0028050760738551617
4.270833333333333,0.15,0.16803012788295746,1.1840717244804207e-16,0.002804917749017477
4.275,0.15,0.16793476045131683,1.1743391835675708e-16,0.0028047587256878614
4.279166666666667,0.15,0.16783931851387024,1.165106392093601e-16,0.0028045992366969585
4.283333333333333,0.15,0.16774378716945648,1.156372158918429e-16,0.0028044392820447683
4.2875,0.15,0.16764818131923676,1.1481903500435445e-16,0.002804278861731291
4.291666666666667,0.15,0.16755250096321106,1.1404943939732491e-16,0.0028041177429258823
4.295833333333333,0.15,0.1674567312002182,1.1332183809563347e-16,0.0028039561584591866
4.3,0.15,0.16736090183258057,1.126140097193045e-16,0.0028037941083312035
4.304166666666666,0.15,0.16726498305797577,1.1192874683008596e-16,0.002803631592541933
4.308333333333334,0.15,0.1671690046787262,1.112587570036976e-16,0.0028034683782607317
4.3125,0.15,0.16707296669483185,1.1060001021619508e-16,0.002803304698318243
4.316666666666666,0.15,0.16697685420513153,1.0994265309212164e-16,0.0028031407855451107
4.320833333333333,0.15,0.16688068211078644,1.0928548125650541e-16,0.0028029759414494038
4.325,0.15,0.16678445041179657,1.0861700682499926e-16,0.002802810864523053
4.329166666666667,0.15,0.16668817400932312,1.0792950723940439e-16,0.0028026453219354153
4.333333333333333,0.15,0.1665918231010437,1.0721907820722954e-16,0.0028024790808558464
4.3375,0.15,0.1664954274892807,1.0648141177184455e-16,0.0028023123741149902
4.341666666666667,0.15,0.16639898717403412,1.0572043207807537e-16,0.0028021454345434904
4.345833333333333,0.15,0.16630250215530396,1.0494742848692211e-16,0.0028019777964800596
4.35,0.15,0.16620595753192902,1.0416855522214218e-16,0.0028018096927553415
4.354166666666667,0.15,0.1661093831062317,1.0339115103013015e-16,0.0028016408905386925
4.358333333333333,0.15,0.16601276397705078,1.0261242334913803e-16,0.0028014718554913998
4.3625,0.15,0.1659161001443863,1.0183623676698767e-16,0.0028013023547828197
4.366666666666666,0.15,0.16581940650939941,1.0107646144819036e-16,0.0028011323884129524
4.370833333333334,0.15,0.16572268307209015,1.0034972041433597e-16,0.002800961723551154
4.375,0.15,0.1656259149312973,9.966039441394858e-17,0.002800790825858712
4.379166666666666,0.15,0.16552913188934326,9.90303871896486e-17,0.0028006192296743393
4.383333333333333,0.15,0.16543230414390564,9.845715764259425e-17,0.0028004474006593227
4.3875,0.15,0.16533547639846802,9.792357982538324e-17,0.0028002748731523752
4.391666666666667,0.15,0.16523860394954681,9.742332084324587e-17,0.002800102112814784
4.395833333333333,0.15,0.16514171659946442,9.695134482061291e-17,0.002799928653985262
4.4,0.15,0.16504482924938202,9.649617049058213e-17,0.002799754962325096
4.404166666666667,0.15,0.16494791209697723,9.605080983133868e-17,0.002799580805003643
4.408333333333333,0.15,0.16485098004341125,9.560452272980917e-17,0.002799405949190259
4.4125,0.15,0.16475403308868408,9.515117481457091e-17,0.0027992308605462313
4.416666666666667,0.15,0.1646570861339569,9.467589668693264e-17,0.0027990553062409163
4.420833333333333,0.15,0.16456012427806854,9.419519225447603e-17,0.0027988790534436703
4.425,0.15,0.16446316242218018,9.372031779097668e-17,0.0027987025678157806
4.429166666666666,0.15,0.1643662005662918,9.326772426445707e-17,0.0027985256165266037
4.433333333333334,0.15,0.16426922380924225,9.285381632082534e-17,0.0027983481995761395
4.4375,0.15,0.16417226195335388,9.248476803617358e-17,0.002798170316964388
4.441666666666666,0.15,0.16407530009746552,9.21701085311584e-17,0.0027979922015219927
4.445833333333333,0.15,0.16397835314273834,9.191346416558525e-17,0.0027978133875876665
4.45,0.15,0.16388140618801117,9.171473567778061e-17,0.002797634107992053
4.454166666666667,0.15,0.163784459233284,9.157640460958215e-17,0.002797454595565796
4.458333333333333,0.15,0.1636875420808792,9.150092603304791e-17,0.0027972746174782515
4.4625,0.15,0.16359062492847443,9.148301260970246e-17,0.0027970941737294197
4.466666666666667,0.15,0.16349373757839203,9.152255184298249e-17,0.0027969132643193007
4.470833333333333,0.15,0.16339685022830963,9.16194180014349e-17,0.0027967318892478943
4.475,0.15,0.16329999268054962,9.177359785016989e-17,0.0027965502813458443
4.479166666666667,0.15,0.163203164935112,9.197535712773892e-17,0.002796368207782507
4.483333333333333,0.15,0.16310635209083557,9.22184224963764e-17,0.0027961856685578823
4.4875,0.15,0.16300956904888153,9.249088917270647e-17,0.0027960026636719704
4.491666666666666,0.15,0.16291281580924988,9.27783906838503e-17,0.002795819193124771
4.495833333333334,0.15,0.1628160923719406,9.30670436304068e-17,0.002795635489746928
4.5,0.15,0.16271941363811493,9.334555865137586e-17,0.0027954510878771544
4.504166666666666,0.15,0.16262274980545044,9.360757638220816e-17,0.002795266453176737
4.508333333333333,0.15,0.16252613067626953,9.385064175084564e-17,0.0027950815856456757
4.5125,0.15,0.162429541349411,9.406262498078583e-17,0.0027948960196226835
4.516666666666667,0.15,0.16233301162719727,9.423453296440905e-17,0.0027947102207690477
4.520833333333333,0.15,0.1622365117073059,9.437371768299967e-17,0.0027945241890847683
4.525,0.15,0.16214005649089813,9.447500429464556e-17,0.002794337458908558
4.529166666666667,0.15,0.16204364597797394,9.45456719887372e-17,0.002794150495901704
4.533333333333333,0.15,0.16194728016853333,9.458252453938766e-17,0.0027939630672335625
4.5375,0.15,0.1618509739637375,9.460460033557547e-17,0.002793775172904134
4.541666666666667,0.15,0.16175471246242523,9.462323506041507e-17,0.0027935870457440615
4.545833333333333,0.15,0.16165851056575775,9.466252944823379e-17,0.002793398452922702
4.55,0.15,0.16156236827373505,9.473876903093157e-17,0.002793209394440055
4.554166666666666,0.15,0.16146627068519592,9.486276009603082e-17,0.0027930201031267643
4.558333333333334,0.15,0.16137023270130157,9.505321016026503e-17,0.0027928303461521864
4.5625,0.15,0.1612742692232132,9.533096417507054e-17,0.002792640356346965
4.566666666666666,0.15,0.1611783653497696,9.570119698235947e-17,0.0027924496680498123
4.570833333333333,0.15,0.16108252108097076,9.614760319789719e-17,0.00279225897975266
4.575,0.15,0.1609867364168167,9.664213147275079e-17,0.0027920675929635763
4.579166666666667,0.15,0.16089104115962982,9.716622649141949e-17,0.002791875973343849
4.583333333333333,0.15,0.1607953906059265,9.770116750227998e-17,0.0027916841208934784
4.5875,0.15,0.16069982945919037,9.825028969756208e-17,0.0027914918027818203
4.591666666666667,0.15,0.1606043428182602,9.880861675870068e-17,0.002791299019008875
4.595833333333333,0.15,0.160508930683136,9.936674529649226e-17,0.002791106002405286
4.6,0.15,0.16041359305381775,9.992185627940924e-17,0.0027909125201404095
4.604166666666667,0.15,0.16031832993030548,1.004905462592619e-16,0.002790718572214246
4.608333333333333,0.15,0.16022315621376038,1.0107755994404383e-16,0.0027905243914574385
4.6125,0.15,0.16012805700302124,1.0167537991634816e-16,0.0027903299778699875
4.616666666666666,0.15,0.16003304719924927,1.0230044390930753e-16,0.002790135098621249
4.620833333333334,0.15,0.15993812680244446,1.0295729810756853e-16,0.0027899397537112236
4.625,0.15,0.15984328091144562,1.0362669898136075e-16,0.0027897441759705544
4.629166666666666,0.15,0.15974853932857513,1.0430079162358736e-16,0.0027895483653992414
4.633333333333333,0.15,0.15965388715267181,1.049908786301383e-16,0.0027893520891666412
4.6375,0.15,0.15955932438373566,1.057209813260021e-16,0.0027891553472727537
4.641666666666667,0.15,0.15946485102176666,1.0648779760617346e-16,0.0027889583725482225
4.645833333333333,0.15,0.15937048196792603,1.0728872681480651e-16,0.0027887611649930477
4.65,0.15,0.15927620232105255,1.0813640827166105e-16,0.0027885634917765856
4.654166666666667,0.15,0.15918202698230743,1.0902141873519888e-16,0.002788365352898836
4.658333333333333,0.15,0.15908795595169067,1.0991530319234819e-16,0.002788166981190443
4.6625,0.15,0.15899398922920227,1.1080644802730872e-16,0.0027879683766514063
4.666666666666667,0.15,0.15890011191368103,1.116812808605897e-16,0.0027877693064510822
4.670833333333333,0.15,0.15880635380744934,1.1252804911004798e-16,0.0027875700034201145
4.675,0.15,0.158712700009346,1.133300172575304e-16,0.0027873702347278595
4.679166666666666,0.15,0.15861916542053223,1.140805943279161e-16,0.002787170233204961
4.683333333333334,0.15,0.1585257351398468,1.147808126426096e-16,0.0027869699988514185
4.6875,0.15,0.15843240916728973,1.1540690233952854e-16,0.002786769298836589
4.691666666666666,0.15,0.15833920240402222,1.1597129098019592e-16,0.0027865683659911156
4.695833333333333,0.15,0.15824611485004425,1.1646914782983443e-16,0.002786366967484355
4.7,0.15,0.15815313160419464,1.16914634220531e-16,0.0027861653361469507
4.704166666666667,0.15,0.15806028246879578,1.1732232176595633e-16,0.002785963239148259
4.708333333333333,0.15,0.15796753764152527,1.1770589534216452e-16,0.0027857611421495676
4.7125,0.15,0.1578749269247055,1.1810067887003402e-16,0.002785558346658945
4.716666666666667,0.15,0.1577824354171753,1.1852964811825912e-16,0.0027853555511683226
4.720833333333333,0.15,0.15769006311893463,1.1902329627294097e-16,0.0027851522900164127
4.725,0.15,0.15759782493114471,1.1958576585458723e-16,0.0027849487960338593
4.729166666666667,0.15,0.15750570595264435,1.2022138467216278e-16,0.0027847448363900185
4.733333333333333,0.15,0.15741372108459473,1.2094050240949188e-16,0.002784540643915534
4.7375,0.15,0.15732187032699585,1.217269725010175e-16,0.002784336218610406
4.741666666666666,0.15,0.15723013877868652,1.2254839593650715e-16,0.002784131560474634
4.745833333333334,0.15,0.15713855624198914,1.2335998584887478e-16,0.002783926436677575
4.75,0.15,0.1570470929145813,1.241431869226196e-16,0.0027837210800498724
4.754166666666666,0.15,0.1569557785987854,1.2487408371187144e-16,0.0027835152577608824
4.758333333333333,0.15,0.15686459839344025,1.2555324531689178e-16,0.0027833094354718924
4.7625,0.15,0.15677355229854584,1.2617157936838742e-16,0.0027831029146909714
4.766666666666667,0.15,0.15668265521526337,1.2671786267980724e-16,0.0027828963939100504
4.770833333333333,0.15,0.15659189224243164,1.2717322229829523e-16,0.0027826896402984858
4.775,0.15,0.15650126338005066,1.2753589798350788e-16,0.002782482421025634
4.779166666666667,0.15,0.1564107984304428,1.277920460407135e-16,0.002782274968922138
4.783333333333333,0.15,0.1563204675912857,1.2792974183420153e-16,0.0027820670511573553
4.7875,0.15,0.15623028576374054,1.2794661631869761e-16,0.0027818591333925724
4.791666666666667,0.15,0.1561402529478073,1.2784990897892281e-16,0.002781650749966502
4.795833333333333,0.15,0.15605036914348602,1.2765339733515982e-16,0.0027814421337097883
4.8,0.15,0.15596063435077667,1.2738748192928117e-16,0.002781233284622431
4.804166666666666,0.15,0.15587104856967926,1.2708247065893082e-16,0.002781023969873786
4.808333333333334,0.15,0.1557816118001938,1.2676152458126024e-16,0.0027808144222944975
4.8125,0.15,0.15569233894348145,1.264365550970902e-16,0.0027806046418845654
4.816666666666666,0.15,0.15560322999954224,1.2610756220642072e-16,0.0027803946286439896
4.820833333333333,0.15,0.15551427006721497,1.2577159452882618e-16,0.00278018438257277
4.825,0.15,0.15542547404766083,1.2545905260617914e-16,0.0027799736708402634
4.829166666666667,0.15,0.15533682703971863,1.2518605653425704e-16,0.0027797629591077566
4.833333333333333,0.15,0.15524834394454956,1.2495976638844214e-16,0.0027795517817139626
4.8375,0.15,0.15516002476215363,1.2477758813033346e-16,0.002779340371489525
4.841666666666667,0.15,0.15507186949253082,1.2464191727498496e-16,0.0027791284956038
4.845833333333333,0.15,0.15498387813568115,1.2454550110278578e-16,0.002778916619718075
4.85,0.15,0.1548960655927658,1.2447693113872758e-16,0.0027787042781710625
4.854166666666667,0.15,0.1548084020614624,1.2442223133918068e-16,0.00277849193662405
4.858333333333333,0.15,0.15472091734409332,1.2436980794067952e-16,0.0027782791294157505
4.8625,0.15,0.15463359653949738,1.2431275233074806e-16,0.002778066089376807
4.866666666666666,0.15,0.15454643964767456,1.2423936486680235e-16,0.0027778525836765766
4.870833333333334,0.15,0.15445947647094727,1.2414314721795019e-16,0.002777639077976346
4.875,0.15,0.1543726623058319,1.2401483496133096e-16,0.0027774253394454718
4.879166666666666,0.15,0.15428604185581207,1.2384734743090122e-16,0.00277721113525331
4.883333333333333,0.15,0.15419958531856537,1.2363876556763985e-16,0.002776996698230505
4.8875,0.15,0.154113307595253,1.2337500744879874e-16,0.0027767822612076998
4.891666666666667,0.15,0.15402720868587494,1.2304408226421833e-16,0.0027765673585236073
4.895833333333333,0.15,0.15394127368927002,1.2265757054247435e-16,0.002776352223008871
4.9,0.15,0.15385553240776062,1.222418361840501e-16,0.0027761368546634912
4.904166666666667,0.15,0.15376996994018555,1.2179697183317418e-16,0.0027759212534874678
4.908333333333333,0.15,0.1536845862865448,1.2131788205727327e-16,0.002775705186650157
4.9125,0.15,0.15359939634799957,1.2081867524887507e-16,0.002775489119812846
4.916666666666667,0.15,0.15351438522338867,1.2030853642150136e-16,0.0027752728201448917
4.920833333333333,0.15,0.1534295529127121,1.198131677311454e-16,0.00277505605481565
4.925,0.15,0.15334491431713104,1.193464922818777e-16,0.0027748392894864082
4.929166666666666,0.15,0.15326045453548431,1.1891015120003352e-16,0.002774622058495879
4.933333333333334,0.15,0.1531761884689331,1.1853220245199069e-16,0.00277440482750535
4.9375,0.15,0.15309210121631622,1.1822613239045627e-16,0.0027741871308535337
4.941666666666666,0.15,0.15300822257995605,1.1801740494340709e-16,0.0027739692013710737
4.945833333333333,0.15,0.1529245227575302,1.1791283607909058e-16,0.0027737512718886137
4.95,0.15,0.1528410166501999,1.1790756859294984e-16,0.0027735328767448664
4.954166666666667,0.15,0.1527577042579651,1.1799244394124269e-16,0.0027733142487704754
4.958333333333333,0.15,0.1526745855808258,1.1816067262550127e-16,0.0027730953879654408
4.9625,0.15,0.15259166061878204,1.184012432174113e-16,0.002772876527160406
4.966666666666667,0.15,0.1525089293718338,1.186680585957964e-16,0.002772657200694084
4.970833333333333,0.15,0.15242639183998108,1.189097409184497e-16,0.0027724376413971186
4.975,0.15,0.15234406292438507,1.190938911751387e-16,0.0027722178492695093
4.979166666666667,0.15,0.15226192772388458,1.192045613236534e-16,0.0027719978243112564
4.983333333333333,0.15,0.15217998623847961,1.1921795503213185e-16,0.00277177756652236
4.9875,0.15,0.15209825336933136,1.1913898244469019e-16,0.0027715573087334633
4.991666666666666,0.15,0.15201672911643982,1.1896491717402943e-16,0.0027713365852832794
4.995833333333334,0.15,0.1519353985786438,1.1871423512631156e-16,0.002771115629002452
5.0,0.15,0.1518542617559433,1.1842208816884763e-16,0.0027708944398909807
5.004166666666666,0.15,0.1517733335494995,1.1809985830686637e-16,0.0027706732507795095
5.008333333333333,0.15,0.15169261395931244,1.1777791961246073e-16,0.002770451596006751
5.0125,0.15,0.15161210298538208,1.1747195543004472e-16,0.002770229708403349
5.016666666666667,0.15,0.15153180062770844,1.172143912396304e-16,0.002770007820799947
5.020833333333333,0.15,0.1514517068862915,1.1702824251458147e-16,0.0027697854675352573
5.025,0.15,0.1513718068599701,1.1694626560715502e-16,0.002769563114270568
5.029166666666667,0.15,0.1512921303510666,1.1697457503643903e-16,0.002769340295344591
5.033333333333333,0.15,0.1512126624584198,1.1713851561640214e-16,0.0027691174764186144
5.0375,0.15,0.15113338828086853,1.1745660295787573e-16,0.002768894424661994
5.041666666666667,0.15,0.15105433762073517,1.179334030978411e-16,0.00276867114007473
5.045833333333333,0.15,0.15097551047801971,1.1855938691564163e-16,0.002768447622656822
5.05,0.15,0.15089687705039978,1.1931789168501806e-16,0.002768223872408271
5.054166666666666,0.15,0.15081846714019775,1.202092482782154e-16,0.002767999889329076
5.058333333333334,0.15,0.15074028074741364,1.2121258527401772e-16,0.002767775673419237
5.0625,0.15,0.15066228806972504,1.2230497984328995e-16,0.002767551224678755
5.066666666666666,0.15,0.15058453381061554,1.2344427886201638e-16,0.002767326543107629
5.070833333333333,0.15,0.15050698816776276,1.2461481222067282e-16,0.002767101861536503
5.075,0.15,0.1504296511411667,1.2576522854683197e-16,0.0027668767143040895
5.079166666666667,0.15,0.15035253763198853,1.268655772848745e-16,0.0027666515670716763
5.083333333333333,0.15,0.15027564764022827,1.2788801222665946e-16,0.0027664261870086193
5.0875,0.15,0.15019898116588593,1.2881643974618897e-16,0.0027662005741149187
5.091666666666667,0.15,0.1501225233078003,1.2963027958982275e-16,0.0027659747283905745
5.095833333333333,0.15,0.15004628896713257,1.3029944885304344e-16,0.0027657486498355865
5.1,0.15,0.14997027814388275,1.308055510390279e-16,0.0027655225712805986
5.104166666666667,0.15,0.14989449083805084,1.3114153195151223e-16,0.0027652960270643234
5.108333333333333,0.15,0.14981892704963684,1.313266086504873e-16,0.002765069482848048
5.1125,0.15,0.14974358677864075,1.3135600334073498e-16,0.0027648427058011293
5.116666666666666,0.15,0.14966847002506256,1.3125118301351226e-16,0.002764615463092923
5.120833333333334,0.15,0.14959359169006348,1.3100518611678389e-16,0.0027643884532153606
5.125,0.15,0.1495189219713211,1.3062711825473285e-16,0.002764160977676511
5.129166666666666,0.15,0.14944447576999664,1.3014483887038993e-16,0.0027639332693070173
5.133333333333333,0.15,0.14937026798725128,1.2959565711810373e-16,0.002763705560937524
5.1375,0.15,0.14929628372192383,1.289977577364606e-16,0.0027634776197373867
5.141666666666667,0.15,0.14922253787517548,1.2840243915832863e-16,0.002763249445706606
5.145833333333333,0.15,0.14914900064468384,1.278326109779531e-16,0.0027630210388451815
5.15,0.15,0.1490757167339325,1.2732522500765798e-16,0.0027627923991531134
5.154166666666667,0.15,0.14900264143943787,1.2692190497586692e-16,0.0027625637594610453
5.158333333333333,0.15,0.14892980456352234,1.2665289260577488e-16,0.00276233465410769
5.1625,0.15,0.1488572061061859,1.2653649174997641e-16,0.0027621055487543344
5.166666666666667,0.15,0.1487848311662674,1.2658674462655024e-16,0.0027618762105703354
5.170833333333333,0.15,0.14871269464492798,1.2679442651730515e-16,0.0027616468723863363
5.175,0.15,0.14864078164100647,1.2713817631010259e-16,0.00276141706854105
5.179166666666666,0.15,0.14856910705566406,1.276110192180175e-16,0.0027611872646957636
5.183333333333334,0.15,0.14849767088890076,1.282039290462057e-16,0.0027609572280198336
5.1875,0.15,0.14842645823955536,1.288775187626199e-16,0.00276072695851326
5.191666666666666,0.15,0.14835548400878906,1.2959004552482817e-16,0.002760496689006686
5.195833333333333,0.15,0.14828474819660187,1.3030433252737996e-16,0.002760266186669469
5.2,0.15,0.14821425080299377,1.3099518054009445e-16,0.0027600352186709642
5.204166666666667,0.15,0.1481439769268036,1.31618305621698e-16,0.0027598044835031033
5.208333333333333,0.15,0.1480739563703537,1.3216035376838154e-16,0.002759573282673955
5.2125,0.15,0.1480041742324829,1.3257733220644707e-16,0.0027593420818448067
5.216666666666667,0.15,0.14793461561203003,1.328461328183023e-16,0.0027591106481850147
5.220833333333333,0.15,0.14786529541015625,1.3295268691608893e-16,0.002758878981694579
5.225,0.15,0.14779622852802277,1.3291104995277547e-16,0.0027586470823735
5.229166666666667,0.15,0.1477273851633072,1.327304466465531e-16,0.0027584151830524206
5.233333333333333,0.15,0.1476587951183319,1.32438974668469e-16,0.0027581830509006977
5.2375,0.15,0.14759044349193573,1.3206436111265599e-16,0.002757950685918331
5.241666666666666,0.15,0.14752233028411865,1.3163426689879782e-16,0.002757718088105321
5.245833333333334,0.15,0.14745445549488068,1.3119287008904972e-16,0.0027574854902923107
5.25,0.15,0.1473868191242218,1.3076797718688328e-16,0.002757252659648657
5.254166666666666,0.15,0.14731942117214203,1.3038510505983454e-16,0.002757019829005003
5.258333333333333,0.15,0.14725227653980255,1.3005333284230687e-16,0.002756786532700062
5.2625,0.15,0.14718537032604218,1.2978171319892405e-16,0.0027565532363951206
5.266666666666667,0.15,0.1471187025308609,1.2959588211123034e-16,0.0027563199400901794
5.270833333333333,0.15,0.14705228805541992,1.294954954720909e-16,0.002756086178123951
5.275,0.15,0.14698609709739685,1.2949429109711903e-16,0.0027558524161577225
5.279166666666667,0.15,0.14692017436027527,1.295966894395082e-16,0.0027556184213608503
5.283333333333333,0.15,0.1468544751405716,1.2980940058838743e-16,0.002755384426563978
5.2875,0.15,0.1467890441417694,1.3013703028540743e-16,0.0027551499661058187
5.291666666666667,0.15,0.14672383666038513,1.305702744030382e-16,0.002754915738478303
5.295833333333333,0.15,0.14665888249874115,1.311022110939139e-16,0.0027546810451895
5.3,0.15,0.14659418165683746,1.3170963959621365e-16,0.0027544463519006968
5.304166666666666,0.15,0.14652971923351288,1.3236954443657375e-16,0.00275421142578125
5.308333333333334,0.15,0.1464654952287674,1.330330756367393e-16,0.0027539762668311596
5.3125,0.15,0.1464015245437622,1.3367926913126571e-16,0.002753741107881069
5.316666666666666,0.15,0.14633780717849731,1.3429911196019865e-16,0.002753505716100335
5.320833333333333,0.15,0.14627432823181152,1.348645593920501e-16,0.002753270324319601
5.325,0.15,0.14621110260486603,1.3537599523862428e-16,0.0027530344668775797
5.329166666666667,0.15,0.14614811539649963,1.3581735234370298e-16,0.002752798842266202
5.333333333333333,0.15,0.14608538150787354,1.3617705017871044e-16,0.002752562751993537
5.3375,0.15,0.14602290093898773,1.3644578461611667e-16,0.002752326661720872
5.341666666666667,0.15,0.14596067368984222,1.3663095395932034e-16,0.0027520903386175632
5.345833333333333,0.15,0.14589868485927582,1.3672796570156055e-16,0.0027518540155142546
5.35,0.15,0.1458369493484497,1.3672985829080208e-16,0.0027516174595803022
5.354166666666667,0.15,0.1457754522562027,1.3665279152749174e-16,0.0027513806708157063
5.358333333333333,0.15,0.14571420848369598,1.3652031028058524e-16,0.0027511438820511103
5.3625,0.15,0.14565323293209076,1.3632540005848815e-16,0.0027509068604558706
5.366666666666666,0.15,0.14559248089790344,1.360937365474141e-16,0.002750669838860631
5.370833333333334,0.15,0.14553199708461761,1.3583881933495995e-16,0.0027504325844347477
5.375,0.15,0.1454717516899109,1.3559120778167588e-16,0.0027501950971782207
5.379166666666666,0.15,0.14541177451610565,1.3535324446305663e-16,0.002749957609921694
5.383333333333333,0.15,0.14535203576087952,1.3512713960569893e-16,0.002749719889834523
5.3875,0.15,0.14529255032539368,1.3491788276305772e-16,0.0027494821697473526
5.391666666666667,0.15,0.14523330330848694,1.3470678627073418e-16,0.0027492439839988947
5.395833333333333,0.15,0.1451743245124817,1.3449153402301318e-16,0.0027490060310810804
5.4,0.15,0.14511559903621674,1.3426276895280552e-16,0.0027487678453326225
5.404166666666667,0.15,0.14505711197853088,1.3402761143082404e-16,0.002748529426753521
5.408333333333333,0.15,0.14499887824058533,1.3379046867537244e-16,0.0027482907753437757
5.4125,0.15,0.14494089782238007,1.3354928927853158e-16,0.0027480521239340305
5.416666666666667,0.15,0.1448831707239151,1.3330650846002482e-16,0.0027478134725242853
5.420833333333333,0.15,0.14482569694519043,1.330643364464489e-16,0.0027475745882838964
5.425,0.15,0.14476847648620605,1.328134161707146e-16,0.002747335471212864
5.429166666666666,0.15,0.14471150934696198,1.3256278706255594e-16,0.0027470963541418314
5.433333333333334,0.15,0.1446547955274582,1.3232868833175853e-16,0.0027468570042401552
5.4375,0.15,0.1445983350276947,1.321224358091021e-16,0.002746617654338479
5.441666666666666,0.15,0.14454211294651031,1.3197173011893985e-16,0.002746378071606159
5.445833333333333,0.15,0.14448615908622742,1.3187217727785787e-16,0.0027461384888738394
5.45,0.15,0.14443045854568481,1.3182364493695816e-16,0.002745898673310876
5.454166666666667,0.15,0.1443749964237213,1.31830699133222e-16,0.0027456586249172688
5.458333333333333,0.15,0.1443198025226593,1.3189532510011955e-16,0.0027454185765236616
5.4625,0.15,0.14426486194133759,1.320131685589063e-16,0.002745178295299411
5.466666666666667,0.15,0.14421015977859497,1.3217721501798782e-16,0.00274493801407516
5.470833333333333,0.15,0.14415572583675385,1.3235728892861817e-16,0.0027446977328509092
5.475,0.15,0.14410153031349182,1.3255102124552299e-16,0.002744457218796015
5.479166666666667,0.15,0.1440476030111313,1.3273752731259654e-16,0.0027442164719104767
5.483333333333333,0.15,0.14399392902851105,1.328961739366393e-16,0.0027439757250249386
5.4875,0.15,0.1439404934644699,1.3301994662605685e-16,0.002743734745308757
5.491666666666666,0.15,0.14388732612133026,1.3309500168611746e-16,0.002743493765592575
5.495833333333334,0.15,0.1438344120979309,1.3310737630808125e-16,0.0027432525530457497
5.5,0.15,0.14378173649311066,1.330614115358029e-16,0.0027430113404989243
5.504166666666666,0.15,0.1437293291091919,1.329756626847832e-16,0.002742769895121455
5.508333333333333,0.15,0.14367716014385223,1.3286877771475156e-16,0.002742528449743986
5.5125,0.15,0.14362525939941406,1.3276162804692389e-16,0.002742287004366517
5.516666666666667,0.15,0.1435736119747162,1.326634119297118e-16,0.0027420450933277607
5.520833333333333,0.15,0.1435222178697586,1.3257701456909185e-16,0.002741803415119648
5.525,0.15,0.14347106218338013,1.324996169335365e-16,0.0027415615040808916
5.529166666666667,0.15,0.14342017471790314,1.3243827321930956e-16,0.0027413193602114916
5.533333333333333,0.15,0.14336954057216644,1.3240238019816966e-16,0.0027410772163420916
5.5375,0.15,0.14331915974617004,1.323919775747862e-16,0.002740834839642048
5.541666666666667,0.15,0.14326901733875275,1.3240481541789301e-16,0.002740592462942004
5.545833333333333,0.15,0.14321914315223694,1.3242927349424498e-16,0.0027403500862419605
5.55,0.15,0.14316952228546143,1.3244923170806466e-16,0.002740107476711273
5.554166666666666,0.15,0.1431201547384262,1.3244854349379502e-16,0.002739864867180586
5.558333333333334,0.15,0.1430710256099701,1.324157077321991e-16,0.002739622024819255
5.5625,0.15,0.14302216470241547,1.3234142029574695e-16,0.002739379182457924
5.566666666666666,0.15,0.14297355711460114,1.3220741703651336e-16,0.0027391361072659492
5.570833333333333,0.15,0.1429251879453659,1.3199997337377486e-16,0.0027388930320739746
5.575,0.15,0.14287708699703217,1.3170761465807412e-16,0.0027386497240513563
5.579166666666667,0.15,0.14282923936843872,1.3130739159049646e-16,0.002738406416028738
5.583333333333333,0.15,0.14278163015842438,1.3079705423977574e-16,0.0027381631080061197
5.5875,0.15,0.14273428916931152,1.3018832871827552e-16,0.0027379195671528578
5.591666666666667,0.15,0.14268718659877777,1.2948830892692905e-16,0.002737675793468952
5.595833333333333,0.15,0.1426403522491455,1.2870382406887355e-16,0.0027374320197850466
5.6,0.15,0.14259375631809235,1.2788111684907321e-16,0.002737188246101141
5.604166666666667,0.15,0.14254741370677948,1.270431762711121e-16,0.0027369444724172354
5.608333333333333,0.15,0.1425013393163681,1.2624366981313264e-16,0.002736700465902686
5.6125,0.15,0.14245550334453583,1.2550574529739654e-16,0.002736456226557493
5.616666666666666,0.15,0.14240992069244385,1.2482916449588736e-16,0.002736212220042944
5.620833333333334,0.15,0.14236459136009216,1.242368502377402e-16,0.0027359677478671074
5.625,0.15,0.14231950044631958,1.237378816573584e-16,0.0027357235085219145
5.629166666666666,0.15,0.1422746777534485,1.2335512864431787e-16,0.002735479036346078
5.633333333333333,0.15,0.1422301083803177,1.2310001290851671e-16,0.0027352343313395977
5.6375,0.15,0.142185777425766,1.229953116953022e-16,0.0027349896263331175
5.641666666666667,0.15,0.1421416997909546,1.2303856331517137e-16,0.0027347449213266373
5.645833333333333,0.15,0.14209787547588348,1.2322717372972327e-16,0.002734500216320157
5.65,0.15,0.14205430448055267,1.2356586779461678e-16,0.002734255278483033
5.654166666666667,0.15,0.14201098680496216,1.2403331086749294e-16,0.0027340103406459093
5.658333333333333,0.15,0.14196790754795074,1.245974215754745e-16,0.002733765169978142
5.6625,0.15,0.14192508161067963,1.252276537929011e-16,0.0027335199993103743
5.666666666666667,0.15,0.1418825089931488,1.258983583033387e-16,0.002733274595811963
5.670833333333333,0.15,0.14184018969535828,1.2658176830798512e-16,0.0027330294251441956
5.675,0.15,0.14179810881614685,1.2725290956978614e-16,0.0027327837888151407
5.679166666666666,0.15,0.14175629615783691,1.2788586817451172e-16,0.0027325383853167295
5.683333333333334,0.15,0.14171470701694489,1.284628299604899e-16,0.0027322927489876747
5.6875,0.15,0.14167338609695435,1.2893764486698514e-16,0.00273204711265862
5.691666666666666,0.15,0.1416323035955429,1.2929863972119309e-16,0.0027318012434989214
5.695833333333333,0.15,0.14159147441387177,1.295299061855731e-16,0.002731555374339223
5.7,0.15,0.14155089855194092,1.29615509452805e-16,0.0027313095051795244
5.704166666666667,0.15,0.14151056110858917,1.295576729843753e-16,0.002731063636019826
5.708333333333333,0.15,0.14147047698497772,1.2937554766582582e-16,0.002730817534029484
5.7125,0.15,0.14143063127994537,1.290600146580838e-16,0.002730571199208498
5.716666666666667,0.15,0.14139105379581451,1.286201795653322e-16,0.002730325097218156
5.720833333333333,0.15,0.14135169982910156,1.2809099573153507e-16,0.00273007876239717
5.725,0.15,0.1413125991821289,1.2749342722213696e-16,0.0027298324275761843
5.729166666666667,0.15,0.14127375185489655,1.2685231592529406e-16,0.002729585859924555
5.733333333333333,0.15,0.1412351429462433,1.2621606183300807e-16,0.002729339525103569
5.7375,0.15,0.14119678735733032,1.2561936682633682e-16,0.002729092724621296
5.741666666666666,0.15,0.14115867018699646,1.251153425180511e-16,0.0027288461569696665
5.745833333333334,0.15,0.1411208063364029,1.247409274855851e-16,0.0027285993564873934
5.75,0.15,0.14108318090438843,1.2450309651586386e-16,0.0027283525560051203
5.754166666666666,0.15,0.14104580879211426,1.2441736089973396e-16,0.002728105755522847
5.758333333333333,0.15,0.1410086750984192,1.2450914486050285e-16,0.0027278587222099304
5.7625,0.15,0.14097177982330322,1.2475741815827696e-16,0.0027276116888970137
5.766666666666667,0.15,0.14093513786792755,1.251713922763577e-16,0.002727364655584097
5.770833333333333,0.15,0.14089873433113098,1.2572585474967445e-16,0.00272711762227118
5.775,0.15,0.1408625692129135,1.2638586546915296e-16,0.0027268703561276197
5.779166666666667,0.15,0.14082665741443634,1.2712157975829232e-16,0.0027266230899840593
5.783333333333333,0.15,0.14079098403453827,1.278933723570288e-16,0.002726375823840499
5.7875,0.15,0.1407555490732193,1.286686060271135e-16,0.002726128324866295
5.791666666666667,0.15,0.14072036743164062,1.2940843636698093e-16,0.002725880825892091
5.795833333333333,0.15,0.14068540930747986,1.3008693622751122e-16,0.0027256333269178867
5.8,0.15,0.1406507045030594,1.3065619530762531e-16,0.0027253858279436827
5.804166666666666,0.15,0.14061623811721802,1.3109540836055627e-16,0.002725138096138835
5.808333333333334,0.15,0.14058202505111694,1.3139513890987609e-16,0.0027248903643339872
5.8125,0.15,0.14054803550243378,1.3155348113145344e-16,0.0027246426325291395
5.816666666666666,0.15,0.1405142992734909,1.3157284377523208e-16,0.002724394900724292
5.820833333333333,0.15,0.14048078656196594,1.3145358418323663e-16,0.0027241469360888004
5.825,0.15,0.14044752717018127,1.3119367741732757e-16,0.002723898971453309
5.829166666666667,0.15,0.1404145061969757,1.307933881753009e-16,0.0027236510068178177
5.833333333333333,0.15,0.14038170874118805,1.3025310026896087e-16,0.0027234030421823263
5.8375,0.15,0.14034916460514069,1.2958210459094766e-16,0.0027231548447161913
5.841666666666667,0.15,0.14031685888767242,1.2878296870988263e-16,0.0027229066472500563
5.845833333333333,0.15,0.14028477668762207,1.2787877427357846e-16,0.0027226584497839212
5.85,0.15,0.140252947807312,1.269107214939852e-16,0.002722410252317786
5.854166666666667,0.15,0.14022134244441986,1.2589323640098578e-16,0.0027221618220210075
5.858333333333333,0.15,0.1401899755001068,1.2486070323828279e-16,0.0027219136245548725
5.8625,0.15,0.14015884697437286,1.2385744565181927e-16,0.002721665194258094
5.866666666666666,0.15,0.14012795686721802,1.229173317245956e-16,0.002721416763961315
5.870833333333334,0.15,0.14009730517864227,1.2209134225212465e-16,0.002721168100833893
5.875,0.15,0.14006687700748444,1.2141854662909852e-16,0.002720919670537114
5.879166666666666,0.15,0.1400367021560669,1.209330246967544e-16,0.002720671007409692
5.883333333333333,0.15,0.14000675082206726,1.2065571405075722e-16,0.0027204223442822695
5.8875,0.15,0.13997702300548553,1.206023112704108e-16,0.002720173681154847
5.891666666666667,0.15,0.1399475336074829,1.207912790269873e-16,0.002719925018027425
5.895833333333333,0.15,0.1399182826280594,1.2119929744465767e-16,0.002719676122069359
5.9,0.15,0.13988927006721497,1.2180775826836187e-16,0.0027194274589419365
5.904166666666667,0.15,0.13986048102378845,1.225724834359447e-16,0.0027191785629838705
5.908333333333333,0.15,0.13983191549777985,1.2342222953560817e-16,0.0027189296670258045
5.9125,0.15,0.13980358839035034,1.2430358055211607e-16,0.0027186807710677385
5.916666666666667,0.15,0.13977549970149994,1.2516776591655227e-16,0.002718431642279029
5.920833333333333,0.15,0.13974763453006744,1.2596630622757626e-16,0.002718182746320963
5.925,0.15,0.13971999287605286,1.266643275505628e-16,0.0027179336175322533
5.929166666666666,0.15,0.13969258964061737,1.2724103787363478e-16,0.0027176844887435436
5.933333333333334,0.15,0.1396654099225998,1.276735673072163e-16,0.002717435359954834
5.9375,0.15,0.13963846862316132,1.27946391325571e-16,0.0027171862311661243
5.941666666666666,0.15,0.13961175084114075,1.2806382450277393e-16,0.0027169371023774147
5.945833333333333,0.15,0.13958525657653809,1.2805139694125093e-16,0.0027166877407580614
5.95,0.15,0.13955898582935333,1.2793923125018874e-16,0.0027164386119693518
5.954166666666667,0.15,0.1395329385995865,1.2774408280007523e-16,0.0027161892503499985
5.958333333333333,0.15,0.13950712978839874,1.275048489320351e-16,0.002715939888730645
5.9625,0.15,0.1394815444946289,1.272680238139387e-16,0.002715690527111292
5.966666666666667,0.15,0.13945618271827698,1.2707057249299985e-16,0.0027154411654919386
5.970833333333333,0.15,0.13943104445934296,1.2692861506499595e-16,0.0027151918038725853
5.975,0.15,0.13940612971782684,1.2686952128203516e-16,0.0027149422094225883
5.979166666666667,0.15,0.13938145339488983,1.2691626691281176e-16,0.002714692847803235
5.983333333333333,0.15,0.13935698568820953,1.270963672932217e-16,0.002714443253353238
5.9875,0.15,0.13933274149894714,1.2741871626921117e-16,0.002714193658903241
5.991666666666666,0.15,0.13930872082710266,1.2789052685572162e-16,0.002713944064453244
5.995833333333334,0.15,0.1392849236726761,1.2851164023407543e-16,0.002713694702833891
6.0,0.15,0.13926135003566742,1.2928610628055168e-16,0.0027134448755532503
6.004166666666666,0.15,0.13923798501491547,1.301956343774456e-16,0.0027131952811032534
6.008333333333333,0.15,0.13921485841274261,1.3121030043891744e-16,0.0027129456866532564
6.0125,0.15,0.13919194042682648,1.322970834149141e-16,0.002712695859372616
6.016666666666667,0.15,0.13916924595832825,1.3340570395908218e-16,0.002712446264922619
6.020833333333333,0.15,0.13914677500724792,1.3449902497064047e-16,0.0027121964376419783
6.025,0.15,0.13912451267242432,1.3555126488425692e-16,0.0027119468431919813
6.029166666666667,0.15,0.13910247385501862,1.3654376250531235e-16,0.0027116970159113407
6.033333333333333,0.15,0.13908064365386963,1.3744906867235978e-16,0.0027114471886307
6.0375,0.15,0.13905903697013855,1.3824419438181515e-16,0.0027111973613500595
6.041666666666667,0.15,0.13903765380382538,1.3891590474387762e-16,0.002710947534069419
6.045833333333333,0.15,0.13901647925376892,1.3946904372821428e-16,0.0027106977067887783
6.05,0.15,0.13899552822113037,1.3988726624592109e-16,0.0027104478795081377
6.054166666666666,0.15,0.13897478580474854,1.401917878253488e-16,0.002710198052227497
6.058333333333334,0.15,0.1389542520046234,1.4036857948330854e-16,0.002709947992116213
6.0625,0.15,0.1389339417219162,1.4042497334874996e-16,0.0027096981648355722
6.066666666666666,0.15,0.1389138400554657,1.40363431111176e-16,0.0027094483375549316
6.070833333333333,0.15,0.1388939470052719,1.4020237573718949e-16,0.0027091982774436474
6.075,0.15,0.13887427747249603,1.3997144014505448e-16,0.0027089484501630068
6.079166666666667,0.15,0.13885480165481567,1.396892590596106e-16,0.0027086983900517225
6.083333333333333,0.15,0.13883554935455322,1.3937857002153568e-16,0.002708448562771082
6.0875,0.15,0.13881650567054749,1.3906312965802225e-16,0.0027081985026597977
6.091666666666667,0.15,0.13879768550395966,1.3876363733671885e-16,0.0027079484425485134
6.095833333333333,0.15,0.13877905905246735,1.3851288911455198e-16,0.002707698615267873
6.1,0.15,0.13876064121723175,1.3832634334280902e-16,0.0027074485551565886
6.104166666666667,0.15,0.13874243199825287,1.382291463121116e-16,0.0027071984950453043
6.108333333333333,0.15,0.1387244462966919,1.3823360646997448e-16,0.00270694843493402
6.1125,0.15,0.13870665431022644,1.3834425014870957e-16,0.002706698374822736
6.116666666666666,0.15,0.1386890709400177,1.3857181084394536e-16,0.002706448547542095
6.120833333333334,0.15,0.13867168128490448,1.3891157693491274e-16,0.002706198487430811
6.125,0.15,0.13865451514720917,1.3936853797506663e-16,0.0027059484273195267
6.129166666666666,0.15,0.13863755762577057,1.3992851939743033e-16,0.0027056983672082424
6.133333333333333,0.15,0.1386207938194275,1.4059341379124536e-16,0.002705448307096958
6.1375,0.15,0.13860422372817993,1.4133602345797096e-16,0.002705198246985674
6.141666666666667,0.15,0.13858787715435028,1.4214705750496695e-16,0.0027049481868743896
6.145833333333333,0.15,0.13857172429561615,1.4299383898931504e-16,0.0027046981267631054
6.15,0.15,0.13855578005313873,1.4385987723832336e-16,0.002704448066651821
6.154166666666667,0.15,0.13854002952575684,1.4472686839939734e-16,0.0027041982393711805
6.158333333333333,0.15,0.13852448761463165,1.4558369516510426e-16,0.0027039481792598963
6.1625,0.15,0.138509139418602,1.4639588064751293e-16,0.002703698119148612
6.166666666666667,0.15,0.13849398493766785,1.471536442630605e-16,0.0027034480590373278
6.170833333333333,0.15,0.13847903907299042,1.4784559077162847e-16,0.0027031979989260435
6.175,0.15,0.1384643018245697,1.4846937759772206e-16,0.0027029479388147593
6.179166666666666,0.15,0.1384497433900833,1.4900748174724495e-16,0.002702697878703475
6.183333333333334,0.15,0.13843539357185364,1.4945711065844918e-16,0.0027024480514228344
6.1875,0.15,0.13842123746871948,1.4981884666648597e-16,0.00270219799131155
6.191666666666666,0.15,0.13840727508068085,1.5009054571920758e-16,0.002701947931200266
6.195833333333333,0.15,0.13839352130889893,1.5026050817403008e-16,0.0027016978710889816
6.2,0.15,0.13837994635105133,1.5033131483446462e-16,0.002701448043808341
6.204166666666667,0.15,0.13836658000946045,1.502890028917713e-16,0.0027011979836970568
6.208333333333333,0.15,0.1383533924818039,1.5014502052562788e-16,0.0027009479235857725
6.2125,0.15,0.13834041357040405,1.4989500022240005e-16,0.002700698096305132
6.216666666666667,0.15,0.13832762837409973,1.4955706054622518e-16,0.0027004480361938477
6.220833333333333,0.15,0.13831502199172974,1.4914519077562278e-16,0.002700198208913207
6.225,0.15,0.13830260932445526,1.4867539189236206e-16,0.0026999483816325665
6.229166666666667,0.15,0.1382903903722763,1.4818723621694757e-16,0.002699698321521282
6.233333333333333,0.15,0.13827836513519287,1.4770135694257882e-16,0.0026994484942406416
6.2375,0.15,0.13826653361320496,1.4725700875240514e-16,0.002699198666960001
6.241666666666666,0.15,0.13825488090515137,1.46886789180006e-16,0.0026989488396793604
6.245833333333334,0.15,0.1382434219121933,1.4660877708484938e-16,0.00269869901239872
6.25,0.15,0.13823215663433075,1.4642601649158946e-16,0.002698449185118079
6.254166666666666,0.15,0.13822107017040253,1.4633829564198944e-16,0.0026981993578374386
6.258333333333333,0.15,0.13821017742156982,1.4634990264034478e-16,0.002697949530556798
6.2625,0.15,0.13819946348667145,1.4645425974642447e-16,0.0026976997032761574
6.266666666666667,0.15,0.1381889432668686,1.4662553245533725e-16,0.0026974501088261604
6.270833333333333,0.15,0.13817860186100006,1.4684527133070074e-16,0.00269720028154552
6.275,0.15,0.13816843926906586,1.4708570957371275e-16,0.002696950687095523
6.279166666666667,0.15,0.13815847039222717,1.4731241000111149e-16,0.0026967008598148823
6.283333333333333,0.15,0.13814868032932281,1.4750697611607376e-16,0.0026964512653648853
6.2875,0.15,0.13813908398151398,1.4763671774079148e-16,0.0026962016709148884
6.291666666666667,0.15,0.13812965154647827,1.4767376219734405e-16,0.0026959518436342478
6.295833333333333,0.15,0.13812041282653809,1.4759993798203492e-16,0.002695702249184251
6.3,0.15,0.13811135292053223,1.4742147872796028e-16,0.0026954528875648975
6.304166666666666,0.15,0.1381024569272995,1.4713691536235224e-16,0.0026952032931149006
6.308333333333334,0.15,0.1380937546491623,1.467621429878616e-16,0.0026949536986649036
6.3125,0.15,0.1380852311849594,1.463111111783385e-16,0.0026947041042149067
6.316666666666666,0.15,0.13807688653469086,1.4580242818884289e-16,0.0026944547425955534
6.320833333333333,0.15,0.13806872069835663,1.4525290232942186e-16,0.0026942053809762
6.325,0.15,0.13806071877479553,1.446825976930135e-16,0.002693955786526203
6.329166666666667,0.15,0.13805291056632996,1.4411044017203302e-16,0.00269370642490685
6.333333333333333,0.15,0.1380452662706375,1.4354814264395417e-16,0.0026934570632874966
6.3375,0.15,0.1380378007888794,1.4300748416069971e-16,0.002693207934498787
6.341666666666667,0.15,0.1380305141210556,1.424971600448688e-16,0.0026929585728794336
6.345833333333333,0.15,0.13802339136600494,1.4203364773426348e-16,0.0026927092112600803
6.35,0.15,0.1380164474248886,1.4162393525069862e-16,0.0026924600824713707
6.354166666666667,0.15,0.1380096673965454,1.412726548056045e-16,0.002692210953682661
6.358333333333333,0.15,0.13800306618213654,1.4097968728497292e-16,0.0026919615920633078
6.3625,0.15,0.137996643781662,1.4074495327946507e-16,0.002691712463274598
6.366666666666666,0.15,0.13799038529396057,1.4055763988411366e-16,0.002691463567316532
6.370833333333334,0.15,0.1379842907190323,1.4041246637788816e-16,0.0026912144385278225
6.375,0.15,0.13797837495803833,1.4029584052896308e-16,0.002690965309739113
6.379166666666666,0.15,0.1379726231098175,1.401979420491062e-16,0.002690716413781047
6.383333333333333,0.15,0.1379670351743698,1.4011652100705138e-16,0.002690467517822981
6.3875,0.15,0.13796161115169525,1.4005386703873417e-16,0.0026902183890342712
6.391666666666667,0.15,0.13795636594295502,1.4000500382558943e-16,0.002689969725906849
6.395833333333333,0.15,0.13795128464698792,1.399685152344085e-16,0.002689720829948783
6.4,0.15,0.13794635236263275,1.3994429538607294e-16,0.002689471933990717
6.404166666666667,0.15,0.13794159889221191,1.3991843441140208e-16,0.0026892232708632946
6.408333333333333,0.15,0.1379370093345642,1.3987445487259387e-16,0.0026889746077358723
6.4125,0.15,0.13793258368968964,1.3981966242881835e-16,0.0026887257117778063
6.416666666666667,0.15,0.1379283219575882,1.3974957045243306e-16,0.0026884772814810276
6.420833333333333,0.15,0.1379242092370987,1.3965258517997244e-16,0.0026882286183536053
6.425,0.15,0.13792027533054352,1.3953081095891484e-16,0.002687979955226183
6.429166666666666,0.15,0.13791649043560028,1.3938898587980894e-16,0.0026877315249294043
6.433333333333334,0.15,0.13791286945343018,1.392339788504614e-16,0.0026874830946326256
6.4375,0.15,0.137909397482872,1.390562210455462e-16,0.002687234664335847
6.441666666666666,0.15,0.13790610432624817,1.3884437016450403e-16,0.0026869862340390682
6.445833333333333,0.15,0.13790296018123627,1.3858901620068646e-16,0.0026867378037422895
6.45,0.15,0.1378999650478363,1.382946325468462e-16,0.0026864896062761545
6.454166666666667,0.15,0.13789713382720947,1.3795690462890814e-16,0.0026862414088100195
6.458333333333333,0.15,0.13789445161819458,1.375803455442944e-16,0.0026859932113438845
6.4624999999999995,0.15,0.13789193332195282,1.3716279800596743e-16,0.0026857450138777494
6.466666666666667,0.15,0.137889564037323,1.3670434142326604e-16,0.002685497049242258
6.470833333333333,0.15,0.1378873586654663,1.362029243882711e-16,0.002685248851776123
6.475,0.15,0.13788530230522156,1.356585733707622e-16,0.0026850008871406317
6.479166666666667,0.15,0.13788339495658875,1.3507574852860224e-16,0.0026847529225051403
6.483333333333333,0.15,0.13788163661956787,1.3445233227942307e-16,0.002684504957869649
6.4875,0.15,0.13788004219532013,1.3379061425916025e-16,0.002684257226064801
6.491666666666666,0.15,0.13787858188152313,1.330925664663941e-16,0.0026840094942599535
6.495833333333334,0.15,0.13787728548049927,1.3236803565913645e-16,0.0026837617624551058
