t,u,y,cross1,cross2
0.0,0.0,0.0,0.0,-0.04072115570306778
0.004166666666666667,0.0,0.0,0.0,-0.0807088166475296
0.008333333333333333,0.0,0.0,0.0,-0.11952421814203262
0.0125,0.0,0.0,0.0,-0.15681280195713043
0.016666666666666666,0.0,0.0,0.0,-0.19229675829410553
0.020833333333333332,0.0,0.0,0.0,-0.2257671058177948
0.025,0.0,0.0,0.0,-0.25707584619522095
0.029166666666666667,0.0,0.0,0.0,-0.28612813353538513
0.03333333333333333,0.0,0.0,0.0,-0.3128749132156372
0.0375,0.0,0.0,0.0,-0.3373059332370758
0.041666666666666664,0.0,0.0,0.0,-0.35944312810897827
0.04583333333333333,0.0,0.0,0.0,-0.3793348968029022
0.05,0.0,0.0,0.0,-0.3970506191253662
0.05416666666666667,0.0,0.0,0.0,-0.41267597675323486
0.058333333333333334,0.0,0.0,0.0,-0.42630884051322937
0.0625,0.0,0.0,0.0,-0.4380556046962738
0.06666666666666667,0.0,0.0,0.0,-0.44802817702293396
0.07083333333333333,0.0,0.0,0.0,-0.45634129643440247
0.075,0.0,0.0,0.0,-0.4631105363368988
0.07916666666666666,0.0,0.0,0.0,-0.4684503674507141
0.08333333333333333,0.0,0.0,0.0,-0.4724729359149933
0.0875,0.0,0.0,0.0,-0.4752868413925171
0.09166666666666666,0.0,0.0,0.0,-0.47699642181396484
0.09583333333333333,0.0,0.0,0.0,-0.47770100831985474
0.1,0.0,0.0,0.0,-0.4774947762489319
0.10416666666666667,0.0,0.0,0.0,-0.47646620869636536
0.10833333333333334,0.0,0.0,0.0,-0.4746982157230377
0.1125,0.0,0.0,0.0,-0.47226810455322266
0.11666666666666667,0.0,0.0,0.0,-0.4692475199699402
0.12083333333333333,0.0,0.0,0.0,-0.46570271253585815
0.125,0.0,0.0,0.0,-0.46169477701187134
0.12916666666666665,0.0,0.0,0.0,-0.4572798013687134
0.13333333333333333,0.0,0.0,0.0,-0.4525090754032135
0.1375,0.0,0.0,0.0,-0.4474295675754547
0.14166666666666666,0.0,0.0,0.0,-0.4420839548110962
0.14583333333333334,0.0,0.0,0.0,-0.4365110993385315
0.15,0.0,0.0,0.0,-0.4307461977005005
0.15416666666666667,0.0,0.0,0.0,-0.4248211085796356
0.15833333333333333,0.0,0.0,0.0,-0.418764591217041
0.1625,0.0,0.0,0.0,-0.41260260343551636
0.16666666666666666,0.0,0.0,0.0,-0.4063584506511688
0.17083333333333334,0.0,0.0,0.0,-0.4000530540943146
0.175,0.0,0.0,0.0,-0.3937051296234131
0.17916666666666667,0.0,0.0,0.0,-0.38733145594596863
0.18333333333333332,0.0,0.0,0.0,-0.3809469938278198
0.1875,0.0,0.0,0.0,-0.3745650053024292
0.19166666666666665,0.0,0.0,0.0,-0.3681972920894623
0.19583333333333333,0.0,0.0,0.0,-0.36185431480407715
0.2,0.0,0.0,0.0,-0.3555452525615692
0.20416666666666666,0.0,0.0,0.0,-0.3492782413959503
0.20833333333333334,0.0,0.0,0.0,-0.3430604040622711
0.2125,0.0,0.0,0.0,-0.33689790964126587
0.21666666666666667,0.0,0.0,0.0,-0.33079615235328674
0.22083333333333333,0.0,0.0,0.0,-0.3247598111629486
0.225,0.0,0.0,0.0,-0.31879284977912903
0.22916666666666666,0.0,0.0,0.0,-0.312898725271225
0.23333333333333334,0.0,0.0,0.0,-0.30708029866218567
0.2375,0.0,0.0,0.0,-0.30133992433547974
0.24166666666666667,0.0,0.0,0.0,-0.29567965865135193
0.24583333333333332,0.0,0.0,0.0,-0.290101021528244
0.25,0.0,0.0,0.0,-0.28460532426834106
0.25416666666666665,0.0,0.0,0.0,-0.2791934907436371
0.2583333333333333,0.0,0.0,0.0,-0.2738661766052246
0.2625,0.0,0.0,0.0,-0.26862385869026184
0.26666666666666666,0.0,0.0,0.0,-0.2634667456150055
0.2708333333333333,0.0,0.0,0.0,-0.25839489698410034
0.275,0.0,0.0,0.0,-0.25340813398361206
0.2791666666666667,0.0,0.0,0.0,-0.24850623309612274
0.2833333333333333,0.0,0.0,0.0,-0.24368873238563538
0.2875,0.0,0.0,0.0,-0.23895512521266937
0.2916666666666667,0.0,0.0,0.0,-0.23430480062961578
0.29583333333333334,0.0,0.0,0.0,-0.2297370284795761
0.3,0.0,0.0,0.0,-0.22525103390216827
0.30416666666666664,0.0,0.0,0.0,-0.22084593772888184
0.30833333333333335,0.0,0.0,0.0,-0.21652086079120636
0.3125,0.0,0.0,0.0,-0.21227481961250305
0.31666666666666665,0.0,0.0,0.0,-0.20810683071613312
0.3208333333333333,0.0,0.0,0.0,-0.2040158361196518
0.325,0.0,0.0,0.0,-0.2000008076429367
0.32916666666666666,0.0,0.0,0.0,-0.1960606426000595
0.3333333333333333,0.0,0.0,0.0,-0.19219423830509186
0.3375,0.0,0.0,0.0,-0.1884004920721054
0.3416666666666667,0.0,0.0,0.0,-0.18467824161052704
0.3458333333333333,0.0,0.0,0.0,-0.1810263991355896
0.35,0.0,0.0,0.0,-0.17744380235671997
0.3541666666666667,0.0,0.0,0.0,-0.17392930388450623
0.35833333333333334,0.0,0.0,0.0,-0.17048180103302002
0.3625,0.0,0.0,0.0,-0.16710011661052704
0.36666666666666664,0.0,0.0,0.0,-0.16378316283226013
0.37083333333333335,0.0,0.0,0.0,-0.16052977740764618
0.375,0.0,0.0,0.0,-0.15733888745307922
0.37916666666666665,0.0,0.0,0.0,-0.15420936048030853
0.3833333333333333,0.0,0.0,0.0,-0.15114009380340576
0.3875,0.0,0.0,0.0,-0.14813002943992615
0.39166666666666666,0.0,0.0,0.0,-0.14517807960510254
0.3958333333333333,0.0,0.0,0.0,-0.14228320121765137
0.4,0.0,0.0,0.0,-0.13944432139396667
0.4041666666666667,0.0,0.0,0.0,-0.13666042685508728
0.4083333333333333,0.0,0.0,0.0,-0.1339304894208908
0.4125,0.0,0.0,0.0,-0.13125351071357727
0.4166666666666667,0.0,0.0,0.0,-0.12862850725650787
0.42083333333333334,0.0,0.0,0.0,-0.12605449557304382
0.425,0.0,0.0,0.0,-0.12353051453828812
0.42916666666666664,0.0,0.0,0.0,-0.12105562537908554
0.43333333333333335,0.0,0.0,0.0,-0.11862889677286148
0.4375,0.0,0.0,0.0,-0.11624941974878311
0.44166666666666665,0.0,0.0,0.0,-0.11391628533601761
0.4458333333333333,0.0,0.0,0.0,-0.11162861436605453
0.45,0.0,0.0,0.0,-0.10938553512096405
0.45416666666666666,0.0,0.0,0.0,-0.1071861982345581
0.4583333333333333,0.0,0.0,0.0,-0.10502976179122925
0.46249999999999997,0.0,0.0,0.0,-0.10291540622711182
0.4666666666666667,0.0,0.0,0.0,-0.10084231942892075
0.4708333333333333,0.0,0.0,0.0,-0.09880970418453217
0.475,0.0,0.0,0.0,-0.096816785633564
0.4791666666666667,0.0,0.0,0.0,-0.09486278891563416
0.48333333333333334,0.0,0.0,0.0,-0.09294696897268295
0.4875,0.0,0.0,0.0,-0.0910685807466507
0.49166666666666664,0.0,0.0,0.0,-0.08922690153121948
0.49583333333333335,0.0,0.0,0.0,-0.0874212235212326
0.5,-0.3,0.0,0.0,-0.08592665195465088
0.5041666666666667,-0.3,-1.692854675638955e-05,-2.682198568270976e-25,-0.08518511056900024
0.5083333333333333,-0.3,-5.05098796566017e-05,-1.4685239368520314e-24,-0.0843668058514595
0.5125,-0.3,-9.964919445337728e-05,-3.8757359473623435e-24,-0.08347786962985992
0.5166666666666666,-0.3,-0.0001629413600312546,-7.736786460113093e-24,-0.08252760767936707
0.5208333333333334,-0.3,-0.0002387637650826946,-1.3267353004820098e-23,-0.08152451366186142
0.525,-0.3,-0.00032537305378355086,-2.0650291172730874e-23,-0.08047635853290558
0.5291666666666667,-0.3,-0.00042100396240130067,-3.003587265540278e-23,-0.07939025014638901
0.5333333333333333,-0.3,-0.0005239645252004266,-3.324193274740943e-23,-0.07827266305685043
0.5375,-0.3,-0.0006327223964035511,-3.5264897119089056e-23,-0.07712947577238083
0.5416666666666666,-0.3,-0.0007459779735654593,-2.42859065380139e-23,-0.07596594095230103
0.5458333333333333,-0.3,-0.0008627206552773714,-8.457144262046522e-24,-0.0747867226600647
0.55,-0.3,-0.0009822661522775888,-3.30204553151032e-24,-0.07359588891267776
0.5541666666666667,-0.3,-0.0011042737169191241,2.934915977107703e-24,-0.07239700108766556
0.5583333333333333,-0.3,-0.0012287426507100463,-9.21668478514228e-24,-0.0711931437253952
0.5625,-0.3,-0.0013559912331402302,-2.429569156868226e-23,-0.069986991584301
0.5666666666666667,-0.3,-0.0014866180717945099,-4.2361616040202114e-23,-0.06878090649843216
0.5708333333333333,-0.3,-0.0016214498318731785,-6.348989854578993e-23,-0.06757700443267822
0.575,-0.3,-0.0017614798853173852,-5.986554338106803e-23,-0.0663771703839302
0.5791666666666666,-0.3,-0.0019077996257692575,-5.49321082540117e-23,-0.06518316268920898
0.5833333333333334,-0.3,-0.002061530016362667,-8.135561643045194e-23,-0.0639965832233429
0.5875,-0.3,-0.002223752439022064,-1.4677384443828756e-22,-0.06281889230012894
0.5916666666666667,-0.3,-0.00239544827491045,-2.2147952752079466e-22,-0.06165139377117157
0.5958333333333333,-0.3,-0.0025774447713047266,-3.4667296486971965e-22,-0.06049525365233421
0.6,-0.3,-0.0027703745290637016,-5.318099860313444e-22,-0.05935145169496536
0.6041666666666666,-0.3,-0.0029746470972895622,-7.870876973673688e-22,-0.05822080373764038
0.6083333333333333,-0.3,-0.0031904338393360376,-1.1234477889598255e-21,-0.0571039542555809
0.6125,-0.3,-0.003417668165639043,-1.498405973742307e-21,-0.05600140988826752
0.6166666666666667,-0.3,-0.003656058805063367,-1.855154673990293e-21,-0.05491355434060097
0.6208333333333333,-0.3,-0.0039051144849509,-2.1830114256260933e-21,-0.05384068936109543
0.625,-0.3,-0.0041641779243946075,-2.4705734146586942e-21,-0.052783042192459106
0.6291666666666667,-0.3,-0.004432469606399536,-2.776001172063055e-21,-0.05174081400036812
0.6333333333333333,-0.3,-0.004709132481366396,-3.025086337914869e-21,-0.05071417987346649
0.6375,-0.3,-0.004993282724171877,-3.3629791168264104e-21,-0.04970329627394676
0.6416666666666666,-0.3,-0.005284055136144161,-3.6361995388714464e-21,-0.048708293586969376
0.6458333333333334,-0.3,-0.00558064877986908,-4.007816083615863e-21,-0.04772929102182388
0.65,-0.3,-0.005882365629076958,-4.399067666592043e-21,-0.046766359359025955
0.6541666666666667,-0.3,-0.006188638508319855,-4.810149773843189e-21,-0.04581952467560768
0.6583333333333333,-0.3,-0.006499056238681078,-5.121188263415167e-21,-0.04488877207040787
0.6625,-0.3,-0.006813371554017067,-1.923473289848959e-20,-0.04397403076291084
0.6666666666666666,-0.3,-0.007131506223231554,-6.119683796941609e-20,-0.043075188994407654
0.6708333333333333,-0.3,-0.007453542202711105,-1.4512921328864377e-19,-0.04219210147857666
0.675,-0.3,-0.0077797058038413525,-2.847910470716476e-19,-0.04132460057735443
0.6791666666666667,-0.3,-0.008110345341265202,-4.753891249367154e-19,-0.04047250747680664
0.6833333333333333,-0.3,-0.008445899933576584,-7.165913209432101e-19,-0.03963564708828926
0.6875,-0.3,-0.00878687109798193,-1.0179232919289274e-18,-0.03881385177373886
0.6916666666666667,-0.3,-0.009133786894381046,-1.3650947173301896e-18,-0.03800695389509201
0.6958333333333333,-0.3,-0.009487168863415718,-1.744007130786643e-18,-0.037214796990156174
0.7,-0.3,-0.009847498498857021,-2.1407705154522967e-18,-0.036437228322029114
0.7041666666666666,-0.3,-0.010215195827186108,-2.5459969917601338e-18,-0.0356740839779377
0.7083333333333334,-0.3,-0.010590589605271816,-2.936414660356587e-18,-0.0349251925945282
0.7125,-0.3,-0.010973906144499779,-3.274500747499873e-18,-0.03419036790728569
0.7166666666666667,-0.3,-0.011365258134901524,-3.5467138929721925e-18,-0.03346940875053406
0.7208333333333333,-0.3,-0.011764642782509327,-3.7395615402118865e-18,-0.03276209533214569
0.725,-0.3,-0.012171942740678787,-3.85309869672969e-18,-0.03206819295883179
0.7291666666666666,-0.3,-0.01258693914860487,-3.910749049521573e-18,-0.03138747811317444
0.7333333333333333,-0.3,-0.013009326532483101,-3.9075693672469194e-18,-0.030719703063368797
0.7375,-0.3,-0.013438728637993336,-3.8532968064863965e-18,-0.030064644291996956
0.7416666666666667,-0.3,-0.013874724507331848,-3.762569155359743e-18,-0.029422076418995857
0.7458333333333333,-0.3,-0.014316869899630547,-3.6547056306634405e-18,-0.02879178710281849
0.75,-0.3,-0.014764719642698765,-3.557759649281919e-18,-0.028173567727208138
0.7541666666666667,-0.3,-0.015217853710055351,-3.4900689782148674e-18,-0.027567218989133835
0.7583333333333333,-0.3,-0.015675891190767288,-3.465888420958411e-18,-0.02697254717350006
0.7625,-0.3,-0.016138512641191483,-3.503418018940248e-18,-0.026389354839920998
0.7666666666666666,-0.3,-0.016605468466877937,-3.6168426788947445e-18,-0.025817446410655975
0.7708333333333334,-0.3,-0.017076587304472923,-3.8193286346319064e-18,-0.02525661699473858
0.775,-0.3,-0.017551779747009277,-4.110941233420126e-18,-0.02470666728913784
0.7791666666666667,-0.3,-0.018031038343906403,-4.490945938875455e-18,-0.024167392402887344
0.7833333333333333,-0.3,-0.018514424562454224,-4.9539065200121965e-18,-0.023638585582375526
0.7875,-0.3,-0.019002070650458336,-5.4849734304737976e-18,-0.023120051249861717
0.7916666666666666,-0.3,-0.019494151696562767,-6.066656349798131e-18,-0.0226115919649601
0.7958333333333333,-0.3,-0.019990883767604828,-6.6938842472399404e-18,-0.022113019600510597
0.8,-0.3,-0.02049250341951847,-7.355399194662379e-18,-0.021624155342578888
0.8041666666666667,-0.3,-0.0209992453455925,-8.017268588977297e-18,-0.021144824102520943
0.8083333333333333,-0.3,-0.021511338651180267,-8.652836948535478e-18,-0.02067485637962818
0.8125,-0.3,-0.022028980776667595,-9.251983718542338e-18,-0.020214084535837173
0.8166666666666667,-0.3,-0.022552333772182465,-9.811813766853939e-18,-0.019762348383665085
0.8208333333333333,-0.3,-0.02308150753378868,-1.0317580117509687e-17,-0.019319480285048485
0.825,-0.3,-0.02361656352877617,-1.0764309760666912e-17,-0.01888531632721424
0.8291666666666666,-0.3,-0.024157505482435226,-1.1142878894169156e-17,-0.01845969259738922
0.8333333333333334,-0.3,-0.024704275652766228,-1.1468994850668187e-17,-0.018042439594864845
0.8375,-0.3,-0.025256773456931114,-1.1742781707255889e-17,-0.01763339340686798
0.8416666666666667,-0.3,-0.0258148442953825,-1.1963901974242339e-17,-0.017232390120625496
0.8458333333333333,-0.3,-0.02637830190360546,-1.2138313833579758e-17,-0.016839269548654556
0.85,-0.3,-0.026946930214762688,-1.2274161705579341e-17,-0.016453875228762627
0.8541666666666666,-0.3,-0.027520494535565376,-1.2384979919423683e-17,-0.01607605442404747
0.8583333333333333,-0.3,-0.028098762035369873,-1.2491654785579747e-17,-0.015705661848187447
0.8624999999999999,-0.3,-0.028681501746177673,-1.2607423675390218e-17,-0.015342552214860916
0.8666666666666667,-0.3,-0.029268501326441765,-1.2738440812612492e-17,-0.01498658861964941
0.8708333333333333,-0.3,-0.029859572649002075,-1.2879293127318022e-17,-0.014637632295489311
0.875,-0.3,-0.030454562976956367,-1.3016335448122132e-17,-0.014295550063252449
0.8791666666666667,-0.3,-0.03105335310101509,-1.3154803828302284e-17,-0.013960208743810654
0.8833333333333333,-0.3,-0.03165586665272713,-1.3298572781847675e-17,-0.013631477952003479
0.8875,-0.3,-0.03226206451654434,-1.344394646578142e-17,-0.013309228233993053
0.8916666666666666,-0.3,-0.03287194296717644,-1.3595870592985972e-17,-0.01299333106726408
0.8958333333333334,-0.3,-0.0334855355322361,-1.3743504134353211e-17,-0.012683664448559284
0.9,-0.3,-0.0341029055416584,-1.388399000804738e-17,-0.012380105443298817
0.9041666666666667,-0.3,-0.03472412750124931,-1.400113863511959e-17,-0.012082535773515701
0.9083333333333333,-0.3,-0.035349298268556595,-1.4095561302042517e-17,-0.011790841817855835
0.9125,-0.3,-0.035978518426418304,-1.4166769972254757e-17,-0.01150491088628769
0.9166666666666666,-0.3,-0.036611881107091904,-1.4214238558886725e-17,-0.011224634945392609
0.9208333333333333,-0.3,-0.03724947199225426,-1.4239166473826623e-17,-0.010949908755719662
0.9249999999999999,-0.3,-0.037891361862421036,-1.42399820739106e-17,-0.010680625215172768
0.9291666666666667,-0.3,-0.03853759542107582,-1.4207927170812946e-17,-0.010416682809591293
0.9333333333333333,-0.3,-0.0391881950199604,-1.413732234244787e-17,-0.010157979093492031
0.9375,-0.3,-0.03984316065907478,-1.40165126139845e-17,-0.009904410690069199
0.9416666666666667,-0.3,-0.04050245136022568,-1.3845008294500205e-17,-0.009655878879129887
0.9458333333333333,-0.3,-0.04116601496934891,-1.3622827581968462e-17,-0.009412283077836037
0.95,-0.3,-0.04183376953005791,-1.3355299173895337e-17,-0.00917352456599474
0.9541666666666666,-0.3,-0.04250560700893402,-1.305326409938895e-17,-0.008939506486058235
0.9583333333333334,-0.3,-0.043181415647268295,-1.2721350433976534e-17,-0.008710133843123913
0.9625,-0.3,-0.043861061334609985,-1.2372942787149811e-17,-0.00848531536757946
0.9666666666666667,-0.3,-0.044544413685798645,-1.2023458978346157e-17,-0.00826495885848999
0.9708333333333333,-0.3,-0.04523134604096413,-1.1684272740988176e-17,-0.008048975840210915
0.975,-0.3,-0.045921728014945984,-1.136135301037605e-17,-0.007837281562387943
0.9791666666666666,-0.3,-0.046615444123744965,-1.106272591999338e-17,-0.007629790343344212
0.9833333333333333,-0.3,-0.04731240123510361,-1.0787592413368443e-17,-0.007426420692354441
0.9874999999999999,-0.3,-0.04801250994205475,-1.0535418959006139e-17,-0.007227091118693352
0.9916666666666667,-0.3,-0.04871571436524391,-1.029341403591395e-17,-0.007031721994280815
0.9958333333333333,-0.3,-0.04942196235060692,-1.0059666029696265e-17,-0.006840236485004425
1.0,-0.3,-0.050131235271692276,-9.845936621482976e-18,-0.006652557756751776
1.0041666666666667,-0.3,-0.05084352195262909,-9.653950482851256e-18,-0.006468611769378185
1.0083333333333333,-0.3,-0.051558833569288254,-9.466757028688668e-18,-0.006288325414061546
1.0125,-0.3,-0.05227718502283096,-9.29218965939609e-18,-0.006111627910286188
1.0166666666666666,-0.3,-0.05299860239028931,-9.130991183163594e-18,-0.005938450340181589
1.0208333333333333,-0.3,-0.05372312292456627,-8.981637933302857e-18,-0.005768724251538515
1.025,-0.3,-0.05445077270269394,-8.83707654073064e-18,-0.005602383986115456
1.0291666666666666,-0.3,-0.05518157780170441,-8.697298733640816e-18,-0.005439365282654762
1.0333333333333332,-0.3,-0.05591556429862976,-8.561405366707542e-18,-0.005279603414237499
1.0375,-0.3,-0.0566527396440506,-8.430249263142359e-18,-0.005123036447912455
1.0416666666666667,-0.3,-0.05739310756325722,-8.30473204981295e-18,-0.004969602916389704
1.0458333333333334,-0.3,-0.058136653155088425,-8.18395458139347e-18,-0.004819240886718035
1.05,-0.3,-0.05888334661722183,-8.06884081862814e-18,-0.004671890288591385
1.0541666666666667,-0.3,-0.059633154422044754,-7.95941640411595e-18,-0.004527491983026266
1.0583333333333333,-0.3,-0.06038602069020271,-7.85570698045589e-18,-0.004385987296700478
1.0625,-0.3,-0.061141882091760635,-7.75579845171051e-18,-0.004247318021953106
1.0666666666666667,-0.3,-0.06190066784620285,-7.661609049720322e-18,-0.004111427813768387
1.0708333333333333,-0.3,-0.06266230344772339,-7.572170973168638e-18,-0.003978260792791843
1.075,-0.3,-0.06342671066522598,-7.487473468707496e-18,-0.003847762942314148
1.0791666666666666,-0.3,-0.06419380009174347,-7.40852569668421e-18,-0.0037198804784566164
1.0833333333333333,-0.3,-0.06496350467205048,-7.333293619972512e-18,-0.003594561479985714
1.0875,-0.3,-0.06573573499917984,-7.26381458442112e-18,-0.0034717549569904804
1.0916666666666666,-0.3,-0.06651043891906738,-7.199063713251082e-18,-0.003351411083713174
1.0958333333333332,-0.3,-0.06728754937648773,-7.140093180201564e-18,-0.003233480965718627
1.1,-0.3,-0.0680670216679573,-7.085854947436462e-18,-0.0031179168727248907
1.1041666666666667,-0.3,-0.06884880363941193,-7.036338261607813e-18,-0.003004672471433878
1.1083333333333334,-0.3,-0.0696328654885292,-6.992635828304799e-18,-0.0028937021270394325
1.1125,-0.3,-0.07041919976472855,-6.952545692736804e-18,-0.0027849609032273293
1.1166666666666667,-0.3,-0.07120776921510696,-6.9171477391935156e-18,-0.0026784054934978485
1.1208333333333333,-0.3,-0.07199858874082565,-6.885292600213792e-18,-0.0025739935226738453
1.125,-0.3,-0.07279163599014282,-6.8592388924602095e-18,-0.002471683081239462
1.1291666666666667,-0.3,-0.07358691841363907,-6.8366833315171135e-18,-0.0023714336566627026
1.1333333333333333,-0.3,-0.07438443601131439,-6.8187570868721706e-18,-0.0022732054349035025
1.1375,-0.3,-0.07518418878316879,-6.806641786030413e-18,-0.0021769593004137278
1.1416666666666666,-0.3,-0.07598617672920227,-6.7991628325220145e-18,-0.0020826568361371756
1.1458333333333333,-0.3,-0.07679038494825363,-6.795092690317947e-18,-0.0019902605563402176
1.15,-0.3,-0.07759679853916168,-6.796844245265028e-18,-0.0018997329752892256
1.1541666666666666,-0.3,-0.07840541005134583,-6.80320319622403e-18,-0.0018110377714037895
1.1583333333333332,-0.3,-0.07921618968248367,-6.814159617027601e-18,-0.001724138972349465
1.1625,-0.3,-0.08002910017967224,-6.829705235869616e-18,-0.001639000722207129
1.1666666666666667,-0.3,-0.08084411174058914,-6.8485504781751055e-18,-0.0015555883292108774
1.1708333333333334,-0.3,-0.0816611796617508,-6.871940250765961e-18,-0.0014738671015948057
1.175,-0.3,-0.08248025178909302,-6.8998646274748326e-18,-0.0013938031625002623
1.1791666666666667,-0.3,-0.08330127596855164,-6.932316163676207e-18,-0.0013153634499758482
1.1833333333333333,-0.3,-0.08412420749664307,-6.969284519612427e-18,-0.0012385151349008083
1.1875,-0.3,-0.08494898676872253,-7.009415187030437e-18,-0.001163226319476962
1.1916666666666667,-0.3,-0.08577556163072586,-7.054019247201134e-18,-0.001089465687982738
1.1958333333333333,-0.3,-0.08660387992858887,-7.10445823941278e-18,-0.0010172026231884956
1.2,-0.3,-0.08743388950824738,-7.157994195837824e-18,-0.0009464070317335427
1.2041666666666666,-0.3,-0.0882655456662178,-7.215974593694116e-18,-0.0008770497515797615
1.2083333333333333,-0.3,-0.08909881860017776,-7.278392815536755e-18,-0.0008091021445579827
1.2125,-0.3,-0.08993365615606308,-7.343814530183574e-18,-0.000742536096367985
1.2166666666666666,-0.3,-0.09077003598213196,-7.413627746702437e-18,-0.0006773244240321219
1.2208333333333332,-0.3,-0.09160792827606201,-7.486374145673413e-18,-0.0006134402938187122
1.225,-0.3,-0.09244731068611145,-7.563468205943968e-18,-0.0005508575704880059
1.2291666666666667,-0.3,-0.09328816831111908,-7.646381481823833e-18,-0.0004895507008768618
1.2333333333333334,-0.3,-0.09413047879934311,-7.73514044309261e-18,-0.00042949480121023953
1.2375,-0.3,-0.09497423470020294,-7.829779004155415e-18,-0.00037066536606289446
1.2416666666666667,-0.3,-0.09581941366195679,-7.927294499388679e-18,-0.0003130384429823607
1.2458333333333333,-0.3,-0.09666600823402405,-8.030695384680257e-18,-0.0002565905451774597
1.25,-0.3,-0.09751399606466293,-8.138473709773467e-18,-0.0002012986660702154
1.2541666666666667,-0.3,-0.09836336970329285,-8.249058658685068e-18,-0.000147140133776702
1.2583333333333333,-0.3,-0.0992141142487526,-8.36240390930076e-18,-9.409266203874722e-05
1.2625,-0.3,-0.10006619244813919,-8.481627932529865e-18,-4.21343429479748e-05
1.2666666666666666,-0.3,-0.10091959685087204,-8.606763815596887e-18,8.756420356803574e-06
1.2708333333333333,-0.3,-0.10177429020404816,-8.73623164353185e-18,5.860087912878953e-05
1.275,-0.3,-0.10263024270534515,-8.870022317348014e-18,0.00010741996811702847
1.2791666666666666,-0.3,-0.10348742455244064,-9.009766210032722e-18,0.0001552342582726851
1.2833333333333332,-0.3,-0.10434579104185104,-9.153842047585371e-18,0.00020206402405165136
1.2875,-0.3,-0.10520531982183456,-9.303909154314741e-18,0.00024792912881821394
1.2916666666666667,-0.3,-0.10606596618890762,-9.458315650537565e-18,0.00029284911579452455
1.2958333333333334,-0.3,-0.10692768543958664,-9.617058227531391e-18,0.00033684310619719326
1.3,-0.3,-0.10779044032096863,-9.781831778371342e-18,0.00037992990110069513
1.3041666666666667,-0.3,-0.1086541935801506,-9.950947200246583e-18,0.00042212780681438744
1.3083333333333333,-0.3,-0.10951890796422958,-1.0124398702892828e-17,0.00046345486771315336
1.3125,-0.3,-0.11038455367088318,-1.0303923365596436e-17,0.0005039285751990974
1.3166666666666667,-0.3,-0.11125108599662781,-1.0489555102762524e-17,0.0005435662460513413
1.3208333333333333,-0.3,-0.11211847513914108,-1.0679548563298604e-17,0.0005823845276609063
1.325,-0.3,-0.11298670619726181,-1.0872107938094823e-17,0.0006203999510034919
1.3291666666666666,-0.3,-0.11385573446750641,-1.1068985195688569e-17,0.0006576285231858492
1.3333333333333333,-0.3,-0.11472554504871368,-1.1270172891454329e-17,0.000694085902068764
1.3375,-0.3,-0.11559611558914185,-1.1473830548529172e-17,0.0007297875126823783
1.3416666666666666,-0.3,-0.1164674162864685,-1.1683597761608332e-17,0.0007647481979802251
1.3458333333333332,-0.3,-0.11733944714069366,-1.1893123437948627e-17,0.0007989828009158373
1.35,-0.3,-0.11821217089891434,-1.2088433188281585e-17,0.0008325055823661387
1.3541666666666667,-0.3,-0.11908557265996933,-1.2259355999795255e-17,0.0008653306867927313
1.3583333333333334,-0.3,-0.11995963752269745,-1.239133597525054e-17,0.0008974720258265734
1.3625,-0.3,-0.1208343431353569,-1.2474410551349854e-17,0.0009289431036449969
1.3666666666666667,-0.3,-0.1217096745967865,-1.250505676586433e-17,0.0009597573080100119
1.3708333333333333,-0.3,-0.12258560210466385,-1.2474108630426272e-17,0.000989927793852985
1.375,-0.3,-0.12346211075782776,-1.2372788104375264e-17,0.0010194673668593168
1.3791666666666667,-0.3,-0.12433916330337524,-1.2180692777902687e-17,0.0010483888909220695
1.3833333333333333,-0.3,-0.1252167522907257,-1.1897633226648266e-17,0.0010767049388960004
1.3875,-0.3,-0.12609483301639557,-1.1537585494241697e-17,0.0011044275015592575
1.3916666666666666,-0.3,-0.12697339057922363,-1.1118513462045794e-17,0.0011315690353512764
1.3958333333333333,-0.3,-0.12785238027572632,-1.0654880383071047e-17,0.0011581411818042397
1.4,-0.3,-0.12873178720474243,-1.0177110787427769e-17,0.001184155815280974
1.4041666666666666,-0.3,-0.1296115666627884,-9.722065497572548e-18,0.0012096241116523743
1.4083333333333332,-0.3,-0.130491703748703,-9.317047263983921e-18,0.0012345575960353017
1.4125,-0.3,-0.13137215375900269,-8.969995366181173e-18,0.0012589669786393642
1.4166666666666667,-0.3,-0.13225288689136505,-8.691319872173283e-18,0.0012828633189201355
1.4208333333333334,-0.3,-0.1331338882446289,-8.478169490388781e-18,0.0013062568614259362
1.425,-0.3,-0.13401512801647186,-8.32313516408103e-18,0.0013291580835357308
1.4291666666666667,-0.3,-0.13489656150341034,-8.210028141481754e-18,0.0013515769969671965
1.4333333333333333,-0.3,-0.13577818870544434,-8.135381708643744e-18,0.0013735234970226884
1.4375,-0.3,-0.13665995001792908,-8.06174526333366e-18,0.0013950071297585964
1.4416666666666667,-0.3,-0.13754186034202576,-7.99766440845979e-18,0.0014160374412313104
1.4458333333333333,-0.3,-0.1384238749742508,-7.929641210786492e-18,0.001436623395420611
1.45,-0.3,-0.139305979013443,-7.835662739852505e-18,0.0014567741891369224
1.4541666666666666,-0.3,-0.14018815755844116,-7.698770138739266e-18,0.0014764986699447036
1.4583333333333333,-0.3,-0.1410703808069229,-7.520583854266768e-18,0.001495805219747126
1.4625,-0.3,-0.14195263385772705,-7.308278023887683e-18,0.001514702569693327
1.4666666666666666,-0.3,-0.1428348869085312,-7.075615278633668e-18,0.001533198868855834
1.4708333333333332,-0.3,-0.14371713995933533,-6.831328164231445e-18,0.0015513022663071752
1.475,-0.3,-0.14459936320781708,-6.595489872605839e-18,0.0015690207947045565
1.4791666666666667,-0.3,-0.14548152685165405,-6.396480970573544e-18,0.0015863623702898622
1.4833333333333334,-0.3,-0.14636361598968506,-6.245189636537595e-18,0.001603334560059011
1.4875,-0.3,-0.1472456157207489,-6.15376343138364e-18,0.0016199451638385653
1.4916666666666667,-0.3,-0.1481275111436844,-6.1310258907057825e-18,0.0016362015157938004
1.4958333333333333,-0.3,-0.14900924265384674,-6.164574268399402e-18,0.001652111066505313
1.5,-0.3,-0.14989082515239716,-6.2443244056168644e-18,0.0016676809173077345
1.5041666666666667,-0.3,-0.15077221393585205,-6.368641793467765e-18,0.0016829182859510183
1.5083333333333333,-0.3,-0.15165339410305023,-6.5262594048285196e-18,0.0016978300409391522
1.5125,-0.3,-0.1525343358516693,-6.700899152424696e-18,0.0017124231671914458
1.5166666666666666,-0.3,-0.1534150093793869,-6.8783153317469074e-18,0.0017267040675505996
1.5208333333333333,-0.3,-0.1542953997850418,-7.051956258753426e-18,0.0017406796105206013
1.525,-0.3,-0.15517547726631165,-7.208088253734035e-18,0.0017543560825288296
1.5291666666666666,-0.3,-0.15605522692203522,-7.329535738449684e-18,0.001767739886417985
1.5333333333333332,-0.3,-0.15693461894989014,-7.408313111266784e-18,0.0017808369593694806
1.5375,-0.3,-0.15781360864639282,-7.457597359343306e-18,0.0017936535878106952
1.5416666666666667,-0.3,-0.15869221091270447,-7.493051147577941e-18,0.0018061953596770763
1.5458333333333334,-0.3,-0.15957039594650269,-7.538405460564223e-18,0.001818468444980681
1.55,-0.3,-0.1604481190443039,-7.614286046876163e-18,0.0018304780824109912
1.5541666666666667,-0.3,-0.1613253802061081,-7.720733438363774e-18,0.0018422299763187766
1.5583333333333333,-0.3,-0.1622021645307541,-7.887146461177805e-18,0.0018537294818088412
1.5625,-0.3,-0.1630784273147583,-8.100786533884938e-18,0.0018649818375706673
1.5666666666666667,-0.3,-0.16395418345928192,-8.365397475937589e-18,0.001875992282293737
1.5708333333333333,-0.3,-0.16482938826084137,-8.657774389611807e-18,0.0018867658218368888
1.575,-0.3,-0.16570402681827545,-8.981556042422214e-18,0.0018973073456436396
1.5791666666666666,-0.3,-0.16657808423042297,-9.33068085484002e-18,0.0019076219759881496
1.5833333333333333,-0.3,-0.16745156049728394,-9.683405557283657e-18,0.0019177141366526484
1.5875,-0.3,-0.16832439601421356,-1.0026934492857542e-17,0.0019275888334959745
1.5916666666666666,-0.3,-0.16919662058353424,-1.033708917225675e-17,0.0019372504903003573
1.5958333333333332,-0.3,-0.1700681746006012,-1.0596811476889212e-17,0.001946703647263348
1.6,-0.3,-0.17093905806541443,-1.079577571116843e-17,0.00195595296099782
1.6041666666666667,-0.3,-0.17180924117565155,-1.092040535970057e-17,0.001965002389624715
1.6083333333333334,-0.3,-0.17267870903015137,-1.0992399024314122e-17,0.001973856706172228
1.6125,-0.3,-0.17354744672775269,-1.1001968676820748e-17,0.001982519868761301
1.6166666666666667,-0.3,-0.17441542446613312,-1.0964110274545421e-17,0.00199099606834352
1.6208333333333333,-0.3,-0.17528264224529266,-1.0875600294641022e-17,0.0019992892630398273
1.625,-0.3,-0.17614905536174774,-1.0772284608952536e-17,0.0020074036438018084
1.6291666666666667,-0.3,-0.17701464891433716,-1.0652696626253907e-17,0.0020153429359197617
1.6333333333333333,-0.3,-0.17787940800189972,-1.0551769010993862e-17,0.0020231110975146294
1.6375,-0.3,-0.17874331772327423,-1.0491158178789652e-17,0.00203071185387671
1.6416666666666666,-0.3,-0.1796063333749771,-1.0492752155830041e-17,0.002038148930296302
1.6458333333333333,-0.3,-0.18046846985816956,-1.057157750512267e-17,0.0020454255864024162
1.65,-0.3,-0.18132969737052917,-1.0724208871750954e-17,0.0020525455474853516
1.6541666666666666,-0.3,-0.18218998610973358,-1.0943636727204121e-17,0.0020595125388354063
1.6583333333333332,-0.3,-0.18304932117462158,-1.121575764203814e-17,0.0020663293544203043
1.6624999999999999,-0.3,-0.18390768766403198,-1.1531721610879309e-17,0.002072999719530344
1.6666666666666667,-0.3,-0.1847650706768036,-1.1876928068735451e-17,0.0020795264281332493
1.6708333333333334,-0.3,-0.1856214553117752,-1.2241406180502854e-17,0.0020859132055193186
1.675,-0.3,-0.18647682666778564,-1.2628128833303033e-17,0.002092162612825632
1.6791666666666667,-0.3,-0.1873311549425125,-1.3014570244694944e-17,0.0020982776768505573
1.6833333333333333,-0.3,-0.18818442523479462,-1.3375382291987512e-17,0.0021042616572231054
1.6875,-0.3,-0.18903663754463196,-1.3677338784335707e-17,0.0021101173479110003
1.6916666666666667,-0.3,-0.18988776206970215,-1.390897086254648e-17,0.002115847310051322
1.6958333333333333,-0.3,-0.190737783908844,-1.4063496472777512e-17,0.0021214548032730818
1.7,-0.3,-0.1915866732597351,-1.4133376690925992e-17,0.002126942155882716
1.7041666666666666,-0.3,-0.19243444502353668,-1.4122585292654625e-17,0.002132312161847949
1.7083333333333333,-0.3,-0.19328106939792633,-1.4028265196127653e-17,0.002137567615136504
1.7125,-0.3,-0.19412651658058167,-1.3850583491828813e-17,0.002142710844054818
1.7166666666666666,-0.3,-0.19497078657150269,-1.3592787690842986e-17,0.002147744642570615
1.7208333333333332,-0.3,-0.195813849568367,-1.3254437733084296e-17,0.0021526713389903307
1.7249999999999999,-0.3,-0.19665569067001343,-1.2839700127298171e-17,0.002157493494451046
1.7291666666666667,-0.3,-0.19749630987644196,-1.236177088579667e-17,0.0021622134372591972
1.7333333333333334,-0.3,-0.198335662484169,-1.1813438647999556e-17,0.002166833495721221
1.7375,-0.3,-0.19917376339435577,-1.1225469569610126e-17,0.0021713559981435537
1.7416666666666667,-0.3,-0.20001056790351868,-1.0608524354362963e-17,0.0021757830400019884
1.7458333333333333,-0.3,-0.2008460909128189,-9.99972107788516e-18,0.002180117182433605
1.75,-0.3,-0.2016802728176117,-9.410880978310711e-18,0.002184360520914197
1.7541666666666667,-0.3,-0.20251314342021942,-8.867091616437738e-18,0.002188514918088913
1.7583333333333333,-0.3,-0.20334464311599731,-8.398386265946816e-18,0.0021925827022641897
1.7625,-0.3,-0.20417480170726776,-8.019334058966842e-18,0.0021965657360851765
1.7666666666666666,-0.3,-0.20500357449054718,-7.721190042061904e-18,0.0022004658821970224
1.7708333333333333,-0.3,-0.20583094656467438,-7.5325721828845e-18,0.002204285468906164
1.775,-0.3,-0.20665690302848816,-7.453310909409056e-18,0.0022080258931964636
1.7791666666666666,-0.3,-0.20748145878314972,-7.479951915397551e-18,0.0022116894833743572
1.7833333333333332,-0.3,-0.20830455422401428,-7.607752147217607e-18,0.002215277636423707
1.7874999999999999,-0.3,-0.20912621915340424,-7.83721949376533e-18,0.002218792447820306
1.7916666666666667,-0.3,-0.2099463939666748,-8.13119782910545e-18,0.0022222355473786592
1.7958333333333334,-0.3,-0.21076510846614838,-8.490358823895362e-18,0.0022256087977439165
1.8,-0.3,-0.21158231794834137,-8.89031305777394e-18,0.002228913363069296
1.8041666666666667,-0.3,-0.21239803731441498,-9.304026613961724e-18,0.0022321513388305902
1.8083333333333333,-0.3,-0.21321222186088562,-9.71258600775269e-18,0.0022353241220116615
1.8125,-0.3,-0.2140248715877533,-1.0079573785498579e-17,0.0022384333424270153
1.8166666666666667,-0.3,-0.2148359715938568,-1.0402907106416982e-17,0.002241480629891157
1.8208333333333333,-0.3,-0.21564550697803497,-1.0642573589917483e-17,0.002244467381387949
1.825,-0.3,-0.21645347774028778,-1.0802164027039177e-17,0.0022473949939012527
1.8291666666666666,-0.3,-0.21725983917713165,-1.0874999761516308e-17,0.0022502653300762177
1.8333333333333333,-0.3,-0.21806462109088898,-1.086465834949817e-17,0.0022530793212354183
1.8375,-0.3,-0.21886776387691498,-1.0771303572746048e-17,0.0022558385971933603
1.8416666666666666,-0.3,-0.21966929733753204,-1.0586691749275239e-17,0.0022585445549339056
1.8458333333333332,-0.3,-0.2204691767692566,-1.0320862370180297e-17,0.0022611983586102724
1.8499999999999999,-0.3,-0.22126738727092743,-9.972803793572072e-18,0.0022638016380369663
1.8541666666666667,-0.3,-0.22206394374370575,-9.560258216409212e-18,0.0022663555573672056
1.8583333333333334,-0.3,-0.22285881638526917,-9.115396347075131e-18,0.002268861047923565
1.8625,-0.3,-0.22365199029445648,-8.663476145574135e-18,0.0022713197395205498
1.8666666666666667,-0.3,-0.2244434505701065,-8.233151975505674e-18,0.0022737327963113785
1.8708333333333333,-0.3,-0.22523319721221924,-7.869455549417133e-18,0.0022761011496186256
1.875,-0.3,-0.2260212004184723,-7.590103421668175e-18,0.002278426196426153
1.8791666666666667,-0.3,-0.22680746018886566,-7.404167282036668e-18,0.0022807088680565357
1.8833333333333333,-0.3,-0.22759196162223816,-7.31941931955816e-18,0.0022829503286629915
1.8875,-0.3,-0.2283746898174286,-7.331846881081157e-18,0.002285151742398739
1.8916666666666666,-0.3,-0.22915564477443695,-7.43207718308482e-18,0.0022873140405863523
1.8958333333333333,-0.3,-0.22993479669094086,-7.605605613528031e-18,0.0022894383873790503
1.9,-0.3,-0.2307121604681015,-7.856702078732791e-18,0.0022915254812687635
1.9041666666666666,-0.3,-0.2314876914024353,-8.176217133943649e-18,0.002293576719239354
1.9083333333333332,-0.3,-0.23226140439510345,-8.573665837746803e-18,0.002295592799782753
1.9124999999999999,-0.3,-0.23303326964378357,-9.043291013078884e-18,0.0022975746542215347
1.9166666666666667,-0.3,-0.23380328714847565,-9.550332049058576e-18,0.0022995234467089176
1.9208333333333334,-0.3,-0.2345714420080185,-1.0098174595933059e-17,0.002301439642906189
1.925,-0.3,-0.2353377342224121,-1.0672921192230829e-17,0.0023033246397972107
1.9291666666666667,-0.3,-0.2361021339893341,-1.1247118540601864e-17,0.00230517890304327
1.9333333333333333,-0.3,-0.23686464130878448,-1.1793390271493108e-17,0.002307003363966942
1.9375,-0.3,-0.23762524127960205,-1.2310916648917523e-17,0.0023087989538908005
1.9416666666666667,-0.3,-0.2383839339017868,-1.2772376724423093e-17,0.0023105666041374207
1.9458333333333333,-0.3,-0.23914068937301636,-1.3177878858670063e-17,0.0023123067803680897
1.95,-0.3,-0.2398955225944519,-1.3541288253086047e-17,0.002314020646736026
1.9541666666666666,-0.3,-0.24064838886260986,-1.384516545881659e-17,0.0023157084360718727
1.9583333333333333,-0.3,-0.24139931797981262,-1.4065862209329414e-17,0.0023173715453594923
1.9625,-0.3,-0.2421482652425766,-1.4203539804843965e-17,0.0023190102074295282
1.9666666666666666,-0.3,-0.242895245552063,-1.425292910485828e-17,0.002320625353604555
1.9708333333333332,-0.3,-0.2436402291059494,-1.4228831679253386e-17,0.0023222174495458603
1.9749999999999999,-0.3,-0.24438321590423584,-1.4121142689666332e-17,0.002323787659406662
1.9791666666666667,-0.3,-0.2451241910457611,-1.3959233665287653e-17,0.002325336216017604
1.9833333333333334,-0.3,-0.245863139629364,-1.375138054814594e-17,0.002326863817870617
1.9875,-0.3,-0.24660007655620575,-1.3539362576620024e-17,0.002328371163457632
1.9916666666666667,-0.3,-0.24733497202396393,-1.332695003994192e-17,0.0023298589512705803
1.9958333333333333,-0.3,-0.24806782603263855,-1.3127261195446106e-17,0.002331327646970749
2.0,-0.3,-0.24879862368106842,-1.2955048809357466e-17,0.002332777949050069
2.0041666666666664,-0.3,-0.24952735006809235,-1.2802400071936317e-17,0.002334210556000471
2.0083333333333333,-0.3,-0.2502540051937103,-1.2669232265121405e-17,0.0023356254678219557
2.0125,-0.3,-0.2509785592556,-1.255944306395908e-17,0.002337023848667741
2.0166666666666666,-0.3,-0.2517010569572449,-1.247697232970693e-17,0.002338406164199114
2.0208333333333335,-0.3,-0.25242143869400024,-1.2417807409213462e-17,0.0023397726472467184
2.025,-0.3,-0.2531397044658661,-1.2381906943448049e-17,0.002341123763471842
2.029166666666667,-0.3,-0.2538558542728424,-1.2365201203796928e-17,0.0023424604441970587
2.033333333333333,-0.3,-0.2545698881149292,-1.2366049891105407e-17,0.002343782689422369
2.0375,-0.3,-0.25528180599212646,-1.2376111716076502e-17,0.0023450914304703474
2.0416666666666665,-0.3,-0.25599154829978943,-1.2392136686083492e-17,0.0023463869001716375
2.0458333333333334,-0.3,-0.2566991448402405,-1.2410289164625968e-17,0.002347669331356883
2.05,-0.3,-0.2574045956134796,-1.2413977562977342e-17,0.0023489396553486586
2.0541666666666667,-0.3,-0.25810787081718445,-1.2394946618624334e-17,0.0023501981049776077
2.058333333333333,-0.3,-0.25880900025367737,-1.2361400308882246e-17,0.002351444913074374
2.0625,-0.3,-0.2595079243183136,-1.2309295374916919e-17,0.0023526805453002453
2.0666666666666664,-0.3,-0.26020464301109314,-1.2246076442241328e-17,0.002353905700147152
2.0708333333333333,-0.3,-0.2608991861343384,-1.217645926752764e-17,0.002355120610445738
2.075,-0.3,-0.26159152388572693,-1.2093559226537576e-17,0.0023563255090266466
2.0791666666666666,-0.3,-0.2622816264629364,-1.1997363911561947e-17,0.0023575208615511656
2.0833333333333335,-0.3,-0.2629695236682892,-1.1892024114914544e-17,0.002358707133680582
2.0875,-0.3,-0.2636551856994629,-1.1777558034568843e-17,0.0023598845582455397
2.091666666666667,-0.3,-0.2643386423587799,-1.1649796680237578e-17,0.0023610536009073257
2.095833333333333,-0.3,-0.26501983404159546,-1.1512924758639654e-17,0.002362214494496584
2.1,-0.3,-0.26569876074790955,-1.1366959640567934e-17,0.0023633677046746016
2.1041666666666665,-0.3,-0.26637545228004456,-1.1216138145119915e-17,0.0023645134642720222
2.1083333333333334,-0.3,-0.2670498788356781,-1.1052052808549609e-17,0.0023656520061194897
2.1125,-0.3,-0.2677220404148102,-1.0878926387884098e-17,0.002366783795878291
2.1166666666666667,-0.3,-0.2683919072151184,-1.0696780389819308e-17,0.0023679088335484266
2.120833333333333,-0.3,-0.26905950903892517,-1.0501371377812844e-17,0.002369027817621827
2.125,-0.3,-0.2697248160839081,-1.0292684462613678e-17,0.0023701407480984926
2.1291666666666664,-0.3,-0.2703878581523895,-1.007498955054381e-17,0.0023712480906397104
2.1333333333333333,-0.3,-0.27104854583740234,-9.84830649393794e-18,0.0023723498452454805
2.1375,-0.3,-0.2717069685459137,-9.608348015681208e-18,0.0023734464775770903
2.1416666666666666,-0.3,-0.2723630666732788,-9.3594162821395e-18,0.0023745379876345396
2.1458333333333335,-0.3,-0.2730168402194977,-9.101530318466905e-18,0.0023756250739097595
2.15,-0.3,-0.2736682891845703,-8.839042749046678e-18,0.00237670773640275
2.154166666666667,-0.3,-0.2743174135684967,-8.571998241631896e-18,0.0023777862079441547
2.158333333333333,-0.3,-0.27496418356895447,-8.300448081420538e-18,0.0023788604885339737
2.1625,-0.3,-0.275608628988266,-8.018337306328715e-18,0.002379931043833494
2.1666666666666665,-0.3,-0.2762507200241089,-7.736654183613583e-18,0.0023809983395040035
2.1708333333333334,-0.3,-0.27689045667648315,-7.450142807662978e-18,0.0023820619098842144
2.175,-0.3,-0.2775278389453888,-7.162516392246652e-18,0.0023831226862967014
2.1791666666666667,-0.3,-0.2781628668308258,-6.873283592080747e-18,0.002384180435910821
2.183333333333333,-0.3,-0.2787955105304718,-6.611171562658619e-18,0.0023852353915572166
2.1875,-0.3,-0.2794257700443268,-6.370141471918324e-18,0.002386287786066532
2.1916666666666664,-0.3,-0.28005367517471313,-6.1647951256229536e-18,0.0023873376194387674
2.1958333333333333,-0.3,-0.28067919611930847,-6.019306049993758e-18,0.0023883855901658535
2.2,-0.3,-0.2813023030757904,-5.929949450732411e-18,0.0023894314654171467
2.2041666666666666,-0.3,-0.2819230258464813,-5.872479423314064e-18,0.002390475245192647
2.2083333333333335,-0.3,-0.2825413644313812,-5.827354652947765e-18,0.0023915173951536417
2.2125,-0.3,-0.2831572890281677,-5.768125212366518e-18,0.0023925581481307745
2.216666666666667,-0.3,-0.2837707996368408,-5.69481922571115e-18,0.0023935975041240454
2.220833333333333,-0.3,-0.2843818962574005,-5.622740775084811e-18,0.0023946354631334543
2.225,-0.3,-0.2849906086921692,-5.533742758619005e-18,0.002395672257989645
2.2291666666666665,-0.3,-0.2855968773365021,-5.4177836172676465e-18,0.002396708121523261
2.2333333333333334,-0.3,-0.28620070219039917,-5.2694535898246376e-18,0.0023977430537343025
2.2375,-0.3,-0.28680211305618286,-5.096052131605453e-18,0.002398777287453413
2.2416666666666667,-0.3,-0.28740110993385315,-4.877534174826094e-18,0.002399811055511236
2.245833333333333,-0.3,-0.28799763321876526,-4.620307474101704e-18,0.0024008441250771284
2.25,-0.3,-0.28859174251556396,-4.309825644770232e-18,0.002401876961812377
2.2541666666666664,-0.3,-0.2891834080219269,-3.937072418154848e-18,0.0024029093328863382
2.2583333333333333,-0.3,-0.289772629737854,-3.502370808284756e-18,0.0024039417039602995
2.2625,-0.3,-0.29035937786102295,-3.0098155659872457e-18,0.002404973842203617
2.2666666666666666,-0.3,-0.2909436821937561,-2.478125374934086e-18,0.0024060062132775784
2.2708333333333335,-0.3,-0.29152554273605347,-1.908563339920645e-18,0.0024070385843515396
2.275,-0.3,-0.29210492968559265,-1.3427861731975173e-18,0.0024080711882561445
2.279166666666667,-0.3,-0.29268184304237366,-8.195649674484051e-19,0.0024091042578220367
2.283333333333333,-0.3,-0.2932562828063965,-3.526434836472419e-19,0.0024101375602185726
2.2875,-0.3,-0.29382824897766113,2.112634794096918e-20,0.002411171328276396
2.2916666666666665,-0.3,-0.29439777135849,2.87295543171305e-19,0.00241220579482615
2.2958333333333334,-0.3,-0.2949647903442383,4.1462296372310387e-19,0.0024132407270371914
2.3,-0.3,-0.2955293357372284,3.917262683255122e-19,0.002414276357740164
2.3041666666666667,-0.3,-0.2960914075374603,1.779555010815956e-19,0.002415312686935067
2.308333333333333,-0.3,-0.2966509759426117,-2.3433613163320998e-19,0.002416350180283189
2.3125,-0.3,-0.2972080707550049,-8.427061205664003e-19,0.0024173881392925978
2.3166666666666664,-0.3,-0.2977626621723175,-1.6346459955913133e-18,0.002418427262455225
2.3208333333333333,-0.3,-0.29831475019454956,-2.5877764369341152e-18,0.0024194675497710705
2.325,-0.3,-0.29886436462402344,-3.693054137451705e-18,0.0024205087684094906
2.3291666666666666,-0.3,-0.29941147565841675,-4.928147702146989e-18,0.0024215509183704853
2.3333333333333335,-0.3,-0.2999560534954071,-6.258539504443588e-18,0.002422594465315342
2.3375,-0.3,-0.3004981577396393,-7.625772276862074e-18,0.002423639176413417
2.341666666666667,-0.3,-0.3010377585887909,-8.990076829912123e-18,0.00242468505166471
2.345833333333333,-0.3,-0.30157485604286194,-1.0333714275357534e-17,0.002425732323899865
2.35,-0.3,-0.30210942029953003,-1.1596313663371737e-17,0.0024267807602882385
2.3541666666666665,-0.3,-0.30264148116111755,-1.2721712739084832e-17,0.002427830593660474
2.3583333333333334,-0.3,-0.3031710386276245,-1.3689966523566941e-17,0.0024288820568472147
2.3625,-0.3,-0.3036980926990509,-1.448112176608206e-17,0.002429934684187174
2.3666666666666667,-0.3,-0.30422261357307434,-1.5109070965018015e-17,0.0024309889413416386
2.370833333333333,-0.3,-0.3047446012496948,-1.558583801775888e-17,0.002432044595479965
2.375,-0.3,-0.30526408553123474,-1.5954654691839122e-17,0.0024331018794327974
2.3791666666666664,-0.3,-0.3057810664176941,-1.6229968523837597e-17,0.0024341605603694916
2.3833333333333333,-0.3,-0.3062954843044281,-1.641878738790385e-17,0.0024352208711206913
2.3875,-0.3,-0.30680739879608154,-1.6559404783315416e-17,0.0024362828116863966
2.3916666666666666,-0.3,-0.3073168098926544,-1.6682442936349003e-17,0.002437346149235964
2.3958333333333335,-0.3,-0.30782365798950195,-1.679616538132402e-17,0.0024384113494306803
2.4,-0.3,-0.3083280026912689,-1.692230877037713e-17,0.0024394779466092587
2.404166666666667,-0.3,-0.30882981419563293,-1.7093310164048993e-17,0.0024405464064329863
2.408333333333333,-0.3,-0.309329092502594,-1.731616254723813e-17,0.002441616263240576
2.4125,-0.3,-0.3098258376121521,-1.7597584280879695e-17,0.0024426879826933146
2.4166666666666665,-0.3,-0.31032004952430725,-1.7955310117306828e-17,0.002443761331960559
2.4208333333333334,-0.3,-0.31081172823905945,-1.8404379854416966e-17,0.002444836311042309
2.425,-0.3,-0.3113008737564087,-1.8934604281424682e-17,0.002445913152769208
2.4291666666666667,-0.3,-0.311787486076355,-1.9559056160730763e-17,0.002446991391479969
2.433333333333333,-0.3,-0.3122715651988983,-2.0270977426730652e-17,0.0024480714928358793
2.4375,-0.3,-0.3127531111240387,-2.1060445220796162e-17,0.002449153224006295
2.4416666666666664,-0.3,-0.3132321238517761,-2.1926503322139182e-17,0.0024502365849912167
2.4458333333333333,-0.3,-0.3137085735797882,-2.285970698252558e-17,0.0024513215757906437
2.45,-0.3,-0.3141825199127197,-2.3877562652439433e-17,0.00245240842923522
2.4541666666666666,-0.3,-0.3146539330482483,-2.496116594616145e-17,0.002453496912494302
2.4583333333333335,-0.3,-0.3151227831840515,-2.6096602031427262e-17,0.0024545867927372456
2.4625,-0.3,-0.3155891001224518,-2.7274973753568254e-17,0.0024556785356253386
2.466666666666667,-0.3,-0.3160529136657715,-2.848744516928113e-17,0.002456771908327937
2.470833333333333,-0.3,-0.31651416420936584,-2.972022221467096e-17,0.0024578669108450413
2.475,-0.3,-0.31697288155555725,-3.0954521272387887e-17,0.002458963543176651
2.4791666666666665,-0.3,-0.3174290657043457,-3.216380638838121e-17,0.0024600618053227663
2.4833333333333334,-0.3,-0.3178826868534088,-3.335590269124568e-17,0.0024611614644527435
2.4875,-0.3,-0.31833380460739136,-3.451111335623519e-17,0.00246226298622787
2.4916666666666667,-0.3,-0.31878238916397095,-3.5613450636470305e-17,0.0024633659049868584
2.495833333333333,-0.3,-0.3192284107208252,-3.665199574786533e-17,0.0024644702207297087
2.5,-0.3,-0.3196719288825989,-3.7637406085432403e-17,0.002465576399117708
2.5041666666666664,-0.3,-0.3201128840446472,-3.854586215625244e-17,0.002466683741658926
2.5083333333333333,-0.3,-0.3205513060092926,-3.9405087745735773e-17,0.002467792946845293
2.5125,-0.3,-0.3209872245788574,-4.022711005998892e-17,0.0024689033161848783
2.5166666666666666,-0.3,-0.3214205801486969,-4.1050634534234464e-17,0.0024700153153389692
2.5208333333333335,-0.3,-0.3218514323234558,-4.188516712807186e-17,0.002471128711476922
2.525,-0.3,-0.3222797214984894,-4.274946498907137e-17,0.0024722435045987368
2.529166666666667,-0.3,-0.3227055072784424,-4.3654767847396355e-17,0.0024733594618737698
2.533333333333333,-0.3,-0.32312873005867004,-4.461104819251176e-17,0.0024744770489633083
2.5375,-0.3,-0.32354944944381714,-4.562051294229187e-17,0.002475595800206065
2.5416666666666665,-0.3,-0.3239676356315613,-4.670555553027973e-17,0.002476715948432684
2.5458333333333334,-0.3,-0.32438331842422485,-4.787856381332893e-17,0.0024778374936431646
2.55,-0.3,-0.3247964382171631,-4.9116155049883816e-17,0.0024789602030068636
2.5541666666666667,-0.3,-0.32520705461502075,-5.041424296771838e-17,0.002480084076523781
2.558333333333333,-0.3,-0.32561516761779785,-5.1770140884203054e-17,0.0024812091141939163
2.5625,-0.3,-0.3260207176208496,-5.3176589462282066e-17,0.00248233531601727
2.5666666666666664,-0.3,-0.3264237642288208,-5.461485471544232e-17,0.002483462681993842
2.5708333333333333,-0.3,-0.3268243074417114,-5.605874479676793e-17,0.0024845912121236324
2.575,-0.3,-0.3272223174571991,-5.750467635984532e-17,0.002485720906406641
2.5791666666666666,-0.3,-0.3276178240776062,-5.896095760674698e-17,0.002486851532012224
2.5833333333333335,-0.3,-0.32801079750061035,-6.039106024162256e-17,0.002487983088940382
2.5875,-0.3,-0.3284012973308563,-6.177930753750296e-17,0.002489115810021758
2.591666666666667,-0.3,-0.32878923416137695,-6.311814237231188e-17,0.0024902494624257088
2.595833333333333,-0.3,-0.3291746973991394,-6.438939985979768e-17,0.0024913838133215904
2.6,-0.3,-0.3295576572418213,-6.559818866742347e-17,0.0024925193283706903
2.6041666666666665,-0.3,-0.3299380838871002,-6.675793559089222e-17,0.0024936555419117212
2.6083333333333334,-0.3,-0.33031603693962097,-6.785474399591303e-17,0.0024947926867753267
2.6125,-0.3,-0.33069148659706116,-6.893536613070741e-17,0.002495930530130863
2.6166666666666667,-0.3,-0.3310644328594208,-7.000035124320208e-17,0.0024970690719783306
2.620833333333333,-0.3,-0.33143487572669983,-7.107835286981589e-17,0.0024982085451483727
2.625,-0.3,-0.3318028151988983,-7.218022362018552e-17,0.002499348483979702
2.6291666666666664,-0.3,-0.3321682810783386,-7.330960308900622e-17,0.0025004891213029623
2.6333333333333333,-0.3,-0.33253124356269836,-7.447479616962802e-17,0.0025016304571181536
2.6375,-0.3,-0.33289170265197754,-7.566706121733745e-17,0.002502772258594632
2.6416666666666666,-0.3,-0.3332497179508209,-7.686714808491919e-17,0.0025039147585630417
2.6458333333333335,-0.3,-0.33360522985458374,-7.806110719852313e-17,0.002505057491362095
2.65,-0.3,-0.333958238363266,-7.923501545407878e-17,0.002506200922653079
2.654166666666667,-0.3,-0.33430880308151245,-8.039352491535115e-17,0.0025073448196053505
2.658333333333333,-0.3,-0.33465689420700073,-8.152342716231898e-17,0.0025084889493882656
2.6625,-0.3,-0.33500248193740845,-8.261440559838252e-17,0.0025096333120018244
2.6666666666666665,-0.3,-0.33534562587738037,-8.36530400452837e-17,0.002510778373107314
2.6708333333333334,-0.3,-0.3356862962245941,-8.463437403679212e-17,0.002511923434212804
2.675,-0.3,-0.3360244929790497,-8.555562162860467e-17,0.0025130687281489372
2.6791666666666667,-0.3,-0.33636021614074707,-8.640573168773767e-17,0.0025142142549157143
2.683333333333333,-0.3,-0.33669349551200867,-8.716349530328525e-17,0.002515360014513135
2.6875,-0.3,-0.3370243310928345,-8.783172488933009e-17,0.0025165060069411993
2.6916666666666664,-0.3,-0.3373526930809021,-8.844301136200677e-17,0.0025176519993692636
2.6958333333333333,-0.3,-0.33767861127853394,-8.89707327404809e-17,0.002518797991797328
2.7,-0.3,-0.33800208568573,-8.943362962871048e-17,0.0025199439842253923
2.7041666666666666,-0.3,-0.33832311630249023,-8.981887741847848e-17,0.0025210899766534567
2.7083333333333335,-0.3,-0.3386417031288147,-9.01296524833371e-17,0.002522235969081521
2.7125,-0.3,-0.33895784616470337,-9.038162493281055e-17,0.0025233817286789417
2.716666666666667,-0.3,-0.33927157521247864,-9.057237278206528e-17,0.0025245274882763624
2.720833333333333,-0.3,-0.3395828604698181,-9.072932534021354e-17,0.002525672782212496
2.725,-0.3,-0.3398917019367218,-9.089729594412101e-17,0.002526818308979273
2.7291666666666665,-0.3,-0.3401981294155121,-9.108047343640965e-17,0.002527963137254119
2.7333333333333334,-0.3,-0.34050214290618896,-9.130336221554574e-17,0.002529107965528965
2.7375,-0.3,-0.34080374240875244,-9.157977288903646e-17,0.0025302523281425238
2.7416666666666667,-0.3,-0.3411028981208801,-9.1923516064389e-17,0.002531396457925439
2.745833333333333,-0.3,-0.3413996696472168,-9.234554361291355e-17,0.0025325401220470667
2.75,-0.3,-0.34169402718544006,-9.284831722411308e-17,0.002533683320507407
2.7541666666666664,-0.3,-0.3419859707355499,-9.341698073418614e-17,0.0025348260533064604
2.7583333333333333,-0.3,-0.3422755300998688,-9.406016990872777e-17,0.0025359680876135826
2.7625,-0.3,-0.3425627052783966,-9.473507649667714e-17,0.002537109889090061
2.7666666666666666,-0.3,-0.34284746646881104,-9.54676011773745e-17,0.002538250759243965
2.7708333333333335,-0.3,-0.34312984347343445,-9.623466230300717e-17,0.002539391163736582
2.775,-0.3,-0.34340983629226685,-9.699431850779627e-17,0.0025405308697372675
2.779166666666667,-0.3,-0.3436874449253082,-9.77247785456847e-17,0.0025416698772460222
2.783333333333333,-0.3,-0.3439626693725586,-9.842610859112146e-17,0.0025428079534322023
2.7875,-0.3,-0.34423550963401794,-9.90929286614025e-17,0.002543945563957095
2.7916666666666665,-0.3,-0.34450602531433105,-9.972355130807823e-17,0.0025450820103287697
2.7958333333333334,-0.3,-0.34477412700653076,-1.0032183450152558e-16,0.0025462177582085133
2.8,-0.3,-0.34503990411758423,-1.008961559269885e-16,0.0025473525747656822
2.8041666666666667,-0.3,-0.3453032970428467,-1.0144946034744767e-16,0.0025484864600002766
2.808333333333333,-0.3,-0.3455643653869629,-1.0201998335953775e-16,0.0025496194139122963
2.8125,-0.3,-0.3458230495452881,-1.0258872627894961e-16,0.0025507512036710978
2.8166666666666664,-0.3,-0.34607940912246704,-1.0316904310949231e-16,0.0025518820621073246
2.8208333333333333,-0.3,-0.34633344411849976,-1.0375164957597056e-16,0.002553011756390333
2.825,-0.3,-0.34658512473106384,-1.0433186052739485e-16,0.002554140519350767
2.8291666666666666,-0.3,-0.3468344509601593,-1.0488771266414069e-16,0.002555267885327339
2.8333333333333335,-0.3,-0.3470814824104309,-1.0542209119218464e-16,0.002556394087150693
2.8375,-0.3,-0.3473261892795563,-1.0597335743961448e-16,0.0025575191248208284
2.841666666666667,-0.3,-0.3475685715675354,-1.0653597260504855e-16,0.002558642765507102
2.845833333333333,-0.3,-0.3478086292743683,-1.071154026979746e-16,0.0025597652420401573
2.85,-0.3,-0.3480463922023773,-1.0772431350793203e-16,0.0025608863215893507
2.8541666666666665,-0.3,-0.3482818305492401,-1.0834792828045821e-16,0.002562006004154682
2.8583333333333334,-0.3,-0.34851500391960144,-1.0900543098831946e-16,0.0025631242897361517
2.8625,-0.3,-0.34874585270881653,-1.096830441112331e-16,0.0025642411783337593
2.8666666666666667,-0.3,-0.34897440671920776,-1.1036697689402664e-16,0.002565356669947505
2.870833333333333,-0.3,-0.34920069575309753,-1.1104264448813956e-16,0.0025664702989161015
2.875,-0.3,-0.34942469000816345,-1.1168993647851945e-16,0.0025675827637314796
2.8791666666666664,-0.3,-0.3496464192867279,-1.123115792524653e-16,0.0025686933659017086
2.8833333333333333,-0.3,-0.3498658537864685,-1.1289863925936154e-16,0.002569802338257432
2.8875,-0.3,-0.35008302330970764,-1.1343735221381527e-16,0.0025709099136292934
2.8916666666666666,-0.3,-0.3502979576587677,-1.1390054688706537e-16,0.0025720156263560057
2.8958333333333335,-0.3,-0.3505105972290039,-1.1427567660358062e-16,0.0025731194764375687
2.9,-0.3,-0.35072100162506104,-1.1455223286085915e-16,0.002574221696704626
2.904166666666667,-0.3,-0.3509291708469391,-1.1477252760159427e-16,0.002575322287157178
2.908333333333333,-0.3,-0.3511350750923157,-1.1494671198626323e-16,0.002576420782133937
2.9125,-0.3,-0.35133877396583557,-1.150429164002256e-16,0.0025775176472961903
2.9166666666666665,-0.3,-0.351540207862854,-1.150850695242413e-16,0.0025786124169826508
2.9208333333333334,-0.3,-0.35173943638801575,-1.151163965083999e-16,0.0025797055568546057
2.925,-0.3,-0.3519364297389984,-1.1512792409741645e-16,0.0025807966012507677
2.9291666666666667,-0.3,-0.352131187915802,-1.151381017276733e-16,0.002581885550171137
2.933333333333333,-0.3,-0.3523237705230713,-1.1513992814246582e-16,0.0025829726364463568
2.9375,-0.3,-0.3525141179561615,-1.151442162467613e-16,0.00258405739441514
2.9416666666666664,-0.3,-0.3527022898197174,-1.1518917516741478e-16,0.0025851402897387743
2.9458333333333333,-0.3,-0.35288822650909424,-1.15280138565016e-16,0.0025862210895866156
2.95,-0.3,-0.35307198762893677,-1.153986437682928e-16,0.002587299793958664
2.9541666666666666,-0.3,-0.353253573179245,-1.1552068268714643e-16,0.0025883764028549194
2.9583333333333335,-0.3,-0.3534329831600189,-1.1564367451806571e-16,0.0025894506834447384
2.9625,-0.3,-0.35361021757125854,-1.1574415380143376e-16,0.002590522635728121
2.966666666666667,-0.3,-0.35378527641296387,-1.1583182171147458e-16,0.0025915924925357103
2.970833333333333,-0.3,-0.3539581596851349,-1.158618252066531e-16,0.0025926600210368633
2.975,-0.3,-0.354128897190094,-1.1579374493351753e-16,0.0025937252212315798
2.9791666666666665,-0.3,-0.3542974591255188,-1.1562280309684978e-16,0.0025947880931198597
2.9833333333333334,-0.3,-0.3544639050960541,-1.15317619772932e-16,0.0025958484038710594
2.9875,-0.3,-0.35462817549705505,-1.1483192578702048e-16,0.0025969066191464663
2.9916666666666667,-0.3,-0.3547903299331665,-1.1416662111162163e-16,0.002597962273284793
2.995833333333333,-0.3,-0.35495033860206604,-1.133301628413182e-16,0.0025990153662860394
3.0,-0.3,-0.35510823130607605,-1.1234622819396393e-16,0.0026000661309808493
3.0041666666666664,-0.3,-0.35526400804519653,-1.1121737150329036e-16,0.002601114334538579
3.0083333333333333,-0.3,-0.3554176688194275,-1.0995531888166105e-16,0.0026021599769592285
3.0125,-0.3,-0.3555692136287689,-1.0858323138622749e-16,0.0026032032910734415
3.0166666666666666,-0.3,-0.3557186722755432,-1.0712765820593018e-16,0.0026042438112199306
3.0208333333333335,-0.3,-0.355866014957428,-1.056272915411019e-16,0.002605281537398696
3.025,-0.3,-0.3560112714767456,-1.0412022802203439e-16,0.0026063169352710247
3.029166666666667,-0.3,-0.3561544418334961,-1.026041449255676e-16,0.0026073495391756296
3.033333333333333,-0.3,-0.35629555583000183,-1.010865067295492e-16,0.0026083793491125107
3.0375,-0.3,-0.35643455386161804,-9.957936380114289e-17,0.0026094065979123116
3.0416666666666665,-0.3,-0.3565715253353119,-9.811861577893344e-17,0.0026104310527443886
3.0458333333333334,-0.3,-0.3567064106464386,-9.672443925242227e-17,0.0026114529464393854
3.05,-0.3,-0.35683923959732056,-9.540185024484388e-17,0.0026124718133360147
3.0541666666666667,-0.3,-0.35697001218795776,-9.415637432269014e-17,0.0026134878862649202
3.058333333333333,-0.3,-0.3570987582206726,-9.300972994012423e-17,0.002614501165226102
3.0625,-0.3,-0.3572254478931427,-9.195999803812504e-17,0.0026155116502195597
3.0666666666666664,-0.3,-0.35735011100769043,-9.103143816969751e-17,0.0026165193412452936
3.0708333333333333,-0.3,-0.3574727475643158,-9.019948637937128e-17,0.0026175237726420164
3.075,-0.3,-0.3575933575630188,-8.946480441163638e-17,0.002618525642901659
3.0791666666666666,-0.3,-0.3577119708061218,-8.879006325980952e-17,0.002619524486362934
3.0833333333333335,-0.3,-0.3578285574913025,-8.812956284940838e-17,0.0026205203030258417
3.0875,-0.3,-0.3579431474208832,-8.745997668715896e-17,0.002621513092890382
3.091666666666667,-0.3,-0.3580557405948639,-8.674543822170095e-17,0.0026225028559565544
3.095833333333333,-0.3,-0.35816633701324463,-8.598427985691945e-17,0.0026234895922243595
3.1,-0.3,-0.3582749664783478,-8.516879226950548e-17,0.002624473301693797
3.1041666666666665,-0.3,-0.35838159918785095,-8.427470928900916e-17,0.002625453984364867
3.1083333333333334,-0.3,-0.35848626494407654,-8.327433029107733e-17,0.00262643164023757
3.1125,-0.3,-0.35858896374702454,-8.218464887421427e-17,0.0026274060364812613
3.1166666666666667,-0.3,-0.35868972539901733,-8.098737442071522e-17,0.002628377405926585
3.120833333333333,-0.3,-0.35878852009773254,-7.9678397497297e-17,0.0026293457485735416
3.125,-0.3,-0.35888534784317017,-7.826399144172523e-17,0.0026303105987608433
3.1291666666666664,-0.3,-0.358980268239975,-7.67738354943783e-17,0.0026312724221497774
3.1333333333333333,-0.3,-0.3590732514858246,-7.521441475125863e-17,0.002632231218740344
3.1375,-0.3,-0.3591642677783966,-7.360967112801596e-17,0.002633186522871256
3.1416666666666666,-0.3,-0.3592534065246582,-7.198452592214528e-17,0.0026341388002038
3.1458333333333335,-0.3,-0.3593406081199646,-7.033080658919456e-17,0.0026350875850766897
3.15,-0.3,-0.3594259023666382,-6.867055583812713e-17,0.0026360333431512117
3.154166666666667,-0.3,-0.35950928926467896,-6.701438805056326e-17,0.002636975608766079
3.158333333333333,-0.3,-0.3595907986164093,-6.536760379986819e-17,0.002637914614751935
3.1625,-0.3,-0.35967040061950684,-6.373230743352026e-17,0.00263885036110878
3.1666666666666665,-0.3,-0.35974812507629395,-6.21059909399022e-17,0.0026397828478366137
3.1708333333333334,-0.3,-0.359824001789093,-6.045764497221063e-17,0.0026407118421047926
3.175,-0.3,-0.3598979711532593,-5.878834155651942e-17,0.0026416373439133167
3.1791666666666667,-0.3,-0.3599700927734375,-5.709883508154721e-17,0.0026425595860928297
3.183333333333333,-0.3,-0.3600403368473053,-5.5385231180970105e-17,0.0026434785686433315
3.1875,-0.3,-0.36010873317718506,-5.362764774158478e-17,0.0026443940587341785
3.1916666666666664,-0.3,-0.36017531156539917,-5.1827239507526364e-17,0.0026453060563653708
3.1958333333333333,-0.3,-0.36024004220962524,-4.9972674104402874e-17,0.002646214561536908
3.2,-0.3,-0.3603029251098633,-4.805047179695215e-17,0.0026471195742487907
3.2041666666666666,-0.3,-0.36036399006843567,-4.61138302247287e-17,0.002648021327331662
3.2083333333333335,-0.3,-0.3604232370853424,-4.417058444249462e-17,0.002648919587954879
3.2125,-0.3,-0.3604806959629059,-4.224034193948988e-17,0.002649814123287797
3.216666666666667,-0.3,-0.3605363368988037,-4.033196347443614e-17,0.0026507051661610603
3.220833333333333,-0.3,-0.3605901598930359,-3.8454650604467444e-17,0.0026515929494053125
3.225,-0.3,-0.3606422245502472,-3.6607589383861035e-17,0.0026524770073592663
3.2291666666666665,-0.3,-0.36069247126579285,-3.480143059018415e-17,0.002653357572853565
3.2333333333333334,-0.3,-0.3607409596443176,-3.305857427442472e-17,0.0026542344130575657
3.2375,-0.3,-0.36078765988349915,-3.13610937783475e-17,0.0026551077608019114
3.2416666666666667,-0.3,-0.3608326017856598,-2.971925275899305e-17,0.002655977616086602
3.245833333333333,-0.3,-0.36087578535079956,-2.81375874748406e-17,0.0026568439789116383
3.25,-0.3,-0.36091724038124084,-2.662843118882333e-17,0.002657706383615732
3.2541666666666664,-0.3,-0.36095693707466125,-2.5183123319927803e-17,0.002658565528690815
3.2583333333333333,-0.3,-0.3609948754310608,-2.3776274386432314e-17,0.0026594209484755993
3.2624999999999997,-0.3,-0.36103111505508423,-2.239898888802947e-17,0.002660272642970085
3.2666666666666666,-0.3,-0.3610655963420868,-2.1036959908844556e-17,0.0026611206121742725
3.2708333333333335,-0.3,-0.36109837889671326,-1.9662807770602064e-17,0.002661965088918805
3.275,-0.3,-0.36112943291664124,-1.8287978998618504e-17,0.0026628058403730392
3.279166666666667,-0.3,-0.3611588180065155,-1.6912490136506126e-17,0.0026636430993676186
3.283333333333333,-0.3,-0.3611864745616913,-1.5524914511283123e-17,0.0026644764002412558
3.2875,-0.3,-0.36121246218681335,-1.412525708603317e-17,0.002665306208655238
3.2916666666666665,-0.3,-0.3612367510795593,-1.2719256839846162e-17,0.0026661320589482784
3.2958333333333334,-0.3,-0.3612593412399292,-1.1306927007611898e-17,0.002666954416781664
3.3,-0.3,-0.36128029227256775,-9.888279169858953e-18,0.002667773049324751
3.3041666666666667,-0.3,-0.3612995743751526,-8.463327388657742e-18,0.0026685879565775394
3.308333333333333,-0.3,-0.3613171875476837,-7.026356673156135e-18,0.0026693991385400295
3.3125,-0.3,-0.3613331615924835,-5.558196285477604e-18,0.002670206595212221
3.3166666666666664,-0.3,-0.361347496509552,-4.1033559872030144e-18,0.0026710100937634706
3.3208333333333333,-0.3,-0.36136019229888916,-2.643978189678265e-18,0.0026718100998550653
3.3249999999999997,-0.3,-0.3613712787628174,-1.1833375975508768e-18,0.002672606147825718
3.3291666666666666,-0.3,-0.3613806962966919,2.647224046401923e-19,0.0026733987033367157
3.3333333333333335,-0.3,-0.36138853430747986,1.679997620240605e-18,0.0026741873007267714
3.3375,-0.3,-0.3613947629928589,3.0654351903753113e-18,0.0026749721728265285
3.341666666666667,-0.3,-0.361399382352829,4.40021621979727e-18,0.0026757530868053436
3.345833333333333,-0.3,-0.36140239238739014,5.686885736456154e-18,0.002676530508324504
3.35,-0.3,-0.36140382289886475,6.898284712504856e-18,0.002677303971722722
3.3541666666666665,-0.3,-0.3614036738872528,8.036540242888557e-18,0.0026780737098306417
3.3583333333333334,-0.3,-0.3614019453525543,9.085983458853971e-18,0.0026788394898176193
3.3625,-0.3,-0.3613986670970917,1.0037808609190164e-17,0.0026796015445142984
3.3666666666666667,-0.3,-0.3613938093185425,1.0914664726249451e-17,0.002680359873920679
3.370833333333333,-0.3,-0.3613874316215515,1.1732972999552235e-17,0.0026811144780367613
3.375,-0.3,-0.361379474401474,1.2540319475377466e-17,0.0026818651240319014
3.3791666666666664,-0.3,-0.3613699972629547,1.3345334956236523e-17,0.0026826118119060993
3.3833333333333333,-0.3,-0.36135897040367126,1.415237537523511e-17,0.002683354774489999
3.3874999999999997,-0.3,-0.36134642362594604,1.4960143713172743e-17,0.0026840940117836
3.3916666666666666,-0.3,-0.36133235692977905,1.577150036060763e-17,0.0026848292909562588
3.3958333333333335,-0.3,-0.3613167703151703,1.659519854278181e-17,0.0026855608448386192
3.4,-0.3,-0.36129969358444214,1.7430895806921684e-17,0.0026862886734306812
3.404166666666667,-0.3,-0.3612811267375946,1.8291067691025777e-17,0.0026870123110711575
3.408333333333333,-0.3,-0.3612610399723053,1.9176749825221005e-17,0.002687732456251979
3.4125,-0.3,-0.361239492893219,2.007308108262224e-17,0.002688448643311858
3.4166666666666665,-0.3,-0.3612164556980133,2.0982059931589412e-17,0.0026891608722507954
3.4208333333333334,-0.3,-0.3611919581890106,2.1898400688008305e-17,0.002689869375899434
3.425,-0.3,-0.36116600036621094,2.2822095080072795e-17,0.0026905739214271307
3.4291666666666667,-0.3,-0.36113858222961426,2.375312656417063e-17,0.002691274741664529
3.433333333333333,-0.3,-0.36110973358154297,2.4685756161211918e-17,0.002691971603780985
3.4375,-0.3,-0.3610794246196747,2.5619978908112983e-17,0.0026926647406071424
3.4416666666666664,-0.3,-0.3610476851463318,2.6561494079294315e-17,0.002693353919312358
3.4458333333333333,-0.3,-0.3610145151615143,2.7510295057311014e-17,0.002694039372727275
3.4499999999999997,-0.3,-0.36097991466522217,2.846636198982838e-17,0.0026947208680212498
3.4541666666666666,-0.3,-0.36094391345977783,2.943539745998935e-17,0.0026953984051942825
3.4583333333333335,-0.3,-0.3609064817428589,3.040595494247742e-17,0.002696072217077017
3.4625,-0.3,-0.3608676791191101,3.13837419835192e-17,0.0026967423036694527
3.466666666666667,-0.3,-0.3608274757862091,3.236301794966358e-17,0.0026974084321409464
3.470833333333333,-0.3,-0.3607858717441559,3.3355201242086236e-17,0.002698070602491498
3.475,-0.3,-0.3607429265975952,3.436029186078717e-17,0.002698729047551751
3.4791666666666665,-0.3,-0.3606985807418823,3.5397228933071393e-17,0.002699383767321706
3.4833333333333334,-0.3,-0.3606528639793396,3.6440694114749886e-17,0.0027000342961400747
3.4875,-0.3,-0.36060580611228943,3.747683378492361e-17,0.002700681332498789
3.4916666666666667,-0.3,-0.3605573773384094,3.84906064913339e-17,0.002701324177905917
3.495833333333333,-0.3,-0.36050763726234436,3.946542229961539e-17,0.0027019635308533907
3.5,-0.3,-0.36045652627944946,4.040136061910689e-17,0.0027025986928492785
3.5041666666666664,-0.3,-0.3604041039943695,4.130420509665137e-17,0.0027032303623855114
3.5083333333333333,-0.3,-0.3603503704071045,4.215510924917242e-17,0.0027038580738008022
3.5124999999999997,-0.3,-0.36029529571533203,4.296801934179768e-17,0.002704481827095151
3.5166666666666666,-0.3,-0.3602389395236969,4.3751154241093484e-17,0.002705101855099201
3.5208333333333335,-0.3,-0.3601812720298767,4.451841058135072e-17,0.0027057179249823093
3.525,-0.3,-0.36012229323387146,4.530255464099384e-17,0.002706330269575119
3.529166666666667,-0.3,-0.36006203293800354,4.608465721888518e-17,0.0027069388888776302
3.533333333333333,-0.3,-0.36000049114227295,4.687857524464622e-17,0.0027075435500591993
3.5375,-0.3,-0.3599376976490021,4.7722686589976986e-17,0.00270814448595047
3.5416666666666665,-0.3,-0.35987362265586853,4.860156599081458e-17,0.0027087414637207985
3.5458333333333334,-0.3,-0.3598082661628723,4.951208008699865e-17,0.0027093347162008286
3.55,-0.3,-0.3597416877746582,5.044433910712551e-17,0.00270992424339056
3.5541666666666667,-0.3,-0.3596738576889038,5.138973044665727e-17,0.0027105098124593496
3.558333333333333,-0.3,-0.35960477590560913,5.233600852380568e-17,0.0027110916562378407
3.5625,-0.3,-0.35953447222709656,5.32777536511973e-17,0.002711669774726033
3.5666666666666664,-0.3,-0.3594629466533661,5.41770213997731e-17,0.0027122439350932837
3.5708333333333333,-0.3,-0.3593901991844177,5.500660745354743e-17,0.0027128143701702356
3.5749999999999997,-0.3,-0.35931622982025146,5.573332532634467e-17,0.002713381079956889
3.5791666666666666,-0.3,-0.3592410683631897,5.631137899073143e-17,0.002713944064453244
3.5833333333333335,-0.3,-0.3591647148132324,5.674538411452575e-17,0.002714503090828657
3.5875,-0.3,-0.35908716917037964,5.701710301958207e-17,0.0027150583919137716
3.591666666666667,-0.3,-0.35900843143463135,5.709424919223121e-17,0.0027156099677085876
3.595833333333333,-0.3,-0.35892853140830994,5.698289082944688e-17,0.002716157818213105
3.6,-0.3,-0.358847439289093,5.670387288266539e-17,0.0027167019434273243
3.6041666666666665,-0.3,-0.358765184879303,5.625276166380347e-17,0.002717242343351245
3.6083333333333334,-0.3,-0.3586817979812622,5.565697986452848e-17,0.002717779017984867
3.6125,-0.3,-0.3585972487926483,5.495212933840469e-17,0.002718311734497547
3.6166666666666667,-0.3,-0.3585115671157837,5.4198918524948604e-17,0.0027188409585505724
3.620833333333333,-0.3,-0.35842475295066833,5.3457046703329396e-17,0.0027193662244826555
3.625,-0.3,-0.35833680629730225,5.278090265318365e-17,0.002719887997955084
3.6291666666666664,-0.3,-0.3582477569580078,5.2236108266866425e-17,0.0027204060461372137
3.6333333333333333,-0.3,-0.35815757513046265,5.188070515359934e-17,0.0027209201361984015
3.6374999999999997,-0.3,-0.35806629061698914,5.173346038712e-17,0.0027214307337999344
3.6416666666666666,-0.3,-0.3579739034175873,5.18121517331534e-17,0.002721937606111169
3.6458333333333335,-0.3,-0.3578804135322571,5.2080886170559625e-17,0.002722440753132105
3.65,-0.3,-0.3577858507633209,5.2511609041683337e-17,0.0027229401748627424
3.654166666666667,-0.3,-0.3576901853084564,5.307054821647522e-17,0.002723436104133725
3.658333333333333,-0.3,-0.35759347677230835,5.3735952153547575e-17,0.0027239283081144094
3.6625,-0.3,-0.3574956953525543,5.445311112718615e-17,0.0027244167868047953
3.6666666666666665,-0.3,-0.3573968708515167,5.519736853769196e-17,0.0027249015402048826
3.6708333333333334,-0.3,-0.35729697346687317,5.591564916824116e-17,0.0027253825683146715
3.675,-0.3,-0.35719603300094604,5.660230833833368e-17,0.0027258601039648056
3.6791666666666667,-0.3,-0.35709404945373535,5.721683735901157e-17,0.002726334147155285
3.683333333333333,-0.3,-0.3569910526275635,5.775833625776839e-17,0.0027268044650554657
3.6875,-0.3,-0.35688701272010803,5.819258622702402e-17,0.002727271057665348
3.6916666666666664,-0.3,-0.3567819595336914,5.849150944806599e-17,0.0027277341578155756
3.6958333333333333,-0.3,-0.3566758930683136,5.865222071491769e-17,0.0027281935326755047
3.6999999999999997,-0.3,-0.356568843126297,5.86507648770396e-17,0.002728649415075779
3.7041666666666666,-0.3,-0.3564607799053192,5.853521767163329e-17,0.0027291015721857548
3.7083333333333335,-0.3,-0.35635173320770264,5.831756990885834e-17,0.0027295502368360758
3.7125,-0.3,-0.35624170303344727,5.802417225430823e-17,0.002729995409026742
3.716666666666667,-0.3,-0.3561306893825531,5.769271767413578e-17,0.0027304368559271097
3.720833333333333,-0.3,-0.35601872205734253,5.735507578298143e-17,0.0027308748103678226
3.725,-0.3,-0.35590577125549316,5.703855015850434e-17,0.0027313092723488808
3.7291666666666665,-0.3,-0.3557918667793274,5.676004837242509e-17,0.002731740241870284
3.7333333333333334,-0.3,-0.3556770086288452,5.655543035865907e-17,0.0027321677189320326
3.7375,-0.3,-0.355561226606369,5.6440465488404e-17,0.0027325914707034826
3.7416666666666667,-0.3,-0.3554444909095764,5.643032756281655e-17,0.002733011730015278
3.745833333333333,-0.3,-0.3553268313407898,5.653459864211254e-17,0.0027334284968674183
3.75,-0.3,-0.35520827770233154,5.674746199222448e-17,0.0027338420040905476
3.7541666666666664,-0.3,-0.3550887703895569,5.705491509974309e-17,0.0027342517860233784
3.7583333333333333,-0.3,-0.3549683690071106,5.744950010426559e-17,0.0027346580754965544
3.7624999999999997,-0.3,-0.3548470437526703,5.79192460479671e-17,0.0027350611053407192
3.7666666666666666,-0.3,-0.35472485423088074,5.842658569614793e-17,0.0027354604098945856
3.7708333333333335,-0.3,-0.35460177063941956,5.893293272759369e-17,0.002735856454819441
3.775,-0.3,-0.35447779297828674,5.939223634324233e-17,0.0027362490072846413
3.779166666666667,-0.3,-0.3543529212474823,5.977999214462759e-17,0.002736638067290187
3.783333333333333,-0.3,-0.354227215051651,6.008243584635658e-17,0.0027370236348360777
3.7875,-0.3,-0.35410061478614807,6.0296596215669e-17,0.0027374059427529573
3.7916666666666665,-0.3,-0.3539731800556183,6.040269370975751e-17,0.002737784758210182
3.7958333333333334,-0.3,-0.35384488105773926,6.03870566874578e-17,0.002738160314038396
3.8,-0.3,-0.35371577739715576,6.025137921466441e-17,0.0027385323774069548
3.8041666666666667,-0.3,-0.353585809469223,6.000098833452215e-17,0.002738900948315859
3.808333333333333,-0.3,-0.3534550070762634,5.964944319163202e-17,0.0027392662595957518
3.8125,-0.3,-0.353323370218277,5.921296314344494e-17,0.0027396283112466335
3.8166666666666664,-0.3,-0.35319092869758606,5.870879986881632e-17,0.0027399868704378605
3.8208333333333333,-0.3,-0.3530576825141907,5.815914166049728e-17,0.0027403421700000763
3.8249999999999997,-0.3,-0.3529236316680908,5.761371199946961e-17,0.0027406939771026373
3.8291666666666666,-0.3,-0.3527888059616089,5.708691706328154e-17,0.002741042524576187
3.8333333333333335,-0.3,-0.3526531457901001,5.658937785099825e-17,0.002741387812420726
3.8375,-0.3,-0.3525167405605316,5.61205715844726e-17,0.0027417298406362534
3.841666666666667,-0.3,-0.35237953066825867,5.570129689302662e-17,0.0027420686092227697
3.845833333333333,-0.3,-0.35224154591560364,5.53189012220107e-17,0.002742404118180275
3.85,-0.3,-0.3521028161048889,5.499708495033572e-17,0.0027427361346781254
3.8541666666666665,-0.3,-0.3519633412361145,5.4703683987063163e-17,0.0027430651243776083
3.8583333333333334,-0.3,-0.351823091506958,5.445682351377529e-17,0.00274339085444808
3.8625,-0.3,-0.3516820967197418,5.424813577139551e-17,0.002743713092058897
3.8666666666666667,-0.3,-0.35154035687446594,5.4063691038408435e-17,0.0027440323028713465
3.870833333333333,-0.3,-0.35139790177345276,5.387846213820066e-17,0.0027443482540547848
3.875,-0.3,-0.35125473141670227,5.3660466959568436e-17,0.002744660945609212
3.8791666666666664,-0.3,-0.3511108160018921,5.3409758442070964e-17,0.0027449706103652716
3.8833333333333333,-0.3,-0.3509661853313446,5.313751675886751e-17,0.00274527701549232
3.8874999999999997,-0.3,-0.3508208692073822,5.2838236195800926e-17,0.0027455801609903574
3.8916666666666666,-0.3,-0.3506748378276825,5.251244283974079e-17,0.0027458800468593836
3.8958333333333335,-0.3,-0.35052812099456787,5.212781047234853e-17,0.0027461769059300423
3.9,-0.3,-0.35038071870803833,5.168346228217485e-17,0.0027464707382023335
3.904166666666667,-0.3,-0.3502326011657715,5.1198446584365605e-17,0.0027467613108456135
3.908333333333333,-0.3,-0.3500838577747345,5.068022123932358e-17,0.0027470486238598824
3.9125,-0.3,-0.3499344289302826,5.015887907773346e-17,0.0027473329100757837
3.9166666666666665,-0.3,-0.34978431463241577,4.9653819139320834e-17,0.0027476141694933176
3.9208333333333334,-0.3,-0.3496335744857788,4.916364845193416e-17,0.0027478921692818403
3.925,-0.3,-0.34948214888572693,4.870079788581889e-17,0.002748167375102639
3.9291666666666667,-0.3,-0.3493300974369049,4.825688313828618e-17,0.002748439321294427
3.933333333333333,-0.3,-0.34917742013931274,4.781246877366349e-17,0.002748708240687847
3.9375,-0.3,-0.34902411699295044,4.735367800999463e-17,0.002748973900452256
3.9416666666666664,-0.3,-0.3488701581954956,4.687727822544574e-17,0.0027492367662489414
3.9458333333333333,-0.3,-0.348715603351593,4.6368988973921705e-17,0.002749496605247259
3.9499999999999997,-0.3,-0.3485604226589203,4.582467104363731e-17,0.0027497531846165657
3.9541666666666666,-0.3,-0.3484046459197998,4.523887827743951e-17,0.0027500069700181484
3.9583333333333335,-0.3,-0.34824827313423157,4.4617212342436504e-17,0.0027502577286213636
3.9625,-0.3,-0.3480913043022156,4.3959739413077306e-17,0.0027505054604262114
3.966666666666667,-0.3,-0.34793373942375183,4.326653228125582e-17,0.0027507501654326916
3.970833333333333,-0.3,-0.34777557849884033,4.253766373886594e-17,0.002750992076471448
3.975,-0.3,-0.34761685132980347,4.1773206577801585e-17,0.002751230960711837
3.9791666666666665,-0.3,-0.34745755791664124,4.09677212583546e-17,0.002751466818153858
3.9833333333333334,-0.3,-0.34729769825935364,4.012129711603114e-17,0.002751699648797512
3.9875,-0.3,-0.3471372723579407,3.9234006942725106e-17,0.002751929685473442
3.9916666666666667,-0.3,-0.34697631001472473,3.830592022160796e-17,0.0027521569281816483
3.995833333333333,-0.3,-0.3468148112297058,3.7342628693620556e-17,0.002752381144091487
4.0,-0.3,-0.3466527462005615,3.634419522448945e-17,0.0027526025660336018
4.004166666666666,-0.3,-0.34649017453193665,3.5332192684590024e-17,0.002752820961177349
4.008333333333333,-0.3,-0.3463270366191864,3.4306253805730305e-17,0.0027530365623533726
4.0125,-0.3,-0.34616339206695557,3.327010420938923e-17,0.0027532491367310286
4.016666666666667,-0.3,-0.34599924087524414,3.223633027576741e-17,0.0027534591499716043
4.020833333333333,-0.3,-0.3458345830440521,3.125128058894741e-17,0.0027536661364138126
4.025,-0.3,-0.3456694185733795,3.0300876534903584e-17,0.002753870328888297
4.029166666666667,-0.3,-0.3455037474632263,2.941450949516116e-17,0.0027540717273950577
4.033333333333333,-0.3,-0.3453375995159149,2.859127618849124e-17,0.0027542703319340944
4.0375,-0.3,-0.3451709449291229,2.7832337976473834e-17,0.0027544659096747637
4.041666666666667,-0.3,-0.34500381350517273,2.712876792593828e-17,0.0027546589262783527
4.045833333333333,-0.3,-0.34483620524406433,2.6466601573783457e-17,0.0027548493817448616
4.05,-0.3,-0.34466812014579773,2.5826004783281565e-17,0.002755036810413003
4.054166666666666,-0.3,-0.3444995880126953,2.5186784421318962e-17,0.0027552214451134205
4.058333333333334,-0.3,-0.3443306088447571,2.4557357877808987e-17,0.002755403518676758
4.0625,-0.3,-0.34416115283966064,2.3896961692165026e-17,0.0027555827982723713
4.066666666666666,-0.3,-0.3439912796020508,2.319139151890832e-17,0.002755759283900261
4.070833333333333,-0.3,-0.3438209295272827,2.24364783677516e-17,0.0027559329755604267
4.075,-0.3,-0.3436501622200012,2.1626875343215324e-17,0.0027561041060835123
4.079166666666667,-0.3,-0.3434789776802063,2.0762686670056674e-17,0.0027562726754695177
4.083333333333333,-0.3,-0.34330734610557556,1.9854897306810353e-17,0.0027564384508877993
4.0875,-0.3,-0.3431352972984314,1.8902317767755512e-17,0.002756601432338357
4.091666666666667,-0.3,-0.3429628610610962,1.7918460875378815e-17,0.0027567618526518345
4.095833333333333,-0.3,-0.34279000759124756,1.691559537252565e-17,0.002756919711828232
4.1,-0.3,-0.3426167368888855,1.5905611153320853e-17,0.002757075009867549
4.104166666666667,-0.3,-0.3424431085586548,1.492119508685007e-17,0.0027572275139391422
4.108333333333333,-0.3,-0.34226906299591064,1.4011369204935645e-17,0.0027573774568736553
4.1125,-0.3,-0.34209463000297546,1.3189512326805009e-17,0.0027575248386710882
4.116666666666666,-0.3,-0.34191983938217163,1.2465954283947724e-17,0.0027576694265007973
4.120833333333334,-0.3,-0.34174466133117676,1.1836296957046846e-17,0.00275781168602407
4.125,-0.3,-0.34156909584999084,1.1285704861816237e-17,0.002757951384410262
4.129166666666666,-0.3,-0.34139320254325867,1.0805196471164796e-17,0.0027580882888287306
4.133333333333333,-0.3,-0.34121695160865784,1.03649726035253e-17,0.0027582228649407625
4.1375,-0.3,-0.34104031324386597,9.96766121170383e-18,0.0027583548799157143
4.141666666666667,-0.3,-0.3408633768558502,9.588102770188972e-18,0.002758484333753586
4.145833333333333,-0.3,-0.3406860828399658,9.212451102707203e-18,0.002758611226454377
4.15,-0.3,-0.34050843119621277,8.828023876106859e-18,0.002758735790848732
4.154166666666667,-0.3,-0.34033048152923584,8.421280970941059e-18,0.002758857561275363
4.158333333333333,-0.3,-0.34015220403671265,7.984677672842707e-18,0.0027589770033955574
4.1625,-0.3,-0.3399735987186432,7.505477054739713e-18,0.0027590941172093153
4.166666666666667,-0.3,-0.33979466557502747,6.969086823446026e-18,0.002759208669885993
4.170833333333333,-0.3,-0.33961543440818787,6.392112629758651e-18,0.0027593206614255905
4.175,-0.3,-0.3394359350204468,5.768446985624801e-18,0.0027594303246587515
4.179166666666666,-0.3,-0.3392561078071594,5.107426692208669e-18,0.0027595374267548323
4.183333333333334,-0.3,-0.3390759825706482,4.4121826281287684e-18,0.00275964243337512
4.1875,-0.3,-0.3388955891132355,3.707450802422884e-18,0.002759744646027684
4.191666666666666,-0.3,-0.3387148976325989,2.9913537218956747e-18,0.0027598447632044554
4.195833333333333,-0.3,-0.3385339379310608,2.2880982067880445e-18,0.0027599423192441463
4.2,-0.3,-0.3383527100086212,1.605014938483592e-18,0.0027600375469774008
4.204166666666667,-0.3,-0.33817121386528015,9.560669325173651e-19,0.002760130213573575
4.208333333333333,-0.3,-0.3379894495010376,3.5075797713971556e-19,0.0027602207846939564
4.2125,-0.3,-0.33780744671821594,-1.968079812174448e-19,0.002760309027507901
4.216666666666667,-0.3,-0.3376251757144928,-6.885301492405377e-19,0.002760394709184766
4.220833333333333,-0.3,-0.33744269609451294,-1.1095320972031032e-18,0.0027604782953858376
4.225,-0.3,-0.3372599482536316,-1.4602772530433242e-18,0.0027605595532804728
4.229166666666667,-0.3,-0.33707696199417114,-1.7462452747290582e-18,0.0027606382500380278
4.233333333333333,-0.3,-0.3368937373161316,-1.9568909536187495e-18,0.00276071485131979
4.2375,-0.3,-0.3367103040218353,-2.0923626652347747e-18,0.0027607891242951155
4.241666666666666,-0.3,-0.33652666211128235,-2.163471453388049e-18,0.0027608610689640045
4.245833333333334,-0.3,-0.33634281158447266,-2.169553298841845e-18,0.0027609309181571007
4.25,-0.3,-0.33615872263908386,-2.1253024447927083e-18,0.0027609984390437603
4.254166666666666,-0.3,-0.33597445487976074,-2.039663815589634e-18,0.0027610636316239834
4.258333333333333,-0.3,-0.3357899487018585,-1.9364304343720972e-18,0.0027611267287284136
4.2625,-0.3,-0.33560529351234436,-1.8489769709050815e-18,0.0027611874975264072
4.266666666666667,-0.3,-0.3354204297065735,-1.7955450324420655e-18,0.0027612459380179644
4.270833333333333,-0.3,-0.3352353572845459,-1.7846173561647806e-18,0.0027613025158643723
4.275,-0.3,-0.33505013585090637,-1.8299693944043786e-18,0.0027613565325737
4.279166666666667,-0.3,-0.3348647356033325,-1.945350543302716e-18,0.0027614086866378784
4.283333333333333,-0.3,-0.33467915654182434,-2.129744611477271e-18,0.0027614585123956203
4.2875,-0.3,-0.3344934284687042,-2.383016561693045e-18,0.0027615060098469257
4.291666666666667,-0.3,-0.3343075215816498,-2.7144550118435487e-18,0.002761551644653082
4.295833333333333,-0.3,-0.3341214656829834,-3.133246836606949e-18,0.0027615949511528015
4.3,-0.3,-0.3339352607727051,-3.655582442112747e-18,0.0027616361621767282
4.304166666666666,-0.3,-0.3337489068508148,-4.28259775413713e-18,0.002761675277724862
4.308333333333334,-0.3,-0.333562433719635,-4.972367123332849e-18,0.0027617120649665594
4.3125,-0.3,-0.33337581157684326,-5.730818539559764e-18,0.0027617469895631075
4.316666666666666,-0.3,-0.3331890404224396,-6.5659545616540205e-18,0.0027617798186838627
4.320833333333333,-0.3,-0.33300215005874634,-7.444633784783375e-18,0.002761810552328825
4.325,-0.3,-0.33281514048576355,-8.324006185266048e-18,0.0027618391904979944
4.329166666666667,-0.3,-0.3326280117034912,-9.186662092749637e-18,0.002761865733191371
4.333333333333333,-0.3,-0.3324407935142517,-1.0014543327281498e-17,0.0027618901804089546
4.3375,-0.3,-0.33225342631340027,-1.0768068469370353e-17,0.0027619125321507454
4.341666666666667,-0.3,-0.33206596970558167,-1.1432764339838365e-17,0.002761933021247387
4.345833333333333,-0.3,-0.3318784236907959,-1.200906769004896e-17,0.0027619514148682356
4.35,-0.3,-0.33169078826904297,-1.2497152227930774e-17,0.0027619677130132914
4.354166666666667,-0.3,-0.3315030634403229,-1.2891940718883958e-17,0.0027619819156825542
4.358333333333333,-0.3,-0.33131521940231323,-1.3203360984620372e-17,0.002761994255706668
4.3625,-0.3,-0.3311273157596588,-1.3423186713948176e-17,0.0027620047330856323
4.366666666666666,-0.3,-0.3309393525123596,-1.3574955331197568e-17,0.002762013114988804
4.370833333333334,-0.3,-0.33075129985809326,-1.3661802678070736e-17,0.0027620194014161825
4.375,-0.3,-0.33056318759918213,-1.3712802498737693e-17,0.002762023825198412
4.379166666666666,-0.3,-0.3303750157356262,-1.374126826515748e-17,0.0027620261535048485
4.383333333333333,-0.3,-0.33018675446510315,-1.3760109785150213e-17,0.0027620268519967794
4.3875,-0.3,-0.3299984633922577,-1.3805143152058825e-17,0.0027620254550129175
4.391666666666667,-0.3,-0.32981014251708984,-1.3864228663213488e-17,0.0027620219625532627
4.395833333333333,-0.3,-0.32962173223495483,-1.396677258939046e-17,0.0027620166074484587
4.4,-0.3,-0.3294333219528198,-1.4132360913133777e-17,0.002762009622529149
4.404166666666667,-0.3,-0.32924485206604004,-1.4345517085182566e-17,0.0027620005421340466
4.408333333333333,-0.3,-0.32905635237693787,-1.4611432491061213e-17,0.002761989366263151
4.4125,-0.3,-0.3288678228855133,-1.493609922712705e-17,0.00276197656057775
4.416666666666667,-0.3,-0.32867926359176636,-1.5332322049262402e-17,0.0027619618922472
4.420833333333333,-0.3,-0.3284907042980194,-1.5775389763847855e-17,0.0027619453612715006
4.425,-0.3,-0.3283021152019501,-1.6265785444361143e-17,0.0027619267348200083
4.429166666666666,-0.3,-0.32811352610588074,-1.679954193258446e-17,0.0027619064785540104
4.433333333333334,-0.3,-0.3279249370098114,-1.73515857297901e-17,0.0027618843596428633
4.4375,-0.3,-0.3277363181114197,-1.7917264772213064e-17,0.002761860378086567
4.441666666666666,-0.3,-0.32754772901535034,-1.850896857106817e-17,0.0027618345338851213
4.445833333333333,-0.3,-0.3273591101169586,-1.908097719953839e-17,0.0027618068270385265
4.45,-0.3,-0.3271705210208893,-1.9643691626645964e-17,0.002761777490377426
4.454166666666667,-0.3,-0.32698196172714233,-2.018640317218078e-17,0.0027617462910711765
4.458333333333333,-0.3,-0.3267934024333954,-2.0719684858732492e-17,0.0027617132291197777
4.4625,-0.3,-0.3266048729419708,-2.123893259901163e-17,0.0027616785373538733
4.466666666666667,-0.3,-0.32641637325286865,-2.1743999154869157e-17,0.0027616419829428196
4.470833333333333,-0.3,-0.3262278735637665,-2.224506215656193e-17,0.0027616035658866167
4.475,-0.3,-0.3260394334793091,-2.2747665368555274e-17,0.0027615635190159082
4.479166666666667,-0.3,-0.3258510231971741,-2.325714741452261e-17,0.0027615216095000505
4.483333333333333,-0.3,-0.32566267251968384,-2.3751769987966043e-17,0.0027614780701696873
4.4875,-0.3,-0.325474351644516,-2.4236193424456698e-17,0.0027614329010248184
4.491666666666666,-0.3,-0.3252860903739929,-2.47104392306905e-17,0.0027613858692348003
4.495833333333334,-0.3,-0.3250978887081146,-2.5179678939857132e-17,0.002761336974799633
4.5,-0.3,-0.3249097168445587,-2.5638774105991413e-17,0.002761286683380604
4.504166666666666,-0.3,-0.32472163438796997,-2.6092883027393224e-17,0.0027612345293164253
4.508333333333333,-0.3,-0.324533611536026,-2.6536882147348412e-17,0.0027611805126070976
4.5125,-0.3,-0.3243456482887268,-2.6970789663830454e-17,0.002761125098913908
4.516666666666667,-0.3,-0.3241577446460724,-2.7384712496713214e-17,0.002761067822575569
4.520833333333333,-0.3,-0.3239699602127075,-2.777442871615022e-17,0.0027610091492533684
4.525,-0.3,-0.32378220558166504,-2.8139930050335353e-17,0.0027609486132860184
4.529166666666667,-0.3,-0.3235945701599121,-2.847528230555415e-17,0.002760886447504163
4.533333333333333,-0.3,-0.32340702414512634,-2.8800731554479465e-17,0.0027608226519078016
4.5375,-0.3,-0.32321956753730774,-2.911595023358872e-17,0.002760757226496935
4.541666666666667,-0.3,-0.3230322003364563,-2.941974058535495e-17,0.0027606901712715626
4.545833333333333,-0.3,-0.322844922542572,-2.9721221448850924e-17,0.0027606214862316847
4.55,-0.3,-0.3226577639579773,-3.0024178002559696e-17,0.002760551171377301
4.554166666666666,-0.3,-0.32247069478034973,-3.035443813392762e-17,0.002760479226708412
4.558333333333334,-0.3,-0.3222837746143341,-3.0687758833561986e-17,0.002760405885055661
4.5625,-0.3,-0.32209694385528564,-3.1030330721167147e-17,0.002760330680757761
4.566666666666666,-0.3,-0.32191020250320435,-3.1362691891290953e-17,0.002760254079475999
4.570833333333333,-0.3,-0.321723610162735,-3.1675630860632015e-17,0.002760175848379731
4.575,-0.3,-0.32153716683387756,-3.1964687471327445e-17,0.002760095987468958
4.579166666666667,-0.3,-0.3213508129119873,-3.222055097840235e-17,0.0027600147295743227
4.583333333333333,-0.3,-0.321164608001709,-3.2444227233481587e-17,0.002759931841865182
4.5875,-0.3,-0.3209785521030426,-3.2616717552256044e-17,0.0027598473243415356
4.591666666666667,-0.3,-0.32079261541366577,-3.271849054610212e-17,0.0027597614098340273
4.595833333333333,-0.3,-0.3206068277359009,-3.274873557801951e-17,0.0027596738655120134
4.6,-0.3,-0.32042115926742554,-3.272722888209313e-17,0.002759584691375494
4.604166666666667,-0.3,-0.3202356696128845,-3.265834458940216e-17,0.0027594943530857563
4.608333333333333,-0.3,-0.32005032896995544,-3.256627276978011e-17,0.0027594021521508694
4.6125,-0.3,-0.3198651373386383,-3.246020505419366e-17,0.0027593085542321205
4.616666666666666,-0.3,-0.3196801245212555,-3.2349045214756335e-17,0.0027592135593295097
4.620833333333334,-0.3,-0.3194952607154846,-3.2251729070050696e-17,0.002759117167443037
4.625,-0.3,-0.3193105459213257,-3.2178060364696724e-17,0.0027590191457420588
4.629166666666666,-0.3,-0.31912603974342346,-3.211790117310697e-17,0.002758919494226575
4.633333333333333,-0.3,-0.3189416825771332,-3.208131001153007e-17,0.0027588186785578728
4.6375,-0.3,-0.3187575042247772,-3.2068253792741534e-17,0.002758716233074665
4.641666666666667,-0.3,-0.3185735046863556,-3.2078686194627053e-17,0.0027586123906075954
4.645833333333333,-0.3,-0.3183896839618683,-3.210750185844595e-17,0.002758507151156664
4.65,-0.3,-0.3182060420513153,-3.2165113333749044e-17,0.0027584002818912268
4.654166666666667,-0.3,-0.31802260875701904,-3.2247523683816477e-17,0.0027582922484725714
4.658333333333333,-0.3,-0.3178393542766571,-3.2340144751365264e-17,0.0027581825852394104
4.6625,-0.3,-0.3176563084125519,-3.2428616680961486e-17,0.002758071757853031
4.666666666666667,-0.3,-0.317473441362381,-3.251914001847684e-17,0.0027579593006521463
4.670833333333333,-0.3,-0.3172907829284668,-3.258174766467975e-17,0.0027578454464673996
4.675,-0.3,-0.3171083331108093,-3.261649917657433e-17,0.002757730195298791
4.679166666666666,-0.3,-0.31692609190940857,-3.2623440876274875e-17,0.0027576135471463203
4.683333333333334,-0.3,-0.3167440593242645,-3.260764503529756e-17,0.0027574957348406315
4.6875,-0.3,-0.3165622353553772,-3.2569161284479146e-17,0.002757376292720437
4.691666666666666,-0.3,-0.31638064980506897,-3.2503033157589207e-17,0.0027572554536163807
4.695833333333333,-0.3,-0.31619927287101746,-3.2404284336062626e-17,0.002757133450359106
4.7,-0.3,-0.31601810455322266,-3.227800363502783e-17,0.0027570100501179695
4.704166666666667,-0.3,-0.31583717465400696,-3.21285519506742e-17,0.002756885252892971
4.708333333333333,-0.3,-0.31565648317337036,-3.1969544675884356e-17,0.0027567590586841106
4.7125,-0.3,-0.3154760003089905,-3.181514645146766e-17,0.002756631700322032
4.716666666666667,-0.3,-0.3152957856655121,-3.16535881516687e-17,0.0027565027121454477
4.720833333333333,-0.3,-0.3151157796382904,-3.152295648061188e-17,0.002756372792646289
4.725,-0.3,-0.3149360120296478,-3.146158298788289e-17,0.0027562412433326244
4.729166666666667,-0.3,-0.31475651264190674,-3.14632108793284e-17,0.0027561085298657417
4.733333333333333,-0.3,-0.31457725167274475,-3.1552572855263726e-17,0.002755974419414997
4.7375,-0.3,-0.31439822912216187,-3.1729477009786767e-17,0.002755839144811034
4.741666666666666,-0.3,-0.3142194449901581,-3.1982782874407655e-17,0.0027557024732232094
4.745833333333334,-0.3,-0.3140409588813782,-3.231624254038493e-17,0.0027555644046515226
4.75,-0.3,-0.313862681388855,-3.274987708726483e-17,0.0027554251719266176
4.754166666666666,-0.3,-0.31368470191955566,-3.3284179514692433e-17,0.0027552847750484943
4.758333333333333,-0.3,-0.31350696086883545,-3.391602969739719e-17,0.002755142981186509
4.7625,-0.3,-0.3133295178413391,-3.461820346705875e-17,0.002754999790340662
4.766666666666667,-0.3,-0.3131523132324219,-3.5363867084605905e-17,0.0027548556681722403
4.770833333333333,-0.3,-0.3129754066467285,-3.61156683822982e-17,0.0027547101490199566
4.775,-0.3,-0.31279873847961426,-3.682571360266882e-17,0.002754563232883811
4.779166666666667,-0.3,-0.3126223683357239,-3.7496093858306294e-17,0.002754415152594447
4.783333333333333,-0.3,-0.312446266412735,-3.8084335079117254e-17,0.002754265908151865
4.7875,-0.3,-0.31227046251296997,-3.8566822912974535e-17,0.0027541154995560646
4.791666666666667,-0.3,-0.31209492683410645,-3.894014275830952e-17,0.0027539636939764023
4.795833333333333,-0.3,-0.3119196891784668,-3.918604039336438e-17,0.0027538107242435217
4.8,-0.3,-0.311744749546051,-3.930110783401541e-17,0.002753656590357423
4.804166666666666,-0.3,-0.31157010793685913,-3.9260529661886006e-17,0.0027535012923181057
4.808333333333334,-0.3,-0.3113957345485687,-3.905342018011498e-17,0.0027533448301255703
4.8125,-0.3,-0.3112216591835022,-3.869791780517439e-17,0.002753186970949173
4.816666666666666,-0.3,-0.31104791164398193,-3.821609171580715e-17,0.002753028180450201
4.820833333333333,-0.3,-0.31087443232536316,-3.7643487517295893e-17,0.002752867992967367
4.825,-0.3,-0.31070128083229065,-3.7045925625342686e-17,0.002752706641331315
4.829166666666667,-0.3,-0.310528427362442,-3.647067444887126e-17,0.0027525443583726883
4.833333333333333,-0.3,-0.31035587191581726,-3.5934926109732913e-17,0.0027523806784301996
4.8375,-0.3,-0.31018364429473877,-3.548046977247383e-17,0.0027522158343344927
4.841666666666667,-0.3,-0.31001171469688416,-3.514475024906306e-17,0.002752050058916211
4.845833333333333,-0.3,-0.3098401129245758,-3.49520105488933e-17,0.0027518828865140676
4.85,-0.3,-0.3096688389778137,-3.491282865763789e-17,0.002751714549958706
4.854166666666667,-0.3,-0.3094978928565979,-3.5002888774010214e-17,0.0027515452820807695
4.858333333333333,-0.3,-0.30932724475860596,-3.520424107871787e-17,0.002751374850049615
4.8625,-0.3,-0.3091569244861603,-3.549807879335386e-17,0.002751203253865242
4.866666666666666,-0.3,-0.30898696184158325,-3.586807668134883e-17,0.002751030493527651
4.870833333333334,-0.3,-0.3088172972202301,-3.624793456224543e-17,0.0027508565690368414
4.875,-0.3,-0.3086479902267456,-3.6596065103566947e-17,0.0027506814803928137
4.879166666666666,-0.3,-0.3084790110588074,-3.686707594201892e-17,0.0027505054604262114
4.883333333333333,-0.3,-0.3083103597164154,-3.702778390014817e-17,0.0027503282763063908
4.8875,-0.3,-0.3081420361995697,-3.706608567123183e-17,0.002750149928033352
4.891666666666667,-0.3,-0.30797407031059265,-3.693584442942413e-17,0.0027499706484377384
4.895833333333333,-0.3,-0.30780646204948425,-3.658929214871136e-17,0.0027497902046889067
4.9,-0.3,-0.3076391816139221,-3.600772131236003e-17,0.0027496085967868567
4.904166666666667,-0.3,-0.30747225880622864,-3.5201180510451425e-17,0.002749426057562232
4.908333333333333,-0.3,-0.3073056638240814,-3.416878962281379e-17,0.002749242354184389
4.9125,-0.3,-0.30713942646980286,-3.293333582096174e-17,0.002749057486653328
4.916666666666667,-0.3,-0.30697357654571533,-3.1508427880332996e-17,0.002748871687799692
4.920833333333333,-0.3,-0.3068080544471741,-2.9946462729649114e-17,0.0027486849576234818
4.925,-0.3,-0.30664288997650146,-2.82841374096054e-17,0.002748497063294053
4.929166666666666,-0.3,-0.3064780831336975,-2.6572608078004578e-17,0.002748308004811406
4.933333333333334,-0.3,-0.3063136637210846,-2.4848446044088848e-17,0.0027481180150061846
4.9375,-0.3,-0.30614957213401794,-2.3154333827465944e-17,0.0027479270938783884
4.941666666666666,-0.3,-0.30598586797714233,-2.154084855950981e-17,0.002747735008597374
4.945833333333333,-0.3,-0.30582255125045776,-2.0046968645045167e-17,0.0027475417591631413
4.95,-0.3,-0.30565956234931946,-1.8666515044896245e-17,0.0027473478112369776
4.954166666666667,-0.3,-0.3054969608783722,-1.74190621610785e-17,0.002747152466326952
4.958333333333333,-0.3,-0.30533474683761597,-1.6317874661894832e-17,0.0027469564229249954
4.9625,-0.3,-0.3051729202270508,-1.536366226831081e-17,0.0027467592153698206
4.966666666666667,-0.3,-0.30501145124435425,-1.454241254074979e-17,0.002746561076492071
4.970833333333333,-0.3,-0.30485033988952637,-1.3834511372526907e-17,0.002746362006291747
4.975,-0.3,-0.3046896457672119,-1.322163092280983e-17,0.0027461617719382048
4.979166666666667,-0.3,-0.3045293092727661,-1.2684453215572994e-17,0.002745960606262088
4.983333333333333,-0.3,-0.30436936020851135,-1.2210411722950492e-17,0.0027457585092633963
4.9875,-0.3,-0.30420982837677,-1.1767386194576279e-17,0.00274555548094213
4.991666666666666,-0.3,-0.30405065417289734,-1.132252515242281e-17,0.0027453515212982893
4.995833333333334,-0.3,-0.3038918673992157,-1.0828537026509205e-17,0.0027451463975012302
5.0,-0.3,-0.3037334978580475,-1.0262094496380855e-17,0.0027449403423815966
5.004166666666666,-0.3,-0.3035755157470703,-9.597749350492566e-18,0.0027447333559393883
5.008333333333333,-0.3,-0.3034179210662842,-8.840589576792152e-18,0.0027445254381746054
5.0125,-0.3,-0.3032607138156891,-8.001193988133554e-18,0.002744316589087248
5.016666666666667,-0.3,-0.3031039237976074,-7.059563011666464e-18,0.0027441068086773157
5.020833333333333,-0.3,-0.3029475212097168,-6.030582176104081e-18,0.002743896096944809
5.025,-0.3,-0.3027915358543396,-4.926505748631071e-18,0.002743684221059084
5.029166666666667,-0.3,-0.30263593792915344,-3.761279167194466e-18,0.002743471646681428
5.033333333333333,-0.3,-0.3024807572364807,-2.58239314550762e-18,0.0027432581409811974
5.0375,-0.3,-0.302325963973999,-1.4189050909234486e-18,0.002743043703958392
5.041666666666667,-0.3,-0.30217158794403076,-2.900905864611217e-19,0.0027428283356130123
5.045833333333333,-0.3,-0.3020176291465759,8.089022474610786e-19,0.002742612035945058
5.05,-0.3,-0.3018640875816345,1.8774762381396772e-18,0.002742394572123885
5.054166666666666,-0.3,-0.30171093344688416,2.915695853963665e-18,0.002742176642641425
5.058333333333334,-0.3,-0.3015582263469696,3.932684638595561e-18,0.002741957549005747
5.0625,-0.3,-0.3014059066772461,4.927841645320344e-18,0.002741737524047494
5.066666666666666,-0.3,-0.301254004240036,5.93036055949685e-18,0.00274151680059731
5.070833333333333,-0.3,-0.30110254883766174,6.929703927301764e-18,0.002741294912993908
5.075,-0.3,-0.3009514808654785,7.940382151040493e-18,0.002741072326898575
5.079166666666667,-0.3,-0.3008008599281311,8.971755606524686e-18,0.002740848809480667
5.083333333333333,-0.3,-0.3006506562232971,1.0018216009201233e-17,0.0027406245935708284
5.0875,-0.3,-0.30050086975097656,1.1098345144350526e-17,0.0027403992135077715
5.091666666666667,-0.3,-0.30035150051116943,1.2236426553215285e-17,0.0027401731349527836
5.095833333333333,-0.3,-0.3002025783061981,1.3421849162897678e-17,0.002739946125075221
5.1,-0.3,-0.30005407333374023,1.4675089002280844e-17,0.0027397184167057276
5.104166666666667,-0.3,-0.29990601539611816,1.5981501665800144e-17,0.002739489544183016
5.108333333333333,-0.3,-0.2997583746910095,1.7327519737048482e-17,0.0027392602059990168
5.1125,-0.3,-0.2996111512184143,1.8707716911207512e-17,0.0027390297036617994
5.116666666666666,-0.3,-0.2994643747806549,2.0118261687679887e-17,0.002738798502832651
5.120833333333334,-0.3,-0.2993180453777313,2.1549648106866148e-17,0.0027385663706809282
5.125,-0.3,-0.29917213320732117,2.2983449893441064e-17,0.0027383335400372744
5.129166666666666,-0.3,-0.2990266680717468,2.4419359336216765e-17,0.002738099778071046
5.133333333333333,-0.3,-0.2988816499710083,2.583919996841301e-17,0.0027378650847822428
5.1375,-0.3,-0.2987370491027832,2.7249063148060643e-17,0.0027376296930015087
5.141666666666667,-0.3,-0.2985929250717163,2.8601351248352133e-17,0.0027373936027288437
5.145833333333333,-0.3,-0.29844921827316284,2.9901566674722186e-17,0.002737156581133604
5.15,-0.3,-0.2983059585094452,3.112595941742318e-17,0.00273691862821579
5.154166666666667,-0.3,-0.29816314578056335,3.227082039858842e-17,0.0027366799768060446
5.158333333333333,-0.3,-0.29802075028419495,3.331685645761073e-17,0.0027364403940737247
5.1625,-0.3,-0.29787883162498474,3.4269738744769764e-17,0.0027362003456801176
5.166666666666667,-0.3,-0.29773736000061035,3.509595651908978e-17,0.002735959133133292
5.170833333333333,-0.3,-0.2975963354110718,3.5800466246801193e-17,0.002735717222094536
5.175,-0.3,-0.297455757856369,3.638285764632018e-17,0.0027354746125638485
5.179166666666666,-0.3,-0.2973156273365021,3.686235108636002e-17,0.00273523130454123
5.183333333333334,-0.3,-0.29717597365379333,3.724312879209778e-17,0.0027349870651960373
5.1875,-0.3,-0.297036737203598,3.7528840284396044e-17,0.0027347421273589134
5.191666666666666,-0.3,-0.2968979775905609,3.774934016592308e-17,0.002734496258199215
5.195833333333333,-0.3,-0.2967596650123596,3.7889682937371276e-17,0.0027342496905475855
5.2,-0.3,-0.29662179946899414,3.796255424061475e-17,0.002734002424404025
5.204166666666667,-0.3,-0.29648441076278687,3.801581143717336e-17,0.0027337544597685337
5.208333333333333,-0.3,-0.2963474690914154,3.804391241694301e-17,0.0027335055638104677
5.2125,-0.3,-0.29621097445487976,3.810283745505884e-17,0.0027332562021911144
5.216666666666667,-0.3,-0.2960749566555023,3.82012223171159e-17,0.002733005676418543
5.220833333333333,-0.3,-0.2959394156932831,3.837236598585312e-17,0.002732754684984684
5.225,-0.3,-0.29580432176589966,3.8616569555013474e-17,0.002732502995058894
5.229166666666667,-0.3,-0.29566967487335205,3.8939619980162384e-17,0.0027322503738105297
5.233333333333333,-0.3,-0.29553550481796265,3.931878633806689e-17,0.0027319970540702343
5.2375,-0.3,-0.29540178179740906,3.97455619033075e-17,0.002731743035838008
5.241666666666666,-0.3,-0.29526853561401367,4.019187547461661e-17,0.0027314883191138506
5.245833333333334,-0.3,-0.2951357662677765,4.0620295474914976e-17,0.0027312329038977623
5.25,-0.3,-0.2950034439563751,4.1012445259714115e-17,0.0027309765573590994
5.254166666666666,-0.3,-0.29487162828445435,4.135366057111469e-17,0.002730719745159149
5.258333333333333,-0.3,-0.294740229845047,4.163948455997626e-17,0.002730462234467268
5.2625,-0.3,-0.29460933804512024,4.186045758881368e-17,0.002730203792452812
5.266666666666667,-0.3,-0.2944788932800293,4.200244810404208e-17,0.002729944884777069
5.270833333333333,-0.3,-0.29434892535209656,4.2073946287468715e-17,0.0027296850457787514
5.275,-0.3,-0.294219434261322,4.2093623259880126e-17,0.0027294245082885027
5.279166666666667,-0.3,-0.2940904200077057,4.208008065889141e-17,0.0027291635051369667
5.283333333333333,-0.3,-0.29396185278892517,4.202896089703563e-17,0.002728901570662856
5.2875,-0.3,-0.29383379220962524,4.195855459201757e-17,0.002728639170527458
5.291666666666667,-0.3,-0.29370617866516113,4.187809638819576e-17,0.0027283760719001293
5.295833333333333,-0.3,-0.2935790419578552,4.1811425630823985e-17,0.002728112041950226
5.3,-0.3,-0.2934524118900299,4.176281388058547e-17,0.002727847546339035
5.304166666666666,-0.3,-0.2933262288570404,4.174578388613423e-17,0.0027275823522359133
5.308333333333334,-0.3,-0.2932005226612091,4.175189840522222e-17,0.0027273164596408606
5.3125,-0.3,-0.293075293302536,4.1790392082207987e-17,0.002727049868553877
5.316666666666666,-0.3,-0.2929505705833435,4.185689078601235e-17,0.0027267825789749622
5.320833333333333,-0.3,-0.2928262948989868,4.193345131478781e-17,0.0027265148237347603
5.325,-0.3,-0.29270249605178833,4.200621012146797e-17,0.0027262461371719837
5.329166666666667,-0.3,-0.29257920384407043,4.20659457965841e-17,0.00272597698494792
5.333333333333333,-0.3,-0.29245635867118835,4.209881464540451e-17,0.002725707134231925
5.3375,-0.3,-0.29233402013778687,4.2095002997141864e-17,0.002725436817854643
5.341666666666667,-0.3,-0.2922121584415436,4.204530929466213e-17,0.002725165570154786
5.345833333333333,-0.3,-0.2920907735824585,4.195877958514418e-17,0.002724893856793642
5.35,-0.3,-0.2919698655605316,4.1835473425592127e-17,0.002724621444940567
5.354166666666667,-0.3,-0.29184943437576294,4.166623227226378e-17,0.002724348334595561
5.358333333333333,-0.3,-0.29172950983047485,4.146004592405636e-17,0.0027240747585892677
5.3625,-0.3,-0.2916100323200226,4.121534935525092e-17,0.0027238004840910435
5.366666666666666,-0.3,-0.2914910614490509,4.095101220998103e-17,0.0027235255111008883
5.370833333333334,-0.3,-0.2913725972175598,4.068587766260063e-17,0.002723249839618802
5.375,-0.3,-0.29125458002090454,4.045751956525434e-17,0.0027229737024754286
5.379166666666666,-0.3,-0.29113706946372986,4.026950141202104e-17,0.002722697099670768
5.383333333333333,-0.3,-0.2910200357437134,4.015504939374575e-17,0.002722419798374176
5.3875,-0.3,-0.2909034788608551,4.011897439287109e-17,0.0027221417985856533
5.391666666666667,-0.3,-0.2907874286174774,4.0165409003737365e-17,0.0027218631003051996
5.395833333333333,-0.3,-0.29067185521125793,4.032711950476903e-17,0.0027215839363634586
5.4,-0.3,-0.29055675864219666,4.058647371402891e-17,0.0027213043067604303
5.404166666666667,-0.3,-0.29044216871261597,4.0938958534094904e-17,0.002721023978665471
5.408333333333333,-0.3,-0.2903280556201935,4.1365929313960076e-17,0.002720742952078581
5.4125,-0.3,-0.2902144193649292,4.1844512855326106e-17,0.0027204614598304033
5.416666666666667,-0.3,-0.2901012897491455,4.236072318839595e-17,0.002720179269090295
5.420833333333333,-0.3,-0.28998863697052,4.288222747738613e-17,0.002719896612688899
5.425,-0.3,-0.28987646102905273,4.338559996734915e-17,0.0027196132577955723
5.429166666666666,-0.3,-0.28976479172706604,4.3839298607167135e-17,0.002719329437240958
5.433333333333334,-0.3,-0.28965359926223755,4.422391443094714e-17,0.002719045151025057
5.4375,-0.3,-0.28954291343688965,4.451196849874016e-17,0.0027187601663172245
5.441666666666666,-0.3,-0.28943270444869995,4.468487571654334e-17,0.002718474715948105
5.445833333333333,-0.3,-0.28932300209999084,4.472739610875102e-17,0.0027181885670870543
5.45,-0.3,-0.28921377658843994,4.4649035634962645e-17,0.0027179019525647163
5.454166666666667,-0.3,-0.28910502791404724,4.445863851028764e-17,0.002717614872381091
5.458333333333333,-0.3,-0.28899678587913513,4.418865999324013e-17,0.002717327093705535
5.4625,-0.3,-0.2888890206813812,4.3862985751188204e-17,0.0027170388493686914
5.466666666666667,-0.3,-0.2887817621231079,4.350539557238153e-17,0.002716749906539917
5.470833333333333,-0.3,-0.2886749804019928,4.3115982101048716e-17,0.002716460730880499
5.475,-0.3,-0.2885687053203583,4.268895838162434e-17,0.002716170623898506
5.479166666666667,-0.3,-0.28846290707588196,4.224714136412507e-17,0.00271588028408587
5.483333333333333,-0.3,-0.28835761547088623,4.182804865241385e-17,0.002715589478611946
5.4875,-0.3,-0.2882528007030487,4.144586473963475e-17,0.0027152979746460915
5.491666666666666,-0.3,-0.2881484627723694,4.1123495911310584e-17,0.0027150060050189495
5.495833333333334,-0.3,-0.28804463148117065,4.087466343944238e-17,0.0027147133368998766
5.5,-0.3,-0.2879413068294525,4.069972466605477e-17,0.00271442043595016
5.504166666666666,-0.3,-0.2878384590148926,4.0608757959731086e-17,0.0027141268365085125
5.508333333333333,-0.3,-0.28773608803749084,4.060673963903646e-17,0.0027138327714055777
5.5125,-0.3,-0.2876342236995697,4.067507799252314e-17,0.0027135382406413555
5.516666666666667,-0.3,-0.28753286600112915,4.079911537973669e-17,0.002713243244215846
5.520833333333333,-0.3,-0.2874319553375244,4.0988093062480554e-17,0.0027129475492984056
5.525,-0.3,-0.28733158111572266,4.1214776946267036e-17,0.0027126516215503216
5.529166666666667,-0.3,-0.2872316837310791,4.1474329678873925e-17,0.0027123549953103065
5.533333333333333,-0.3,-0.28713226318359375,4.1756378415419806e-17,0.002712058136239648
5.5375,-0.3,-0.287033349275589,4.2060870216345476e-17,0.0027117605786770582
5.541666666666667,-0.3,-0.28693491220474243,4.2392632507705794e-17,0.0027114625554531813
5.545833333333333,-0.3,-0.28683698177337646,4.276130690672068e-17,0.002711164066568017
5.55,-0.3,-0.2867395281791687,4.3165593085467196e-17,0.0027108651120215654
5.554166666666666,-0.3,-0.28664258122444153,4.359636558742766e-17,0.0027105656918138266
5.558333333333334,-0.3,-0.28654611110687256,4.4053915580177693e-17,0.0027102658059448004
5.5625,-0.3,-0.2864501178264618,4.45391331100564e-17,0.002709965454414487
5.566666666666666,-0.3,-0.2863546311855316,4.503316838526492e-17,0.002709664637222886
5.570833333333333,-0.3,-0.28625965118408203,4.5508578861801197e-17,0.002709363354369998
5.575,-0.3,-0.28616514801979065,4.597454293574212e-17,0.0027090616058558226
5.579166666666667,-0.3,-0.28607112169265747,4.6402248251991237e-17,0.00270875939168036
5.583333333333333,-0.3,-0.2859776020050049,4.679697222285664e-17,0.00270845671184361
5.5875,-0.3,-0.2858845591545105,4.7158642056444427e-17,0.0027081535663455725
5.591666666666667,-0.3,-0.2857920229434967,4.745026954448367e-17,0.002707849955186248
5.595833333333333,-0.3,-0.2856999635696411,4.7680718754418495e-17,0.0027075461111962795
5.6,-0.3,-0.2856083810329437,4.7850896276200255e-17,0.0027072415687143803
5.604166666666667,-0.3,-0.28551730513572693,4.7952457511809515e-17,0.0027069367934018373
5.608333333333333,-0.3,-0.28542670607566833,4.7984588515523525e-17,0.002706631552428007
5.6125,-0.3,-0.28533661365509033,4.79428357469243e-17,0.0027063258457928896
5.616666666666666,-0.3,-0.28524699807167053,4.780432269899107e-17,0.0027060196734964848
5.620833333333334,-0.3,-0.28515785932540894,4.7568245352168435e-17,0.0027057130355387926
5.625,-0.3,-0.28506922721862793,4.7257685354269076e-17,0.002705406164750457
5.629166666666666,-0.3,-0.2849810719490051,4.6874108469338436e-17,0.0027050988283008337
5.633333333333333,-0.3,-0.2848933935165405,4.640312175471809e-17,0.0027047910261899233
5.6375,-0.3,-0.2848062217235565,4.585037981707546e-17,0.0027044827584177256
5.641666666666667,-0.3,-0.2847195267677307,4.5224819515748556e-17,0.0027041740249842405
5.645833333333333,-0.3,-0.2846333086490631,4.452678495787221e-17,0.002703865058720112
5.65,-0.3,-0.2845475971698761,4.3785012397926505e-17,0.002703555626794696
5.654166666666667,-0.3,-0.2844623625278473,4.29667951144911e-17,0.0027032457292079926
5.658333333333333,-0.3,-0.2843776047229767,4.207169635620257e-17,0.0027029355987906456
5.6625,-0.3,-0.28429335355758667,4.111436052862555e-17,0.0027026250027120113
5.666666666666667,-0.3,-0.28420954942703247,4.009746438822226e-17,0.0027023139409720898
5.670833333333333,-0.3,-0.28412625193595886,3.906794216294896e-17,0.0027020026464015245
5.675,-0.3,-0.28404343128204346,3.8039422480578075e-17,0.002701690886169672
5.679166666666666,-0.3,-0.28396111726760864,3.7035314552444855e-17,0.002701378660276532
5.683333333333334,-0.3,-0.28387925028800964,3.6082994748102355e-17,0.0027010662015527487
5.6875,-0.3,-0.28379788994789124,3.519801737178902e-17,0.002700753277167678
5.691666666666666,-0.3,-0.28371700644493103,3.4393938259383376e-17,0.0027004401199519634
5.695833333333333,-0.3,-0.28363659977912903,3.366235987330678e-17,0.0027001264970749617
5.7,-0.3,-0.28355666995048523,3.2990404665783e-17,0.0026998124085366726
5.704166666666667,-0.3,-0.283477246761322,3.2339516094099724e-17,0.00269949808716774
5.708333333333333,-0.3,-0.28339827060699463,3.169972497751446e-17,0.00269918330013752
5.7125,-0.3,-0.2833198010921478,3.1043238047445424e-17,0.002698868280276656
5.716666666666667,-0.3,-0.28324177861213684,3.0356575568630455e-17,0.002698552794754505
5.720833333333333,-0.3,-0.28316426277160645,2.961585187370147e-17,0.0026982370764017105
5.725,-0.3,-0.28308722376823425,2.882172539842606e-17,0.002697921125218272
5.729166666666667,-0.3,-0.28301066160202026,2.795461181462142e-17,0.0026976047083735466
5.733333333333333,-0.3,-0.2829345762729645,2.7031374026255062e-17,0.0026972878258675337
5.7375,-0.3,-0.2828589379787445,2.6070747674201305e-17,0.002696970710530877
5.741666666666666,-0.3,-0.2827838063240051,2.5091092859336378e-17,0.0026966531295329332
5.745833333333334,-0.3,-0.28270915150642395,2.410190892381484e-17,0.0026963355485349894
5.75,-0.3,-0.282634973526001,2.3158602079426718e-17,0.0026960172690451145
5.754166666666666,-0.3,-0.2825612425804138,2.228900695378442e-17,0.0026956989895552397
5.758333333333333,-0.3,-0.28248801827430725,2.1506995365760464e-17,0.0026953802444040775
5.7625,-0.3,-0.2824152410030365,2.0830882748477996e-17,0.002695061033591628
5.766666666666667,-0.3,-0.28234294056892395,2.0266555319175943e-17,0.0026947418227791786
5.770833333333333,-0.3,-0.282271146774292,1.982667555867127e-17,0.002694421913474798
5.775,-0.3,-0.28219980001449585,1.9512474311715452e-17,0.002694102004170418
5.779166666666667,-0.3,-0.2821289002895355,1.9311325493438482e-17,0.00269378162920475
5.783333333333333,-0.3,-0.2820585072040558,1.9221516839972375e-17,0.0026934610214084387
5.7875,-0.3,-0.28198856115341187,1.9234574713122137e-17,0.0026931401807814837
5.791666666666667,-0.3,-0.28191909193992615,1.9341745887645732e-17,0.0026928188744932413
5.795833333333333,-0.3,-0.28185009956359863,1.9519897430532503e-17,0.002692497568204999
5.8,-0.3,-0.2817815840244293,1.9746622673349612e-17,0.0026921757962554693
5.804166666666666,-0.3,-0.2817135155200958,1.9981403000971763e-17,0.0026918535586446524
5.808333333333334,-0.3,-0.28164592385292053,2.0199260867622304e-17,0.0026915313210338354
5.8125,-0.3,-0.28157877922058105,2.038208598097e-17,0.002691208617761731
5.816666666666666,-0.3,-0.28151214122772217,2.0502032132873864e-17,0.0026908856816589832
5.820833333333333,-0.3,-0.2814459204673767,2.0561994455477833e-17,0.0026905625127255917
5.825,-0.3,-0.28138020634651184,2.0557132287837246e-17,0.0026902391109615564
5.829166666666667,-0.3,-0.2813149094581604,2.0483111203542326e-17,0.002689915243536234
5.833333333333333,-0.3,-0.28125011920928955,2.034006355149108e-17,0.0026895913761109114
5.8375,-0.3,-0.2811857759952545,2.012812498930397e-17,0.0026892670430243015
5.841666666666667,-0.3,-0.2811218798160553,1.9855984222135248e-17,0.002688942477107048
5.845833333333333,-0.3,-0.2810584604740143,1.9536599861461174e-17,0.002688617678359151
5.85,-0.3,-0.2809954881668091,1.917091985626373e-17,0.00268829264678061
5.854166666666667,-0.3,-0.2809329926967621,1.877272338118683e-17,0.0026879673823714256
5.858333333333333,-0.3,-0.2808709442615509,1.8364319497351023e-17,0.0026876418851315975
5.8625,-0.3,-0.2808093726634979,1.7947289774087513e-17,0.0026873161550611258
5.866666666666666,-0.3,-0.28074824810028076,1.7529515588272706e-17,0.0026869901921600103
5.870833333333334,-0.3,-0.2806875705718994,1.7117008888598637e-17,0.0026866639964282513
5.875,-0.3,-0.2806273400783539,1.6717619619078434e-17,0.002686337335035205
5.879166666666666,-0.3,-0.28056758642196655,1.6340744551470698e-17,0.0026860106736421585
5.883333333333333,-0.3,-0.28050827980041504,1.599679623532625e-17,0.0026856837794184685
5.8875,-0.3,-0.28044942021369934,1.5693560094570435e-17,0.002685356652364135
5.891666666666667,-0.3,-0.28039100766181946,1.5432539943556877e-17,0.002685029059648514
5.895833333333333,-0.3,-0.2803330719470978,1.5217749262617682e-17,0.002684701466932893
5.9,-0.3,-0.2802755534648895,1.505336696820747e-17,0.002684373641386628
5.904166666666667,-0.3,-0.2802185118198395,1.49403525898368e-17,0.00268404558300972
5.908333333333333,-0.3,-0.28016191720962524,1.488304055391545e-17,0.002683717291802168
5.9125,-0.3,-0.28010573983192444,1.4881318363880115e-17,0.0026833887677639723
5.916666666666667,-0.3,-0.28005003929138184,1.4944298241358677e-17,0.0026830602437257767
5.920833333333333,-0.3,-0.27999478578567505,1.5077514024649117e-17,0.0026827312540262938
5.925,-0.3,-0.2799399793148041,1.52574125729896e-17,0.002682402264326811
5.929166666666666,-0.3,-0.2798856198787689,1.545320291525845e-17,0.0026820728089660406
5.933333333333334,-0.3,-0.2798316776752472,1.5636267910983787e-17,0.0026817433536052704
5.9375,-0.3,-0.27977821230888367,1.5779821797569915e-17,0.0026814136654138565
5.941666666666666,-0.3,-0.27972516417503357,1.5864927102073045e-17,0.0026810839772224426
5.945833333333333,-0.3,-0.2796725630760193,1.5841322676113232e-17,0.0026807538233697414
5.95,-0.3,-0.2796204090118408,1.5689328238556613e-17,0.0026804236695170403
5.954166666666667,-0.3,-0.27956870198249817,1.5381019826284624e-17,0.0026800932828336954
5.958333333333333,-0.3,-0.27951744198799133,1.4906790563663073e-17,0.002679762663319707
5.9625,-0.3,-0.2794665992259979,1.427532419276254e-17,0.0026794318109750748
5.966666666666667,-0.3,-0.27941620349884033,1.3528595166586421e-17,0.0026791009586304426
5.970833333333333,-0.3,-0.27936622500419617,1.2683889905575845e-17,0.002678769873455167
5.975,-0.3,-0.2793166935443878,1.1778685481743753e-17,0.0026784385554492474
5.979166666666667,-0.3,-0.2792676091194153,1.08263160465645e-17,0.0026781070046126842
5.983333333333333,-0.3,-0.2792189419269562,9.878338940437903e-18,0.002677775453776121
5.9875,-0.3,-0.2791707217693329,8.990597126517418e-18,0.0026774436701089144
5.991666666666666,-0.3,-0.279122918844223,8.195091741160884e-18,0.0026771118864417076
5.995833333333334,-0.3,-0.279075562953949,7.528529751230953e-18,0.002676779869943857
6.0,-0.3,-0.27902862429618835,7.006322358720101e-18,0.002676447620615363
6.004166666666666,-0.3,-0.27898213267326355,6.628373610677272e-18,0.0026761151384562254
6.008333333333333,-0.3,-0.2789360582828522,6.391931890794808e-18,0.0026757826562970877
6.0125,-0.3,-0.2788904011249542,6.278580849914829e-18,0.00267545017413795
6.016666666666667,-0.3,-0.2788451611995697,6.274861018700178e-18,0.002675117226317525
6.020833333333333,-0.3,-0.278800368309021,6.344668031364447e-18,0.0026747845113277435
6.025,-0.3,-0.2787559926509857,6.444825541474205e-18,0.002674451330676675
6.029166666666667,-0.3,-0.27871206402778625,6.543103697232243e-18,0.002674118150025606
6.033333333333333,-0.3,-0.27866852283477783,6.5928329684783186e-18,0.0026737849693745375
6.0375,-0.3,-0.27862539887428284,6.55666532337505e-18,0.002673451555892825
6.041666666666667,-0.3,-0.27858272194862366,6.43409949047123e-18,0.002673117909580469
6.045833333333333,-0.3,-0.2785404622554779,6.170792185063963e-18,0.002672784263268113
6.05,-0.3,-0.2784986197948456,5.7465602002069545e-18,0.002672450616955757
6.054166666666666,-0.3,-0.2784571647644043,5.1698287840293635e-18,0.0026721167378127575
6.058333333333334,-0.3,-0.27841615676879883,4.45348168816201e-18,0.002671782858669758
6.0625,-0.3,-0.2783755660057068,3.623526711834479e-18,0.0026714487466961145
6.066666666666666,-0.3,-0.2783353626728058,2.7362667306208063e-18,0.0026711144018918276
6.070833333333333,-0.3,-0.2782956063747406,1.8160603524042994e-18,0.0026707800570875406
6.075,-0.3,-0.27825623750686646,8.71070195469632e-19,0.0026704457122832537
6.079166666666667,-0.3,-0.27821728587150574,-3.3779522976039707e-20,0.0026701113674789667
6.083333333333333,-0.3,-0.27817875146865845,-8.753935583387169e-19,0.002669776789844036
6.0875,-0.3,-0.2781406342983246,-1.6022974433762021e-18,0.002669441979378462
6.091666666666667,-0.3,-0.27810290455818176,-2.213126691969301e-18,0.0026691074017435312
6.095833333333333,-0.3,-0.27806559205055237,-2.7025605682253424e-18,0.0026687723584473133
6.1,-0.3,-0.278028666973114,-3.0734538792334003e-18,0.002668437547981739
6.104166666666667,-0.3,-0.2779921591281891,-3.3572268737661483e-18,0.002668102504685521
6.108333333333333,-0.3,-0.2779560685157776,-3.581987355833291e-18,0.002667767461389303
6.1125,-0.3,-0.27792036533355713,-3.775422714898204e-18,0.0026674324180930853
6.116666666666666,-0.3,-0.2778850793838501,-3.977050884340149e-18,0.0026670971419662237
6.120833333333334,-0.3,-0.2778501808643341,-4.1815977605734865e-18,0.002666761865839362
6.125,-0.3,-0.27781566977500916,-4.403118796566719e-18,0.0026664265897125006
6.129166666666666,-0.3,-0.27778157591819763,-4.673958408631894e-18,0.0026660910807549953
6.133333333333333,-0.3,-0.27774786949157715,-5.008019434914497e-18,0.00266575557179749
6.1375,-0.3,-0.2777145802974701,-5.409088708258795e-18,0.002665420062839985
6.141666666666667,-0.3,-0.2776816785335541,-5.886857890311767e-18,0.0026650845538824797
6.145833333333333,-0.3,-0.2776491641998291,-6.4460191630981194e-18,0.0026647490449249744
6.15,-0.3,-0.27761703729629517,-7.118716351631356e-18,0.0026644133031368256
6.154166666666667,-0.3,-0.27758529782295227,-7.895744176464681e-18,0.0026640775613486767
6.158333333333333,-0.3,-0.2775539755821228,-8.778144885169911e-18,0.002663741819560528
6.1625,-0.3,-0.277523010969162,-9.728742499477076e-18,0.0026634058449417353
6.166666666666667,-0.3,-0.2774924635887146,-1.0733926589587227e-17,0.0026630701031535864
6.170833333333333,-0.3,-0.27746227383613586,-1.1774407303615629e-17,0.0026627343613654375
6.175,-0.3,-0.27743250131607056,-1.2846013996913788e-17,0.002662398386746645
6.179166666666666,-0.3,-0.2774030864238739,-1.3934992310256174e-17,0.0026620624121278524
6.183333333333334,-0.3,-0.2773740887641907,-1.501788588301262e-17,0.00266172643750906
6.1875,-0.3,-0.2773454487323761,-1.6080652497104425e-17,0.0026613904628902674
6.191666666666666,-0.3,-0.27731719613075256,-1.7100870594847727e-17,0.002661054488271475
6.195833333333333,-0.3,-0.27728933095932007,-1.805044415955655e-17,0.0026607185136526823
6.2,-0.3,-0.2772618234157562,-1.8911286059956812e-17,0.002660382306203246
6.204166666666667,-0.3,-0.2772347033023834,-1.9674128564465465e-17,0.0026600463315844536
6.208333333333333,-0.3,-0.27720797061920166,-2.030667192452354e-17,0.002659710356965661
6.2125,-0.3,-0.27718162536621094,-2.0799292720884595e-17,0.002659374149516225
6.216666666666667,-0.3,-0.27715563774108887,-2.1160987369890757e-17,0.0026590381748974323
6.220833333333333,-0.3,-0.27713000774383545,-2.1425304662825952e-17,0.002658701967447996
6.225,-0.3,-0.27710476517677307,-2.159631432830394e-17,0.0026583659928292036
6.229166666666667,-0.3,-0.27707991003990173,-2.1678893423216334e-17,0.0026580297853797674
6.233333333333333,-0.3,-0.27705541253089905,-2.1676674924813466e-17,0.002657693810760975
6.2375,-0.3,-0.277031272649765,-2.1624734599790037e-17,0.0026573576033115387
6.241666666666666,-0.3,-0.277007520198822,-2.1540992488936393e-17,0.002657021628692746
6.245833333333334,-0.3,-0.2769841253757477,-2.1443193270753024e-17,0.0026566856540739536
6.25,-0.3,-0.276961088180542,-2.1365226534936225e-17,0.002656349679455161
6.254166666666666,-0.3,-0.27693843841552734,-2.1307237865273808e-17,0.002656013472005725
6.258333333333333,-0.3,-0.27691611647605896,-2.1274114244824735e-17,0.0026556774973869324
6.2625,-0.3,-0.2768941819667816,-2.1270506082992778e-17,0.00265534152276814
6.266666666666667,-0.3,-0.2768726050853729,-2.1301560097549244e-17,0.0026550055481493473
6.270833333333333,-0.3,-0.2768513858318329,-2.1353091795350073e-17,0.0026546698063611984
6.275,-0.3,-0.2768305242061615,-2.1414963250807814e-17,0.002654333831742406
6.279166666666667,-0.3,-0.27681002020835876,-2.14853513578524e-17,0.0026539978571236134
6.283333333333333,-0.3,-0.2767898738384247,-2.1573379918640294e-17,0.0026536621153354645
6.2875,-0.3,-0.27677008509635925,-2.1661262895640378e-17,0.0026533263735473156
6.291666666666667,-0.3,-0.2767506539821625,-2.1780194924113253e-17,0.0026529906317591667
6.295833333333333,-0.3,-0.27673158049583435,-2.1925085534569266e-17,0.002652654889971018
6.3,-0.3,-0.2767128348350525,-2.2086489978774288e-17,0.002652319148182869
6.304166666666666,-0.3,-0.2766944468021393,-2.2228679017349703e-17,0.0026519836392253637
6.308333333333334,-0.3,-0.2766764163970947,-2.234701547578154e-17,0.0026516481302678585
6.3125,-0.3,-0.27665871381759644,-2.242641157969683e-17,0.0026513126213103533
6.316666666666666,-0.3,-0.2766413688659668,-2.244776938311295e-17,0.002650977112352848
6.320833333333333,-0.3,-0.2766243815422058,-2.2417072710581106e-17,0.0026506418362259865
6.325,-0.3,-0.2766077220439911,-2.2333573790827553e-17,0.0026503063272684813
6.329166666666667,-0.3,-0.276591420173645,-2.2212226394966024e-17,0.0026499710511416197
6.333333333333333,-0.3,-0.2765754461288452,-2.2074391635135088e-17,0.0026496360078454018
6.3375,-0.3,-0.27655982971191406,-2.1916936151174394e-17,0.00264930073171854
6.341666666666667,-0.3,-0.2765445411205292,-2.1780869903493096e-17,0.0026489656884223223
6.345833333333333,-0.3,-0.27652958035469055,-2.167150504598501e-17,0.0026486306451261044
6.35,-0.3,-0.2765149772167206,-2.1602129408010187e-17,0.00264829583466053
6.354166666666667,-0.3,-0.2765006721019745,-2.1602586011708317e-17,0.002647960791364312
6.358333333333333,-0.3,-0.27648672461509705,-2.1658481914420975e-17,0.0026476262137293816
6.3625,-0.3,-0.27647313475608826,-2.1797033012662382e-17,0.0026472914032638073
6.366666666666666,-0.3,-0.27645984292030334,-2.2022932729228164e-17,0.0026469568256288767
6.370833333333334,-0.3,-0.2764468789100647,-2.2340472477136245e-17,0.002646622247993946
6.375,-0.3,-0.2764342725276947,-2.276041056743349e-17,0.002646287903189659
6.379166666666666,-0.3,-0.2764219641685486,-2.3281160467705024e-17,0.002645953558385372
6.383333333333333,-0.3,-0.2764100134372711,-2.3895710995078846e-17,0.002645619213581085
6.3875,-0.3,-0.27639836072921753,-2.4594212082820674e-17,0.002645285101607442
6.391666666666667,-0.3,-0.2763870358467102,-2.5390098798439596e-17,0.0026449509896337986
6.395833333333333,-0.3,-0.27637603878974915,-2.6277683448043696e-17,0.002644617110490799
6.4,-0.3,-0.27636536955833435,-2.7239904604318456e-17,0.0026442832313477993
6.404166666666667,-0.3,-0.2763550281524658,-2.825388245152066e-17,0.0026439495850354433
6.408333333333333,-0.3,-0.27634498476982117,-2.9300543859086056e-17,0.0026436157058924437
6.4125,-0.3,-0.2763352692127228,-3.034810854788036e-17,0.0026432822924107313
6.416666666666667,-0.3,-0.27632585167884827,-3.1359111853599824e-17,0.002642948878929019
6.420833333333333,-0.3,-0.2763167917728424,-3.23196472157862e-17,0.0026426154654473066
6.425,-0.3,-0.27630800008773804,-3.321048433955886e-17,0.002642282284796238
6.429166666666666,-0.3,-0.27629953622817993,-3.4012684097612785e-17,0.002641949336975813
6.433333333333334,-0.3,-0.2762914001941681,-3.469333131901327e-17,0.002641616389155388
6.4375,-0.3,-0.2762835621833801,-3.5261045225743113e-17,0.002641283441334963
6.441666666666666,-0.3,-0.27627602219581604,-3.572429283855241e-17,0.0026409507263451815
6.445833333333333,-0.3,-0.2762688100337982,-3.61055271479883e-17,0.0026406182441860437
6.45,-0.3,-0.2762618958950043,-3.64190352175908e-17,0.002640285762026906
6.454166666666667,-0.3,-0.2762552797794342,-3.668781266838888e-17,0.0026399532798677683
6.458333333333333,-0.3,-0.2762489914894104,-3.6925332618199805e-17,0.002639621263369918
6.4624999999999995,-0.3,-0.2762430012226105,-3.7152486340574217e-17,0.0026392892468720675
6.466666666666667,-0.3,-0.27623727917671204,-3.736406259765303e-17,0.002638957230374217
6.470833333333333,-0.3,-0.27623188495635986,-3.7573789278882175e-17,0.0026386254467070103
6.475,-0.3,-0.27622678875923157,-3.7801115054824e-17,0.002638293895870447
6.479166666666667,-0.3,-0.27622199058532715,-3.8063460349178866e-17,0.002637962345033884
6.483333333333333,-0.3,-0.2762174606323242,-3.839371055437944e-17,0.0026376310270279646
6.4875,-0.3,-0.27621325850486755,-3.8801725663327344e-17,0.002637299709022045
6.491666666666666,-0.3,-0.2762093245983124,-3.929285257150213e-17,0.0026369686238467693
6.495833333333334,-0.3,-0.27620571851730347,-3.985708570221435e-17,0.002636637771502137
